7.520000000000000000e+02 1.693000000000000114e+02
4.800000000000000000e+02 1.722500000000000000e+02
4.960000000000000000e+02 1.795999999999999943e+02
7.280000000000000000e+02 2.013000000000000114e+02
5.120000000000000000e+02 2.237500000000000000e+02
6.800000000000000000e+02 2.827500000000000000e+02
6.560000000000000000e+02 3.771500000000000341e+02
7.200000000000000000e+02 4.911000000000000227e+02
6.880000000000000000e+02 4.955500000000000114e+02
5.120000000000000000e+02 6.052500000000000000e+02
6.000000000000000000e+02 6.776000000000000227e+02
6.080000000000000000e+02 6.807000000000000455e+02
4.240000000000000000e+02 6.834500000000000455e+02
4.880000000000000000e+02 7.932000000000000455e+02
6.880000000000000000e+02 8.073500000000000227e+02
5.840000000000000000e+02 8.359500000000000455e+02
6.960000000000000000e+02 8.756499999999999773e+02
4.640000000000000000e+02 9.360000000000000000e+02
8.000000000000000000e+02 9.366000000000000227e+02
5.200000000000000000e+02 9.897500000000000000e+02
4.160000000000000000e+02 1.050450000000000045e+03
7.440000000000000000e+02 1.062799999999999955e+03
6.240000000000000000e+02 1.096049999999999955e+03
4.720000000000000000e+02 1.192650000000000091e+03
4.960000000000000000e+02 1.220650000000000091e+03
6.000000000000000000e+02 1.221200000000000045e+03
7.360000000000000000e+02 1.311700000000000045e+03
7.760000000000000000e+02 1.409250000000000000e+03
5.440000000000000000e+02 1.410000000000000000e+03
5.200000000000000000e+02 1.415600000000000136e+03
7.440000000000000000e+02 1.584650000000000091e+03
4.160000000000000000e+02 1.618549999999999955e+03
6.480000000000000000e+02 1.620049999999999955e+03
7.440000000000000000e+02 1.822549999999999955e+03
6.320000000000000000e+02 1.862750000000000000e+03
6.160000000000000000e+02 1.977000000000000000e+03
4.960000000000000000e+02 2.006200000000000045e+03
6.320000000000000000e+02 2.011400000000000091e+03
6.240000000000000000e+02 2.018600000000000136e+03
5.920000000000000000e+02 2.033700000000000045e+03
5.360000000000000000e+02 2.109400000000000091e+03
7.840000000000000000e+02 2.134900000000000091e+03
7.680000000000000000e+02 2.151500000000000000e+03
4.560000000000000000e+02 2.176300000000000182e+03
7.600000000000000000e+02 2.208200000000000273e+03
4.480000000000000000e+02 2.282250000000000000e+03
6.720000000000000000e+02 2.283250000000000000e+03
4.720000000000000000e+02 2.306650000000000091e+03
5.920000000000000000e+02 2.314300000000000182e+03
6.720000000000000000e+02 2.319800000000000182e+03
6.240000000000000000e+02 2.321150000000000091e+03
5.840000000000000000e+02 2.336599999999999909e+03
5.680000000000000000e+02 2.358099999999999909e+03
7.040000000000000000e+02 2.371099999999999909e+03
5.120000000000000000e+02 2.372400000000000091e+03
5.520000000000000000e+02 2.406349999999999909e+03
7.120000000000000000e+02 2.424550000000000182e+03
6.880000000000000000e+02 2.512050000000000182e+03
7.280000000000000000e+02 2.590599999999999909e+03
6.080000000000000000e+02 2.595550000000000182e+03
5.840000000000000000e+02 2.616550000000000182e+03
5.600000000000000000e+02 2.625800000000000182e+03
6.320000000000000000e+02 2.630099999999999909e+03
6.880000000000000000e+02 2.632500000000000000e+03
4.080000000000000000e+02 2.635849999999999909e+03
7.600000000000000000e+02 2.712650000000000091e+03
5.440000000000000000e+02 2.736200000000000273e+03
6.880000000000000000e+02 2.737750000000000000e+03
6.560000000000000000e+02 2.749099999999999909e+03
7.200000000000000000e+02 2.749349999999999909e+03
6.640000000000000000e+02 2.771700000000000273e+03
7.280000000000000000e+02 2.797950000000000273e+03
5.600000000000000000e+02 2.801050000000000182e+03
5.760000000000000000e+02 2.848900000000000091e+03
6.000000000000000000e+02 2.874900000000000091e+03
5.120000000000000000e+02 2.970849999999999909e+03
7.040000000000000000e+02 2.994200000000000273e+03
6.640000000000000000e+02 3.054849999999999909e+03
7.520000000000000000e+02 3.063150000000000091e+03
4.320000000000000000e+02 3.089750000000000000e+03
4.960000000000000000e+02 3.132349999999999909e+03
5.920000000000000000e+02 3.201599999999999909e+03
7.760000000000000000e+02 3.207349999999999909e+03
6.640000000000000000e+02 3.217750000000000000e+03
5.600000000000000000e+02 3.260550000000000182e+03
6.560000000000000000e+02 3.295750000000000000e+03
7.600000000000000000e+02 3.358000000000000000e+03
7.760000000000000000e+02 3.387200000000000273e+03
4.880000000000000000e+02 3.421849999999999909e+03
5.680000000000000000e+02 3.427849999999999909e+03
5.840000000000000000e+02 3.438099999999999909e+03
6.240000000000000000e+02 3.463099999999999909e+03
7.360000000000000000e+02 3.477300000000000182e+03
6.000000000000000000e+02 3.483450000000000273e+03
5.840000000000000000e+02 3.526349999999999909e+03
5.040000000000000000e+02 3.543200000000000273e+03
6.240000000000000000e+02 3.593750000000000000e+03
6.000000000000000000e+02 3.604400000000000091e+03
4.800000000000000000e+02 3.649550000000000182e+03
7.600000000000000000e+02 3.675849999999999909e+03
4.320000000000000000e+02 3.747599999999999909e+03
6.160000000000000000e+02 3.782050000000000182e+03
6.000000000000000000e+02 3.785849999999999909e+03
5.280000000000000000e+02 3.816700000000000273e+03
4.480000000000000000e+02 3.843750000000000000e+03
6.160000000000000000e+02 3.938900000000000091e+03
7.920000000000000000e+02 3.943200000000000273e+03
7.520000000000000000e+02 3.955200000000000273e+03
6.880000000000000000e+02 3.978000000000000000e+03
7.840000000000000000e+02 4.090000000000000000e+03
7.040000000000000000e+02 4.192100000000000364e+03
6.320000000000000000e+02 4.210399999999999636e+03
8.000000000000000000e+02 4.212600000000000364e+03
6.800000000000000000e+02 4.300899999999999636e+03
4.800000000000000000e+02 4.303899999999999636e+03
5.200000000000000000e+02 4.305250000000000000e+03
4.480000000000000000e+02 4.309750000000000000e+03
7.760000000000000000e+02 4.362699999999999818e+03
7.200000000000000000e+02 4.409449999999999818e+03
6.320000000000000000e+02 4.410550000000000182e+03
6.880000000000000000e+02 4.451699999999999818e+03
8.000000000000000000e+02 4.534050000000000182e+03
5.680000000000000000e+02 4.534850000000000364e+03
6.640000000000000000e+02 4.542150000000000546e+03
5.920000000000000000e+02 4.577550000000000182e+03
6.880000000000000000e+02 4.631350000000000364e+03
6.320000000000000000e+02 4.696500000000000000e+03
7.120000000000000000e+02 4.707300000000000182e+03
6.960000000000000000e+02 4.743650000000000546e+03
4.560000000000000000e+02 4.763550000000000182e+03
7.680000000000000000e+02 4.766949999999999818e+03
5.440000000000000000e+02 4.777850000000000364e+03
5.760000000000000000e+02 4.780000000000000000e+03
4.160000000000000000e+02 4.808050000000000182e+03
7.360000000000000000e+02 4.814449999999999818e+03
6.080000000000000000e+02 4.824250000000000000e+03
4.400000000000000000e+02 4.920250000000000000e+03
4.720000000000000000e+02 4.967500000000000000e+03
4.400000000000000000e+02 4.978199999999999818e+03
7.360000000000000000e+02 4.978500000000000000e+03
4.800000000000000000e+02 4.999199999999999818e+03
5.920000000000000000e+02 5.051550000000000182e+03
7.360000000000000000e+02 5.053800000000000182e+03
7.200000000000000000e+02 5.061050000000000182e+03
6.560000000000000000e+02 5.108400000000000546e+03
6.320000000000000000e+02 5.111900000000000546e+03
7.760000000000000000e+02 5.144100000000000364e+03
6.800000000000000000e+02 5.158949999999999818e+03
7.280000000000000000e+02 5.174600000000000364e+03
4.160000000000000000e+02 5.184650000000000546e+03
4.960000000000000000e+02 5.209100000000000364e+03
6.720000000000000000e+02 5.249650000000000546e+03
6.960000000000000000e+02 5.265250000000000000e+03
6.080000000000000000e+02 5.285900000000000546e+03
6.160000000000000000e+02 5.351000000000000000e+03
6.800000000000000000e+02 5.369600000000000364e+03
4.960000000000000000e+02 5.421449999999999818e+03
5.360000000000000000e+02 5.434550000000000182e+03
4.240000000000000000e+02 5.462550000000000182e+03
7.520000000000000000e+02 5.515400000000000546e+03
8.000000000000000000e+02 5.541250000000000000e+03
6.880000000000000000e+02 5.586800000000000182e+03
5.360000000000000000e+02 5.594300000000000182e+03
4.080000000000000000e+02 5.604650000000000546e+03
5.360000000000000000e+02 5.681750000000000000e+03
7.760000000000000000e+02 5.689600000000000364e+03
4.240000000000000000e+02 5.707350000000000364e+03
7.040000000000000000e+02 5.716750000000000000e+03
7.200000000000000000e+02 5.748550000000000182e+03
5.360000000000000000e+02 5.751800000000000182e+03
4.160000000000000000e+02 5.762800000000000182e+03
5.920000000000000000e+02 5.772650000000000546e+03
4.400000000000000000e+02 5.827850000000000364e+03
6.240000000000000000e+02 5.830449999999999818e+03
7.520000000000000000e+02 5.838350000000000364e+03
7.520000000000000000e+02 5.932400000000000546e+03
4.160000000000000000e+02 5.952900000000000546e+03
7.760000000000000000e+02 5.959050000000000182e+03
6.320000000000000000e+02 5.959250000000000000e+03
5.360000000000000000e+02 5.967800000000000182e+03
5.520000000000000000e+02 6.008550000000000182e+03
6.800000000000000000e+02 6.098400000000000546e+03
5.920000000000000000e+02 6.121150000000000546e+03
5.120000000000000000e+02 6.130300000000000182e+03
4.240000000000000000e+02 6.140449999999999818e+03
4.560000000000000000e+02 6.146750000000000000e+03
6.800000000000000000e+02 6.151750000000000000e+03
7.040000000000000000e+02 6.151949999999999818e+03
6.400000000000000000e+02 6.168850000000000364e+03
6.640000000000000000e+02 6.311199999999999818e+03
6.240000000000000000e+02 6.358300000000000182e+03
4.800000000000000000e+02 6.445800000000000182e+03
4.560000000000000000e+02 6.469699999999999818e+03
5.920000000000000000e+02 6.490800000000000182e+03
4.160000000000000000e+02 6.525500000000000000e+03
7.040000000000000000e+02 6.540850000000000364e+03
5.120000000000000000e+02 6.541050000000000182e+03
5.440000000000000000e+02 6.565300000000000182e+03
6.640000000000000000e+02 6.607550000000000182e+03
5.120000000000000000e+02 6.635949999999999818e+03
6.240000000000000000e+02 6.637500000000000000e+03
4.320000000000000000e+02 6.697900000000000546e+03
4.880000000000000000e+02 6.730500000000000000e+03
5.600000000000000000e+02 6.730800000000000182e+03
5.440000000000000000e+02 6.799150000000000546e+03
6.320000000000000000e+02 6.818900000000000546e+03
7.840000000000000000e+02 6.859550000000000182e+03
6.640000000000000000e+02 6.952850000000000364e+03
6.960000000000000000e+02 6.986100000000000364e+03
6.000000000000000000e+02 6.990449999999999818e+03
5.120000000000000000e+02 7.028600000000000364e+03
5.760000000000000000e+02 7.041449999999999818e+03
7.840000000000000000e+02 7.046949999999999818e+03
7.200000000000000000e+02 7.064949999999999818e+03
7.680000000000000000e+02 7.070500000000000000e+03
4.240000000000000000e+02 7.076900000000000546e+03
5.040000000000000000e+02 7.113150000000000546e+03
5.760000000000000000e+02 7.124250000000000000e+03
6.720000000000000000e+02 7.154400000000000546e+03
5.440000000000000000e+02 7.170949999999999818e+03
5.760000000000000000e+02 7.232500000000000000e+03
4.160000000000000000e+02 7.241250000000000000e+03
6.160000000000000000e+02 7.252300000000000182e+03
7.840000000000000000e+02 7.265400000000000546e+03
6.240000000000000000e+02 7.339300000000000182e+03
5.280000000000000000e+02 7.381750000000000000e+03
5.200000000000000000e+02 7.404150000000000546e+03
6.480000000000000000e+02 7.435400000000000546e+03
7.120000000000000000e+02 7.463550000000000182e+03
7.760000000000000000e+02 7.502350000000000364e+03
7.520000000000000000e+02 7.510350000000000364e+03
6.320000000000000000e+02 7.521699999999999818e+03
5.280000000000000000e+02 7.531050000000000182e+03
7.520000000000000000e+02 7.545300000000000182e+03
7.680000000000000000e+02 7.545650000000000546e+03
7.920000000000000000e+02 7.547699999999999818e+03
6.400000000000000000e+02 7.580699999999999818e+03
5.040000000000000000e+02 7.592850000000000364e+03
5.680000000000000000e+02 7.603400000000000546e+03
6.320000000000000000e+02 7.660650000000000546e+03
5.920000000000000000e+02 7.675000000000000000e+03
5.280000000000000000e+02 7.703500000000000000e+03
5.760000000000000000e+02 7.734750000000000000e+03
5.120000000000000000e+02 7.763600000000000364e+03
6.640000000000000000e+02 7.771750000000000000e+03
7.360000000000000000e+02 7.784550000000000182e+03
6.560000000000000000e+02 7.843699999999999818e+03
5.280000000000000000e+02 7.909199999999999818e+03
4.480000000000000000e+02 7.969800000000000182e+03
4.080000000000000000e+02 7.977600000000000364e+03
6.640000000000000000e+02 7.999449999999999818e+03
5.840000000000000000e+02 8.006350000000000364e+03
6.320000000000000000e+02 8.010500000000000000e+03
6.480000000000000000e+02 8.074650000000000546e+03
5.120000000000000000e+02 8.093650000000000546e+03
4.640000000000000000e+02 8.093850000000000364e+03
4.080000000000000000e+02 8.104400000000000546e+03
6.000000000000000000e+02 8.143699999999999818e+03
6.800000000000000000e+02 8.147850000000000364e+03
4.480000000000000000e+02 8.196100000000000364e+03
4.080000000000000000e+02 8.242250000000000000e+03
4.720000000000000000e+02 8.282450000000000728e+03
4.640000000000000000e+02 8.305899999999999636e+03
7.040000000000000000e+02 8.346149999999999636e+03
6.720000000000000000e+02 8.354600000000000364e+03
5.280000000000000000e+02 8.364250000000000000e+03
7.120000000000000000e+02 8.364700000000000728e+03
7.200000000000000000e+02 8.403899999999999636e+03
4.640000000000000000e+02 8.431850000000000364e+03
6.320000000000000000e+02 8.439750000000000000e+03
6.480000000000000000e+02 8.459799999999999272e+03
5.040000000000000000e+02 8.470700000000000728e+03
7.040000000000000000e+02 8.472700000000000728e+03
6.000000000000000000e+02 8.486299999999999272e+03
4.160000000000000000e+02 8.503250000000000000e+03
4.720000000000000000e+02 8.558750000000000000e+03
7.200000000000000000e+02 8.566049999999999272e+03
6.640000000000000000e+02 8.584450000000000728e+03
6.240000000000000000e+02 8.639950000000000728e+03
4.320000000000000000e+02 8.677299999999999272e+03
5.760000000000000000e+02 8.681350000000000364e+03
4.800000000000000000e+02 8.720750000000000000e+03
7.840000000000000000e+02 8.891200000000000728e+03
7.600000000000000000e+02 8.926950000000000728e+03
6.960000000000000000e+02 8.968300000000001091e+03
7.360000000000000000e+02 9.031800000000001091e+03
7.680000000000000000e+02 9.095550000000001091e+03
4.640000000000000000e+02 9.096200000000000728e+03
7.840000000000000000e+02 9.142500000000000000e+03
6.720000000000000000e+02 9.175649999999999636e+03
5.600000000000000000e+02 9.180450000000000728e+03
7.120000000000000000e+02 9.181800000000001091e+03
6.640000000000000000e+02 9.293649999999999636e+03
6.320000000000000000e+02 9.305500000000000000e+03
6.320000000000000000e+02 9.402649999999999636e+03
4.800000000000000000e+02 9.437850000000000364e+03
4.400000000000000000e+02 9.469700000000000728e+03
5.200000000000000000e+02 9.505649999999999636e+03
6.240000000000000000e+02 9.519300000000001091e+03
6.720000000000000000e+02 9.570350000000000364e+03
7.920000000000000000e+02 9.604500000000000000e+03
6.320000000000000000e+02 9.609149999999999636e+03
7.840000000000000000e+02 9.610950000000000728e+03
4.560000000000000000e+02 9.637250000000000000e+03
5.520000000000000000e+02 9.670750000000000000e+03
6.400000000000000000e+02 9.685399999999999636e+03
5.920000000000000000e+02 9.775200000000000728e+03
7.360000000000000000e+02 9.811950000000000728e+03
7.280000000000000000e+02 9.841350000000000364e+03
5.760000000000000000e+02 9.923950000000000728e+03
5.120000000000000000e+02 9.936050000000001091e+03
6.320000000000000000e+02 1.000375000000000000e+04
5.040000000000000000e+02 1.001470000000000073e+04
7.360000000000000000e+02 1.004085000000000036e+04
7.520000000000000000e+02 1.004839999999999964e+04
6.080000000000000000e+02 1.005335000000000036e+04
7.440000000000000000e+02 1.011314999999999964e+04
4.560000000000000000e+02 1.012375000000000000e+04
6.880000000000000000e+02 1.014714999999999964e+04
6.320000000000000000e+02 1.016545000000000073e+04
5.120000000000000000e+02 1.020485000000000036e+04
7.520000000000000000e+02 1.029320000000000073e+04
4.160000000000000000e+02 1.030080000000000109e+04
6.320000000000000000e+02 1.033150000000000000e+04
5.280000000000000000e+02 1.041335000000000036e+04
6.560000000000000000e+02 1.045560000000000036e+04
6.880000000000000000e+02 1.048089999999999964e+04
6.320000000000000000e+02 1.051430000000000109e+04
4.240000000000000000e+02 1.054739999999999964e+04
5.120000000000000000e+02 1.057400000000000000e+04
5.280000000000000000e+02 1.062410000000000036e+04
6.640000000000000000e+02 1.063935000000000036e+04
4.240000000000000000e+02 1.069485000000000036e+04
5.040000000000000000e+02 1.086080000000000109e+04
6.000000000000000000e+02 1.087814999999999964e+04
4.640000000000000000e+02 1.091775000000000000e+04
6.640000000000000000e+02 1.094360000000000036e+04
6.880000000000000000e+02 1.096560000000000036e+04
4.080000000000000000e+02 1.101445000000000073e+04
7.760000000000000000e+02 1.105085000000000036e+04
6.560000000000000000e+02 1.106239999999999964e+04
7.360000000000000000e+02 1.107264999999999964e+04
6.800000000000000000e+02 1.110220000000000073e+04
4.480000000000000000e+02 1.110655000000000109e+04
7.840000000000000000e+02 1.111225000000000000e+04
4.320000000000000000e+02 1.112139999999999964e+04
6.480000000000000000e+02 1.114650000000000000e+04
6.640000000000000000e+02 1.115980000000000109e+04
7.760000000000000000e+02 1.116025000000000000e+04
4.400000000000000000e+02 1.125380000000000109e+04
4.800000000000000000e+02 1.126835000000000036e+04
4.320000000000000000e+02 1.130860000000000036e+04
6.240000000000000000e+02 1.131264999999999964e+04
7.200000000000000000e+02 1.135555000000000109e+04
6.800000000000000000e+02 1.136085000000000036e+04
4.320000000000000000e+02 1.137405000000000109e+04
6.160000000000000000e+02 1.139475000000000000e+04
4.640000000000000000e+02 1.141980000000000109e+04
5.120000000000000000e+02 1.149405000000000109e+04
4.160000000000000000e+02 1.150614999999999964e+04
4.240000000000000000e+02 1.152885000000000036e+04
7.920000000000000000e+02 1.162814999999999964e+04
5.920000000000000000e+02 1.163520000000000073e+04
6.080000000000000000e+02 1.166495000000000073e+04
4.720000000000000000e+02 1.167125000000000000e+04
7.360000000000000000e+02 1.167489999999999964e+04
4.160000000000000000e+02 1.175570000000000073e+04
4.320000000000000000e+02 1.177150000000000000e+04
6.400000000000000000e+02 1.178870000000000073e+04
5.120000000000000000e+02 1.179950000000000000e+04
7.280000000000000000e+02 1.184935000000000036e+04
7.920000000000000000e+02 1.185264999999999964e+04
5.440000000000000000e+02 1.189750000000000000e+04
4.240000000000000000e+02 1.191470000000000073e+04
5.200000000000000000e+02 1.192910000000000036e+04
4.960000000000000000e+02 1.197095000000000073e+04
7.840000000000000000e+02 1.197705000000000109e+04
6.800000000000000000e+02 1.201645000000000073e+04
6.560000000000000000e+02 1.204695000000000073e+04
4.560000000000000000e+02 1.209685000000000036e+04
8.000000000000000000e+02 1.211705000000000109e+04
6.240000000000000000e+02 1.213925000000000000e+04
5.760000000000000000e+02 1.214150000000000000e+04
6.320000000000000000e+02 1.220339999999999964e+04
6.880000000000000000e+02 1.220670000000000073e+04
4.400000000000000000e+02 1.225520000000000073e+04
7.760000000000000000e+02 1.227550000000000000e+04
5.600000000000000000e+02 1.228300000000000000e+04
7.200000000000000000e+02 1.229470000000000073e+04
6.240000000000000000e+02 1.232139999999999964e+04
7.680000000000000000e+02 1.235464999999999964e+04
7.600000000000000000e+02 1.238675000000000000e+04
6.480000000000000000e+02 1.245100000000000000e+04
5.600000000000000000e+02 1.248660000000000036e+04
7.120000000000000000e+02 1.251625000000000000e+04
6.160000000000000000e+02 1.254955000000000109e+04
6.080000000000000000e+02 1.255050000000000000e+04
4.560000000000000000e+02 1.255535000000000036e+04
6.960000000000000000e+02 1.261950000000000000e+04
6.480000000000000000e+02 1.265770000000000073e+04
4.240000000000000000e+02 1.268245000000000073e+04
6.320000000000000000e+02 1.269050000000000000e+04
4.640000000000000000e+02 1.270400000000000000e+04
7.920000000000000000e+02 1.273155000000000109e+04
6.640000000000000000e+02 1.278170000000000073e+04
5.520000000000000000e+02 1.280925000000000000e+04
7.040000000000000000e+02 1.282564999999999964e+04
7.360000000000000000e+02 1.286135000000000036e+04
5.200000000000000000e+02 1.292670000000000073e+04
6.320000000000000000e+02 1.295414999999999964e+04
4.240000000000000000e+02 1.297950000000000000e+04
5.360000000000000000e+02 1.304950000000000000e+04
4.720000000000000000e+02 1.309289999999999964e+04
7.680000000000000000e+02 1.313830000000000109e+04
6.000000000000000000e+02 1.314575000000000000e+04
5.360000000000000000e+02 1.316039999999999964e+04
6.080000000000000000e+02 1.320835000000000036e+04
5.280000000000000000e+02 1.322570000000000073e+04
6.720000000000000000e+02 1.322639999999999964e+04
7.680000000000000000e+02 1.323645000000000073e+04
4.400000000000000000e+02 1.330239999999999964e+04
6.320000000000000000e+02 1.333585000000000036e+04
6.000000000000000000e+02 1.334210000000000036e+04
6.880000000000000000e+02 1.334635000000000036e+04
6.480000000000000000e+02 1.334660000000000036e+04
7.200000000000000000e+02 1.334910000000000036e+04
5.840000000000000000e+02 1.336830000000000109e+04
4.320000000000000000e+02 1.340295000000000073e+04
4.320000000000000000e+02 1.352000000000000000e+04
5.840000000000000000e+02 1.352320000000000073e+04
4.560000000000000000e+02 1.352464999999999964e+04
6.240000000000000000e+02 1.352885000000000036e+04
4.400000000000000000e+02 1.359280000000000109e+04
6.240000000000000000e+02 1.359785000000000036e+04
6.880000000000000000e+02 1.359910000000000036e+04
5.360000000000000000e+02 1.366470000000000073e+04
5.760000000000000000e+02 1.366550000000000000e+04
6.320000000000000000e+02 1.370520000000000073e+04
7.360000000000000000e+02 1.376760000000000036e+04
6.960000000000000000e+02 1.377630000000000109e+04
7.200000000000000000e+02 1.377939999999999964e+04
4.320000000000000000e+02 1.381150000000000000e+04
5.840000000000000000e+02 1.382955000000000109e+04
7.760000000000000000e+02 1.387095000000000073e+04
6.560000000000000000e+02 1.391800000000000000e+04
5.280000000000000000e+02 1.397550000000000000e+04
4.960000000000000000e+02 1.397645000000000073e+04
6.640000000000000000e+02 1.398160000000000036e+04
5.600000000000000000e+02 1.402589999999999964e+04
7.520000000000000000e+02 1.405970000000000073e+04
4.720000000000000000e+02 1.410550000000000000e+04
4.960000000000000000e+02 1.413055000000000109e+04
5.520000000000000000e+02 1.420475000000000000e+04
6.400000000000000000e+02 1.423410000000000036e+04
4.160000000000000000e+02 1.423720000000000073e+04
4.400000000000000000e+02 1.426300000000000000e+04
6.160000000000000000e+02 1.426520000000000073e+04
7.600000000000000000e+02 1.426520000000000073e+04
6.720000000000000000e+02 1.429214999999999964e+04
7.360000000000000000e+02 1.429355000000000109e+04
6.880000000000000000e+02 1.430775000000000000e+04
7.120000000000000000e+02 1.434030000000000109e+04
7.600000000000000000e+02 1.437355000000000109e+04
7.920000000000000000e+02 1.438425000000000000e+04
6.720000000000000000e+02 1.440985000000000036e+04
5.360000000000000000e+02 1.443339999999999964e+04
4.880000000000000000e+02 1.443485000000000036e+04
6.240000000000000000e+02 1.445375000000000000e+04
4.720000000000000000e+02 1.449980000000000109e+04
5.280000000000000000e+02 1.452070000000000073e+04
6.800000000000000000e+02 1.452295000000000073e+04
5.840000000000000000e+02 1.454560000000000036e+04
4.400000000000000000e+02 1.458900000000000000e+04
4.080000000000000000e+02 1.461555000000000109e+04
6.720000000000000000e+02 1.461614999999999964e+04
8.000000000000000000e+02 1.467110000000000036e+04
6.480000000000000000e+02 1.474445000000000073e+04
5.600000000000000000e+02 1.478705000000000109e+04
5.920000000000000000e+02 1.482035000000000036e+04
4.800000000000000000e+02 1.482189999999999964e+04
4.720000000000000000e+02 1.483360000000000036e+04
7.360000000000000000e+02 1.486955000000000109e+04
7.920000000000000000e+02 1.487170000000000073e+04
6.240000000000000000e+02 1.489114999999999964e+04
6.320000000000000000e+02 1.489339999999999964e+04
7.120000000000000000e+02 1.493205000000000109e+04
5.920000000000000000e+02 1.501410000000000036e+04
4.320000000000000000e+02 1.506980000000000109e+04
5.360000000000000000e+02 1.507055000000000109e+04
5.200000000000000000e+02 1.508375000000000000e+04
5.280000000000000000e+02 1.513745000000000073e+04
4.080000000000000000e+02 1.517185000000000036e+04
4.640000000000000000e+02 1.519375000000000000e+04
6.320000000000000000e+02 1.526020000000000073e+04
4.560000000000000000e+02 1.527135000000000036e+04
6.400000000000000000e+02 1.527175000000000000e+04
5.280000000000000000e+02 1.537564999999999964e+04
4.560000000000000000e+02 1.538800000000000000e+04
7.600000000000000000e+02 1.543280000000000109e+04
5.040000000000000000e+02 1.548450000000000000e+04
5.440000000000000000e+02 1.549205000000000109e+04
7.200000000000000000e+02 1.551060000000000036e+04
7.360000000000000000e+02 1.551130000000000109e+04
6.160000000000000000e+02 1.552585000000000036e+04
4.800000000000000000e+02 1.555980000000000109e+04
6.320000000000000000e+02 1.556789999999999964e+04
5.120000000000000000e+02 1.561285000000000036e+04
5.920000000000000000e+02 1.561300000000000000e+04
7.360000000000000000e+02 1.563735000000000036e+04
6.080000000000000000e+02 1.570470000000000073e+04
6.320000000000000000e+02 1.570639999999999964e+04
4.160000000000000000e+02 1.573505000000000109e+04
7.040000000000000000e+02 1.573950000000000000e+04
4.960000000000000000e+02 1.576955000000000109e+04
6.880000000000000000e+02 1.578535000000000036e+04
5.680000000000000000e+02 1.580350000000000000e+04
4.560000000000000000e+02 1.582210000000000036e+04
7.760000000000000000e+02 1.587335000000000036e+04
7.120000000000000000e+02 1.595410000000000036e+04
7.280000000000000000e+02 1.600445000000000073e+04
4.400000000000000000e+02 1.607145000000000073e+04
6.640000000000000000e+02 1.607800000000000000e+04
4.240000000000000000e+02 1.610485000000000036e+04
4.080000000000000000e+02 1.619825000000000000e+04
7.280000000000000000e+02 1.621045000000000073e+04
6.880000000000000000e+02 1.621105000000000109e+04
4.560000000000000000e+02 1.629014999999999964e+04
6.880000000000000000e+02 1.631285000000000036e+04
5.280000000000000000e+02 1.632889999999999964e+04
6.480000000000000000e+02 1.633825000000000000e+04
6.160000000000000000e+02 1.634300000000000000e+04
4.240000000000000000e+02 1.638490000000000146e+04
6.240000000000000000e+02 1.639115000000000146e+04
4.080000000000000000e+02 1.639200000000000000e+04
5.440000000000000000e+02 1.639275000000000000e+04
6.880000000000000000e+02 1.641254999999999927e+04
7.280000000000000000e+02 1.647225000000000000e+04
5.040000000000000000e+02 1.650195000000000073e+04
6.800000000000000000e+02 1.650890000000000146e+04
6.160000000000000000e+02 1.654070000000000073e+04
6.320000000000000000e+02 1.658540000000000146e+04
6.800000000000000000e+02 1.662604999999999927e+04
4.960000000000000000e+02 1.665220000000000073e+04
6.800000000000000000e+02 1.667875000000000000e+04
5.440000000000000000e+02 1.669150000000000000e+04
7.120000000000000000e+02 1.669479999999999927e+04
7.440000000000000000e+02 1.678195000000000073e+04
7.120000000000000000e+02 1.679709999999999854e+04
5.840000000000000000e+02 1.679990000000000146e+04
6.240000000000000000e+02 1.680854999999999927e+04
4.320000000000000000e+02 1.683895000000000073e+04
6.320000000000000000e+02 1.686600000000000000e+04
7.920000000000000000e+02 1.694315000000000146e+04
6.720000000000000000e+02 1.701945000000000073e+04
5.920000000000000000e+02 1.704679999999999927e+04
4.400000000000000000e+02 1.711575000000000000e+04
7.040000000000000000e+02 1.718129999999999927e+04
6.240000000000000000e+02 1.718950000000000000e+04
5.840000000000000000e+02 1.719959999999999854e+04
6.720000000000000000e+02 1.720620000000000073e+04
7.520000000000000000e+02 1.724459999999999854e+04
4.400000000000000000e+02 1.726529999999999927e+04
6.880000000000000000e+02 1.732284999999999854e+04
5.840000000000000000e+02 1.733354999999999927e+04
6.080000000000000000e+02 1.735465000000000146e+04
8.000000000000000000e+02 1.738104999999999927e+04
6.640000000000000000e+02 1.747204999999999927e+04
5.840000000000000000e+02 1.748779999999999927e+04
4.160000000000000000e+02 1.749854999999999927e+04
6.880000000000000000e+02 1.752970000000000073e+04
5.760000000000000000e+02 1.754479999999999927e+04
8.000000000000000000e+02 1.758535000000000218e+04
8.000000000000000000e+02 1.766790000000000146e+04
4.560000000000000000e+02 1.768504999999999927e+04
6.960000000000000000e+02 1.768790000000000146e+04
5.440000000000000000e+02 1.772270000000000073e+04
6.640000000000000000e+02 1.773120000000000073e+04
5.920000000000000000e+02 1.774204999999999927e+04
6.720000000000000000e+02 1.776175000000000000e+04
6.400000000000000000e+02 1.779165000000000146e+04
4.400000000000000000e+02 1.782045000000000073e+04
7.440000000000000000e+02 1.784529999999999927e+04
7.840000000000000000e+02 1.785454999999999927e+04
5.120000000000000000e+02 1.785635000000000218e+04
6.880000000000000000e+02 1.786854999999999927e+04
5.040000000000000000e+02 1.787110000000000218e+04
5.440000000000000000e+02 1.788154999999999927e+04
6.400000000000000000e+02 1.791250000000000000e+04
6.320000000000000000e+02 1.791300000000000000e+04
4.720000000000000000e+02 1.795915000000000146e+04
7.440000000000000000e+02 1.800750000000000000e+04
4.400000000000000000e+02 1.811220000000000073e+04
6.880000000000000000e+02 1.812870000000000073e+04
6.960000000000000000e+02 1.816479999999999927e+04
6.800000000000000000e+02 1.820729999999999927e+04
6.080000000000000000e+02 1.821545000000000073e+04
7.200000000000000000e+02 1.826360000000000218e+04
5.920000000000000000e+02 1.827929999999999927e+04
5.840000000000000000e+02 1.829365000000000146e+04
7.440000000000000000e+02 1.831925000000000000e+04
4.320000000000000000e+02 1.833490000000000146e+04
6.800000000000000000e+02 1.839285000000000218e+04
6.640000000000000000e+02 1.844204999999999927e+04
6.560000000000000000e+02 1.848325000000000000e+04
6.000000000000000000e+02 1.849354999999999927e+04
5.840000000000000000e+02 1.851254999999999927e+04
8.000000000000000000e+02 1.852095000000000073e+04
7.120000000000000000e+02 1.855275000000000000e+04
7.680000000000000000e+02 1.857875000000000000e+04
6.800000000000000000e+02 1.864629999999999927e+04
7.760000000000000000e+02 1.865925000000000000e+04
6.880000000000000000e+02 1.866029999999999927e+04
4.480000000000000000e+02 1.866779999999999927e+04
7.360000000000000000e+02 1.868545000000000073e+04
4.720000000000000000e+02 1.868970000000000073e+04
5.280000000000000000e+02 1.874420000000000073e+04
4.160000000000000000e+02 1.877779999999999927e+04
4.720000000000000000e+02 1.880990000000000146e+04
4.400000000000000000e+02 1.881600000000000000e+04
5.840000000000000000e+02 1.882615000000000146e+04
4.800000000000000000e+02 1.886885000000000218e+04
7.840000000000000000e+02 1.893720000000000073e+04
6.320000000000000000e+02 1.897045000000000073e+04
4.160000000000000000e+02 1.897450000000000000e+04
7.120000000000000000e+02 1.900179999999999927e+04
6.320000000000000000e+02 1.904895000000000073e+04
6.960000000000000000e+02 1.905015000000000146e+04
7.440000000000000000e+02 1.910115000000000146e+04
5.840000000000000000e+02 1.920865000000000146e+04
5.760000000000000000e+02 1.925204999999999927e+04
7.120000000000000000e+02 1.929190000000000146e+04
6.400000000000000000e+02 1.944685000000000218e+04
7.440000000000000000e+02 1.951160000000000218e+04
7.760000000000000000e+02 1.953404999999999927e+04
6.240000000000000000e+02 1.954270000000000073e+04
6.880000000000000000e+02 1.954320000000000073e+04
4.160000000000000000e+02 1.954429999999999927e+04
5.920000000000000000e+02 1.955725000000000000e+04
4.640000000000000000e+02 1.958350000000000000e+04
5.520000000000000000e+02 1.958590000000000146e+04
6.080000000000000000e+02 1.959895000000000073e+04
8.000000000000000000e+02 1.968654999999999927e+04
6.720000000000000000e+02 1.968735000000000218e+04
6.880000000000000000e+02 1.970595000000000073e+04
7.600000000000000000e+02 1.972685000000000218e+04
6.240000000000000000e+02 1.977800000000000000e+04
4.320000000000000000e+02 1.979570000000000073e+04
6.640000000000000000e+02 1.984054999999999927e+04
7.680000000000000000e+02 1.984235000000000218e+04
6.080000000000000000e+02 1.997710000000000218e+04
5.600000000000000000e+02 2.001410000000000218e+04
5.280000000000000000e+02 2.004315000000000146e+04
6.480000000000000000e+02 2.007054999999999927e+04
6.160000000000000000e+02 2.012560000000000218e+04
6.880000000000000000e+02 2.013204999999999927e+04
7.440000000000000000e+02 2.013260000000000218e+04
5.200000000000000000e+02 2.015720000000000073e+04
4.960000000000000000e+02 2.017020000000000073e+04
6.320000000000000000e+02 2.018329999999999927e+04
7.360000000000000000e+02 2.020360000000000218e+04
8.000000000000000000e+02 2.024879999999999927e+04
7.200000000000000000e+02 2.026265000000000146e+04
4.720000000000000000e+02 2.026485000000000218e+04
6.960000000000000000e+02 2.028545000000000073e+04
7.040000000000000000e+02 2.028570000000000073e+04
6.000000000000000000e+02 2.032360000000000218e+04
4.960000000000000000e+02 2.035770000000000073e+04
7.520000000000000000e+02 2.035940000000000146e+04
5.200000000000000000e+02 2.035970000000000073e+04
4.160000000000000000e+02 2.037610000000000218e+04
5.600000000000000000e+02 2.039935000000000218e+04
6.240000000000000000e+02 2.047740000000000146e+04
4.640000000000000000e+02 2.049429999999999927e+04
7.760000000000000000e+02 2.050779999999999927e+04
6.320000000000000000e+02 2.053379999999999927e+04
7.120000000000000000e+02 2.055704999999999927e+04
5.120000000000000000e+02 2.060270000000000073e+04
4.560000000000000000e+02 2.062610000000000218e+04
7.360000000000000000e+02 2.064050000000000000e+04
4.960000000000000000e+02 2.067220000000000073e+04
6.000000000000000000e+02 2.067760000000000218e+04
6.560000000000000000e+02 2.068540000000000146e+04
4.320000000000000000e+02 2.069235000000000218e+04
4.080000000000000000e+02 2.071165000000000146e+04
5.040000000000000000e+02 2.072704999999999927e+04
6.240000000000000000e+02 2.077200000000000000e+04
7.280000000000000000e+02 2.080950000000000000e+04
4.160000000000000000e+02 2.084679999999999927e+04
7.200000000000000000e+02 2.086215000000000146e+04
6.880000000000000000e+02 2.086820000000000073e+04
6.800000000000000000e+02 2.086990000000000146e+04
4.480000000000000000e+02 2.087010000000000218e+04
7.840000000000000000e+02 2.093315000000000146e+04
6.560000000000000000e+02 2.095704999999999927e+04
4.880000000000000000e+02 2.096900000000000000e+04
5.840000000000000000e+02 2.097320000000000073e+04
6.800000000000000000e+02 2.098165000000000146e+04
4.640000000000000000e+02 2.102290000000000146e+04
5.120000000000000000e+02 2.104035000000000218e+04
7.600000000000000000e+02 2.111054999999999927e+04
6.960000000000000000e+02 2.113104999999999927e+04
7.440000000000000000e+02 2.116415000000000146e+04
6.880000000000000000e+02 2.122870000000000073e+04
4.480000000000000000e+02 2.124579999999999927e+04
4.800000000000000000e+02 2.127260000000000218e+04
7.280000000000000000e+02 2.129995000000000073e+04
5.040000000000000000e+02 2.138354999999999927e+04
4.240000000000000000e+02 2.143765000000000146e+04
4.960000000000000000e+02 2.143779999999999927e+04
7.200000000000000000e+02 2.147825000000000000e+04
6.160000000000000000e+02 2.149679999999999927e+04
7.040000000000000000e+02 2.150704999999999927e+04
7.680000000000000000e+02 2.151275000000000000e+04
6.400000000000000000e+02 2.154460000000000218e+04
4.240000000000000000e+02 2.157060000000000218e+04
5.360000000000000000e+02 2.161225000000000000e+04
6.640000000000000000e+02 2.164210000000000218e+04
6.480000000000000000e+02 2.165110000000000218e+04
5.840000000000000000e+02 2.166200000000000000e+04
6.080000000000000000e+02 2.171675000000000000e+04
7.680000000000000000e+02 2.177725000000000000e+04
7.840000000000000000e+02 2.181040000000000146e+04
7.520000000000000000e+02 2.186270000000000073e+04
6.240000000000000000e+02 2.189650000000000000e+04
4.640000000000000000e+02 2.190065000000000146e+04
4.080000000000000000e+02 2.192740000000000146e+04
6.640000000000000000e+02 2.193565000000000146e+04
6.880000000000000000e+02 2.194085000000000218e+04
6.240000000000000000e+02 2.196329999999999927e+04
7.680000000000000000e+02 2.196675000000000000e+04
5.040000000000000000e+02 2.197670000000000073e+04
6.640000000000000000e+02 2.204725000000000000e+04
7.520000000000000000e+02 2.206029999999999927e+04
6.240000000000000000e+02 2.209715000000000146e+04
6.000000000000000000e+02 2.209910000000000218e+04
6.160000000000000000e+02 2.211495000000000073e+04
6.800000000000000000e+02 2.218245000000000073e+04
4.480000000000000000e+02 2.218700000000000000e+04
6.640000000000000000e+02 2.219065000000000146e+04
4.320000000000000000e+02 2.220979999999999927e+04
7.120000000000000000e+02 2.223110000000000218e+04
5.600000000000000000e+02 2.224700000000000000e+04
5.200000000000000000e+02 2.225135000000000218e+04
4.080000000000000000e+02 2.228560000000000218e+04
6.160000000000000000e+02 2.229220000000000073e+04
7.520000000000000000e+02 2.232790000000000146e+04
7.840000000000000000e+02 2.236610000000000218e+04
7.440000000000000000e+02 2.239050000000000000e+04
6.160000000000000000e+02 2.247935000000000218e+04
7.520000000000000000e+02 2.252704999999999927e+04
6.400000000000000000e+02 2.253050000000000000e+04
7.120000000000000000e+02 2.256120000000000073e+04
5.680000000000000000e+02 2.256435000000000218e+04
5.280000000000000000e+02 2.266145000000000073e+04
6.960000000000000000e+02 2.266410000000000218e+04
6.320000000000000000e+02 2.271560000000000218e+04
6.880000000000000000e+02 2.272190000000000146e+04
6.240000000000000000e+02 2.274154999999999927e+04
5.440000000000000000e+02 2.275229999999999927e+04
5.200000000000000000e+02 2.277075000000000000e+04
4.240000000000000000e+02 2.279379999999999927e+04
5.520000000000000000e+02 2.284995000000000073e+04
7.200000000000000000e+02 2.286915000000000146e+04
7.120000000000000000e+02 2.292715000000000146e+04
6.720000000000000000e+02 2.293225000000000000e+04
7.040000000000000000e+02 2.294565000000000146e+04
7.360000000000000000e+02 2.295154999999999927e+04
5.360000000000000000e+02 2.296985000000000218e+04
4.160000000000000000e+02 2.297454999999999927e+04
6.240000000000000000e+02 2.301025000000000000e+04
4.960000000000000000e+02 2.302235000000000218e+04
5.120000000000000000e+02 2.303779999999999927e+04
7.280000000000000000e+02 2.307200000000000000e+04
6.400000000000000000e+02 2.308275000000000000e+04
6.800000000000000000e+02 2.310154999999999927e+04
6.640000000000000000e+02 2.310960000000000218e+04
5.920000000000000000e+02 2.311495000000000073e+04
5.680000000000000000e+02 2.315550000000000000e+04
7.280000000000000000e+02 2.318075000000000000e+04
5.920000000000000000e+02 2.323529999999999927e+04
4.640000000000000000e+02 2.325510000000000218e+04
4.160000000000000000e+02 2.327079999999999927e+04
7.600000000000000000e+02 2.329825000000000000e+04
6.320000000000000000e+02 2.337945000000000073e+04
5.120000000000000000e+02 2.338890000000000146e+04
7.360000000000000000e+02 2.339650000000000000e+04
4.160000000000000000e+02 2.339845000000000073e+04
4.960000000000000000e+02 2.343360000000000218e+04
5.760000000000000000e+02 2.345325000000000000e+04
6.880000000000000000e+02 2.351740000000000146e+04
6.240000000000000000e+02 2.352510000000000218e+04
7.520000000000000000e+02 2.353279999999999927e+04
4.320000000000000000e+02 2.353840000000000146e+04
7.760000000000000000e+02 2.358720000000000073e+04
7.920000000000000000e+02 2.360045000000000073e+04
5.360000000000000000e+02 2.360904999999999927e+04
7.840000000000000000e+02 2.362800000000000000e+04
7.120000000000000000e+02 2.365765000000000146e+04
7.520000000000000000e+02 2.367320000000000073e+04
6.160000000000000000e+02 2.369879999999999927e+04
7.120000000000000000e+02 2.372470000000000073e+04
5.520000000000000000e+02 2.372660000000000218e+04
5.440000000000000000e+02 2.374415000000000146e+04
6.480000000000000000e+02 2.375595000000000073e+04
4.240000000000000000e+02 2.383520000000000073e+04
7.200000000000000000e+02 2.383550000000000000e+04
5.120000000000000000e+02 2.388040000000000146e+04
6.560000000000000000e+02 2.388750000000000000e+04
6.240000000000000000e+02 2.388990000000000146e+04
5.200000000000000000e+02 2.393420000000000073e+04
6.800000000000000000e+02 2.394704999999999927e+04
8.000000000000000000e+02 2.398500000000000000e+04
6.560000000000000000e+02 2.402729999999999927e+04
4.160000000000000000e+02 2.411550000000000000e+04
6.240000000000000000e+02 2.418654999999999927e+04
7.840000000000000000e+02 2.418760000000000218e+04
7.120000000000000000e+02 2.421179999999999927e+04
5.600000000000000000e+02 2.422090000000000146e+04
5.840000000000000000e+02 2.423995000000000073e+04
7.120000000000000000e+02 2.430404999999999927e+04
6.560000000000000000e+02 2.438040000000000146e+04
4.400000000000000000e+02 2.439215000000000146e+04
5.440000000000000000e+02 2.442129999999999927e+04
6.400000000000000000e+02 2.444900000000000000e+04
5.760000000000000000e+02 2.444935000000000218e+04
5.280000000000000000e+02 2.447154999999999927e+04
6.000000000000000000e+02 2.450870000000000073e+04
7.760000000000000000e+02 2.451585000000000218e+04
4.240000000000000000e+02 2.451595000000000073e+04
7.040000000000000000e+02 2.452565000000000146e+04
4.640000000000000000e+02 2.455604999999999927e+04
6.400000000000000000e+02 2.457440000000000146e+04
5.520000000000000000e+02 2.459710000000000218e+04
5.840000000000000000e+02 2.463235000000000218e+04
4.560000000000000000e+02 2.463529999999999927e+04
7.680000000000000000e+02 2.466685000000000218e+04
6.720000000000000000e+02 2.467045000000000073e+04
6.480000000000000000e+02 2.469620000000000073e+04
7.040000000000000000e+02 2.476435000000000218e+04
7.200000000000000000e+02 2.489590000000000146e+04
4.640000000000000000e+02 2.492420000000000073e+04
5.360000000000000000e+02 2.493754999999999927e+04
4.560000000000000000e+02 2.493775000000000000e+04
6.880000000000000000e+02 2.494820000000000073e+04
4.800000000000000000e+02 2.494854999999999927e+04
7.040000000000000000e+02 2.497315000000000146e+04
7.200000000000000000e+02 2.501140000000000146e+04
7.840000000000000000e+02 2.503160000000000218e+04
5.200000000000000000e+02 2.511835000000000218e+04
6.720000000000000000e+02 2.512550000000000000e+04
4.720000000000000000e+02 2.515329999999999927e+04
6.880000000000000000e+02 2.523120000000000073e+04
5.200000000000000000e+02 2.524350000000000000e+04
6.640000000000000000e+02 2.525525000000000000e+04
7.200000000000000000e+02 2.526285000000000218e+04
6.000000000000000000e+02 2.526385000000000218e+04
6.160000000000000000e+02 2.526404999999999927e+04
6.560000000000000000e+02 2.528045000000000073e+04
8.000000000000000000e+02 2.533470000000000073e+04
7.280000000000000000e+02 2.535285000000000218e+04
5.680000000000000000e+02 2.535570000000000073e+04
6.080000000000000000e+02 2.538695000000000073e+04
6.960000000000000000e+02 2.540970000000000073e+04
4.960000000000000000e+02 2.547550000000000000e+04
6.880000000000000000e+02 2.547835000000000218e+04
6.160000000000000000e+02 2.547970000000000073e+04
6.800000000000000000e+02 2.549929999999999927e+04
6.880000000000000000e+02 2.554004999999999927e+04
5.200000000000000000e+02 2.555840000000000146e+04
6.160000000000000000e+02 2.555860000000000218e+04
5.200000000000000000e+02 2.563525000000000000e+04
6.000000000000000000e+02 2.564354999999999927e+04
6.640000000000000000e+02 2.564729999999999927e+04
7.440000000000000000e+02 2.565750000000000000e+04
7.840000000000000000e+02 2.571385000000000218e+04
4.960000000000000000e+02 2.572090000000000146e+04
4.640000000000000000e+02 2.573195000000000073e+04
6.240000000000000000e+02 2.573710000000000218e+04
5.840000000000000000e+02 2.573865000000000146e+04
4.080000000000000000e+02 2.574985000000000218e+04
5.200000000000000000e+02 2.575225000000000000e+04
5.920000000000000000e+02 2.576075000000000000e+04
6.560000000000000000e+02 2.576775000000000000e+04
7.280000000000000000e+02 2.576790000000000146e+04
5.520000000000000000e+02 2.578470000000000073e+04
6.320000000000000000e+02 2.583545000000000073e+04
7.600000000000000000e+02 2.584595000000000073e+04
7.680000000000000000e+02 2.584625000000000000e+04
6.560000000000000000e+02 2.590375000000000000e+04
6.160000000000000000e+02 2.590395000000000073e+04
5.200000000000000000e+02 2.591500000000000000e+04
6.000000000000000000e+02 2.595190000000000146e+04
7.120000000000000000e+02 2.595454999999999927e+04
6.640000000000000000e+02 2.595704999999999927e+04
4.640000000000000000e+02 2.598720000000000073e+04
4.160000000000000000e+02 2.601054999999999927e+04
4.480000000000000000e+02 2.603320000000000073e+04
6.240000000000000000e+02 2.605385000000000218e+04
6.080000000000000000e+02 2.608860000000000218e+04
7.440000000000000000e+02 2.610529999999999927e+04
4.800000000000000000e+02 2.610810000000000218e+04
6.880000000000000000e+02 2.612854999999999927e+04
6.320000000000000000e+02 2.613825000000000000e+04
5.920000000000000000e+02 2.614035000000000218e+04
7.920000000000000000e+02 2.614995000000000073e+04
4.480000000000000000e+02 2.621690000000000146e+04
6.560000000000000000e+02 2.623240000000000146e+04
5.360000000000000000e+02 2.625529999999999927e+04
6.880000000000000000e+02 2.628840000000000146e+04
6.480000000000000000e+02 2.628985000000000218e+04
7.600000000000000000e+02 2.629900000000000000e+04
5.600000000000000000e+02 2.629965000000000146e+04
4.400000000000000000e+02 2.638120000000000073e+04
5.920000000000000000e+02 2.638595000000000073e+04
6.240000000000000000e+02 2.639329999999999927e+04
4.480000000000000000e+02 2.643740000000000146e+04
6.320000000000000000e+02 2.644940000000000146e+04
6.720000000000000000e+02 2.647229999999999927e+04
7.840000000000000000e+02 2.648435000000000218e+04
7.120000000000000000e+02 2.651450000000000000e+04
6.880000000000000000e+02 2.653665000000000146e+04
7.440000000000000000e+02 2.660365000000000146e+04
7.680000000000000000e+02 2.662870000000000073e+04
6.080000000000000000e+02 2.664300000000000000e+04
6.960000000000000000e+02 2.664690000000000146e+04
7.600000000000000000e+02 2.665615000000000146e+04
4.640000000000000000e+02 2.668129999999999927e+04
6.720000000000000000e+02 2.669254999999999927e+04
6.320000000000000000e+02 2.670104999999999927e+04
6.880000000000000000e+02 2.678710000000000218e+04
7.920000000000000000e+02 2.686090000000000146e+04
8.000000000000000000e+02 2.686250000000000000e+04
5.520000000000000000e+02 2.686490000000000146e+04
7.120000000000000000e+02 2.687520000000000073e+04
4.240000000000000000e+02 2.690904999999999927e+04
6.560000000000000000e+02 2.692525000000000000e+04
5.920000000000000000e+02 2.692665000000000146e+04
7.440000000000000000e+02 2.693100000000000000e+04
6.000000000000000000e+02 2.694620000000000073e+04
4.640000000000000000e+02 2.697210000000000218e+04
6.320000000000000000e+02 2.701675000000000000e+04
4.320000000000000000e+02 2.708229999999999927e+04
6.880000000000000000e+02 2.711979999999999927e+04
6.800000000000000000e+02 2.713629999999999927e+04
7.120000000000000000e+02 2.713975000000000000e+04
4.320000000000000000e+02 2.724495000000000073e+04
6.240000000000000000e+02 2.725470000000000073e+04
6.880000000000000000e+02 2.726540000000000146e+04
5.760000000000000000e+02 2.727715000000000146e+04
6.320000000000000000e+02 2.727715000000000146e+04
7.840000000000000000e+02 2.728200000000000000e+04
6.160000000000000000e+02 2.728815000000000146e+04
7.360000000000000000e+02 2.730250000000000000e+04
5.600000000000000000e+02 2.730429999999999927e+04
7.680000000000000000e+02 2.742910000000000218e+04
5.120000000000000000e+02 2.750375000000000000e+04
4.240000000000000000e+02 2.756670000000000073e+04
6.160000000000000000e+02 2.758260000000000218e+04
6.480000000000000000e+02 2.759045000000000073e+04
6.800000000000000000e+02 2.760150000000000000e+04
6.480000000000000000e+02 2.768179999999999927e+04
7.440000000000000000e+02 2.773935000000000218e+04
5.920000000000000000e+02 2.774225000000000000e+04
4.880000000000000000e+02 2.775490000000000146e+04
4.160000000000000000e+02 2.775860000000000218e+04
6.800000000000000000e+02 2.780475000000000000e+04
4.400000000000000000e+02 2.785100000000000000e+04
5.200000000000000000e+02 2.789210000000000218e+04
6.160000000000000000e+02 2.793279999999999927e+04
4.640000000000000000e+02 2.793585000000000218e+04
6.810000000000000000e+02 1.146500000000000057e+02
5.210000000000000000e+02 1.272000000000000028e+02
6.330000000000000000e+02 2.095000000000000000e+02
7.290000000000000000e+02 2.455000000000000000e+02
5.450000000000000000e+02 2.552000000000000171e+02
7.610000000000000000e+02 4.143000000000000114e+02
6.650000000000000000e+02 4.256500000000000341e+02
4.890000000000000000e+02 4.886999999999999886e+02
7.370000000000000000e+02 5.785000000000000000e+02
6.170000000000000000e+02 6.186000000000000227e+02
7.450000000000000000e+02 6.386499999999999773e+02
6.970000000000000000e+02 6.427500000000000000e+02
7.210000000000000000e+02 6.835500000000000682e+02
7.530000000000000000e+02 6.995000000000000000e+02
4.490000000000000000e+02 7.458500000000000227e+02
7.930000000000000000e+02 7.523999999999999773e+02
7.610000000000000000e+02 7.706000000000000227e+02
4.170000000000000000e+02 7.940500000000000682e+02
5.930000000000000000e+02 8.138000000000000682e+02
7.530000000000000000e+02 8.596000000000000227e+02
5.210000000000000000e+02 9.358999999999999773e+02
4.890000000000000000e+02 9.588500000000000227e+02
5.690000000000000000e+02 9.620500000000000682e+02
6.970000000000000000e+02 9.662500000000000000e+02
6.490000000000000000e+02 9.728500000000000227e+02
6.090000000000000000e+02 1.054400000000000091e+03
5.930000000000000000e+02 1.070500000000000000e+03
7.450000000000000000e+02 1.131700000000000045e+03
7.130000000000000000e+02 1.139350000000000136e+03
5.210000000000000000e+02 1.168450000000000045e+03
6.170000000000000000e+02 1.179049999999999955e+03
5.130000000000000000e+02 1.190250000000000000e+03
4.890000000000000000e+02 1.241200000000000045e+03
4.970000000000000000e+02 1.275400000000000091e+03
5.610000000000000000e+02 1.292850000000000136e+03
4.970000000000000000e+02 1.315450000000000045e+03
7.050000000000000000e+02 1.320250000000000000e+03
4.650000000000000000e+02 1.341100000000000136e+03
7.610000000000000000e+02 1.371900000000000091e+03
5.050000000000000000e+02 1.405900000000000091e+03
7.290000000000000000e+02 1.449400000000000091e+03
7.930000000000000000e+02 1.473850000000000136e+03
6.170000000000000000e+02 1.511299999999999955e+03
7.290000000000000000e+02 1.589150000000000091e+03
4.650000000000000000e+02 1.606200000000000045e+03
6.570000000000000000e+02 1.638049999999999955e+03
7.770000000000000000e+02 1.646750000000000000e+03
5.290000000000000000e+02 1.721049999999999955e+03
4.170000000000000000e+02 1.741250000000000000e+03
5.050000000000000000e+02 1.745600000000000136e+03
4.410000000000000000e+02 1.749500000000000000e+03
7.610000000000000000e+02 1.769500000000000000e+03
7.050000000000000000e+02 1.786900000000000091e+03
7.770000000000000000e+02 1.788100000000000136e+03
4.170000000000000000e+02 1.806000000000000000e+03
4.330000000000000000e+02 1.838150000000000091e+03
7.290000000000000000e+02 1.872450000000000045e+03
6.570000000000000000e+02 1.894100000000000136e+03
5.370000000000000000e+02 1.902799999999999955e+03
4.810000000000000000e+02 1.941299999999999955e+03
6.970000000000000000e+02 2.085699999999999818e+03
4.490000000000000000e+02 2.106500000000000000e+03
7.050000000000000000e+02 2.205099999999999909e+03
6.650000000000000000e+02 2.309550000000000182e+03
6.410000000000000000e+02 2.329599999999999909e+03
6.170000000000000000e+02 2.370450000000000273e+03
4.970000000000000000e+02 2.407050000000000182e+03
5.610000000000000000e+02 2.424500000000000000e+03
4.730000000000000000e+02 2.457900000000000091e+03
7.770000000000000000e+02 2.559950000000000273e+03
7.450000000000000000e+02 2.646550000000000182e+03
7.210000000000000000e+02 2.679650000000000091e+03
4.730000000000000000e+02 2.716650000000000091e+03
7.530000000000000000e+02 2.730099999999999909e+03
6.170000000000000000e+02 2.752550000000000182e+03
5.610000000000000000e+02 2.788349999999999909e+03
5.370000000000000000e+02 2.811750000000000000e+03
7.370000000000000000e+02 2.829450000000000273e+03
4.650000000000000000e+02 2.848650000000000091e+03
7.290000000000000000e+02 2.854750000000000000e+03
7.530000000000000000e+02 2.870950000000000273e+03
7.050000000000000000e+02 2.911200000000000273e+03
4.970000000000000000e+02 2.934599999999999909e+03
7.210000000000000000e+02 2.942150000000000091e+03
7.050000000000000000e+02 2.957200000000000273e+03
7.690000000000000000e+02 2.974000000000000000e+03
6.170000000000000000e+02 3.008300000000000182e+03
8.010000000000000000e+02 3.055450000000000273e+03
4.250000000000000000e+02 3.060599999999999909e+03
7.130000000000000000e+02 3.080599999999999909e+03
5.850000000000000000e+02 3.157950000000000273e+03
5.450000000000000000e+02 3.166800000000000182e+03
7.770000000000000000e+02 3.177650000000000091e+03
5.130000000000000000e+02 3.201700000000000273e+03
4.570000000000000000e+02 3.207700000000000273e+03
4.250000000000000000e+02 3.214400000000000091e+03
4.970000000000000000e+02 3.227300000000000182e+03
5.530000000000000000e+02 3.228000000000000000e+03
4.810000000000000000e+02 3.228200000000000273e+03
7.530000000000000000e+02 3.305500000000000000e+03
6.090000000000000000e+02 3.341000000000000000e+03
5.530000000000000000e+02 3.351550000000000182e+03
7.050000000000000000e+02 3.367400000000000091e+03
4.410000000000000000e+02 3.372400000000000091e+03
7.450000000000000000e+02 3.491300000000000182e+03
5.690000000000000000e+02 3.493400000000000091e+03
7.530000000000000000e+02 3.504650000000000091e+03
6.250000000000000000e+02 3.527099999999999909e+03
6.810000000000000000e+02 3.542349999999999909e+03
4.890000000000000000e+02 3.575050000000000182e+03
7.130000000000000000e+02 3.584800000000000182e+03
7.450000000000000000e+02 3.633400000000000091e+03
5.290000000000000000e+02 3.638099999999999909e+03
7.530000000000000000e+02 3.674900000000000091e+03
4.730000000000000000e+02 3.684550000000000182e+03
4.810000000000000000e+02 3.738450000000000273e+03
6.810000000000000000e+02 3.755500000000000000e+03
4.890000000000000000e+02 3.782800000000000182e+03
5.530000000000000000e+02 3.825750000000000000e+03
7.770000000000000000e+02 3.831349999999999909e+03
5.610000000000000000e+02 3.848800000000000182e+03
6.490000000000000000e+02 3.863700000000000273e+03
4.650000000000000000e+02 3.885849999999999909e+03
6.890000000000000000e+02 3.886250000000000000e+03
7.210000000000000000e+02 3.895099999999999909e+03
7.850000000000000000e+02 3.906000000000000000e+03
4.250000000000000000e+02 3.907700000000000273e+03
6.730000000000000000e+02 3.939950000000000273e+03
4.570000000000000000e+02 3.944500000000000000e+03
6.970000000000000000e+02 3.957099999999999909e+03
5.690000000000000000e+02 3.967950000000000273e+03
4.330000000000000000e+02 4.014550000000000182e+03
6.890000000000000000e+02 4.036050000000000182e+03
8.010000000000000000e+02 4.079349999999999909e+03
4.570000000000000000e+02 4.103199999999999818e+03
7.850000000000000000e+02 4.135550000000000182e+03
5.450000000000000000e+02 4.185699999999999818e+03
5.370000000000000000e+02 4.213250000000000000e+03
4.330000000000000000e+02 4.232550000000000182e+03
7.770000000000000000e+02 4.235199999999999818e+03
4.410000000000000000e+02 4.271350000000000364e+03
7.290000000000000000e+02 4.292699999999999818e+03
7.690000000000000000e+02 4.382100000000000364e+03
6.970000000000000000e+02 4.401650000000000546e+03
5.770000000000000000e+02 4.407949999999999818e+03
4.970000000000000000e+02 4.408550000000000182e+03
5.290000000000000000e+02 4.431000000000000000e+03
5.210000000000000000e+02 4.437500000000000000e+03
4.890000000000000000e+02 4.465300000000000182e+03
5.530000000000000000e+02 4.520400000000000546e+03
7.130000000000000000e+02 4.544350000000000364e+03
7.050000000000000000e+02 4.548350000000000364e+03
6.890000000000000000e+02 4.549900000000000546e+03
4.810000000000000000e+02 4.556400000000000546e+03
6.330000000000000000e+02 4.565050000000000182e+03
7.130000000000000000e+02 4.594300000000000182e+03
5.770000000000000000e+02 4.595850000000000364e+03
4.330000000000000000e+02 4.612850000000000364e+03
7.050000000000000000e+02 4.632550000000000182e+03
4.090000000000000000e+02 4.750199999999999818e+03
7.770000000000000000e+02 4.772900000000000546e+03
7.610000000000000000e+02 4.824050000000000182e+03
7.210000000000000000e+02 4.844750000000000000e+03
5.450000000000000000e+02 4.869850000000000364e+03
7.610000000000000000e+02 4.957949999999999818e+03
6.570000000000000000e+02 4.982800000000000182e+03
4.490000000000000000e+02 5.001750000000000000e+03
5.610000000000000000e+02 5.032600000000000364e+03
6.650000000000000000e+02 5.102300000000000182e+03
6.970000000000000000e+02 5.118850000000000364e+03
4.170000000000000000e+02 5.199100000000000364e+03
5.370000000000000000e+02 5.289900000000000546e+03
7.130000000000000000e+02 5.394400000000000546e+03
4.890000000000000000e+02 5.414949999999999818e+03
7.690000000000000000e+02 5.419699999999999818e+03
6.970000000000000000e+02 5.449300000000000182e+03
5.530000000000000000e+02 5.469199999999999818e+03
7.930000000000000000e+02 5.500000000000000000e+03
7.210000000000000000e+02 5.501199999999999818e+03
4.170000000000000000e+02 5.521550000000000182e+03
6.890000000000000000e+02 5.543199999999999818e+03
4.810000000000000000e+02 5.603199999999999818e+03
7.050000000000000000e+02 5.633500000000000000e+03
5.690000000000000000e+02 5.658949999999999818e+03
6.570000000000000000e+02 5.696300000000000182e+03
5.530000000000000000e+02 5.719800000000000182e+03
5.930000000000000000e+02 5.723150000000000546e+03
7.210000000000000000e+02 5.816250000000000000e+03
6.570000000000000000e+02 5.840850000000000364e+03
4.810000000000000000e+02 5.874750000000000000e+03
4.250000000000000000e+02 5.923650000000000546e+03
6.250000000000000000e+02 6.004750000000000000e+03
6.010000000000000000e+02 6.006500000000000000e+03
7.610000000000000000e+02 6.057900000000000546e+03
7.450000000000000000e+02 6.065199999999999818e+03
4.170000000000000000e+02 6.075350000000000364e+03
5.450000000000000000e+02 6.164949999999999818e+03
4.650000000000000000e+02 6.189100000000000364e+03
6.010000000000000000e+02 6.224150000000000546e+03
5.930000000000000000e+02 6.233900000000000546e+03
7.930000000000000000e+02 6.279449999999999818e+03
5.610000000000000000e+02 6.303600000000000364e+03
5.690000000000000000e+02 6.317900000000000546e+03
5.930000000000000000e+02 6.319500000000000000e+03
7.690000000000000000e+02 6.385350000000000364e+03
7.370000000000000000e+02 6.447500000000000000e+03
4.410000000000000000e+02 6.484350000000000364e+03
6.490000000000000000e+02 6.490650000000000546e+03
6.810000000000000000e+02 6.598050000000000182e+03
4.570000000000000000e+02 6.646050000000000182e+03
6.250000000000000000e+02 6.660650000000000546e+03
6.730000000000000000e+02 6.739699999999999818e+03
5.210000000000000000e+02 6.765300000000000182e+03
4.250000000000000000e+02 6.819350000000000364e+03
5.290000000000000000e+02 6.889550000000000182e+03
5.210000000000000000e+02 6.898550000000000182e+03
7.690000000000000000e+02 6.905250000000000000e+03
6.730000000000000000e+02 6.925449999999999818e+03
7.610000000000000000e+02 6.947699999999999818e+03
7.450000000000000000e+02 6.953000000000000000e+03
6.650000000000000000e+02 6.958400000000000546e+03
4.250000000000000000e+02 6.978150000000000546e+03
7.130000000000000000e+02 7.016850000000000364e+03
8.010000000000000000e+02 7.061449999999999818e+03
7.370000000000000000e+02 7.064850000000000364e+03
7.210000000000000000e+02 7.067250000000000000e+03
5.050000000000000000e+02 7.095600000000000364e+03
4.330000000000000000e+02 7.098800000000000182e+03
4.810000000000000000e+02 7.118550000000000182e+03
6.490000000000000000e+02 7.148150000000000546e+03
7.050000000000000000e+02 7.180400000000000546e+03
5.770000000000000000e+02 7.183550000000000182e+03
5.050000000000000000e+02 7.200850000000000364e+03
6.490000000000000000e+02 7.218100000000000364e+03
7.050000000000000000e+02 7.266199999999999818e+03
6.650000000000000000e+02 7.285550000000000182e+03
6.170000000000000000e+02 7.308250000000000000e+03
8.010000000000000000e+02 7.334850000000000364e+03
7.290000000000000000e+02 7.384699999999999818e+03
4.810000000000000000e+02 7.473600000000000364e+03
5.130000000000000000e+02 7.483400000000000546e+03
8.010000000000000000e+02 7.496000000000000000e+03
7.210000000000000000e+02 7.551850000000000364e+03
6.410000000000000000e+02 7.571850000000000364e+03
4.490000000000000000e+02 7.600800000000000182e+03
6.570000000000000000e+02 7.641350000000000364e+03
8.010000000000000000e+02 7.654250000000000000e+03
7.210000000000000000e+02 7.666000000000000000e+03
4.970000000000000000e+02 7.689600000000000364e+03
6.410000000000000000e+02 7.705400000000000546e+03
4.650000000000000000e+02 7.711500000000000000e+03
6.890000000000000000e+02 7.812400000000000546e+03
5.930000000000000000e+02 7.815550000000000182e+03
6.810000000000000000e+02 7.817750000000000000e+03
5.530000000000000000e+02 8.021150000000000546e+03
6.970000000000000000e+02 8.029449999999999818e+03
7.610000000000000000e+02 8.037600000000000364e+03
7.130000000000000000e+02 8.040699999999999818e+03
7.690000000000000000e+02 8.179100000000000364e+03
8.010000000000000000e+02 8.224450000000000728e+03
5.530000000000000000e+02 8.238850000000000364e+03
5.930000000000000000e+02 8.246600000000000364e+03
6.410000000000000000e+02 8.255200000000000728e+03
4.650000000000000000e+02 8.260200000000000728e+03
4.250000000000000000e+02 8.274049999999999272e+03
7.530000000000000000e+02 8.329950000000000728e+03
5.050000000000000000e+02 8.347450000000000728e+03
4.170000000000000000e+02 8.363850000000000364e+03
6.810000000000000000e+02 8.403850000000000364e+03
4.250000000000000000e+02 8.431350000000000364e+03
7.690000000000000000e+02 8.506600000000000364e+03
5.530000000000000000e+02 8.573149999999999636e+03
6.810000000000000000e+02 8.583450000000000728e+03
4.250000000000000000e+02 8.604100000000000364e+03
5.610000000000000000e+02 8.683450000000000728e+03
7.770000000000000000e+02 8.789450000000000728e+03
4.490000000000000000e+02 8.832899999999999636e+03
4.570000000000000000e+02 8.835300000000001091e+03
6.410000000000000000e+02 8.852000000000000000e+03
4.250000000000000000e+02 8.908399999999999636e+03
4.730000000000000000e+02 8.926200000000000728e+03
5.370000000000000000e+02 8.946950000000000728e+03
4.650000000000000000e+02 8.960149999999999636e+03
7.370000000000000000e+02 8.965100000000000364e+03
6.650000000000000000e+02 9.051350000000000364e+03
7.690000000000000000e+02 9.079950000000000728e+03
6.250000000000000000e+02 9.127149999999999636e+03
7.290000000000000000e+02 9.141149999999999636e+03
4.810000000000000000e+02 9.161000000000000000e+03
4.890000000000000000e+02 9.289000000000000000e+03
6.010000000000000000e+02 9.318000000000000000e+03
4.570000000000000000e+02 9.318500000000000000e+03
7.210000000000000000e+02 9.413500000000000000e+03
4.250000000000000000e+02 9.415450000000000728e+03
5.530000000000000000e+02 9.484149999999999636e+03
6.650000000000000000e+02 9.503100000000000364e+03
4.330000000000000000e+02 9.518100000000000364e+03
7.050000000000000000e+02 9.541250000000000000e+03
6.890000000000000000e+02 9.627600000000000364e+03
7.690000000000000000e+02 9.649450000000000728e+03
5.530000000000000000e+02 9.711000000000000000e+03
4.250000000000000000e+02 9.723600000000000364e+03
7.610000000000000000e+02 9.726899999999999636e+03
6.330000000000000000e+02 9.749399999999999636e+03
4.810000000000000000e+02 9.860800000000001091e+03
6.490000000000000000e+02 9.865300000000001091e+03
6.250000000000000000e+02 9.876800000000001091e+03
5.930000000000000000e+02 9.958200000000000728e+03
6.010000000000000000e+02 1.002185000000000036e+04
6.170000000000000000e+02 1.003335000000000036e+04
7.770000000000000000e+02 1.004635000000000036e+04
4.490000000000000000e+02 1.009830000000000109e+04
4.250000000000000000e+02 1.016414999999999964e+04
6.410000000000000000e+02 1.017060000000000036e+04
6.250000000000000000e+02 1.019175000000000000e+04
4.250000000000000000e+02 1.024814999999999964e+04
4.810000000000000000e+02 1.025470000000000073e+04
6.010000000000000000e+02 1.026664999999999964e+04
7.130000000000000000e+02 1.031030000000000109e+04
6.650000000000000000e+02 1.035510000000000036e+04
7.850000000000000000e+02 1.038820000000000073e+04
4.170000000000000000e+02 1.038910000000000036e+04
4.490000000000000000e+02 1.044045000000000073e+04
4.170000000000000000e+02 1.045814999999999964e+04
5.930000000000000000e+02 1.045964999999999964e+04
6.410000000000000000e+02 1.047139999999999964e+04
6.810000000000000000e+02 1.049355000000000109e+04
6.890000000000000000e+02 1.055610000000000036e+04
4.170000000000000000e+02 1.056035000000000036e+04
7.130000000000000000e+02 1.061525000000000000e+04
5.050000000000000000e+02 1.063620000000000073e+04
4.410000000000000000e+02 1.074785000000000036e+04
5.050000000000000000e+02 1.075605000000000109e+04
4.890000000000000000e+02 1.078305000000000109e+04
7.370000000000000000e+02 1.078960000000000036e+04
5.690000000000000000e+02 1.079420000000000073e+04
6.650000000000000000e+02 1.080289999999999964e+04
4.650000000000000000e+02 1.081710000000000036e+04
5.770000000000000000e+02 1.087655000000000109e+04
5.690000000000000000e+02 1.089789999999999964e+04
6.970000000000000000e+02 1.091514999999999964e+04
6.490000000000000000e+02 1.094189999999999964e+04
6.890000000000000000e+02 1.098514999999999964e+04
5.530000000000000000e+02 1.101710000000000036e+04
4.650000000000000000e+02 1.107175000000000000e+04
5.850000000000000000e+02 1.109350000000000000e+04
7.530000000000000000e+02 1.110875000000000000e+04
7.210000000000000000e+02 1.125420000000000073e+04
5.930000000000000000e+02 1.130530000000000109e+04
7.770000000000000000e+02 1.133045000000000073e+04
4.330000000000000000e+02 1.134295000000000073e+04
7.210000000000000000e+02 1.147300000000000000e+04
5.930000000000000000e+02 1.151420000000000073e+04
6.570000000000000000e+02 1.157555000000000109e+04
5.130000000000000000e+02 1.158055000000000109e+04
7.050000000000000000e+02 1.158795000000000073e+04
6.970000000000000000e+02 1.160245000000000073e+04
6.410000000000000000e+02 1.165205000000000109e+04
4.170000000000000000e+02 1.165345000000000073e+04
4.970000000000000000e+02 1.165445000000000073e+04
6.330000000000000000e+02 1.174710000000000036e+04
7.210000000000000000e+02 1.176530000000000109e+04
7.050000000000000000e+02 1.176895000000000073e+04
4.330000000000000000e+02 1.177635000000000036e+04
4.890000000000000000e+02 1.178655000000000109e+04
7.690000000000000000e+02 1.188389999999999964e+04
7.450000000000000000e+02 1.189914999999999964e+04
6.970000000000000000e+02 1.193805000000000109e+04
5.370000000000000000e+02 1.195195000000000073e+04
6.170000000000000000e+02 1.195514999999999964e+04
4.810000000000000000e+02 1.195735000000000036e+04
4.570000000000000000e+02 1.201680000000000109e+04
5.210000000000000000e+02 1.204580000000000109e+04
5.370000000000000000e+02 1.205800000000000000e+04
8.010000000000000000e+02 1.207710000000000036e+04
6.490000000000000000e+02 1.210030000000000109e+04
5.370000000000000000e+02 1.214995000000000073e+04
4.330000000000000000e+02 1.216135000000000036e+04
7.450000000000000000e+02 1.219005000000000109e+04
6.170000000000000000e+02 1.219985000000000036e+04
5.450000000000000000e+02 1.228230000000000109e+04
4.730000000000000000e+02 1.237164999999999964e+04
7.770000000000000000e+02 1.238425000000000000e+04
5.130000000000000000e+02 1.241655000000000109e+04
5.290000000000000000e+02 1.248139999999999964e+04
4.170000000000000000e+02 1.254380000000000109e+04
4.330000000000000000e+02 1.255155000000000109e+04
4.570000000000000000e+02 1.256470000000000073e+04
4.730000000000000000e+02 1.270135000000000036e+04
6.490000000000000000e+02 1.271670000000000073e+04
5.370000000000000000e+02 1.273555000000000109e+04
5.290000000000000000e+02 1.274780000000000109e+04
7.130000000000000000e+02 1.277114999999999964e+04
4.570000000000000000e+02 1.277785000000000036e+04
4.250000000000000000e+02 1.282450000000000000e+04
5.130000000000000000e+02 1.282725000000000000e+04
7.050000000000000000e+02 1.283895000000000073e+04
6.970000000000000000e+02 1.288264999999999964e+04
8.010000000000000000e+02 1.290150000000000000e+04
7.210000000000000000e+02 1.290155000000000109e+04
5.530000000000000000e+02 1.292325000000000000e+04
6.410000000000000000e+02 1.294300000000000000e+04
7.370000000000000000e+02 1.296114999999999964e+04
5.050000000000000000e+02 1.300900000000000000e+04
5.930000000000000000e+02 1.301705000000000109e+04
5.370000000000000000e+02 1.302675000000000000e+04
4.410000000000000000e+02 1.305130000000000109e+04
4.170000000000000000e+02 1.306389999999999964e+04
4.330000000000000000e+02 1.307645000000000073e+04
4.250000000000000000e+02 1.308085000000000036e+04
6.250000000000000000e+02 1.310780000000000109e+04
7.370000000000000000e+02 1.315870000000000073e+04
6.170000000000000000e+02 1.316850000000000000e+04
6.970000000000000000e+02 1.316860000000000036e+04
6.010000000000000000e+02 1.326575000000000000e+04
4.090000000000000000e+02 1.327780000000000109e+04
4.330000000000000000e+02 1.329125000000000000e+04
6.090000000000000000e+02 1.331785000000000036e+04
5.770000000000000000e+02 1.338380000000000109e+04
4.650000000000000000e+02 1.346150000000000000e+04
6.010000000000000000e+02 1.346910000000000036e+04
4.730000000000000000e+02 1.347664999999999964e+04
6.170000000000000000e+02 1.348105000000000109e+04
6.650000000000000000e+02 1.351689999999999964e+04
6.810000000000000000e+02 1.356950000000000000e+04
5.690000000000000000e+02 1.359080000000000109e+04
7.370000000000000000e+02 1.360789999999999964e+04
6.410000000000000000e+02 1.360900000000000000e+04
6.970000000000000000e+02 1.368614999999999964e+04
6.810000000000000000e+02 1.370710000000000036e+04
6.250000000000000000e+02 1.372925000000000000e+04
7.450000000000000000e+02 1.375045000000000073e+04
6.170000000000000000e+02 1.375095000000000073e+04
5.210000000000000000e+02 1.381985000000000036e+04
7.770000000000000000e+02 1.391864999999999964e+04
7.850000000000000000e+02 1.397425000000000000e+04
7.210000000000000000e+02 1.398060000000000036e+04
7.450000000000000000e+02 1.398180000000000109e+04
4.970000000000000000e+02 1.401239999999999964e+04
4.650000000000000000e+02 1.402295000000000073e+04
6.890000000000000000e+02 1.408430000000000109e+04
6.010000000000000000e+02 1.415664999999999964e+04
6.170000000000000000e+02 1.418755000000000109e+04
6.250000000000000000e+02 1.427189999999999964e+04
6.650000000000000000e+02 1.429270000000000073e+04
7.610000000000000000e+02 1.429635000000000036e+04
7.130000000000000000e+02 1.435650000000000000e+04
5.770000000000000000e+02 1.439480000000000109e+04
7.770000000000000000e+02 1.442160000000000036e+04
5.530000000000000000e+02 1.442380000000000109e+04
5.610000000000000000e+02 1.442470000000000073e+04
4.970000000000000000e+02 1.443360000000000036e+04
7.450000000000000000e+02 1.449475000000000000e+04
6.570000000000000000e+02 1.449925000000000000e+04
7.530000000000000000e+02 1.450845000000000073e+04
6.010000000000000000e+02 1.453264999999999964e+04
7.930000000000000000e+02 1.455570000000000073e+04
6.250000000000000000e+02 1.456675000000000000e+04
5.690000000000000000e+02 1.461010000000000036e+04
6.570000000000000000e+02 1.462180000000000109e+04
5.050000000000000000e+02 1.462410000000000036e+04
7.130000000000000000e+02 1.464270000000000073e+04
4.330000000000000000e+02 1.464785000000000036e+04
7.050000000000000000e+02 1.467210000000000036e+04
4.490000000000000000e+02 1.469775000000000000e+04
6.970000000000000000e+02 1.470320000000000073e+04
7.690000000000000000e+02 1.471430000000000109e+04
7.370000000000000000e+02 1.472145000000000073e+04
4.570000000000000000e+02 1.473189999999999964e+04
4.090000000000000000e+02 1.479870000000000073e+04
6.490000000000000000e+02 1.487960000000000036e+04
7.690000000000000000e+02 1.490564999999999964e+04
6.490000000000000000e+02 1.499750000000000000e+04
6.170000000000000000e+02 1.509585000000000036e+04
7.370000000000000000e+02 1.510160000000000036e+04
7.130000000000000000e+02 1.510680000000000109e+04
4.650000000000000000e+02 1.511895000000000073e+04
4.170000000000000000e+02 1.512010000000000036e+04
7.930000000000000000e+02 1.512064999999999964e+04
6.570000000000000000e+02 1.515125000000000000e+04
6.490000000000000000e+02 1.515870000000000073e+04
4.410000000000000000e+02 1.517805000000000109e+04
7.290000000000000000e+02 1.525925000000000000e+04
7.530000000000000000e+02 1.526914999999999964e+04
6.010000000000000000e+02 1.528914999999999964e+04
5.930000000000000000e+02 1.533195000000000073e+04
4.330000000000000000e+02 1.533850000000000000e+04
6.090000000000000000e+02 1.535880000000000109e+04
4.810000000000000000e+02 1.540350000000000000e+04
4.570000000000000000e+02 1.554639999999999964e+04
8.010000000000000000e+02 1.562000000000000000e+04
6.570000000000000000e+02 1.562914999999999964e+04
6.890000000000000000e+02 1.564475000000000000e+04
5.610000000000000000e+02 1.566739999999999964e+04
5.530000000000000000e+02 1.566930000000000109e+04
7.050000000000000000e+02 1.568930000000000109e+04
4.090000000000000000e+02 1.569720000000000073e+04
4.570000000000000000e+02 1.570460000000000036e+04
6.970000000000000000e+02 1.573895000000000073e+04
5.930000000000000000e+02 1.574014999999999964e+04
5.690000000000000000e+02 1.579805000000000109e+04
7.770000000000000000e+02 1.581310000000000036e+04
6.330000000000000000e+02 1.582535000000000036e+04
4.330000000000000000e+02 1.585375000000000000e+04
4.410000000000000000e+02 1.595555000000000109e+04
7.850000000000000000e+02 1.596860000000000036e+04
4.810000000000000000e+02 1.608089999999999964e+04
5.450000000000000000e+02 1.609414999999999964e+04
4.170000000000000000e+02 1.611155000000000109e+04
5.370000000000000000e+02 1.618855000000000109e+04
7.930000000000000000e+02 1.619200000000000000e+04
5.930000000000000000e+02 1.620445000000000073e+04
7.450000000000000000e+02 1.624575000000000000e+04
5.930000000000000000e+02 1.628370000000000073e+04
6.170000000000000000e+02 1.629375000000000000e+04
7.690000000000000000e+02 1.630620000000000073e+04
7.370000000000000000e+02 1.638389999999999964e+04
7.610000000000000000e+02 1.638529999999999927e+04
6.570000000000000000e+02 1.640165000000000146e+04
4.170000000000000000e+02 1.640750000000000000e+04
6.410000000000000000e+02 1.641109999999999854e+04
7.850000000000000000e+02 1.642615000000000146e+04
4.330000000000000000e+02 1.646575000000000000e+04
7.050000000000000000e+02 1.647800000000000000e+04
7.290000000000000000e+02 1.648645000000000073e+04
6.010000000000000000e+02 1.650820000000000073e+04
5.210000000000000000e+02 1.658265000000000146e+04
4.490000000000000000e+02 1.662140000000000146e+04
4.890000000000000000e+02 1.662795000000000073e+04
6.490000000000000000e+02 1.663009999999999854e+04
4.250000000000000000e+02 1.663229999999999927e+04
5.370000000000000000e+02 1.663840000000000146e+04
7.290000000000000000e+02 1.663895000000000073e+04
6.330000000000000000e+02 1.665279999999999927e+04
4.170000000000000000e+02 1.673059999999999854e+04
6.650000000000000000e+02 1.679745000000000073e+04
6.010000000000000000e+02 1.685434999999999854e+04
7.850000000000000000e+02 1.685779999999999927e+04
5.770000000000000000e+02 1.687320000000000073e+04
6.330000000000000000e+02 1.688195000000000073e+04
5.530000000000000000e+02 1.693515000000000146e+04
6.650000000000000000e+02 1.693750000000000000e+04
4.570000000000000000e+02 1.696020000000000073e+04
6.490000000000000000e+02 1.701990000000000146e+04
7.450000000000000000e+02 1.702629999999999927e+04
6.090000000000000000e+02 1.703920000000000073e+04
5.370000000000000000e+02 1.707950000000000000e+04
5.850000000000000000e+02 1.707979999999999927e+04
5.610000000000000000e+02 1.709965000000000146e+04
4.650000000000000000e+02 1.712670000000000073e+04
6.570000000000000000e+02 1.724779999999999927e+04
5.690000000000000000e+02 1.725850000000000000e+04
7.930000000000000000e+02 1.736665000000000146e+04
4.970000000000000000e+02 1.740840000000000146e+04
4.650000000000000000e+02 1.741634999999999854e+04
5.210000000000000000e+02 1.746545000000000073e+04
4.090000000000000000e+02 1.748790000000000146e+04
7.290000000000000000e+02 1.751420000000000073e+04
5.930000000000000000e+02 1.752029999999999927e+04
7.370000000000000000e+02 1.753125000000000000e+04
4.170000000000000000e+02 1.753140000000000146e+04
7.130000000000000000e+02 1.755829999999999927e+04
6.010000000000000000e+02 1.756150000000000000e+04
4.330000000000000000e+02 1.757710000000000218e+04
6.410000000000000000e+02 1.758535000000000218e+04
5.290000000000000000e+02 1.763575000000000000e+04
7.930000000000000000e+02 1.763954999999999927e+04
6.570000000000000000e+02 1.768704999999999927e+04
7.610000000000000000e+02 1.769004999999999927e+04
6.090000000000000000e+02 1.772340000000000146e+04
7.370000000000000000e+02 1.777370000000000073e+04
7.770000000000000000e+02 1.780420000000000073e+04
4.250000000000000000e+02 1.792200000000000000e+04
7.370000000000000000e+02 1.792450000000000000e+04
4.730000000000000000e+02 1.794860000000000218e+04
4.890000000000000000e+02 1.795200000000000000e+04
4.570000000000000000e+02 1.797760000000000218e+04
5.770000000000000000e+02 1.802695000000000073e+04
6.970000000000000000e+02 1.807420000000000073e+04
6.330000000000000000e+02 1.808340000000000146e+04
6.650000000000000000e+02 1.811010000000000218e+04
5.930000000000000000e+02 1.811400000000000000e+04
4.250000000000000000e+02 1.811685000000000218e+04
5.210000000000000000e+02 1.814470000000000073e+04
7.290000000000000000e+02 1.814479999999999927e+04
6.890000000000000000e+02 1.816460000000000218e+04
5.930000000000000000e+02 1.819300000000000000e+04
5.370000000000000000e+02 1.822395000000000073e+04
5.290000000000000000e+02 1.828090000000000146e+04
6.650000000000000000e+02 1.828195000000000073e+04
4.170000000000000000e+02 1.828229999999999927e+04
4.570000000000000000e+02 1.830104999999999927e+04
4.090000000000000000e+02 1.832190000000000146e+04
7.690000000000000000e+02 1.834725000000000000e+04
7.450000000000000000e+02 1.835929999999999927e+04
6.010000000000000000e+02 1.837240000000000146e+04
6.650000000000000000e+02 1.838340000000000146e+04
8.010000000000000000e+02 1.838779999999999927e+04
4.570000000000000000e+02 1.840379999999999927e+04
4.090000000000000000e+02 1.844215000000000146e+04
7.930000000000000000e+02 1.845110000000000218e+04
4.330000000000000000e+02 1.847815000000000146e+04
5.050000000000000000e+02 1.847854999999999927e+04
7.050000000000000000e+02 1.854460000000000218e+04
7.690000000000000000e+02 1.859640000000000146e+04
4.170000000000000000e+02 1.864340000000000146e+04
5.450000000000000000e+02 1.865620000000000073e+04
7.450000000000000000e+02 1.868115000000000146e+04
6.170000000000000000e+02 1.870685000000000218e+04
6.650000000000000000e+02 1.870895000000000073e+04
4.810000000000000000e+02 1.872465000000000146e+04
5.770000000000000000e+02 1.874960000000000218e+04
6.650000000000000000e+02 1.884095000000000073e+04
8.010000000000000000e+02 1.887029999999999927e+04
5.370000000000000000e+02 1.890860000000000218e+04
5.530000000000000000e+02 1.891885000000000218e+04
7.930000000000000000e+02 1.891985000000000218e+04
5.050000000000000000e+02 1.893840000000000146e+04
4.490000000000000000e+02 1.893890000000000146e+04
4.170000000000000000e+02 1.896235000000000218e+04
4.970000000000000000e+02 1.898110000000000218e+04
7.050000000000000000e+02 1.901415000000000146e+04
6.970000000000000000e+02 1.903735000000000218e+04
5.530000000000000000e+02 1.904715000000000146e+04
4.890000000000000000e+02 1.906170000000000073e+04
6.410000000000000000e+02 1.906250000000000000e+04
7.690000000000000000e+02 1.906879999999999927e+04
5.850000000000000000e+02 1.908865000000000146e+04
6.650000000000000000e+02 1.913510000000000218e+04
6.490000000000000000e+02 1.914225000000000000e+04
5.930000000000000000e+02 1.920240000000000146e+04
6.970000000000000000e+02 1.922354999999999927e+04
5.450000000000000000e+02 1.923695000000000073e+04
4.570000000000000000e+02 1.926075000000000000e+04
4.970000000000000000e+02 1.929595000000000073e+04
5.930000000000000000e+02 1.930565000000000146e+04
7.210000000000000000e+02 1.932885000000000218e+04
6.650000000000000000e+02 1.938575000000000000e+04
7.770000000000000000e+02 1.939835000000000218e+04
4.730000000000000000e+02 1.941165000000000146e+04
4.570000000000000000e+02 1.947075000000000000e+04
5.210000000000000000e+02 1.948245000000000073e+04
6.970000000000000000e+02 1.950915000000000146e+04
5.450000000000000000e+02 1.952060000000000218e+04
5.850000000000000000e+02 1.952540000000000146e+04
5.610000000000000000e+02 1.953920000000000073e+04
6.410000000000000000e+02 1.960745000000000073e+04
7.290000000000000000e+02 1.963400000000000000e+04
4.810000000000000000e+02 1.967475000000000000e+04
5.370000000000000000e+02 1.968065000000000146e+04
4.650000000000000000e+02 1.972310000000000218e+04
4.890000000000000000e+02 1.972765000000000146e+04
6.650000000000000000e+02 1.974915000000000146e+04
6.810000000000000000e+02 1.975475000000000000e+04
6.010000000000000000e+02 1.982560000000000218e+04
6.650000000000000000e+02 1.983775000000000000e+04
8.010000000000000000e+02 1.985679999999999927e+04
6.090000000000000000e+02 1.987970000000000073e+04
7.690000000000000000e+02 1.988325000000000000e+04
7.770000000000000000e+02 1.990254999999999927e+04
6.330000000000000000e+02 1.996475000000000000e+04
6.490000000000000000e+02 1.998995000000000073e+04
5.930000000000000000e+02 1.999925000000000000e+04
5.850000000000000000e+02 2.003420000000000073e+04
7.050000000000000000e+02 2.004060000000000218e+04
7.770000000000000000e+02 2.009550000000000000e+04
6.650000000000000000e+02 2.014265000000000146e+04
4.410000000000000000e+02 2.015495000000000073e+04
6.250000000000000000e+02 2.017645000000000073e+04
6.890000000000000000e+02 2.018360000000000218e+04
7.930000000000000000e+02 2.019770000000000073e+04
6.330000000000000000e+02 2.020385000000000218e+04
5.290000000000000000e+02 2.023050000000000000e+04
7.610000000000000000e+02 2.027375000000000000e+04
4.570000000000000000e+02 2.035740000000000146e+04
7.450000000000000000e+02 2.036125000000000000e+04
5.610000000000000000e+02 2.038829999999999927e+04
7.530000000000000000e+02 2.043404999999999927e+04
4.570000000000000000e+02 2.043570000000000073e+04
7.290000000000000000e+02 2.046140000000000146e+04
6.490000000000000000e+02 2.046695000000000073e+04
6.970000000000000000e+02 2.047750000000000000e+04
6.730000000000000000e+02 2.049190000000000146e+04
5.290000000000000000e+02 2.054475000000000000e+04
6.490000000000000000e+02 2.058479999999999927e+04
7.050000000000000000e+02 2.060315000000000146e+04
6.010000000000000000e+02 2.067015000000000146e+04
4.170000000000000000e+02 2.068565000000000146e+04
6.490000000000000000e+02 2.075590000000000146e+04
5.450000000000000000e+02 2.093060000000000218e+04
6.010000000000000000e+02 2.093579999999999927e+04
4.090000000000000000e+02 2.101735000000000218e+04
7.370000000000000000e+02 2.102295000000000073e+04
7.530000000000000000e+02 2.104335000000000218e+04
6.250000000000000000e+02 2.109529999999999927e+04
5.690000000000000000e+02 2.116304999999999927e+04
5.370000000000000000e+02 2.118220000000000073e+04
7.050000000000000000e+02 2.118470000000000073e+04
6.970000000000000000e+02 2.119610000000000218e+04
7.130000000000000000e+02 2.121065000000000146e+04
4.890000000000000000e+02 2.123585000000000218e+04
7.290000000000000000e+02 2.129950000000000000e+04
6.970000000000000000e+02 2.133995000000000073e+04
5.850000000000000000e+02 2.135665000000000146e+04
7.770000000000000000e+02 2.138229999999999927e+04
5.450000000000000000e+02 2.143950000000000000e+04
8.010000000000000000e+02 2.145225000000000000e+04
6.410000000000000000e+02 2.147500000000000000e+04
6.170000000000000000e+02 2.150765000000000146e+04
5.930000000000000000e+02 2.153540000000000146e+04
5.370000000000000000e+02 2.155960000000000218e+04
4.170000000000000000e+02 2.156120000000000073e+04
4.730000000000000000e+02 2.157500000000000000e+04
6.890000000000000000e+02 2.159485000000000218e+04
7.690000000000000000e+02 2.160190000000000146e+04
7.290000000000000000e+02 2.161510000000000218e+04
7.050000000000000000e+02 2.167210000000000218e+04
6.410000000000000000e+02 2.167270000000000073e+04
5.210000000000000000e+02 2.169710000000000218e+04
7.290000000000000000e+02 2.171975000000000000e+04
5.530000000000000000e+02 2.181504999999999927e+04
5.450000000000000000e+02 2.182979999999999927e+04
6.330000000000000000e+02 2.185154999999999927e+04
7.210000000000000000e+02 2.185375000000000000e+04
6.730000000000000000e+02 2.190835000000000218e+04
7.770000000000000000e+02 2.197370000000000073e+04
5.210000000000000000e+02 2.203300000000000000e+04
4.410000000000000000e+02 2.206054999999999927e+04
6.810000000000000000e+02 2.207835000000000218e+04
4.890000000000000000e+02 2.208615000000000146e+04
4.810000000000000000e+02 2.209750000000000000e+04
7.610000000000000000e+02 2.210035000000000218e+04
5.050000000000000000e+02 2.215695000000000073e+04
5.130000000000000000e+02 2.221625000000000000e+04
4.250000000000000000e+02 2.221679999999999927e+04
4.810000000000000000e+02 2.222015000000000146e+04
7.610000000000000000e+02 2.224465000000000146e+04
4.330000000000000000e+02 2.228445000000000073e+04
4.890000000000000000e+02 2.229354999999999927e+04
4.730000000000000000e+02 2.232495000000000073e+04
4.890000000000000000e+02 2.236385000000000218e+04
5.370000000000000000e+02 2.237054999999999927e+04
6.250000000000000000e+02 2.239079999999999927e+04
7.450000000000000000e+02 2.258229999999999927e+04
6.490000000000000000e+02 2.259445000000000073e+04
4.730000000000000000e+02 2.263125000000000000e+04
4.170000000000000000e+02 2.263625000000000000e+04
7.130000000000000000e+02 2.264470000000000073e+04
7.770000000000000000e+02 2.266920000000000073e+04
5.690000000000000000e+02 2.268040000000000146e+04
7.610000000000000000e+02 2.270145000000000073e+04
4.250000000000000000e+02 2.272020000000000073e+04
7.770000000000000000e+02 2.273279999999999927e+04
5.370000000000000000e+02 2.274075000000000000e+04
5.610000000000000000e+02 2.274845000000000073e+04
4.890000000000000000e+02 2.278629999999999927e+04
7.050000000000000000e+02 2.279279999999999927e+04
4.810000000000000000e+02 2.282804999999999927e+04
6.810000000000000000e+02 2.286060000000000218e+04
7.770000000000000000e+02 2.289660000000000218e+04
7.130000000000000000e+02 2.291860000000000218e+04
6.330000000000000000e+02 2.295020000000000073e+04
6.970000000000000000e+02 2.295895000000000073e+04
6.170000000000000000e+02 2.296585000000000218e+04
7.290000000000000000e+02 2.300425000000000000e+04
7.450000000000000000e+02 2.300765000000000146e+04
6.650000000000000000e+02 2.304220000000000073e+04
4.170000000000000000e+02 2.308815000000000146e+04
7.210000000000000000e+02 2.310145000000000073e+04
4.650000000000000000e+02 2.313260000000000218e+04
5.450000000000000000e+02 2.315400000000000000e+04
6.570000000000000000e+02 2.315415000000000146e+04
6.090000000000000000e+02 2.317450000000000000e+04
4.810000000000000000e+02 2.319575000000000000e+04
7.770000000000000000e+02 2.321204999999999927e+04
4.570000000000000000e+02 2.325415000000000146e+04
4.090000000000000000e+02 2.325600000000000000e+04
6.890000000000000000e+02 2.325665000000000146e+04
7.530000000000000000e+02 2.327590000000000146e+04
6.010000000000000000e+02 2.327935000000000218e+04
6.570000000000000000e+02 2.333175000000000000e+04
5.530000000000000000e+02 2.335320000000000073e+04
5.370000000000000000e+02 2.336350000000000000e+04
4.810000000000000000e+02 2.338504999999999927e+04
5.530000000000000000e+02 2.346445000000000073e+04
4.890000000000000000e+02 2.347904999999999927e+04
7.610000000000000000e+02 2.348090000000000146e+04
4.570000000000000000e+02 2.351725000000000000e+04
6.890000000000000000e+02 2.357954999999999927e+04
7.610000000000000000e+02 2.358015000000000146e+04
7.290000000000000000e+02 2.359485000000000218e+04
6.650000000000000000e+02 2.362565000000000146e+04
7.690000000000000000e+02 2.366170000000000073e+04
6.810000000000000000e+02 2.369315000000000146e+04
4.570000000000000000e+02 2.372350000000000000e+04
7.770000000000000000e+02 2.373310000000000218e+04
5.130000000000000000e+02 2.375875000000000000e+04
5.050000000000000000e+02 2.376404999999999927e+04
6.970000000000000000e+02 2.379270000000000073e+04
5.130000000000000000e+02 2.381004999999999927e+04
5.450000000000000000e+02 2.383285000000000218e+04
4.250000000000000000e+02 2.383529999999999927e+04
6.170000000000000000e+02 2.384895000000000073e+04
6.890000000000000000e+02 2.388200000000000000e+04
5.610000000000000000e+02 2.390735000000000218e+04
4.090000000000000000e+02 2.392215000000000146e+04
7.690000000000000000e+02 2.394195000000000073e+04
5.930000000000000000e+02 2.394950000000000000e+04
4.570000000000000000e+02 2.395750000000000000e+04
4.410000000000000000e+02 2.400695000000000073e+04
5.290000000000000000e+02 2.401940000000000146e+04
4.090000000000000000e+02 2.403585000000000218e+04
4.490000000000000000e+02 2.411320000000000073e+04
7.290000000000000000e+02 2.413100000000000000e+04
4.810000000000000000e+02 2.414175000000000000e+04
7.450000000000000000e+02 2.416815000000000146e+04
7.930000000000000000e+02 2.421835000000000218e+04
7.210000000000000000e+02 2.423270000000000073e+04
7.050000000000000000e+02 2.423279999999999927e+04
4.090000000000000000e+02 2.428154999999999927e+04
4.890000000000000000e+02 2.428435000000000218e+04
7.930000000000000000e+02 2.439415000000000146e+04
6.650000000000000000e+02 2.440920000000000073e+04
7.770000000000000000e+02 2.441510000000000218e+04
7.210000000000000000e+02 2.446940000000000146e+04
4.890000000000000000e+02 2.447140000000000146e+04
4.490000000000000000e+02 2.452885000000000218e+04
4.170000000000000000e+02 2.467815000000000146e+04
5.610000000000000000e+02 2.472310000000000218e+04
7.050000000000000000e+02 2.474854999999999927e+04
4.890000000000000000e+02 2.475650000000000000e+04
6.570000000000000000e+02 2.480000000000000000e+04
5.530000000000000000e+02 2.482450000000000000e+04
7.290000000000000000e+02 2.490029999999999927e+04
5.610000000000000000e+02 2.492265000000000146e+04
7.050000000000000000e+02 2.494185000000000218e+04
6.650000000000000000e+02 2.495070000000000073e+04
6.810000000000000000e+02 2.501375000000000000e+04
7.530000000000000000e+02 2.506025000000000000e+04
5.450000000000000000e+02 2.507310000000000218e+04
7.290000000000000000e+02 2.509025000000000000e+04
5.530000000000000000e+02 2.510345000000000073e+04
6.090000000000000000e+02 2.513420000000000073e+04
7.210000000000000000e+02 2.513470000000000073e+04
4.090000000000000000e+02 2.518995000000000073e+04
4.330000000000000000e+02 2.522845000000000073e+04
7.290000000000000000e+02 2.525454999999999927e+04
4.170000000000000000e+02 2.527215000000000146e+04
5.370000000000000000e+02 2.531200000000000000e+04
7.690000000000000000e+02 2.531350000000000000e+04
6.250000000000000000e+02 2.531360000000000218e+04
4.410000000000000000e+02 2.533579999999999927e+04
8.010000000000000000e+02 2.535075000000000000e+04
7.530000000000000000e+02 2.535715000000000146e+04
7.850000000000000000e+02 2.535829999999999927e+04
4.090000000000000000e+02 2.540115000000000146e+04
6.570000000000000000e+02 2.543520000000000073e+04
7.370000000000000000e+02 2.543890000000000146e+04
6.410000000000000000e+02 2.547375000000000000e+04
4.810000000000000000e+02 2.548410000000000218e+04
6.490000000000000000e+02 2.552435000000000218e+04
5.450000000000000000e+02 2.552820000000000073e+04
5.370000000000000000e+02 2.552995000000000073e+04
7.690000000000000000e+02 2.556460000000000218e+04
7.530000000000000000e+02 2.557270000000000073e+04
7.450000000000000000e+02 2.558379999999999927e+04
5.450000000000000000e+02 2.559335000000000218e+04
6.490000000000000000e+02 2.561779999999999927e+04
4.250000000000000000e+02 2.569875000000000000e+04
7.210000000000000000e+02 2.576754999999999927e+04
5.530000000000000000e+02 2.576865000000000146e+04
7.210000000000000000e+02 2.581920000000000073e+04
6.010000000000000000e+02 2.582615000000000146e+04
4.250000000000000000e+02 2.590454999999999927e+04
4.250000000000000000e+02 2.597075000000000000e+04
7.690000000000000000e+02 2.599340000000000146e+04
4.410000000000000000e+02 2.600640000000000146e+04
7.050000000000000000e+02 2.602379999999999927e+04
6.970000000000000000e+02 2.607845000000000073e+04
6.090000000000000000e+02 2.609750000000000000e+04
7.130000000000000000e+02 2.611945000000000073e+04
6.650000000000000000e+02 2.612710000000000218e+04
7.290000000000000000e+02 2.612979999999999927e+04
6.250000000000000000e+02 2.618295000000000073e+04
7.770000000000000000e+02 2.621695000000000073e+04
7.130000000000000000e+02 2.621729999999999927e+04
4.410000000000000000e+02 2.626979999999999927e+04
4.570000000000000000e+02 2.626985000000000218e+04
4.650000000000000000e+02 2.627050000000000000e+04
7.130000000000000000e+02 2.631885000000000218e+04
6.330000000000000000e+02 2.634675000000000000e+04
6.810000000000000000e+02 2.638104999999999927e+04
4.330000000000000000e+02 2.640604999999999927e+04
4.170000000000000000e+02 2.642445000000000073e+04
4.650000000000000000e+02 2.644860000000000218e+04
5.130000000000000000e+02 2.650510000000000218e+04
6.010000000000000000e+02 2.650945000000000073e+04
5.290000000000000000e+02 2.651435000000000218e+04
4.570000000000000000e+02 2.655754999999999927e+04
4.890000000000000000e+02 2.656875000000000000e+04
7.450000000000000000e+02 2.657529999999999927e+04
7.770000000000000000e+02 2.658029999999999927e+04
5.930000000000000000e+02 2.661645000000000073e+04
5.130000000000000000e+02 2.665495000000000073e+04
6.970000000000000000e+02 2.668029999999999927e+04
4.330000000000000000e+02 2.668085000000000218e+04
6.170000000000000000e+02 2.670035000000000218e+04
4.570000000000000000e+02 2.671275000000000000e+04
8.010000000000000000e+02 2.673045000000000073e+04
4.810000000000000000e+02 2.673085000000000218e+04
7.930000000000000000e+02 2.675395000000000073e+04
5.450000000000000000e+02 2.676760000000000218e+04
6.730000000000000000e+02 2.677440000000000146e+04
7.450000000000000000e+02 2.677890000000000146e+04
6.570000000000000000e+02 2.679435000000000218e+04
8.010000000000000000e+02 2.680270000000000073e+04
6.250000000000000000e+02 2.685500000000000000e+04
4.330000000000000000e+02 2.687065000000000146e+04
4.970000000000000000e+02 2.692695000000000073e+04
5.050000000000000000e+02 2.694465000000000146e+04
4.490000000000000000e+02 2.695529999999999927e+04
6.650000000000000000e+02 2.696320000000000073e+04
5.530000000000000000e+02 2.698015000000000146e+04
4.250000000000000000e+02 2.698160000000000218e+04
5.610000000000000000e+02 2.698585000000000218e+04
4.090000000000000000e+02 2.700885000000000218e+04
5.930000000000000000e+02 2.703595000000000073e+04
6.330000000000000000e+02 2.704179999999999927e+04
6.410000000000000000e+02 2.706045000000000073e+04
7.210000000000000000e+02 2.706085000000000218e+04
6.010000000000000000e+02 2.713500000000000000e+04
4.090000000000000000e+02 2.715254999999999927e+04
6.490000000000000000e+02 2.715375000000000000e+04
5.930000000000000000e+02 2.719065000000000146e+04
6.650000000000000000e+02 2.720345000000000073e+04
4.170000000000000000e+02 2.724385000000000218e+04
7.370000000000000000e+02 2.725404999999999927e+04
6.570000000000000000e+02 2.728285000000000218e+04
7.690000000000000000e+02 2.730285000000000218e+04
7.050000000000000000e+02 2.731625000000000000e+04
5.050000000000000000e+02 2.734985000000000218e+04
4.250000000000000000e+02 2.736679999999999927e+04
7.850000000000000000e+02 2.740404999999999927e+04
4.810000000000000000e+02 2.740985000000000218e+04
7.370000000000000000e+02 2.741320000000000073e+04
7.050000000000000000e+02 2.741720000000000073e+04
5.610000000000000000e+02 2.744900000000000000e+04
4.330000000000000000e+02 2.745415000000000146e+04
7.850000000000000000e+02 2.747550000000000000e+04
5.290000000000000000e+02 2.748020000000000073e+04
7.290000000000000000e+02 2.751479999999999927e+04
4.570000000000000000e+02 2.756595000000000073e+04
4.650000000000000000e+02 2.758804999999999927e+04
5.530000000000000000e+02 2.759910000000000218e+04
7.050000000000000000e+02 2.760945000000000073e+04
5.610000000000000000e+02 2.763815000000000146e+04
4.650000000000000000e+02 2.765654999999999927e+04
7.210000000000000000e+02 2.765765000000000146e+04
6.570000000000000000e+02 2.767554999999999927e+04
5.290000000000000000e+02 2.769700000000000000e+04
7.610000000000000000e+02 2.769810000000000218e+04
5.370000000000000000e+02 2.770204999999999927e+04
7.770000000000000000e+02 2.770575000000000000e+04
5.690000000000000000e+02 2.778860000000000218e+04
4.250000000000000000e+02 2.779750000000000000e+04
4.410000000000000000e+02 2.780590000000000146e+04
6.330000000000000000e+02 2.782429999999999927e+04
6.170000000000000000e+02 2.790550000000000000e+04
5.050000000000000000e+02 2.795445000000000073e+04
4.410000000000000000e+02 2.796140000000000146e+04
4.330000000000000000e+02 2.796704999999999927e+04
6.570000000000000000e+02 2.796929999999999927e+04
4.570000000000000000e+02 2.798140000000000146e+04
5.690000000000000000e+02 2.799640000000000146e+04
5.460000000000000000e+02 1.166000000000000085e+02
5.700000000000000000e+02 1.279000000000000057e+02
6.100000000000000000e+02 1.461500000000000057e+02
6.020000000000000000e+02 1.695000000000000000e+02
4.740000000000000000e+02 2.115000000000000000e+02
4.900000000000000000e+02 2.203499999999999943e+02
6.100000000000000000e+02 2.613500000000000227e+02
4.420000000000000000e+02 3.547500000000000000e+02
6.740000000000000000e+02 3.662500000000000000e+02
6.900000000000000000e+02 3.836999999999999886e+02
6.180000000000000000e+02 3.983000000000000114e+02
7.220000000000000000e+02 4.831999999999999886e+02
4.820000000000000000e+02 5.185499999999999545e+02
6.980000000000000000e+02 5.293500000000000227e+02
6.660000000000000000e+02 5.302000000000000455e+02
7.780000000000000000e+02 5.431499999999999773e+02
5.700000000000000000e+02 5.662500000000000000e+02
6.820000000000000000e+02 5.675500000000000682e+02
7.220000000000000000e+02 5.923000000000000682e+02
4.100000000000000000e+02 5.973999999999999773e+02
7.300000000000000000e+02 6.081499999999999773e+02
5.540000000000000000e+02 6.202500000000000000e+02
7.540000000000000000e+02 6.437500000000000000e+02
4.260000000000000000e+02 6.945000000000000000e+02
6.180000000000000000e+02 7.058000000000000682e+02
5.780000000000000000e+02 7.145500000000000682e+02
6.420000000000000000e+02 7.419500000000000455e+02
7.620000000000000000e+02 7.499500000000000455e+02
4.420000000000000000e+02 8.125500000000000682e+02
4.100000000000000000e+02 8.881000000000000227e+02
4.580000000000000000e+02 9.616000000000000227e+02
7.060000000000000000e+02 9.970500000000000682e+02
4.420000000000000000e+02 1.010700000000000045e+03
6.820000000000000000e+02 1.038250000000000000e+03
5.780000000000000000e+02 1.070000000000000000e+03
4.740000000000000000e+02 1.082400000000000091e+03
5.060000000000000000e+02 1.095400000000000091e+03
4.500000000000000000e+02 1.095799999999999955e+03
7.860000000000000000e+02 1.113150000000000091e+03
7.060000000000000000e+02 1.121500000000000000e+03
7.540000000000000000e+02 1.228900000000000091e+03
5.060000000000000000e+02 1.242150000000000091e+03
6.500000000000000000e+02 1.264600000000000136e+03
7.460000000000000000e+02 1.312850000000000136e+03
4.580000000000000000e+02 1.434400000000000091e+03
4.660000000000000000e+02 1.437250000000000000e+03
7.700000000000000000e+02 1.447049999999999955e+03
5.300000000000000000e+02 1.458799999999999955e+03
6.180000000000000000e+02 1.529549999999999955e+03
6.740000000000000000e+02 1.547700000000000045e+03
6.020000000000000000e+02 1.576400000000000091e+03
6.580000000000000000e+02 1.582799999999999955e+03
7.940000000000000000e+02 1.602400000000000091e+03
7.140000000000000000e+02 1.617100000000000136e+03
6.980000000000000000e+02 1.627299999999999955e+03
7.380000000000000000e+02 1.661350000000000136e+03
7.940000000000000000e+02 1.721250000000000000e+03
7.460000000000000000e+02 1.732150000000000091e+03
5.620000000000000000e+02 1.756900000000000091e+03
7.860000000000000000e+02 1.830100000000000136e+03
6.740000000000000000e+02 1.841549999999999955e+03
7.140000000000000000e+02 1.844400000000000091e+03
6.500000000000000000e+02 1.870400000000000091e+03
4.820000000000000000e+02 1.968549999999999955e+03
7.380000000000000000e+02 2.026049999999999955e+03
7.140000000000000000e+02 2.046350000000000136e+03
6.340000000000000000e+02 2.047049999999999955e+03
5.780000000000000000e+02 2.080400000000000091e+03
4.900000000000000000e+02 2.081050000000000182e+03
4.100000000000000000e+02 2.111099999999999909e+03
6.260000000000000000e+02 2.134650000000000091e+03
7.620000000000000000e+02 2.141050000000000182e+03
4.020000000000000000e+02 2.423750000000000000e+03
7.780000000000000000e+02 2.439250000000000000e+03
6.820000000000000000e+02 2.442000000000000000e+03
5.620000000000000000e+02 2.462750000000000000e+03
7.620000000000000000e+02 2.477950000000000273e+03
6.260000000000000000e+02 2.486750000000000000e+03
6.820000000000000000e+02 2.500750000000000000e+03
5.700000000000000000e+02 2.504599999999999909e+03
6.740000000000000000e+02 2.574099999999999909e+03
4.500000000000000000e+02 2.626400000000000091e+03
5.380000000000000000e+02 2.636150000000000091e+03
6.420000000000000000e+02 2.652450000000000273e+03
4.020000000000000000e+02 2.692150000000000091e+03
5.060000000000000000e+02 2.704150000000000091e+03
5.780000000000000000e+02 2.736700000000000273e+03
5.620000000000000000e+02 2.751450000000000273e+03
7.380000000000000000e+02 2.822550000000000182e+03
5.140000000000000000e+02 2.870500000000000000e+03
7.220000000000000000e+02 2.954000000000000000e+03
7.860000000000000000e+02 2.954550000000000182e+03
7.380000000000000000e+02 2.956050000000000182e+03
5.700000000000000000e+02 2.986550000000000182e+03
4.820000000000000000e+02 3.023200000000000273e+03
6.580000000000000000e+02 3.035200000000000273e+03
6.900000000000000000e+02 3.036700000000000273e+03
5.460000000000000000e+02 3.044450000000000273e+03
7.060000000000000000e+02 3.072400000000000091e+03
6.740000000000000000e+02 3.140849999999999909e+03
7.060000000000000000e+02 3.148700000000000273e+03
4.500000000000000000e+02 3.157300000000000182e+03
6.260000000000000000e+02 3.207099999999999909e+03
5.140000000000000000e+02 3.216400000000000091e+03
5.060000000000000000e+02 3.250450000000000273e+03
5.780000000000000000e+02 3.294200000000000273e+03
6.020000000000000000e+02 3.322200000000000273e+03
5.620000000000000000e+02 3.323050000000000182e+03
5.380000000000000000e+02 3.336750000000000000e+03
7.940000000000000000e+02 3.336950000000000273e+03
4.260000000000000000e+02 3.339250000000000000e+03
7.540000000000000000e+02 3.371500000000000000e+03
6.260000000000000000e+02 3.373250000000000000e+03
7.860000000000000000e+02 3.452950000000000273e+03
6.900000000000000000e+02 3.491150000000000091e+03
4.980000000000000000e+02 3.514050000000000182e+03
7.700000000000000000e+02 3.564450000000000273e+03
6.500000000000000000e+02 3.588900000000000091e+03
6.260000000000000000e+02 3.602650000000000091e+03
7.300000000000000000e+02 3.621150000000000091e+03
5.940000000000000000e+02 3.657300000000000182e+03
5.620000000000000000e+02 3.687650000000000091e+03
6.500000000000000000e+02 3.702849999999999909e+03
7.700000000000000000e+02 3.804150000000000091e+03
4.980000000000000000e+02 3.845400000000000091e+03
6.740000000000000000e+02 3.848700000000000273e+03
4.180000000000000000e+02 3.858900000000000091e+03
7.300000000000000000e+02 3.885000000000000000e+03
5.860000000000000000e+02 3.914400000000000091e+03
5.300000000000000000e+02 3.956150000000000091e+03
6.980000000000000000e+02 3.978250000000000000e+03
4.260000000000000000e+02 3.984800000000000182e+03
6.100000000000000000e+02 3.996099999999999909e+03
7.460000000000000000e+02 4.016099999999999909e+03
5.140000000000000000e+02 4.039250000000000000e+03
6.260000000000000000e+02 4.084900000000000091e+03
6.980000000000000000e+02 4.090250000000000000e+03
6.660000000000000000e+02 4.097800000000000182e+03
4.420000000000000000e+02 4.125000000000000000e+03
5.940000000000000000e+02 4.157800000000000182e+03
6.500000000000000000e+02 4.191149999999999636e+03
4.740000000000000000e+02 4.202949999999999818e+03
6.820000000000000000e+02 4.217449999999999818e+03
4.580000000000000000e+02 4.234500000000000000e+03
7.620000000000000000e+02 4.235399999999999636e+03
6.260000000000000000e+02 4.284100000000000364e+03
5.140000000000000000e+02 4.357600000000000364e+03
4.020000000000000000e+02 4.358149999999999636e+03
6.900000000000000000e+02 4.403050000000000182e+03
6.340000000000000000e+02 4.404300000000000182e+03
6.660000000000000000e+02 4.404800000000000182e+03
6.580000000000000000e+02 4.419949999999999818e+03
6.180000000000000000e+02 4.428800000000000182e+03
7.860000000000000000e+02 4.446300000000000182e+03
5.540000000000000000e+02 4.487600000000000364e+03
7.540000000000000000e+02 4.578949999999999818e+03
6.820000000000000000e+02 4.603850000000000364e+03
6.340000000000000000e+02 4.736699999999999818e+03
4.740000000000000000e+02 4.834350000000000364e+03
6.420000000000000000e+02 4.841350000000000364e+03
7.540000000000000000e+02 4.845400000000000546e+03
4.100000000000000000e+02 4.937500000000000000e+03
5.140000000000000000e+02 4.984449999999999818e+03
7.700000000000000000e+02 4.985000000000000000e+03
7.060000000000000000e+02 4.986350000000000364e+03
4.900000000000000000e+02 5.016000000000000000e+03
7.300000000000000000e+02 5.028500000000000000e+03
7.780000000000000000e+02 5.036000000000000000e+03
6.820000000000000000e+02 5.052400000000000546e+03
7.300000000000000000e+02 5.094199999999999818e+03
5.860000000000000000e+02 5.133400000000000546e+03
5.140000000000000000e+02 5.145500000000000000e+03
7.940000000000000000e+02 5.197949999999999818e+03
6.100000000000000000e+02 5.248900000000000546e+03
7.460000000000000000e+02 5.282350000000000364e+03
6.420000000000000000e+02 5.308000000000000000e+03
4.660000000000000000e+02 5.312850000000000364e+03
6.900000000000000000e+02 5.316199999999999818e+03
5.460000000000000000e+02 5.351350000000000364e+03
7.220000000000000000e+02 5.352550000000000182e+03
6.740000000000000000e+02 5.361750000000000000e+03
6.260000000000000000e+02 5.365050000000000182e+03
7.300000000000000000e+02 5.382199999999999818e+03
6.980000000000000000e+02 5.391600000000000364e+03
4.420000000000000000e+02 5.410350000000000364e+03
6.500000000000000000e+02 5.432150000000000546e+03
6.340000000000000000e+02 5.486750000000000000e+03
6.980000000000000000e+02 5.493949999999999818e+03
6.660000000000000000e+02 5.517949999999999818e+03
7.380000000000000000e+02 5.548550000000000182e+03
4.340000000000000000e+02 5.570600000000000364e+03
6.660000000000000000e+02 5.591199999999999818e+03
6.740000000000000000e+02 5.658850000000000364e+03
6.020000000000000000e+02 5.677050000000000182e+03
7.380000000000000000e+02 5.689100000000000364e+03
5.780000000000000000e+02 5.776400000000000546e+03
5.460000000000000000e+02 5.788550000000000182e+03
7.140000000000000000e+02 5.804850000000000364e+03
6.980000000000000000e+02 5.866650000000000546e+03
5.620000000000000000e+02 5.869600000000000364e+03
5.140000000000000000e+02 5.870900000000000546e+03
6.820000000000000000e+02 6.009600000000000364e+03
6.260000000000000000e+02 6.040500000000000000e+03
4.740000000000000000e+02 6.056400000000000546e+03
6.660000000000000000e+02 6.104750000000000000e+03
5.540000000000000000e+02 6.114949999999999818e+03
6.020000000000000000e+02 6.127699999999999818e+03
4.420000000000000000e+02 6.180550000000000182e+03
5.700000000000000000e+02 6.182750000000000000e+03
6.340000000000000000e+02 6.185650000000000546e+03
6.100000000000000000e+02 6.216050000000000182e+03
5.060000000000000000e+02 6.236150000000000546e+03
6.820000000000000000e+02 6.277550000000000182e+03
5.380000000000000000e+02 6.279150000000000546e+03
7.300000000000000000e+02 6.287949999999999818e+03
7.700000000000000000e+02 6.294150000000000546e+03
7.460000000000000000e+02 6.309650000000000546e+03
6.020000000000000000e+02 6.318699999999999818e+03
4.580000000000000000e+02 6.326199999999999818e+03
5.540000000000000000e+02 6.348900000000000546e+03
6.980000000000000000e+02 6.377150000000000546e+03
4.740000000000000000e+02 6.383550000000000182e+03
6.420000000000000000e+02 6.529300000000000182e+03
7.780000000000000000e+02 6.564199999999999818e+03
4.740000000000000000e+02 6.586550000000000182e+03
5.060000000000000000e+02 6.677350000000000364e+03
4.980000000000000000e+02 6.730600000000000364e+03
4.500000000000000000e+02 6.745800000000000182e+03
7.620000000000000000e+02 6.840400000000000546e+03
6.180000000000000000e+02 6.860699999999999818e+03
6.820000000000000000e+02 6.888400000000000546e+03
5.300000000000000000e+02 6.898949999999999818e+03
5.460000000000000000e+02 7.077500000000000000e+03
4.260000000000000000e+02 7.088500000000000000e+03
6.020000000000000000e+02 7.108000000000000000e+03
4.340000000000000000e+02 7.129650000000000546e+03
6.180000000000000000e+02 7.145100000000000364e+03
6.420000000000000000e+02 7.224699999999999818e+03
5.780000000000000000e+02 7.233300000000000182e+03
7.140000000000000000e+02 7.245949999999999818e+03
4.260000000000000000e+02 7.251949999999999818e+03
4.420000000000000000e+02 7.292000000000000000e+03
4.020000000000000000e+02 7.305300000000000182e+03
7.140000000000000000e+02 7.385199999999999818e+03
6.260000000000000000e+02 7.432699999999999818e+03
4.900000000000000000e+02 7.445850000000000364e+03
6.740000000000000000e+02 7.468400000000000546e+03
4.740000000000000000e+02 7.469199999999999818e+03
4.500000000000000000e+02 7.478350000000000364e+03
4.580000000000000000e+02 7.503199999999999818e+03
5.460000000000000000e+02 7.507900000000000546e+03
4.660000000000000000e+02 7.578949999999999818e+03
6.500000000000000000e+02 7.605050000000000182e+03
5.460000000000000000e+02 7.728650000000000546e+03
7.780000000000000000e+02 7.772199999999999818e+03
6.260000000000000000e+02 7.795850000000000364e+03
6.660000000000000000e+02 7.817449999999999818e+03
5.460000000000000000e+02 7.833750000000000000e+03
5.220000000000000000e+02 7.838300000000000182e+03
5.860000000000000000e+02 7.839250000000000000e+03
7.460000000000000000e+02 7.846350000000000364e+03
4.260000000000000000e+02 7.942449999999999818e+03
7.940000000000000000e+02 8.008550000000000182e+03
7.300000000000000000e+02 8.014050000000000182e+03
7.460000000000000000e+02 8.016300000000000182e+03
4.740000000000000000e+02 8.053650000000000546e+03
6.020000000000000000e+02 8.057650000000000546e+03
5.700000000000000000e+02 8.080449999999999818e+03
6.500000000000000000e+02 8.102150000000000546e+03
7.300000000000000000e+02 8.103300000000000182e+03
6.260000000000000000e+02 8.151050000000000182e+03
7.460000000000000000e+02 8.169250000000000000e+03
4.900000000000000000e+02 8.231450000000000728e+03
6.020000000000000000e+02 8.250350000000000364e+03
5.540000000000000000e+02 8.256799999999999272e+03
4.020000000000000000e+02 8.285450000000000728e+03
4.900000000000000000e+02 8.330850000000000364e+03
5.140000000000000000e+02 8.355600000000000364e+03
7.780000000000000000e+02 8.356549999999999272e+03
7.220000000000000000e+02 8.398200000000000728e+03
7.140000000000000000e+02 8.405600000000000364e+03
4.260000000000000000e+02 8.430500000000000000e+03
5.860000000000000000e+02 8.457950000000000728e+03
4.660000000000000000e+02 8.470600000000000364e+03
6.580000000000000000e+02 8.516600000000000364e+03
6.420000000000000000e+02 8.547000000000000000e+03
4.260000000000000000e+02 8.557299999999999272e+03
6.020000000000000000e+02 8.585750000000000000e+03
7.860000000000000000e+02 8.594350000000000364e+03
6.100000000000000000e+02 8.607299999999999272e+03
7.140000000000000000e+02 8.624549999999999272e+03
4.340000000000000000e+02 8.654500000000000000e+03
4.500000000000000000e+02 8.658149999999999636e+03
6.340000000000000000e+02 8.692000000000000000e+03
5.300000000000000000e+02 8.697299999999999272e+03
5.380000000000000000e+02 8.732649999999999636e+03
4.500000000000000000e+02 8.736000000000000000e+03
5.860000000000000000e+02 8.766649999999999636e+03
5.220000000000000000e+02 8.767899999999999636e+03
4.100000000000000000e+02 8.774200000000000728e+03
7.620000000000000000e+02 8.788100000000000364e+03
4.340000000000000000e+02 8.791600000000000364e+03
7.700000000000000000e+02 8.833300000000001091e+03
4.260000000000000000e+02 8.921149999999999636e+03
4.100000000000000000e+02 8.925450000000000728e+03
4.180000000000000000e+02 8.933800000000001091e+03
7.940000000000000000e+02 8.962200000000000728e+03
5.700000000000000000e+02 8.981950000000000728e+03
5.380000000000000000e+02 8.992700000000000728e+03
5.300000000000000000e+02 9.008750000000000000e+03
5.460000000000000000e+02 9.015050000000001091e+03
6.020000000000000000e+02 9.020550000000001091e+03
7.620000000000000000e+02 9.072649999999999636e+03
7.300000000000000000e+02 9.072750000000000000e+03
4.260000000000000000e+02 9.116450000000000728e+03
5.700000000000000000e+02 9.126300000000001091e+03
6.260000000000000000e+02 9.149649999999999636e+03
6.340000000000000000e+02 9.161950000000000728e+03
7.300000000000000000e+02 9.203899999999999636e+03
7.700000000000000000e+02 9.205850000000000364e+03
4.180000000000000000e+02 9.222350000000000364e+03
5.860000000000000000e+02 9.261700000000000728e+03
5.380000000000000000e+02 9.353850000000000364e+03
4.900000000000000000e+02 9.386500000000000000e+03
4.740000000000000000e+02 9.404000000000000000e+03
7.700000000000000000e+02 9.414250000000000000e+03
6.260000000000000000e+02 9.488399999999999636e+03
6.100000000000000000e+02 9.521800000000001091e+03
6.180000000000000000e+02 9.530750000000000000e+03
7.540000000000000000e+02 9.589899999999999636e+03
6.100000000000000000e+02 9.670500000000000000e+03
7.380000000000000000e+02 9.803800000000001091e+03
4.020000000000000000e+02 9.837399999999999636e+03
6.740000000000000000e+02 9.932149999999999636e+03
5.460000000000000000e+02 9.946250000000000000e+03
4.900000000000000000e+02 9.993450000000000728e+03
6.020000000000000000e+02 1.003370000000000073e+04
4.740000000000000000e+02 1.003814999999999964e+04
7.380000000000000000e+02 1.005395000000000073e+04
6.820000000000000000e+02 1.009625000000000000e+04
7.700000000000000000e+02 1.011100000000000000e+04
4.420000000000000000e+02 1.013389999999999964e+04
6.580000000000000000e+02 1.018914999999999964e+04
7.060000000000000000e+02 1.024050000000000000e+04
7.460000000000000000e+02 1.026670000000000073e+04
7.940000000000000000e+02 1.027014999999999964e+04
6.180000000000000000e+02 1.031180000000000109e+04
5.540000000000000000e+02 1.031305000000000109e+04
6.900000000000000000e+02 1.032639999999999964e+04
6.580000000000000000e+02 1.036635000000000036e+04
5.140000000000000000e+02 1.045764999999999964e+04
5.780000000000000000e+02 1.051495000000000073e+04
7.140000000000000000e+02 1.053260000000000036e+04
7.300000000000000000e+02 1.056330000000000109e+04
4.740000000000000000e+02 1.060220000000000073e+04
5.700000000000000000e+02 1.067875000000000000e+04
7.780000000000000000e+02 1.068835000000000036e+04
4.100000000000000000e+02 1.074575000000000000e+04
7.460000000000000000e+02 1.075960000000000036e+04
6.660000000000000000e+02 1.080214999999999964e+04
4.980000000000000000e+02 1.080355000000000109e+04
6.260000000000000000e+02 1.081995000000000073e+04
6.100000000000000000e+02 1.083955000000000109e+04
4.660000000000000000e+02 1.084080000000000109e+04
7.380000000000000000e+02 1.086100000000000000e+04
5.620000000000000000e+02 1.097325000000000000e+04
6.980000000000000000e+02 1.098195000000000073e+04
7.860000000000000000e+02 1.103150000000000000e+04
5.460000000000000000e+02 1.105125000000000000e+04
6.500000000000000000e+02 1.105164999999999964e+04
6.740000000000000000e+02 1.105230000000000109e+04
7.540000000000000000e+02 1.107370000000000073e+04
7.300000000000000000e+02 1.115285000000000036e+04
6.340000000000000000e+02 1.118650000000000000e+04
4.980000000000000000e+02 1.119770000000000073e+04
4.420000000000000000e+02 1.122455000000000109e+04
4.740000000000000000e+02 1.126350000000000000e+04
5.700000000000000000e+02 1.130480000000000109e+04
5.620000000000000000e+02 1.134285000000000036e+04
5.140000000000000000e+02 1.135910000000000036e+04
7.940000000000000000e+02 1.138655000000000109e+04
7.460000000000000000e+02 1.148955000000000109e+04
4.020000000000000000e+02 1.150460000000000036e+04
6.500000000000000000e+02 1.157700000000000000e+04
7.620000000000000000e+02 1.163150000000000000e+04
6.340000000000000000e+02 1.164905000000000109e+04
7.700000000000000000e+02 1.166614999999999964e+04
6.260000000000000000e+02 1.170470000000000073e+04
4.420000000000000000e+02 1.172445000000000073e+04
5.220000000000000000e+02 1.173280000000000109e+04
6.180000000000000000e+02 1.174580000000000109e+04
7.140000000000000000e+02 1.181075000000000000e+04
4.500000000000000000e+02 1.189755000000000109e+04
6.260000000000000000e+02 1.190755000000000109e+04
5.460000000000000000e+02 1.192830000000000109e+04
4.020000000000000000e+02 1.193639999999999964e+04
4.340000000000000000e+02 1.196314999999999964e+04
6.740000000000000000e+02 1.196630000000000109e+04
7.700000000000000000e+02 1.197189999999999964e+04
4.580000000000000000e+02 1.205305000000000109e+04
5.940000000000000000e+02 1.213025000000000000e+04
6.500000000000000000e+02 1.214025000000000000e+04
6.100000000000000000e+02 1.225414999999999964e+04
6.500000000000000000e+02 1.225445000000000073e+04
7.380000000000000000e+02 1.227980000000000109e+04
7.540000000000000000e+02 1.231095000000000073e+04
7.620000000000000000e+02 1.242139999999999964e+04
5.460000000000000000e+02 1.246045000000000073e+04
4.820000000000000000e+02 1.250255000000000109e+04
7.620000000000000000e+02 1.250650000000000000e+04
4.420000000000000000e+02 1.250735000000000036e+04
4.740000000000000000e+02 1.251980000000000109e+04
7.060000000000000000e+02 1.252539999999999964e+04
7.380000000000000000e+02 1.253180000000000109e+04
4.580000000000000000e+02 1.260864999999999964e+04
4.180000000000000000e+02 1.260875000000000000e+04
6.100000000000000000e+02 1.261339999999999964e+04
5.140000000000000000e+02 1.262845000000000073e+04
6.340000000000000000e+02 1.272270000000000073e+04
6.500000000000000000e+02 1.273725000000000000e+04
7.940000000000000000e+02 1.274130000000000109e+04
4.340000000000000000e+02 1.278250000000000000e+04
5.060000000000000000e+02 1.278455000000000109e+04
5.380000000000000000e+02 1.280185000000000036e+04
7.700000000000000000e+02 1.281085000000000036e+04
6.980000000000000000e+02 1.282714999999999964e+04
7.460000000000000000e+02 1.289055000000000109e+04
5.620000000000000000e+02 1.297664999999999964e+04
4.260000000000000000e+02 1.298175000000000000e+04
6.660000000000000000e+02 1.298230000000000109e+04
6.340000000000000000e+02 1.299939999999999964e+04
5.060000000000000000e+02 1.300385000000000036e+04
6.980000000000000000e+02 1.300655000000000109e+04
4.500000000000000000e+02 1.301810000000000036e+04
5.380000000000000000e+02 1.302010000000000036e+04
5.460000000000000000e+02 1.302025000000000000e+04
5.540000000000000000e+02 1.303145000000000073e+04
4.020000000000000000e+02 1.303195000000000073e+04
7.060000000000000000e+02 1.307335000000000036e+04
5.220000000000000000e+02 1.310350000000000000e+04
5.460000000000000000e+02 1.310350000000000000e+04
6.500000000000000000e+02 1.316155000000000109e+04
5.860000000000000000e+02 1.316775000000000000e+04
5.300000000000000000e+02 1.316795000000000073e+04
7.700000000000000000e+02 1.317010000000000036e+04
5.140000000000000000e+02 1.319880000000000109e+04
6.420000000000000000e+02 1.320045000000000073e+04
6.100000000000000000e+02 1.320975000000000000e+04
7.140000000000000000e+02 1.325710000000000036e+04
5.380000000000000000e+02 1.329125000000000000e+04
5.700000000000000000e+02 1.332314999999999964e+04
5.140000000000000000e+02 1.332385000000000036e+04
7.460000000000000000e+02 1.339260000000000036e+04
5.060000000000000000e+02 1.344410000000000036e+04
6.180000000000000000e+02 1.348895000000000073e+04
4.900000000000000000e+02 1.350110000000000036e+04
5.300000000000000000e+02 1.350139999999999964e+04
6.100000000000000000e+02 1.355514999999999964e+04
7.140000000000000000e+02 1.357714999999999964e+04
5.220000000000000000e+02 1.358914999999999964e+04
4.660000000000000000e+02 1.370370000000000073e+04
6.020000000000000000e+02 1.373255000000000109e+04
6.020000000000000000e+02 1.376955000000000109e+04
5.940000000000000000e+02 1.380260000000000036e+04
5.860000000000000000e+02 1.393150000000000000e+04
5.300000000000000000e+02 1.394530000000000109e+04
7.380000000000000000e+02 1.396130000000000109e+04
5.460000000000000000e+02 1.396435000000000036e+04
7.140000000000000000e+02 1.398355000000000109e+04
7.860000000000000000e+02 1.399550000000000000e+04
7.300000000000000000e+02 1.401905000000000109e+04
4.660000000000000000e+02 1.407250000000000000e+04
5.620000000000000000e+02 1.407480000000000109e+04
6.340000000000000000e+02 1.412345000000000073e+04
6.980000000000000000e+02 1.413755000000000109e+04
5.460000000000000000e+02 1.415720000000000073e+04
7.780000000000000000e+02 1.420245000000000073e+04
5.140000000000000000e+02 1.420395000000000073e+04
5.220000000000000000e+02 1.426345000000000073e+04
7.140000000000000000e+02 1.426445000000000073e+04
5.620000000000000000e+02 1.427660000000000036e+04
6.100000000000000000e+02 1.429245000000000073e+04
6.900000000000000000e+02 1.431535000000000036e+04
4.660000000000000000e+02 1.432864999999999964e+04
4.500000000000000000e+02 1.432975000000000000e+04
6.740000000000000000e+02 1.442664999999999964e+04
6.900000000000000000e+02 1.444045000000000073e+04
4.180000000000000000e+02 1.444889999999999964e+04
7.540000000000000000e+02 1.445350000000000000e+04
6.580000000000000000e+02 1.457380000000000109e+04
7.700000000000000000e+02 1.459664999999999964e+04
5.060000000000000000e+02 1.461030000000000109e+04
4.340000000000000000e+02 1.465655000000000109e+04
5.620000000000000000e+02 1.469880000000000109e+04
7.300000000000000000e+02 1.470225000000000000e+04
7.380000000000000000e+02 1.471685000000000036e+04
5.940000000000000000e+02 1.477350000000000000e+04
6.180000000000000000e+02 1.480114999999999964e+04
6.740000000000000000e+02 1.480914999999999964e+04
7.460000000000000000e+02 1.481514999999999964e+04
5.620000000000000000e+02 1.489339999999999964e+04
6.020000000000000000e+02 1.497689999999999964e+04
5.860000000000000000e+02 1.500205000000000109e+04
6.980000000000000000e+02 1.507189999999999964e+04
6.420000000000000000e+02 1.517610000000000036e+04
4.420000000000000000e+02 1.524180000000000109e+04
5.620000000000000000e+02 1.527985000000000036e+04
6.260000000000000000e+02 1.534075000000000000e+04
4.660000000000000000e+02 1.534855000000000109e+04
7.860000000000000000e+02 1.542064999999999964e+04
7.140000000000000000e+02 1.543175000000000000e+04
6.020000000000000000e+02 1.544614999999999964e+04
6.660000000000000000e+02 1.547050000000000000e+04
7.780000000000000000e+02 1.554525000000000000e+04
6.100000000000000000e+02 1.557864999999999964e+04
7.140000000000000000e+02 1.560645000000000073e+04
4.420000000000000000e+02 1.562885000000000036e+04
4.660000000000000000e+02 1.565650000000000000e+04
5.140000000000000000e+02 1.566435000000000036e+04
6.260000000000000000e+02 1.566650000000000000e+04
4.500000000000000000e+02 1.567920000000000073e+04
6.020000000000000000e+02 1.570845000000000073e+04
7.220000000000000000e+02 1.572850000000000000e+04
5.780000000000000000e+02 1.573270000000000073e+04
7.540000000000000000e+02 1.573885000000000036e+04
4.980000000000000000e+02 1.574010000000000036e+04
7.140000000000000000e+02 1.576830000000000109e+04
5.060000000000000000e+02 1.583560000000000036e+04
5.380000000000000000e+02 1.583830000000000109e+04
7.140000000000000000e+02 1.584764999999999964e+04
6.100000000000000000e+02 1.585655000000000109e+04
5.300000000000000000e+02 1.591175000000000000e+04
7.220000000000000000e+02 1.591180000000000109e+04
7.540000000000000000e+02 1.595275000000000000e+04
7.620000000000000000e+02 1.601175000000000000e+04
6.340000000000000000e+02 1.601414999999999964e+04
4.820000000000000000e+02 1.606210000000000036e+04
7.460000000000000000e+02 1.606730000000000109e+04
7.700000000000000000e+02 1.611000000000000000e+04
4.100000000000000000e+02 1.616635000000000036e+04
6.260000000000000000e+02 1.617505000000000109e+04
6.660000000000000000e+02 1.619145000000000073e+04
5.540000000000000000e+02 1.619210000000000036e+04
7.300000000000000000e+02 1.620989999999999964e+04
7.380000000000000000e+02 1.625689999999999964e+04
6.500000000000000000e+02 1.629200000000000000e+04
4.420000000000000000e+02 1.631930000000000109e+04
7.460000000000000000e+02 1.637000000000000000e+04
5.460000000000000000e+02 1.643295000000000073e+04
7.220000000000000000e+02 1.645615000000000146e+04
4.900000000000000000e+02 1.652250000000000000e+04
6.260000000000000000e+02 1.653095000000000073e+04
4.660000000000000000e+02 1.658454999999999927e+04
5.300000000000000000e+02 1.660604999999999927e+04
7.860000000000000000e+02 1.663754999999999927e+04
5.140000000000000000e+02 1.663920000000000073e+04
5.060000000000000000e+02 1.665540000000000146e+04
6.980000000000000000e+02 1.667020000000000073e+04
7.380000000000000000e+02 1.670500000000000000e+04
7.060000000000000000e+02 1.671315000000000146e+04
4.020000000000000000e+02 1.675420000000000073e+04
4.660000000000000000e+02 1.675509999999999854e+04
7.620000000000000000e+02 1.678075000000000000e+04
6.980000000000000000e+02 1.681375000000000000e+04
5.060000000000000000e+02 1.685370000000000073e+04
6.660000000000000000e+02 1.686715000000000146e+04
4.500000000000000000e+02 1.691865000000000146e+04
5.540000000000000000e+02 1.693550000000000000e+04
7.620000000000000000e+02 1.695909999999999854e+04
4.020000000000000000e+02 1.701490000000000146e+04
6.180000000000000000e+02 1.702395000000000073e+04
4.340000000000000000e+02 1.704650000000000000e+04
6.980000000000000000e+02 1.707895000000000073e+04
7.700000000000000000e+02 1.709670000000000073e+04
4.740000000000000000e+02 1.709850000000000000e+04
5.220000000000000000e+02 1.713804999999999927e+04
5.620000000000000000e+02 1.717045000000000073e+04
6.260000000000000000e+02 1.719984999999999854e+04
5.540000000000000000e+02 1.720245000000000073e+04
4.740000000000000000e+02 1.723045000000000073e+04
4.660000000000000000e+02 1.724159999999999854e+04
5.220000000000000000e+02 1.732195000000000073e+04
7.540000000000000000e+02 1.733284999999999854e+04
5.300000000000000000e+02 1.733520000000000073e+04
7.940000000000000000e+02 1.734590000000000146e+04
7.700000000000000000e+02 1.735195000000000073e+04
6.660000000000000000e+02 1.741609999999999854e+04
4.100000000000000000e+02 1.743359999999999854e+04
5.540000000000000000e+02 1.755800000000000000e+04
7.780000000000000000e+02 1.766154999999999927e+04
5.060000000000000000e+02 1.767545000000000073e+04
5.460000000000000000e+02 1.769825000000000000e+04
7.380000000000000000e+02 1.770700000000000000e+04
7.140000000000000000e+02 1.770960000000000218e+04
6.980000000000000000e+02 1.771320000000000073e+04
5.940000000000000000e+02 1.774865000000000146e+04
7.780000000000000000e+02 1.776165000000000146e+04
7.940000000000000000e+02 1.777929999999999927e+04
6.980000000000000000e+02 1.778045000000000073e+04
4.740000000000000000e+02 1.779510000000000218e+04
6.660000000000000000e+02 1.780385000000000218e+04
7.300000000000000000e+02 1.781310000000000218e+04
6.100000000000000000e+02 1.782410000000000218e+04
7.460000000000000000e+02 1.783779999999999927e+04
7.860000000000000000e+02 1.786704999999999927e+04
7.540000000000000000e+02 1.800600000000000000e+04
4.660000000000000000e+02 1.801920000000000073e+04
6.660000000000000000e+02 1.803370000000000073e+04
7.700000000000000000e+02 1.803504999999999927e+04
6.420000000000000000e+02 1.808940000000000146e+04
5.220000000000000000e+02 1.810125000000000000e+04
5.460000000000000000e+02 1.811270000000000073e+04
7.060000000000000000e+02 1.815845000000000073e+04
6.660000000000000000e+02 1.817535000000000218e+04
6.020000000000000000e+02 1.818790000000000146e+04
5.460000000000000000e+02 1.821385000000000218e+04
7.300000000000000000e+02 1.823554999999999927e+04
5.060000000000000000e+02 1.824925000000000000e+04
5.140000000000000000e+02 1.838235000000000218e+04
5.540000000000000000e+02 1.841954999999999927e+04
7.620000000000000000e+02 1.843150000000000000e+04
5.940000000000000000e+02 1.843204999999999927e+04
7.380000000000000000e+02 1.845140000000000146e+04
4.020000000000000000e+02 1.847740000000000146e+04
5.140000000000000000e+02 1.849070000000000073e+04
7.860000000000000000e+02 1.851745000000000073e+04
5.940000000000000000e+02 1.854529999999999927e+04
6.900000000000000000e+02 1.855575000000000000e+04
5.780000000000000000e+02 1.862165000000000146e+04
6.980000000000000000e+02 1.862195000000000073e+04
7.780000000000000000e+02 1.865679999999999927e+04
6.900000000000000000e+02 1.866179999999999927e+04
6.980000000000000000e+02 1.868775000000000000e+04
6.660000000000000000e+02 1.876450000000000000e+04
5.460000000000000000e+02 1.877995000000000073e+04
5.620000000000000000e+02 1.878129999999999927e+04
7.700000000000000000e+02 1.878260000000000218e+04
5.060000000000000000e+02 1.884475000000000000e+04
7.140000000000000000e+02 1.889100000000000000e+04
4.020000000000000000e+02 1.889620000000000073e+04
5.940000000000000000e+02 1.890845000000000073e+04
4.660000000000000000e+02 1.893204999999999927e+04
7.700000000000000000e+02 1.895020000000000073e+04
7.540000000000000000e+02 1.895379999999999927e+04
6.260000000000000000e+02 1.897165000000000146e+04
5.620000000000000000e+02 1.899990000000000146e+04
4.740000000000000000e+02 1.900970000000000073e+04
4.420000000000000000e+02 1.903825000000000000e+04
6.980000000000000000e+02 1.906795000000000073e+04
6.580000000000000000e+02 1.907779999999999927e+04
6.740000000000000000e+02 1.908540000000000146e+04
4.820000000000000000e+02 1.909204999999999927e+04
4.580000000000000000e+02 1.911904999999999927e+04
6.500000000000000000e+02 1.914229999999999927e+04
4.340000000000000000e+02 1.921135000000000218e+04
6.100000000000000000e+02 1.924910000000000218e+04
4.100000000000000000e+02 1.925395000000000073e+04
6.340000000000000000e+02 1.927690000000000146e+04
7.540000000000000000e+02 1.929445000000000073e+04
5.940000000000000000e+02 1.929600000000000000e+04
4.340000000000000000e+02 1.931495000000000073e+04
7.780000000000000000e+02 1.932415000000000146e+04
7.620000000000000000e+02 1.932795000000000073e+04
7.860000000000000000e+02 1.933600000000000000e+04
4.580000000000000000e+02 1.935575000000000000e+04
6.660000000000000000e+02 1.935620000000000073e+04
6.020000000000000000e+02 1.937029999999999927e+04
7.060000000000000000e+02 1.942400000000000000e+04
4.100000000000000000e+02 1.943440000000000146e+04
6.420000000000000000e+02 1.947160000000000218e+04
5.460000000000000000e+02 1.947229999999999927e+04
5.060000000000000000e+02 1.948060000000000218e+04
4.980000000000000000e+02 1.949079999999999927e+04
5.700000000000000000e+02 1.959320000000000073e+04
7.460000000000000000e+02 1.966604999999999927e+04
4.660000000000000000e+02 1.969590000000000146e+04
6.260000000000000000e+02 1.971000000000000000e+04
6.980000000000000000e+02 1.973140000000000146e+04
5.700000000000000000e+02 1.973650000000000000e+04
4.500000000000000000e+02 1.980525000000000000e+04
5.780000000000000000e+02 1.989865000000000146e+04
6.740000000000000000e+02 1.990865000000000146e+04
6.660000000000000000e+02 2.009965000000000146e+04
5.620000000000000000e+02 2.011729999999999927e+04
7.140000000000000000e+02 2.014670000000000073e+04
7.220000000000000000e+02 2.016195000000000073e+04
7.540000000000000000e+02 2.017695000000000073e+04
7.940000000000000000e+02 2.021179999999999927e+04
5.220000000000000000e+02 2.022354999999999927e+04
6.900000000000000000e+02 2.026025000000000000e+04
4.580000000000000000e+02 2.029220000000000073e+04
4.020000000000000000e+02 2.032065000000000146e+04
6.340000000000000000e+02 2.033215000000000146e+04
4.660000000000000000e+02 2.034575000000000000e+04
5.460000000000000000e+02 2.035810000000000218e+04
5.220000000000000000e+02 2.036235000000000218e+04
6.180000000000000000e+02 2.036290000000000146e+04
5.300000000000000000e+02 2.038690000000000146e+04
7.060000000000000000e+02 2.038835000000000218e+04
6.340000000000000000e+02 2.040585000000000218e+04
4.020000000000000000e+02 2.040895000000000073e+04
7.140000000000000000e+02 2.042510000000000218e+04
7.540000000000000000e+02 2.042840000000000146e+04
7.540000000000000000e+02 2.048890000000000146e+04
6.420000000000000000e+02 2.051625000000000000e+04
6.820000000000000000e+02 2.051700000000000000e+04
7.940000000000000000e+02 2.052035000000000218e+04
6.660000000000000000e+02 2.056160000000000218e+04
6.260000000000000000e+02 2.056854999999999927e+04
5.060000000000000000e+02 2.062365000000000146e+04
4.260000000000000000e+02 2.064490000000000146e+04
7.300000000000000000e+02 2.067475000000000000e+04
6.260000000000000000e+02 2.069235000000000218e+04
6.340000000000000000e+02 2.071779999999999927e+04
7.540000000000000000e+02 2.078360000000000218e+04
5.540000000000000000e+02 2.081615000000000146e+04
7.220000000000000000e+02 2.086075000000000000e+04
7.140000000000000000e+02 2.087590000000000146e+04
6.180000000000000000e+02 2.088060000000000218e+04
4.340000000000000000e+02 2.090735000000000218e+04
4.180000000000000000e+02 2.093365000000000146e+04
6.340000000000000000e+02 2.096560000000000218e+04
6.900000000000000000e+02 2.098370000000000073e+04
6.020000000000000000e+02 2.104695000000000073e+04
4.740000000000000000e+02 2.106275000000000000e+04
7.540000000000000000e+02 2.106820000000000073e+04
4.900000000000000000e+02 2.109540000000000146e+04
7.460000000000000000e+02 2.111100000000000000e+04
6.340000000000000000e+02 2.111325000000000000e+04
4.820000000000000000e+02 2.112270000000000073e+04
4.260000000000000000e+02 2.112604999999999927e+04
7.700000000000000000e+02 2.116379999999999927e+04
5.300000000000000000e+02 2.117520000000000073e+04
6.180000000000000000e+02 2.122610000000000218e+04
7.940000000000000000e+02 2.130995000000000073e+04
6.740000000000000000e+02 2.134210000000000218e+04
6.900000000000000000e+02 2.136275000000000000e+04
4.340000000000000000e+02 2.139915000000000146e+04
5.300000000000000000e+02 2.141935000000000218e+04
5.460000000000000000e+02 2.142095000000000073e+04
7.620000000000000000e+02 2.142335000000000218e+04
7.860000000000000000e+02 2.147360000000000218e+04
5.220000000000000000e+02 2.147754999999999927e+04
6.260000000000000000e+02 2.156225000000000000e+04
5.460000000000000000e+02 2.156290000000000146e+04
4.740000000000000000e+02 2.157720000000000073e+04
4.420000000000000000e+02 2.158545000000000073e+04
5.700000000000000000e+02 2.158860000000000218e+04
6.100000000000000000e+02 2.159365000000000146e+04
4.260000000000000000e+02 2.161345000000000073e+04
5.300000000000000000e+02 2.162500000000000000e+04
6.580000000000000000e+02 2.163660000000000218e+04
5.460000000000000000e+02 2.169810000000000218e+04
7.220000000000000000e+02 2.170565000000000146e+04
6.580000000000000000e+02 2.170700000000000000e+04
4.660000000000000000e+02 2.172029999999999927e+04
5.940000000000000000e+02 2.181815000000000146e+04
6.500000000000000000e+02 2.184545000000000073e+04
4.020000000000000000e+02 2.192850000000000000e+04
5.380000000000000000e+02 2.196604999999999927e+04
4.820000000000000000e+02 2.196815000000000146e+04
7.140000000000000000e+02 2.198965000000000146e+04
6.980000000000000000e+02 2.199060000000000218e+04
5.860000000000000000e+02 2.208960000000000218e+04
7.140000000000000000e+02 2.212495000000000073e+04
7.540000000000000000e+02 2.214610000000000218e+04
5.140000000000000000e+02 2.215425000000000000e+04
7.220000000000000000e+02 2.217220000000000073e+04
6.740000000000000000e+02 2.218065000000000146e+04
5.940000000000000000e+02 2.223765000000000146e+04
7.300000000000000000e+02 2.225745000000000073e+04
5.460000000000000000e+02 2.228754999999999927e+04
6.180000000000000000e+02 2.231010000000000218e+04
7.380000000000000000e+02 2.233020000000000073e+04
5.140000000000000000e+02 2.233645000000000073e+04
4.740000000000000000e+02 2.235560000000000218e+04
6.420000000000000000e+02 2.236540000000000146e+04
4.260000000000000000e+02 2.238220000000000073e+04
6.100000000000000000e+02 2.239329999999999927e+04
5.940000000000000000e+02 2.239550000000000000e+04
6.100000000000000000e+02 2.245085000000000218e+04
4.660000000000000000e+02 2.246875000000000000e+04
5.460000000000000000e+02 2.250815000000000146e+04
5.620000000000000000e+02 2.254054999999999927e+04
6.420000000000000000e+02 2.254529999999999927e+04
4.900000000000000000e+02 2.259345000000000073e+04
7.540000000000000000e+02 2.261754999999999927e+04
5.940000000000000000e+02 2.262010000000000218e+04
4.100000000000000000e+02 2.270095000000000073e+04
6.580000000000000000e+02 2.273795000000000073e+04
7.460000000000000000e+02 2.276360000000000218e+04
7.620000000000000000e+02 2.277729999999999927e+04
6.740000000000000000e+02 2.277850000000000000e+04
6.180000000000000000e+02 2.279770000000000073e+04
4.980000000000000000e+02 2.279779999999999927e+04
7.620000000000000000e+02 2.283590000000000146e+04
5.460000000000000000e+02 2.285115000000000146e+04
5.460000000000000000e+02 2.292525000000000000e+04
7.540000000000000000e+02 2.294010000000000218e+04
7.220000000000000000e+02 2.297300000000000000e+04
6.580000000000000000e+02 2.297965000000000146e+04
6.660000000000000000e+02 2.298004999999999927e+04
5.060000000000000000e+02 2.301270000000000073e+04
6.020000000000000000e+02 2.304535000000000218e+04
7.140000000000000000e+02 2.308485000000000218e+04
6.180000000000000000e+02 2.311835000000000218e+04
5.300000000000000000e+02 2.312920000000000073e+04
4.500000000000000000e+02 2.317354999999999927e+04
7.620000000000000000e+02 2.317695000000000073e+04
4.020000000000000000e+02 2.320875000000000000e+04
4.260000000000000000e+02 2.322295000000000073e+04
4.420000000000000000e+02 2.325579999999999927e+04
6.580000000000000000e+02 2.328279999999999927e+04
5.380000000000000000e+02 2.331335000000000218e+04
5.700000000000000000e+02 2.334054999999999927e+04
7.620000000000000000e+02 2.337404999999999927e+04
5.460000000000000000e+02 2.338900000000000000e+04
7.940000000000000000e+02 2.339515000000000146e+04
4.100000000000000000e+02 2.341300000000000000e+04
5.540000000000000000e+02 2.343735000000000218e+04
5.380000000000000000e+02 2.344100000000000000e+04
4.420000000000000000e+02 2.345285000000000218e+04
5.780000000000000000e+02 2.347660000000000218e+04
4.020000000000000000e+02 2.347775000000000000e+04
4.980000000000000000e+02 2.350025000000000000e+04
5.300000000000000000e+02 2.350710000000000218e+04
4.020000000000000000e+02 2.356900000000000000e+04
7.620000000000000000e+02 2.358829999999999927e+04
5.300000000000000000e+02 2.359660000000000218e+04
6.020000000000000000e+02 2.360825000000000000e+04
6.660000000000000000e+02 2.360995000000000073e+04
6.740000000000000000e+02 2.361500000000000000e+04
7.780000000000000000e+02 2.373150000000000000e+04
6.900000000000000000e+02 2.376645000000000073e+04
5.140000000000000000e+02 2.381585000000000218e+04
4.500000000000000000e+02 2.382104999999999927e+04
7.060000000000000000e+02 2.386595000000000073e+04
6.340000000000000000e+02 2.390629999999999927e+04
6.980000000000000000e+02 2.392920000000000073e+04
6.180000000000000000e+02 2.393454999999999927e+04
4.500000000000000000e+02 2.398150000000000000e+04
5.620000000000000000e+02 2.407640000000000146e+04
5.060000000000000000e+02 2.409610000000000218e+04
5.540000000000000000e+02 2.411400000000000000e+04
7.860000000000000000e+02 2.412995000000000073e+04
4.420000000000000000e+02 2.415515000000000146e+04
6.980000000000000000e+02 2.420385000000000218e+04
7.860000000000000000e+02 2.423220000000000073e+04
5.380000000000000000e+02 2.430079999999999927e+04
4.820000000000000000e+02 2.434585000000000218e+04
5.620000000000000000e+02 2.444804999999999927e+04
6.500000000000000000e+02 2.446035000000000218e+04
6.020000000000000000e+02 2.447140000000000146e+04
7.220000000000000000e+02 2.455645000000000073e+04
5.620000000000000000e+02 2.457195000000000073e+04
4.900000000000000000e+02 2.457320000000000073e+04
4.900000000000000000e+02 2.464040000000000146e+04
4.180000000000000000e+02 2.464225000000000000e+04
6.740000000000000000e+02 2.466129999999999927e+04
6.660000000000000000e+02 2.467995000000000073e+04
5.460000000000000000e+02 2.469250000000000000e+04
6.980000000000000000e+02 2.470035000000000218e+04
6.260000000000000000e+02 2.477629999999999927e+04
7.780000000000000000e+02 2.481429999999999927e+04
5.540000000000000000e+02 2.485885000000000218e+04
4.260000000000000000e+02 2.486950000000000000e+04
5.220000000000000000e+02 2.490875000000000000e+04
7.140000000000000000e+02 2.492810000000000218e+04
4.580000000000000000e+02 2.505904999999999927e+04
5.700000000000000000e+02 2.506650000000000000e+04
7.540000000000000000e+02 2.510450000000000000e+04
6.180000000000000000e+02 2.513529999999999927e+04
6.260000000000000000e+02 2.517240000000000146e+04
4.340000000000000000e+02 2.523050000000000000e+04
4.180000000000000000e+02 2.523095000000000073e+04
7.380000000000000000e+02 2.523954999999999927e+04
7.300000000000000000e+02 2.524640000000000146e+04
5.380000000000000000e+02 2.527085000000000218e+04
7.780000000000000000e+02 2.529290000000000146e+04
6.900000000000000000e+02 2.531175000000000000e+04
7.940000000000000000e+02 2.532285000000000218e+04
4.740000000000000000e+02 2.533235000000000218e+04
4.500000000000000000e+02 2.534015000000000146e+04
6.980000000000000000e+02 2.535535000000000218e+04
6.260000000000000000e+02 2.536995000000000073e+04
6.500000000000000000e+02 2.537220000000000073e+04
7.700000000000000000e+02 2.541029999999999927e+04
5.940000000000000000e+02 2.543954999999999927e+04
6.180000000000000000e+02 2.544965000000000146e+04
5.460000000000000000e+02 2.550179999999999927e+04
5.060000000000000000e+02 2.551860000000000218e+04
4.740000000000000000e+02 2.553235000000000218e+04
7.220000000000000000e+02 2.554025000000000000e+04
7.140000000000000000e+02 2.556395000000000073e+04
5.380000000000000000e+02 2.557490000000000146e+04
5.540000000000000000e+02 2.563510000000000218e+04
6.260000000000000000e+02 2.566210000000000218e+04
4.340000000000000000e+02 2.567035000000000218e+04
6.100000000000000000e+02 2.569004999999999927e+04
6.260000000000000000e+02 2.569745000000000073e+04
6.980000000000000000e+02 2.573079999999999927e+04
6.660000000000000000e+02 2.573560000000000218e+04
6.340000000000000000e+02 2.573695000000000073e+04
5.460000000000000000e+02 2.575260000000000218e+04
4.020000000000000000e+02 2.580629999999999927e+04
5.140000000000000000e+02 2.584245000000000073e+04
6.660000000000000000e+02 2.590600000000000000e+04
5.300000000000000000e+02 2.592985000000000218e+04
6.340000000000000000e+02 2.594600000000000000e+04
4.420000000000000000e+02 2.596525000000000000e+04
5.700000000000000000e+02 2.600375000000000000e+04
6.100000000000000000e+02 2.604895000000000073e+04
7.780000000000000000e+02 2.613165000000000146e+04
6.580000000000000000e+02 2.614945000000000073e+04
6.740000000000000000e+02 2.616604999999999927e+04
7.700000000000000000e+02 2.617410000000000218e+04
7.780000000000000000e+02 2.618520000000000073e+04
4.420000000000000000e+02 2.631895000000000073e+04
6.020000000000000000e+02 2.632379999999999927e+04
5.940000000000000000e+02 2.637350000000000000e+04
6.980000000000000000e+02 2.640754999999999927e+04
7.540000000000000000e+02 2.641420000000000073e+04
5.300000000000000000e+02 2.641654999999999927e+04
6.740000000000000000e+02 2.641865000000000146e+04
4.500000000000000000e+02 2.642740000000000146e+04
7.380000000000000000e+02 2.644925000000000000e+04
7.300000000000000000e+02 2.646885000000000218e+04
6.660000000000000000e+02 2.647485000000000218e+04
6.260000000000000000e+02 2.650570000000000073e+04
4.740000000000000000e+02 2.653395000000000073e+04
4.260000000000000000e+02 2.654865000000000146e+04
6.660000000000000000e+02 2.661095000000000073e+04
7.220000000000000000e+02 2.661360000000000218e+04
7.700000000000000000e+02 2.664454999999999927e+04
7.140000000000000000e+02 2.664690000000000146e+04
6.340000000000000000e+02 2.665679999999999927e+04
7.540000000000000000e+02 2.669550000000000000e+04
7.460000000000000000e+02 2.671440000000000146e+04
6.740000000000000000e+02 2.671635000000000218e+04
4.660000000000000000e+02 2.673050000000000000e+04
7.700000000000000000e+02 2.674160000000000218e+04
6.980000000000000000e+02 2.674315000000000146e+04
5.540000000000000000e+02 2.676135000000000218e+04
6.740000000000000000e+02 2.676504999999999927e+04
7.140000000000000000e+02 2.677340000000000146e+04
6.500000000000000000e+02 2.677429999999999927e+04
4.980000000000000000e+02 2.683810000000000218e+04
5.380000000000000000e+02 2.683995000000000073e+04
7.700000000000000000e+02 2.684520000000000073e+04
6.660000000000000000e+02 2.687629999999999927e+04
4.340000000000000000e+02 2.689685000000000218e+04
7.300000000000000000e+02 2.696045000000000073e+04
7.540000000000000000e+02 2.697435000000000218e+04
5.300000000000000000e+02 2.699235000000000218e+04
5.460000000000000000e+02 2.702410000000000218e+04
6.580000000000000000e+02 2.708890000000000146e+04
6.420000000000000000e+02 2.710879999999999927e+04
5.940000000000000000e+02 2.717970000000000073e+04
6.260000000000000000e+02 2.720735000000000218e+04
6.660000000000000000e+02 2.722095000000000073e+04
6.740000000000000000e+02 2.722220000000000073e+04
5.460000000000000000e+02 2.722250000000000000e+04
7.540000000000000000e+02 2.723315000000000146e+04
5.140000000000000000e+02 2.728310000000000218e+04
7.140000000000000000e+02 2.730195000000000073e+04
5.940000000000000000e+02 2.734070000000000073e+04
6.580000000000000000e+02 2.734865000000000146e+04
4.340000000000000000e+02 2.735695000000000073e+04
4.740000000000000000e+02 2.740020000000000073e+04
5.220000000000000000e+02 2.740940000000000146e+04
7.140000000000000000e+02 2.755029999999999927e+04
4.420000000000000000e+02 2.757010000000000218e+04
7.540000000000000000e+02 2.760185000000000218e+04
6.260000000000000000e+02 2.761945000000000073e+04
6.900000000000000000e+02 2.764475000000000000e+04
5.460000000000000000e+02 2.764950000000000000e+04
6.420000000000000000e+02 2.765229999999999927e+04
4.900000000000000000e+02 2.767385000000000218e+04
7.460000000000000000e+02 2.769054999999999927e+04
6.980000000000000000e+02 2.773250000000000000e+04
6.500000000000000000e+02 2.773945000000000073e+04
7.140000000000000000e+02 2.778520000000000073e+04
6.740000000000000000e+02 2.785029999999999927e+04
7.460000000000000000e+02 2.791725000000000000e+04
6.980000000000000000e+02 2.793315000000000146e+04
7.140000000000000000e+02 2.794110000000000218e+04
6.500000000000000000e+02 2.794570000000000073e+04
5.220000000000000000e+02 2.796035000000000218e+04
6.420000000000000000e+02 2.797635000000000218e+04
4.340000000000000000e+02 2.798590000000000146e+04
5.950000000000000000e+02 1.058500000000000085e+02
6.750000000000000000e+02 2.432000000000000171e+02
7.550000000000000000e+02 2.492000000000000171e+02
6.190000000000000000e+02 2.509000000000000057e+02
7.470000000000000000e+02 3.571000000000000227e+02
6.030000000000000000e+02 3.587500000000000000e+02
4.910000000000000000e+02 4.071500000000000341e+02
7.870000000000000000e+02 5.614500000000000455e+02
7.550000000000000000e+02 5.735000000000000000e+02
4.990000000000000000e+02 5.857000000000000455e+02
6.510000000000000000e+02 6.297000000000000455e+02
7.390000000000000000e+02 6.368000000000000682e+02
4.270000000000000000e+02 6.425000000000000000e+02
7.950000000000000000e+02 7.415000000000000000e+02
5.070000000000000000e+02 7.632000000000000455e+02
6.830000000000000000e+02 7.700500000000000682e+02
6.190000000000000000e+02 8.950500000000000682e+02
7.230000000000000000e+02 9.725000000000000000e+02
6.430000000000000000e+02 9.759500000000000455e+02
6.030000000000000000e+02 1.179650000000000091e+03
6.270000000000000000e+02 1.342750000000000000e+03
5.870000000000000000e+02 1.373650000000000091e+03
7.950000000000000000e+02 1.391450000000000045e+03
4.990000000000000000e+02 1.572750000000000000e+03
5.150000000000000000e+02 1.604000000000000000e+03
6.190000000000000000e+02 1.609549999999999955e+03
6.990000000000000000e+02 1.694850000000000136e+03
7.630000000000000000e+02 1.739250000000000000e+03
7.790000000000000000e+02 1.872500000000000000e+03
7.390000000000000000e+02 1.903600000000000136e+03
4.270000000000000000e+02 1.903650000000000091e+03
6.430000000000000000e+02 1.940650000000000091e+03
7.630000000000000000e+02 1.957549999999999955e+03
6.110000000000000000e+02 1.995600000000000136e+03
5.630000000000000000e+02 2.008750000000000000e+03
5.550000000000000000e+02 2.008900000000000091e+03
5.950000000000000000e+02 2.032100000000000136e+03
4.670000000000000000e+02 2.125099999999999909e+03
6.190000000000000000e+02 2.142599999999999909e+03
4.110000000000000000e+02 2.175599999999999909e+03
7.870000000000000000e+02 2.253050000000000182e+03
5.070000000000000000e+02 2.273700000000000273e+03
6.430000000000000000e+02 2.298900000000000091e+03
7.470000000000000000e+02 2.305150000000000091e+03
4.670000000000000000e+02 2.305849999999999909e+03
6.110000000000000000e+02 2.316750000000000000e+03
5.870000000000000000e+02 2.332599999999999909e+03
4.110000000000000000e+02 2.349400000000000091e+03
6.510000000000000000e+02 2.404950000000000273e+03
6.190000000000000000e+02 2.432700000000000273e+03
6.430000000000000000e+02 2.446950000000000273e+03
4.750000000000000000e+02 2.460599999999999909e+03
4.590000000000000000e+02 2.466750000000000000e+03
6.990000000000000000e+02 2.469349999999999909e+03
5.470000000000000000e+02 2.473500000000000000e+03
4.350000000000000000e+02 2.478750000000000000e+03
4.430000000000000000e+02 2.516000000000000000e+03
7.550000000000000000e+02 2.518400000000000091e+03
5.790000000000000000e+02 2.538250000000000000e+03
6.190000000000000000e+02 2.553849999999999909e+03
4.030000000000000000e+02 2.591349999999999909e+03
6.270000000000000000e+02 2.601450000000000273e+03
7.710000000000000000e+02 2.624599999999999909e+03
4.190000000000000000e+02 2.696099999999999909e+03
6.990000000000000000e+02 2.728400000000000091e+03
4.110000000000000000e+02 2.737099999999999909e+03
4.430000000000000000e+02 2.738550000000000182e+03
6.030000000000000000e+02 2.743599999999999909e+03
5.950000000000000000e+02 2.751150000000000091e+03
6.350000000000000000e+02 2.768849999999999909e+03
6.190000000000000000e+02 2.875200000000000273e+03
5.870000000000000000e+02 2.936050000000000182e+03
6.750000000000000000e+02 2.940900000000000091e+03
5.070000000000000000e+02 2.995050000000000182e+03
5.710000000000000000e+02 3.008400000000000091e+03
4.830000000000000000e+02 3.011750000000000000e+03
4.190000000000000000e+02 3.031950000000000273e+03
5.070000000000000000e+02 3.048599999999999909e+03
4.510000000000000000e+02 3.051950000000000273e+03
7.550000000000000000e+02 3.107099999999999909e+03
4.670000000000000000e+02 3.143250000000000000e+03
4.030000000000000000e+02 3.191599999999999909e+03
6.430000000000000000e+02 3.205450000000000273e+03
6.590000000000000000e+02 3.229300000000000182e+03
5.470000000000000000e+02 3.277349999999999909e+03
6.670000000000000000e+02 3.323849999999999909e+03
4.110000000000000000e+02 3.352599999999999909e+03
6.510000000000000000e+02 3.360349999999999909e+03
6.590000000000000000e+02 3.387900000000000091e+03
4.190000000000000000e+02 3.487599999999999909e+03
4.670000000000000000e+02 3.490500000000000000e+03
7.230000000000000000e+02 3.513050000000000182e+03
5.790000000000000000e+02 3.530349999999999909e+03
4.750000000000000000e+02 3.540800000000000182e+03
7.790000000000000000e+02 3.542700000000000273e+03
7.310000000000000000e+02 3.590750000000000000e+03
5.150000000000000000e+02 3.610099999999999909e+03
6.190000000000000000e+02 3.610849999999999909e+03
5.550000000000000000e+02 3.634900000000000091e+03
7.230000000000000000e+02 3.644650000000000091e+03
6.510000000000000000e+02 3.656349999999999909e+03
7.630000000000000000e+02 3.657650000000000091e+03
5.870000000000000000e+02 3.668750000000000000e+03
6.350000000000000000e+02 3.685950000000000273e+03
7.310000000000000000e+02 3.698200000000000273e+03
4.350000000000000000e+02 3.753800000000000182e+03
4.670000000000000000e+02 3.772000000000000000e+03
6.350000000000000000e+02 3.823900000000000091e+03
7.230000000000000000e+02 3.850150000000000091e+03
4.830000000000000000e+02 3.873500000000000000e+03
5.230000000000000000e+02 3.888050000000000182e+03
7.070000000000000000e+02 3.909599999999999909e+03
4.990000000000000000e+02 3.913099999999999909e+03
5.790000000000000000e+02 3.925900000000000091e+03
7.710000000000000000e+02 3.938250000000000000e+03
7.310000000000000000e+02 3.952400000000000091e+03
7.230000000000000000e+02 4.024550000000000182e+03
6.190000000000000000e+02 4.065450000000000273e+03
4.350000000000000000e+02 4.080250000000000000e+03
4.910000000000000000e+02 4.109300000000000182e+03
7.550000000000000000e+02 4.202449999999999818e+03
5.950000000000000000e+02 4.233649999999999636e+03
4.030000000000000000e+02 4.244199999999999818e+03
7.950000000000000000e+02 4.262500000000000000e+03
4.190000000000000000e+02 4.352300000000000182e+03
4.430000000000000000e+02 4.407850000000000364e+03
7.470000000000000000e+02 4.457650000000000546e+03
5.950000000000000000e+02 4.482949999999999818e+03
7.070000000000000000e+02 4.539699999999999818e+03
4.830000000000000000e+02 4.547650000000000546e+03
4.110000000000000000e+02 4.552199999999999818e+03
6.990000000000000000e+02 4.579000000000000000e+03
5.950000000000000000e+02 4.601100000000000364e+03
5.710000000000000000e+02 4.605500000000000000e+03
7.950000000000000000e+02 4.702900000000000546e+03
6.750000000000000000e+02 4.716400000000000546e+03
5.550000000000000000e+02 4.742900000000000546e+03
6.110000000000000000e+02 4.763250000000000000e+03
5.470000000000000000e+02 4.765350000000000364e+03
4.110000000000000000e+02 4.842949999999999818e+03
4.270000000000000000e+02 4.849199999999999818e+03
5.310000000000000000e+02 4.874350000000000364e+03
7.710000000000000000e+02 4.885699999999999818e+03
6.510000000000000000e+02 5.007699999999999818e+03
5.390000000000000000e+02 5.009250000000000000e+03
4.110000000000000000e+02 5.021350000000000364e+03
5.630000000000000000e+02 5.034949999999999818e+03
7.710000000000000000e+02 5.060850000000000364e+03
4.350000000000000000e+02 5.072500000000000000e+03
7.230000000000000000e+02 5.134000000000000000e+03
6.750000000000000000e+02 5.140250000000000000e+03
4.670000000000000000e+02 5.184449999999999818e+03
5.870000000000000000e+02 5.195449999999999818e+03
5.550000000000000000e+02 5.239550000000000182e+03
4.750000000000000000e+02 5.272949999999999818e+03
7.790000000000000000e+02 5.327949999999999818e+03
5.150000000000000000e+02 5.328150000000000546e+03
4.670000000000000000e+02 5.394400000000000546e+03
4.190000000000000000e+02 5.427650000000000546e+03
6.750000000000000000e+02 5.434000000000000000e+03
5.950000000000000000e+02 5.450699999999999818e+03
4.910000000000000000e+02 5.543000000000000000e+03
4.270000000000000000e+02 5.628199999999999818e+03
5.870000000000000000e+02 5.676750000000000000e+03
6.110000000000000000e+02 5.699650000000000546e+03
5.150000000000000000e+02 5.783900000000000546e+03
4.750000000000000000e+02 5.803949999999999818e+03
6.510000000000000000e+02 5.872300000000000182e+03
5.230000000000000000e+02 5.874199999999999818e+03
7.310000000000000000e+02 5.914300000000000182e+03
5.230000000000000000e+02 5.935850000000000364e+03
4.190000000000000000e+02 5.944650000000000546e+03
4.430000000000000000e+02 5.944900000000000546e+03
6.990000000000000000e+02 5.970150000000000546e+03
6.110000000000000000e+02 5.974050000000000182e+03
6.590000000000000000e+02 5.997199999999999818e+03
4.910000000000000000e+02 6.014949999999999818e+03
6.510000000000000000e+02 6.023800000000000182e+03
5.710000000000000000e+02 6.063550000000000182e+03
6.990000000000000000e+02 6.065199999999999818e+03
5.310000000000000000e+02 6.103150000000000546e+03
6.030000000000000000e+02 6.129699999999999818e+03
7.550000000000000000e+02 6.130500000000000000e+03
6.430000000000000000e+02 6.145550000000000182e+03
7.630000000000000000e+02 6.162600000000000364e+03
7.150000000000000000e+02 6.276100000000000364e+03
7.550000000000000000e+02 6.289000000000000000e+03
6.990000000000000000e+02 6.337300000000000182e+03
6.590000000000000000e+02 6.349550000000000182e+03
5.470000000000000000e+02 6.396050000000000182e+03
4.670000000000000000e+02 6.403900000000000546e+03
7.710000000000000000e+02 6.563250000000000000e+03
7.070000000000000000e+02 6.565300000000000182e+03
7.390000000000000000e+02 6.575850000000000364e+03
7.790000000000000000e+02 6.619600000000000364e+03
5.230000000000000000e+02 6.628550000000000182e+03
4.670000000000000000e+02 6.640750000000000000e+03
4.510000000000000000e+02 6.680000000000000000e+03
5.870000000000000000e+02 6.682250000000000000e+03
4.670000000000000000e+02 6.702900000000000546e+03
4.430000000000000000e+02 6.737650000000000546e+03
5.230000000000000000e+02 6.754600000000000364e+03
4.510000000000000000e+02 6.866850000000000364e+03
4.830000000000000000e+02 6.876800000000000182e+03
4.190000000000000000e+02 6.886350000000000364e+03
7.870000000000000000e+02 6.957050000000000182e+03
7.630000000000000000e+02 7.068400000000000546e+03
7.470000000000000000e+02 7.072050000000000182e+03
6.830000000000000000e+02 7.081949999999999818e+03
6.430000000000000000e+02 7.170449999999999818e+03
6.190000000000000000e+02 7.203400000000000546e+03
5.070000000000000000e+02 7.224199999999999818e+03
4.350000000000000000e+02 7.235199999999999818e+03
4.830000000000000000e+02 7.235250000000000000e+03
5.950000000000000000e+02 7.287350000000000364e+03
4.030000000000000000e+02 7.351050000000000182e+03
7.070000000000000000e+02 7.391400000000000546e+03
7.790000000000000000e+02 7.409400000000000546e+03
6.910000000000000000e+02 7.467300000000000182e+03
4.110000000000000000e+02 7.507400000000000546e+03
4.030000000000000000e+02 7.568900000000000546e+03
4.510000000000000000e+02 7.590100000000000364e+03
7.950000000000000000e+02 7.631850000000000364e+03
4.430000000000000000e+02 7.655650000000000546e+03
5.070000000000000000e+02 7.670600000000000364e+03
4.350000000000000000e+02 7.703050000000000182e+03
5.470000000000000000e+02 7.773900000000000546e+03
6.670000000000000000e+02 7.781800000000000182e+03
7.310000000000000000e+02 7.854850000000000364e+03
6.110000000000000000e+02 7.862300000000000182e+03
5.070000000000000000e+02 7.862400000000000546e+03
7.390000000000000000e+02 7.880350000000000364e+03
7.390000000000000000e+02 7.941400000000000546e+03
7.630000000000000000e+02 7.972250000000000000e+03
7.950000000000000000e+02 7.986699999999999818e+03
5.310000000000000000e+02 7.996150000000000546e+03
6.430000000000000000e+02 8.037350000000000364e+03
4.910000000000000000e+02 8.053550000000000182e+03
7.870000000000000000e+02 8.054300000000000182e+03
6.030000000000000000e+02 8.081050000000000182e+03
4.590000000000000000e+02 8.086199999999999818e+03
7.710000000000000000e+02 8.198750000000000000e+03
7.950000000000000000e+02 8.200649999999999636e+03
6.430000000000000000e+02 8.206200000000000728e+03
6.110000000000000000e+02 8.229100000000000364e+03
4.350000000000000000e+02 8.243149999999999636e+03
4.270000000000000000e+02 8.451149999999999636e+03
7.070000000000000000e+02 8.543799999999999272e+03
5.550000000000000000e+02 8.546049999999999272e+03
6.910000000000000000e+02 8.546649999999999636e+03
6.190000000000000000e+02 8.548299999999999272e+03
7.310000000000000000e+02 8.555950000000000728e+03
4.350000000000000000e+02 8.624600000000000364e+03
7.550000000000000000e+02 8.674549999999999272e+03
6.910000000000000000e+02 8.716799999999999272e+03
7.870000000000000000e+02 8.780450000000000728e+03
6.590000000000000000e+02 8.800149999999999636e+03
6.270000000000000000e+02 8.805200000000000728e+03
5.310000000000000000e+02 8.964600000000000364e+03
5.550000000000000000e+02 8.979399999999999636e+03
7.950000000000000000e+02 9.022300000000001091e+03
5.550000000000000000e+02 9.032100000000000364e+03
4.910000000000000000e+02 9.034100000000000364e+03
7.390000000000000000e+02 9.056149999999999636e+03
4.190000000000000000e+02 9.072600000000000364e+03
5.630000000000000000e+02 9.115149999999999636e+03
5.070000000000000000e+02 9.119550000000001091e+03
5.630000000000000000e+02 9.210550000000001091e+03
7.390000000000000000e+02 9.272350000000000364e+03
7.150000000000000000e+02 9.273250000000000000e+03
4.110000000000000000e+02 9.286500000000000000e+03
5.950000000000000000e+02 9.293300000000001091e+03
5.150000000000000000e+02 9.326750000000000000e+03
5.870000000000000000e+02 9.390950000000000728e+03
4.270000000000000000e+02 9.458550000000001091e+03
7.790000000000000000e+02 9.519850000000000364e+03
5.070000000000000000e+02 9.521050000000001091e+03
6.750000000000000000e+02 9.541700000000000728e+03
4.910000000000000000e+02 9.563350000000000364e+03
5.870000000000000000e+02 9.597149999999999636e+03
5.150000000000000000e+02 9.618750000000000000e+03
6.430000000000000000e+02 9.624600000000000364e+03
5.950000000000000000e+02 9.638700000000000728e+03
7.630000000000000000e+02 9.691000000000000000e+03
6.030000000000000000e+02 9.736750000000000000e+03
4.350000000000000000e+02 9.890500000000000000e+03
6.510000000000000000e+02 9.920300000000001091e+03
7.550000000000000000e+02 9.927200000000000728e+03
5.070000000000000000e+02 9.979750000000000000e+03
4.670000000000000000e+02 9.990600000000000364e+03
5.870000000000000000e+02 1.001435000000000036e+04
6.430000000000000000e+02 1.003630000000000109e+04
6.110000000000000000e+02 1.004230000000000109e+04
7.150000000000000000e+02 1.008730000000000109e+04
4.110000000000000000e+02 1.009864999999999964e+04
4.030000000000000000e+02 1.010889999999999964e+04
4.270000000000000000e+02 1.013989999999999964e+04
4.830000000000000000e+02 1.014125000000000000e+04
4.350000000000000000e+02 1.015560000000000036e+04
6.270000000000000000e+02 1.020675000000000000e+04
5.950000000000000000e+02 1.022350000000000000e+04
7.710000000000000000e+02 1.022605000000000109e+04
5.870000000000000000e+02 1.027610000000000036e+04
7.310000000000000000e+02 1.027735000000000036e+04
4.830000000000000000e+02 1.029575000000000000e+04
6.510000000000000000e+02 1.031045000000000073e+04
5.790000000000000000e+02 1.034339999999999964e+04
7.630000000000000000e+02 1.041889999999999964e+04
6.190000000000000000e+02 1.048750000000000000e+04
5.950000000000000000e+02 1.050900000000000000e+04
6.510000000000000000e+02 1.057695000000000073e+04
7.390000000000000000e+02 1.061275000000000000e+04
5.390000000000000000e+02 1.062310000000000036e+04
7.550000000000000000e+02 1.064235000000000036e+04
5.870000000000000000e+02 1.070064999999999964e+04
6.190000000000000000e+02 1.073250000000000000e+04
7.630000000000000000e+02 1.073325000000000000e+04
7.870000000000000000e+02 1.080230000000000109e+04
7.150000000000000000e+02 1.080430000000000109e+04
6.830000000000000000e+02 1.084030000000000109e+04
6.670000000000000000e+02 1.091705000000000109e+04
7.390000000000000000e+02 1.095275000000000000e+04
5.470000000000000000e+02 1.095680000000000109e+04
7.950000000000000000e+02 1.096955000000000109e+04
4.670000000000000000e+02 1.102620000000000073e+04
4.990000000000000000e+02 1.103235000000000036e+04
5.550000000000000000e+02 1.111339999999999964e+04
5.870000000000000000e+02 1.113305000000000109e+04
5.790000000000000000e+02 1.120755000000000109e+04
5.230000000000000000e+02 1.121000000000000000e+04
5.870000000000000000e+02 1.126545000000000073e+04
7.630000000000000000e+02 1.131100000000000000e+04
7.150000000000000000e+02 1.131260000000000036e+04
4.910000000000000000e+02 1.134514999999999964e+04
6.030000000000000000e+02 1.143280000000000109e+04
4.190000000000000000e+02 1.144389999999999964e+04
7.790000000000000000e+02 1.146945000000000073e+04
5.550000000000000000e+02 1.149339999999999964e+04
6.270000000000000000e+02 1.151700000000000000e+04
4.750000000000000000e+02 1.154164999999999964e+04
5.710000000000000000e+02 1.154985000000000036e+04
4.110000000000000000e+02 1.166305000000000109e+04
6.350000000000000000e+02 1.166639999999999964e+04
5.870000000000000000e+02 1.171985000000000036e+04
7.150000000000000000e+02 1.174225000000000000e+04
6.270000000000000000e+02 1.174725000000000000e+04
6.030000000000000000e+02 1.180975000000000000e+04
5.150000000000000000e+02 1.182930000000000109e+04
4.670000000000000000e+02 1.183914999999999964e+04
7.630000000000000000e+02 1.185439999999999964e+04
5.550000000000000000e+02 1.193655000000000109e+04
4.190000000000000000e+02 1.195445000000000073e+04
5.070000000000000000e+02 1.195830000000000109e+04
5.150000000000000000e+02 1.196339999999999964e+04
5.790000000000000000e+02 1.198330000000000109e+04
6.110000000000000000e+02 1.206400000000000000e+04
4.830000000000000000e+02 1.214160000000000036e+04
7.550000000000000000e+02 1.216035000000000036e+04
4.030000000000000000e+02 1.216230000000000109e+04
7.790000000000000000e+02 1.220230000000000109e+04
4.910000000000000000e+02 1.220330000000000109e+04
5.470000000000000000e+02 1.222375000000000000e+04
4.750000000000000000e+02 1.226970000000000073e+04
6.350000000000000000e+02 1.233035000000000036e+04
5.950000000000000000e+02 1.234180000000000109e+04
7.470000000000000000e+02 1.237205000000000109e+04
7.710000000000000000e+02 1.238689999999999964e+04
6.510000000000000000e+02 1.238725000000000000e+04
6.830000000000000000e+02 1.241530000000000109e+04
7.630000000000000000e+02 1.246539999999999964e+04
6.430000000000000000e+02 1.246710000000000036e+04
5.070000000000000000e+02 1.252485000000000036e+04
7.310000000000000000e+02 1.253220000000000073e+04
6.990000000000000000e+02 1.253300000000000000e+04
5.710000000000000000e+02 1.258020000000000073e+04
6.990000000000000000e+02 1.261010000000000036e+04
4.990000000000000000e+02 1.262535000000000036e+04
7.630000000000000000e+02 1.263935000000000036e+04
4.350000000000000000e+02 1.264400000000000000e+04
7.950000000000000000e+02 1.269750000000000000e+04
6.030000000000000000e+02 1.271114999999999964e+04
4.750000000000000000e+02 1.272360000000000036e+04
6.510000000000000000e+02 1.276885000000000036e+04
5.470000000000000000e+02 1.277880000000000109e+04
4.350000000000000000e+02 1.284155000000000109e+04
7.470000000000000000e+02 1.284389999999999964e+04
6.030000000000000000e+02 1.285089999999999964e+04
6.270000000000000000e+02 1.287055000000000109e+04
4.830000000000000000e+02 1.292430000000000109e+04
6.990000000000000000e+02 1.292550000000000000e+04
6.990000000000000000e+02 1.303180000000000109e+04
4.590000000000000000e+02 1.307135000000000036e+04
5.550000000000000000e+02 1.307495000000000073e+04
5.070000000000000000e+02 1.308295000000000073e+04
7.150000000000000000e+02 1.308385000000000036e+04
4.350000000000000000e+02 1.312270000000000073e+04
7.390000000000000000e+02 1.320085000000000036e+04
4.110000000000000000e+02 1.321689999999999964e+04
6.510000000000000000e+02 1.322535000000000036e+04
6.670000000000000000e+02 1.324664999999999964e+04
5.150000000000000000e+02 1.336400000000000000e+04
4.910000000000000000e+02 1.337764999999999964e+04
4.190000000000000000e+02 1.338335000000000036e+04
7.310000000000000000e+02 1.342730000000000109e+04
4.590000000000000000e+02 1.344255000000000109e+04
7.310000000000000000e+02 1.349764999999999964e+04
4.910000000000000000e+02 1.351695000000000073e+04
6.670000000000000000e+02 1.352564999999999964e+04
5.390000000000000000e+02 1.354260000000000036e+04
5.470000000000000000e+02 1.354485000000000036e+04
5.790000000000000000e+02 1.370970000000000073e+04
4.350000000000000000e+02 1.376160000000000036e+04
6.030000000000000000e+02 1.380055000000000109e+04
4.110000000000000000e+02 1.380189999999999964e+04
5.470000000000000000e+02 1.380960000000000036e+04
6.670000000000000000e+02 1.383200000000000000e+04
5.790000000000000000e+02 1.383310000000000036e+04
4.910000000000000000e+02 1.387030000000000109e+04
5.310000000000000000e+02 1.387525000000000000e+04
6.350000000000000000e+02 1.393150000000000000e+04
7.950000000000000000e+02 1.398180000000000109e+04
5.390000000000000000e+02 1.401589999999999964e+04
6.990000000000000000e+02 1.401860000000000036e+04
5.630000000000000000e+02 1.402150000000000000e+04
6.830000000000000000e+02 1.405400000000000000e+04
4.510000000000000000e+02 1.407785000000000036e+04
7.630000000000000000e+02 1.408485000000000036e+04
7.710000000000000000e+02 1.414475000000000000e+04
5.950000000000000000e+02 1.416695000000000073e+04
6.510000000000000000e+02 1.424214999999999964e+04
5.150000000000000000e+02 1.426300000000000000e+04
7.550000000000000000e+02 1.441035000000000036e+04
4.510000000000000000e+02 1.445780000000000109e+04
5.390000000000000000e+02 1.450005000000000109e+04
6.430000000000000000e+02 1.452114999999999964e+04
4.110000000000000000e+02 1.452364999999999964e+04
6.030000000000000000e+02 1.453720000000000073e+04
5.150000000000000000e+02 1.454075000000000000e+04
5.390000000000000000e+02 1.459239999999999964e+04
4.670000000000000000e+02 1.459350000000000000e+04
4.110000000000000000e+02 1.459460000000000036e+04
4.590000000000000000e+02 1.460035000000000036e+04
4.990000000000000000e+02 1.461964999999999964e+04
6.990000000000000000e+02 1.462585000000000036e+04
4.030000000000000000e+02 1.467205000000000109e+04
5.230000000000000000e+02 1.470205000000000109e+04
4.670000000000000000e+02 1.472020000000000073e+04
7.390000000000000000e+02 1.472745000000000073e+04
6.990000000000000000e+02 1.474485000000000036e+04
4.110000000000000000e+02 1.478995000000000073e+04
6.670000000000000000e+02 1.480639999999999964e+04
7.470000000000000000e+02 1.485400000000000000e+04
6.590000000000000000e+02 1.487960000000000036e+04
5.630000000000000000e+02 1.489085000000000036e+04
6.910000000000000000e+02 1.490335000000000036e+04
5.870000000000000000e+02 1.494235000000000036e+04
5.070000000000000000e+02 1.495795000000000073e+04
7.390000000000000000e+02 1.497795000000000073e+04
7.710000000000000000e+02 1.497814999999999964e+04
6.990000000000000000e+02 1.502330000000000109e+04
7.790000000000000000e+02 1.507039999999999964e+04
4.910000000000000000e+02 1.507125000000000000e+04
7.550000000000000000e+02 1.508835000000000036e+04
6.430000000000000000e+02 1.510450000000000000e+04
5.470000000000000000e+02 1.513860000000000036e+04
4.990000000000000000e+02 1.514839999999999964e+04
4.430000000000000000e+02 1.517460000000000036e+04
6.430000000000000000e+02 1.518089999999999964e+04
4.590000000000000000e+02 1.518145000000000073e+04
7.550000000000000000e+02 1.519895000000000073e+04
6.190000000000000000e+02 1.522364999999999964e+04
4.110000000000000000e+02 1.524489999999999964e+04
7.790000000000000000e+02 1.531714999999999964e+04
5.390000000000000000e+02 1.531739999999999964e+04
7.150000000000000000e+02 1.535620000000000073e+04
4.990000000000000000e+02 1.537895000000000073e+04
7.150000000000000000e+02 1.543980000000000109e+04
6.510000000000000000e+02 1.547345000000000073e+04
6.750000000000000000e+02 1.547730000000000109e+04
5.950000000000000000e+02 1.550864999999999964e+04
4.990000000000000000e+02 1.550889999999999964e+04
7.070000000000000000e+02 1.551225000000000000e+04
5.230000000000000000e+02 1.555780000000000109e+04
4.990000000000000000e+02 1.559964999999999964e+04
6.750000000000000000e+02 1.563120000000000073e+04
5.950000000000000000e+02 1.564550000000000000e+04
5.310000000000000000e+02 1.566895000000000073e+04
6.350000000000000000e+02 1.583164999999999964e+04
7.470000000000000000e+02 1.584620000000000073e+04
5.470000000000000000e+02 1.586970000000000073e+04
5.470000000000000000e+02 1.594605000000000109e+04
5.150000000000000000e+02 1.598860000000000036e+04
6.190000000000000000e+02 1.606235000000000036e+04
4.750000000000000000e+02 1.608770000000000073e+04
7.150000000000000000e+02 1.614245000000000073e+04
6.430000000000000000e+02 1.616505000000000109e+04
6.110000000000000000e+02 1.620845000000000073e+04
7.950000000000000000e+02 1.629570000000000073e+04
5.070000000000000000e+02 1.631589999999999964e+04
4.350000000000000000e+02 1.633210000000000036e+04
7.470000000000000000e+02 1.635855000000000109e+04
4.830000000000000000e+02 1.637105000000000109e+04
7.310000000000000000e+02 1.640845000000000073e+04
4.510000000000000000e+02 1.641309999999999854e+04
4.270000000000000000e+02 1.642579999999999927e+04
5.310000000000000000e+02 1.643995000000000073e+04
4.910000000000000000e+02 1.650779999999999927e+04
5.470000000000000000e+02 1.654115000000000146e+04
7.230000000000000000e+02 1.655515000000000146e+04
4.750000000000000000e+02 1.661450000000000000e+04
6.590000000000000000e+02 1.663834999999999854e+04
6.670000000000000000e+02 1.665759999999999854e+04
5.630000000000000000e+02 1.667654999999999927e+04
5.950000000000000000e+02 1.669204999999999927e+04
7.950000000000000000e+02 1.669995000000000073e+04
4.510000000000000000e+02 1.673315000000000146e+04
5.070000000000000000e+02 1.673770000000000073e+04
7.790000000000000000e+02 1.673879999999999927e+04
6.190000000000000000e+02 1.675465000000000146e+04
6.990000000000000000e+02 1.684579999999999927e+04
7.790000000000000000e+02 1.688075000000000000e+04
6.990000000000000000e+02 1.690684999999999854e+04
5.870000000000000000e+02 1.697734999999999854e+04
5.550000000000000000e+02 1.698615000000000146e+04
6.270000000000000000e+02 1.699070000000000073e+04
4.990000000000000000e+02 1.701759999999999854e+04
4.270000000000000000e+02 1.703340000000000146e+04
4.350000000000000000e+02 1.708684999999999854e+04
6.190000000000000000e+02 1.715925000000000000e+04
4.030000000000000000e+02 1.718525000000000000e+04
4.990000000000000000e+02 1.720475000000000000e+04
4.670000000000000000e+02 1.723265000000000146e+04
7.070000000000000000e+02 1.729759999999999854e+04
4.510000000000000000e+02 1.738165000000000146e+04
4.670000000000000000e+02 1.738304999999999927e+04
7.710000000000000000e+02 1.742100000000000000e+04
7.550000000000000000e+02 1.743575000000000000e+04
5.710000000000000000e+02 1.743695000000000073e+04
5.870000000000000000e+02 1.744515000000000146e+04
6.350000000000000000e+02 1.745020000000000073e+04
6.670000000000000000e+02 1.746140000000000146e+04
6.750000000000000000e+02 1.746225000000000000e+04
7.950000000000000000e+02 1.747579999999999927e+04
4.590000000000000000e+02 1.748700000000000000e+04
5.390000000000000000e+02 1.748779999999999927e+04
4.110000000000000000e+02 1.750070000000000073e+04
7.390000000000000000e+02 1.750629999999999927e+04
6.910000000000000000e+02 1.753995000000000073e+04
4.670000000000000000e+02 1.755515000000000146e+04
4.190000000000000000e+02 1.760850000000000000e+04
4.030000000000000000e+02 1.764610000000000218e+04
5.710000000000000000e+02 1.765790000000000146e+04
4.670000000000000000e+02 1.767060000000000218e+04
4.190000000000000000e+02 1.767254999999999927e+04
6.110000000000000000e+02 1.768765000000000146e+04
5.790000000000000000e+02 1.771095000000000073e+04
4.910000000000000000e+02 1.771954999999999927e+04
7.470000000000000000e+02 1.773450000000000000e+04
6.510000000000000000e+02 1.773579999999999927e+04
6.190000000000000000e+02 1.774325000000000000e+04
5.150000000000000000e+02 1.781940000000000146e+04
6.430000000000000000e+02 1.784750000000000000e+04
4.510000000000000000e+02 1.785360000000000218e+04
4.590000000000000000e+02 1.786315000000000146e+04
5.150000000000000000e+02 1.791290000000000146e+04
4.670000000000000000e+02 1.792295000000000073e+04
4.270000000000000000e+02 1.792485000000000218e+04
7.390000000000000000e+02 1.792600000000000000e+04
6.270000000000000000e+02 1.792690000000000146e+04
4.990000000000000000e+02 1.798879999999999927e+04
4.590000000000000000e+02 1.803615000000000146e+04
5.550000000000000000e+02 1.808100000000000000e+04
6.270000000000000000e+02 1.811275000000000000e+04
6.750000000000000000e+02 1.812595000000000073e+04
5.790000000000000000e+02 1.814715000000000146e+04
7.630000000000000000e+02 1.823275000000000000e+04
4.590000000000000000e+02 1.824650000000000000e+04
4.990000000000000000e+02 1.825629999999999927e+04
7.870000000000000000e+02 1.826320000000000073e+04
5.710000000000000000e+02 1.828265000000000146e+04
5.470000000000000000e+02 1.831945000000000073e+04
5.870000000000000000e+02 1.833150000000000000e+04
7.070000000000000000e+02 1.834520000000000073e+04
4.590000000000000000e+02 1.836310000000000218e+04
5.390000000000000000e+02 1.839154999999999927e+04
4.350000000000000000e+02 1.839740000000000146e+04
6.510000000000000000e+02 1.843035000000000218e+04
4.110000000000000000e+02 1.843254999999999927e+04
6.110000000000000000e+02 1.845045000000000073e+04
4.990000000000000000e+02 1.848000000000000000e+04
6.190000000000000000e+02 1.850415000000000146e+04
5.950000000000000000e+02 1.866560000000000218e+04
5.630000000000000000e+02 1.868725000000000000e+04
6.750000000000000000e+02 1.872085000000000218e+04
7.230000000000000000e+02 1.877840000000000146e+04
5.710000000000000000e+02 1.892695000000000073e+04
5.550000000000000000e+02 1.897120000000000073e+04
4.990000000000000000e+02 1.898000000000000000e+04
5.070000000000000000e+02 1.900735000000000218e+04
4.510000000000000000e+02 1.901770000000000073e+04
7.790000000000000000e+02 1.902929999999999927e+04
6.350000000000000000e+02 1.907590000000000146e+04
4.350000000000000000e+02 1.911825000000000000e+04
7.550000000000000000e+02 1.915695000000000073e+04
5.710000000000000000e+02 1.916710000000000218e+04
4.990000000000000000e+02 1.919525000000000000e+04
6.190000000000000000e+02 1.921990000000000146e+04
4.670000000000000000e+02 1.924585000000000218e+04
6.510000000000000000e+02 1.924754999999999927e+04
5.070000000000000000e+02 1.927775000000000000e+04
5.390000000000000000e+02 1.930229999999999927e+04
7.630000000000000000e+02 1.930470000000000073e+04
6.270000000000000000e+02 1.932675000000000000e+04
7.870000000000000000e+02 1.937104999999999927e+04
4.670000000000000000e+02 1.939054999999999927e+04
7.790000000000000000e+02 1.944950000000000000e+04
4.350000000000000000e+02 1.946120000000000073e+04
6.830000000000000000e+02 1.949320000000000073e+04
4.190000000000000000e+02 1.954325000000000000e+04
6.350000000000000000e+02 1.966540000000000146e+04
5.870000000000000000e+02 1.966625000000000000e+04
5.230000000000000000e+02 1.970329999999999927e+04
7.950000000000000000e+02 1.974910000000000218e+04
4.910000000000000000e+02 1.975579999999999927e+04
5.710000000000000000e+02 1.981645000000000073e+04
4.270000000000000000e+02 1.985595000000000073e+04
4.110000000000000000e+02 1.986850000000000000e+04
4.990000000000000000e+02 1.992504999999999927e+04
4.670000000000000000e+02 1.993870000000000073e+04
5.310000000000000000e+02 1.994610000000000218e+04
7.310000000000000000e+02 2.001110000000000218e+04
4.910000000000000000e+02 2.002000000000000000e+04
7.710000000000000000e+02 2.007410000000000218e+04
5.550000000000000000e+02 2.007850000000000000e+04
6.270000000000000000e+02 2.008975000000000000e+04
5.310000000000000000e+02 2.010404999999999927e+04
5.950000000000000000e+02 2.016550000000000000e+04
7.550000000000000000e+02 2.018954999999999927e+04
6.830000000000000000e+02 2.019190000000000146e+04
4.990000000000000000e+02 2.020350000000000000e+04
6.110000000000000000e+02 2.027254999999999927e+04
6.670000000000000000e+02 2.037354999999999927e+04
4.910000000000000000e+02 2.041660000000000218e+04
4.190000000000000000e+02 2.043265000000000146e+04
5.070000000000000000e+02 2.043440000000000146e+04
6.750000000000000000e+02 2.048495000000000073e+04
7.950000000000000000e+02 2.049140000000000146e+04
6.990000000000000000e+02 2.055720000000000073e+04
4.670000000000000000e+02 2.058410000000000218e+04
5.710000000000000000e+02 2.060250000000000000e+04
7.790000000000000000e+02 2.061270000000000073e+04
5.470000000000000000e+02 2.062529999999999927e+04
7.710000000000000000e+02 2.066120000000000073e+04
7.710000000000000000e+02 2.072170000000000073e+04
6.590000000000000000e+02 2.077054999999999927e+04
7.790000000000000000e+02 2.080900000000000000e+04
5.230000000000000000e+02 2.085845000000000073e+04
6.190000000000000000e+02 2.090679999999999927e+04
7.710000000000000000e+02 2.091865000000000146e+04
7.630000000000000000e+02 2.097070000000000073e+04
4.990000000000000000e+02 2.101935000000000218e+04
6.750000000000000000e+02 2.103245000000000073e+04
7.150000000000000000e+02 2.104410000000000218e+04
7.310000000000000000e+02 2.104545000000000073e+04
6.590000000000000000e+02 2.104635000000000218e+04
7.070000000000000000e+02 2.108200000000000000e+04
5.630000000000000000e+02 2.108275000000000000e+04
4.590000000000000000e+02 2.116079999999999927e+04
7.470000000000000000e+02 2.116550000000000000e+04
6.430000000000000000e+02 2.117370000000000073e+04
4.910000000000000000e+02 2.120065000000000146e+04
7.390000000000000000e+02 2.121195000000000073e+04
5.470000000000000000e+02 2.123510000000000218e+04
5.710000000000000000e+02 2.126315000000000146e+04
7.870000000000000000e+02 2.126954999999999927e+04
6.110000000000000000e+02 2.133154999999999927e+04
5.230000000000000000e+02 2.134185000000000218e+04
7.230000000000000000e+02 2.139550000000000000e+04
7.070000000000000000e+02 2.139825000000000000e+04
7.630000000000000000e+02 2.139870000000000073e+04
4.350000000000000000e+02 2.142560000000000218e+04
5.630000000000000000e+02 2.144785000000000218e+04
4.830000000000000000e+02 2.146000000000000000e+04
5.470000000000000000e+02 2.146820000000000073e+04
6.990000000000000000e+02 2.149410000000000218e+04
4.670000000000000000e+02 2.150770000000000073e+04
4.190000000000000000e+02 2.153295000000000073e+04
7.390000000000000000e+02 2.154390000000000146e+04
7.710000000000000000e+02 2.155115000000000146e+04
4.270000000000000000e+02 2.162235000000000218e+04
4.110000000000000000e+02 2.165090000000000146e+04
6.270000000000000000e+02 2.165215000000000146e+04
6.430000000000000000e+02 2.176535000000000218e+04
6.990000000000000000e+02 2.182325000000000000e+04
4.990000000000000000e+02 2.183290000000000146e+04
5.550000000000000000e+02 2.186579999999999927e+04
7.230000000000000000e+02 2.193090000000000146e+04
7.790000000000000000e+02 2.194204999999999927e+04
5.470000000000000000e+02 2.194304999999999927e+04
6.350000000000000000e+02 2.195395000000000073e+04
5.150000000000000000e+02 2.195440000000000146e+04
4.430000000000000000e+02 2.198910000000000218e+04
5.070000000000000000e+02 2.202204999999999927e+04
5.710000000000000000e+02 2.203650000000000000e+04
7.550000000000000000e+02 2.206904999999999927e+04
7.230000000000000000e+02 2.208900000000000000e+04
5.550000000000000000e+02 2.209485000000000218e+04
7.470000000000000000e+02 2.209825000000000000e+04
7.630000000000000000e+02 2.212335000000000218e+04
4.910000000000000000e+02 2.218495000000000073e+04
4.110000000000000000e+02 2.219510000000000218e+04
7.550000000000000000e+02 2.226085000000000218e+04
5.070000000000000000e+02 2.228725000000000000e+04
4.750000000000000000e+02 2.228925000000000000e+04
5.550000000000000000e+02 2.229535000000000218e+04
5.870000000000000000e+02 2.231304999999999927e+04
7.870000000000000000e+02 2.242545000000000073e+04
7.550000000000000000e+02 2.244640000000000146e+04
6.670000000000000000e+02 2.252910000000000218e+04
7.150000000000000000e+02 2.253029999999999927e+04
6.030000000000000000e+02 2.253270000000000073e+04
6.350000000000000000e+02 2.253310000000000218e+04
5.630000000000000000e+02 2.253925000000000000e+04
5.070000000000000000e+02 2.260245000000000073e+04
4.110000000000000000e+02 2.262650000000000000e+04
6.670000000000000000e+02 2.268845000000000073e+04
7.390000000000000000e+02 2.269090000000000146e+04
5.550000000000000000e+02 2.272175000000000000e+04
4.030000000000000000e+02 2.273010000000000218e+04
7.310000000000000000e+02 2.276090000000000146e+04
4.510000000000000000e+02 2.282960000000000218e+04
6.590000000000000000e+02 2.287900000000000000e+04
5.710000000000000000e+02 2.288500000000000000e+04
6.190000000000000000e+02 2.289529999999999927e+04
5.630000000000000000e+02 2.296315000000000146e+04
7.230000000000000000e+02 2.297885000000000218e+04
4.350000000000000000e+02 2.303890000000000146e+04
7.310000000000000000e+02 2.304045000000000073e+04
5.470000000000000000e+02 2.308595000000000073e+04
5.070000000000000000e+02 2.317285000000000218e+04
4.350000000000000000e+02 2.323420000000000073e+04
6.270000000000000000e+02 2.329550000000000000e+04
4.110000000000000000e+02 2.333040000000000146e+04
5.710000000000000000e+02 2.338304999999999927e+04
5.870000000000000000e+02 2.341279999999999927e+04
6.510000000000000000e+02 2.345425000000000000e+04
7.470000000000000000e+02 2.346170000000000073e+04
6.350000000000000000e+02 2.346350000000000000e+04
7.710000000000000000e+02 2.347875000000000000e+04
6.750000000000000000e+02 2.351965000000000146e+04
4.990000000000000000e+02 2.352000000000000000e+04
6.030000000000000000e+02 2.352904999999999927e+04
7.630000000000000000e+02 2.354935000000000218e+04
6.190000000000000000e+02 2.358515000000000146e+04
7.390000000000000000e+02 2.359379999999999927e+04
5.950000000000000000e+02 2.365695000000000073e+04
6.030000000000000000e+02 2.369970000000000073e+04
6.350000000000000000e+02 2.378645000000000073e+04
4.190000000000000000e+02 2.380070000000000073e+04
5.070000000000000000e+02 2.380160000000000218e+04
4.830000000000000000e+02 2.381015000000000146e+04
5.390000000000000000e+02 2.381860000000000218e+04
6.670000000000000000e+02 2.382054999999999927e+04
7.630000000000000000e+02 2.382620000000000073e+04
5.070000000000000000e+02 2.388220000000000073e+04
5.710000000000000000e+02 2.388600000000000000e+04
4.670000000000000000e+02 2.388990000000000146e+04
7.630000000000000000e+02 2.389365000000000146e+04
5.950000000000000000e+02 2.391900000000000000e+04
4.590000000000000000e+02 2.392515000000000146e+04
5.390000000000000000e+02 2.392620000000000073e+04
4.030000000000000000e+02 2.393104999999999927e+04
6.990000000000000000e+02 2.397470000000000073e+04
6.590000000000000000e+02 2.397660000000000218e+04
4.590000000000000000e+02 2.404495000000000073e+04
5.070000000000000000e+02 2.409440000000000146e+04
5.310000000000000000e+02 2.409560000000000218e+04
4.350000000000000000e+02 2.411545000000000073e+04
6.190000000000000000e+02 2.414310000000000218e+04
7.790000000000000000e+02 2.421065000000000146e+04
7.390000000000000000e+02 2.422750000000000000e+04
4.670000000000000000e+02 2.422860000000000218e+04
4.990000000000000000e+02 2.423135000000000218e+04
5.550000000000000000e+02 2.424929999999999927e+04
5.710000000000000000e+02 2.428300000000000000e+04
5.070000000000000000e+02 2.431690000000000146e+04
6.110000000000000000e+02 2.436500000000000000e+04
7.790000000000000000e+02 2.444885000000000218e+04
5.630000000000000000e+02 2.448440000000000146e+04
5.950000000000000000e+02 2.448800000000000000e+04
6.350000000000000000e+02 2.451685000000000218e+04
5.710000000000000000e+02 2.452704999999999927e+04
5.630000000000000000e+02 2.455000000000000000e+04
6.990000000000000000e+02 2.458665000000000146e+04
4.270000000000000000e+02 2.458690000000000146e+04
5.870000000000000000e+02 2.458775000000000000e+04
4.830000000000000000e+02 2.459720000000000073e+04
7.470000000000000000e+02 2.461795000000000073e+04
7.230000000000000000e+02 2.465535000000000218e+04
5.870000000000000000e+02 2.467004999999999927e+04
4.750000000000000000e+02 2.473104999999999927e+04
5.070000000000000000e+02 2.474835000000000218e+04
5.630000000000000000e+02 2.484129999999999927e+04
6.430000000000000000e+02 2.485145000000000073e+04
6.190000000000000000e+02 2.485525000000000000e+04
7.550000000000000000e+02 2.485945000000000073e+04
6.270000000000000000e+02 2.490929999999999927e+04
5.390000000000000000e+02 2.494204999999999927e+04
5.950000000000000000e+02 2.496404999999999927e+04
5.150000000000000000e+02 2.497340000000000146e+04
5.230000000000000000e+02 2.497529999999999927e+04
6.350000000000000000e+02 2.499700000000000000e+04
5.230000000000000000e+02 2.503975000000000000e+04
6.270000000000000000e+02 2.504254999999999927e+04
5.710000000000000000e+02 2.508150000000000000e+04
7.630000000000000000e+02 2.514740000000000146e+04
6.350000000000000000e+02 2.515335000000000218e+04
7.230000000000000000e+02 2.515785000000000218e+04
5.950000000000000000e+02 2.519775000000000000e+04
4.270000000000000000e+02 2.521554999999999927e+04
6.510000000000000000e+02 2.523650000000000000e+04
5.790000000000000000e+02 2.524125000000000000e+04
4.670000000000000000e+02 2.534190000000000146e+04
5.550000000000000000e+02 2.541060000000000218e+04
5.870000000000000000e+02 2.542085000000000218e+04
5.470000000000000000e+02 2.543220000000000073e+04
6.350000000000000000e+02 2.548679999999999927e+04
5.710000000000000000e+02 2.551375000000000000e+04
4.750000000000000000e+02 2.554965000000000146e+04
4.910000000000000000e+02 2.566985000000000218e+04
5.710000000000000000e+02 2.568500000000000000e+04
5.630000000000000000e+02 2.569615000000000146e+04
7.150000000000000000e+02 2.575129999999999927e+04
5.710000000000000000e+02 2.576295000000000073e+04
6.270000000000000000e+02 2.580029999999999927e+04
7.390000000000000000e+02 2.586254999999999927e+04
7.950000000000000000e+02 2.586870000000000073e+04
6.270000000000000000e+02 2.590479999999999927e+04
6.670000000000000000e+02 2.590604999999999927e+04
6.590000000000000000e+02 2.598565000000000146e+04
4.190000000000000000e+02 2.598800000000000000e+04
7.390000000000000000e+02 2.600929999999999927e+04
6.190000000000000000e+02 2.603860000000000218e+04
7.150000000000000000e+02 2.607065000000000146e+04
6.590000000000000000e+02 2.610940000000000146e+04
4.990000000000000000e+02 2.614945000000000073e+04
7.870000000000000000e+02 2.616585000000000218e+04
6.750000000000000000e+02 2.620260000000000218e+04
4.750000000000000000e+02 2.621320000000000073e+04
4.910000000000000000e+02 2.621545000000000073e+04
5.230000000000000000e+02 2.621565000000000146e+04
7.630000000000000000e+02 2.624885000000000218e+04
7.150000000000000000e+02 2.625615000000000146e+04
7.550000000000000000e+02 2.628920000000000073e+04
5.470000000000000000e+02 2.628960000000000218e+04
5.230000000000000000e+02 2.630104999999999927e+04
5.310000000000000000e+02 2.630479999999999927e+04
6.670000000000000000e+02 2.633675000000000000e+04
6.590000000000000000e+02 2.634395000000000073e+04
5.950000000000000000e+02 2.648875000000000000e+04
4.190000000000000000e+02 2.651910000000000218e+04
4.750000000000000000e+02 2.652595000000000073e+04
7.310000000000000000e+02 2.662479999999999927e+04
6.510000000000000000e+02 2.665850000000000000e+04
7.310000000000000000e+02 2.668025000000000000e+04
7.070000000000000000e+02 2.680285000000000218e+04
4.670000000000000000e+02 2.682270000000000073e+04
5.390000000000000000e+02 2.682460000000000218e+04
7.870000000000000000e+02 2.684890000000000146e+04
7.870000000000000000e+02 2.690625000000000000e+04
6.670000000000000000e+02 2.692460000000000218e+04
6.190000000000000000e+02 2.692500000000000000e+04
7.150000000000000000e+02 2.698120000000000073e+04
6.030000000000000000e+02 2.700529999999999927e+04
5.710000000000000000e+02 2.703629999999999927e+04
6.590000000000000000e+02 2.704629999999999927e+04
7.950000000000000000e+02 2.710990000000000146e+04
5.070000000000000000e+02 2.711270000000000073e+04
4.430000000000000000e+02 2.713970000000000073e+04
6.030000000000000000e+02 2.716810000000000218e+04
5.710000000000000000e+02 2.719895000000000073e+04
7.310000000000000000e+02 2.723775000000000000e+04
5.310000000000000000e+02 2.725060000000000218e+04
6.030000000000000000e+02 2.728979999999999927e+04
6.670000000000000000e+02 2.729245000000000073e+04
4.990000000000000000e+02 2.730340000000000146e+04
7.310000000000000000e+02 2.732295000000000073e+04
4.990000000000000000e+02 2.736185000000000218e+04
6.030000000000000000e+02 2.736960000000000218e+04
6.110000000000000000e+02 2.741575000000000000e+04
7.310000000000000000e+02 2.742954999999999927e+04
4.030000000000000000e+02 2.743150000000000000e+04
4.110000000000000000e+02 2.749479999999999927e+04
4.110000000000000000e+02 2.756935000000000218e+04
5.070000000000000000e+02 2.759160000000000218e+04
7.710000000000000000e+02 2.760254999999999927e+04
7.950000000000000000e+02 2.761800000000000000e+04
5.310000000000000000e+02 2.762370000000000073e+04
5.950000000000000000e+02 2.764690000000000146e+04
7.630000000000000000e+02 2.770595000000000073e+04
4.910000000000000000e+02 2.773190000000000146e+04
4.590000000000000000e+02 2.775170000000000073e+04
5.470000000000000000e+02 2.780075000000000000e+04
6.110000000000000000e+02 2.780625000000000000e+04
6.190000000000000000e+02 2.783215000000000146e+04
6.430000000000000000e+02 2.783915000000000146e+04
4.670000000000000000e+02 2.786125000000000000e+04
4.110000000000000000e+02 2.787600000000000000e+04
7.550000000000000000e+02 2.789260000000000218e+04
4.110000000000000000e+02 2.791820000000000073e+04
7.870000000000000000e+02 2.794040000000000146e+04
5.150000000000000000e+02 2.797795000000000073e+04
6.190000000000000000e+02 2.797795000000000073e+04
5.560000000000000000e+02 1.055499999999999972e+02
4.840000000000000000e+02 1.069000000000000057e+02
5.480000000000000000e+02 1.101500000000000057e+02
6.120000000000000000e+02 1.147999999999999972e+02
7.240000000000000000e+02 1.473000000000000114e+02
6.760000000000000000e+02 1.609500000000000171e+02
7.720000000000000000e+02 1.794500000000000171e+02
4.920000000000000000e+02 3.173000000000000114e+02
6.360000000000000000e+02 4.434000000000000341e+02
6.920000000000000000e+02 4.814499999999999886e+02
6.040000000000000000e+02 5.018500000000000227e+02
5.880000000000000000e+02 5.271499999999999773e+02
5.560000000000000000e+02 5.296499999999999773e+02
4.840000000000000000e+02 5.878000000000000682e+02
5.800000000000000000e+02 5.998999999999999773e+02
4.440000000000000000e+02 6.838000000000000682e+02
6.200000000000000000e+02 7.393999999999999773e+02
5.640000000000000000e+02 8.126499999999999773e+02
5.080000000000000000e+02 8.151000000000000227e+02
4.040000000000000000e+02 9.268500000000000227e+02
4.520000000000000000e+02 9.808999999999999773e+02
6.760000000000000000e+02 1.055900000000000091e+03
5.960000000000000000e+02 1.056849999999999909e+03
7.240000000000000000e+02 1.077599999999999909e+03
7.640000000000000000e+02 1.078200000000000045e+03
7.320000000000000000e+02 1.111400000000000091e+03
4.360000000000000000e+02 1.145250000000000000e+03
5.640000000000000000e+02 1.169950000000000045e+03
6.360000000000000000e+02 1.270450000000000045e+03
5.720000000000000000e+02 1.345200000000000045e+03
7.560000000000000000e+02 1.470650000000000091e+03
6.760000000000000000e+02 1.475250000000000000e+03
6.360000000000000000e+02 1.492500000000000000e+03
4.600000000000000000e+02 1.493150000000000091e+03
7.720000000000000000e+02 1.574799999999999955e+03
7.080000000000000000e+02 1.595150000000000091e+03
6.200000000000000000e+02 1.661950000000000045e+03
7.000000000000000000e+02 1.674850000000000136e+03
4.440000000000000000e+02 1.675299999999999955e+03
7.960000000000000000e+02 1.696000000000000000e+03
7.880000000000000000e+02 1.696850000000000136e+03
6.680000000000000000e+02 1.713150000000000091e+03
5.560000000000000000e+02 1.751000000000000000e+03
6.360000000000000000e+02 1.837950000000000045e+03
7.800000000000000000e+02 1.867000000000000000e+03
7.720000000000000000e+02 1.962450000000000045e+03
6.840000000000000000e+02 1.973100000000000136e+03
4.920000000000000000e+02 2.004150000000000091e+03
5.160000000000000000e+02 2.020299999999999955e+03
6.040000000000000000e+02 2.033799999999999955e+03
5.320000000000000000e+02 2.068199999999999818e+03
4.840000000000000000e+02 2.088150000000000091e+03
5.240000000000000000e+02 2.120750000000000000e+03
5.960000000000000000e+02 2.168050000000000182e+03
5.320000000000000000e+02 2.175250000000000000e+03
5.800000000000000000e+02 2.191800000000000182e+03
5.480000000000000000e+02 2.278650000000000091e+03
5.960000000000000000e+02 2.311200000000000273e+03
5.240000000000000000e+02 2.356849999999999909e+03
4.520000000000000000e+02 2.423050000000000182e+03
7.640000000000000000e+02 2.440750000000000000e+03
5.640000000000000000e+02 2.459150000000000091e+03
6.840000000000000000e+02 2.531400000000000091e+03
6.520000000000000000e+02 2.535000000000000000e+03
6.440000000000000000e+02 2.596550000000000182e+03
6.760000000000000000e+02 2.661500000000000000e+03
7.480000000000000000e+02 2.690950000000000273e+03
4.520000000000000000e+02 2.701450000000000273e+03
6.360000000000000000e+02 2.709000000000000000e+03
5.560000000000000000e+02 2.766599999999999909e+03
5.800000000000000000e+02 2.833550000000000182e+03
7.080000000000000000e+02 2.887849999999999909e+03
4.280000000000000000e+02 2.888250000000000000e+03
5.240000000000000000e+02 2.969500000000000000e+03
5.720000000000000000e+02 2.998700000000000273e+03
5.080000000000000000e+02 3.008099999999999909e+03
6.440000000000000000e+02 3.008700000000000273e+03
7.000000000000000000e+02 3.033250000000000000e+03
5.640000000000000000e+02 3.070300000000000182e+03
6.680000000000000000e+02 3.095950000000000273e+03
4.280000000000000000e+02 3.105599999999999909e+03
4.840000000000000000e+02 3.122599999999999909e+03
4.440000000000000000e+02 3.131400000000000091e+03
7.160000000000000000e+02 3.132250000000000000e+03
7.000000000000000000e+02 3.141250000000000000e+03
6.600000000000000000e+02 3.183050000000000182e+03
5.640000000000000000e+02 3.186150000000000091e+03
5.240000000000000000e+02 3.206849999999999909e+03
5.160000000000000000e+02 3.217150000000000091e+03
7.560000000000000000e+02 3.234500000000000000e+03
7.160000000000000000e+02 3.277250000000000000e+03
6.760000000000000000e+02 3.283700000000000273e+03
5.960000000000000000e+02 3.299650000000000091e+03
5.160000000000000000e+02 3.300650000000000091e+03
7.000000000000000000e+02 3.305950000000000273e+03
5.560000000000000000e+02 3.348300000000000182e+03
6.280000000000000000e+02 3.363599999999999909e+03
4.440000000000000000e+02 3.444750000000000000e+03
7.800000000000000000e+02 3.461050000000000182e+03
6.600000000000000000e+02 3.487250000000000000e+03
4.680000000000000000e+02 3.545500000000000000e+03
4.120000000000000000e+02 3.561000000000000000e+03
6.120000000000000000e+02 3.624400000000000091e+03
5.560000000000000000e+02 3.709950000000000273e+03
7.240000000000000000e+02 3.731650000000000091e+03
4.680000000000000000e+02 3.732550000000000182e+03
6.360000000000000000e+02 3.749300000000000182e+03
4.840000000000000000e+02 3.751400000000000091e+03
5.400000000000000000e+02 3.761200000000000273e+03
5.640000000000000000e+02 3.791800000000000182e+03
6.760000000000000000e+02 3.804099999999999909e+03
7.000000000000000000e+02 3.806300000000000182e+03
5.960000000000000000e+02 3.807400000000000091e+03
6.520000000000000000e+02 3.811000000000000000e+03
5.400000000000000000e+02 3.906800000000000182e+03
6.760000000000000000e+02 3.911950000000000273e+03
7.240000000000000000e+02 3.943950000000000273e+03
7.960000000000000000e+02 3.991300000000000182e+03
5.880000000000000000e+02 4.025000000000000000e+03
5.240000000000000000e+02 4.033450000000000273e+03
5.800000000000000000e+02 4.064000000000000000e+03
7.240000000000000000e+02 4.145899999999999636e+03
6.440000000000000000e+02 4.184250000000000000e+03
4.520000000000000000e+02 4.218050000000000182e+03
4.680000000000000000e+02 4.221750000000000000e+03
6.040000000000000000e+02 4.242649999999999636e+03
5.800000000000000000e+02 4.267550000000000182e+03
4.520000000000000000e+02 4.311149999999999636e+03
5.800000000000000000e+02 4.355100000000000364e+03
5.240000000000000000e+02 4.358100000000000364e+03
5.480000000000000000e+02 4.383949999999999818e+03
5.640000000000000000e+02 4.389449999999999818e+03
4.200000000000000000e+02 4.407199999999999818e+03
7.000000000000000000e+02 4.436150000000000546e+03
4.120000000000000000e+02 4.494550000000000182e+03
5.480000000000000000e+02 4.533850000000000364e+03
5.960000000000000000e+02 4.557050000000000182e+03
6.520000000000000000e+02 4.612900000000000546e+03
5.160000000000000000e+02 4.628800000000000182e+03
7.320000000000000000e+02 4.632199999999999818e+03
5.640000000000000000e+02 4.633150000000000546e+03
5.480000000000000000e+02 4.647750000000000000e+03
4.680000000000000000e+02 4.703050000000000182e+03
7.560000000000000000e+02 4.703800000000000182e+03
6.120000000000000000e+02 4.778300000000000182e+03
4.600000000000000000e+02 4.796800000000000182e+03
4.440000000000000000e+02 4.825250000000000000e+03
5.720000000000000000e+02 4.844199999999999818e+03
4.360000000000000000e+02 4.922800000000000182e+03
7.480000000000000000e+02 4.924900000000000546e+03
7.560000000000000000e+02 4.947550000000000182e+03
4.920000000000000000e+02 4.994650000000000546e+03
4.520000000000000000e+02 5.010250000000000000e+03
7.160000000000000000e+02 5.031449999999999818e+03
6.440000000000000000e+02 5.093400000000000546e+03
4.040000000000000000e+02 5.122300000000000182e+03
7.480000000000000000e+02 5.147300000000000182e+03
7.880000000000000000e+02 5.259100000000000364e+03
4.520000000000000000e+02 5.321550000000000182e+03
7.160000000000000000e+02 5.351000000000000000e+03
6.600000000000000000e+02 5.372800000000000182e+03
6.360000000000000000e+02 5.392300000000000182e+03
4.920000000000000000e+02 5.433199999999999818e+03
5.160000000000000000e+02 5.463750000000000000e+03
6.920000000000000000e+02 5.488800000000000182e+03
4.920000000000000000e+02 5.524199999999999818e+03
5.560000000000000000e+02 5.594699999999999818e+03
6.600000000000000000e+02 5.700750000000000000e+03
6.840000000000000000e+02 5.720750000000000000e+03
7.560000000000000000e+02 5.823800000000000182e+03
6.360000000000000000e+02 5.848699999999999818e+03
7.880000000000000000e+02 5.881250000000000000e+03
7.720000000000000000e+02 5.923800000000000182e+03
6.120000000000000000e+02 5.935650000000000546e+03
5.480000000000000000e+02 6.023550000000000182e+03
5.560000000000000000e+02 6.088600000000000364e+03
4.280000000000000000e+02 6.098900000000000546e+03
4.120000000000000000e+02 6.105699999999999818e+03
6.200000000000000000e+02 6.154000000000000000e+03
7.640000000000000000e+02 6.174699999999999818e+03
4.120000000000000000e+02 6.179550000000000182e+03
7.960000000000000000e+02 6.214850000000000364e+03
5.560000000000000000e+02 6.253400000000000546e+03
4.360000000000000000e+02 6.294400000000000546e+03
5.080000000000000000e+02 6.309100000000000364e+03
7.720000000000000000e+02 6.329900000000000546e+03
6.120000000000000000e+02 6.352100000000000364e+03
7.080000000000000000e+02 6.367050000000000182e+03
4.920000000000000000e+02 6.372949999999999818e+03
5.400000000000000000e+02 6.489949999999999818e+03
7.320000000000000000e+02 6.501600000000000364e+03
4.280000000000000000e+02 6.522500000000000000e+03
6.520000000000000000e+02 6.551750000000000000e+03
5.000000000000000000e+02 6.605949999999999818e+03
4.360000000000000000e+02 6.607400000000000546e+03
4.120000000000000000e+02 6.748050000000000182e+03
5.320000000000000000e+02 6.749000000000000000e+03
4.040000000000000000e+02 6.802199999999999818e+03
7.480000000000000000e+02 6.832250000000000000e+03
6.920000000000000000e+02 6.868949999999999818e+03
4.600000000000000000e+02 6.872699999999999818e+03
5.320000000000000000e+02 6.886750000000000000e+03
4.120000000000000000e+02 6.927300000000000182e+03
4.040000000000000000e+02 6.961100000000000364e+03
7.480000000000000000e+02 6.974750000000000000e+03
4.440000000000000000e+02 7.003000000000000000e+03
6.760000000000000000e+02 7.027150000000000546e+03
4.360000000000000000e+02 7.028949999999999818e+03
7.000000000000000000e+02 7.070500000000000000e+03
4.280000000000000000e+02 7.078699999999999818e+03
6.600000000000000000e+02 7.122500000000000000e+03
4.760000000000000000e+02 7.149449999999999818e+03
7.320000000000000000e+02 7.169100000000000364e+03
7.160000000000000000e+02 7.171650000000000546e+03
6.280000000000000000e+02 7.210449999999999818e+03
5.240000000000000000e+02 7.234550000000000182e+03
4.920000000000000000e+02 7.283100000000000364e+03
7.560000000000000000e+02 7.405500000000000000e+03
7.960000000000000000e+02 7.426850000000000364e+03
7.720000000000000000e+02 7.468300000000000182e+03
4.680000000000000000e+02 7.522600000000000364e+03
6.360000000000000000e+02 7.553850000000000364e+03
5.640000000000000000e+02 7.578050000000000182e+03
5.560000000000000000e+02 7.606800000000000182e+03
5.400000000000000000e+02 7.645850000000000364e+03
4.840000000000000000e+02 7.663550000000000182e+03
5.400000000000000000e+02 7.691699999999999818e+03
5.560000000000000000e+02 7.703550000000000182e+03
5.640000000000000000e+02 7.794500000000000000e+03
6.920000000000000000e+02 7.797949999999999818e+03
4.120000000000000000e+02 7.916949999999999818e+03
7.720000000000000000e+02 7.917600000000000364e+03
7.800000000000000000e+02 7.971400000000000546e+03
5.320000000000000000e+02 7.983150000000000546e+03
4.280000000000000000e+02 8.032800000000000182e+03
5.640000000000000000e+02 8.044800000000000182e+03
7.960000000000000000e+02 8.051699999999999818e+03
4.920000000000000000e+02 8.062449999999999818e+03
4.440000000000000000e+02 8.093900000000000546e+03
7.400000000000000000e+02 8.111350000000000364e+03
4.840000000000000000e+02 8.112900000000000546e+03
7.720000000000000000e+02 8.168400000000000546e+03
7.240000000000000000e+02 8.191100000000000364e+03
5.640000000000000000e+02 8.195899999999999636e+03
7.720000000000000000e+02 8.267299999999999272e+03
4.360000000000000000e+02 8.275399999999999636e+03
5.400000000000000000e+02 8.297250000000000000e+03
6.440000000000000000e+02 8.321799999999999272e+03
7.960000000000000000e+02 8.328649999999999636e+03
4.520000000000000000e+02 8.337700000000000728e+03
4.680000000000000000e+02 8.373950000000000728e+03
7.240000000000000000e+02 8.399250000000000000e+03
7.400000000000000000e+02 8.405700000000000728e+03
6.920000000000000000e+02 8.565399999999999636e+03
4.840000000000000000e+02 8.586700000000000728e+03
7.800000000000000000e+02 8.624950000000000728e+03
5.720000000000000000e+02 8.647950000000000728e+03
6.120000000000000000e+02 8.692649999999999636e+03
7.320000000000000000e+02 8.699149999999999636e+03
7.640000000000000000e+02 8.700700000000000728e+03
7.880000000000000000e+02 8.702299999999999272e+03
5.320000000000000000e+02 8.732100000000000364e+03
4.040000000000000000e+02 8.765399999999999636e+03
5.960000000000000000e+02 8.765450000000000728e+03
4.680000000000000000e+02 8.785000000000000000e+03
6.920000000000000000e+02 8.849250000000000000e+03
7.720000000000000000e+02 8.857850000000000364e+03
4.520000000000000000e+02 8.877399999999999636e+03
5.400000000000000000e+02 8.882300000000001091e+03
4.120000000000000000e+02 8.908750000000000000e+03
6.200000000000000000e+02 8.924800000000001091e+03
7.640000000000000000e+02 8.926899999999999636e+03
7.080000000000000000e+02 8.967850000000000364e+03
4.840000000000000000e+02 9.030950000000000728e+03
4.360000000000000000e+02 9.033700000000000728e+03
6.840000000000000000e+02 9.034300000000001091e+03
5.160000000000000000e+02 9.063250000000000000e+03
7.080000000000000000e+02 9.115500000000000000e+03
5.560000000000000000e+02 9.150899999999999636e+03
7.800000000000000000e+02 9.159450000000000728e+03
5.800000000000000000e+02 9.162149999999999636e+03
6.840000000000000000e+02 9.181600000000000364e+03
6.520000000000000000e+02 9.236850000000000364e+03
7.560000000000000000e+02 9.237200000000000728e+03
4.440000000000000000e+02 9.237850000000000364e+03
7.400000000000000000e+02 9.287300000000001091e+03
5.880000000000000000e+02 9.292750000000000000e+03
7.240000000000000000e+02 9.294300000000001091e+03
7.640000000000000000e+02 9.411850000000000364e+03
7.560000000000000000e+02 9.429950000000000728e+03
6.680000000000000000e+02 9.441200000000000728e+03
7.560000000000000000e+02 9.532899999999999636e+03
7.000000000000000000e+02 9.536050000000001091e+03
4.360000000000000000e+02 9.540950000000000728e+03
7.400000000000000000e+02 9.627000000000000000e+03
5.800000000000000000e+02 9.628550000000001091e+03
5.080000000000000000e+02 9.668899999999999636e+03
7.800000000000000000e+02 9.679000000000000000e+03
4.280000000000000000e+02 9.686600000000000364e+03
7.720000000000000000e+02 9.695000000000000000e+03
7.480000000000000000e+02 9.732399999999999636e+03
6.840000000000000000e+02 9.748750000000000000e+03
6.360000000000000000e+02 9.749800000000001091e+03
4.200000000000000000e+02 9.750600000000000364e+03
7.160000000000000000e+02 9.758050000000001091e+03
6.600000000000000000e+02 9.770450000000000728e+03
7.000000000000000000e+02 9.795600000000000364e+03
4.760000000000000000e+02 9.804350000000000364e+03
4.440000000000000000e+02 9.975950000000000728e+03
4.920000000000000000e+02 1.001225000000000000e+04
7.240000000000000000e+02 1.011014999999999964e+04
4.760000000000000000e+02 1.014439999999999964e+04
7.800000000000000000e+02 1.015525000000000000e+04
4.520000000000000000e+02 1.020225000000000000e+04
6.360000000000000000e+02 1.022820000000000073e+04
7.720000000000000000e+02 1.023864999999999964e+04
4.680000000000000000e+02 1.026045000000000073e+04
6.600000000000000000e+02 1.030825000000000000e+04
4.920000000000000000e+02 1.033155000000000109e+04
5.560000000000000000e+02 1.033375000000000000e+04
6.200000000000000000e+02 1.041805000000000109e+04
7.800000000000000000e+02 1.043105000000000109e+04
4.680000000000000000e+02 1.044560000000000036e+04
5.400000000000000000e+02 1.058375000000000000e+04
5.720000000000000000e+02 1.060639999999999964e+04
4.040000000000000000e+02 1.061150000000000000e+04
4.520000000000000000e+02 1.066645000000000073e+04
5.240000000000000000e+02 1.074700000000000000e+04
5.480000000000000000e+02 1.076100000000000000e+04
6.280000000000000000e+02 1.084139999999999964e+04
4.120000000000000000e+02 1.087089999999999964e+04
4.760000000000000000e+02 1.094670000000000073e+04
6.760000000000000000e+02 1.095635000000000036e+04
4.920000000000000000e+02 1.096564999999999964e+04
5.000000000000000000e+02 1.097095000000000073e+04
5.240000000000000000e+02 1.107360000000000036e+04
6.200000000000000000e+02 1.108464999999999964e+04
7.080000000000000000e+02 1.108700000000000000e+04
6.680000000000000000e+02 1.111975000000000000e+04
5.320000000000000000e+02 1.113755000000000109e+04
5.240000000000000000e+02 1.117714999999999964e+04
5.160000000000000000e+02 1.128255000000000109e+04
7.400000000000000000e+02 1.133945000000000073e+04
7.880000000000000000e+02 1.139360000000000036e+04
7.960000000000000000e+02 1.141295000000000073e+04
7.240000000000000000e+02 1.143175000000000000e+04
4.920000000000000000e+02 1.145425000000000000e+04
4.520000000000000000e+02 1.146964999999999964e+04
5.240000000000000000e+02 1.150989999999999964e+04
5.800000000000000000e+02 1.151355000000000109e+04
6.840000000000000000e+02 1.152080000000000109e+04
5.480000000000000000e+02 1.152575000000000000e+04
4.680000000000000000e+02 1.155525000000000000e+04
6.520000000000000000e+02 1.156825000000000000e+04
4.840000000000000000e+02 1.156960000000000036e+04
6.200000000000000000e+02 1.157380000000000109e+04
7.880000000000000000e+02 1.159725000000000000e+04
6.840000000000000000e+02 1.161550000000000000e+04
7.720000000000000000e+02 1.162905000000000109e+04
5.960000000000000000e+02 1.164025000000000000e+04
7.960000000000000000e+02 1.166439999999999964e+04
5.720000000000000000e+02 1.167025000000000000e+04
5.240000000000000000e+02 1.170700000000000000e+04
5.960000000000000000e+02 1.177625000000000000e+04
4.520000000000000000e+02 1.178175000000000000e+04
5.640000000000000000e+02 1.178964999999999964e+04
6.600000000000000000e+02 1.179000000000000000e+04
6.920000000000000000e+02 1.182835000000000036e+04
5.480000000000000000e+02 1.182914999999999964e+04
5.880000000000000000e+02 1.183000000000000000e+04
4.680000000000000000e+02 1.187730000000000109e+04
6.200000000000000000e+02 1.192439999999999964e+04
4.040000000000000000e+02 1.193870000000000073e+04
6.120000000000000000e+02 1.198255000000000109e+04
6.520000000000000000e+02 1.198930000000000109e+04
7.640000000000000000e+02 1.202330000000000109e+04
6.760000000000000000e+02 1.210695000000000073e+04
6.120000000000000000e+02 1.215075000000000000e+04
5.880000000000000000e+02 1.221200000000000000e+04
5.080000000000000000e+02 1.222360000000000036e+04
4.280000000000000000e+02 1.223435000000000036e+04
7.720000000000000000e+02 1.224755000000000109e+04
6.840000000000000000e+02 1.227245000000000073e+04
5.320000000000000000e+02 1.227855000000000109e+04
7.240000000000000000e+02 1.228895000000000073e+04
7.800000000000000000e+02 1.231985000000000036e+04
7.560000000000000000e+02 1.232075000000000000e+04
7.480000000000000000e+02 1.232975000000000000e+04
5.000000000000000000e+02 1.239870000000000073e+04
6.520000000000000000e+02 1.245125000000000000e+04
4.680000000000000000e+02 1.246460000000000036e+04
5.480000000000000000e+02 1.250764999999999964e+04
4.120000000000000000e+02 1.251739999999999964e+04
7.880000000000000000e+02 1.252120000000000073e+04
7.160000000000000000e+02 1.253495000000000073e+04
4.920000000000000000e+02 1.254230000000000109e+04
7.560000000000000000e+02 1.254364999999999964e+04
5.240000000000000000e+02 1.260705000000000109e+04
7.960000000000000000e+02 1.260925000000000000e+04
4.840000000000000000e+02 1.262560000000000036e+04
5.640000000000000000e+02 1.264370000000000073e+04
6.920000000000000000e+02 1.268845000000000073e+04
5.320000000000000000e+02 1.269314999999999964e+04
4.680000000000000000e+02 1.270505000000000109e+04
4.760000000000000000e+02 1.273870000000000073e+04
4.040000000000000000e+02 1.277989999999999964e+04
4.520000000000000000e+02 1.280325000000000000e+04
7.640000000000000000e+02 1.280525000000000000e+04
6.200000000000000000e+02 1.282600000000000000e+04
4.200000000000000000e+02 1.286014999999999964e+04
5.880000000000000000e+02 1.300264999999999964e+04
6.680000000000000000e+02 1.302995000000000073e+04
7.960000000000000000e+02 1.303275000000000000e+04
7.400000000000000000e+02 1.303585000000000036e+04
6.600000000000000000e+02 1.306714999999999964e+04
5.000000000000000000e+02 1.309089999999999964e+04
7.880000000000000000e+02 1.312155000000000109e+04
5.640000000000000000e+02 1.315920000000000073e+04
7.400000000000000000e+02 1.323235000000000036e+04
5.960000000000000000e+02 1.328080000000000109e+04
7.800000000000000000e+02 1.332160000000000036e+04
6.120000000000000000e+02 1.333760000000000036e+04
7.080000000000000000e+02 1.334035000000000036e+04
4.680000000000000000e+02 1.335150000000000000e+04
6.520000000000000000e+02 1.342400000000000000e+04
6.600000000000000000e+02 1.342870000000000073e+04
4.600000000000000000e+02 1.346725000000000000e+04
7.880000000000000000e+02 1.350910000000000036e+04
7.240000000000000000e+02 1.353550000000000000e+04
7.160000000000000000e+02 1.357270000000000073e+04
5.560000000000000000e+02 1.360289999999999964e+04
4.360000000000000000e+02 1.362164999999999964e+04
7.960000000000000000e+02 1.362335000000000036e+04
7.640000000000000000e+02 1.362495000000000073e+04
6.520000000000000000e+02 1.366470000000000073e+04
6.840000000000000000e+02 1.366550000000000000e+04
4.840000000000000000e+02 1.372264999999999964e+04
6.120000000000000000e+02 1.373175000000000000e+04
4.360000000000000000e+02 1.374070000000000073e+04
5.560000000000000000e+02 1.378495000000000073e+04
6.520000000000000000e+02 1.382850000000000000e+04
5.320000000000000000e+02 1.382860000000000036e+04
5.640000000000000000e+02 1.386814999999999964e+04
7.880000000000000000e+02 1.387539999999999964e+04
7.560000000000000000e+02 1.387564999999999964e+04
4.280000000000000000e+02 1.391689999999999964e+04
5.720000000000000000e+02 1.392089999999999964e+04
6.280000000000000000e+02 1.394489999999999964e+04
6.600000000000000000e+02 1.405480000000000109e+04
4.040000000000000000e+02 1.411339999999999964e+04
4.680000000000000000e+02 1.416870000000000073e+04
6.200000000000000000e+02 1.419395000000000073e+04
4.360000000000000000e+02 1.423600000000000000e+04
7.400000000000000000e+02 1.428530000000000109e+04
6.120000000000000000e+02 1.428750000000000000e+04
6.280000000000000000e+02 1.430385000000000036e+04
7.000000000000000000e+02 1.431570000000000073e+04
7.560000000000000000e+02 1.434064999999999964e+04
7.000000000000000000e+02 1.443605000000000109e+04
6.920000000000000000e+02 1.447100000000000000e+04
5.640000000000000000e+02 1.459370000000000073e+04
6.360000000000000000e+02 1.460975000000000000e+04
6.040000000000000000e+02 1.460989999999999964e+04
5.720000000000000000e+02 1.469045000000000073e+04
5.080000000000000000e+02 1.476255000000000109e+04
4.040000000000000000e+02 1.481545000000000073e+04
5.080000000000000000e+02 1.488864999999999964e+04
7.240000000000000000e+02 1.491370000000000073e+04
6.120000000000000000e+02 1.492335000000000036e+04
4.280000000000000000e+02 1.493710000000000036e+04
6.920000000000000000e+02 1.502314999999999964e+04
5.400000000000000000e+02 1.503355000000000109e+04
5.640000000000000000e+02 1.507989999999999964e+04
7.640000000000000000e+02 1.508439999999999964e+04
5.800000000000000000e+02 1.511455000000000109e+04
4.040000000000000000e+02 1.512095000000000073e+04
7.240000000000000000e+02 1.512925000000000000e+04
6.280000000000000000e+02 1.515175000000000000e+04
6.920000000000000000e+02 1.517800000000000000e+04
7.800000000000000000e+02 1.523535000000000036e+04
7.400000000000000000e+02 1.528060000000000036e+04
6.840000000000000000e+02 1.528439999999999964e+04
7.960000000000000000e+02 1.542339999999999964e+04
4.600000000000000000e+02 1.544435000000000036e+04
6.760000000000000000e+02 1.547714999999999964e+04
7.160000000000000000e+02 1.548839999999999964e+04
4.360000000000000000e+02 1.549175000000000000e+04
4.760000000000000000e+02 1.554535000000000036e+04
5.480000000000000000e+02 1.554889999999999964e+04
5.240000000000000000e+02 1.556200000000000000e+04
5.560000000000000000e+02 1.556270000000000073e+04
5.000000000000000000e+02 1.556714999999999964e+04
5.640000000000000000e+02 1.560395000000000073e+04
7.960000000000000000e+02 1.561825000000000000e+04
6.600000000000000000e+02 1.563189999999999964e+04
6.120000000000000000e+02 1.573795000000000073e+04
6.760000000000000000e+02 1.574014999999999964e+04
7.640000000000000000e+02 1.574980000000000109e+04
6.360000000000000000e+02 1.577625000000000000e+04
4.840000000000000000e+02 1.578000000000000000e+04
5.800000000000000000e+02 1.578505000000000109e+04
5.480000000000000000e+02 1.580345000000000073e+04
5.800000000000000000e+02 1.587089999999999964e+04
7.240000000000000000e+02 1.588800000000000000e+04
7.720000000000000000e+02 1.595239999999999964e+04
4.840000000000000000e+02 1.595410000000000036e+04
7.880000000000000000e+02 1.598720000000000073e+04
6.040000000000000000e+02 1.602110000000000036e+04
5.160000000000000000e+02 1.603160000000000036e+04
6.680000000000000000e+02 1.613764999999999964e+04
5.160000000000000000e+02 1.622430000000000109e+04
6.920000000000000000e+02 1.622475000000000000e+04
7.480000000000000000e+02 1.623580000000000109e+04
6.840000000000000000e+02 1.624830000000000109e+04
5.800000000000000000e+02 1.629620000000000073e+04
5.640000000000000000e+02 1.634885000000000036e+04
7.880000000000000000e+02 1.635330000000000109e+04
6.840000000000000000e+02 1.638389999999999964e+04
6.360000000000000000e+02 1.646554999999999927e+04
4.120000000000000000e+02 1.647359999999999854e+04
7.880000000000000000e+02 1.648654999999999927e+04
6.840000000000000000e+02 1.648679999999999927e+04
7.240000000000000000e+02 1.649370000000000073e+04
6.040000000000000000e+02 1.650054999999999927e+04
5.720000000000000000e+02 1.650090000000000146e+04
6.600000000000000000e+02 1.650740000000000146e+04
7.160000000000000000e+02 1.655240000000000146e+04
4.840000000000000000e+02 1.660425000000000000e+04
7.000000000000000000e+02 1.664009999999999854e+04
5.320000000000000000e+02 1.664725000000000000e+04
5.080000000000000000e+02 1.670390000000000146e+04
6.600000000000000000e+02 1.671759999999999854e+04
5.720000000000000000e+02 1.672750000000000000e+04
4.040000000000000000e+02 1.675645000000000073e+04
7.400000000000000000e+02 1.678279999999999927e+04
4.200000000000000000e+02 1.685765000000000146e+04
5.560000000000000000e+02 1.686425000000000000e+04
6.920000000000000000e+02 1.686759999999999854e+04
5.480000000000000000e+02 1.690545000000000073e+04
4.200000000000000000e+02 1.697370000000000073e+04
7.240000000000000000e+02 1.697800000000000000e+04
5.800000000000000000e+02 1.700229999999999927e+04
7.000000000000000000e+02 1.701190000000000146e+04
7.640000000000000000e+02 1.703320000000000073e+04
4.680000000000000000e+02 1.704090000000000146e+04
7.960000000000000000e+02 1.706209999999999854e+04
5.800000000000000000e+02 1.706554999999999927e+04
6.680000000000000000e+02 1.707359999999999854e+04
5.320000000000000000e+02 1.711270000000000073e+04
5.640000000000000000e+02 1.712525000000000000e+04
7.320000000000000000e+02 1.717690000000000146e+04
7.640000000000000000e+02 1.719875000000000000e+04
6.680000000000000000e+02 1.719970000000000073e+04
4.200000000000000000e+02 1.720090000000000146e+04
7.400000000000000000e+02 1.720984999999999854e+04
4.600000000000000000e+02 1.723475000000000000e+04
5.560000000000000000e+02 1.723570000000000073e+04
4.840000000000000000e+02 1.729200000000000000e+04
7.720000000000000000e+02 1.730234999999999854e+04
5.560000000000000000e+02 1.731620000000000073e+04
4.520000000000000000e+02 1.733734999999999854e+04
4.040000000000000000e+02 1.737859999999999854e+04
5.960000000000000000e+02 1.738170000000000073e+04
7.240000000000000000e+02 1.738365000000000146e+04
6.600000000000000000e+02 1.741975000000000000e+04
4.280000000000000000e+02 1.743345000000000073e+04
4.760000000000000000e+02 1.748654999999999927e+04
6.280000000000000000e+02 1.748765000000000146e+04
6.600000000000000000e+02 1.749765000000000146e+04
7.880000000000000000e+02 1.749940000000000146e+04
6.920000000000000000e+02 1.752915000000000146e+04
7.000000000000000000e+02 1.754504999999999927e+04
6.680000000000000000e+02 1.755940000000000146e+04
4.520000000000000000e+02 1.757940000000000146e+04
7.960000000000000000e+02 1.763045000000000073e+04
7.080000000000000000e+02 1.768554999999999927e+04
7.320000000000000000e+02 1.770690000000000146e+04
6.840000000000000000e+02 1.771310000000000218e+04
5.720000000000000000e+02 1.773415000000000146e+04
7.800000000000000000e+02 1.773985000000000218e+04
7.320000000000000000e+02 1.782710000000000218e+04
6.120000000000000000e+02 1.785635000000000218e+04
5.240000000000000000e+02 1.790529999999999927e+04
7.080000000000000000e+02 1.792295000000000073e+04
7.640000000000000000e+02 1.797600000000000000e+04
7.880000000000000000e+02 1.803475000000000000e+04
7.080000000000000000e+02 1.803515000000000146e+04
7.160000000000000000e+02 1.808515000000000146e+04
5.480000000000000000e+02 1.811295000000000073e+04
5.320000000000000000e+02 1.812495000000000073e+04
5.720000000000000000e+02 1.814715000000000146e+04
5.560000000000000000e+02 1.818300000000000000e+04
7.880000000000000000e+02 1.818329999999999927e+04
7.320000000000000000e+02 1.821504999999999927e+04
7.800000000000000000e+02 1.823535000000000218e+04
4.120000000000000000e+02 1.824460000000000218e+04
7.400000000000000000e+02 1.828265000000000146e+04
5.800000000000000000e+02 1.831040000000000146e+04
5.480000000000000000e+02 1.831410000000000218e+04
7.640000000000000000e+02 1.831404999999999927e+04
4.440000000000000000e+02 1.833385000000000218e+04
6.280000000000000000e+02 1.834900000000000000e+04
5.640000000000000000e+02 1.837195000000000073e+04
5.480000000000000000e+02 1.839429999999999927e+04
7.480000000000000000e+02 1.842679999999999927e+04
6.200000000000000000e+02 1.845025000000000000e+04
4.920000000000000000e+02 1.848210000000000218e+04
5.800000000000000000e+02 1.849315000000000146e+04
7.400000000000000000e+02 1.850170000000000073e+04
4.200000000000000000e+02 1.854125000000000000e+04
7.640000000000000000e+02 1.855750000000000000e+04
6.600000000000000000e+02 1.857485000000000218e+04
4.120000000000000000e+02 1.860340000000000146e+04
5.560000000000000000e+02 1.860360000000000218e+04
6.760000000000000000e+02 1.861579999999999927e+04
7.080000000000000000e+02 1.862485000000000218e+04
5.720000000000000000e+02 1.868890000000000146e+04
5.160000000000000000e+02 1.872650000000000000e+04
5.560000000000000000e+02 1.872720000000000073e+04
6.200000000000000000e+02 1.876460000000000218e+04
4.200000000000000000e+02 1.877235000000000218e+04
4.760000000000000000e+02 1.877900000000000000e+04
7.160000000000000000e+02 1.878015000000000146e+04
7.640000000000000000e+02 1.879245000000000073e+04
6.920000000000000000e+02 1.880220000000000073e+04
7.000000000000000000e+02 1.880370000000000073e+04
4.360000000000000000e+02 1.880565000000000146e+04
4.520000000000000000e+02 1.882729999999999927e+04
5.560000000000000000e+02 1.885070000000000073e+04
7.160000000000000000e+02 1.889215000000000146e+04
5.640000000000000000e+02 1.893860000000000218e+04
7.480000000000000000e+02 1.896310000000000218e+04
4.760000000000000000e+02 1.901920000000000073e+04
7.000000000000000000e+02 1.907600000000000000e+04
4.360000000000000000e+02 1.908929999999999927e+04
6.280000000000000000e+02 1.914195000000000073e+04
5.960000000000000000e+02 1.918795000000000073e+04
7.800000000000000000e+02 1.919129999999999927e+04
7.000000000000000000e+02 1.920604999999999927e+04
7.960000000000000000e+02 1.921975000000000000e+04
7.400000000000000000e+02 1.922165000000000146e+04
4.840000000000000000e+02 1.927479999999999927e+04
5.640000000000000000e+02 1.930850000000000000e+04
4.120000000000000000e+02 1.935954999999999927e+04
5.800000000000000000e+02 1.939600000000000000e+04
5.240000000000000000e+02 1.940125000000000000e+04
6.520000000000000000e+02 1.944800000000000000e+04
5.320000000000000000e+02 1.947540000000000146e+04
6.040000000000000000e+02 1.948340000000000146e+04
7.400000000000000000e+02 1.949235000000000218e+04
6.440000000000000000e+02 1.951265000000000146e+04
7.240000000000000000e+02 1.952500000000000000e+04
4.440000000000000000e+02 1.965720000000000073e+04
6.200000000000000000e+02 1.968615000000000146e+04
6.840000000000000000e+02 1.973000000000000000e+04
5.800000000000000000e+02 1.973840000000000146e+04
7.960000000000000000e+02 1.977610000000000218e+04
6.440000000000000000e+02 1.978504999999999927e+04
7.160000000000000000e+02 1.979685000000000218e+04
4.840000000000000000e+02 1.980654999999999927e+04
6.280000000000000000e+02 1.981110000000000218e+04
4.920000000000000000e+02 1.987304999999999927e+04
5.480000000000000000e+02 1.988010000000000218e+04
4.520000000000000000e+02 1.988940000000000146e+04
6.440000000000000000e+02 1.992335000000000218e+04
5.880000000000000000e+02 1.992940000000000146e+04
5.640000000000000000e+02 1.996615000000000146e+04
6.120000000000000000e+02 2.002295000000000073e+04
6.920000000000000000e+02 2.013595000000000073e+04
5.560000000000000000e+02 2.014040000000000146e+04
4.840000000000000000e+02 2.016015000000000146e+04
7.000000000000000000e+02 2.017235000000000218e+04
5.480000000000000000e+02 2.031785000000000218e+04
7.480000000000000000e+02 2.039110000000000218e+04
4.360000000000000000e+02 2.039915000000000146e+04
5.560000000000000000e+02 2.040815000000000146e+04
6.520000000000000000e+02 2.044350000000000000e+04
7.400000000000000000e+02 2.046165000000000146e+04
7.240000000000000000e+02 2.055870000000000073e+04
5.560000000000000000e+02 2.062840000000000146e+04
6.600000000000000000e+02 2.063845000000000073e+04
4.120000000000000000e+02 2.063985000000000218e+04
7.400000000000000000e+02 2.064000000000000000e+04
7.720000000000000000e+02 2.064325000000000000e+04
6.920000000000000000e+02 2.065779999999999927e+04
5.880000000000000000e+02 2.066129999999999927e+04
7.240000000000000000e+02 2.069335000000000218e+04
5.320000000000000000e+02 2.071125000000000000e+04
5.560000000000000000e+02 2.072670000000000073e+04
4.200000000000000000e+02 2.075435000000000218e+04
5.720000000000000000e+02 2.075660000000000218e+04
6.200000000000000000e+02 2.081115000000000146e+04
7.560000000000000000e+02 2.081604999999999927e+04
4.280000000000000000e+02 2.083520000000000073e+04
4.360000000000000000e+02 2.087050000000000000e+04
7.480000000000000000e+02 2.090104999999999927e+04
6.920000000000000000e+02 2.093635000000000218e+04
6.760000000000000000e+02 2.093770000000000073e+04
6.280000000000000000e+02 2.096335000000000218e+04
6.600000000000000000e+02 2.103700000000000000e+04
5.240000000000000000e+02 2.106590000000000146e+04
6.920000000000000000e+02 2.108979999999999927e+04
6.200000000000000000e+02 2.113565000000000146e+04
5.320000000000000000e+02 2.117385000000000218e+04
7.320000000000000000e+02 2.119579999999999927e+04
5.640000000000000000e+02 2.122979999999999927e+04
7.560000000000000000e+02 2.130015000000000146e+04
6.200000000000000000e+02 2.131600000000000000e+04
6.920000000000000000e+02 2.135485000000000218e+04
7.480000000000000000e+02 2.139725000000000000e+04
4.920000000000000000e+02 2.144965000000000146e+04
5.000000000000000000e+02 2.145510000000000218e+04
7.400000000000000000e+02 2.146335000000000218e+04
5.080000000000000000e+02 2.146675000000000000e+04
6.840000000000000000e+02 2.148329999999999927e+04
4.600000000000000000e+02 2.154060000000000218e+04
4.440000000000000000e+02 2.155095000000000073e+04
5.480000000000000000e+02 2.155970000000000073e+04
6.440000000000000000e+02 2.157895000000000073e+04
6.200000000000000000e+02 2.169275000000000000e+04
4.680000000000000000e+02 2.170640000000000146e+04
6.280000000000000000e+02 2.171810000000000218e+04
4.360000000000000000e+02 2.175940000000000146e+04
4.440000000000000000e+02 2.178610000000000218e+04
4.520000000000000000e+02 2.179904999999999927e+04
7.160000000000000000e+02 2.180704999999999927e+04
7.880000000000000000e+02 2.182715000000000146e+04
7.800000000000000000e+02 2.184560000000000218e+04
7.480000000000000000e+02 2.187995000000000073e+04
5.560000000000000000e+02 2.189245000000000073e+04
6.280000000000000000e+02 2.191270000000000073e+04
5.000000000000000000e+02 2.191295000000000073e+04
6.840000000000000000e+02 2.192960000000000218e+04
6.200000000000000000e+02 2.195379999999999927e+04
7.800000000000000000e+02 2.199100000000000000e+04
5.480000000000000000e+02 2.203560000000000218e+04
6.760000000000000000e+02 2.203585000000000218e+04
4.280000000000000000e+02 2.206004999999999927e+04
7.960000000000000000e+02 2.206065000000000146e+04
6.200000000000000000e+02 2.208585000000000218e+04
7.080000000000000000e+02 2.209070000000000073e+04
6.520000000000000000e+02 2.215670000000000073e+04
6.200000000000000000e+02 2.221635000000000218e+04
5.320000000000000000e+02 2.227375000000000000e+04
4.040000000000000000e+02 2.227575000000000000e+04
7.160000000000000000e+02 2.235745000000000073e+04
4.040000000000000000e+02 2.241915000000000146e+04
6.120000000000000000e+02 2.245600000000000000e+04
4.680000000000000000e+02 2.246765000000000146e+04
7.160000000000000000e+02 2.247100000000000000e+04
7.160000000000000000e+02 2.254215000000000146e+04
7.000000000000000000e+02 2.255610000000000218e+04
7.720000000000000000e+02 2.256325000000000000e+04
4.120000000000000000e+02 2.256390000000000146e+04
5.560000000000000000e+02 2.258345000000000073e+04
6.200000000000000000e+02 2.259454999999999927e+04
4.760000000000000000e+02 2.259479999999999927e+04
5.000000000000000000e+02 2.260090000000000146e+04
4.600000000000000000e+02 2.264985000000000218e+04
7.160000000000000000e+02 2.269050000000000000e+04
7.400000000000000000e+02 2.269325000000000000e+04
7.000000000000000000e+02 2.271560000000000218e+04
6.200000000000000000e+02 2.276275000000000000e+04
4.040000000000000000e+02 2.276310000000000218e+04
7.640000000000000000e+02 2.279704999999999927e+04
7.160000000000000000e+02 2.281050000000000000e+04
7.080000000000000000e+02 2.281140000000000146e+04
7.400000000000000000e+02 2.281385000000000218e+04
5.320000000000000000e+02 2.292115000000000146e+04
5.960000000000000000e+02 2.293440000000000146e+04
7.080000000000000000e+02 2.298040000000000146e+04
7.880000000000000000e+02 2.298850000000000000e+04
6.200000000000000000e+02 2.308835000000000218e+04
5.560000000000000000e+02 2.311729999999999927e+04
4.120000000000000000e+02 2.311845000000000073e+04
6.920000000000000000e+02 2.313065000000000146e+04
7.720000000000000000e+02 2.314104999999999927e+04
7.400000000000000000e+02 2.314265000000000146e+04
7.160000000000000000e+02 2.315915000000000146e+04
7.560000000000000000e+02 2.318595000000000073e+04
5.560000000000000000e+02 2.322445000000000073e+04
6.360000000000000000e+02 2.323079999999999927e+04
4.120000000000000000e+02 2.328620000000000073e+04
7.480000000000000000e+02 2.333390000000000146e+04
5.960000000000000000e+02 2.333485000000000218e+04
6.520000000000000000e+02 2.333990000000000146e+04
5.000000000000000000e+02 2.338140000000000146e+04
7.880000000000000000e+02 2.339335000000000218e+04
4.280000000000000000e+02 2.343060000000000218e+04
5.560000000000000000e+02 2.344360000000000218e+04
5.640000000000000000e+02 2.345410000000000218e+04
5.480000000000000000e+02 2.346154999999999927e+04
7.080000000000000000e+02 2.346390000000000146e+04
4.200000000000000000e+02 2.347810000000000218e+04
6.360000000000000000e+02 2.351515000000000146e+04
7.720000000000000000e+02 2.351520000000000073e+04
5.480000000000000000e+02 2.356025000000000000e+04
4.040000000000000000e+02 2.357310000000000218e+04
5.640000000000000000e+02 2.358310000000000218e+04
7.800000000000000000e+02 2.358445000000000073e+04
4.600000000000000000e+02 2.358829999999999927e+04
6.600000000000000000e+02 2.361140000000000146e+04
4.040000000000000000e+02 2.364540000000000146e+04
5.720000000000000000e+02 2.366204999999999927e+04
7.720000000000000000e+02 2.369740000000000146e+04
6.440000000000000000e+02 2.369765000000000146e+04
6.120000000000000000e+02 2.370015000000000146e+04
4.600000000000000000e+02 2.373150000000000000e+04
6.200000000000000000e+02 2.375485000000000218e+04
7.480000000000000000e+02 2.375770000000000073e+04
5.800000000000000000e+02 2.380000000000000000e+04
5.640000000000000000e+02 2.380075000000000000e+04
4.120000000000000000e+02 2.383370000000000073e+04
7.960000000000000000e+02 2.387235000000000218e+04
4.600000000000000000e+02 2.388925000000000000e+04
7.400000000000000000e+02 2.395060000000000218e+04
7.560000000000000000e+02 2.397915000000000146e+04
7.080000000000000000e+02 2.400760000000000218e+04
6.600000000000000000e+02 2.400995000000000073e+04
4.680000000000000000e+02 2.401679999999999927e+04
7.800000000000000000e+02 2.403104999999999927e+04
7.400000000000000000e+02 2.410135000000000218e+04
5.560000000000000000e+02 2.413050000000000000e+04
6.840000000000000000e+02 2.414900000000000000e+04
7.160000000000000000e+02 2.416215000000000146e+04
7.080000000000000000e+02 2.416860000000000218e+04
5.320000000000000000e+02 2.417145000000000073e+04
7.880000000000000000e+02 2.419720000000000073e+04
6.200000000000000000e+02 2.421250000000000000e+04
5.720000000000000000e+02 2.422435000000000218e+04
5.480000000000000000e+02 2.422960000000000218e+04
4.760000000000000000e+02 2.423095000000000073e+04
4.200000000000000000e+02 2.424840000000000146e+04
5.080000000000000000e+02 2.425529999999999927e+04
6.600000000000000000e+02 2.427625000000000000e+04
5.560000000000000000e+02 2.430075000000000000e+04
7.400000000000000000e+02 2.430090000000000146e+04
4.040000000000000000e+02 2.434750000000000000e+04
4.600000000000000000e+02 2.436304999999999927e+04
6.440000000000000000e+02 2.438600000000000000e+04
5.480000000000000000e+02 2.441870000000000073e+04
7.560000000000000000e+02 2.442404999999999927e+04
5.160000000000000000e+02 2.444715000000000146e+04
6.360000000000000000e+02 2.452535000000000218e+04
7.720000000000000000e+02 2.453415000000000146e+04
7.000000000000000000e+02 2.455345000000000073e+04
6.840000000000000000e+02 2.455929999999999927e+04
7.560000000000000000e+02 2.457270000000000073e+04
7.880000000000000000e+02 2.457865000000000146e+04
6.120000000000000000e+02 2.458795000000000073e+04
7.480000000000000000e+02 2.460870000000000073e+04
5.640000000000000000e+02 2.461200000000000000e+04
7.160000000000000000e+02 2.462945000000000073e+04
4.600000000000000000e+02 2.463110000000000218e+04
4.840000000000000000e+02 2.464545000000000073e+04
5.320000000000000000e+02 2.467595000000000073e+04
6.280000000000000000e+02 2.469275000000000000e+04
7.080000000000000000e+02 2.469470000000000073e+04
7.240000000000000000e+02 2.469525000000000000e+04
4.040000000000000000e+02 2.470629999999999927e+04
4.440000000000000000e+02 2.472140000000000146e+04
7.480000000000000000e+02 2.472910000000000218e+04
6.200000000000000000e+02 2.474910000000000218e+04
6.360000000000000000e+02 2.476140000000000146e+04
7.720000000000000000e+02 2.477600000000000000e+04
6.120000000000000000e+02 2.478360000000000218e+04
7.240000000000000000e+02 2.480610000000000218e+04
6.920000000000000000e+02 2.482625000000000000e+04
6.840000000000000000e+02 2.485900000000000000e+04
4.520000000000000000e+02 2.487729999999999927e+04
6.440000000000000000e+02 2.489850000000000000e+04
5.560000000000000000e+02 2.490615000000000146e+04
6.360000000000000000e+02 2.491085000000000218e+04
5.160000000000000000e+02 2.491175000000000000e+04
7.080000000000000000e+02 2.492000000000000000e+04
5.000000000000000000e+02 2.494570000000000073e+04
4.200000000000000000e+02 2.496635000000000218e+04
7.480000000000000000e+02 2.498379999999999927e+04
5.880000000000000000e+02 2.498420000000000073e+04
7.320000000000000000e+02 2.498779999999999927e+04
7.800000000000000000e+02 2.506835000000000218e+04
7.560000000000000000e+02 2.506865000000000146e+04
5.240000000000000000e+02 2.509104999999999927e+04
6.280000000000000000e+02 2.509285000000000218e+04
6.760000000000000000e+02 2.511670000000000073e+04
4.200000000000000000e+02 2.517145000000000073e+04
5.480000000000000000e+02 2.521425000000000000e+04
5.320000000000000000e+02 2.527554999999999927e+04
6.200000000000000000e+02 2.529240000000000146e+04
4.840000000000000000e+02 2.529345000000000073e+04
6.200000000000000000e+02 2.536129999999999927e+04
7.880000000000000000e+02 2.538929999999999927e+04
6.920000000000000000e+02 2.547440000000000146e+04
6.040000000000000000e+02 2.547800000000000000e+04
6.840000000000000000e+02 2.547979999999999927e+04
6.360000000000000000e+02 2.549779999999999927e+04
5.720000000000000000e+02 2.553225000000000000e+04
4.920000000000000000e+02 2.555615000000000146e+04
7.240000000000000000e+02 2.555879999999999927e+04
5.400000000000000000e+02 2.560804999999999927e+04
5.240000000000000000e+02 2.566770000000000073e+04
6.520000000000000000e+02 2.567200000000000000e+04
4.920000000000000000e+02 2.572290000000000146e+04
5.560000000000000000e+02 2.578829999999999927e+04
7.560000000000000000e+02 2.580470000000000073e+04
7.880000000000000000e+02 2.580540000000000146e+04
7.480000000000000000e+02 2.581685000000000218e+04
6.840000000000000000e+02 2.581845000000000073e+04
6.200000000000000000e+02 2.584540000000000146e+04
7.720000000000000000e+02 2.586960000000000218e+04
7.560000000000000000e+02 2.588779999999999927e+04
5.000000000000000000e+02 2.589020000000000073e+04
4.280000000000000000e+02 2.590725000000000000e+04
7.640000000000000000e+02 2.592454999999999927e+04
5.480000000000000000e+02 2.594500000000000000e+04
6.600000000000000000e+02 2.598425000000000000e+04
4.680000000000000000e+02 2.598785000000000218e+04
7.400000000000000000e+02 2.599050000000000000e+04
7.560000000000000000e+02 2.599725000000000000e+04
5.400000000000000000e+02 2.600715000000000146e+04
6.600000000000000000e+02 2.611825000000000000e+04
7.080000000000000000e+02 2.626210000000000218e+04
4.040000000000000000e+02 2.626885000000000218e+04
7.240000000000000000e+02 2.631590000000000146e+04
4.120000000000000000e+02 2.632475000000000000e+04
4.680000000000000000e+02 2.633440000000000146e+04
4.360000000000000000e+02 2.633525000000000000e+04
6.200000000000000000e+02 2.634420000000000073e+04
6.920000000000000000e+02 2.636550000000000000e+04
5.640000000000000000e+02 2.637145000000000073e+04
5.880000000000000000e+02 2.643870000000000073e+04
7.560000000000000000e+02 2.645860000000000218e+04
5.720000000000000000e+02 2.653600000000000000e+04
7.960000000000000000e+02 2.653640000000000146e+04
5.160000000000000000e+02 2.659875000000000000e+04
6.120000000000000000e+02 2.668115000000000146e+04
7.560000000000000000e+02 2.669200000000000000e+04
5.160000000000000000e+02 2.674545000000000073e+04
6.200000000000000000e+02 2.675479999999999927e+04
5.560000000000000000e+02 2.677340000000000146e+04
4.840000000000000000e+02 2.680220000000000073e+04
4.520000000000000000e+02 2.680725000000000000e+04
7.480000000000000000e+02 2.684450000000000000e+04
6.520000000000000000e+02 2.684470000000000073e+04
4.280000000000000000e+02 2.687800000000000000e+04
4.120000000000000000e+02 2.691754999999999927e+04
6.440000000000000000e+02 2.692390000000000146e+04
7.160000000000000000e+02 2.694795000000000073e+04
7.880000000000000000e+02 2.696879999999999927e+04
7.720000000000000000e+02 2.697129999999999927e+04
4.280000000000000000e+02 2.698120000000000073e+04
6.200000000000000000e+02 2.700895000000000073e+04
4.440000000000000000e+02 2.703770000000000073e+04
5.480000000000000000e+02 2.704090000000000146e+04
5.320000000000000000e+02 2.705085000000000218e+04
6.840000000000000000e+02 2.706110000000000218e+04
5.560000000000000000e+02 2.711145000000000073e+04
6.920000000000000000e+02 2.711195000000000073e+04
7.240000000000000000e+02 2.712510000000000218e+04
7.480000000000000000e+02 2.723154999999999927e+04
6.360000000000000000e+02 2.726610000000000218e+04
5.560000000000000000e+02 2.728425000000000000e+04
6.440000000000000000e+02 2.728565000000000146e+04
5.960000000000000000e+02 2.729700000000000000e+04
5.240000000000000000e+02 2.730235000000000218e+04
6.520000000000000000e+02 2.733265000000000146e+04
6.840000000000000000e+02 2.737050000000000000e+04
5.720000000000000000e+02 2.737440000000000146e+04
5.400000000000000000e+02 2.738504999999999927e+04
7.880000000000000000e+02 2.743254999999999927e+04
7.560000000000000000e+02 2.744835000000000218e+04
6.200000000000000000e+02 2.748000000000000000e+04
5.960000000000000000e+02 2.751754999999999927e+04
5.720000000000000000e+02 2.759035000000000218e+04
6.280000000000000000e+02 2.760304999999999927e+04
7.560000000000000000e+02 2.761154999999999927e+04
7.880000000000000000e+02 2.762500000000000000e+04
5.800000000000000000e+02 2.765550000000000000e+04
6.920000000000000000e+02 2.768070000000000073e+04
4.440000000000000000e+02 2.768140000000000146e+04
7.080000000000000000e+02 2.771675000000000000e+04
5.640000000000000000e+02 2.777554999999999927e+04
5.560000000000000000e+02 2.778565000000000146e+04
5.080000000000000000e+02 2.778795000000000073e+04
7.320000000000000000e+02 2.782415000000000146e+04
5.720000000000000000e+02 2.783170000000000073e+04
6.200000000000000000e+02 2.783235000000000218e+04
4.280000000000000000e+02 2.786970000000000073e+04
5.800000000000000000e+02 2.787620000000000073e+04
7.080000000000000000e+02 2.789079999999999927e+04
6.760000000000000000e+02 2.789110000000000218e+04
6.120000000000000000e+02 2.790704999999999927e+04
5.000000000000000000e+02 2.791785000000000218e+04
6.200000000000000000e+02 2.791870000000000073e+04
4.280000000000000000e+02 2.795129999999999927e+04
7.400000000000000000e+02 2.795820000000000073e+04
7.480000000000000000e+02 2.799320000000000073e+04
7.490000000000000000e+02 1.803000000000000114e+02
7.330000000000000000e+02 3.365500000000000114e+02
7.570000000000000000e+02 3.843500000000000227e+02
5.090000000000000000e+02 4.183500000000000227e+02
6.610000000000000000e+02 4.277500000000000000e+02
7.890000000000000000e+02 4.781500000000000341e+02
7.090000000000000000e+02 4.858500000000000227e+02
7.490000000000000000e+02 4.894000000000000341e+02
7.730000000000000000e+02 5.111500000000000341e+02
7.010000000000000000e+02 5.948000000000000682e+02
7.010000000000000000e+02 6.848000000000000682e+02
6.130000000000000000e+02 7.149500000000000455e+02
7.090000000000000000e+02 7.410000000000000000e+02
6.210000000000000000e+02 8.058000000000000682e+02
7.170000000000000000e+02 8.063999999999999773e+02
4.610000000000000000e+02 8.259500000000000455e+02
4.850000000000000000e+02 8.578999999999999773e+02
7.490000000000000000e+02 8.664500000000000455e+02
4.130000000000000000e+02 8.728000000000000682e+02
6.130000000000000000e+02 8.951000000000000227e+02
5.250000000000000000e+02 8.983500000000000227e+02
7.410000000000000000e+02 9.213500000000000227e+02
6.050000000000000000e+02 9.653999999999999773e+02
7.650000000000000000e+02 9.963999999999999773e+02
7.410000000000000000e+02 1.010200000000000045e+03
4.370000000000000000e+02 1.017600000000000023e+03
7.010000000000000000e+02 1.030750000000000000e+03
7.730000000000000000e+02 1.036950000000000045e+03
6.930000000000000000e+02 1.144500000000000000e+03
6.770000000000000000e+02 1.155549999999999955e+03
6.130000000000000000e+02 1.191750000000000000e+03
4.930000000000000000e+02 1.195900000000000091e+03
5.570000000000000000e+02 1.288299999999999955e+03
5.250000000000000000e+02 1.341200000000000045e+03
4.450000000000000000e+02 1.392650000000000091e+03
7.730000000000000000e+02 1.392950000000000045e+03
5.330000000000000000e+02 1.414049999999999955e+03
7.330000000000000000e+02 1.495150000000000091e+03
5.090000000000000000e+02 1.495650000000000091e+03
4.370000000000000000e+02 1.542650000000000091e+03
6.530000000000000000e+02 1.548200000000000045e+03
5.250000000000000000e+02 1.576250000000000000e+03
7.090000000000000000e+02 1.602750000000000000e+03
6.770000000000000000e+02 1.612450000000000045e+03
4.610000000000000000e+02 1.717150000000000091e+03
6.130000000000000000e+02 1.721650000000000091e+03
6.210000000000000000e+02 1.833450000000000045e+03
4.370000000000000000e+02 1.905100000000000136e+03
4.050000000000000000e+02 1.924200000000000045e+03
6.450000000000000000e+02 2.005100000000000136e+03
7.730000000000000000e+02 2.084949999999999818e+03
4.450000000000000000e+02 2.142900000000000091e+03
5.970000000000000000e+02 2.161849999999999909e+03
6.210000000000000000e+02 2.165750000000000000e+03
5.170000000000000000e+02 2.198599999999999909e+03
5.330000000000000000e+02 2.218300000000000182e+03
5.330000000000000000e+02 2.316099999999999909e+03
4.290000000000000000e+02 2.328650000000000091e+03
5.570000000000000000e+02 2.375500000000000000e+03
7.730000000000000000e+02 2.376000000000000000e+03
4.450000000000000000e+02 2.424550000000000182e+03
5.970000000000000000e+02 2.435900000000000091e+03
4.530000000000000000e+02 2.476150000000000091e+03
7.490000000000000000e+02 2.485450000000000273e+03
5.170000000000000000e+02 2.513599999999999909e+03
7.330000000000000000e+02 2.532000000000000000e+03
7.490000000000000000e+02 2.551849999999999909e+03
4.290000000000000000e+02 2.586099999999999909e+03
7.410000000000000000e+02 2.595950000000000273e+03
7.010000000000000000e+02 2.626099999999999909e+03
6.690000000000000000e+02 2.704750000000000000e+03
5.890000000000000000e+02 2.736900000000000091e+03
7.170000000000000000e+02 2.761200000000000273e+03
4.850000000000000000e+02 2.823500000000000000e+03
6.610000000000000000e+02 2.912849999999999909e+03
6.930000000000000000e+02 2.944450000000000273e+03
4.530000000000000000e+02 2.972800000000000182e+03
7.890000000000000000e+02 3.053750000000000000e+03
6.370000000000000000e+02 3.055050000000000182e+03
4.690000000000000000e+02 3.071300000000000182e+03
6.690000000000000000e+02 3.172599999999999909e+03
4.530000000000000000e+02 3.201300000000000182e+03
4.850000000000000000e+02 3.337750000000000000e+03
4.690000000000000000e+02 3.403599999999999909e+03
6.850000000000000000e+02 3.410550000000000182e+03
5.410000000000000000e+02 3.411150000000000091e+03
7.650000000000000000e+02 3.420250000000000000e+03
7.250000000000000000e+02 3.444500000000000000e+03
5.970000000000000000e+02 3.684000000000000000e+03
6.530000000000000000e+02 3.726150000000000091e+03
5.570000000000000000e+02 3.831150000000000091e+03
6.210000000000000000e+02 3.834450000000000273e+03
5.810000000000000000e+02 3.852500000000000000e+03
7.410000000000000000e+02 3.917849999999999909e+03
4.690000000000000000e+02 3.919200000000000273e+03
4.450000000000000000e+02 3.928400000000000091e+03
5.730000000000000000e+02 3.956950000000000273e+03
7.250000000000000000e+02 4.040150000000000091e+03
5.090000000000000000e+02 4.042400000000000091e+03
7.970000000000000000e+02 4.049900000000000091e+03
7.090000000000000000e+02 4.050349999999999909e+03
6.370000000000000000e+02 4.063599999999999909e+03
5.090000000000000000e+02 4.113750000000000000e+03
5.570000000000000000e+02 4.116300000000000182e+03
4.610000000000000000e+02 4.152250000000000000e+03
4.450000000000000000e+02 4.186550000000000182e+03
6.450000000000000000e+02 4.214750000000000000e+03
5.090000000000000000e+02 4.260050000000000182e+03
7.330000000000000000e+02 4.270449999999999818e+03
7.090000000000000000e+02 4.271699999999999818e+03
7.490000000000000000e+02 4.277149999999999636e+03
4.290000000000000000e+02 4.295850000000000364e+03
4.850000000000000000e+02 4.309899999999999636e+03
4.210000000000000000e+02 4.381900000000000546e+03
5.090000000000000000e+02 4.388850000000000364e+03
7.970000000000000000e+02 4.431449999999999818e+03
4.450000000000000000e+02 4.435949999999999818e+03
5.890000000000000000e+02 4.439199999999999818e+03
7.970000000000000000e+02 4.490400000000000546e+03
4.530000000000000000e+02 4.506699999999999818e+03
5.730000000000000000e+02 4.511100000000000364e+03
6.690000000000000000e+02 4.557050000000000182e+03
4.690000000000000000e+02 4.586949999999999818e+03
4.290000000000000000e+02 4.597250000000000000e+03
4.130000000000000000e+02 4.622699999999999818e+03
4.610000000000000000e+02 4.632949999999999818e+03
6.930000000000000000e+02 4.648550000000000182e+03
6.290000000000000000e+02 4.668250000000000000e+03
5.970000000000000000e+02 4.681900000000000546e+03
7.010000000000000000e+02 4.694550000000000182e+03
7.890000000000000000e+02 4.710550000000000182e+03
6.610000000000000000e+02 4.733250000000000000e+03
7.010000000000000000e+02 4.855650000000000546e+03
5.170000000000000000e+02 4.863600000000000364e+03
4.850000000000000000e+02 4.873350000000000364e+03
5.250000000000000000e+02 4.892100000000000364e+03
6.530000000000000000e+02 4.905250000000000000e+03
7.090000000000000000e+02 4.954449999999999818e+03
4.210000000000000000e+02 4.955600000000000364e+03
4.290000000000000000e+02 5.012600000000000364e+03
4.130000000000000000e+02 5.051800000000000182e+03
7.730000000000000000e+02 5.073050000000000182e+03
5.730000000000000000e+02 5.073600000000000364e+03
6.130000000000000000e+02 5.110650000000000546e+03
5.890000000000000000e+02 5.111949999999999818e+03
5.170000000000000000e+02 5.149949999999999818e+03
4.050000000000000000e+02 5.158350000000000364e+03
5.650000000000000000e+02 5.190800000000000182e+03
7.970000000000000000e+02 5.247800000000000182e+03
7.890000000000000000e+02 5.251150000000000546e+03
4.770000000000000000e+02 5.350900000000000546e+03
5.250000000000000000e+02 5.351150000000000546e+03
6.930000000000000000e+02 5.407800000000000182e+03
5.170000000000000000e+02 5.440650000000000546e+03
7.250000000000000000e+02 5.463199999999999818e+03
7.490000000000000000e+02 5.468350000000000364e+03
4.530000000000000000e+02 5.521400000000000546e+03
6.450000000000000000e+02 5.532150000000000546e+03
4.690000000000000000e+02 5.584800000000000182e+03
7.250000000000000000e+02 5.629000000000000000e+03
7.890000000000000000e+02 5.634699999999999818e+03
5.810000000000000000e+02 5.658350000000000364e+03
5.490000000000000000e+02 5.694400000000000546e+03
4.770000000000000000e+02 5.716400000000000546e+03
7.730000000000000000e+02 5.727150000000000546e+03
6.690000000000000000e+02 5.746100000000000364e+03
4.290000000000000000e+02 5.779000000000000000e+03
5.730000000000000000e+02 5.815600000000000364e+03
6.610000000000000000e+02 5.826650000000000546e+03
4.770000000000000000e+02 5.827500000000000000e+03
6.930000000000000000e+02 5.854600000000000364e+03
7.490000000000000000e+02 5.872400000000000546e+03
4.850000000000000000e+02 5.958250000000000000e+03
6.850000000000000000e+02 5.959500000000000000e+03
7.570000000000000000e+02 5.970600000000000364e+03
5.410000000000000000e+02 6.000699999999999818e+03
4.930000000000000000e+02 6.008850000000000364e+03
5.970000000000000000e+02 6.097650000000000546e+03
6.370000000000000000e+02 6.128300000000000182e+03
4.690000000000000000e+02 6.198250000000000000e+03
5.250000000000000000e+02 6.198800000000000182e+03
7.490000000000000000e+02 6.216600000000000364e+03
4.130000000000000000e+02 6.289300000000000182e+03
5.330000000000000000e+02 6.291400000000000546e+03
7.410000000000000000e+02 6.294650000000000546e+03
7.010000000000000000e+02 6.365850000000000364e+03
5.810000000000000000e+02 6.400550000000000182e+03
4.370000000000000000e+02 6.439000000000000000e+03
5.570000000000000000e+02 6.442100000000000364e+03
5.170000000000000000e+02 6.448050000000000182e+03
6.370000000000000000e+02 6.457650000000000546e+03
4.450000000000000000e+02 6.494699999999999818e+03
5.570000000000000000e+02 6.551650000000000546e+03
4.050000000000000000e+02 6.562600000000000364e+03
6.690000000000000000e+02 6.603600000000000364e+03
4.450000000000000000e+02 6.628000000000000000e+03
5.730000000000000000e+02 6.639949999999999818e+03
7.890000000000000000e+02 6.651949999999999818e+03
6.290000000000000000e+02 6.674150000000000546e+03
5.170000000000000000e+02 6.699699999999999818e+03
5.010000000000000000e+02 6.793550000000000182e+03
6.930000000000000000e+02 6.809449999999999818e+03
4.130000000000000000e+02 6.890100000000000364e+03
7.410000000000000000e+02 6.925850000000000364e+03
4.930000000000000000e+02 6.965550000000000182e+03
4.690000000000000000e+02 7.004350000000000364e+03
4.770000000000000000e+02 7.012100000000000364e+03
6.610000000000000000e+02 7.042650000000000546e+03
5.010000000000000000e+02 7.088500000000000000e+03
6.130000000000000000e+02 7.098449999999999818e+03
4.690000000000000000e+02 7.106800000000000182e+03
7.330000000000000000e+02 7.124300000000000182e+03
4.450000000000000000e+02 7.208699999999999818e+03
7.410000000000000000e+02 7.221600000000000364e+03
5.890000000000000000e+02 7.244600000000000364e+03
7.730000000000000000e+02 7.263250000000000000e+03
5.490000000000000000e+02 7.401050000000000182e+03
7.170000000000000000e+02 7.432550000000000182e+03
4.850000000000000000e+02 7.434300000000000182e+03
6.530000000000000000e+02 7.523550000000000182e+03
7.090000000000000000e+02 7.538550000000000182e+03
5.090000000000000000e+02 7.604900000000000546e+03
7.250000000000000000e+02 7.605050000000000182e+03
6.210000000000000000e+02 7.610850000000000364e+03
7.970000000000000000e+02 7.618350000000000364e+03
4.770000000000000000e+02 7.691000000000000000e+03
7.570000000000000000e+02 7.702600000000000364e+03
6.210000000000000000e+02 7.725000000000000000e+03
7.490000000000000000e+02 7.726449999999999818e+03
4.930000000000000000e+02 7.735150000000000546e+03
7.250000000000000000e+02 7.744400000000000546e+03
4.210000000000000000e+02 7.772100000000000364e+03
5.490000000000000000e+02 7.784550000000000182e+03
5.090000000000000000e+02 7.839699999999999818e+03
7.810000000000000000e+02 7.856050000000000182e+03
4.850000000000000000e+02 7.882150000000000546e+03
5.730000000000000000e+02 7.900650000000000546e+03
5.570000000000000000e+02 7.929600000000000364e+03
7.330000000000000000e+02 7.953600000000000364e+03
7.090000000000000000e+02 7.964750000000000000e+03
7.490000000000000000e+02 8.016300000000000182e+03
4.690000000000000000e+02 8.038550000000000182e+03
5.570000000000000000e+02 8.046850000000000364e+03
6.210000000000000000e+02 8.054449999999999818e+03
6.850000000000000000e+02 8.064050000000000182e+03
6.210000000000000000e+02 8.154400000000000546e+03
4.210000000000000000e+02 8.169000000000000000e+03
5.010000000000000000e+02 8.201649999999999636e+03
6.370000000000000000e+02 8.253299999999999272e+03
5.810000000000000000e+02 8.296350000000000364e+03
5.010000000000000000e+02 8.399049999999999272e+03
4.690000000000000000e+02 8.435700000000000728e+03
5.410000000000000000e+02 8.444649999999999636e+03
6.850000000000000000e+02 8.492950000000000728e+03
7.250000000000000000e+02 8.587200000000000728e+03
4.370000000000000000e+02 8.617000000000000000e+03
4.130000000000000000e+02 8.619500000000000000e+03
7.490000000000000000e+02 8.630250000000000000e+03
4.930000000000000000e+02 8.632399999999999636e+03
4.930000000000000000e+02 8.674100000000000364e+03
6.290000000000000000e+02 8.682899999999999636e+03
5.410000000000000000e+02 8.702500000000000000e+03
4.050000000000000000e+02 8.746100000000000364e+03
5.890000000000000000e+02 8.770649999999999636e+03
6.930000000000000000e+02 8.779300000000001091e+03
4.370000000000000000e+02 8.787550000000001091e+03
5.330000000000000000e+02 8.805350000000000364e+03
5.010000000000000000e+02 8.834350000000000364e+03
6.290000000000000000e+02 8.835200000000000728e+03
4.050000000000000000e+02 8.892350000000000364e+03
4.530000000000000000e+02 8.901250000000000000e+03
7.890000000000000000e+02 8.923850000000000364e+03
6.770000000000000000e+02 8.958250000000000000e+03
4.130000000000000000e+02 9.046700000000000728e+03
5.570000000000000000e+02 9.073700000000000728e+03
5.250000000000000000e+02 9.097550000000001091e+03
6.930000000000000000e+02 9.139050000000001091e+03
6.850000000000000000e+02 9.151550000000001091e+03
7.810000000000000000e+02 9.159850000000000364e+03
5.010000000000000000e+02 9.168500000000000000e+03
5.090000000000000000e+02 9.189899999999999636e+03
4.530000000000000000e+02 9.202600000000000364e+03
6.850000000000000000e+02 9.261350000000000364e+03
7.090000000000000000e+02 9.317649999999999636e+03
7.010000000000000000e+02 9.320700000000000728e+03
4.130000000000000000e+02 9.343700000000000728e+03
5.330000000000000000e+02 9.372399999999999636e+03
7.650000000000000000e+02 9.395500000000000000e+03
7.410000000000000000e+02 9.429300000000001091e+03
7.650000000000000000e+02 9.495700000000000728e+03
7.490000000000000000e+02 9.524800000000001091e+03
7.090000000000000000e+02 9.549950000000000728e+03
5.570000000000000000e+02 9.580600000000000364e+03
4.130000000000000000e+02 9.604800000000001091e+03
4.690000000000000000e+02 9.630649999999999636e+03
5.570000000000000000e+02 9.646750000000000000e+03
5.410000000000000000e+02 9.651800000000001091e+03
6.770000000000000000e+02 9.659450000000000728e+03
6.610000000000000000e+02 9.724300000000001091e+03
5.330000000000000000e+02 9.726300000000001091e+03
4.290000000000000000e+02 9.732200000000000728e+03
6.770000000000000000e+02 9.751649999999999636e+03
6.450000000000000000e+02 9.791050000000001091e+03
5.490000000000000000e+02 9.796750000000000000e+03
5.330000000000000000e+02 9.830350000000000364e+03
7.650000000000000000e+02 9.844800000000001091e+03
7.170000000000000000e+02 9.858899999999999636e+03
7.330000000000000000e+02 9.860899999999999636e+03
4.130000000000000000e+02 9.879800000000001091e+03
5.170000000000000000e+02 9.893350000000000364e+03
6.610000000000000000e+02 9.959350000000000364e+03
6.130000000000000000e+02 9.991550000000001091e+03
6.450000000000000000e+02 1.001360000000000036e+04
4.930000000000000000e+02 1.007770000000000073e+04
5.490000000000000000e+02 1.008530000000000109e+04
7.170000000000000000e+02 1.009485000000000036e+04
7.410000000000000000e+02 1.009500000000000000e+04
5.170000000000000000e+02 1.010425000000000000e+04
4.050000000000000000e+02 1.011225000000000000e+04
6.050000000000000000e+02 1.011480000000000109e+04
4.850000000000000000e+02 1.013700000000000000e+04
7.730000000000000000e+02 1.015770000000000073e+04
6.530000000000000000e+02 1.015800000000000000e+04
4.370000000000000000e+02 1.019280000000000109e+04
6.610000000000000000e+02 1.020705000000000109e+04
7.250000000000000000e+02 1.022645000000000073e+04
7.170000000000000000e+02 1.026485000000000036e+04
4.130000000000000000e+02 1.030820000000000073e+04
7.490000000000000000e+02 1.031975000000000000e+04
4.530000000000000000e+02 1.034355000000000109e+04
4.290000000000000000e+02 1.038230000000000109e+04
6.610000000000000000e+02 1.038689999999999964e+04
5.090000000000000000e+02 1.041064999999999964e+04
5.570000000000000000e+02 1.045855000000000109e+04
4.210000000000000000e+02 1.053055000000000109e+04
6.930000000000000000e+02 1.059414999999999964e+04
7.410000000000000000e+02 1.060630000000000109e+04
4.690000000000000000e+02 1.065005000000000109e+04
7.010000000000000000e+02 1.068325000000000000e+04
4.210000000000000000e+02 1.069650000000000000e+04
7.330000000000000000e+02 1.072780000000000109e+04
6.370000000000000000e+02 1.073225000000000000e+04
5.170000000000000000e+02 1.079000000000000000e+04
6.210000000000000000e+02 1.083045000000000073e+04
4.290000000000000000e+02 1.084730000000000109e+04
5.810000000000000000e+02 1.088625000000000000e+04
5.890000000000000000e+02 1.089425000000000000e+04
6.450000000000000000e+02 1.098095000000000073e+04
7.010000000000000000e+02 1.098155000000000109e+04
4.850000000000000000e+02 1.100000000000000000e+04
7.170000000000000000e+02 1.102310000000000036e+04
6.530000000000000000e+02 1.105114999999999964e+04
7.890000000000000000e+02 1.107239999999999964e+04
4.450000000000000000e+02 1.107560000000000036e+04
7.970000000000000000e+02 1.108925000000000000e+04
5.330000000000000000e+02 1.113010000000000036e+04
6.770000000000000000e+02 1.114780000000000109e+04
6.290000000000000000e+02 1.117675000000000000e+04
6.850000000000000000e+02 1.119955000000000109e+04
7.970000000000000000e+02 1.120975000000000000e+04
5.250000000000000000e+02 1.128035000000000036e+04
7.330000000000000000e+02 1.131105000000000109e+04
5.890000000000000000e+02 1.141939999999999964e+04
7.570000000000000000e+02 1.142235000000000036e+04
6.770000000000000000e+02 1.142914999999999964e+04
4.610000000000000000e+02 1.146800000000000000e+04
5.250000000000000000e+02 1.148539999999999964e+04
4.930000000000000000e+02 1.148850000000000000e+04
6.610000000000000000e+02 1.164364999999999964e+04
7.170000000000000000e+02 1.168560000000000036e+04
7.250000000000000000e+02 1.168995000000000073e+04
7.410000000000000000e+02 1.170735000000000036e+04
6.050000000000000000e+02 1.174664999999999964e+04
7.570000000000000000e+02 1.175675000000000000e+04
6.690000000000000000e+02 1.179885000000000036e+04
6.850000000000000000e+02 1.184839999999999964e+04
4.770000000000000000e+02 1.185285000000000036e+04
4.610000000000000000e+02 1.185635000000000036e+04
7.490000000000000000e+02 1.187745000000000073e+04
4.930000000000000000e+02 1.189260000000000036e+04
7.090000000000000000e+02 1.191839999999999964e+04
7.650000000000000000e+02 1.195639999999999964e+04
5.330000000000000000e+02 1.196775000000000000e+04
7.970000000000000000e+02 1.199085000000000036e+04
6.930000000000000000e+02 1.206375000000000000e+04
5.570000000000000000e+02 1.209680000000000109e+04
6.610000000000000000e+02 1.210585000000000036e+04
6.770000000000000000e+02 1.221035000000000036e+04
5.250000000000000000e+02 1.221980000000000109e+04
6.210000000000000000e+02 1.222339999999999964e+04
5.890000000000000000e+02 1.225335000000000036e+04
7.170000000000000000e+02 1.232705000000000109e+04
4.610000000000000000e+02 1.239055000000000109e+04
6.210000000000000000e+02 1.247130000000000109e+04
7.970000000000000000e+02 1.247414999999999964e+04
4.610000000000000000e+02 1.247760000000000036e+04
6.610000000000000000e+02 1.251195000000000073e+04
5.570000000000000000e+02 1.253410000000000036e+04
6.850000000000000000e+02 1.254164999999999964e+04
7.730000000000000000e+02 1.256555000000000109e+04
6.050000000000000000e+02 1.259514999999999964e+04
7.090000000000000000e+02 1.259745000000000073e+04
5.970000000000000000e+02 1.259755000000000109e+04
6.850000000000000000e+02 1.260760000000000036e+04
6.930000000000000000e+02 1.260850000000000000e+04
6.770000000000000000e+02 1.262850000000000000e+04
4.370000000000000000e+02 1.264139999999999964e+04
4.690000000000000000e+02 1.270225000000000000e+04
5.490000000000000000e+02 1.271560000000000036e+04
7.410000000000000000e+02 1.272310000000000036e+04
7.650000000000000000e+02 1.273164999999999964e+04
5.810000000000000000e+02 1.275585000000000036e+04
7.170000000000000000e+02 1.279730000000000109e+04
7.890000000000000000e+02 1.282664999999999964e+04
7.090000000000000000e+02 1.282720000000000073e+04
5.730000000000000000e+02 1.282730000000000109e+04
6.850000000000000000e+02 1.282764999999999964e+04
5.490000000000000000e+02 1.284345000000000073e+04
7.570000000000000000e+02 1.287564999999999964e+04
4.050000000000000000e+02 1.289605000000000109e+04
5.410000000000000000e+02 1.290055000000000109e+04
5.250000000000000000e+02 1.290300000000000000e+04
5.570000000000000000e+02 1.290425000000000000e+04
7.410000000000000000e+02 1.292870000000000073e+04
7.010000000000000000e+02 1.299100000000000000e+04
7.410000000000000000e+02 1.299414999999999964e+04
5.330000000000000000e+02 1.302275000000000000e+04
6.450000000000000000e+02 1.302395000000000073e+04
4.210000000000000000e+02 1.306314999999999964e+04
4.930000000000000000e+02 1.307385000000000036e+04
6.210000000000000000e+02 1.310210000000000036e+04
6.290000000000000000e+02 1.312630000000000109e+04
5.570000000000000000e+02 1.317675000000000000e+04
7.090000000000000000e+02 1.318220000000000073e+04
4.210000000000000000e+02 1.318339999999999964e+04
6.450000000000000000e+02 1.326420000000000073e+04
7.410000000000000000e+02 1.329130000000000109e+04
6.610000000000000000e+02 1.343180000000000109e+04
4.050000000000000000e+02 1.344314999999999964e+04
7.650000000000000000e+02 1.346270000000000073e+04
5.730000000000000000e+02 1.350289999999999964e+04
5.090000000000000000e+02 1.356720000000000073e+04
5.410000000000000000e+02 1.358345000000000073e+04
6.850000000000000000e+02 1.361189999999999964e+04
4.690000000000000000e+02 1.369945000000000073e+04
4.530000000000000000e+02 1.385035000000000036e+04
5.250000000000000000e+02 1.393245000000000073e+04
5.330000000000000000e+02 1.397375000000000000e+04
5.170000000000000000e+02 1.397935000000000036e+04
6.610000000000000000e+02 1.400710000000000036e+04
5.970000000000000000e+02 1.410795000000000073e+04
6.770000000000000000e+02 1.413610000000000036e+04
5.650000000000000000e+02 1.414680000000000109e+04
4.930000000000000000e+02 1.414845000000000073e+04
4.850000000000000000e+02 1.417095000000000073e+04
4.770000000000000000e+02 1.420989999999999964e+04
6.450000000000000000e+02 1.425639999999999964e+04
5.650000000000000000e+02 1.429205000000000109e+04
4.450000000000000000e+02 1.435564999999999964e+04
4.050000000000000000e+02 1.438210000000000036e+04
6.050000000000000000e+02 1.439505000000000109e+04
4.610000000000000000e+02 1.440225000000000000e+04
4.130000000000000000e+02 1.442064999999999964e+04
6.050000000000000000e+02 1.445100000000000000e+04
4.210000000000000000e+02 1.445714999999999964e+04
4.370000000000000000e+02 1.452914999999999964e+04
4.530000000000000000e+02 1.454635000000000036e+04
7.250000000000000000e+02 1.455595000000000073e+04
6.130000000000000000e+02 1.456780000000000109e+04
6.290000000000000000e+02 1.459964999999999964e+04
5.650000000000000000e+02 1.463605000000000109e+04
4.370000000000000000e+02 1.471814999999999964e+04
5.810000000000000000e+02 1.477530000000000109e+04
6.450000000000000000e+02 1.478389999999999964e+04
4.530000000000000000e+02 1.480220000000000073e+04
7.490000000000000000e+02 1.481489999999999964e+04
5.730000000000000000e+02 1.482005000000000109e+04
7.970000000000000000e+02 1.487125000000000000e+04
4.210000000000000000e+02 1.489155000000000109e+04
7.170000000000000000e+02 1.489335000000000036e+04
4.050000000000000000e+02 1.491489999999999964e+04
4.690000000000000000e+02 1.497160000000000036e+04
7.330000000000000000e+02 1.498489999999999964e+04
5.250000000000000000e+02 1.500650000000000000e+04
7.490000000000000000e+02 1.508270000000000073e+04
7.250000000000000000e+02 1.508675000000000000e+04
6.210000000000000000e+02 1.508780000000000109e+04
6.050000000000000000e+02 1.514614999999999964e+04
5.730000000000000000e+02 1.516200000000000000e+04
4.770000000000000000e+02 1.519080000000000109e+04
5.570000000000000000e+02 1.521670000000000073e+04
7.410000000000000000e+02 1.523989999999999964e+04
5.810000000000000000e+02 1.525770000000000073e+04
7.490000000000000000e+02 1.526080000000000109e+04
6.610000000000000000e+02 1.528700000000000000e+04
6.930000000000000000e+02 1.540414999999999964e+04
4.930000000000000000e+02 1.543755000000000109e+04
7.010000000000000000e+02 1.548675000000000000e+04
7.170000000000000000e+02 1.554130000000000109e+04
5.410000000000000000e+02 1.554150000000000000e+04
7.090000000000000000e+02 1.556595000000000073e+04
4.930000000000000000e+02 1.556639999999999964e+04
6.290000000000000000e+02 1.562830000000000109e+04
6.050000000000000000e+02 1.566360000000000036e+04
5.730000000000000000e+02 1.567830000000000109e+04
5.570000000000000000e+02 1.571620000000000073e+04
7.490000000000000000e+02 1.572545000000000073e+04
5.250000000000000000e+02 1.575925000000000000e+04
6.210000000000000000e+02 1.582525000000000000e+04
6.770000000000000000e+02 1.583389999999999964e+04
5.890000000000000000e+02 1.583585000000000036e+04
7.890000000000000000e+02 1.587825000000000000e+04
7.410000000000000000e+02 1.591245000000000073e+04
5.810000000000000000e+02 1.591255000000000109e+04
4.610000000000000000e+02 1.592745000000000073e+04
7.330000000000000000e+02 1.594214999999999964e+04
5.970000000000000000e+02 1.596010000000000036e+04
5.490000000000000000e+02 1.604989999999999964e+04
4.130000000000000000e+02 1.606100000000000000e+04
4.290000000000000000e+02 1.606525000000000000e+04
6.130000000000000000e+02 1.607464999999999964e+04
4.610000000000000000e+02 1.613814999999999964e+04
7.730000000000000000e+02 1.614510000000000036e+04
6.930000000000000000e+02 1.614605000000000109e+04
7.250000000000000000e+02 1.616464999999999964e+04
4.290000000000000000e+02 1.619075000000000000e+04
7.170000000000000000e+02 1.629920000000000073e+04
6.210000000000000000e+02 1.632145000000000073e+04
6.450000000000000000e+02 1.632214999999999964e+04
4.450000000000000000e+02 1.633370000000000073e+04
7.810000000000000000e+02 1.638525000000000000e+04
5.010000000000000000e+02 1.641440000000000146e+04
4.930000000000000000e+02 1.642425000000000000e+04
5.570000000000000000e+02 1.643809999999999854e+04
6.370000000000000000e+02 1.648315000000000146e+04
5.250000000000000000e+02 1.652134999999999854e+04
7.010000000000000000e+02 1.652754999999999927e+04
6.930000000000000000e+02 1.653325000000000000e+04
4.450000000000000000e+02 1.655820000000000073e+04
5.410000000000000000e+02 1.658634999999999854e+04
5.330000000000000000e+02 1.660084999999999854e+04
7.250000000000000000e+02 1.660090000000000146e+04
5.010000000000000000e+02 1.667725000000000000e+04
4.770000000000000000e+02 1.673204999999999927e+04
6.450000000000000000e+02 1.674065000000000146e+04
6.210000000000000000e+02 1.674075000000000000e+04
6.930000000000000000e+02 1.674484999999999854e+04
5.250000000000000000e+02 1.674779999999999927e+04
6.290000000000000000e+02 1.675550000000000000e+04
6.770000000000000000e+02 1.675554999999999927e+04
7.090000000000000000e+02 1.678165000000000146e+04
4.450000000000000000e+02 1.678904999999999927e+04
6.850000000000000000e+02 1.679934999999999854e+04
5.330000000000000000e+02 1.684329999999999927e+04
4.370000000000000000e+02 1.688195000000000073e+04
4.530000000000000000e+02 1.688459999999999854e+04
6.610000000000000000e+02 1.690554999999999927e+04
5.970000000000000000e+02 1.693604999999999927e+04
6.210000000000000000e+02 1.697104999999999927e+04
4.210000000000000000e+02 1.698504999999999927e+04
7.890000000000000000e+02 1.698754999999999927e+04
7.650000000000000000e+02 1.698975000000000000e+04
6.290000000000000000e+02 1.700315000000000146e+04
4.930000000000000000e+02 1.704045000000000073e+04
6.610000000000000000e+02 1.706315000000000146e+04
7.570000000000000000e+02 1.710640000000000146e+04
5.570000000000000000e+02 1.712634999999999854e+04
5.890000000000000000e+02 1.714609999999999854e+04
7.970000000000000000e+02 1.715034999999999854e+04
6.930000000000000000e+02 1.717954999999999927e+04
6.770000000000000000e+02 1.724600000000000000e+04
6.850000000000000000e+02 1.728565000000000146e+04
6.210000000000000000e+02 1.729070000000000073e+04
6.130000000000000000e+02 1.729495000000000073e+04
7.010000000000000000e+02 1.730115000000000146e+04
7.650000000000000000e+02 1.735445000000000073e+04
5.490000000000000000e+02 1.753915000000000146e+04
4.450000000000000000e+02 1.754545000000000073e+04
6.770000000000000000e+02 1.754554999999999927e+04
4.290000000000000000e+02 1.756304999999999927e+04
5.650000000000000000e+02 1.757615000000000146e+04
6.930000000000000000e+02 1.758895000000000073e+04
4.050000000000000000e+02 1.765760000000000218e+04
4.290000000000000000e+02 1.768970000000000073e+04
5.650000000000000000e+02 1.770910000000000218e+04
5.330000000000000000e+02 1.774325000000000000e+04
6.850000000000000000e+02 1.784445000000000073e+04
4.050000000000000000e+02 1.785679999999999927e+04
4.210000000000000000e+02 1.789590000000000146e+04
5.570000000000000000e+02 1.796779999999999927e+04
6.530000000000000000e+02 1.806720000000000073e+04
5.330000000000000000e+02 1.807410000000000218e+04
6.850000000000000000e+02 1.809260000000000218e+04
5.570000000000000000e+02 1.817860000000000218e+04
4.450000000000000000e+02 1.818304999999999927e+04
6.290000000000000000e+02 1.819454999999999927e+04
6.850000000000000000e+02 1.819935000000000218e+04
7.650000000000000000e+02 1.820460000000000218e+04
4.290000000000000000e+02 1.823440000000000146e+04
6.290000000000000000e+02 1.833325000000000000e+04
6.690000000000000000e+02 1.834525000000000000e+04
5.010000000000000000e+02 1.834995000000000073e+04
5.490000000000000000e+02 1.836715000000000146e+04
5.410000000000000000e+02 1.845160000000000218e+04
4.930000000000000000e+02 1.847285000000000218e+04
5.170000000000000000e+02 1.850995000000000073e+04
5.490000000000000000e+02 1.853420000000000073e+04
5.410000000000000000e+02 1.857754999999999927e+04
7.570000000000000000e+02 1.860679999999999927e+04
4.290000000000000000e+02 1.861320000000000073e+04
5.890000000000000000e+02 1.865804999999999927e+04
7.730000000000000000e+02 1.868665000000000146e+04
4.530000000000000000e+02 1.870440000000000146e+04
5.730000000000000000e+02 1.870440000000000146e+04
6.290000000000000000e+02 1.870515000000000146e+04
6.210000000000000000e+02 1.872720000000000073e+04
5.570000000000000000e+02 1.877179999999999927e+04
6.850000000000000000e+02 1.878060000000000218e+04
4.450000000000000000e+02 1.878245000000000073e+04
7.570000000000000000e+02 1.880645000000000073e+04
4.370000000000000000e+02 1.883865000000000146e+04
6.930000000000000000e+02 1.885879999999999927e+04
4.450000000000000000e+02 1.888085000000000218e+04
7.170000000000000000e+02 1.889275000000000000e+04
5.810000000000000000e+02 1.890920000000000073e+04
5.010000000000000000e+02 1.891070000000000073e+04
7.410000000000000000e+02 1.899815000000000146e+04
4.370000000000000000e+02 1.902770000000000073e+04
5.650000000000000000e+02 1.904490000000000146e+04
5.170000000000000000e+02 1.904875000000000000e+04
6.530000000000000000e+02 1.904920000000000073e+04
7.650000000000000000e+02 1.909000000000000000e+04
6.930000000000000000e+02 1.909085000000000218e+04
7.890000000000000000e+02 1.911229999999999927e+04
6.690000000000000000e+02 1.915629999999999927e+04
5.570000000000000000e+02 1.915885000000000218e+04
6.130000000000000000e+02 1.919529999999999927e+04
6.770000000000000000e+02 1.920754999999999927e+04
4.930000000000000000e+02 1.921729999999999927e+04
4.130000000000000000e+02 1.921829999999999927e+04
4.050000000000000000e+02 1.921879999999999927e+04
5.810000000000000000e+02 1.924529999999999927e+04
4.850000000000000000e+02 1.925475000000000000e+04
6.130000000000000000e+02 1.941175000000000000e+04
4.770000000000000000e+02 1.942465000000000146e+04
5.410000000000000000e+02 1.944465000000000146e+04
4.930000000000000000e+02 1.949495000000000073e+04
5.890000000000000000e+02 1.953050000000000000e+04
5.250000000000000000e+02 1.953340000000000146e+04
4.370000000000000000e+02 1.955875000000000000e+04
6.850000000000000000e+02 1.958529999999999927e+04
7.090000000000000000e+02 1.958590000000000146e+04
7.490000000000000000e+02 1.959765000000000146e+04
7.730000000000000000e+02 1.960965000000000146e+04
7.650000000000000000e+02 1.965570000000000073e+04
7.330000000000000000e+02 1.968915000000000146e+04
4.850000000000000000e+02 1.970365000000000146e+04
6.290000000000000000e+02 1.973765000000000146e+04
4.290000000000000000e+02 1.983904999999999927e+04
5.410000000000000000e+02 1.985065000000000146e+04
7.570000000000000000e+02 1.986510000000000218e+04
7.490000000000000000e+02 1.989525000000000000e+04
7.250000000000000000e+02 1.990675000000000000e+04
4.850000000000000000e+02 1.990770000000000073e+04
5.890000000000000000e+02 1.990795000000000073e+04
5.250000000000000000e+02 1.994040000000000146e+04
4.690000000000000000e+02 1.996704999999999927e+04
6.850000000000000000e+02 2.001325000000000000e+04
7.090000000000000000e+02 2.004415000000000146e+04
4.290000000000000000e+02 2.009060000000000218e+04
6.130000000000000000e+02 2.009285000000000218e+04
5.490000000000000000e+02 2.016525000000000000e+04
7.730000000000000000e+02 2.018825000000000000e+04
6.770000000000000000e+02 2.020285000000000218e+04
5.170000000000000000e+02 2.024625000000000000e+04
7.730000000000000000e+02 2.025200000000000000e+04
5.250000000000000000e+02 2.025504999999999927e+04
6.370000000000000000e+02 2.027385000000000218e+04
6.450000000000000000e+02 2.030885000000000218e+04
6.370000000000000000e+02 2.043570000000000073e+04
7.250000000000000000e+02 2.043635000000000218e+04
7.810000000000000000e+02 2.044420000000000073e+04
5.650000000000000000e+02 2.050375000000000000e+04
7.090000000000000000e+02 2.054460000000000218e+04
4.130000000000000000e+02 2.057695000000000073e+04
5.810000000000000000e+02 2.058420000000000073e+04
4.450000000000000000e+02 2.059465000000000146e+04
7.650000000000000000e+02 2.069040000000000146e+04
7.090000000000000000e+02 2.069140000000000146e+04
4.850000000000000000e+02 2.070979999999999927e+04
4.450000000000000000e+02 2.073175000000000000e+04
6.610000000000000000e+02 2.076729999999999927e+04
6.770000000000000000e+02 2.082945000000000073e+04
4.050000000000000000e+02 2.083810000000000218e+04
5.490000000000000000e+02 2.083850000000000000e+04
7.010000000000000000e+02 2.089200000000000000e+04
6.290000000000000000e+02 2.091495000000000073e+04
4.930000000000000000e+02 2.094570000000000073e+04
7.570000000000000000e+02 2.097029999999999927e+04
5.010000000000000000e+02 2.098000000000000000e+04
5.810000000000000000e+02 2.098385000000000218e+04
7.010000000000000000e+02 2.100704999999999927e+04
5.410000000000000000e+02 2.102170000000000073e+04
7.890000000000000000e+02 2.104645000000000073e+04
5.730000000000000000e+02 2.110854999999999927e+04
5.410000000000000000e+02 2.111510000000000218e+04
6.450000000000000000e+02 2.112740000000000146e+04
6.530000000000000000e+02 2.116310000000000218e+04
7.410000000000000000e+02 2.121950000000000000e+04
5.650000000000000000e+02 2.126370000000000073e+04
4.530000000000000000e+02 2.127360000000000218e+04
7.650000000000000000e+02 2.127375000000000000e+04
4.290000000000000000e+02 2.128845000000000073e+04
6.450000000000000000e+02 2.131929999999999927e+04
4.050000000000000000e+02 2.133245000000000073e+04
7.810000000000000000e+02 2.134170000000000073e+04
6.610000000000000000e+02 2.135545000000000073e+04
5.010000000000000000e+02 2.139095000000000073e+04
5.890000000000000000e+02 2.140445000000000073e+04
7.570000000000000000e+02 2.141275000000000000e+04
6.210000000000000000e+02 2.143779999999999927e+04
4.930000000000000000e+02 2.146350000000000000e+04
4.210000000000000000e+02 2.146390000000000146e+04
4.290000000000000000e+02 2.147565000000000146e+04
6.130000000000000000e+02 2.150595000000000073e+04
6.450000000000000000e+02 2.152100000000000000e+04
5.410000000000000000e+02 2.155210000000000218e+04
7.170000000000000000e+02 2.157104999999999927e+04
5.650000000000000000e+02 2.161345000000000073e+04
4.290000000000000000e+02 2.170379999999999927e+04
4.450000000000000000e+02 2.170625000000000000e+04
4.850000000000000000e+02 2.171145000000000073e+04
7.890000000000000000e+02 2.174185000000000218e+04
6.210000000000000000e+02 2.174710000000000218e+04
6.610000000000000000e+02 2.176545000000000073e+04
4.530000000000000000e+02 2.178679999999999927e+04
6.770000000000000000e+02 2.179765000000000146e+04
4.450000000000000000e+02 2.184254999999999927e+04
5.250000000000000000e+02 2.189120000000000073e+04
4.770000000000000000e+02 2.189145000000000073e+04
6.850000000000000000e+02 2.189290000000000146e+04
7.810000000000000000e+02 2.194170000000000073e+04
5.410000000000000000e+02 2.200565000000000146e+04
6.530000000000000000e+02 2.204670000000000073e+04
4.930000000000000000e+02 2.207415000000000146e+04
5.010000000000000000e+02 2.221260000000000218e+04
7.170000000000000000e+02 2.223704999999999927e+04
7.650000000000000000e+02 2.225435000000000218e+04
6.930000000000000000e+02 2.226040000000000146e+04
4.930000000000000000e+02 2.228500000000000000e+04
5.490000000000000000e+02 2.229410000000000218e+04
7.890000000000000000e+02 2.229560000000000218e+04
6.530000000000000000e+02 2.234085000000000218e+04
4.610000000000000000e+02 2.239940000000000146e+04
7.730000000000000000e+02 2.242854999999999927e+04
5.330000000000000000e+02 2.246015000000000146e+04
7.410000000000000000e+02 2.248235000000000218e+04
4.370000000000000000e+02 2.250775000000000000e+04
5.170000000000000000e+02 2.252970000000000073e+04
6.850000000000000000e+02 2.253495000000000073e+04
4.930000000000000000e+02 2.254220000000000073e+04
5.090000000000000000e+02 2.258215000000000146e+04
6.690000000000000000e+02 2.262515000000000146e+04
5.250000000000000000e+02 2.262860000000000218e+04
4.610000000000000000e+02 2.263025000000000000e+04
6.290000000000000000e+02 2.272229999999999927e+04
4.610000000000000000e+02 2.276254999999999927e+04
6.050000000000000000e+02 2.277365000000000146e+04
4.210000000000000000e+02 2.281195000000000073e+04
7.410000000000000000e+02 2.283345000000000073e+04
5.090000000000000000e+02 2.285100000000000000e+04
5.250000000000000000e+02 2.285910000000000218e+04
7.810000000000000000e+02 2.289504999999999927e+04
4.290000000000000000e+02 2.290585000000000218e+04
6.130000000000000000e+02 2.291610000000000218e+04
7.650000000000000000e+02 2.293440000000000146e+04
7.730000000000000000e+02 2.296575000000000000e+04
4.450000000000000000e+02 2.299745000000000073e+04
6.210000000000000000e+02 2.306100000000000000e+04
4.450000000000000000e+02 2.306220000000000073e+04
4.930000000000000000e+02 2.308570000000000073e+04
5.250000000000000000e+02 2.310379999999999927e+04
4.450000000000000000e+02 2.314310000000000218e+04
7.410000000000000000e+02 2.318735000000000218e+04
5.090000000000000000e+02 2.322104999999999927e+04
7.890000000000000000e+02 2.323540000000000146e+04
7.010000000000000000e+02 2.323660000000000218e+04
6.210000000000000000e+02 2.323725000000000000e+04
5.330000000000000000e+02 2.331040000000000146e+04
5.810000000000000000e+02 2.332950000000000000e+04
6.530000000000000000e+02 2.333229999999999927e+04
4.450000000000000000e+02 2.333275000000000000e+04
7.090000000000000000e+02 2.339595000000000073e+04
6.290000000000000000e+02 2.341285000000000218e+04
7.650000000000000000e+02 2.341510000000000218e+04
6.930000000000000000e+02 2.346285000000000218e+04
7.410000000000000000e+02 2.346315000000000146e+04
4.130000000000000000e+02 2.347975000000000000e+04
4.530000000000000000e+02 2.348750000000000000e+04
5.250000000000000000e+02 2.349640000000000146e+04
7.250000000000000000e+02 2.356850000000000000e+04
7.490000000000000000e+02 2.359654999999999927e+04
4.290000000000000000e+02 2.362815000000000146e+04
6.290000000000000000e+02 2.364154999999999927e+04
5.490000000000000000e+02 2.364465000000000146e+04
7.250000000000000000e+02 2.370429999999999927e+04
5.250000000000000000e+02 2.371670000000000073e+04
5.490000000000000000e+02 2.374340000000000146e+04
7.810000000000000000e+02 2.374470000000000073e+04
5.330000000000000000e+02 2.374525000000000000e+04
7.170000000000000000e+02 2.379315000000000146e+04
4.530000000000000000e+02 2.384604999999999927e+04
5.330000000000000000e+02 2.386054999999999927e+04
5.730000000000000000e+02 2.388065000000000146e+04
4.450000000000000000e+02 2.388915000000000146e+04
4.130000000000000000e+02 2.388995000000000073e+04
4.050000000000000000e+02 2.392310000000000218e+04
5.890000000000000000e+02 2.392325000000000000e+04
6.130000000000000000e+02 2.396500000000000000e+04
4.930000000000000000e+02 2.396590000000000146e+04
5.330000000000000000e+02 2.406000000000000000e+04
4.610000000000000000e+02 2.407329999999999927e+04
7.890000000000000000e+02 2.407770000000000073e+04
5.010000000000000000e+02 2.421065000000000146e+04
7.250000000000000000e+02 2.425579999999999927e+04
5.810000000000000000e+02 2.427740000000000146e+04
4.930000000000000000e+02 2.428035000000000218e+04
5.410000000000000000e+02 2.431725000000000000e+04
7.250000000000000000e+02 2.436170000000000073e+04
6.050000000000000000e+02 2.436215000000000146e+04
4.370000000000000000e+02 2.440790000000000146e+04
5.170000000000000000e+02 2.451540000000000146e+04
6.370000000000000000e+02 2.452020000000000073e+04
5.570000000000000000e+02 2.455240000000000146e+04
7.730000000000000000e+02 2.457465000000000146e+04
7.490000000000000000e+02 2.457579999999999927e+04
7.810000000000000000e+02 2.464350000000000000e+04
6.770000000000000000e+02 2.464445000000000073e+04
5.170000000000000000e+02 2.465779999999999927e+04
4.210000000000000000e+02 2.468420000000000073e+04
6.050000000000000000e+02 2.471290000000000146e+04
7.330000000000000000e+02 2.474400000000000000e+04
7.090000000000000000e+02 2.475154999999999927e+04
6.290000000000000000e+02 2.475870000000000073e+04
4.930000000000000000e+02 2.476325000000000000e+04
5.490000000000000000e+02 2.478465000000000146e+04
5.650000000000000000e+02 2.480354999999999927e+04
4.290000000000000000e+02 2.484085000000000218e+04
7.330000000000000000e+02 2.489525000000000000e+04
6.370000000000000000e+02 2.491045000000000073e+04
5.170000000000000000e+02 2.491460000000000218e+04
4.530000000000000000e+02 2.494265000000000146e+04
6.690000000000000000e+02 2.496385000000000218e+04
4.050000000000000000e+02 2.507975000000000000e+04
6.050000000000000000e+02 2.508025000000000000e+04
7.090000000000000000e+02 2.512479999999999927e+04
5.810000000000000000e+02 2.513235000000000218e+04
6.290000000000000000e+02 2.513570000000000073e+04
7.090000000000000000e+02 2.521440000000000146e+04
7.570000000000000000e+02 2.521470000000000073e+04
6.450000000000000000e+02 2.522754999999999927e+04
4.850000000000000000e+02 2.529110000000000218e+04
6.770000000000000000e+02 2.529954999999999927e+04
4.690000000000000000e+02 2.532690000000000146e+04
5.250000000000000000e+02 2.532795000000000073e+04
7.090000000000000000e+02 2.533260000000000218e+04
6.530000000000000000e+02 2.533375000000000000e+04
4.130000000000000000e+02 2.533970000000000073e+04
7.490000000000000000e+02 2.534225000000000000e+04
5.170000000000000000e+02 2.535554999999999927e+04
5.490000000000000000e+02 2.537629999999999927e+04
6.370000000000000000e+02 2.538650000000000000e+04
5.730000000000000000e+02 2.542545000000000073e+04
6.210000000000000000e+02 2.543929999999999927e+04
6.610000000000000000e+02 2.548340000000000146e+04
6.450000000000000000e+02 2.548679999999999927e+04
5.490000000000000000e+02 2.550250000000000000e+04
6.530000000000000000e+02 2.554490000000000146e+04
7.890000000000000000e+02 2.555860000000000218e+04
7.410000000000000000e+02 2.556565000000000146e+04
6.210000000000000000e+02 2.556625000000000000e+04
6.610000000000000000e+02 2.557965000000000146e+04
4.450000000000000000e+02 2.560654999999999927e+04
4.850000000000000000e+02 2.564945000000000073e+04
5.250000000000000000e+02 2.567025000000000000e+04
6.050000000000000000e+02 2.571735000000000218e+04
4.930000000000000000e+02 2.575729999999999927e+04
5.730000000000000000e+02 2.576279999999999927e+04
7.730000000000000000e+02 2.576615000000000146e+04
6.130000000000000000e+02 2.580520000000000073e+04
5.330000000000000000e+02 2.583110000000000218e+04
7.410000000000000000e+02 2.597870000000000073e+04
7.650000000000000000e+02 2.603804999999999927e+04
7.570000000000000000e+02 2.604120000000000073e+04
4.610000000000000000e+02 2.610760000000000218e+04
7.730000000000000000e+02 2.611345000000000073e+04
4.450000000000000000e+02 2.619720000000000073e+04
4.530000000000000000e+02 2.620475000000000000e+04
4.290000000000000000e+02 2.621754999999999927e+04
7.490000000000000000e+02 2.623010000000000218e+04
4.050000000000000000e+02 2.625960000000000218e+04
5.330000000000000000e+02 2.628350000000000000e+04
6.850000000000000000e+02 2.628529999999999927e+04
7.250000000000000000e+02 2.631285000000000218e+04
5.330000000000000000e+02 2.633420000000000073e+04
5.890000000000000000e+02 2.633904999999999927e+04
7.330000000000000000e+02 2.646820000000000073e+04
5.010000000000000000e+02 2.647000000000000000e+04
4.610000000000000000e+02 2.647320000000000073e+04
6.370000000000000000e+02 2.647870000000000073e+04
5.330000000000000000e+02 2.647879999999999927e+04
6.850000000000000000e+02 2.651804999999999927e+04
7.730000000000000000e+02 2.651825000000000000e+04
6.930000000000000000e+02 2.655775000000000000e+04
5.410000000000000000e+02 2.657290000000000146e+04
6.610000000000000000e+02 2.657510000000000218e+04
4.290000000000000000e+02 2.659660000000000218e+04
6.370000000000000000e+02 2.662365000000000146e+04
7.890000000000000000e+02 2.662510000000000218e+04
6.930000000000000000e+02 2.664554999999999927e+04
4.050000000000000000e+02 2.667985000000000218e+04
6.850000000000000000e+02 2.674860000000000218e+04
7.090000000000000000e+02 2.675540000000000146e+04
6.930000000000000000e+02 2.675640000000000146e+04
6.770000000000000000e+02 2.676195000000000073e+04
7.810000000000000000e+02 2.679225000000000000e+04
4.130000000000000000e+02 2.680225000000000000e+04
7.330000000000000000e+02 2.682279999999999927e+04
6.210000000000000000e+02 2.682320000000000073e+04
4.690000000000000000e+02 2.684550000000000000e+04
7.170000000000000000e+02 2.687354999999999927e+04
5.410000000000000000e+02 2.687800000000000000e+04
4.850000000000000000e+02 2.692770000000000073e+04
4.210000000000000000e+02 2.693015000000000146e+04
6.050000000000000000e+02 2.693779999999999927e+04
7.890000000000000000e+02 2.694140000000000146e+04
6.850000000000000000e+02 2.694900000000000000e+04
6.930000000000000000e+02 2.697385000000000218e+04
6.770000000000000000e+02 2.699450000000000000e+04
7.730000000000000000e+02 2.699460000000000218e+04
5.490000000000000000e+02 2.699490000000000146e+04
6.370000000000000000e+02 2.699520000000000073e+04
4.290000000000000000e+02 2.700250000000000000e+04
7.970000000000000000e+02 2.706125000000000000e+04
4.930000000000000000e+02 2.709640000000000146e+04
6.770000000000000000e+02 2.711245000000000073e+04
6.850000000000000000e+02 2.713610000000000218e+04
6.610000000000000000e+02 2.719529999999999927e+04
6.370000000000000000e+02 2.720279999999999927e+04
5.970000000000000000e+02 2.724540000000000146e+04
4.450000000000000000e+02 2.725820000000000073e+04
6.130000000000000000e+02 2.731579999999999927e+04
7.410000000000000000e+02 2.733915000000000146e+04
6.850000000000000000e+02 2.734590000000000146e+04
7.570000000000000000e+02 2.735015000000000146e+04
5.970000000000000000e+02 2.737665000000000146e+04
5.010000000000000000e+02 2.740360000000000218e+04
4.610000000000000000e+02 2.749650000000000000e+04
4.370000000000000000e+02 2.751915000000000146e+04
6.210000000000000000e+02 2.754965000000000146e+04
7.090000000000000000e+02 2.754970000000000073e+04
4.130000000000000000e+02 2.761945000000000073e+04
4.850000000000000000e+02 2.763429999999999927e+04
4.930000000000000000e+02 2.764479999999999927e+04
4.690000000000000000e+02 2.768015000000000146e+04
7.890000000000000000e+02 2.768704999999999927e+04
7.810000000000000000e+02 2.770650000000000000e+04
7.570000000000000000e+02 2.774040000000000146e+04
7.090000000000000000e+02 2.774104999999999927e+04
4.610000000000000000e+02 2.776729999999999927e+04
4.210000000000000000e+02 2.780790000000000146e+04
4.450000000000000000e+02 2.780960000000000218e+04
4.530000000000000000e+02 2.782540000000000146e+04
7.330000000000000000e+02 2.787065000000000146e+04
7.090000000000000000e+02 2.789285000000000218e+04
5.810000000000000000e+02 2.790785000000000218e+04
6.290000000000000000e+02 2.794070000000000073e+04
6.770000000000000000e+02 2.799015000000000146e+04
6.850000000000000000e+02 2.799329999999999927e+04
7.900000000000000000e+02 1.375000000000000000e+02
7.100000000000000000e+02 1.444000000000000057e+02
4.620000000000000000e+02 2.347500000000000000e+02
7.180000000000000000e+02 2.405999999999999943e+02
7.100000000000000000e+02 3.331500000000000341e+02
6.300000000000000000e+02 3.386999999999999886e+02
6.620000000000000000e+02 3.561999999999999886e+02
7.660000000000000000e+02 4.349499999999999886e+02
7.740000000000000000e+02 4.794499999999999886e+02
5.500000000000000000e+02 4.950000000000000000e+02
4.540000000000000000e+02 5.243500000000000227e+02
5.900000000000000000e+02 5.648000000000000682e+02
4.140000000000000000e+02 5.797000000000000455e+02
6.140000000000000000e+02 6.271499999999999773e+02
7.100000000000000000e+02 7.266000000000000227e+02
4.620000000000000000e+02 7.436499999999999773e+02
6.780000000000000000e+02 7.868999999999999773e+02
5.980000000000000000e+02 8.433500000000000227e+02
7.500000000000000000e+02 8.684500000000000455e+02
5.820000000000000000e+02 9.255000000000000000e+02
6.540000000000000000e+02 1.002100000000000023e+03
4.220000000000000000e+02 1.013450000000000045e+03
7.820000000000000000e+02 1.024000000000000000e+03
7.660000000000000000e+02 1.029150000000000091e+03
4.460000000000000000e+02 1.080049999999999955e+03
5.660000000000000000e+02 1.094100000000000136e+03
5.100000000000000000e+02 1.140450000000000045e+03
6.060000000000000000e+02 1.168450000000000045e+03
4.300000000000000000e+02 1.203549999999999955e+03
7.900000000000000000e+02 1.213950000000000045e+03
7.500000000000000000e+02 1.228549999999999955e+03
6.060000000000000000e+02 1.230450000000000045e+03
6.220000000000000000e+02 1.247549999999999955e+03
5.260000000000000000e+02 1.260850000000000136e+03
6.860000000000000000e+02 1.321799999999999955e+03
6.700000000000000000e+02 1.350450000000000045e+03
7.820000000000000000e+02 1.367750000000000000e+03
7.660000000000000000e+02 1.370150000000000091e+03
4.300000000000000000e+02 1.373200000000000045e+03
4.140000000000000000e+02 1.383850000000000136e+03
5.500000000000000000e+02 1.497150000000000091e+03
6.140000000000000000e+02 1.572049999999999955e+03
4.940000000000000000e+02 1.640650000000000091e+03
5.180000000000000000e+02 1.672500000000000000e+03
7.100000000000000000e+02 1.696750000000000000e+03
4.620000000000000000e+02 1.697400000000000091e+03
6.380000000000000000e+02 1.720850000000000136e+03
4.780000000000000000e+02 1.742500000000000000e+03
4.540000000000000000e+02 1.761850000000000136e+03
5.980000000000000000e+02 1.801049999999999955e+03
5.740000000000000000e+02 1.851850000000000136e+03
6.140000000000000000e+02 1.883650000000000091e+03
7.660000000000000000e+02 1.889700000000000045e+03
6.220000000000000000e+02 1.896400000000000091e+03
5.420000000000000000e+02 1.919900000000000091e+03
7.100000000000000000e+02 1.923799999999999955e+03
5.100000000000000000e+02 2.025000000000000000e+03
4.700000000000000000e+02 2.032400000000000091e+03
7.340000000000000000e+02 2.068300000000000182e+03
6.460000000000000000e+02 2.100849999999999909e+03
6.940000000000000000e+02 2.114250000000000000e+03
7.020000000000000000e+02 2.125550000000000182e+03
7.260000000000000000e+02 2.127699999999999818e+03
4.220000000000000000e+02 2.179550000000000182e+03
7.420000000000000000e+02 2.203000000000000000e+03
4.300000000000000000e+02 2.208650000000000091e+03
5.820000000000000000e+02 2.218650000000000091e+03
6.380000000000000000e+02 2.224200000000000273e+03
5.580000000000000000e+02 2.227000000000000000e+03
7.100000000000000000e+02 2.236150000000000091e+03
6.300000000000000000e+02 2.244450000000000273e+03
7.820000000000000000e+02 2.280650000000000091e+03
4.540000000000000000e+02 2.304349999999999909e+03
6.780000000000000000e+02 2.443000000000000000e+03
6.620000000000000000e+02 2.455599999999999909e+03
6.140000000000000000e+02 2.506300000000000182e+03
7.900000000000000000e+02 2.575200000000000273e+03
5.820000000000000000e+02 2.594700000000000273e+03
6.060000000000000000e+02 2.604700000000000273e+03
7.900000000000000000e+02 2.744650000000000091e+03
7.660000000000000000e+02 2.770849999999999909e+03
7.420000000000000000e+02 2.786050000000000182e+03
6.220000000000000000e+02 2.787950000000000273e+03
4.060000000000000000e+02 2.848650000000000091e+03
4.540000000000000000e+02 2.850050000000000182e+03
4.620000000000000000e+02 2.870750000000000000e+03
4.220000000000000000e+02 2.875200000000000273e+03
5.500000000000000000e+02 2.937849999999999909e+03
6.540000000000000000e+02 3.008849999999999909e+03
5.100000000000000000e+02 3.016099999999999909e+03
6.300000000000000000e+02 3.145849999999999909e+03
6.700000000000000000e+02 3.226849999999999909e+03
6.540000000000000000e+02 3.277950000000000273e+03
5.980000000000000000e+02 3.281849999999999909e+03
7.660000000000000000e+02 3.343200000000000273e+03
6.140000000000000000e+02 3.350349999999999909e+03
4.860000000000000000e+02 3.374349999999999909e+03
6.460000000000000000e+02 3.381800000000000182e+03
7.420000000000000000e+02 3.462550000000000182e+03
7.980000000000000000e+02 3.477900000000000091e+03
7.340000000000000000e+02 3.549300000000000182e+03
4.220000000000000000e+02 3.578300000000000182e+03
5.980000000000000000e+02 3.613300000000000182e+03
7.900000000000000000e+02 3.617050000000000182e+03
7.500000000000000000e+02 3.688550000000000182e+03
5.580000000000000000e+02 3.733650000000000091e+03
4.620000000000000000e+02 3.777099999999999909e+03
5.420000000000000000e+02 3.794849999999999909e+03
6.780000000000000000e+02 3.804150000000000091e+03
6.060000000000000000e+02 3.809849999999999909e+03
4.460000000000000000e+02 3.825000000000000000e+03
4.220000000000000000e+02 3.839650000000000091e+03
7.740000000000000000e+02 3.846200000000000273e+03
4.540000000000000000e+02 3.892300000000000182e+03
4.700000000000000000e+02 3.909050000000000182e+03
6.140000000000000000e+02 3.910150000000000091e+03
6.700000000000000000e+02 3.969750000000000000e+03
4.940000000000000000e+02 4.015849999999999909e+03
6.060000000000000000e+02 4.033150000000000091e+03
5.900000000000000000e+02 4.046849999999999909e+03
4.220000000000000000e+02 4.050700000000000273e+03
4.300000000000000000e+02 4.100050000000000182e+03
4.140000000000000000e+02 4.164199999999999818e+03
7.820000000000000000e+02 4.165449999999999818e+03
4.940000000000000000e+02 4.172050000000000182e+03
5.260000000000000000e+02 4.187000000000000000e+03
4.700000000000000000e+02 4.298149999999999636e+03
7.980000000000000000e+02 4.317699999999999818e+03
4.220000000000000000e+02 4.319050000000000182e+03
5.820000000000000000e+02 4.326300000000000182e+03
4.140000000000000000e+02 4.338250000000000000e+03
6.620000000000000000e+02 4.355750000000000000e+03
5.900000000000000000e+02 4.374500000000000000e+03
6.780000000000000000e+02 4.407949999999999818e+03
7.500000000000000000e+02 4.434449999999999818e+03
5.100000000000000000e+02 4.465150000000000546e+03
4.140000000000000000e+02 4.465350000000000364e+03
5.820000000000000000e+02 4.465650000000000546e+03
4.620000000000000000e+02 4.476800000000000182e+03
7.020000000000000000e+02 4.579500000000000000e+03
5.980000000000000000e+02 4.646350000000000364e+03
4.620000000000000000e+02 4.653650000000000546e+03
5.420000000000000000e+02 4.654850000000000364e+03
5.500000000000000000e+02 4.707300000000000182e+03
6.460000000000000000e+02 4.741750000000000000e+03
7.580000000000000000e+02 4.755000000000000000e+03
5.580000000000000000e+02 4.757150000000000546e+03
6.700000000000000000e+02 4.815800000000000182e+03
4.380000000000000000e+02 4.854000000000000000e+03
6.300000000000000000e+02 4.897900000000000546e+03
7.100000000000000000e+02 4.913000000000000000e+03
5.180000000000000000e+02 4.924800000000000182e+03
5.740000000000000000e+02 4.941050000000000182e+03
4.940000000000000000e+02 5.105400000000000546e+03
7.900000000000000000e+02 5.132350000000000364e+03
5.020000000000000000e+02 5.133949999999999818e+03
5.980000000000000000e+02 5.175050000000000182e+03
7.340000000000000000e+02 5.201250000000000000e+03
5.340000000000000000e+02 5.228800000000000182e+03
5.260000000000000000e+02 5.250699999999999818e+03
5.900000000000000000e+02 5.258600000000000364e+03
5.100000000000000000e+02 5.293650000000000546e+03
7.980000000000000000e+02 5.293750000000000000e+03
5.980000000000000000e+02 5.334449999999999818e+03
7.340000000000000000e+02 5.340500000000000000e+03
6.380000000000000000e+02 5.343650000000000546e+03
5.660000000000000000e+02 5.369500000000000000e+03
5.500000000000000000e+02 5.420350000000000364e+03
7.020000000000000000e+02 5.464400000000000546e+03
7.740000000000000000e+02 5.523600000000000364e+03
6.300000000000000000e+02 5.558050000000000182e+03
7.660000000000000000e+02 5.560600000000000364e+03
4.700000000000000000e+02 5.561750000000000000e+03
5.980000000000000000e+02 5.593350000000000364e+03
6.860000000000000000e+02 5.614949999999999818e+03
7.820000000000000000e+02 5.666199999999999818e+03
6.540000000000000000e+02 5.676250000000000000e+03
6.620000000000000000e+02 5.786500000000000000e+03
4.380000000000000000e+02 5.865250000000000000e+03
4.940000000000000000e+02 5.891199999999999818e+03
5.020000000000000000e+02 5.933250000000000000e+03
7.900000000000000000e+02 5.945050000000000182e+03
7.020000000000000000e+02 6.093650000000000546e+03
4.700000000000000000e+02 6.131199999999999818e+03
4.860000000000000000e+02 6.148900000000000546e+03
4.540000000000000000e+02 6.185400000000000546e+03
6.780000000000000000e+02 6.193900000000000546e+03
5.340000000000000000e+02 6.197699999999999818e+03
5.100000000000000000e+02 6.207250000000000000e+03
6.700000000000000000e+02 6.349600000000000364e+03
7.260000000000000000e+02 6.361000000000000000e+03
7.420000000000000000e+02 6.374750000000000000e+03
6.140000000000000000e+02 6.380199999999999818e+03
5.340000000000000000e+02 6.396800000000000182e+03
5.420000000000000000e+02 6.401850000000000364e+03
5.260000000000000000e+02 6.585199999999999818e+03
4.540000000000000000e+02 6.697400000000000546e+03
5.180000000000000000e+02 6.703600000000000364e+03
5.100000000000000000e+02 6.723250000000000000e+03
6.380000000000000000e+02 6.820850000000000364e+03
5.420000000000000000e+02 6.830850000000000364e+03
7.900000000000000000e+02 6.831400000000000546e+03
5.500000000000000000e+02 6.850500000000000000e+03
5.820000000000000000e+02 6.852449999999999818e+03
6.860000000000000000e+02 6.855300000000000182e+03
7.740000000000000000e+02 6.856000000000000000e+03
7.580000000000000000e+02 6.889300000000000182e+03
7.260000000000000000e+02 6.903250000000000000e+03
5.020000000000000000e+02 6.914150000000000546e+03
4.460000000000000000e+02 7.043650000000000546e+03
4.780000000000000000e+02 7.122800000000000182e+03
7.260000000000000000e+02 7.156150000000000546e+03
5.180000000000000000e+02 7.219650000000000546e+03
4.460000000000000000e+02 7.223500000000000000e+03
4.380000000000000000e+02 7.249449999999999818e+03
5.500000000000000000e+02 7.286000000000000000e+03
6.540000000000000000e+02 7.310699999999999818e+03
7.420000000000000000e+02 7.330350000000000364e+03
4.780000000000000000e+02 7.403449999999999818e+03
6.620000000000000000e+02 7.403550000000000182e+03
4.380000000000000000e+02 7.442699999999999818e+03
6.060000000000000000e+02 7.489449999999999818e+03
6.140000000000000000e+02 7.495800000000000182e+03
6.140000000000000000e+02 7.561199999999999818e+03
6.620000000000000000e+02 7.630850000000000364e+03
4.700000000000000000e+02 7.647750000000000000e+03
4.780000000000000000e+02 7.658250000000000000e+03
5.980000000000000000e+02 7.671500000000000000e+03
4.380000000000000000e+02 7.671600000000000364e+03
4.220000000000000000e+02 7.687949999999999818e+03
6.140000000000000000e+02 7.693150000000000546e+03
6.220000000000000000e+02 7.702650000000000546e+03
5.260000000000000000e+02 7.739150000000000546e+03
7.340000000000000000e+02 7.780650000000000546e+03
5.660000000000000000e+02 7.822250000000000000e+03
5.180000000000000000e+02 7.855400000000000546e+03
7.180000000000000000e+02 8.000350000000000364e+03
6.460000000000000000e+02 8.018650000000000546e+03
5.980000000000000000e+02 8.019949999999999818e+03
5.260000000000000000e+02 8.074750000000000000e+03
5.740000000000000000e+02 8.184949999999999818e+03
6.940000000000000000e+02 8.199149999999999636e+03
6.620000000000000000e+02 8.262549999999999272e+03
7.340000000000000000e+02 8.262600000000000364e+03
7.900000000000000000e+02 8.282649999999999636e+03
6.060000000000000000e+02 8.284500000000000000e+03
4.220000000000000000e+02 8.307100000000000364e+03
5.340000000000000000e+02 8.307750000000000000e+03
5.580000000000000000e+02 8.321850000000000364e+03
6.700000000000000000e+02 8.384200000000000728e+03
5.660000000000000000e+02 8.421100000000000364e+03
4.700000000000000000e+02 8.431549999999999272e+03
5.500000000000000000e+02 8.441850000000000364e+03
7.340000000000000000e+02 8.513649999999999636e+03
5.020000000000000000e+02 8.547950000000000728e+03
7.660000000000000000e+02 8.575899999999999636e+03
7.340000000000000000e+02 8.642799999999999272e+03
4.940000000000000000e+02 8.649450000000000728e+03
7.980000000000000000e+02 8.678350000000000364e+03
5.100000000000000000e+02 8.692250000000000000e+03
6.380000000000000000e+02 8.701700000000000728e+03
6.460000000000000000e+02 8.743750000000000000e+03
5.820000000000000000e+02 8.752050000000001091e+03
7.740000000000000000e+02 8.788450000000000728e+03
7.340000000000000000e+02 8.835300000000001091e+03
4.540000000000000000e+02 8.857750000000000000e+03
7.100000000000000000e+02 8.868700000000000728e+03
4.780000000000000000e+02 8.874149999999999636e+03
4.220000000000000000e+02 8.877899999999999636e+03
6.300000000000000000e+02 8.927450000000000728e+03
6.700000000000000000e+02 8.931500000000000000e+03
7.660000000000000000e+02 8.940700000000000728e+03
4.380000000000000000e+02 8.951000000000000000e+03
4.460000000000000000e+02 8.953700000000000728e+03
7.580000000000000000e+02 8.967300000000001091e+03
6.140000000000000000e+02 8.993700000000000728e+03
7.020000000000000000e+02 9.014450000000000728e+03
7.100000000000000000e+02 9.030250000000000000e+03
4.860000000000000000e+02 9.061200000000000728e+03
5.260000000000000000e+02 9.094550000000001091e+03
5.500000000000000000e+02 9.107950000000000728e+03
5.180000000000000000e+02 9.287200000000000728e+03
7.980000000000000000e+02 9.314899999999999636e+03
7.100000000000000000e+02 9.358200000000000728e+03
4.380000000000000000e+02 9.358750000000000000e+03
5.580000000000000000e+02 9.389950000000000728e+03
6.940000000000000000e+02 9.429500000000000000e+03
4.220000000000000000e+02 9.429550000000001091e+03
4.940000000000000000e+02 9.430500000000000000e+03
6.140000000000000000e+02 9.436350000000000364e+03
5.100000000000000000e+02 9.438050000000001091e+03
7.100000000000000000e+02 9.496100000000000364e+03
5.980000000000000000e+02 9.499450000000000728e+03
6.460000000000000000e+02 9.523149999999999636e+03
7.020000000000000000e+02 9.539700000000000728e+03
5.500000000000000000e+02 9.553500000000000000e+03
6.700000000000000000e+02 9.607000000000000000e+03
4.140000000000000000e+02 9.628450000000000728e+03
5.420000000000000000e+02 9.629750000000000000e+03
5.740000000000000000e+02 9.658450000000000728e+03
7.740000000000000000e+02 9.668500000000000000e+03
7.260000000000000000e+02 9.677550000000001091e+03
7.660000000000000000e+02 9.712100000000000364e+03
5.660000000000000000e+02 9.766100000000000364e+03
6.780000000000000000e+02 9.767149999999999636e+03
5.420000000000000000e+02 9.792250000000000000e+03
5.180000000000000000e+02 9.826950000000000728e+03
5.020000000000000000e+02 9.834850000000000364e+03
5.820000000000000000e+02 9.841700000000000728e+03
7.900000000000000000e+02 9.888000000000000000e+03
7.580000000000000000e+02 9.938850000000000364e+03
6.060000000000000000e+02 9.948500000000000000e+03
7.660000000000000000e+02 9.960800000000001091e+03
4.460000000000000000e+02 1.002414999999999964e+04
7.500000000000000000e+02 1.006075000000000000e+04
7.420000000000000000e+02 1.010714999999999964e+04
7.580000000000000000e+02 1.011614999999999964e+04
4.220000000000000000e+02 1.012385000000000036e+04
5.100000000000000000e+02 1.013725000000000000e+04
6.380000000000000000e+02 1.014095000000000073e+04
5.900000000000000000e+02 1.024270000000000073e+04
4.300000000000000000e+02 1.026775000000000000e+04
6.220000000000000000e+02 1.028114999999999964e+04
5.180000000000000000e+02 1.028535000000000036e+04
4.780000000000000000e+02 1.030055000000000109e+04
7.580000000000000000e+02 1.030605000000000109e+04
6.300000000000000000e+02 1.030870000000000073e+04
6.860000000000000000e+02 1.033605000000000109e+04
7.980000000000000000e+02 1.034230000000000109e+04
4.460000000000000000e+02 1.036764999999999964e+04
6.140000000000000000e+02 1.040285000000000036e+04
5.740000000000000000e+02 1.044950000000000000e+04
7.900000000000000000e+02 1.045970000000000073e+04
6.220000000000000000e+02 1.049325000000000000e+04
4.220000000000000000e+02 1.060460000000000036e+04
6.060000000000000000e+02 1.062135000000000036e+04
7.100000000000000000e+02 1.063060000000000036e+04
7.660000000000000000e+02 1.063460000000000036e+04
4.780000000000000000e+02 1.065730000000000109e+04
7.100000000000000000e+02 1.075914999999999964e+04
5.900000000000000000e+02 1.078645000000000073e+04
5.740000000000000000e+02 1.080270000000000073e+04
7.180000000000000000e+02 1.099955000000000109e+04
4.940000000000000000e+02 1.104495000000000073e+04
6.700000000000000000e+02 1.106310000000000036e+04
4.780000000000000000e+02 1.118160000000000036e+04
4.460000000000000000e+02 1.119570000000000073e+04
7.820000000000000000e+02 1.127125000000000000e+04
6.140000000000000000e+02 1.128050000000000000e+04
5.820000000000000000e+02 1.131545000000000073e+04
7.660000000000000000e+02 1.135470000000000073e+04
4.380000000000000000e+02 1.136680000000000109e+04
7.180000000000000000e+02 1.139960000000000036e+04
6.540000000000000000e+02 1.143675000000000000e+04
7.100000000000000000e+02 1.144310000000000036e+04
6.300000000000000000e+02 1.144950000000000000e+04
6.380000000000000000e+02 1.146905000000000109e+04
6.780000000000000000e+02 1.153730000000000109e+04
5.980000000000000000e+02 1.155839999999999964e+04
5.980000000000000000e+02 1.162980000000000109e+04
7.900000000000000000e+02 1.164875000000000000e+04
7.820000000000000000e+02 1.166300000000000000e+04
4.940000000000000000e+02 1.172289999999999964e+04
7.660000000000000000e+02 1.181755000000000109e+04
4.700000000000000000e+02 1.182989999999999964e+04
7.500000000000000000e+02 1.186139999999999964e+04
6.460000000000000000e+02 1.188255000000000109e+04
5.980000000000000000e+02 1.191650000000000000e+04
5.820000000000000000e+02 1.193575000000000000e+04
6.140000000000000000e+02 1.193635000000000036e+04
7.820000000000000000e+02 1.197185000000000036e+04
4.220000000000000000e+02 1.198860000000000036e+04
7.340000000000000000e+02 1.199520000000000073e+04
6.460000000000000000e+02 1.202255000000000109e+04
6.140000000000000000e+02 1.202305000000000109e+04
7.500000000000000000e+02 1.203035000000000036e+04
4.620000000000000000e+02 1.203900000000000000e+04
4.300000000000000000e+02 1.206775000000000000e+04
6.300000000000000000e+02 1.212664999999999964e+04
7.900000000000000000e+02 1.214914999999999964e+04
5.420000000000000000e+02 1.232439999999999964e+04
6.780000000000000000e+02 1.238970000000000073e+04
5.260000000000000000e+02 1.241085000000000036e+04
5.660000000000000000e+02 1.241155000000000109e+04
4.220000000000000000e+02 1.243595000000000073e+04
5.900000000000000000e+02 1.248814999999999964e+04
7.100000000000000000e+02 1.249064999999999964e+04
4.620000000000000000e+02 1.249595000000000073e+04
7.420000000000000000e+02 1.250564999999999964e+04
4.860000000000000000e+02 1.250700000000000000e+04
4.860000000000000000e+02 1.258560000000000036e+04
7.420000000000000000e+02 1.259614999999999964e+04
4.300000000000000000e+02 1.260930000000000109e+04
6.940000000000000000e+02 1.261070000000000073e+04
6.860000000000000000e+02 1.262689999999999964e+04
7.660000000000000000e+02 1.263085000000000036e+04
4.060000000000000000e+02 1.264160000000000036e+04
6.700000000000000000e+02 1.274400000000000000e+04
7.500000000000000000e+02 1.275655000000000109e+04
4.700000000000000000e+02 1.278960000000000036e+04
4.460000000000000000e+02 1.280564999999999964e+04
7.900000000000000000e+02 1.282600000000000000e+04
5.420000000000000000e+02 1.283664999999999964e+04
4.620000000000000000e+02 1.285420000000000073e+04
6.140000000000000000e+02 1.285985000000000036e+04
5.420000000000000000e+02 1.289005000000000109e+04
6.140000000000000000e+02 1.297464999999999964e+04
4.620000000000000000e+02 1.298035000000000036e+04
5.900000000000000000e+02 1.311705000000000109e+04
5.020000000000000000e+02 1.313395000000000073e+04
7.740000000000000000e+02 1.314705000000000109e+04
6.220000000000000000e+02 1.316245000000000073e+04
6.940000000000000000e+02 1.318395000000000073e+04
7.340000000000000000e+02 1.319710000000000036e+04
4.700000000000000000e+02 1.323330000000000109e+04
4.620000000000000000e+02 1.324195000000000073e+04
7.100000000000000000e+02 1.325120000000000073e+04
4.300000000000000000e+02 1.326620000000000073e+04
4.940000000000000000e+02 1.329039999999999964e+04
7.340000000000000000e+02 1.330700000000000000e+04
7.740000000000000000e+02 1.335510000000000036e+04
5.740000000000000000e+02 1.337900000000000000e+04
4.780000000000000000e+02 1.338530000000000109e+04
5.180000000000000000e+02 1.342150000000000000e+04
5.820000000000000000e+02 1.346735000000000036e+04
4.060000000000000000e+02 1.347414999999999964e+04
6.140000000000000000e+02 1.349275000000000000e+04
5.900000000000000000e+02 1.351605000000000109e+04
5.500000000000000000e+02 1.351795000000000073e+04
4.540000000000000000e+02 1.351820000000000073e+04
7.980000000000000000e+02 1.353725000000000000e+04
6.460000000000000000e+02 1.353770000000000073e+04
6.940000000000000000e+02 1.354039999999999964e+04
7.660000000000000000e+02 1.358505000000000109e+04
4.780000000000000000e+02 1.358805000000000109e+04
6.060000000000000000e+02 1.360945000000000073e+04
4.540000000000000000e+02 1.362725000000000000e+04
5.820000000000000000e+02 1.363725000000000000e+04
5.580000000000000000e+02 1.371755000000000109e+04
7.900000000000000000e+02 1.374455000000000109e+04
4.460000000000000000e+02 1.393150000000000000e+04
7.660000000000000000e+02 1.399825000000000000e+04
4.460000000000000000e+02 1.404839999999999964e+04
4.220000000000000000e+02 1.408285000000000036e+04
4.940000000000000000e+02 1.408420000000000073e+04
5.260000000000000000e+02 1.410370000000000073e+04
6.060000000000000000e+02 1.411125000000000000e+04
4.620000000000000000e+02 1.412355000000000109e+04
6.700000000000000000e+02 1.414345000000000073e+04
7.900000000000000000e+02 1.423220000000000073e+04
5.900000000000000000e+02 1.424564999999999964e+04
6.700000000000000000e+02 1.434995000000000073e+04
5.420000000000000000e+02 1.445845000000000073e+04
5.100000000000000000e+02 1.446650000000000000e+04
4.620000000000000000e+02 1.447360000000000036e+04
5.020000000000000000e+02 1.450075000000000000e+04
7.660000000000000000e+02 1.452155000000000109e+04
5.180000000000000000e+02 1.452210000000000036e+04
5.900000000000000000e+02 1.453735000000000036e+04
6.140000000000000000e+02 1.457364999999999964e+04
5.820000000000000000e+02 1.467385000000000036e+04
6.220000000000000000e+02 1.467520000000000073e+04
6.140000000000000000e+02 1.470080000000000109e+04
4.620000000000000000e+02 1.479810000000000036e+04
4.540000000000000000e+02 1.481564999999999964e+04
4.460000000000000000e+02 1.483614999999999964e+04
4.620000000000000000e+02 1.486310000000000036e+04
5.180000000000000000e+02 1.486420000000000073e+04
4.700000000000000000e+02 1.499064999999999964e+04
4.620000000000000000e+02 1.501385000000000036e+04
5.580000000000000000e+02 1.502895000000000073e+04
5.180000000000000000e+02 1.509945000000000073e+04
5.260000000000000000e+02 1.512000000000000000e+04
6.060000000000000000e+02 1.517689999999999964e+04
5.340000000000000000e+02 1.518320000000000073e+04
5.740000000000000000e+02 1.521314999999999964e+04
7.820000000000000000e+02 1.521464999999999964e+04
5.420000000000000000e+02 1.522130000000000109e+04
7.260000000000000000e+02 1.523655000000000109e+04
5.660000000000000000e+02 1.525189999999999964e+04
4.300000000000000000e+02 1.525530000000000109e+04
6.300000000000000000e+02 1.526489999999999964e+04
7.660000000000000000e+02 1.526630000000000109e+04
4.860000000000000000e+02 1.528010000000000036e+04
4.300000000000000000e+02 1.532995000000000073e+04
5.420000000000000000e+02 1.535720000000000073e+04
7.820000000000000000e+02 1.536420000000000073e+04
5.660000000000000000e+02 1.539970000000000073e+04
5.980000000000000000e+02 1.541850000000000000e+04
7.740000000000000000e+02 1.545920000000000073e+04
7.100000000000000000e+02 1.554235000000000036e+04
7.740000000000000000e+02 1.556764999999999964e+04
6.460000000000000000e+02 1.557480000000000109e+04
4.700000000000000000e+02 1.561195000000000073e+04
7.180000000000000000e+02 1.561710000000000036e+04
4.620000000000000000e+02 1.563855000000000109e+04
6.700000000000000000e+02 1.569695000000000073e+04
6.620000000000000000e+02 1.570470000000000073e+04
4.940000000000000000e+02 1.570600000000000000e+04
6.060000000000000000e+02 1.577180000000000109e+04
6.140000000000000000e+02 1.582845000000000073e+04
5.900000000000000000e+02 1.588700000000000000e+04
6.380000000000000000e+02 1.589220000000000073e+04
4.780000000000000000e+02 1.591305000000000109e+04
5.420000000000000000e+02 1.595230000000000109e+04
6.220000000000000000e+02 1.595285000000000036e+04
6.460000000000000000e+02 1.595450000000000000e+04
5.020000000000000000e+02 1.596110000000000036e+04
7.580000000000000000e+02 1.599520000000000073e+04
4.780000000000000000e+02 1.599580000000000109e+04
7.580000000000000000e+02 1.607980000000000109e+04
4.220000000000000000e+02 1.609260000000000036e+04
4.940000000000000000e+02 1.614439999999999964e+04
4.780000000000000000e+02 1.615355000000000109e+04
7.820000000000000000e+02 1.615580000000000109e+04
6.220000000000000000e+02 1.616400000000000000e+04
6.060000000000000000e+02 1.619205000000000109e+04
7.580000000000000000e+02 1.619210000000000036e+04
5.900000000000000000e+02 1.626020000000000073e+04
5.420000000000000000e+02 1.627780000000000109e+04
4.380000000000000000e+02 1.629064999999999964e+04
7.260000000000000000e+02 1.630010000000000036e+04
5.180000000000000000e+02 1.636500000000000000e+04
6.060000000000000000e+02 1.643390000000000146e+04
5.740000000000000000e+02 1.643450000000000000e+04
5.500000000000000000e+02 1.643665000000000146e+04
5.820000000000000000e+02 1.648154999999999927e+04
7.420000000000000000e+02 1.648745000000000073e+04
6.220000000000000000e+02 1.651375000000000000e+04
6.860000000000000000e+02 1.651965000000000146e+04
7.580000000000000000e+02 1.658459999999999854e+04
7.100000000000000000e+02 1.660165000000000146e+04
7.820000000000000000e+02 1.664054999999999927e+04
4.300000000000000000e+02 1.665215000000000146e+04
5.020000000000000000e+02 1.666895000000000073e+04
5.260000000000000000e+02 1.669295000000000073e+04
7.100000000000000000e+02 1.669645000000000073e+04
4.140000000000000000e+02 1.671504999999999927e+04
5.340000000000000000e+02 1.681350000000000000e+04
6.620000000000000000e+02 1.682504999999999927e+04
5.740000000000000000e+02 1.687100000000000000e+04
7.260000000000000000e+02 1.692884999999999854e+04
5.580000000000000000e+02 1.693634999999999854e+04
6.380000000000000000e+02 1.693750000000000000e+04
6.300000000000000000e+02 1.695775000000000000e+04
6.540000000000000000e+02 1.697200000000000000e+04
5.500000000000000000e+02 1.701390000000000146e+04
6.060000000000000000e+02 1.706134999999999854e+04
7.580000000000000000e+02 1.708000000000000000e+04
7.660000000000000000e+02 1.713040000000000146e+04
7.820000000000000000e+02 1.715104999999999927e+04
5.020000000000000000e+02 1.722375000000000000e+04
6.140000000000000000e+02 1.722704999999999927e+04
5.500000000000000000e+02 1.724920000000000073e+04
4.460000000000000000e+02 1.725500000000000000e+04
6.700000000000000000e+02 1.726025000000000000e+04
6.540000000000000000e+02 1.728459999999999854e+04
7.660000000000000000e+02 1.732779999999999927e+04
6.620000000000000000e+02 1.733740000000000146e+04
4.140000000000000000e+02 1.740970000000000073e+04
4.060000000000000000e+02 1.742809999999999854e+04
6.380000000000000000e+02 1.744065000000000146e+04
6.220000000000000000e+02 1.744420000000000073e+04
7.660000000000000000e+02 1.749990000000000146e+04
6.780000000000000000e+02 1.756135000000000218e+04
6.940000000000000000e+02 1.758625000000000000e+04
5.020000000000000000e+02 1.767254999999999927e+04
5.340000000000000000e+02 1.772360000000000218e+04
4.380000000000000000e+02 1.772404999999999927e+04
6.780000000000000000e+02 1.776045000000000073e+04
5.740000000000000000e+02 1.778025000000000000e+04
6.620000000000000000e+02 1.782040000000000146e+04
6.620000000000000000e+02 1.789754999999999927e+04
5.500000000000000000e+02 1.790679999999999927e+04
7.900000000000000000e+02 1.791185000000000218e+04
5.660000000000000000e+02 1.791500000000000000e+04
4.140000000000000000e+02 1.795179999999999927e+04
4.780000000000000000e+02 1.796120000000000073e+04
4.700000000000000000e+02 1.802390000000000146e+04
6.140000000000000000e+02 1.804000000000000000e+04
6.940000000000000000e+02 1.805910000000000218e+04
6.220000000000000000e+02 1.808450000000000000e+04
7.820000000000000000e+02 1.810220000000000073e+04
4.220000000000000000e+02 1.811835000000000218e+04
7.900000000000000000e+02 1.813185000000000218e+04
5.820000000000000000e+02 1.813210000000000218e+04
6.060000000000000000e+02 1.814545000000000073e+04
5.180000000000000000e+02 1.817265000000000146e+04
5.500000000000000000e+02 1.818654999999999927e+04
4.860000000000000000e+02 1.823500000000000000e+04
5.660000000000000000e+02 1.823604999999999927e+04
6.380000000000000000e+02 1.826310000000000218e+04
6.460000000000000000e+02 1.827570000000000073e+04
6.300000000000000000e+02 1.832220000000000073e+04
5.820000000000000000e+02 1.832915000000000146e+04
7.900000000000000000e+02 1.833975000000000000e+04
7.180000000000000000e+02 1.834375000000000000e+04
6.940000000000000000e+02 1.836235000000000218e+04
5.980000000000000000e+02 1.836895000000000073e+04
6.460000000000000000e+02 1.842510000000000218e+04
7.100000000000000000e+02 1.849485000000000218e+04
7.260000000000000000e+02 1.853345000000000073e+04
4.220000000000000000e+02 1.856370000000000073e+04
4.380000000000000000e+02 1.859354999999999927e+04
7.900000000000000000e+02 1.865004999999999927e+04
4.620000000000000000e+02 1.875620000000000073e+04
4.860000000000000000e+02 1.876485000000000218e+04
4.780000000000000000e+02 1.876895000000000073e+04
7.660000000000000000e+02 1.878195000000000073e+04
7.260000000000000000e+02 1.881810000000000218e+04
6.060000000000000000e+02 1.882029999999999927e+04
4.700000000000000000e+02 1.883879999999999927e+04
6.140000000000000000e+02 1.887454999999999927e+04
4.140000000000000000e+02 1.889070000000000073e+04
5.020000000000000000e+02 1.893900000000000000e+04
6.460000000000000000e+02 1.899270000000000073e+04
7.020000000000000000e+02 1.900954999999999927e+04
4.780000000000000000e+02 1.903585000000000218e+04
7.580000000000000000e+02 1.915720000000000073e+04
5.180000000000000000e+02 1.916785000000000218e+04
6.140000000000000000e+02 1.918965000000000146e+04
5.020000000000000000e+02 1.922025000000000000e+04
5.660000000000000000e+02 1.925979999999999927e+04
6.460000000000000000e+02 1.929285000000000218e+04
5.980000000000000000e+02 1.939010000000000218e+04
5.180000000000000000e+02 1.940360000000000218e+04
4.380000000000000000e+02 1.946150000000000000e+04
5.820000000000000000e+02 1.946179999999999927e+04
4.940000000000000000e+02 1.947129999999999927e+04
4.780000000000000000e+02 1.948240000000000146e+04
7.740000000000000000e+02 1.951054999999999927e+04
7.020000000000000000e+02 1.952254999999999927e+04
4.860000000000000000e+02 1.955690000000000146e+04
6.060000000000000000e+02 1.955854999999999927e+04
6.220000000000000000e+02 1.955890000000000146e+04
7.020000000000000000e+02 1.958425000000000000e+04
6.940000000000000000e+02 1.958495000000000073e+04
5.420000000000000000e+02 1.959679999999999927e+04
5.180000000000000000e+02 1.960000000000000000e+04
5.660000000000000000e+02 1.964279999999999927e+04
4.860000000000000000e+02 1.965045000000000073e+04
6.220000000000000000e+02 1.966335000000000218e+04
4.780000000000000000e+02 1.968150000000000000e+04
6.700000000000000000e+02 1.980029999999999927e+04
6.620000000000000000e+02 1.981225000000000000e+04
6.380000000000000000e+02 1.984370000000000073e+04
6.860000000000000000e+02 1.993745000000000073e+04
4.700000000000000000e+02 1.994054999999999927e+04
5.180000000000000000e+02 1.995665000000000146e+04
6.940000000000000000e+02 2.004504999999999927e+04
7.820000000000000000e+02 2.006104999999999927e+04
7.100000000000000000e+02 2.006640000000000146e+04
4.460000000000000000e+02 2.007965000000000146e+04
6.380000000000000000e+02 2.009610000000000218e+04
5.980000000000000000e+02 2.009760000000000218e+04
4.620000000000000000e+02 2.012079999999999927e+04
6.140000000000000000e+02 2.013835000000000218e+04
5.020000000000000000e+02 2.017090000000000146e+04
7.500000000000000000e+02 2.018590000000000146e+04
7.420000000000000000e+02 2.020415000000000146e+04
4.140000000000000000e+02 2.022129999999999927e+04
6.300000000000000000e+02 2.023529999999999927e+04
7.100000000000000000e+02 2.024770000000000073e+04
7.100000000000000000e+02 2.028875000000000000e+04
6.380000000000000000e+02 2.029090000000000146e+04
5.580000000000000000e+02 2.039595000000000073e+04
5.340000000000000000e+02 2.039910000000000218e+04
6.780000000000000000e+02 2.040850000000000000e+04
7.820000000000000000e+02 2.043385000000000218e+04
5.180000000000000000e+02 2.049054999999999927e+04
4.700000000000000000e+02 2.058460000000000218e+04
6.860000000000000000e+02 2.060179999999999927e+04
7.100000000000000000e+02 2.062050000000000000e+04
5.020000000000000000e+02 2.072079999999999927e+04
5.340000000000000000e+02 2.080850000000000000e+04
6.780000000000000000e+02 2.081050000000000000e+04
7.900000000000000000e+02 2.081990000000000146e+04
7.020000000000000000e+02 2.084550000000000000e+04
6.220000000000000000e+02 2.088154999999999927e+04
6.060000000000000000e+02 2.088940000000000146e+04
5.180000000000000000e+02 2.089115000000000146e+04
6.780000000000000000e+02 2.090379999999999927e+04
6.060000000000000000e+02 2.108895000000000073e+04
5.180000000000000000e+02 2.109215000000000146e+04
7.420000000000000000e+02 2.113375000000000000e+04
4.540000000000000000e+02 2.113429999999999927e+04
5.420000000000000000e+02 2.116260000000000218e+04
7.820000000000000000e+02 2.118825000000000000e+04
6.220000000000000000e+02 2.122065000000000146e+04
7.260000000000000000e+02 2.128820000000000073e+04
7.820000000000000000e+02 2.132040000000000146e+04
7.500000000000000000e+02 2.132600000000000000e+04
6.140000000000000000e+02 2.139870000000000073e+04
6.940000000000000000e+02 2.140695000000000073e+04
7.020000000000000000e+02 2.141215000000000146e+04
5.900000000000000000e+02 2.145479999999999927e+04
6.780000000000000000e+02 2.148329999999999927e+04
4.940000000000000000e+02 2.150295000000000073e+04
7.260000000000000000e+02 2.152729999999999927e+04
6.220000000000000000e+02 2.153395000000000073e+04
7.180000000000000000e+02 2.154725000000000000e+04
7.980000000000000000e+02 2.154810000000000218e+04
7.100000000000000000e+02 2.155140000000000146e+04
7.660000000000000000e+02 2.155985000000000218e+04
4.780000000000000000e+02 2.158690000000000146e+04
4.540000000000000000e+02 2.161379999999999927e+04
7.900000000000000000e+02 2.161970000000000073e+04
7.180000000000000000e+02 2.163304999999999927e+04
6.060000000000000000e+02 2.168440000000000146e+04
7.340000000000000000e+02 2.170629999999999927e+04
5.340000000000000000e+02 2.174765000000000146e+04
5.820000000000000000e+02 2.177885000000000218e+04
4.460000000000000000e+02 2.178220000000000073e+04
5.180000000000000000e+02 2.178325000000000000e+04
5.740000000000000000e+02 2.180970000000000073e+04
7.660000000000000000e+02 2.183765000000000146e+04
7.100000000000000000e+02 2.184370000000000073e+04
4.140000000000000000e+02 2.201960000000000218e+04
4.380000000000000000e+02 2.206160000000000218e+04
6.140000000000000000e+02 2.207210000000000218e+04
5.420000000000000000e+02 2.212454999999999927e+04
7.820000000000000000e+02 2.213950000000000000e+04
6.620000000000000000e+02 2.217890000000000146e+04
5.340000000000000000e+02 2.220235000000000218e+04
7.660000000000000000e+02 2.220375000000000000e+04
6.780000000000000000e+02 2.221285000000000218e+04
4.060000000000000000e+02 2.221354999999999927e+04
6.140000000000000000e+02 2.221660000000000218e+04
5.260000000000000000e+02 2.224015000000000146e+04
6.700000000000000000e+02 2.224750000000000000e+04
4.140000000000000000e+02 2.231004999999999927e+04
6.700000000000000000e+02 2.232000000000000000e+04
7.580000000000000000e+02 2.235165000000000146e+04
6.220000000000000000e+02 2.241865000000000146e+04
5.020000000000000000e+02 2.244354999999999927e+04
4.220000000000000000e+02 2.253650000000000000e+04
7.100000000000000000e+02 2.254579999999999927e+04
6.140000000000000000e+02 2.256295000000000073e+04
4.700000000000000000e+02 2.258195000000000073e+04
7.660000000000000000e+02 2.258260000000000218e+04
6.780000000000000000e+02 2.258465000000000146e+04
7.340000000000000000e+02 2.261450000000000000e+04
6.700000000000000000e+02 2.265704999999999927e+04
4.380000000000000000e+02 2.270245000000000073e+04
5.980000000000000000e+02 2.276050000000000000e+04
6.940000000000000000e+02 2.278210000000000218e+04
6.220000000000000000e+02 2.281320000000000073e+04
7.100000000000000000e+02 2.282154999999999927e+04
4.780000000000000000e+02 2.284840000000000146e+04
7.820000000000000000e+02 2.284865000000000146e+04
6.940000000000000000e+02 2.284950000000000000e+04
5.580000000000000000e+02 2.289775000000000000e+04
7.340000000000000000e+02 2.292285000000000218e+04
6.140000000000000000e+02 2.295360000000000218e+04
7.900000000000000000e+02 2.295429999999999927e+04
7.020000000000000000e+02 2.298654999999999927e+04
4.620000000000000000e+02 2.299660000000000218e+04
4.940000000000000000e+02 2.301015000000000146e+04
5.980000000000000000e+02 2.302390000000000146e+04
4.300000000000000000e+02 2.302550000000000000e+04
7.500000000000000000e+02 2.302629999999999927e+04
6.860000000000000000e+02 2.305615000000000146e+04
4.300000000000000000e+02 2.308560000000000218e+04
7.900000000000000000e+02 2.308665000000000146e+04
5.820000000000000000e+02 2.310110000000000218e+04
7.180000000000000000e+02 2.312610000000000218e+04
4.780000000000000000e+02 2.317590000000000146e+04
5.820000000000000000e+02 2.321410000000000218e+04
6.220000000000000000e+02 2.322495000000000073e+04
7.260000000000000000e+02 2.325670000000000073e+04
5.100000000000000000e+02 2.338354999999999927e+04
7.980000000000000000e+02 2.338360000000000218e+04
6.220000000000000000e+02 2.341170000000000073e+04
6.860000000000000000e+02 2.341190000000000146e+04
6.700000000000000000e+02 2.341490000000000146e+04
5.500000000000000000e+02 2.345304999999999927e+04
4.540000000000000000e+02 2.346365000000000146e+04
7.660000000000000000e+02 2.347910000000000218e+04
5.980000000000000000e+02 2.348435000000000218e+04
4.780000000000000000e+02 2.350075000000000000e+04
5.500000000000000000e+02 2.351665000000000146e+04
5.980000000000000000e+02 2.357190000000000146e+04
4.860000000000000000e+02 2.357395000000000073e+04
6.380000000000000000e+02 2.357945000000000073e+04
6.060000000000000000e+02 2.362045000000000073e+04
7.980000000000000000e+02 2.365704999999999927e+04
7.420000000000000000e+02 2.368060000000000218e+04
7.820000000000000000e+02 2.368390000000000146e+04
7.340000000000000000e+02 2.369490000000000146e+04
4.300000000000000000e+02 2.369840000000000146e+04
4.540000000000000000e+02 2.372320000000000073e+04
5.100000000000000000e+02 2.377795000000000073e+04
5.900000000000000000e+02 2.379965000000000146e+04
6.620000000000000000e+02 2.383515000000000146e+04
4.620000000000000000e+02 2.385390000000000146e+04
5.980000000000000000e+02 2.387035000000000218e+04
7.420000000000000000e+02 2.387465000000000146e+04
7.900000000000000000e+02 2.388195000000000073e+04
5.420000000000000000e+02 2.388804999999999927e+04
6.540000000000000000e+02 2.391040000000000146e+04
4.860000000000000000e+02 2.398565000000000146e+04
5.420000000000000000e+02 2.405915000000000146e+04
6.140000000000000000e+02 2.410495000000000073e+04
7.100000000000000000e+02 2.412670000000000073e+04
5.180000000000000000e+02 2.412960000000000218e+04
5.340000000000000000e+02 2.413010000000000218e+04
6.380000000000000000e+02 2.413029999999999927e+04
6.620000000000000000e+02 2.414665000000000146e+04
6.780000000000000000e+02 2.416710000000000218e+04
5.180000000000000000e+02 2.423850000000000000e+04
7.100000000000000000e+02 2.427800000000000000e+04
6.300000000000000000e+02 2.430995000000000073e+04
5.420000000000000000e+02 2.437229999999999927e+04
6.860000000000000000e+02 2.438115000000000146e+04
7.660000000000000000e+02 2.443400000000000000e+04
5.020000000000000000e+02 2.444785000000000218e+04
7.260000000000000000e+02 2.448660000000000218e+04
7.500000000000000000e+02 2.449585000000000218e+04
6.220000000000000000e+02 2.450415000000000146e+04
4.860000000000000000e+02 2.451704999999999927e+04
5.180000000000000000e+02 2.451725000000000000e+04
6.060000000000000000e+02 2.453670000000000073e+04
6.780000000000000000e+02 2.455410000000000218e+04
5.660000000000000000e+02 2.457135000000000218e+04
5.420000000000000000e+02 2.460995000000000073e+04
4.540000000000000000e+02 2.471935000000000218e+04
5.100000000000000000e+02 2.472320000000000073e+04
7.740000000000000000e+02 2.472425000000000000e+04
6.940000000000000000e+02 2.474635000000000218e+04
7.820000000000000000e+02 2.476779999999999927e+04
4.940000000000000000e+02 2.477715000000000146e+04
4.860000000000000000e+02 2.481495000000000073e+04
5.500000000000000000e+02 2.492740000000000146e+04
7.180000000000000000e+02 2.492954999999999927e+04
4.700000000000000000e+02 2.497550000000000000e+04
5.740000000000000000e+02 2.498429999999999927e+04
5.340000000000000000e+02 2.500595000000000073e+04
7.660000000000000000e+02 2.501465000000000146e+04
4.460000000000000000e+02 2.503004999999999927e+04
4.700000000000000000e+02 2.503504999999999927e+04
7.500000000000000000e+02 2.510295000000000073e+04
4.700000000000000000e+02 2.512504999999999927e+04
6.460000000000000000e+02 2.512604999999999927e+04
5.580000000000000000e+02 2.515335000000000218e+04
5.980000000000000000e+02 2.515340000000000146e+04
7.260000000000000000e+02 2.519420000000000073e+04
5.340000000000000000e+02 2.519425000000000000e+04
7.500000000000000000e+02 2.520150000000000000e+04
4.940000000000000000e+02 2.520325000000000000e+04
4.620000000000000000e+02 2.520604999999999927e+04
6.140000000000000000e+02 2.521475000000000000e+04
7.100000000000000000e+02 2.521670000000000073e+04
6.380000000000000000e+02 2.523420000000000073e+04
6.620000000000000000e+02 2.526345000000000073e+04
4.780000000000000000e+02 2.531254999999999927e+04
5.020000000000000000e+02 2.532340000000000146e+04
6.860000000000000000e+02 2.541085000000000218e+04
4.220000000000000000e+02 2.541260000000000218e+04
6.140000000000000000e+02 2.546360000000000218e+04
7.420000000000000000e+02 2.547435000000000218e+04
6.300000000000000000e+02 2.549310000000000218e+04
5.820000000000000000e+02 2.554429999999999927e+04
7.820000000000000000e+02 2.556535000000000218e+04
4.220000000000000000e+02 2.557879999999999927e+04
4.940000000000000000e+02 2.561460000000000218e+04
4.140000000000000000e+02 2.567945000000000073e+04
6.620000000000000000e+02 2.569790000000000146e+04
5.820000000000000000e+02 2.580079999999999927e+04
4.940000000000000000e+02 2.580315000000000146e+04
7.340000000000000000e+02 2.580570000000000073e+04
4.700000000000000000e+02 2.583035000000000218e+04
4.860000000000000000e+02 2.584600000000000000e+04
5.340000000000000000e+02 2.593465000000000146e+04
4.300000000000000000e+02 2.595554999999999927e+04
4.620000000000000000e+02 2.604050000000000000e+04
7.660000000000000000e+02 2.604215000000000146e+04
5.420000000000000000e+02 2.605925000000000000e+04
6.300000000000000000e+02 2.606460000000000218e+04
6.860000000000000000e+02 2.607854999999999927e+04
5.740000000000000000e+02 2.609090000000000146e+04
4.460000000000000000e+02 2.614915000000000146e+04
6.380000000000000000e+02 2.617300000000000000e+04
5.580000000000000000e+02 2.621585000000000218e+04
6.060000000000000000e+02 2.627065000000000146e+04
5.020000000000000000e+02 2.627825000000000000e+04
6.220000000000000000e+02 2.633460000000000218e+04
6.860000000000000000e+02 2.638900000000000000e+04
7.100000000000000000e+02 2.642175000000000000e+04
4.300000000000000000e+02 2.648229999999999927e+04
7.340000000000000000e+02 2.655615000000000146e+04
4.300000000000000000e+02 2.661165000000000146e+04
6.060000000000000000e+02 2.661425000000000000e+04
6.140000000000000000e+02 2.662675000000000000e+04
6.860000000000000000e+02 2.664629999999999927e+04
4.220000000000000000e+02 2.674740000000000146e+04
6.380000000000000000e+02 2.677454999999999927e+04
7.660000000000000000e+02 2.681040000000000146e+04
4.780000000000000000e+02 2.683400000000000000e+04
7.580000000000000000e+02 2.684470000000000073e+04
5.900000000000000000e+02 2.689754999999999927e+04
4.780000000000000000e+02 2.698325000000000000e+04
4.940000000000000000e+02 2.699390000000000146e+04
5.820000000000000000e+02 2.702795000000000073e+04
4.460000000000000000e+02 2.703854999999999927e+04
7.980000000000000000e+02 2.709679999999999927e+04
7.900000000000000000e+02 2.712485000000000218e+04
6.140000000000000000e+02 2.717604999999999927e+04
7.340000000000000000e+02 2.717620000000000073e+04
7.420000000000000000e+02 2.719625000000000000e+04
6.380000000000000000e+02 2.722350000000000000e+04
7.020000000000000000e+02 2.722400000000000000e+04
7.100000000000000000e+02 2.730065000000000146e+04
7.660000000000000000e+02 2.732875000000000000e+04
6.620000000000000000e+02 2.736615000000000146e+04
6.780000000000000000e+02 2.737945000000000073e+04
6.140000000000000000e+02 2.744490000000000146e+04
4.300000000000000000e+02 2.744960000000000218e+04
7.740000000000000000e+02 2.745570000000000073e+04
7.020000000000000000e+02 2.746710000000000218e+04
7.260000000000000000e+02 2.753985000000000218e+04
6.940000000000000000e+02 2.754729999999999927e+04
5.020000000000000000e+02 2.755054999999999927e+04
7.260000000000000000e+02 2.762385000000000218e+04
7.980000000000000000e+02 2.765415000000000146e+04
7.180000000000000000e+02 2.766754999999999927e+04
7.900000000000000000e+02 2.768765000000000146e+04
4.940000000000000000e+02 2.769925000000000000e+04
6.140000000000000000e+02 2.773350000000000000e+04
4.300000000000000000e+02 2.773695000000000073e+04
4.700000000000000000e+02 2.775129999999999927e+04
6.060000000000000000e+02 2.777360000000000218e+04
7.100000000000000000e+02 2.778710000000000218e+04
6.700000000000000000e+02 2.781540000000000146e+04
7.500000000000000000e+02 2.783800000000000000e+04
4.140000000000000000e+02 2.791385000000000218e+04
7.740000000000000000e+02 2.791785000000000218e+04
5.820000000000000000e+02 2.793220000000000073e+04
4.620000000000000000e+02 2.797445000000000073e+04
4.700000000000000000e+02 2.799404999999999927e+04
4.070000000000000000e+02 1.183500000000000085e+02
7.590000000000000000e+02 1.422500000000000000e+02
7.830000000000000000e+02 1.962000000000000171e+02
4.230000000000000000e+02 2.369000000000000057e+02
6.630000000000000000e+02 2.387000000000000171e+02
5.750000000000000000e+02 2.493000000000000114e+02
5.190000000000000000e+02 3.219000000000000341e+02
7.350000000000000000e+02 3.393000000000000114e+02
5.590000000000000000e+02 4.298000000000000114e+02
7.670000000000000000e+02 4.788000000000000114e+02
5.030000000000000000e+02 5.397999999999999545e+02
4.070000000000000000e+02 6.864500000000000455e+02
7.510000000000000000e+02 6.919500000000000455e+02
4.550000000000000000e+02 6.968000000000000682e+02
5.670000000000000000e+02 7.432000000000000455e+02
4.070000000000000000e+02 7.740500000000000682e+02
6.070000000000000000e+02 7.796000000000000227e+02
4.870000000000000000e+02 8.135500000000000682e+02
6.950000000000000000e+02 8.361499999999999773e+02
4.790000000000000000e+02 8.368000000000000682e+02
7.110000000000000000e+02 8.749500000000000455e+02
7.190000000000000000e+02 8.793500000000000227e+02
4.950000000000000000e+02 8.987500000000000000e+02
5.110000000000000000e+02 9.038999999999999773e+02
5.190000000000000000e+02 9.191499999999999773e+02
6.790000000000000000e+02 9.337500000000000000e+02
5.990000000000000000e+02 9.407000000000000455e+02
6.070000000000000000e+02 9.695500000000000682e+02
5.670000000000000000e+02 9.799500000000000455e+02
5.270000000000000000e+02 1.038650000000000091e+03
7.670000000000000000e+02 1.047500000000000000e+03
4.470000000000000000e+02 1.098450000000000045e+03
5.990000000000000000e+02 1.099350000000000136e+03
5.830000000000000000e+02 1.117000000000000000e+03
5.590000000000000000e+02 1.118100000000000136e+03
5.670000000000000000e+02 1.127250000000000000e+03
5.590000000000000000e+02 1.232000000000000000e+03
7.510000000000000000e+02 1.243650000000000091e+03
6.310000000000000000e+02 1.270850000000000136e+03
6.630000000000000000e+02 1.283450000000000045e+03
7.830000000000000000e+02 1.299000000000000000e+03
5.510000000000000000e+02 1.325950000000000045e+03
5.990000000000000000e+02 1.338200000000000045e+03
7.270000000000000000e+02 1.363100000000000136e+03
7.030000000000000000e+02 1.368600000000000136e+03
6.230000000000000000e+02 1.428549999999999955e+03
5.270000000000000000e+02 1.487150000000000091e+03
5.590000000000000000e+02 1.495299999999999955e+03
5.190000000000000000e+02 1.505350000000000136e+03
6.310000000000000000e+02 1.519100000000000136e+03
7.590000000000000000e+02 1.541299999999999955e+03
5.110000000000000000e+02 1.584700000000000045e+03
4.470000000000000000e+02 1.603600000000000136e+03
5.910000000000000000e+02 1.622400000000000091e+03
5.590000000000000000e+02 1.677350000000000136e+03
7.510000000000000000e+02 1.697350000000000136e+03
5.750000000000000000e+02 1.764350000000000136e+03
7.670000000000000000e+02 1.771600000000000136e+03
5.510000000000000000e+02 1.837549999999999955e+03
7.350000000000000000e+02 1.845049999999999955e+03
5.430000000000000000e+02 1.880549999999999955e+03
7.590000000000000000e+02 1.908049999999999955e+03
6.870000000000000000e+02 1.916850000000000136e+03
4.230000000000000000e+02 1.937400000000000091e+03
7.510000000000000000e+02 1.946850000000000136e+03
6.950000000000000000e+02 1.958549999999999955e+03
4.790000000000000000e+02 2.001950000000000045e+03
7.590000000000000000e+02 2.024900000000000091e+03
4.070000000000000000e+02 2.047549999999999955e+03
7.830000000000000000e+02 2.048300000000000182e+03
5.190000000000000000e+02 2.097349999999999909e+03
4.070000000000000000e+02 2.111550000000000182e+03
7.190000000000000000e+02 2.126650000000000091e+03
7.830000000000000000e+02 2.166400000000000091e+03
4.310000000000000000e+02 2.195800000000000182e+03
6.070000000000000000e+02 2.197050000000000182e+03
6.470000000000000000e+02 2.208550000000000182e+03
4.230000000000000000e+02 2.295599999999999909e+03
7.510000000000000000e+02 2.305050000000000182e+03
7.430000000000000000e+02 2.310349999999999909e+03
6.630000000000000000e+02 2.384400000000000091e+03
5.270000000000000000e+02 2.400800000000000182e+03
6.870000000000000000e+02 2.414200000000000273e+03
5.910000000000000000e+02 2.451950000000000273e+03
4.230000000000000000e+02 2.461300000000000182e+03
5.670000000000000000e+02 2.485450000000000273e+03
4.070000000000000000e+02 2.527800000000000182e+03
7.670000000000000000e+02 2.537650000000000091e+03
6.550000000000000000e+02 2.569000000000000000e+03
4.470000000000000000e+02 2.580450000000000273e+03
4.710000000000000000e+02 2.587150000000000091e+03
6.150000000000000000e+02 2.700099999999999909e+03
7.590000000000000000e+02 2.764700000000000273e+03
6.550000000000000000e+02 2.857000000000000000e+03
5.030000000000000000e+02 2.862700000000000273e+03
6.150000000000000000e+02 2.889349999999999909e+03
5.750000000000000000e+02 2.937050000000000182e+03
5.430000000000000000e+02 3.019050000000000182e+03
5.830000000000000000e+02 3.030550000000000182e+03
5.110000000000000000e+02 3.066750000000000000e+03
6.070000000000000000e+02 3.074400000000000091e+03
5.750000000000000000e+02 3.146450000000000273e+03
7.510000000000000000e+02 3.161050000000000182e+03
6.310000000000000000e+02 3.211000000000000000e+03
7.190000000000000000e+02 3.253849999999999909e+03
6.870000000000000000e+02 3.274450000000000273e+03
4.150000000000000000e+02 3.275800000000000182e+03
5.670000000000000000e+02 3.288599999999999909e+03
4.710000000000000000e+02 3.292750000000000000e+03
7.670000000000000000e+02 3.372099999999999909e+03
6.070000000000000000e+02 3.410500000000000000e+03
7.670000000000000000e+02 3.438150000000000091e+03
7.830000000000000000e+02 3.444800000000000182e+03
6.870000000000000000e+02 3.447800000000000182e+03
7.990000000000000000e+02 3.508300000000000182e+03
7.750000000000000000e+02 3.535150000000000091e+03
4.870000000000000000e+02 3.560950000000000273e+03
4.470000000000000000e+02 3.561950000000000273e+03
6.710000000000000000e+02 3.675000000000000000e+03
4.390000000000000000e+02 3.688300000000000182e+03
6.630000000000000000e+02 3.689250000000000000e+03
4.630000000000000000e+02 3.756150000000000091e+03
4.950000000000000000e+02 3.799849999999999909e+03
5.430000000000000000e+02 3.833000000000000000e+03
6.550000000000000000e+02 3.874200000000000273e+03
5.430000000000000000e+02 3.881750000000000000e+03
6.070000000000000000e+02 3.911900000000000091e+03
7.510000000000000000e+02 3.976200000000000273e+03
7.190000000000000000e+02 4.043400000000000091e+03
5.990000000000000000e+02 4.048050000000000182e+03
6.630000000000000000e+02 4.064849999999999909e+03
6.710000000000000000e+02 4.079950000000000273e+03
7.510000000000000000e+02 4.116149999999999636e+03
5.670000000000000000e+02 4.126000000000000000e+03
5.430000000000000000e+02 4.144149999999999636e+03
7.590000000000000000e+02 4.184949999999999818e+03
5.750000000000000000e+02 4.257800000000000182e+03
4.870000000000000000e+02 4.333250000000000000e+03
7.750000000000000000e+02 4.430550000000000182e+03
4.390000000000000000e+02 4.442050000000000182e+03
5.510000000000000000e+02 4.463449999999999818e+03
6.310000000000000000e+02 4.516850000000000364e+03
7.270000000000000000e+02 4.528350000000000364e+03
6.070000000000000000e+02 4.578050000000000182e+03
4.470000000000000000e+02 4.607300000000000182e+03
4.870000000000000000e+02 4.648600000000000364e+03
6.070000000000000000e+02 4.664550000000000182e+03
4.310000000000000000e+02 4.670699999999999818e+03
5.510000000000000000e+02 4.687250000000000000e+03
5.190000000000000000e+02 4.832500000000000000e+03
7.190000000000000000e+02 4.886050000000000182e+03
6.070000000000000000e+02 4.923550000000000182e+03
4.150000000000000000e+02 4.942150000000000546e+03
4.310000000000000000e+02 4.947400000000000546e+03
5.350000000000000000e+02 4.956100000000000364e+03
5.750000000000000000e+02 5.016550000000000182e+03
4.550000000000000000e+02 5.077650000000000546e+03
5.350000000000000000e+02 5.096150000000000546e+03
5.590000000000000000e+02 5.130699999999999818e+03
7.190000000000000000e+02 5.158100000000000364e+03
7.350000000000000000e+02 5.192000000000000000e+03
7.030000000000000000e+02 5.240150000000000546e+03
5.670000000000000000e+02 5.246949999999999818e+03
5.830000000000000000e+02 5.273199999999999818e+03
6.790000000000000000e+02 5.295300000000000182e+03
7.110000000000000000e+02 5.298949999999999818e+03
7.430000000000000000e+02 5.343000000000000000e+03
5.110000000000000000e+02 5.351449999999999818e+03
6.550000000000000000e+02 5.551750000000000000e+03
6.390000000000000000e+02 5.557800000000000182e+03
4.950000000000000000e+02 5.569900000000000546e+03
5.830000000000000000e+02 5.579650000000000546e+03
4.150000000000000000e+02 5.585550000000000182e+03
6.310000000000000000e+02 5.613300000000000182e+03
7.110000000000000000e+02 5.634449999999999818e+03
4.390000000000000000e+02 5.778900000000000546e+03
4.070000000000000000e+02 5.807300000000000182e+03
4.710000000000000000e+02 5.823449999999999818e+03
5.510000000000000000e+02 5.826650000000000546e+03
5.190000000000000000e+02 5.848050000000000182e+03
6.470000000000000000e+02 5.869750000000000000e+03
5.750000000000000000e+02 5.922500000000000000e+03
4.310000000000000000e+02 5.922800000000000182e+03
4.550000000000000000e+02 5.934949999999999818e+03
5.270000000000000000e+02 5.968900000000000546e+03
7.830000000000000000e+02 5.984600000000000364e+03
6.710000000000000000e+02 5.994650000000000546e+03
6.470000000000000000e+02 6.032050000000000182e+03
5.110000000000000000e+02 6.051900000000000546e+03
7.270000000000000000e+02 6.076350000000000364e+03
4.230000000000000000e+02 6.076600000000000364e+03
4.070000000000000000e+02 6.080050000000000182e+03
7.430000000000000000e+02 6.185949999999999818e+03
4.150000000000000000e+02 6.207199999999999818e+03
6.070000000000000000e+02 6.268150000000000546e+03
5.350000000000000000e+02 6.309850000000000364e+03
7.510000000000000000e+02 6.322400000000000546e+03
5.430000000000000000e+02 6.397449999999999818e+03
7.910000000000000000e+02 6.417500000000000000e+03
4.790000000000000000e+02 6.450600000000000364e+03
5.350000000000000000e+02 6.525000000000000000e+03
7.590000000000000000e+02 6.546650000000000546e+03
4.070000000000000000e+02 6.605550000000000182e+03
5.270000000000000000e+02 6.623750000000000000e+03
4.390000000000000000e+02 6.697750000000000000e+03
7.110000000000000000e+02 6.778100000000000364e+03
5.350000000000000000e+02 6.787000000000000000e+03
6.310000000000000000e+02 6.868800000000000182e+03
7.190000000000000000e+02 6.877650000000000546e+03
5.670000000000000000e+02 6.883600000000000364e+03
5.270000000000000000e+02 6.890400000000000546e+03
4.310000000000000000e+02 6.892750000000000000e+03
4.150000000000000000e+02 6.900100000000000364e+03
7.190000000000000000e+02 6.998300000000000182e+03
5.910000000000000000e+02 7.076250000000000000e+03
4.230000000000000000e+02 7.108699999999999818e+03
6.310000000000000000e+02 7.136949999999999818e+03
6.070000000000000000e+02 7.175150000000000546e+03
4.790000000000000000e+02 7.223100000000000364e+03
5.510000000000000000e+02 7.320600000000000364e+03
7.990000000000000000e+02 7.321750000000000000e+03
5.030000000000000000e+02 7.377500000000000000e+03
4.310000000000000000e+02 7.412500000000000000e+03
5.510000000000000000e+02 7.432949999999999818e+03
7.990000000000000000e+02 7.557350000000000364e+03
7.190000000000000000e+02 7.567699999999999818e+03
5.270000000000000000e+02 7.586250000000000000e+03
4.630000000000000000e+02 7.606600000000000364e+03
6.550000000000000000e+02 7.606650000000000546e+03
7.110000000000000000e+02 7.607400000000000546e+03
6.150000000000000000e+02 7.619750000000000000e+03
7.590000000000000000e+02 7.656800000000000182e+03
6.070000000000000000e+02 7.705300000000000182e+03
5.270000000000000000e+02 7.722050000000000182e+03
7.430000000000000000e+02 7.722150000000000546e+03
4.630000000000000000e+02 7.873900000000000546e+03
5.830000000000000000e+02 7.896600000000000364e+03
5.910000000000000000e+02 7.982949999999999818e+03
4.310000000000000000e+02 7.991199999999999818e+03
4.470000000000000000e+02 7.999500000000000000e+03
5.910000000000000000e+02 8.048650000000000546e+03
6.230000000000000000e+02 8.050949999999999818e+03
4.950000000000000000e+02 8.107699999999999818e+03
7.510000000000000000e+02 8.112650000000000546e+03
6.150000000000000000e+02 8.116400000000000546e+03
4.550000000000000000e+02 8.131500000000000000e+03
7.030000000000000000e+02 8.148000000000000000e+03
7.190000000000000000e+02 8.158300000000000182e+03
4.150000000000000000e+02 8.216100000000000364e+03
7.590000000000000000e+02 8.258850000000000364e+03
6.070000000000000000e+02 8.295750000000000000e+03
6.550000000000000000e+02 8.315000000000000000e+03
4.870000000000000000e+02 8.338500000000000000e+03
4.550000000000000000e+02 8.401850000000000364e+03
5.670000000000000000e+02 8.424750000000000000e+03
5.270000000000000000e+02 8.429700000000000728e+03
4.470000000000000000e+02 8.471299999999999272e+03
6.070000000000000000e+02 8.514500000000000000e+03
5.110000000000000000e+02 8.586299999999999272e+03
5.590000000000000000e+02 8.604799999999999272e+03
4.790000000000000000e+02 8.614100000000000364e+03
4.550000000000000000e+02 8.635850000000000364e+03
4.150000000000000000e+02 8.649799999999999272e+03
5.270000000000000000e+02 8.779950000000000728e+03
7.430000000000000000e+02 8.820300000000001091e+03
7.190000000000000000e+02 8.835250000000000000e+03
5.590000000000000000e+02 8.872450000000000728e+03
7.430000000000000000e+02 8.875750000000000000e+03
7.830000000000000000e+02 8.951149999999999636e+03
5.110000000000000000e+02 8.992399999999999636e+03
6.230000000000000000e+02 9.007800000000001091e+03
7.270000000000000000e+02 9.019550000000001091e+03
5.510000000000000000e+02 9.031500000000000000e+03
4.790000000000000000e+02 9.064649999999999636e+03
5.830000000000000000e+02 9.065300000000001091e+03
5.590000000000000000e+02 9.066000000000000000e+03
6.070000000000000000e+02 9.095350000000000364e+03
5.270000000000000000e+02 9.160149999999999636e+03
4.550000000000000000e+02 9.184649999999999636e+03
4.150000000000000000e+02 9.198500000000000000e+03
6.950000000000000000e+02 9.199550000000001091e+03
6.150000000000000000e+02 9.208200000000000728e+03
4.310000000000000000e+02 9.213750000000000000e+03
4.390000000000000000e+02 9.337100000000000364e+03
7.430000000000000000e+02 9.363450000000000728e+03
4.310000000000000000e+02 9.414149999999999636e+03
6.390000000000000000e+02 9.415050000000001091e+03
7.510000000000000000e+02 9.466100000000000364e+03
5.430000000000000000e+02 9.484399999999999636e+03
7.990000000000000000e+02 9.487200000000000728e+03
4.790000000000000000e+02 9.562300000000001091e+03
6.310000000000000000e+02 9.590200000000000728e+03
7.910000000000000000e+02 9.609100000000000364e+03
5.830000000000000000e+02 9.623100000000000364e+03
4.710000000000000000e+02 9.675800000000001091e+03
6.070000000000000000e+02 9.680000000000000000e+03
4.630000000000000000e+02 9.700300000000001091e+03
6.550000000000000000e+02 9.705550000000001091e+03
5.110000000000000000e+02 9.729950000000000728e+03
7.190000000000000000e+02 9.854200000000000728e+03
7.270000000000000000e+02 9.938149999999999636e+03
7.590000000000000000e+02 9.973399999999999636e+03
6.870000000000000000e+02 9.979050000000001091e+03
6.950000000000000000e+02 9.995399999999999636e+03
4.710000000000000000e+02 1.001375000000000000e+04
6.790000000000000000e+02 1.001939999999999964e+04
4.630000000000000000e+02 1.002880000000000109e+04
6.070000000000000000e+02 1.003735000000000036e+04
7.270000000000000000e+02 1.006964999999999964e+04
5.190000000000000000e+02 1.014455000000000109e+04
7.430000000000000000e+02 1.016295000000000073e+04
5.030000000000000000e+02 1.018775000000000000e+04
6.950000000000000000e+02 1.022539999999999964e+04
5.910000000000000000e+02 1.023435000000000036e+04
7.190000000000000000e+02 1.034670000000000073e+04
7.830000000000000000e+02 1.038550000000000000e+04
6.950000000000000000e+02 1.039664999999999964e+04
7.430000000000000000e+02 1.041414999999999964e+04
4.870000000000000000e+02 1.043675000000000000e+04
6.550000000000000000e+02 1.045780000000000109e+04
6.870000000000000000e+02 1.046835000000000036e+04
6.070000000000000000e+02 1.047945000000000073e+04
4.630000000000000000e+02 1.050610000000000036e+04
7.510000000000000000e+02 1.051239999999999964e+04
4.310000000000000000e+02 1.051739999999999964e+04
5.430000000000000000e+02 1.053320000000000073e+04
4.950000000000000000e+02 1.057039999999999964e+04
6.230000000000000000e+02 1.058364999999999964e+04
5.270000000000000000e+02 1.059964999999999964e+04
5.830000000000000000e+02 1.060514999999999964e+04
7.590000000000000000e+02 1.062200000000000000e+04
5.990000000000000000e+02 1.063555000000000109e+04
4.230000000000000000e+02 1.066900000000000000e+04
5.510000000000000000e+02 1.069280000000000109e+04
7.270000000000000000e+02 1.080360000000000036e+04
7.430000000000000000e+02 1.080485000000000036e+04
6.950000000000000000e+02 1.081800000000000000e+04
4.310000000000000000e+02 1.085170000000000073e+04
7.510000000000000000e+02 1.087925000000000000e+04
5.350000000000000000e+02 1.089095000000000073e+04
4.710000000000000000e+02 1.094039999999999964e+04
5.750000000000000000e+02 1.096389999999999964e+04
4.870000000000000000e+02 1.097905000000000109e+04
4.150000000000000000e+02 1.098320000000000073e+04
6.870000000000000000e+02 1.098395000000000073e+04
7.030000000000000000e+02 1.102195000000000073e+04
5.030000000000000000e+02 1.104700000000000000e+04
7.750000000000000000e+02 1.106664999999999964e+04
4.390000000000000000e+02 1.106855000000000109e+04
5.590000000000000000e+02 1.107305000000000109e+04
4.470000000000000000e+02 1.107414999999999964e+04
7.190000000000000000e+02 1.110464999999999964e+04
4.310000000000000000e+02 1.113510000000000036e+04
4.870000000000000000e+02 1.125264999999999964e+04
5.750000000000000000e+02 1.128910000000000036e+04
7.510000000000000000e+02 1.129270000000000073e+04
6.230000000000000000e+02 1.130410000000000036e+04
6.950000000000000000e+02 1.136200000000000000e+04
5.590000000000000000e+02 1.137175000000000000e+04
7.350000000000000000e+02 1.138214999999999964e+04
7.510000000000000000e+02 1.140764999999999964e+04
7.670000000000000000e+02 1.141520000000000073e+04
6.870000000000000000e+02 1.141814999999999964e+04
6.390000000000000000e+02 1.142635000000000036e+04
4.390000000000000000e+02 1.143189999999999964e+04
6.310000000000000000e+02 1.146439999999999964e+04
5.270000000000000000e+02 1.152335000000000036e+04
6.310000000000000000e+02 1.153675000000000000e+04
7.190000000000000000e+02 1.155110000000000036e+04
6.870000000000000000e+02 1.160155000000000109e+04
5.830000000000000000e+02 1.161905000000000109e+04
6.550000000000000000e+02 1.162500000000000000e+04
7.350000000000000000e+02 1.170500000000000000e+04
4.150000000000000000e+02 1.178870000000000073e+04
4.630000000000000000e+02 1.178980000000000109e+04
4.950000000000000000e+02 1.178989999999999964e+04
7.430000000000000000e+02 1.180550000000000000e+04
4.870000000000000000e+02 1.182725000000000000e+04
4.310000000000000000e+02 1.187535000000000036e+04
5.990000000000000000e+02 1.188050000000000000e+04
6.870000000000000000e+02 1.188764999999999964e+04
5.990000000000000000e+02 1.195005000000000109e+04
7.590000000000000000e+02 1.200475000000000000e+04
7.510000000000000000e+02 1.209464999999999964e+04
4.550000000000000000e+02 1.211480000000000109e+04
6.630000000000000000e+02 1.216210000000000036e+04
7.910000000000000000e+02 1.217135000000000036e+04
7.750000000000000000e+02 1.218695000000000073e+04
5.510000000000000000e+02 1.225445000000000073e+04
7.910000000000000000e+02 1.227105000000000109e+04
7.190000000000000000e+02 1.230725000000000000e+04
7.510000000000000000e+02 1.236460000000000036e+04
7.750000000000000000e+02 1.238335000000000036e+04
4.950000000000000000e+02 1.238420000000000073e+04
5.990000000000000000e+02 1.238460000000000036e+04
5.030000000000000000e+02 1.240680000000000109e+04
4.310000000000000000e+02 1.242410000000000036e+04
7.110000000000000000e+02 1.242989999999999964e+04
7.590000000000000000e+02 1.244405000000000109e+04
6.070000000000000000e+02 1.251539999999999964e+04
4.230000000000000000e+02 1.252535000000000036e+04
4.070000000000000000e+02 1.254320000000000073e+04
5.830000000000000000e+02 1.255600000000000000e+04
5.990000000000000000e+02 1.258870000000000073e+04
6.470000000000000000e+02 1.262720000000000073e+04
4.470000000000000000e+02 1.264125000000000000e+04
5.830000000000000000e+02 1.264430000000000109e+04
4.070000000000000000e+02 1.266250000000000000e+04
5.110000000000000000e+02 1.273430000000000109e+04
6.950000000000000000e+02 1.274330000000000109e+04
7.430000000000000000e+02 1.275550000000000000e+04
5.430000000000000000e+02 1.275960000000000036e+04
4.310000000000000000e+02 1.277225000000000000e+04
5.590000000000000000e+02 1.281535000000000036e+04
6.630000000000000000e+02 1.285360000000000036e+04
5.910000000000000000e+02 1.289720000000000073e+04
7.990000000000000000e+02 1.291155000000000109e+04
7.750000000000000000e+02 1.300764999999999964e+04
6.630000000000000000e+02 1.304830000000000109e+04
4.870000000000000000e+02 1.305895000000000073e+04
4.630000000000000000e+02 1.310489999999999964e+04
7.510000000000000000e+02 1.310485000000000036e+04
7.750000000000000000e+02 1.313530000000000109e+04
5.030000000000000000e+02 1.316945000000000073e+04
5.190000000000000000e+02 1.321250000000000000e+04
7.270000000000000000e+02 1.322375000000000000e+04
6.070000000000000000e+02 1.326180000000000109e+04
5.510000000000000000e+02 1.326625000000000000e+04
5.350000000000000000e+02 1.328830000000000109e+04
6.710000000000000000e+02 1.329950000000000000e+04
5.430000000000000000e+02 1.332525000000000000e+04
5.670000000000000000e+02 1.337425000000000000e+04
7.510000000000000000e+02 1.338375000000000000e+04
6.150000000000000000e+02 1.342089999999999964e+04
6.070000000000000000e+02 1.343780000000000109e+04
6.790000000000000000e+02 1.343839999999999964e+04
7.190000000000000000e+02 1.351650000000000000e+04
5.590000000000000000e+02 1.359739999999999964e+04
5.190000000000000000e+02 1.360595000000000073e+04
6.710000000000000000e+02 1.362260000000000036e+04
6.230000000000000000e+02 1.364185000000000036e+04
5.030000000000000000e+02 1.365695000000000073e+04
5.510000000000000000e+02 1.369670000000000073e+04
4.950000000000000000e+02 1.369755000000000109e+04
5.190000000000000000e+02 1.370760000000000036e+04
6.070000000000000000e+02 1.375430000000000109e+04
5.670000000000000000e+02 1.375795000000000073e+04
4.710000000000000000e+02 1.378039999999999964e+04
7.030000000000000000e+02 1.385289999999999964e+04
5.030000000000000000e+02 1.387389999999999964e+04
7.110000000000000000e+02 1.387745000000000073e+04
5.110000000000000000e+02 1.387935000000000036e+04
6.630000000000000000e+02 1.388280000000000109e+04
6.870000000000000000e+02 1.388830000000000109e+04
4.790000000000000000e+02 1.391750000000000000e+04
5.350000000000000000e+02 1.392100000000000000e+04
5.190000000000000000e+02 1.395160000000000036e+04
5.990000000000000000e+02 1.399530000000000109e+04
6.150000000000000000e+02 1.399720000000000073e+04
6.550000000000000000e+02 1.401289999999999964e+04
7.190000000000000000e+02 1.401345000000000073e+04
6.630000000000000000e+02 1.407775000000000000e+04
4.070000000000000000e+02 1.411235000000000036e+04
7.430000000000000000e+02 1.411395000000000073e+04
7.190000000000000000e+02 1.411455000000000109e+04
7.030000000000000000e+02 1.412489999999999964e+04
4.310000000000000000e+02 1.416500000000000000e+04
4.870000000000000000e+02 1.416555000000000109e+04
4.310000000000000000e+02 1.421814999999999964e+04
6.230000000000000000e+02 1.422600000000000000e+04
6.310000000000000000e+02 1.424385000000000036e+04
5.830000000000000000e+02 1.427710000000000036e+04
5.190000000000000000e+02 1.430930000000000109e+04
6.870000000000000000e+02 1.431639999999999964e+04
5.030000000000000000e+02 1.431939999999999964e+04
7.430000000000000000e+02 1.432430000000000109e+04
4.070000000000000000e+02 1.437120000000000073e+04
6.310000000000000000e+02 1.447564999999999964e+04
6.950000000000000000e+02 1.452250000000000000e+04
7.430000000000000000e+02 1.455580000000000109e+04
5.990000000000000000e+02 1.457989999999999964e+04
7.270000000000000000e+02 1.461330000000000109e+04
6.070000000000000000e+02 1.461510000000000036e+04
7.590000000000000000e+02 1.461764999999999964e+04
6.950000000000000000e+02 1.462305000000000109e+04
7.190000000000000000e+02 1.467310000000000036e+04
4.550000000000000000e+02 1.472220000000000073e+04
5.830000000000000000e+02 1.474435000000000036e+04
5.990000000000000000e+02 1.479385000000000036e+04
7.830000000000000000e+02 1.479600000000000000e+04
4.470000000000000000e+02 1.483455000000000109e+04
4.390000000000000000e+02 1.487039999999999964e+04
6.790000000000000000e+02 1.487810000000000036e+04
4.070000000000000000e+02 1.488085000000000036e+04
5.190000000000000000e+02 1.488770000000000073e+04
6.230000000000000000e+02 1.491220000000000073e+04
5.270000000000000000e+02 1.494780000000000109e+04
5.190000000000000000e+02 1.495150000000000000e+04
5.350000000000000000e+02 1.495195000000000073e+04
7.830000000000000000e+02 1.501464999999999964e+04
5.510000000000000000e+02 1.502914999999999964e+04
5.830000000000000000e+02 1.504085000000000036e+04
7.110000000000000000e+02 1.506685000000000036e+04
4.950000000000000000e+02 1.510250000000000000e+04
5.350000000000000000e+02 1.512000000000000000e+04
7.510000000000000000e+02 1.512025000000000000e+04
5.110000000000000000e+02 1.512914999999999964e+04
6.790000000000000000e+02 1.515785000000000036e+04
5.990000000000000000e+02 1.518105000000000109e+04
7.190000000000000000e+02 1.518980000000000109e+04
7.510000000000000000e+02 1.523710000000000036e+04
6.950000000000000000e+02 1.524260000000000036e+04
7.270000000000000000e+02 1.525839999999999964e+04
5.270000000000000000e+02 1.538010000000000036e+04
6.630000000000000000e+02 1.543614999999999964e+04
5.830000000000000000e+02 1.544970000000000073e+04
4.710000000000000000e+02 1.551100000000000000e+04
6.310000000000000000e+02 1.552214999999999964e+04
5.190000000000000000e+02 1.557600000000000000e+04
5.030000000000000000e+02 1.558860000000000036e+04
4.950000000000000000e+02 1.561410000000000036e+04
5.430000000000000000e+02 1.561845000000000073e+04
4.630000000000000000e+02 1.564510000000000036e+04
5.590000000000000000e+02 1.565345000000000073e+04
4.390000000000000000e+02 1.565785000000000036e+04
7.430000000000000000e+02 1.569075000000000000e+04
6.070000000000000000e+02 1.569950000000000000e+04
5.030000000000000000e+02 1.570320000000000073e+04
6.630000000000000000e+02 1.584075000000000000e+04
6.310000000000000000e+02 1.585510000000000036e+04
6.790000000000000000e+02 1.586245000000000073e+04
6.150000000000000000e+02 1.590630000000000109e+04
5.910000000000000000e+02 1.592564999999999964e+04
7.270000000000000000e+02 1.594580000000000109e+04
6.230000000000000000e+02 1.601564999999999964e+04
5.030000000000000000e+02 1.603239999999999964e+04
4.390000000000000000e+02 1.604585000000000036e+04
5.190000000000000000e+02 1.607745000000000073e+04
5.510000000000000000e+02 1.608700000000000000e+04
5.910000000000000000e+02 1.610875000000000000e+04
5.590000000000000000e+02 1.611350000000000000e+04
7.830000000000000000e+02 1.612180000000000109e+04
6.790000000000000000e+02 1.616364999999999964e+04
5.990000000000000000e+02 1.619050000000000000e+04
6.790000000000000000e+02 1.621460000000000036e+04
7.030000000000000000e+02 1.622595000000000073e+04
7.350000000000000000e+02 1.624320000000000073e+04
7.270000000000000000e+02 1.625145000000000073e+04
5.430000000000000000e+02 1.630970000000000073e+04
6.790000000000000000e+02 1.631230000000000109e+04
4.870000000000000000e+02 1.634680000000000109e+04
4.630000000000000000e+02 1.637414999999999964e+04
5.350000000000000000e+02 1.641040000000000146e+04
5.190000000000000000e+02 1.641315000000000146e+04
7.510000000000000000e+02 1.643534999999999854e+04
4.710000000000000000e+02 1.645179999999999927e+04
7.830000000000000000e+02 1.652479999999999927e+04
4.950000000000000000e+02 1.661479999999999927e+04
7.190000000000000000e+02 1.663604999999999927e+04
4.550000000000000000e+02 1.666959999999999854e+04
5.190000000000000000e+02 1.667604999999999927e+04
7.350000000000000000e+02 1.672650000000000000e+04
5.670000000000000000e+02 1.673015000000000146e+04
7.430000000000000000e+02 1.673770000000000073e+04
5.030000000000000000e+02 1.675490000000000146e+04
6.790000000000000000e+02 1.678104999999999927e+04
6.550000000000000000e+02 1.682175000000000000e+04
4.310000000000000000e+02 1.684059999999999854e+04
5.430000000000000000e+02 1.691829999999999927e+04
6.150000000000000000e+02 1.693754999999999927e+04
7.270000000000000000e+02 1.697525000000000000e+04
5.190000000000000000e+02 1.706390000000000146e+04
4.710000000000000000e+02 1.709875000000000000e+04
4.070000000000000000e+02 1.717840000000000146e+04
7.510000000000000000e+02 1.717929999999999927e+04
6.950000000000000000e+02 1.721850000000000000e+04
5.270000000000000000e+02 1.722704999999999927e+04
4.950000000000000000e+02 1.725159999999999854e+04
6.310000000000000000e+02 1.726490000000000146e+04
6.390000000000000000e+02 1.727154999999999927e+04
7.190000000000000000e+02 1.733954999999999927e+04
5.030000000000000000e+02 1.735320000000000073e+04
5.270000000000000000e+02 1.735375000000000000e+04
4.550000000000000000e+02 1.743534999999999854e+04
4.950000000000000000e+02 1.743659999999999854e+04
6.870000000000000000e+02 1.746384999999999854e+04
5.270000000000000000e+02 1.746445000000000073e+04
6.230000000000000000e+02 1.747065000000000146e+04
6.150000000000000000e+02 1.748710000000000218e+04
5.510000000000000000e+02 1.758575000000000000e+04
6.470000000000000000e+02 1.759540000000000146e+04
6.950000000000000000e+02 1.761070000000000073e+04
6.870000000000000000e+02 1.764870000000000073e+04
7.670000000000000000e+02 1.773540000000000146e+04
4.150000000000000000e+02 1.776010000000000218e+04
4.310000000000000000e+02 1.777510000000000218e+04
4.390000000000000000e+02 1.780095000000000073e+04
7.190000000000000000e+02 1.780325000000000000e+04
6.150000000000000000e+02 1.783675000000000000e+04
6.550000000000000000e+02 1.785500000000000000e+04
7.670000000000000000e+02 1.786895000000000073e+04
7.990000000000000000e+02 1.786975000000000000e+04
6.950000000000000000e+02 1.793454999999999927e+04
4.390000000000000000e+02 1.794000000000000000e+04
7.830000000000000000e+02 1.794175000000000000e+04
7.350000000000000000e+02 1.795079999999999927e+04
6.550000000000000000e+02 1.795220000000000073e+04
5.750000000000000000e+02 1.797704999999999927e+04
7.190000000000000000e+02 1.807695000000000073e+04
4.230000000000000000e+02 1.809040000000000146e+04
5.510000000000000000e+02 1.811675000000000000e+04
7.510000000000000000e+02 1.811935000000000218e+04
4.470000000000000000e+02 1.813079999999999927e+04
4.790000000000000000e+02 1.819810000000000218e+04
5.270000000000000000e+02 1.820610000000000218e+04
6.070000000000000000e+02 1.820725000000000000e+04
6.070000000000000000e+02 1.829825000000000000e+04
7.910000000000000000e+02 1.832560000000000218e+04
6.230000000000000000e+02 1.833029999999999927e+04
5.350000000000000000e+02 1.836820000000000073e+04
5.030000000000000000e+02 1.840260000000000218e+04
6.230000000000000000e+02 1.840700000000000000e+04
6.870000000000000000e+02 1.843465000000000146e+04
6.070000000000000000e+02 1.843520000000000073e+04
6.790000000000000000e+02 1.844065000000000146e+04
4.150000000000000000e+02 1.844100000000000000e+04
5.270000000000000000e+02 1.845220000000000073e+04
5.430000000000000000e+02 1.846065000000000146e+04
6.870000000000000000e+02 1.852520000000000073e+04
7.910000000000000000e+02 1.852615000000000146e+04
5.350000000000000000e+02 1.853210000000000218e+04
6.070000000000000000e+02 1.855110000000000218e+04
5.190000000000000000e+02 1.856685000000000218e+04
7.510000000000000000e+02 1.857840000000000146e+04
6.470000000000000000e+02 1.858390000000000146e+04
4.310000000000000000e+02 1.860435000000000218e+04
6.070000000000000000e+02 1.861265000000000146e+04
5.750000000000000000e+02 1.862710000000000218e+04
4.310000000000000000e+02 1.869354999999999927e+04
7.110000000000000000e+02 1.876470000000000073e+04
6.630000000000000000e+02 1.879165000000000146e+04
7.430000000000000000e+02 1.885935000000000218e+04
4.870000000000000000e+02 1.886704999999999927e+04
7.110000000000000000e+02 1.889279999999999927e+04
5.110000000000000000e+02 1.890675000000000000e+04
4.550000000000000000e+02 1.900215000000000146e+04
5.510000000000000000e+02 1.903095000000000073e+04
6.070000000000000000e+02 1.904820000000000073e+04
6.630000000000000000e+02 1.904954999999999927e+04
4.790000000000000000e+02 1.905040000000000146e+04
5.670000000000000000e+02 1.906095000000000073e+04
7.910000000000000000e+02 1.908945000000000073e+04
6.710000000000000000e+02 1.908965000000000146e+04
6.310000000000000000e+02 1.910125000000000000e+04
6.630000000000000000e+02 1.911660000000000218e+04
7.030000000000000000e+02 1.914225000000000000e+04
6.790000000000000000e+02 1.916195000000000073e+04
7.830000000000000000e+02 1.923200000000000000e+04
4.870000000000000000e+02 1.925104999999999927e+04
5.510000000000000000e+02 1.925635000000000218e+04
4.710000000000000000e+02 1.932570000000000073e+04
5.270000000000000000e+02 1.933625000000000000e+04
5.350000000000000000e+02 1.934475000000000000e+04
7.670000000000000000e+02 1.935935000000000218e+04
4.710000000000000000e+02 1.939210000000000218e+04
6.710000000000000000e+02 1.941300000000000000e+04
5.750000000000000000e+02 1.941510000000000218e+04
4.390000000000000000e+02 1.947065000000000146e+04
7.910000000000000000e+02 1.949350000000000000e+04
4.630000000000000000e+02 1.949425000000000000e+04
6.550000000000000000e+02 1.949560000000000218e+04
7.990000000000000000e+02 1.953590000000000146e+04
7.590000000000000000e+02 1.956195000000000073e+04
6.550000000000000000e+02 1.957029999999999927e+04
7.030000000000000000e+02 1.962500000000000000e+04
4.470000000000000000e+02 1.963400000000000000e+04
7.110000000000000000e+02 1.963495000000000073e+04
5.190000000000000000e+02 1.973340000000000146e+04
5.590000000000000000e+02 1.974850000000000000e+04
4.550000000000000000e+02 1.977465000000000146e+04
7.910000000000000000e+02 1.984070000000000073e+04
5.590000000000000000e+02 1.984854999999999927e+04
6.310000000000000000e+02 1.989665000000000146e+04
5.350000000000000000e+02 1.989750000000000000e+04
6.230000000000000000e+02 1.993804999999999927e+04
5.270000000000000000e+02 1.996690000000000146e+04
7.670000000000000000e+02 1.997870000000000073e+04
4.710000000000000000e+02 1.999915000000000146e+04
6.550000000000000000e+02 2.000445000000000073e+04
7.830000000000000000e+02 2.001235000000000218e+04
7.750000000000000000e+02 2.004510000000000218e+04
5.510000000000000000e+02 2.005029999999999927e+04
4.550000000000000000e+02 2.005150000000000000e+04
5.990000000000000000e+02 2.008690000000000146e+04
7.110000000000000000e+02 2.009775000000000000e+04
7.590000000000000000e+02 2.012920000000000073e+04
7.190000000000000000e+02 2.012979999999999927e+04
5.270000000000000000e+02 2.014170000000000073e+04
5.030000000000000000e+02 2.016500000000000000e+04
6.790000000000000000e+02 2.018895000000000073e+04
7.510000000000000000e+02 2.021225000000000000e+04
4.950000000000000000e+02 2.025725000000000000e+04
4.470000000000000000e+02 2.028240000000000146e+04
5.510000000000000000e+02 2.029529999999999927e+04
4.550000000000000000e+02 2.030504999999999927e+04
7.510000000000000000e+02 2.036854999999999927e+04
5.350000000000000000e+02 2.037579999999999927e+04
7.190000000000000000e+02 2.040775000000000000e+04
4.470000000000000000e+02 2.042645000000000073e+04
5.030000000000000000e+02 2.043470000000000073e+04
7.510000000000000000e+02 2.047770000000000073e+04
4.230000000000000000e+02 2.047800000000000000e+04
4.710000000000000000e+02 2.047810000000000218e+04
5.590000000000000000e+02 2.050120000000000073e+04
6.550000000000000000e+02 2.053850000000000000e+04
5.350000000000000000e+02 2.056975000000000000e+04
5.510000000000000000e+02 2.062060000000000218e+04
5.030000000000000000e+02 2.062740000000000146e+04
7.910000000000000000e+02 2.064010000000000218e+04
4.310000000000000000e+02 2.064100000000000000e+04
6.310000000000000000e+02 2.068360000000000218e+04
6.550000000000000000e+02 2.072465000000000146e+04
7.670000000000000000e+02 2.073450000000000000e+04
6.070000000000000000e+02 2.075435000000000218e+04
6.790000000000000000e+02 2.075435000000000218e+04
5.910000000000000000e+02 2.076600000000000000e+04
5.670000000000000000e+02 2.079065000000000146e+04
4.950000000000000000e+02 2.089260000000000218e+04
7.510000000000000000e+02 2.091540000000000146e+04
6.310000000000000000e+02 2.092195000000000073e+04
7.110000000000000000e+02 2.093154999999999927e+04
5.270000000000000000e+02 2.099550000000000000e+04
6.070000000000000000e+02 2.100325000000000000e+04
6.310000000000000000e+02 2.102395000000000073e+04
6.870000000000000000e+02 2.103290000000000146e+04
4.310000000000000000e+02 2.105825000000000000e+04
5.510000000000000000e+02 2.107804999999999927e+04
7.910000000000000000e+02 2.128079999999999927e+04
7.990000000000000000e+02 2.128120000000000073e+04
5.510000000000000000e+02 2.128995000000000073e+04
6.790000000000000000e+02 2.129345000000000073e+04
7.270000000000000000e+02 2.136850000000000000e+04
4.470000000000000000e+02 2.143890000000000146e+04
4.870000000000000000e+02 2.146290000000000146e+04
7.670000000000000000e+02 2.147865000000000146e+04
7.510000000000000000e+02 2.148465000000000146e+04
7.030000000000000000e+02 2.148900000000000000e+04
4.950000000000000000e+02 2.154310000000000218e+04
5.030000000000000000e+02 2.156110000000000218e+04
6.070000000000000000e+02 2.159529999999999927e+04
7.030000000000000000e+02 2.160540000000000146e+04
5.270000000000000000e+02 2.165045000000000073e+04
5.030000000000000000e+02 2.165125000000000000e+04
5.110000000000000000e+02 2.165195000000000073e+04
4.310000000000000000e+02 2.166145000000000073e+04
4.230000000000000000e+02 2.167120000000000073e+04
5.910000000000000000e+02 2.177790000000000146e+04
5.430000000000000000e+02 2.185354999999999927e+04
5.030000000000000000e+02 2.185900000000000000e+04
5.750000000000000000e+02 2.200104999999999927e+04
6.550000000000000000e+02 2.200995000000000073e+04
7.190000000000000000e+02 2.202825000000000000e+04
4.310000000000000000e+02 2.206065000000000146e+04
6.710000000000000000e+02 2.206560000000000218e+04
4.550000000000000000e+02 2.209904999999999927e+04
5.430000000000000000e+02 2.212440000000000146e+04
5.990000000000000000e+02 2.213279999999999927e+04
4.950000000000000000e+02 2.219204999999999927e+04
4.390000000000000000e+02 2.220285000000000218e+04
7.990000000000000000e+02 2.222115000000000146e+04
4.070000000000000000e+02 2.223540000000000146e+04
7.910000000000000000e+02 2.227904999999999927e+04
7.030000000000000000e+02 2.229210000000000218e+04
7.750000000000000000e+02 2.232585000000000218e+04
4.630000000000000000e+02 2.233885000000000218e+04
7.110000000000000000e+02 2.242975000000000000e+04
7.750000000000000000e+02 2.244904999999999927e+04
4.230000000000000000e+02 2.245450000000000000e+04
4.710000000000000000e+02 2.245570000000000073e+04
7.670000000000000000e+02 2.246350000000000000e+04
7.510000000000000000e+02 2.250635000000000218e+04
7.110000000000000000e+02 2.254590000000000146e+04
7.350000000000000000e+02 2.257845000000000073e+04
5.190000000000000000e+02 2.258515000000000146e+04
7.510000000000000000e+02 2.260570000000000073e+04
6.470000000000000000e+02 2.262915000000000146e+04
7.190000000000000000e+02 2.264400000000000000e+04
7.590000000000000000e+02 2.264754999999999927e+04
5.830000000000000000e+02 2.265420000000000073e+04
5.350000000000000000e+02 2.267929999999999927e+04
5.430000000000000000e+02 2.272065000000000146e+04
4.550000000000000000e+02 2.279704999999999927e+04
5.110000000000000000e+02 2.284804999999999927e+04
7.430000000000000000e+02 2.286585000000000218e+04
4.070000000000000000e+02 2.289654999999999927e+04
5.030000000000000000e+02 2.290495000000000073e+04
7.190000000000000000e+02 2.293490000000000146e+04
5.510000000000000000e+02 2.293935000000000218e+04
4.550000000000000000e+02 2.297425000000000000e+04
7.270000000000000000e+02 2.298604999999999927e+04
7.430000000000000000e+02 2.299429999999999927e+04
7.510000000000000000e+02 2.302040000000000146e+04
4.310000000000000000e+02 2.302829999999999927e+04
4.950000000000000000e+02 2.304565000000000146e+04
4.870000000000000000e+02 2.306950000000000000e+04
5.910000000000000000e+02 2.308625000000000000e+04
5.670000000000000000e+02 2.314520000000000073e+04
7.270000000000000000e+02 2.315585000000000218e+04
7.990000000000000000e+02 2.315620000000000073e+04
5.190000000000000000e+02 2.317350000000000000e+04
6.790000000000000000e+02 2.321300000000000000e+04
5.430000000000000000e+02 2.325629999999999927e+04
4.710000000000000000e+02 2.337765000000000146e+04
4.950000000000000000e+02 2.339440000000000146e+04
6.470000000000000000e+02 2.341285000000000218e+04
5.350000000000000000e+02 2.343585000000000218e+04
5.910000000000000000e+02 2.344185000000000218e+04
6.710000000000000000e+02 2.345195000000000073e+04
5.270000000000000000e+02 2.346465000000000146e+04
6.870000000000000000e+02 2.347979999999999927e+04
6.630000000000000000e+02 2.348145000000000073e+04
7.510000000000000000e+02 2.350685000000000218e+04
7.190000000000000000e+02 2.359460000000000218e+04
4.710000000000000000e+02 2.360170000000000073e+04
4.310000000000000000e+02 2.360610000000000218e+04
5.190000000000000000e+02 2.362900000000000000e+04
4.470000000000000000e+02 2.364450000000000000e+04
6.390000000000000000e+02 2.365400000000000000e+04
6.950000000000000000e+02 2.367045000000000073e+04
4.390000000000000000e+02 2.371854999999999927e+04
5.830000000000000000e+02 2.372579999999999927e+04
7.990000000000000000e+02 2.372629999999999927e+04
5.190000000000000000e+02 2.374495000000000073e+04
5.270000000000000000e+02 2.375854999999999927e+04
7.270000000000000000e+02 2.379665000000000146e+04
7.910000000000000000e+02 2.383840000000000146e+04
5.270000000000000000e+02 2.384050000000000000e+04
7.670000000000000000e+02 2.394035000000000218e+04
4.070000000000000000e+02 2.394340000000000146e+04
7.910000000000000000e+02 2.394565000000000146e+04
5.830000000000000000e+02 2.395654999999999927e+04
6.870000000000000000e+02 2.395665000000000146e+04
5.510000000000000000e+02 2.398800000000000000e+04
5.830000000000000000e+02 2.403615000000000146e+04
6.790000000000000000e+02 2.404170000000000073e+04
7.350000000000000000e+02 2.409700000000000000e+04
6.150000000000000000e+02 2.411440000000000146e+04
5.270000000000000000e+02 2.412845000000000073e+04
5.750000000000000000e+02 2.414804999999999927e+04
6.470000000000000000e+02 2.417075000000000000e+04
4.230000000000000000e+02 2.418550000000000000e+04
6.790000000000000000e+02 2.418665000000000146e+04
6.950000000000000000e+02 2.418904999999999927e+04
5.430000000000000000e+02 2.419635000000000218e+04
6.630000000000000000e+02 2.421035000000000218e+04
7.110000000000000000e+02 2.421185000000000218e+04
6.070000000000000000e+02 2.423865000000000146e+04
7.350000000000000000e+02 2.426320000000000073e+04
6.950000000000000000e+02 2.426425000000000000e+04
5.110000000000000000e+02 2.428815000000000146e+04
6.550000000000000000e+02 2.429860000000000218e+04
7.270000000000000000e+02 2.434500000000000000e+04
5.750000000000000000e+02 2.434820000000000073e+04
4.470000000000000000e+02 2.437410000000000218e+04
6.070000000000000000e+02 2.440129999999999927e+04
5.190000000000000000e+02 2.440670000000000073e+04
4.710000000000000000e+02 2.443235000000000218e+04
6.710000000000000000e+02 2.447140000000000146e+04
5.350000000000000000e+02 2.448954999999999927e+04
4.310000000000000000e+02 2.449460000000000218e+04
7.110000000000000000e+02 2.450335000000000218e+04
5.990000000000000000e+02 2.453600000000000000e+04
7.990000000000000000e+02 2.456510000000000218e+04
7.750000000000000000e+02 2.457879999999999927e+04
5.750000000000000000e+02 2.459840000000000146e+04
4.950000000000000000e+02 2.461370000000000073e+04
6.950000000000000000e+02 2.462740000000000146e+04
4.950000000000000000e+02 2.467610000000000218e+04
6.230000000000000000e+02 2.469604999999999927e+04
5.270000000000000000e+02 2.474320000000000073e+04
5.190000000000000000e+02 2.474804999999999927e+04
6.870000000000000000e+02 2.475079999999999927e+04
5.910000000000000000e+02 2.479185000000000218e+04
6.950000000000000000e+02 2.481340000000000146e+04
4.550000000000000000e+02 2.481610000000000218e+04
4.950000000000000000e+02 2.482085000000000218e+04
5.510000000000000000e+02 2.487685000000000218e+04
7.190000000000000000e+02 2.493950000000000000e+04
5.190000000000000000e+02 2.494690000000000146e+04
7.670000000000000000e+02 2.496579999999999927e+04
7.110000000000000000e+02 2.502629999999999927e+04
4.230000000000000000e+02 2.504965000000000146e+04
5.030000000000000000e+02 2.505735000000000218e+04
4.310000000000000000e+02 2.506029999999999927e+04
7.190000000000000000e+02 2.507425000000000000e+04
7.190000000000000000e+02 2.510570000000000073e+04
5.350000000000000000e+02 2.513975000000000000e+04
5.750000000000000000e+02 2.514595000000000073e+04
5.590000000000000000e+02 2.519829999999999927e+04
5.430000000000000000e+02 2.521690000000000146e+04
7.510000000000000000e+02 2.521700000000000000e+04
5.030000000000000000e+02 2.523060000000000218e+04
5.350000000000000000e+02 2.524435000000000218e+04
7.750000000000000000e+02 2.525870000000000073e+04
6.310000000000000000e+02 2.529060000000000218e+04
7.110000000000000000e+02 2.541935000000000218e+04
6.070000000000000000e+02 2.545745000000000073e+04
6.870000000000000000e+02 2.546954999999999927e+04
5.910000000000000000e+02 2.547254999999999927e+04
7.270000000000000000e+02 2.548125000000000000e+04
5.350000000000000000e+02 2.550090000000000146e+04
5.030000000000000000e+02 2.553190000000000146e+04
5.990000000000000000e+02 2.557815000000000146e+04
6.630000000000000000e+02 2.559065000000000146e+04
7.110000000000000000e+02 2.561520000000000073e+04
6.870000000000000000e+02 2.563154999999999927e+04
5.110000000000000000e+02 2.566104999999999927e+04
5.670000000000000000e+02 2.567145000000000073e+04
5.270000000000000000e+02 2.568504999999999927e+04
7.430000000000000000e+02 2.570815000000000146e+04
7.990000000000000000e+02 2.571115000000000146e+04
7.750000000000000000e+02 2.576870000000000073e+04
6.470000000000000000e+02 2.580525000000000000e+04
7.430000000000000000e+02 2.581360000000000218e+04
6.790000000000000000e+02 2.584150000000000000e+04
5.270000000000000000e+02 2.590050000000000000e+04
5.030000000000000000e+02 2.593195000000000073e+04
6.470000000000000000e+02 2.593420000000000073e+04
5.270000000000000000e+02 2.594685000000000218e+04
6.950000000000000000e+02 2.596295000000000073e+04
7.910000000000000000e+02 2.596985000000000218e+04
4.390000000000000000e+02 2.601610000000000218e+04
5.670000000000000000e+02 2.603454999999999927e+04
4.630000000000000000e+02 2.604090000000000146e+04
5.430000000000000000e+02 2.604085000000000218e+04
7.190000000000000000e+02 2.604465000000000146e+04
7.510000000000000000e+02 2.604890000000000146e+04
7.990000000000000000e+02 2.605385000000000218e+04
7.670000000000000000e+02 2.606320000000000073e+04
4.150000000000000000e+02 2.606704999999999927e+04
6.950000000000000000e+02 2.617250000000000000e+04
5.590000000000000000e+02 2.619685000000000218e+04
4.230000000000000000e+02 2.619854999999999927e+04
6.310000000000000000e+02 2.625479999999999927e+04
5.030000000000000000e+02 2.626370000000000073e+04
7.110000000000000000e+02 2.627100000000000000e+04
4.310000000000000000e+02 2.633575000000000000e+04
7.990000000000000000e+02 2.634835000000000218e+04
5.510000000000000000e+02 2.637295000000000073e+04
7.430000000000000000e+02 2.638985000000000218e+04
5.830000000000000000e+02 2.643854999999999927e+04
6.310000000000000000e+02 2.649029999999999927e+04
6.870000000000000000e+02 2.649270000000000073e+04
6.230000000000000000e+02 2.652729999999999927e+04
5.990000000000000000e+02 2.656950000000000000e+04
5.350000000000000000e+02 2.660054999999999927e+04
7.190000000000000000e+02 2.663275000000000000e+04
4.310000000000000000e+02 2.666620000000000073e+04
6.310000000000000000e+02 2.667085000000000218e+04
6.870000000000000000e+02 2.668075000000000000e+04
6.790000000000000000e+02 2.668600000000000000e+04
7.350000000000000000e+02 2.670645000000000073e+04
6.790000000000000000e+02 2.677360000000000218e+04
7.750000000000000000e+02 2.679285000000000218e+04
5.670000000000000000e+02 2.686610000000000218e+04
6.950000000000000000e+02 2.687460000000000218e+04
6.150000000000000000e+02 2.687679999999999927e+04
4.310000000000000000e+02 2.687790000000000146e+04
5.110000000000000000e+02 2.689825000000000000e+04
5.830000000000000000e+02 2.689850000000000000e+04
7.430000000000000000e+02 2.690535000000000218e+04
6.070000000000000000e+02 2.693760000000000218e+04
4.710000000000000000e+02 2.694465000000000146e+04
7.830000000000000000e+02 2.699095000000000073e+04
7.910000000000000000e+02 2.700490000000000146e+04
6.790000000000000000e+02 2.700695000000000073e+04
6.550000000000000000e+02 2.701504999999999927e+04
5.990000000000000000e+02 2.703195000000000073e+04
4.950000000000000000e+02 2.704279999999999927e+04
7.110000000000000000e+02 2.706935000000000218e+04
4.390000000000000000e+02 2.707070000000000073e+04
7.430000000000000000e+02 2.707125000000000000e+04
5.270000000000000000e+02 2.707260000000000218e+04
6.950000000000000000e+02 2.708315000000000146e+04
7.030000000000000000e+02 2.709760000000000218e+04
6.630000000000000000e+02 2.714079999999999927e+04
5.670000000000000000e+02 2.715279999999999927e+04
7.510000000000000000e+02 2.722265000000000146e+04
6.950000000000000000e+02 2.726140000000000146e+04
5.030000000000000000e+02 2.726700000000000000e+04
6.230000000000000000e+02 2.735145000000000073e+04
6.310000000000000000e+02 2.738515000000000146e+04
5.750000000000000000e+02 2.740485000000000218e+04
7.510000000000000000e+02 2.751850000000000000e+04
4.470000000000000000e+02 2.754704999999999927e+04
7.670000000000000000e+02 2.761860000000000218e+04
4.950000000000000000e+02 2.762900000000000000e+04
6.310000000000000000e+02 2.763704999999999927e+04
6.790000000000000000e+02 2.768029999999999927e+04
6.310000000000000000e+02 2.777385000000000218e+04
4.390000000000000000e+02 2.777410000000000218e+04
6.950000000000000000e+02 2.778820000000000073e+04
5.110000000000000000e+02 2.778920000000000073e+04
5.030000000000000000e+02 2.779640000000000146e+04
7.510000000000000000e+02 2.780854999999999927e+04
4.310000000000000000e+02 2.782400000000000000e+04
4.550000000000000000e+02 2.782660000000000218e+04
5.750000000000000000e+02 2.783320000000000073e+04
5.270000000000000000e+02 2.785204999999999927e+04
7.670000000000000000e+02 2.785585000000000218e+04
7.430000000000000000e+02 2.786790000000000146e+04
4.630000000000000000e+02 2.787500000000000000e+04
5.750000000000000000e+02 2.788879999999999927e+04
4.790000000000000000e+02 2.792860000000000218e+04
5.430000000000000000e+02 2.795129999999999927e+04
