2.400000000000000000e+01 3.343500000000000227e+02
4.800000000000000000e+01 1.644600000000000136e+03
7.200000000000000000e+01 1.732850000000000136e+03
4.000000000000000000e+01 1.815350000000000136e+03
2.400000000000000000e+01 2.126150000000000091e+03
5.600000000000000000e+01 2.399599999999999909e+03
8.000000000000000000e+00 2.621849999999999909e+03
6.400000000000000000e+01 2.675700000000000273e+03
1.600000000000000000e+01 3.010250000000000000e+03
2.400000000000000000e+01 3.019700000000000273e+03
7.200000000000000000e+01 3.020050000000000182e+03
8.000000000000000000e+01 3.022050000000000182e+03
6.400000000000000000e+01 3.025500000000000000e+03
4.000000000000000000e+01 3.038650000000000091e+03
8.000000000000000000e+00 3.042700000000000273e+03
5.600000000000000000e+01 3.045300000000000182e+03
3.200000000000000000e+01 3.052849999999999909e+03
2.400000000000000000e+01 3.059300000000000182e+03
7.200000000000000000e+01 3.061900000000000091e+03
1.600000000000000000e+01 3.085900000000000091e+03
8.000000000000000000e+01 3.093300000000000182e+03
5.600000000000000000e+01 3.094500000000000000e+03
4.800000000000000000e+01 3.099500000000000000e+03
6.400000000000000000e+01 3.100150000000000091e+03
2.400000000000000000e+01 3.105950000000000273e+03
4.000000000000000000e+01 3.114000000000000000e+03
8.000000000000000000e+00 3.124849999999999909e+03
3.200000000000000000e+01 3.149900000000000091e+03
8.000000000000000000e+01 3.150900000000000091e+03
2.400000000000000000e+01 3.163349999999999909e+03
4.800000000000000000e+01 3.163650000000000091e+03
4.000000000000000000e+01 3.181349999999999909e+03
7.200000000000000000e+01 3.182099999999999909e+03
8.000000000000000000e+01 3.185700000000000273e+03
4.800000000000000000e+01 3.192650000000000091e+03
3.200000000000000000e+01 3.202200000000000273e+03
2.400000000000000000e+01 3.206450000000000273e+03
5.600000000000000000e+01 3.215050000000000182e+03
1.600000000000000000e+01 3.219349999999999909e+03
7.200000000000000000e+01 3.223500000000000000e+03
4.000000000000000000e+01 3.233349999999999909e+03
3.200000000000000000e+01 3.245050000000000182e+03
8.000000000000000000e+01 3.252599999999999909e+03
2.400000000000000000e+01 3.272900000000000091e+03
6.400000000000000000e+01 3.276450000000000273e+03
4.800000000000000000e+01 3.277400000000000091e+03
7.200000000000000000e+01 3.297000000000000000e+03
8.000000000000000000e+00 3.297450000000000273e+03
1.600000000000000000e+01 3.303150000000000091e+03
3.200000000000000000e+01 3.307300000000000182e+03
5.600000000000000000e+01 3.313800000000000182e+03
2.400000000000000000e+01 3.320300000000000182e+03
4.000000000000000000e+01 3.321099999999999909e+03
6.400000000000000000e+01 3.332849999999999909e+03
1.600000000000000000e+01 3.336849999999999909e+03
8.000000000000000000e+00 3.339300000000000182e+03
4.800000000000000000e+01 3.343349999999999909e+03
7.200000000000000000e+01 3.364300000000000182e+03
4.800000000000000000e+01 3.381550000000000182e+03
1.600000000000000000e+01 3.382150000000000091e+03
8.000000000000000000e+01 3.388950000000000273e+03
2.400000000000000000e+01 3.396650000000000091e+03
5.600000000000000000e+01 3.398400000000000091e+03
8.000000000000000000e+00 3.420500000000000000e+03
4.000000000000000000e+01 3.423200000000000273e+03
4.800000000000000000e+01 3.430150000000000091e+03
6.400000000000000000e+01 3.432200000000000273e+03
8.000000000000000000e+01 3.435550000000000182e+03
7.200000000000000000e+01 3.439950000000000273e+03
5.600000000000000000e+01 3.449500000000000000e+03
2.400000000000000000e+01 3.450500000000000000e+03
1.600000000000000000e+01 3.450900000000000091e+03
3.200000000000000000e+01 3.464800000000000182e+03
4.000000000000000000e+01 3.466349999999999909e+03
6.400000000000000000e+01 3.489200000000000273e+03
8.000000000000000000e+01 3.491050000000000182e+03
1.600000000000000000e+01 3.499849999999999909e+03
5.600000000000000000e+01 3.500950000000000273e+03
7.200000000000000000e+01 3.501099999999999909e+03
2.400000000000000000e+01 3.502349999999999909e+03
8.000000000000000000e+00 3.505750000000000000e+03
4.800000000000000000e+01 3.517599999999999909e+03
6.400000000000000000e+01 3.524500000000000000e+03
3.200000000000000000e+01 3.534200000000000273e+03
8.000000000000000000e+01 3.546150000000000091e+03
4.000000000000000000e+01 3.548800000000000182e+03
7.200000000000000000e+01 3.551250000000000000e+03
2.400000000000000000e+01 3.552599999999999909e+03
4.800000000000000000e+01 3.562700000000000273e+03
8.000000000000000000e+00 3.566000000000000000e+03
1.600000000000000000e+01 3.569700000000000273e+03
4.000000000000000000e+01 3.585849999999999909e+03
8.000000000000000000e+01 3.604300000000000182e+03
5.600000000000000000e+01 3.607900000000000091e+03
2.400000000000000000e+01 3.612099999999999909e+03
3.200000000000000000e+01 3.614450000000000273e+03
6.400000000000000000e+01 3.621750000000000000e+03
1.600000000000000000e+01 3.634599999999999909e+03
4.800000000000000000e+01 3.640800000000000182e+03
7.200000000000000000e+01 3.644599999999999909e+03
4.000000000000000000e+01 3.653950000000000273e+03
8.000000000000000000e+01 3.660150000000000091e+03
5.600000000000000000e+01 3.663300000000000182e+03
2.400000000000000000e+01 3.674099999999999909e+03
3.200000000000000000e+01 3.675800000000000182e+03
6.400000000000000000e+01 3.679200000000000273e+03
4.000000000000000000e+01 3.690450000000000273e+03
8.000000000000000000e+01 3.701700000000000273e+03
1.600000000000000000e+01 3.706450000000000273e+03
3.200000000000000000e+01 3.713550000000000182e+03
5.600000000000000000e+01 3.724550000000000182e+03
6.400000000000000000e+01 3.733750000000000000e+03
2.400000000000000000e+01 3.738700000000000273e+03
7.200000000000000000e+01 3.744750000000000000e+03
4.800000000000000000e+01 3.748050000000000182e+03
8.000000000000000000e+01 3.753400000000000091e+03
4.000000000000000000e+01 3.765900000000000091e+03
6.400000000000000000e+01 3.768550000000000182e+03
3.200000000000000000e+01 3.769950000000000273e+03
1.600000000000000000e+01 3.785599999999999909e+03
5.600000000000000000e+01 3.796900000000000091e+03
7.200000000000000000e+01 3.801750000000000000e+03
2.400000000000000000e+01 3.802250000000000000e+03
4.000000000000000000e+01 3.808550000000000182e+03
3.200000000000000000e+01 3.815849999999999909e+03
8.000000000000000000e+00 3.825300000000000182e+03
4.800000000000000000e+01 3.829750000000000000e+03
5.600000000000000000e+01 3.834050000000000182e+03
1.600000000000000000e+01 3.845950000000000273e+03
2.400000000000000000e+01 3.853800000000000182e+03
8.000000000000000000e+01 3.855599999999999909e+03
6.400000000000000000e+01 3.860000000000000000e+03
5.600000000000000000e+01 3.878550000000000182e+03
8.000000000000000000e+00 3.881400000000000091e+03
4.800000000000000000e+01 3.881950000000000273e+03
3.200000000000000000e+01 3.886599999999999909e+03
7.200000000000000000e+01 3.887200000000000273e+03
1.600000000000000000e+01 3.887500000000000000e+03
8.000000000000000000e+01 3.887500000000000000e+03
8.000000000000000000e+00 3.916150000000000091e+03
3.200000000000000000e+01 3.921150000000000091e+03
5.600000000000000000e+01 3.937599999999999909e+03
1.600000000000000000e+01 3.941300000000000182e+03
6.400000000000000000e+01 3.942150000000000091e+03
4.000000000000000000e+01 3.948800000000000182e+03
7.200000000000000000e+01 3.949950000000000273e+03
4.800000000000000000e+01 3.959800000000000182e+03
2.400000000000000000e+01 3.962599999999999909e+03
3.200000000000000000e+01 3.968450000000000273e+03
8.000000000000000000e+01 3.973950000000000273e+03
6.400000000000000000e+01 3.990950000000000273e+03
4.000000000000000000e+01 3.994200000000000273e+03
5.600000000000000000e+01 3.994750000000000000e+03
2.400000000000000000e+01 3.996750000000000000e+03
7.200000000000000000e+01 3.998250000000000000e+03
3.200000000000000000e+01 4.006250000000000000e+03
6.400000000000000000e+01 4.026300000000000182e+03
1.600000000000000000e+01 4.027700000000000273e+03
4.800000000000000000e+01 4.032750000000000000e+03
5.600000000000000000e+01 4.049950000000000273e+03
3.200000000000000000e+01 4.051800000000000182e+03
2.400000000000000000e+01 4.052900000000000091e+03
8.000000000000000000e+01 4.053250000000000000e+03
4.000000000000000000e+01 4.058750000000000000e+03
8.000000000000000000e+00 4.071150000000000091e+03
4.800000000000000000e+01 4.077200000000000273e+03
5.600000000000000000e+01 4.079800000000000182e+03
7.200000000000000000e+01 4.085000000000000000e+03
1.600000000000000000e+01 4.094250000000000000e+03
8.000000000000000000e+01 4.096800000000000182e+03
2.400000000000000000e+01 4.097500000000000000e+03
4.000000000000000000e+01 4.098399999999999636e+03
3.200000000000000000e+01 4.132000000000000000e+03
4.000000000000000000e+01 4.133850000000000364e+03
6.400000000000000000e+01 4.134300000000000182e+03
8.000000000000000000e+00 4.134449999999999818e+03
8.000000000000000000e+01 4.134649999999999636e+03
4.800000000000000000e+01 4.134800000000000182e+03
5.600000000000000000e+01 4.145899999999999636e+03
2.400000000000000000e+01 4.147800000000000182e+03
1.600000000000000000e+01 4.160649999999999636e+03
7.200000000000000000e+01 4.166850000000000364e+03
3.200000000000000000e+01 4.173800000000000182e+03
6.400000000000000000e+01 4.174300000000000182e+03
8.000000000000000000e+01 4.181199999999999818e+03
2.400000000000000000e+01 4.183699999999999818e+03
4.800000000000000000e+01 4.184550000000000182e+03
8.000000000000000000e+00 4.188899999999999636e+03
5.600000000000000000e+01 4.191500000000000000e+03
4.000000000000000000e+01 4.210050000000000182e+03
4.800000000000000000e+01 4.213300000000000182e+03
3.200000000000000000e+01 4.216199999999999818e+03
2.400000000000000000e+01 4.218199999999999818e+03
7.200000000000000000e+01 4.227000000000000000e+03
5.600000000000000000e+01 4.235199999999999818e+03
8.000000000000000000e+00 4.241399999999999636e+03
3.200000000000000000e+01 4.241449999999999818e+03
1.600000000000000000e+01 4.244250000000000000e+03
8.000000000000000000e+01 4.258850000000000364e+03
6.400000000000000000e+01 4.261350000000000364e+03
4.800000000000000000e+01 4.263399999999999636e+03
4.000000000000000000e+01 4.265699999999999818e+03
7.200000000000000000e+01 4.266449999999999818e+03
1.600000000000000000e+01 4.289000000000000000e+03
3.200000000000000000e+01 4.297000000000000000e+03
8.000000000000000000e+00 4.298399999999999636e+03
4.800000000000000000e+01 4.302800000000000182e+03
2.400000000000000000e+01 4.304100000000000364e+03
8.000000000000000000e+01 4.304350000000000364e+03
6.400000000000000000e+01 4.305350000000000364e+03
7.200000000000000000e+01 4.310649999999999636e+03
4.800000000000000000e+01 4.334300000000000182e+03
5.600000000000000000e+01 4.346000000000000000e+03
8.000000000000000000e+00 4.347850000000000364e+03
4.000000000000000000e+01 4.348100000000000364e+03
2.400000000000000000e+01 4.352500000000000000e+03
6.400000000000000000e+01 4.353899999999999636e+03
3.200000000000000000e+01 4.354000000000000000e+03
8.000000000000000000e+01 4.366649999999999636e+03
1.600000000000000000e+01 4.369550000000000182e+03
7.200000000000000000e+01 4.375550000000000182e+03
4.800000000000000000e+01 4.381150000000000546e+03
5.600000000000000000e+01 4.381500000000000000e+03
4.000000000000000000e+01 4.382449999999999818e+03
3.200000000000000000e+01 4.388050000000000182e+03
6.400000000000000000e+01 4.388199999999999818e+03
2.400000000000000000e+01 4.388550000000000182e+03
8.000000000000000000e+01 4.397949999999999818e+03
5.600000000000000000e+01 4.408350000000000364e+03
1.600000000000000000e+01 4.411750000000000000e+03
2.400000000000000000e+01 4.423699999999999818e+03
6.400000000000000000e+01 4.423850000000000364e+03
4.800000000000000000e+01 4.428050000000000182e+03
4.000000000000000000e+01 4.429150000000000546e+03
8.000000000000000000e+00 4.432600000000000364e+03
8.000000000000000000e+01 4.441400000000000546e+03
5.600000000000000000e+01 4.451250000000000000e+03
7.200000000000000000e+01 4.454900000000000546e+03
6.400000000000000000e+01 4.455400000000000546e+03
1.600000000000000000e+01 4.456949999999999818e+03
2.400000000000000000e+01 4.457449999999999818e+03
3.200000000000000000e+01 4.460199999999999818e+03
4.000000000000000000e+01 4.464350000000000364e+03
4.800000000000000000e+01 4.466750000000000000e+03
8.000000000000000000e+01 4.472949999999999818e+03
6.400000000000000000e+01 4.485400000000000546e+03
8.000000000000000000e+00 4.487000000000000000e+03
7.200000000000000000e+01 4.490550000000000182e+03
3.200000000000000000e+01 4.493449999999999818e+03
2.400000000000000000e+01 4.494150000000000546e+03
5.600000000000000000e+01 4.496699999999999818e+03
1.600000000000000000e+01 4.496949999999999818e+03
6.400000000000000000e+01 4.517199999999999818e+03
8.000000000000000000e+00 4.517449999999999818e+03
4.000000000000000000e+01 4.520600000000000364e+03
4.800000000000000000e+01 4.520800000000000182e+03
2.400000000000000000e+01 4.524800000000000182e+03
7.200000000000000000e+01 4.527900000000000546e+03
3.200000000000000000e+01 4.530850000000000364e+03
5.600000000000000000e+01 4.533449999999999818e+03
8.000000000000000000e+01 4.539750000000000000e+03
6.400000000000000000e+01 4.552550000000000182e+03
4.800000000000000000e+01 4.556199999999999818e+03
7.200000000000000000e+01 4.556850000000000364e+03
1.600000000000000000e+01 4.559600000000000364e+03
2.400000000000000000e+01 4.561000000000000000e+03
8.000000000000000000e+00 4.562699999999999818e+03
4.000000000000000000e+01 4.563250000000000000e+03
8.000000000000000000e+01 4.570500000000000000e+03
3.200000000000000000e+01 4.577150000000000546e+03
6.400000000000000000e+01 4.578050000000000182e+03
7.200000000000000000e+01 4.592400000000000546e+03
5.600000000000000000e+01 4.594050000000000182e+03
4.800000000000000000e+01 4.595500000000000000e+03
1.600000000000000000e+01 4.596300000000000182e+03
2.400000000000000000e+01 4.597250000000000000e+03
4.000000000000000000e+01 4.601850000000000364e+03
8.000000000000000000e+00 4.603600000000000364e+03
8.000000000000000000e+01 4.610150000000000546e+03
3.200000000000000000e+01 4.621650000000000546e+03
6.400000000000000000e+01 4.631949999999999818e+03
7.200000000000000000e+01 4.632100000000000364e+03
5.600000000000000000e+01 4.632900000000000546e+03
2.400000000000000000e+01 4.634699999999999818e+03
4.800000000000000000e+01 4.635800000000000182e+03
8.000000000000000000e+00 4.647750000000000000e+03
8.000000000000000000e+01 4.648100000000000364e+03
3.200000000000000000e+01 4.654650000000000546e+03
4.000000000000000000e+01 4.665050000000000182e+03
6.400000000000000000e+01 4.667500000000000000e+03
1.600000000000000000e+01 4.674100000000000364e+03
4.800000000000000000e+01 4.675650000000000546e+03
8.000000000000000000e+01 4.681500000000000000e+03
5.600000000000000000e+01 4.683350000000000364e+03
7.200000000000000000e+01 4.684250000000000000e+03
8.000000000000000000e+00 4.685199999999999818e+03
2.400000000000000000e+01 4.685150000000000546e+03
6.400000000000000000e+01 4.706850000000000364e+03
3.200000000000000000e+01 4.708600000000000364e+03
4.800000000000000000e+01 4.710250000000000000e+03
7.200000000000000000e+01 4.710750000000000000e+03
1.600000000000000000e+01 4.711400000000000546e+03
2.400000000000000000e+01 4.714050000000000182e+03
8.000000000000000000e+00 4.714600000000000364e+03
8.000000000000000000e+01 4.719900000000000546e+03
5.600000000000000000e+01 4.725250000000000000e+03
4.000000000000000000e+01 4.727800000000000182e+03
6.400000000000000000e+01 4.740949999999999818e+03
7.200000000000000000e+01 4.742449999999999818e+03
5.600000000000000000e+01 4.749400000000000546e+03
3.200000000000000000e+01 4.749699999999999818e+03
2.400000000000000000e+01 4.756400000000000546e+03
8.000000000000000000e+00 4.756550000000000182e+03
1.600000000000000000e+01 4.757100000000000364e+03
4.000000000000000000e+01 4.762000000000000000e+03
8.000000000000000000e+01 4.764150000000000546e+03
4.800000000000000000e+01 4.764350000000000364e+03
7.200000000000000000e+01 4.775750000000000000e+03
6.400000000000000000e+01 4.779250000000000000e+03
5.600000000000000000e+01 4.782300000000000182e+03
2.400000000000000000e+01 4.789199999999999818e+03
4.800000000000000000e+01 4.790000000000000000e+03
8.000000000000000000e+00 4.791100000000000364e+03
4.000000000000000000e+01 4.791300000000000182e+03
3.200000000000000000e+01 4.791449999999999818e+03
8.000000000000000000e+01 4.796150000000000546e+03
1.600000000000000000e+01 4.810900000000000546e+03
6.400000000000000000e+01 4.813949999999999818e+03
4.800000000000000000e+01 4.817100000000000364e+03
5.600000000000000000e+01 4.817449999999999818e+03
8.000000000000000000e+00 4.822400000000000546e+03
2.400000000000000000e+01 4.823400000000000546e+03
4.000000000000000000e+01 4.824550000000000182e+03
7.200000000000000000e+01 4.825050000000000182e+03
8.000000000000000000e+01 4.826800000000000182e+03
3.200000000000000000e+01 4.831949999999999818e+03
1.600000000000000000e+01 4.833550000000000182e+03
4.800000000000000000e+01 4.847449999999999818e+03
6.400000000000000000e+01 4.847850000000000364e+03
7.200000000000000000e+01 4.850199999999999818e+03
8.000000000000000000e+01 4.854850000000000364e+03
5.600000000000000000e+01 4.855050000000000182e+03
2.400000000000000000e+01 4.857949999999999818e+03
1.600000000000000000e+01 4.858100000000000364e+03
3.200000000000000000e+01 4.863949999999999818e+03
4.000000000000000000e+01 4.865850000000000364e+03
8.000000000000000000e+00 4.866300000000000182e+03
4.800000000000000000e+01 4.868300000000000182e+03
2.400000000000000000e+01 4.885449999999999818e+03
8.000000000000000000e+01 4.889400000000000546e+03
7.200000000000000000e+01 4.890650000000000546e+03
5.600000000000000000e+01 4.892500000000000000e+03
6.400000000000000000e+01 4.892449999999999818e+03
8.000000000000000000e+00 4.895600000000000364e+03
3.200000000000000000e+01 4.895699999999999818e+03
4.000000000000000000e+01 4.896000000000000000e+03
1.600000000000000000e+01 4.898600000000000364e+03
4.800000000000000000e+01 4.899949999999999818e+03
2.400000000000000000e+01 4.925600000000000364e+03
8.000000000000000000e+01 4.929199999999999818e+03
4.000000000000000000e+01 4.929400000000000546e+03
6.400000000000000000e+01 4.932750000000000000e+03
5.600000000000000000e+01 4.934300000000000182e+03
4.800000000000000000e+01 4.934750000000000000e+03
8.000000000000000000e+00 4.935500000000000000e+03
3.200000000000000000e+01 4.935650000000000546e+03
1.600000000000000000e+01 4.937900000000000546e+03
2.400000000000000000e+01 4.948600000000000364e+03
4.800000000000000000e+01 4.966050000000000182e+03
5.600000000000000000e+01 4.966250000000000000e+03
8.000000000000000000e+01 4.966400000000000546e+03
7.200000000000000000e+01 4.967250000000000000e+03
3.200000000000000000e+01 4.968449999999999818e+03
8.000000000000000000e+00 4.969699999999999818e+03
1.600000000000000000e+01 4.969650000000000546e+03
2.400000000000000000e+01 4.969850000000000364e+03
4.000000000000000000e+01 4.972650000000000546e+03
6.400000000000000000e+01 4.973250000000000000e+03
2.400000000000000000e+01 4.998750000000000000e+03
3.200000000000000000e+01 5.000550000000000182e+03
8.000000000000000000e+01 5.000650000000000546e+03
5.600000000000000000e+01 5.002650000000000546e+03
4.800000000000000000e+01 5.002949999999999818e+03
1.600000000000000000e+01 5.004050000000000182e+03
6.400000000000000000e+01 5.005600000000000364e+03
8.000000000000000000e+00 5.005850000000000364e+03
7.200000000000000000e+01 5.020750000000000000e+03
8.000000000000000000e+01 5.025850000000000364e+03
5.600000000000000000e+01 5.037000000000000000e+03
3.200000000000000000e+01 5.037750000000000000e+03
4.000000000000000000e+01 5.038800000000000182e+03
1.600000000000000000e+01 5.039650000000000546e+03
2.400000000000000000e+01 5.040100000000000364e+03
4.800000000000000000e+01 5.040199999999999818e+03
8.000000000000000000e+00 5.040500000000000000e+03
6.400000000000000000e+01 5.042100000000000364e+03
7.200000000000000000e+01 5.061800000000000182e+03
4.800000000000000000e+01 5.068000000000000000e+03
2.400000000000000000e+01 5.070350000000000364e+03
8.000000000000000000e+01 5.073199999999999818e+03
3.200000000000000000e+01 5.073400000000000546e+03
5.600000000000000000e+01 5.073650000000000546e+03
1.600000000000000000e+01 5.073900000000000546e+03
4.000000000000000000e+01 5.074199999999999818e+03
8.000000000000000000e+00 5.074250000000000000e+03
6.400000000000000000e+01 5.074350000000000364e+03
7.200000000000000000e+01 5.102050000000000182e+03
6.400000000000000000e+01 5.102699999999999818e+03
2.400000000000000000e+01 5.104650000000000546e+03
8.000000000000000000e+00 5.105949999999999818e+03
4.800000000000000000e+01 5.106850000000000364e+03
1.600000000000000000e+01 5.106949999999999818e+03
4.000000000000000000e+01 5.107199999999999818e+03
5.600000000000000000e+01 5.107150000000000546e+03
3.200000000000000000e+01 5.107400000000000546e+03
8.000000000000000000e+01 5.108000000000000000e+03
2.400000000000000000e+01 5.140750000000000000e+03
8.000000000000000000e+00 5.141949999999999818e+03
6.400000000000000000e+01 5.142050000000000182e+03
8.000000000000000000e+01 5.142500000000000000e+03
4.800000000000000000e+01 5.142900000000000546e+03
4.000000000000000000e+01 5.143250000000000000e+03
3.200000000000000000e+01 5.143900000000000546e+03
1.600000000000000000e+01 5.144800000000000182e+03
5.600000000000000000e+01 5.147050000000000182e+03
7.200000000000000000e+01 5.148350000000000364e+03
4.800000000000000000e+01 5.171150000000000546e+03
6.400000000000000000e+01 5.173100000000000364e+03
2.400000000000000000e+01 5.173850000000000364e+03
1.600000000000000000e+01 5.175449999999999818e+03
3.200000000000000000e+01 5.175600000000000364e+03
8.000000000000000000e+00 5.176449999999999818e+03
5.600000000000000000e+01 5.176699999999999818e+03
4.000000000000000000e+01 5.177500000000000000e+03
8.000000000000000000e+01 5.177500000000000000e+03
7.200000000000000000e+01 5.177600000000000364e+03
1.600000000000000000e+01 5.196100000000000364e+03
6.400000000000000000e+01 5.208150000000000546e+03
2.400000000000000000e+01 5.209900000000000546e+03
8.000000000000000000e+01 5.211100000000000364e+03
4.800000000000000000e+01 5.211250000000000000e+03
8.000000000000000000e+00 5.211449999999999818e+03
4.000000000000000000e+01 5.212100000000000364e+03
3.200000000000000000e+01 5.212199999999999818e+03
5.600000000000000000e+01 5.212699999999999818e+03
7.200000000000000000e+01 5.213300000000000182e+03
1.600000000000000000e+01 5.231100000000000364e+03
8.000000000000000000e+00 5.238250000000000000e+03
4.800000000000000000e+01 5.239150000000000546e+03
2.400000000000000000e+01 5.239900000000000546e+03
4.000000000000000000e+01 5.240900000000000546e+03
6.400000000000000000e+01 5.242150000000000546e+03
3.200000000000000000e+01 5.243100000000000364e+03
5.600000000000000000e+01 5.243500000000000000e+03
8.000000000000000000e+01 5.244949999999999818e+03
1.600000000000000000e+01 5.245199999999999818e+03
7.200000000000000000e+01 5.245699999999999818e+03
8.000000000000000000e+00 5.271600000000000364e+03
6.400000000000000000e+01 5.274250000000000000e+03
7.200000000000000000e+01 5.274449999999999818e+03
3.200000000000000000e+01 5.274750000000000000e+03
5.600000000000000000e+01 5.274800000000000182e+03
1.600000000000000000e+01 5.275699999999999818e+03
4.000000000000000000e+01 5.276150000000000546e+03
2.400000000000000000e+01 5.277350000000000364e+03
8.000000000000000000e+01 5.277449999999999818e+03
4.800000000000000000e+01 5.277949999999999818e+03
8.000000000000000000e+00 5.299650000000000546e+03
5.600000000000000000e+01 5.305000000000000000e+03
1.600000000000000000e+01 5.307050000000000182e+03
3.200000000000000000e+01 5.307850000000000364e+03
4.000000000000000000e+01 5.308250000000000000e+03
7.200000000000000000e+01 5.308300000000000182e+03
2.400000000000000000e+01 5.308350000000000364e+03
8.000000000000000000e+01 5.308699999999999818e+03
4.800000000000000000e+01 5.308900000000000546e+03
6.400000000000000000e+01 5.309600000000000364e+03
8.000000000000000000e+00 5.326150000000000546e+03
4.800000000000000000e+01 5.333600000000000364e+03
5.600000000000000000e+01 5.335400000000000546e+03
1.600000000000000000e+01 5.336900000000000546e+03
2.400000000000000000e+01 5.337150000000000546e+03
8.000000000000000000e+01 5.337550000000000182e+03
3.200000000000000000e+01 5.338000000000000000e+03
7.200000000000000000e+01 5.338199999999999818e+03
4.000000000000000000e+01 5.338350000000000364e+03
6.400000000000000000e+01 5.338600000000000364e+03
8.000000000000000000e+00 5.358449999999999818e+03
5.600000000000000000e+01 5.366650000000000546e+03
3.200000000000000000e+01 5.367650000000000546e+03
4.800000000000000000e+01 5.367900000000000546e+03
2.400000000000000000e+01 5.368000000000000000e+03
7.200000000000000000e+01 5.368250000000000000e+03
6.400000000000000000e+01 5.368350000000000364e+03
1.600000000000000000e+01 5.368600000000000364e+03
4.000000000000000000e+01 5.368650000000000546e+03
8.000000000000000000e+01 5.368800000000000182e+03
8.000000000000000000e+00 5.395850000000000364e+03
4.000000000000000000e+01 5.398350000000000364e+03
4.800000000000000000e+01 5.399800000000000182e+03
8.000000000000000000e+01 5.400199999999999818e+03
3.200000000000000000e+01 5.400300000000000182e+03
7.200000000000000000e+01 5.400449999999999818e+03
2.400000000000000000e+01 5.400800000000000182e+03
1.600000000000000000e+01 5.401800000000000182e+03
6.400000000000000000e+01 5.402199999999999818e+03
5.600000000000000000e+01 5.402900000000000546e+03
3.200000000000000000e+01 5.431800000000000182e+03
2.400000000000000000e+01 5.431850000000000364e+03
8.000000000000000000e+00 5.432050000000000182e+03
4.000000000000000000e+01 5.432550000000000182e+03
5.600000000000000000e+01 5.435100000000000364e+03
6.400000000000000000e+01 5.435250000000000000e+03
8.000000000000000000e+01 5.435949999999999818e+03
7.200000000000000000e+01 5.436050000000000182e+03
1.600000000000000000e+01 5.436250000000000000e+03
4.800000000000000000e+01 5.436750000000000000e+03
4.000000000000000000e+01 5.456949999999999818e+03
3.200000000000000000e+01 5.459449999999999818e+03
2.400000000000000000e+01 5.460050000000000182e+03
6.400000000000000000e+01 5.463400000000000546e+03
4.800000000000000000e+01 5.464550000000000182e+03
5.600000000000000000e+01 5.465100000000000364e+03
7.200000000000000000e+01 5.465100000000000364e+03
8.000000000000000000e+01 5.465199999999999818e+03
8.000000000000000000e+00 5.465400000000000546e+03
1.600000000000000000e+01 5.466300000000000182e+03
3.200000000000000000e+01 5.479100000000000364e+03
2.400000000000000000e+01 5.489150000000000546e+03
6.400000000000000000e+01 5.491400000000000546e+03
1.600000000000000000e+01 5.491949999999999818e+03
4.000000000000000000e+01 5.492900000000000546e+03
7.200000000000000000e+01 5.493449999999999818e+03
4.800000000000000000e+01 5.493600000000000364e+03
8.000000000000000000e+00 5.493949999999999818e+03
5.600000000000000000e+01 5.494199999999999818e+03
8.000000000000000000e+01 5.495000000000000000e+03
3.200000000000000000e+01 5.496350000000000364e+03
2.400000000000000000e+01 5.521550000000000182e+03
1.600000000000000000e+01 5.523350000000000364e+03
7.200000000000000000e+01 5.523800000000000182e+03
4.800000000000000000e+01 5.524000000000000000e+03
6.400000000000000000e+01 5.524150000000000546e+03
3.200000000000000000e+01 5.524250000000000000e+03
8.000000000000000000e+00 5.525400000000000546e+03
4.000000000000000000e+01 5.525550000000000182e+03
5.600000000000000000e+01 5.525650000000000546e+03
8.000000000000000000e+01 5.526199999999999818e+03
2.400000000000000000e+01 5.548400000000000546e+03
4.800000000000000000e+01 5.548949999999999818e+03
7.200000000000000000e+01 5.551000000000000000e+03
1.600000000000000000e+01 5.551050000000000182e+03
6.400000000000000000e+01 5.551500000000000000e+03
3.200000000000000000e+01 5.553850000000000364e+03
5.600000000000000000e+01 5.554949999999999818e+03
8.000000000000000000e+01 5.555050000000000182e+03
8.000000000000000000e+00 5.555199999999999818e+03
4.000000000000000000e+01 5.555300000000000182e+03
7.200000000000000000e+01 5.577750000000000000e+03
2.400000000000000000e+01 5.577949999999999818e+03
4.800000000000000000e+01 5.578250000000000000e+03
1.600000000000000000e+01 5.580000000000000000e+03
5.600000000000000000e+01 5.580150000000000546e+03
6.400000000000000000e+01 5.580300000000000182e+03
8.000000000000000000e+01 5.582199999999999818e+03
8.000000000000000000e+00 5.583150000000000546e+03
4.000000000000000000e+01 5.583350000000000364e+03
3.200000000000000000e+01 5.584199999999999818e+03
8.000000000000000000e+01 5.606300000000000182e+03
2.400000000000000000e+01 5.607199999999999818e+03
7.200000000000000000e+01 5.608550000000000182e+03
4.800000000000000000e+01 5.609150000000000546e+03
6.400000000000000000e+01 5.612000000000000000e+03
3.200000000000000000e+01 5.613300000000000182e+03
5.600000000000000000e+01 5.613250000000000000e+03
1.600000000000000000e+01 5.613850000000000364e+03
8.000000000000000000e+00 5.614000000000000000e+03
4.000000000000000000e+01 5.614150000000000546e+03
8.000000000000000000e+01 5.635300000000000182e+03
5.600000000000000000e+01 5.644800000000000182e+03
7.200000000000000000e+01 5.644800000000000182e+03
4.800000000000000000e+01 5.645900000000000546e+03
3.200000000000000000e+01 5.646050000000000182e+03
1.600000000000000000e+01 5.646250000000000000e+03
6.400000000000000000e+01 5.646800000000000182e+03
2.400000000000000000e+01 5.646850000000000364e+03
8.000000000000000000e+00 5.647000000000000000e+03
4.000000000000000000e+01 5.647000000000000000e+03
8.000000000000000000e+01 5.669400000000000546e+03
4.800000000000000000e+01 5.672800000000000182e+03
5.600000000000000000e+01 5.673800000000000182e+03
6.400000000000000000e+01 5.674800000000000182e+03
1.600000000000000000e+01 5.675900000000000546e+03
4.000000000000000000e+01 5.675850000000000364e+03
2.400000000000000000e+01 5.676699999999999818e+03
7.200000000000000000e+01 5.677199999999999818e+03
3.200000000000000000e+01 5.677300000000000182e+03
8.000000000000000000e+00 5.677699999999999818e+03
8.000000000000000000e+01 5.697900000000000546e+03
4.800000000000000000e+01 5.701550000000000182e+03
1.600000000000000000e+01 5.703650000000000546e+03
7.200000000000000000e+01 5.704250000000000000e+03
2.400000000000000000e+01 5.704550000000000182e+03
6.400000000000000000e+01 5.704800000000000182e+03
4.000000000000000000e+01 5.704949999999999818e+03
5.600000000000000000e+01 5.705400000000000546e+03
3.200000000000000000e+01 5.705500000000000000e+03
8.000000000000000000e+00 5.706350000000000364e+03
3.200000000000000000e+01 5.732199999999999818e+03
1.600000000000000000e+01 5.736050000000000182e+03
4.000000000000000000e+01 5.736850000000000364e+03
7.200000000000000000e+01 5.737150000000000546e+03
6.400000000000000000e+01 5.737250000000000000e+03
8.000000000000000000e+00 5.737650000000000546e+03
5.600000000000000000e+01 5.737900000000000546e+03
8.000000000000000000e+01 5.738100000000000364e+03
4.800000000000000000e+01 5.738150000000000546e+03
2.400000000000000000e+01 5.738949999999999818e+03
7.200000000000000000e+01 5.762400000000000546e+03
1.600000000000000000e+01 5.763800000000000182e+03
5.600000000000000000e+01 5.764050000000000182e+03
8.000000000000000000e+00 5.766100000000000364e+03
4.000000000000000000e+01 5.766800000000000182e+03
3.200000000000000000e+01 5.767300000000000182e+03
6.400000000000000000e+01 5.767949999999999818e+03
8.000000000000000000e+01 5.768000000000000000e+03
4.800000000000000000e+01 5.768550000000000182e+03
2.400000000000000000e+01 5.768750000000000000e+03
7.200000000000000000e+01 5.790750000000000000e+03
5.600000000000000000e+01 5.792250000000000000e+03
1.600000000000000000e+01 5.792449999999999818e+03
3.200000000000000000e+01 5.794150000000000546e+03
4.000000000000000000e+01 5.794600000000000364e+03
8.000000000000000000e+00 5.795350000000000364e+03
4.800000000000000000e+01 5.796800000000000182e+03
6.400000000000000000e+01 5.796800000000000182e+03
8.000000000000000000e+01 5.796949999999999818e+03
2.400000000000000000e+01 5.797550000000000182e+03
7.200000000000000000e+01 5.813550000000000182e+03
3.200000000000000000e+01 5.824000000000000000e+03
4.000000000000000000e+01 5.824699999999999818e+03
8.000000000000000000e+01 5.825100000000000364e+03
8.000000000000000000e+00 5.825150000000000546e+03
5.600000000000000000e+01 5.825350000000000364e+03
4.800000000000000000e+01 5.825900000000000546e+03
1.600000000000000000e+01 5.826250000000000000e+03
6.400000000000000000e+01 5.826500000000000000e+03
2.400000000000000000e+01 5.827300000000000182e+03
7.200000000000000000e+01 5.840150000000000546e+03
4.800000000000000000e+01 5.846699999999999818e+03
5.600000000000000000e+01 5.847650000000000546e+03
3.200000000000000000e+01 5.849350000000000364e+03
1.600000000000000000e+01 5.849949999999999818e+03
8.000000000000000000e+01 5.850199999999999818e+03
4.000000000000000000e+01 5.852150000000000546e+03
6.400000000000000000e+01 5.854199999999999818e+03
8.000000000000000000e+00 5.854300000000000182e+03
2.400000000000000000e+01 5.854500000000000000e+03
7.200000000000000000e+01 5.857000000000000000e+03
8.000000000000000000e+01 5.882250000000000000e+03
8.000000000000000000e+00 5.882400000000000546e+03
1.600000000000000000e+01 5.883550000000000182e+03
3.200000000000000000e+01 5.884050000000000182e+03
2.400000000000000000e+01 5.884350000000000364e+03
6.400000000000000000e+01 5.884800000000000182e+03
4.000000000000000000e+01 5.885150000000000546e+03
4.800000000000000000e+01 5.885449999999999818e+03
5.600000000000000000e+01 5.885600000000000364e+03
7.200000000000000000e+01 5.885800000000000182e+03
8.000000000000000000e+00 5.912250000000000000e+03
3.200000000000000000e+01 5.913699999999999818e+03
1.600000000000000000e+01 5.914150000000000546e+03
8.000000000000000000e+01 5.914250000000000000e+03
5.600000000000000000e+01 5.914750000000000000e+03
6.400000000000000000e+01 5.915199999999999818e+03
7.200000000000000000e+01 5.915150000000000546e+03
4.000000000000000000e+01 5.915400000000000546e+03
2.400000000000000000e+01 5.916100000000000364e+03
4.800000000000000000e+01 5.916650000000000546e+03
5.600000000000000000e+01 5.943350000000000364e+03
2.400000000000000000e+01 5.943949999999999818e+03
6.400000000000000000e+01 5.944750000000000000e+03
8.000000000000000000e+00 5.945100000000000364e+03
1.600000000000000000e+01 5.946949999999999818e+03
4.800000000000000000e+01 5.946949999999999818e+03
7.200000000000000000e+01 5.947150000000000546e+03
3.200000000000000000e+01 5.947350000000000364e+03
4.000000000000000000e+01 5.947600000000000364e+03
8.000000000000000000e+01 5.947750000000000000e+03
2.400000000000000000e+01 5.968300000000000182e+03
6.400000000000000000e+01 5.975199999999999818e+03
8.000000000000000000e+01 5.976350000000000364e+03
8.000000000000000000e+00 5.976449999999999818e+03
4.000000000000000000e+01 5.976500000000000000e+03
5.600000000000000000e+01 5.976550000000000182e+03
4.800000000000000000e+01 5.976750000000000000e+03
3.200000000000000000e+01 5.976949999999999818e+03
1.600000000000000000e+01 5.977699999999999818e+03
7.200000000000000000e+01 5.977900000000000546e+03
2.400000000000000000e+01 5.980300000000000182e+03
8.000000000000000000e+01 6.162350000000000364e+03
8.000000000000000000e+00 6.197300000000000182e+03
4.000000000000000000e+01 6.284449999999999818e+03
6.400000000000000000e+01 6.328949999999999818e+03
8.000000000000000000e+00 6.357350000000000364e+03
4.800000000000000000e+01 6.358000000000000000e+03
8.000000000000000000e+01 6.363650000000000546e+03
3.200000000000000000e+01 6.433449999999999818e+03
8.000000000000000000e+01 6.437449999999999818e+03
6.400000000000000000e+01 6.477850000000000364e+03
7.200000000000000000e+01 6.479600000000000364e+03
8.000000000000000000e+00 6.479850000000000364e+03
2.400000000000000000e+01 6.479900000000000546e+03
4.800000000000000000e+01 6.482550000000000182e+03
5.600000000000000000e+01 6.482550000000000182e+03
4.000000000000000000e+01 6.485199999999999818e+03
1.600000000000000000e+01 6.485449999999999818e+03
3.200000000000000000e+01 6.485600000000000364e+03
8.000000000000000000e+01 6.486250000000000000e+03
7.200000000000000000e+01 6.738250000000000000e+03
3.200000000000000000e+01 6.741400000000000546e+03
6.400000000000000000e+01 6.746400000000000546e+03
8.000000000000000000e+01 6.759350000000000364e+03
4.800000000000000000e+01 6.782750000000000000e+03
4.000000000000000000e+01 6.783300000000000182e+03
2.400000000000000000e+01 6.784000000000000000e+03
7.200000000000000000e+01 6.784300000000000182e+03
8.000000000000000000e+00 6.784600000000000364e+03
1.600000000000000000e+01 6.785000000000000000e+03
3.200000000000000000e+01 6.785600000000000364e+03
5.600000000000000000e+01 6.785550000000000182e+03
6.400000000000000000e+01 6.785550000000000182e+03
8.000000000000000000e+01 6.787750000000000000e+03
3.200000000000000000e+01 7.447100000000000364e+03
8.000000000000000000e+00 7.549500000000000000e+03
1.600000000000000000e+01 7.644100000000000364e+03
3.200000000000000000e+01 8.001550000000000182e+03
7.200000000000000000e+01 8.031699999999999818e+03
8.000000000000000000e+01 8.032699999999999818e+03
8.000000000000000000e+01 8.192149999999999636e+03
5.600000000000000000e+01 8.209750000000000000e+03
6.400000000000000000e+01 8.491100000000000364e+03
6.400000000000000000e+01 9.092899999999999636e+03
1.600000000000000000e+01 1.013714999999999964e+04
2.400000000000000000e+01 1.014225000000000000e+04
6.400000000000000000e+01 1.015375000000000000e+04
4.000000000000000000e+01 1.016010000000000036e+04
4.800000000000000000e+01 1.016170000000000073e+04
7.200000000000000000e+01 1.016264999999999964e+04
8.000000000000000000e+00 1.016305000000000109e+04
3.200000000000000000e+01 1.016305000000000109e+04
8.000000000000000000e+01 1.016370000000000073e+04
5.600000000000000000e+01 1.016385000000000036e+04
1.600000000000000000e+01 1.016480000000000109e+04
2.400000000000000000e+01 1.016475000000000000e+04
4.000000000000000000e+01 1.037489999999999964e+04
2.400000000000000000e+01 1.040639999999999964e+04
3.200000000000000000e+01 1.056855000000000109e+04
8.000000000000000000e+01 1.068275000000000000e+04
3.200000000000000000e+01 1.073089999999999964e+04
2.400000000000000000e+01 1.075814999999999964e+04
6.400000000000000000e+01 1.076145000000000073e+04
5.600000000000000000e+01 1.076345000000000073e+04
1.600000000000000000e+01 1.076370000000000073e+04
4.000000000000000000e+01 1.076395000000000073e+04
4.800000000000000000e+01 1.076414999999999964e+04
8.000000000000000000e+00 1.076439999999999964e+04
8.000000000000000000e+01 1.076439999999999964e+04
7.200000000000000000e+01 1.076475000000000000e+04
3.200000000000000000e+01 1.076535000000000036e+04
2.400000000000000000e+01 1.089464999999999964e+04
3.200000000000000000e+01 1.109825000000000000e+04
7.200000000000000000e+01 1.110645000000000073e+04
1.600000000000000000e+01 1.122420000000000073e+04
1.600000000000000000e+01 1.131714999999999964e+04
7.200000000000000000e+01 1.137325000000000000e+04
8.000000000000000000e+01 1.222664999999999964e+04
2.400000000000000000e+01 1.224485000000000036e+04
2.400000000000000000e+01 1.409214999999999964e+04
8.000000000000000000e+00 1.423560000000000036e+04
3.200000000000000000e+01 1.427410000000000036e+04
7.200000000000000000e+01 1.446020000000000073e+04
8.000000000000000000e+01 1.457385000000000036e+04
6.400000000000000000e+01 1.477300000000000000e+04
8.000000000000000000e+01 1.477689999999999964e+04
6.400000000000000000e+01 1.488195000000000073e+04
4.800000000000000000e+01 1.489285000000000036e+04
7.200000000000000000e+01 1.490975000000000000e+04
2.400000000000000000e+01 1.491264999999999964e+04
4.000000000000000000e+01 1.491485000000000036e+04
1.600000000000000000e+01 1.491514999999999964e+04
5.600000000000000000e+01 1.491530000000000109e+04
8.000000000000000000e+00 1.491555000000000109e+04
8.000000000000000000e+01 1.491555000000000109e+04
3.200000000000000000e+01 1.491564999999999964e+04
6.400000000000000000e+01 1.491689999999999964e+04
4.800000000000000000e+01 1.491820000000000073e+04
8.000000000000000000e+01 1.546670000000000073e+04
6.400000000000000000e+01 1.563785000000000036e+04
6.400000000000000000e+01 1.584130000000000109e+04
6.400000000000000000e+01 1.607675000000000000e+04
4.000000000000000000e+01 1.673509999999999854e+04
6.400000000000000000e+01 1.682690000000000146e+04
6.400000000000000000e+01 1.760545000000000073e+04
8.000000000000000000e+00 1.797035000000000218e+04
4.800000000000000000e+01 1.822720000000000073e+04
8.000000000000000000e+01 1.824690000000000146e+04
1.600000000000000000e+01 1.835175000000000000e+04
5.600000000000000000e+01 1.837304999999999927e+04
8.000000000000000000e+00 1.845145000000000073e+04
1.600000000000000000e+01 1.847129999999999927e+04
6.400000000000000000e+01 1.847660000000000218e+04
4.800000000000000000e+01 1.847785000000000218e+04
8.000000000000000000e+01 1.848035000000000218e+04
3.200000000000000000e+01 1.848495000000000073e+04
4.000000000000000000e+01 1.848550000000000000e+04
8.000000000000000000e+00 1.848579999999999927e+04
2.400000000000000000e+01 1.848585000000000218e+04
7.200000000000000000e+01 1.848590000000000146e+04
5.600000000000000000e+01 1.848645000000000073e+04
8.000000000000000000e+00 1.866465000000000146e+04
5.600000000000000000e+01 1.891520000000000073e+04
2.400000000000000000e+01 1.892579999999999927e+04
7.200000000000000000e+01 1.898885000000000218e+04
7.200000000000000000e+01 1.911385000000000218e+04
7.200000000000000000e+01 1.917315000000000146e+04
7.200000000000000000e+01 1.930385000000000218e+04
4.800000000000000000e+01 1.970979999999999927e+04
7.200000000000000000e+01 1.971560000000000218e+04
4.000000000000000000e+01 1.975104999999999927e+04
7.200000000000000000e+01 2.198990000000000146e+04
3.200000000000000000e+01 2.205690000000000146e+04
6.400000000000000000e+01 2.207465000000000146e+04
4.000000000000000000e+01 2.214385000000000218e+04
2.400000000000000000e+01 2.215110000000000218e+04
2.400000000000000000e+01 2.240210000000000218e+04
8.000000000000000000e+00 2.240620000000000073e+04
1.600000000000000000e+01 2.240675000000000000e+04
7.200000000000000000e+01 2.252200000000000000e+04
3.200000000000000000e+01 2.295010000000000218e+04
8.000000000000000000e+00 2.296325000000000000e+04
5.700000000000000000e+01 2.586000000000000227e+02
2.500000000000000000e+01 2.666499999999999773e+02
4.100000000000000000e+01 3.311500000000000341e+02
9.000000000000000000e+00 4.565500000000000114e+02
6.500000000000000000e+01 5.262999999999999545e+02
1.700000000000000000e+01 8.079500000000000455e+02
4.900000000000000000e+01 8.120000000000000000e+02
4.100000000000000000e+01 8.287500000000000000e+02
6.500000000000000000e+01 1.328049999999999955e+03
4.900000000000000000e+01 1.546250000000000000e+03
1.700000000000000000e+01 1.912850000000000136e+03
1.700000000000000000e+01 2.294250000000000000e+03
1.700000000000000000e+01 2.840050000000000182e+03
2.500000000000000000e+01 2.885700000000000273e+03
6.500000000000000000e+01 3.026450000000000273e+03
1.700000000000000000e+01 3.030099999999999909e+03
9.000000000000000000e+00 3.031150000000000091e+03
7.300000000000000000e+01 3.032050000000000182e+03
2.500000000000000000e+01 3.034800000000000182e+03
8.100000000000000000e+01 3.039599999999999909e+03
5.700000000000000000e+01 3.046750000000000000e+03
4.100000000000000000e+01 3.055400000000000091e+03
3.300000000000000000e+01 3.061400000000000091e+03
4.900000000000000000e+01 3.063900000000000091e+03
7.300000000000000000e+01 3.088500000000000000e+03
1.700000000000000000e+01 3.093150000000000091e+03
2.500000000000000000e+01 3.096950000000000273e+03
5.700000000000000000e+01 3.113250000000000000e+03
8.100000000000000000e+01 3.113550000000000182e+03
9.000000000000000000e+00 3.133599999999999909e+03
2.500000000000000000e+01 3.137349999999999909e+03
1.700000000000000000e+01 3.143250000000000000e+03
4.900000000000000000e+01 3.150050000000000182e+03
7.300000000000000000e+01 3.170150000000000091e+03
6.500000000000000000e+01 3.177750000000000000e+03
9.000000000000000000e+00 3.185000000000000000e+03
1.700000000000000000e+01 3.188400000000000091e+03
4.100000000000000000e+01 3.189700000000000273e+03
2.500000000000000000e+01 3.199050000000000182e+03
3.300000000000000000e+01 3.199250000000000000e+03
4.900000000000000000e+01 3.203599999999999909e+03
8.100000000000000000e+01 3.206700000000000273e+03
5.700000000000000000e+01 3.214050000000000182e+03
6.500000000000000000e+01 3.232700000000000273e+03
9.000000000000000000e+00 3.243450000000000273e+03
4.100000000000000000e+01 3.260000000000000000e+03
2.500000000000000000e+01 3.275150000000000091e+03
7.300000000000000000e+01 3.278450000000000273e+03
5.700000000000000000e+01 3.292450000000000273e+03
3.300000000000000000e+01 3.294849999999999909e+03
8.100000000000000000e+01 3.301349999999999909e+03
1.700000000000000000e+01 3.303450000000000273e+03
4.900000000000000000e+01 3.304099999999999909e+03
2.500000000000000000e+01 3.321500000000000000e+03
6.500000000000000000e+01 3.323750000000000000e+03
4.100000000000000000e+01 3.329849999999999909e+03
9.000000000000000000e+00 3.338500000000000000e+03
4.900000000000000000e+01 3.344950000000000273e+03
7.300000000000000000e+01 3.346250000000000000e+03
3.300000000000000000e+01 3.360099999999999909e+03
5.700000000000000000e+01 3.371650000000000091e+03
6.500000000000000000e+01 3.374599999999999909e+03
8.100000000000000000e+01 3.387650000000000091e+03
3.300000000000000000e+01 3.393150000000000091e+03
7.300000000000000000e+01 3.400349999999999909e+03
4.100000000000000000e+01 3.401599999999999909e+03
9.000000000000000000e+00 3.404150000000000091e+03
6.500000000000000000e+01 3.409450000000000273e+03
4.900000000000000000e+01 3.423900000000000091e+03
1.700000000000000000e+01 3.427800000000000182e+03
8.100000000000000000e+01 3.427950000000000273e+03
2.500000000000000000e+01 3.434250000000000000e+03
9.000000000000000000e+00 3.444700000000000273e+03
3.300000000000000000e+01 3.447200000000000273e+03
5.700000000000000000e+01 3.467550000000000182e+03
6.500000000000000000e+01 3.471000000000000000e+03
2.500000000000000000e+01 3.473250000000000000e+03
4.900000000000000000e+01 3.476349999999999909e+03
7.300000000000000000e+01 3.490800000000000182e+03
8.100000000000000000e+01 3.503849999999999909e+03
3.300000000000000000e+01 3.505750000000000000e+03
5.700000000000000000e+01 3.510650000000000091e+03
9.000000000000000000e+00 3.513000000000000000e+03
6.500000000000000000e+01 3.518550000000000182e+03
7.300000000000000000e+01 3.527050000000000182e+03
4.900000000000000000e+01 3.534050000000000182e+03
3.300000000000000000e+01 3.547750000000000000e+03
9.000000000000000000e+00 3.562400000000000091e+03
7.300000000000000000e+01 3.564349999999999909e+03
4.900000000000000000e+01 3.567599999999999909e+03
4.100000000000000000e+01 3.568599999999999909e+03
8.100000000000000000e+01 3.574000000000000000e+03
5.700000000000000000e+01 3.574750000000000000e+03
3.300000000000000000e+01 3.591349999999999909e+03
9.000000000000000000e+00 3.608599999999999909e+03
1.700000000000000000e+01 3.621700000000000273e+03
6.500000000000000000e+01 3.625150000000000091e+03
4.100000000000000000e+01 3.635349999999999909e+03
9.000000000000000000e+00 3.653599999999999909e+03
4.900000000000000000e+01 3.656000000000000000e+03
3.300000000000000000e+01 3.656550000000000182e+03
7.300000000000000000e+01 3.669550000000000182e+03
8.100000000000000000e+01 3.673450000000000273e+03
1.700000000000000000e+01 3.687250000000000000e+03
9.000000000000000000e+00 3.695900000000000091e+03
2.500000000000000000e+01 3.696800000000000182e+03
4.900000000000000000e+01 3.699849999999999909e+03
3.300000000000000000e+01 3.715349999999999909e+03
7.300000000000000000e+01 3.715450000000000273e+03
5.700000000000000000e+01 3.720150000000000091e+03
6.500000000000000000e+01 3.731650000000000091e+03
3.300000000000000000e+01 3.743700000000000273e+03
9.000000000000000000e+00 3.744700000000000273e+03
2.500000000000000000e+01 3.746950000000000273e+03
4.100000000000000000e+01 3.762050000000000182e+03
5.700000000000000000e+01 3.766750000000000000e+03
4.900000000000000000e+01 3.771700000000000273e+03
6.500000000000000000e+01 3.778050000000000182e+03
8.100000000000000000e+01 3.793650000000000091e+03
9.000000000000000000e+00 3.795450000000000273e+03
3.300000000000000000e+01 3.804500000000000000e+03
2.500000000000000000e+01 3.805000000000000000e+03
4.900000000000000000e+01 3.806450000000000273e+03
6.500000000000000000e+01 3.812150000000000091e+03
4.100000000000000000e+01 3.820800000000000182e+03
1.700000000000000000e+01 3.824599999999999909e+03
5.700000000000000000e+01 3.828200000000000273e+03
4.900000000000000000e+01 3.834599999999999909e+03
7.300000000000000000e+01 3.839599999999999909e+03
9.000000000000000000e+00 3.850650000000000091e+03
6.500000000000000000e+01 3.854200000000000273e+03
4.100000000000000000e+01 3.864349999999999909e+03
5.700000000000000000e+01 3.873400000000000091e+03
8.100000000000000000e+01 3.876250000000000000e+03
7.300000000000000000e+01 3.876599999999999909e+03
4.900000000000000000e+01 3.887050000000000182e+03
6.500000000000000000e+01 3.896650000000000091e+03
3.300000000000000000e+01 3.907750000000000000e+03
1.700000000000000000e+01 3.908349999999999909e+03
4.100000000000000000e+01 3.909750000000000000e+03
8.100000000000000000e+01 3.910950000000000273e+03
2.500000000000000000e+01 3.913650000000000091e+03
9.000000000000000000e+00 3.916550000000000182e+03
6.500000000000000000e+01 3.931050000000000182e+03
5.700000000000000000e+01 3.937150000000000091e+03
2.500000000000000000e+01 3.943500000000000000e+03
4.900000000000000000e+01 3.946250000000000000e+03
7.300000000000000000e+01 3.952599999999999909e+03
8.100000000000000000e+01 3.962500000000000000e+03
9.000000000000000000e+00 3.966950000000000273e+03
2.500000000000000000e+01 3.970200000000000273e+03
1.700000000000000000e+01 3.970400000000000091e+03
5.700000000000000000e+01 3.980349999999999909e+03
3.300000000000000000e+01 3.981099999999999909e+03
6.500000000000000000e+01 3.983150000000000091e+03
4.100000000000000000e+01 3.999150000000000091e+03
7.300000000000000000e+01 4.001250000000000000e+03
4.900000000000000000e+01 4.017050000000000182e+03
9.000000000000000000e+00 4.022750000000000000e+03
1.700000000000000000e+01 4.027050000000000182e+03
8.100000000000000000e+01 4.030900000000000091e+03
2.500000000000000000e+01 4.032599999999999909e+03
3.300000000000000000e+01 4.033800000000000182e+03
6.500000000000000000e+01 4.039750000000000000e+03
4.100000000000000000e+01 4.050349999999999909e+03
9.000000000000000000e+00 4.050550000000000182e+03
4.900000000000000000e+01 4.053750000000000000e+03
8.100000000000000000e+01 4.057250000000000000e+03
7.300000000000000000e+01 4.059849999999999909e+03
1.700000000000000000e+01 4.064099999999999909e+03
5.700000000000000000e+01 4.065700000000000273e+03
2.500000000000000000e+01 4.068900000000000091e+03
3.300000000000000000e+01 4.080900000000000091e+03
6.500000000000000000e+01 4.086300000000000182e+03
9.000000000000000000e+00 4.095400000000000091e+03
4.100000000000000000e+01 4.097800000000000182e+03
5.700000000000000000e+01 4.099000000000000000e+03
7.300000000000000000e+01 4.111800000000000182e+03
8.100000000000000000e+01 4.113399999999999636e+03
2.500000000000000000e+01 4.114449999999999818e+03
6.500000000000000000e+01 4.121500000000000000e+03
4.900000000000000000e+01 4.122899999999999636e+03
5.700000000000000000e+01 4.132899999999999636e+03
2.500000000000000000e+01 4.143199999999999818e+03
4.100000000000000000e+01 4.148750000000000000e+03
6.500000000000000000e+01 4.150250000000000000e+03
1.700000000000000000e+01 4.150899999999999636e+03
3.300000000000000000e+01 4.160899999999999636e+03
8.100000000000000000e+01 4.167149999999999636e+03
7.300000000000000000e+01 4.169000000000000000e+03
4.900000000000000000e+01 4.177699999999999818e+03
2.500000000000000000e+01 4.179100000000000364e+03
1.700000000000000000e+01 4.184050000000000182e+03
5.700000000000000000e+01 4.184750000000000000e+03
3.300000000000000000e+01 4.206399999999999636e+03
6.500000000000000000e+01 4.208050000000000182e+03
4.900000000000000000e+01 4.209399999999999636e+03
7.300000000000000000e+01 4.210899999999999636e+03
2.500000000000000000e+01 4.215050000000000182e+03
4.100000000000000000e+01 4.218649999999999636e+03
9.000000000000000000e+00 4.222050000000000182e+03
8.100000000000000000e+01 4.224199999999999818e+03
5.700000000000000000e+01 4.229850000000000364e+03
1.700000000000000000e+01 4.249199999999999818e+03
3.300000000000000000e+01 4.258100000000000364e+03
2.500000000000000000e+01 4.264750000000000000e+03
4.900000000000000000e+01 4.265600000000000364e+03
6.500000000000000000e+01 4.266600000000000364e+03
5.700000000000000000e+01 4.268100000000000364e+03
4.100000000000000000e+01 4.272199999999999818e+03
8.100000000000000000e+01 4.279300000000000182e+03
7.300000000000000000e+01 4.281250000000000000e+03
1.700000000000000000e+01 4.284500000000000000e+03
9.000000000000000000e+00 4.303199999999999818e+03
3.300000000000000000e+01 4.305899999999999636e+03
4.900000000000000000e+01 4.307050000000000182e+03
5.700000000000000000e+01 4.328050000000000182e+03
7.300000000000000000e+01 4.340050000000000182e+03
4.900000000000000000e+01 4.347649999999999636e+03
6.500000000000000000e+01 4.348750000000000000e+03
3.300000000000000000e+01 4.349949999999999818e+03
2.500000000000000000e+01 4.356149999999999636e+03
4.100000000000000000e+01 4.357350000000000364e+03
1.700000000000000000e+01 4.358250000000000000e+03
8.100000000000000000e+01 4.361399999999999636e+03
7.300000000000000000e+01 4.372949999999999818e+03
4.900000000000000000e+01 4.379100000000000364e+03
5.700000000000000000e+01 4.379150000000000546e+03
3.300000000000000000e+01 4.384000000000000000e+03
9.000000000000000000e+00 4.391350000000000364e+03
1.700000000000000000e+01 4.396600000000000364e+03
4.900000000000000000e+01 4.398000000000000000e+03
4.100000000000000000e+01 4.403300000000000182e+03
6.500000000000000000e+01 4.410050000000000182e+03
5.700000000000000000e+01 4.411699999999999818e+03
3.300000000000000000e+01 4.422550000000000182e+03
4.900000000000000000e+01 4.436000000000000000e+03
9.000000000000000000e+00 4.448699999999999818e+03
8.100000000000000000e+01 4.449400000000000546e+03
5.700000000000000000e+01 4.453600000000000364e+03
7.300000000000000000e+01 4.453800000000000182e+03
4.100000000000000000e+01 4.453900000000000546e+03
1.700000000000000000e+01 4.455750000000000000e+03
6.500000000000000000e+01 4.460800000000000182e+03
9.000000000000000000e+00 4.475449999999999818e+03
3.300000000000000000e+01 4.486750000000000000e+03
4.900000000000000000e+01 4.487000000000000000e+03
2.500000000000000000e+01 4.490650000000000546e+03
4.100000000000000000e+01 4.492199999999999818e+03
6.500000000000000000e+01 4.498400000000000546e+03
5.700000000000000000e+01 4.515699999999999818e+03
1.700000000000000000e+01 4.518949999999999818e+03
3.300000000000000000e+01 4.525350000000000364e+03
4.900000000000000000e+01 4.525600000000000364e+03
8.100000000000000000e+01 4.526250000000000000e+03
2.500000000000000000e+01 4.529550000000000182e+03
7.300000000000000000e+01 4.530100000000000364e+03
4.100000000000000000e+01 4.530650000000000546e+03
6.500000000000000000e+01 4.538100000000000364e+03
9.000000000000000000e+00 4.539900000000000546e+03
5.700000000000000000e+01 4.545449999999999818e+03
1.700000000000000000e+01 4.558400000000000546e+03
4.900000000000000000e+01 4.559350000000000364e+03
3.300000000000000000e+01 4.561600000000000364e+03
4.100000000000000000e+01 4.569100000000000364e+03
8.100000000000000000e+01 4.570500000000000000e+03
9.000000000000000000e+00 4.578650000000000546e+03
5.700000000000000000e+01 4.591050000000000182e+03
4.900000000000000000e+01 4.592800000000000182e+03
2.500000000000000000e+01 4.596150000000000546e+03
6.500000000000000000e+01 4.597699999999999818e+03
3.300000000000000000e+01 4.598600000000000364e+03
7.300000000000000000e+01 4.598699999999999818e+03
1.700000000000000000e+01 4.598750000000000000e+03
8.100000000000000000e+01 4.600199999999999818e+03
4.100000000000000000e+01 4.602350000000000364e+03
9.000000000000000000e+00 4.614150000000000546e+03
8.100000000000000000e+01 4.626199999999999818e+03
3.300000000000000000e+01 4.628600000000000364e+03
1.700000000000000000e+01 4.635750000000000000e+03
4.100000000000000000e+01 4.641350000000000364e+03
5.700000000000000000e+01 4.645199999999999818e+03
9.000000000000000000e+00 4.648500000000000000e+03
4.900000000000000000e+01 4.652400000000000546e+03
6.500000000000000000e+01 4.657000000000000000e+03
2.500000000000000000e+01 4.658199999999999818e+03
5.700000000000000000e+01 4.670400000000000546e+03
3.300000000000000000e+01 4.675000000000000000e+03
9.000000000000000000e+00 4.680300000000000182e+03
4.100000000000000000e+01 4.680850000000000364e+03
8.100000000000000000e+01 4.683000000000000000e+03
6.500000000000000000e+01 4.686199999999999818e+03
1.700000000000000000e+01 4.686900000000000546e+03
7.300000000000000000e+01 4.687650000000000546e+03
4.900000000000000000e+01 4.687900000000000546e+03
2.500000000000000000e+01 4.688250000000000000e+03
5.700000000000000000e+01 4.705350000000000364e+03
3.300000000000000000e+01 4.709250000000000000e+03
2.500000000000000000e+01 4.713750000000000000e+03
7.300000000000000000e+01 4.720199999999999818e+03
9.000000000000000000e+00 4.724000000000000000e+03
8.100000000000000000e+01 4.729250000000000000e+03
5.700000000000000000e+01 4.730050000000000182e+03
4.100000000000000000e+01 4.733800000000000182e+03
4.900000000000000000e+01 4.736300000000000182e+03
1.700000000000000000e+01 4.736650000000000546e+03
6.500000000000000000e+01 4.741650000000000546e+03
9.000000000000000000e+00 4.747150000000000546e+03
2.500000000000000000e+01 4.748350000000000364e+03
3.300000000000000000e+01 4.757400000000000546e+03
8.100000000000000000e+01 4.760250000000000000e+03
7.300000000000000000e+01 4.761900000000000546e+03
4.100000000000000000e+01 4.763150000000000546e+03
6.500000000000000000e+01 4.778550000000000182e+03
1.700000000000000000e+01 4.780250000000000000e+03
5.700000000000000000e+01 4.781699999999999818e+03
2.500000000000000000e+01 4.785550000000000182e+03
4.900000000000000000e+01 4.785800000000000182e+03
9.000000000000000000e+00 4.787300000000000182e+03
4.100000000000000000e+01 4.788550000000000182e+03
8.100000000000000000e+01 4.789199999999999818e+03
7.300000000000000000e+01 4.802150000000000546e+03
3.300000000000000000e+01 4.814150000000000546e+03
1.700000000000000000e+01 4.817750000000000000e+03
8.100000000000000000e+01 4.822000000000000000e+03
9.000000000000000000e+00 4.823350000000000364e+03
5.700000000000000000e+01 4.825600000000000364e+03
2.500000000000000000e+01 4.826449999999999818e+03
6.500000000000000000e+01 4.827000000000000000e+03
4.100000000000000000e+01 4.828199999999999818e+03
4.900000000000000000e+01 4.830949999999999818e+03
7.300000000000000000e+01 4.836100000000000364e+03
3.300000000000000000e+01 4.839000000000000000e+03
1.700000000000000000e+01 4.853750000000000000e+03
5.700000000000000000e+01 4.857250000000000000e+03
7.300000000000000000e+01 4.862699999999999818e+03
2.500000000000000000e+01 4.863150000000000546e+03
4.900000000000000000e+01 4.863550000000000182e+03
6.500000000000000000e+01 4.863550000000000182e+03
9.000000000000000000e+00 4.863949999999999818e+03
8.100000000000000000e+01 4.864250000000000000e+03
4.100000000000000000e+01 4.865500000000000000e+03
3.300000000000000000e+01 4.866150000000000546e+03
5.700000000000000000e+01 4.889350000000000364e+03
1.700000000000000000e+01 4.893300000000000182e+03
4.900000000000000000e+01 4.896600000000000364e+03
6.500000000000000000e+01 4.897300000000000182e+03
4.100000000000000000e+01 4.897600000000000364e+03
9.000000000000000000e+00 4.897650000000000546e+03
3.300000000000000000e+01 4.899500000000000000e+03
7.300000000000000000e+01 4.899750000000000000e+03
8.100000000000000000e+01 4.900949999999999818e+03
2.500000000000000000e+01 4.903850000000000364e+03
1.700000000000000000e+01 4.927100000000000364e+03
4.900000000000000000e+01 4.931250000000000000e+03
5.700000000000000000e+01 4.932949999999999818e+03
7.300000000000000000e+01 4.933449999999999818e+03
3.300000000000000000e+01 4.934199999999999818e+03
9.000000000000000000e+00 4.935000000000000000e+03
8.100000000000000000e+01 4.934949999999999818e+03
6.500000000000000000e+01 4.935449999999999818e+03
4.100000000000000000e+01 4.936650000000000546e+03
2.500000000000000000e+01 4.938850000000000364e+03
5.700000000000000000e+01 4.966250000000000000e+03
3.300000000000000000e+01 4.967100000000000364e+03
8.100000000000000000e+01 4.967900000000000546e+03
2.500000000000000000e+01 4.968449999999999818e+03
9.000000000000000000e+00 4.969150000000000546e+03
4.100000000000000000e+01 4.969250000000000000e+03
1.700000000000000000e+01 4.970000000000000000e+03
7.300000000000000000e+01 4.970300000000000182e+03
4.900000000000000000e+01 4.971050000000000182e+03
6.500000000000000000e+01 4.987150000000000546e+03
4.900000000000000000e+01 5.000050000000000182e+03
3.300000000000000000e+01 5.000750000000000000e+03
1.700000000000000000e+01 5.002000000000000000e+03
9.000000000000000000e+00 5.002400000000000546e+03
4.100000000000000000e+01 5.003550000000000182e+03
8.100000000000000000e+01 5.004100000000000364e+03
7.300000000000000000e+01 5.005600000000000364e+03
5.700000000000000000e+01 5.005949999999999818e+03
2.500000000000000000e+01 5.006400000000000546e+03
6.500000000000000000e+01 5.018449999999999818e+03
1.700000000000000000e+01 5.034650000000000546e+03
8.100000000000000000e+01 5.035199999999999818e+03
4.100000000000000000e+01 5.037100000000000364e+03
5.700000000000000000e+01 5.038300000000000182e+03
2.500000000000000000e+01 5.039000000000000000e+03
7.300000000000000000e+01 5.039150000000000546e+03
3.300000000000000000e+01 5.039500000000000000e+03
4.900000000000000000e+01 5.039449999999999818e+03
6.500000000000000000e+01 5.039949999999999818e+03
9.000000000000000000e+00 5.040850000000000364e+03
1.700000000000000000e+01 5.064000000000000000e+03
8.100000000000000000e+01 5.070850000000000364e+03
3.300000000000000000e+01 5.071050000000000182e+03
4.900000000000000000e+01 5.071500000000000000e+03
4.100000000000000000e+01 5.071550000000000182e+03
7.300000000000000000e+01 5.072400000000000546e+03
6.500000000000000000e+01 5.072500000000000000e+03
2.500000000000000000e+01 5.072949999999999818e+03
9.000000000000000000e+00 5.073250000000000000e+03
5.700000000000000000e+01 5.075050000000000182e+03
7.300000000000000000e+01 5.103150000000000546e+03
4.900000000000000000e+01 5.104449999999999818e+03
8.100000000000000000e+01 5.104750000000000000e+03
3.300000000000000000e+01 5.105800000000000182e+03
9.000000000000000000e+00 5.106900000000000546e+03
1.700000000000000000e+01 5.107050000000000182e+03
2.500000000000000000e+01 5.107500000000000000e+03
5.700000000000000000e+01 5.108150000000000546e+03
4.100000000000000000e+01 5.109100000000000364e+03
6.500000000000000000e+01 5.118449999999999818e+03
7.300000000000000000e+01 5.126250000000000000e+03
2.500000000000000000e+01 5.141850000000000364e+03
3.300000000000000000e+01 5.142650000000000546e+03
8.100000000000000000e+01 5.143900000000000546e+03
9.000000000000000000e+00 5.144300000000000182e+03
4.100000000000000000e+01 5.144350000000000364e+03
5.700000000000000000e+01 5.144350000000000364e+03
4.900000000000000000e+01 5.144750000000000000e+03
6.500000000000000000e+01 5.144949999999999818e+03
1.700000000000000000e+01 5.145550000000000182e+03
5.700000000000000000e+01 5.174449999999999818e+03
9.000000000000000000e+00 5.175000000000000000e+03
4.900000000000000000e+01 5.175250000000000000e+03
2.500000000000000000e+01 5.176100000000000364e+03
3.300000000000000000e+01 5.176500000000000000e+03
4.100000000000000000e+01 5.176600000000000364e+03
6.500000000000000000e+01 5.176600000000000364e+03
7.300000000000000000e+01 5.176900000000000546e+03
8.100000000000000000e+01 5.177000000000000000e+03
1.700000000000000000e+01 5.178000000000000000e+03
4.900000000000000000e+01 5.206600000000000364e+03
2.500000000000000000e+01 5.208449999999999818e+03
5.700000000000000000e+01 5.209500000000000000e+03
9.000000000000000000e+00 5.209800000000000182e+03
4.100000000000000000e+01 5.210350000000000364e+03
7.300000000000000000e+01 5.210800000000000182e+03
8.100000000000000000e+01 5.211150000000000546e+03
1.700000000000000000e+01 5.211600000000000364e+03
6.500000000000000000e+01 5.211600000000000364e+03
3.300000000000000000e+01 5.212300000000000182e+03
2.500000000000000000e+01 5.235949999999999818e+03
4.900000000000000000e+01 5.238150000000000546e+03
4.100000000000000000e+01 5.240699999999999818e+03
5.700000000000000000e+01 5.240800000000000182e+03
7.300000000000000000e+01 5.241199999999999818e+03
9.000000000000000000e+00 5.241699999999999818e+03
1.700000000000000000e+01 5.241699999999999818e+03
8.100000000000000000e+01 5.241750000000000000e+03
6.500000000000000000e+01 5.243850000000000364e+03
3.300000000000000000e+01 5.244250000000000000e+03
9.000000000000000000e+00 5.267850000000000364e+03
4.900000000000000000e+01 5.271650000000000546e+03
1.700000000000000000e+01 5.272150000000000546e+03
5.700000000000000000e+01 5.273150000000000546e+03
6.500000000000000000e+01 5.273300000000000182e+03
7.300000000000000000e+01 5.273650000000000546e+03
4.100000000000000000e+01 5.273900000000000546e+03
8.100000000000000000e+01 5.274000000000000000e+03
2.500000000000000000e+01 5.276650000000000546e+03
3.300000000000000000e+01 5.276800000000000182e+03
8.100000000000000000e+01 5.305100000000000364e+03
4.900000000000000000e+01 5.305300000000000182e+03
5.700000000000000000e+01 5.305850000000000364e+03
2.500000000000000000e+01 5.306500000000000000e+03
4.100000000000000000e+01 5.306750000000000000e+03
1.700000000000000000e+01 5.307000000000000000e+03
7.300000000000000000e+01 5.307350000000000364e+03
6.500000000000000000e+01 5.308300000000000182e+03
9.000000000000000000e+00 5.308600000000000364e+03
3.300000000000000000e+01 5.309199999999999818e+03
7.300000000000000000e+01 5.328199999999999818e+03
3.300000000000000000e+01 5.330699999999999818e+03
2.500000000000000000e+01 5.332650000000000546e+03
6.500000000000000000e+01 5.333800000000000182e+03
8.100000000000000000e+01 5.334050000000000182e+03
9.000000000000000000e+00 5.336400000000000546e+03
1.700000000000000000e+01 5.336600000000000364e+03
5.700000000000000000e+01 5.336900000000000546e+03
4.900000000000000000e+01 5.337350000000000364e+03
4.100000000000000000e+01 5.338600000000000364e+03
7.300000000000000000e+01 5.363400000000000546e+03
2.500000000000000000e+01 5.364300000000000182e+03
3.300000000000000000e+01 5.365550000000000182e+03
5.700000000000000000e+01 5.367350000000000364e+03
9.000000000000000000e+00 5.368050000000000182e+03
8.100000000000000000e+01 5.368350000000000364e+03
4.900000000000000000e+01 5.368449999999999818e+03
6.500000000000000000e+01 5.369199999999999818e+03
4.100000000000000000e+01 5.369900000000000546e+03
1.700000000000000000e+01 5.370350000000000364e+03
7.300000000000000000e+01 5.397300000000000182e+03
9.000000000000000000e+00 5.398850000000000364e+03
2.500000000000000000e+01 5.399600000000000364e+03
3.300000000000000000e+01 5.400800000000000182e+03
1.700000000000000000e+01 5.401199999999999818e+03
8.100000000000000000e+01 5.401750000000000000e+03
4.900000000000000000e+01 5.401900000000000546e+03
5.700000000000000000e+01 5.402100000000000364e+03
4.100000000000000000e+01 5.402350000000000364e+03
6.500000000000000000e+01 5.402449999999999818e+03
9.000000000000000000e+00 5.420800000000000182e+03
7.300000000000000000e+01 5.428150000000000546e+03
3.300000000000000000e+01 5.429800000000000182e+03
4.100000000000000000e+01 5.432350000000000364e+03
6.500000000000000000e+01 5.433050000000000182e+03
5.700000000000000000e+01 5.433949999999999818e+03
8.100000000000000000e+01 5.434699999999999818e+03
1.700000000000000000e+01 5.434949999999999818e+03
2.500000000000000000e+01 5.435150000000000546e+03
4.900000000000000000e+01 5.435949999999999818e+03
9.000000000000000000e+00 5.443000000000000000e+03
7.300000000000000000e+01 5.457600000000000364e+03
4.100000000000000000e+01 5.460949999999999818e+03
3.300000000000000000e+01 5.462150000000000546e+03
5.700000000000000000e+01 5.462199999999999818e+03
8.100000000000000000e+01 5.462750000000000000e+03
6.500000000000000000e+01 5.463199999999999818e+03
4.900000000000000000e+01 5.463550000000000182e+03
1.700000000000000000e+01 5.464050000000000182e+03
2.500000000000000000e+01 5.464900000000000546e+03
9.000000000000000000e+00 5.465750000000000000e+03
4.100000000000000000e+01 5.484850000000000364e+03
7.300000000000000000e+01 5.486650000000000546e+03
9.000000000000000000e+00 5.488400000000000546e+03
8.100000000000000000e+01 5.489350000000000364e+03
3.300000000000000000e+01 5.490699999999999818e+03
1.700000000000000000e+01 5.490800000000000182e+03
2.500000000000000000e+01 5.493050000000000182e+03
6.500000000000000000e+01 5.493800000000000182e+03
4.900000000000000000e+01 5.494500000000000000e+03
5.700000000000000000e+01 5.494500000000000000e+03
8.100000000000000000e+01 5.514900000000000546e+03
4.100000000000000000e+01 5.515750000000000000e+03
9.000000000000000000e+00 5.517100000000000364e+03
3.300000000000000000e+01 5.522300000000000182e+03
6.500000000000000000e+01 5.523250000000000000e+03
1.700000000000000000e+01 5.523949999999999818e+03
2.500000000000000000e+01 5.524550000000000182e+03
7.300000000000000000e+01 5.524699999999999818e+03
5.700000000000000000e+01 5.525350000000000364e+03
4.900000000000000000e+01 5.526050000000000182e+03
8.100000000000000000e+01 5.535300000000000182e+03
4.100000000000000000e+01 5.539650000000000546e+03
6.500000000000000000e+01 5.548550000000000182e+03
9.000000000000000000e+00 5.551449999999999818e+03
4.900000000000000000e+01 5.551949999999999818e+03
1.700000000000000000e+01 5.552050000000000182e+03
3.300000000000000000e+01 5.552050000000000182e+03
5.700000000000000000e+01 5.554050000000000182e+03
7.300000000000000000e+01 5.554550000000000182e+03
8.100000000000000000e+01 5.555600000000000364e+03
2.500000000000000000e+01 5.555699999999999818e+03
4.100000000000000000e+01 5.557900000000000546e+03
4.900000000000000000e+01 5.578250000000000000e+03
7.300000000000000000e+01 5.581150000000000546e+03
6.500000000000000000e+01 5.581250000000000000e+03
3.300000000000000000e+01 5.581699999999999818e+03
5.700000000000000000e+01 5.582150000000000546e+03
2.500000000000000000e+01 5.582350000000000364e+03
4.100000000000000000e+01 5.583000000000000000e+03
1.700000000000000000e+01 5.583050000000000182e+03
9.000000000000000000e+00 5.583300000000000182e+03
8.100000000000000000e+01 5.584199999999999818e+03
4.100000000000000000e+01 5.611250000000000000e+03
2.500000000000000000e+01 5.611449999999999818e+03
3.300000000000000000e+01 5.611550000000000182e+03
4.900000000000000000e+01 5.612449999999999818e+03
7.300000000000000000e+01 5.612600000000000364e+03
6.500000000000000000e+01 5.612949999999999818e+03
5.700000000000000000e+01 5.613350000000000364e+03
1.700000000000000000e+01 5.613600000000000364e+03
9.000000000000000000e+00 5.614150000000000546e+03
8.100000000000000000e+01 5.614300000000000182e+03
1.700000000000000000e+01 5.641150000000000546e+03
3.300000000000000000e+01 5.641800000000000182e+03
2.500000000000000000e+01 5.645100000000000364e+03
9.000000000000000000e+00 5.646050000000000182e+03
6.500000000000000000e+01 5.646100000000000364e+03
4.100000000000000000e+01 5.646199999999999818e+03
5.700000000000000000e+01 5.646600000000000364e+03
8.100000000000000000e+01 5.646699999999999818e+03
7.300000000000000000e+01 5.646850000000000364e+03
4.900000000000000000e+01 5.647199999999999818e+03
1.700000000000000000e+01 5.662400000000000546e+03
4.100000000000000000e+01 5.673500000000000000e+03
8.100000000000000000e+01 5.673550000000000182e+03
3.300000000000000000e+01 5.673850000000000364e+03
2.500000000000000000e+01 5.675250000000000000e+03
9.000000000000000000e+00 5.676050000000000182e+03
7.300000000000000000e+01 5.676449999999999818e+03
5.700000000000000000e+01 5.676699999999999818e+03
6.500000000000000000e+01 5.676650000000000546e+03
4.900000000000000000e+01 5.677100000000000364e+03
4.900000000000000000e+01 5.700199999999999818e+03
1.700000000000000000e+01 5.701650000000000546e+03
2.500000000000000000e+01 5.702050000000000182e+03
5.700000000000000000e+01 5.702500000000000000e+03
9.000000000000000000e+00 5.703000000000000000e+03
4.100000000000000000e+01 5.702949999999999818e+03
3.300000000000000000e+01 5.703300000000000182e+03
6.500000000000000000e+01 5.705650000000000546e+03
8.100000000000000000e+01 5.705850000000000364e+03
7.300000000000000000e+01 5.706050000000000182e+03
4.100000000000000000e+01 5.728250000000000000e+03
2.500000000000000000e+01 5.735250000000000000e+03
3.300000000000000000e+01 5.736600000000000364e+03
4.900000000000000000e+01 5.737150000000000546e+03
7.300000000000000000e+01 5.737300000000000182e+03
1.700000000000000000e+01 5.737400000000000546e+03
5.700000000000000000e+01 5.737699999999999818e+03
6.500000000000000000e+01 5.738150000000000546e+03
9.000000000000000000e+00 5.738449999999999818e+03
8.100000000000000000e+01 5.738600000000000364e+03
2.500000000000000000e+01 5.764500000000000000e+03
8.100000000000000000e+01 5.764850000000000364e+03
4.900000000000000000e+01 5.765850000000000364e+03
1.700000000000000000e+01 5.766949999999999818e+03
4.100000000000000000e+01 5.767199999999999818e+03
3.300000000000000000e+01 5.767500000000000000e+03
5.700000000000000000e+01 5.767500000000000000e+03
9.000000000000000000e+00 5.768100000000000364e+03
7.300000000000000000e+01 5.768150000000000546e+03
6.500000000000000000e+01 5.768699999999999818e+03
4.100000000000000000e+01 5.793100000000000364e+03
8.100000000000000000e+01 5.794150000000000546e+03
6.500000000000000000e+01 5.795100000000000364e+03
9.000000000000000000e+00 5.795250000000000000e+03
2.500000000000000000e+01 5.795750000000000000e+03
3.300000000000000000e+01 5.796100000000000364e+03
4.900000000000000000e+01 5.796350000000000364e+03
1.700000000000000000e+01 5.796699999999999818e+03
7.300000000000000000e+01 5.796800000000000182e+03
5.700000000000000000e+01 5.797000000000000000e+03
4.100000000000000000e+01 5.810150000000000546e+03
6.500000000000000000e+01 5.821550000000000182e+03
1.700000000000000000e+01 5.824699999999999818e+03
7.300000000000000000e+01 5.825949999999999818e+03
2.500000000000000000e+01 5.826100000000000364e+03
9.000000000000000000e+00 5.826350000000000364e+03
4.900000000000000000e+01 5.826400000000000546e+03
3.300000000000000000e+01 5.826500000000000000e+03
8.100000000000000000e+01 5.826750000000000000e+03
5.700000000000000000e+01 5.827150000000000546e+03
4.100000000000000000e+01 5.827449999999999818e+03
6.500000000000000000e+01 5.849800000000000182e+03
4.900000000000000000e+01 5.851800000000000182e+03
3.300000000000000000e+01 5.852100000000000364e+03
1.700000000000000000e+01 5.852199999999999818e+03
5.700000000000000000e+01 5.852650000000000546e+03
9.000000000000000000e+00 5.853949999999999818e+03
8.100000000000000000e+01 5.853949999999999818e+03
7.300000000000000000e+01 5.854100000000000364e+03
2.500000000000000000e+01 5.854150000000000546e+03
4.100000000000000000e+01 5.854949999999999818e+03
1.700000000000000000e+01 5.881100000000000364e+03
5.700000000000000000e+01 5.882750000000000000e+03
2.500000000000000000e+01 5.884800000000000182e+03
9.000000000000000000e+00 5.884949999999999818e+03
8.100000000000000000e+01 5.885250000000000000e+03
4.900000000000000000e+01 5.885550000000000182e+03
3.300000000000000000e+01 5.885900000000000546e+03
6.500000000000000000e+01 5.886199999999999818e+03
7.300000000000000000e+01 5.886600000000000364e+03
4.100000000000000000e+01 5.886699999999999818e+03
5.700000000000000000e+01 5.894100000000000364e+03
8.100000000000000000e+01 5.910900000000000546e+03
2.500000000000000000e+01 5.911449999999999818e+03
1.700000000000000000e+01 5.914900000000000546e+03
3.300000000000000000e+01 5.914850000000000364e+03
9.000000000000000000e+00 5.915100000000000364e+03
7.300000000000000000e+01 5.915300000000000182e+03
4.100000000000000000e+01 5.915750000000000000e+03
4.900000000000000000e+01 5.916250000000000000e+03
6.500000000000000000e+01 5.916449999999999818e+03
5.700000000000000000e+01 5.916800000000000182e+03
2.500000000000000000e+01 5.945650000000000546e+03
6.500000000000000000e+01 5.946300000000000182e+03
4.100000000000000000e+01 5.946500000000000000e+03
7.300000000000000000e+01 5.946550000000000182e+03
4.900000000000000000e+01 5.947300000000000182e+03
1.700000000000000000e+01 5.947350000000000364e+03
3.300000000000000000e+01 5.947350000000000364e+03
9.000000000000000000e+00 5.947600000000000364e+03
5.700000000000000000e+01 5.947800000000000182e+03
8.100000000000000000e+01 5.947850000000000364e+03
8.100000000000000000e+01 5.969699999999999818e+03
7.300000000000000000e+01 5.974050000000000182e+03
3.300000000000000000e+01 5.974699999999999818e+03
4.100000000000000000e+01 5.974850000000000364e+03
2.500000000000000000e+01 5.975800000000000182e+03
9.000000000000000000e+00 5.975900000000000546e+03
5.700000000000000000e+01 5.976100000000000364e+03
4.900000000000000000e+01 5.976650000000000546e+03
6.500000000000000000e+01 5.977350000000000364e+03
1.700000000000000000e+01 5.979300000000000182e+03
1.700000000000000000e+01 6.168600000000000364e+03
7.300000000000000000e+01 6.219699999999999818e+03
4.100000000000000000e+01 6.233850000000000364e+03
2.500000000000000000e+01 6.279650000000000546e+03
3.300000000000000000e+01 6.298000000000000000e+03
9.000000000000000000e+00 6.300949999999999818e+03
1.700000000000000000e+01 6.305250000000000000e+03
4.900000000000000000e+01 6.343449999999999818e+03
5.700000000000000000e+01 6.345650000000000546e+03
7.300000000000000000e+01 6.403900000000000546e+03
5.700000000000000000e+01 6.424350000000000364e+03
7.300000000000000000e+01 6.464199999999999818e+03
8.100000000000000000e+01 6.479400000000000546e+03
4.100000000000000000e+01 6.482199999999999818e+03
6.500000000000000000e+01 6.484000000000000000e+03
1.700000000000000000e+01 6.484550000000000182e+03
2.500000000000000000e+01 6.485150000000000546e+03
3.300000000000000000e+01 6.485500000000000000e+03
4.900000000000000000e+01 6.485600000000000364e+03
9.000000000000000000e+00 6.485800000000000182e+03
5.700000000000000000e+01 6.485850000000000364e+03
7.300000000000000000e+01 6.487449999999999818e+03
4.900000000000000000e+01 6.764250000000000000e+03
4.100000000000000000e+01 6.773800000000000182e+03
2.500000000000000000e+01 6.775199999999999818e+03
8.100000000000000000e+01 6.778750000000000000e+03
1.700000000000000000e+01 6.782650000000000546e+03
9.000000000000000000e+00 6.783449999999999818e+03
7.300000000000000000e+01 6.783900000000000546e+03
5.700000000000000000e+01 6.784199999999999818e+03
6.500000000000000000e+01 6.784300000000000182e+03
3.300000000000000000e+01 6.785400000000000546e+03
5.700000000000000000e+01 6.885699999999999818e+03
6.500000000000000000e+01 6.984350000000000364e+03
1.700000000000000000e+01 7.023250000000000000e+03
9.000000000000000000e+00 7.036400000000000546e+03
5.700000000000000000e+01 7.636500000000000000e+03
6.500000000000000000e+01 7.702350000000000364e+03
3.300000000000000000e+01 7.808750000000000000e+03
1.700000000000000000e+01 7.821550000000000182e+03
1.700000000000000000e+01 8.205799999999999272e+03
4.100000000000000000e+01 8.887050000000001091e+03
1.700000000000000000e+01 8.906100000000000364e+03
1.700000000000000000e+01 9.093649999999999636e+03
5.700000000000000000e+01 9.393800000000001091e+03
8.100000000000000000e+01 1.008364999999999964e+04
8.100000000000000000e+01 1.015325000000000000e+04
9.000000000000000000e+00 1.015630000000000109e+04
4.100000000000000000e+01 1.015789999999999964e+04
3.300000000000000000e+01 1.016100000000000000e+04
4.900000000000000000e+01 1.016245000000000073e+04
7.300000000000000000e+01 1.016250000000000000e+04
2.500000000000000000e+01 1.016280000000000109e+04
6.500000000000000000e+01 1.016330000000000109e+04
5.700000000000000000e+01 1.016360000000000036e+04
1.700000000000000000e+01 1.016470000000000073e+04
1.700000000000000000e+01 1.022710000000000036e+04
7.300000000000000000e+01 1.031014999999999964e+04
1.700000000000000000e+01 1.040795000000000073e+04
5.700000000000000000e+01 1.070830000000000109e+04
3.300000000000000000e+01 1.075700000000000000e+04
5.700000000000000000e+01 1.075845000000000073e+04
2.500000000000000000e+01 1.076000000000000000e+04
4.100000000000000000e+01 1.076064999999999964e+04
4.900000000000000000e+01 1.076135000000000036e+04
1.700000000000000000e+01 1.076189999999999964e+04
6.500000000000000000e+01 1.076200000000000000e+04
9.000000000000000000e+00 1.076320000000000073e+04
8.100000000000000000e+01 1.076364999999999964e+04
7.300000000000000000e+01 1.076464999999999964e+04
9.000000000000000000e+00 1.092195000000000073e+04
1.700000000000000000e+01 1.182995000000000073e+04
8.100000000000000000e+01 1.285760000000000036e+04
3.300000000000000000e+01 1.308255000000000109e+04
7.300000000000000000e+01 1.314020000000000073e+04
5.700000000000000000e+01 1.314814999999999964e+04
6.500000000000000000e+01 1.415095000000000073e+04
1.700000000000000000e+01 1.430255000000000109e+04
9.000000000000000000e+00 1.450095000000000073e+04
4.900000000000000000e+01 1.491120000000000073e+04
6.500000000000000000e+01 1.491285000000000036e+04
5.700000000000000000e+01 1.491300000000000000e+04
1.700000000000000000e+01 1.491325000000000000e+04
9.000000000000000000e+00 1.491430000000000109e+04
2.500000000000000000e+01 1.491510000000000036e+04
8.100000000000000000e+01 1.491505000000000109e+04
3.300000000000000000e+01 1.491575000000000000e+04
4.100000000000000000e+01 1.491585000000000036e+04
7.300000000000000000e+01 1.491610000000000036e+04
8.100000000000000000e+01 1.497955000000000109e+04
5.700000000000000000e+01 1.563555000000000109e+04
2.500000000000000000e+01 1.569385000000000036e+04
8.100000000000000000e+01 1.579445000000000073e+04
6.500000000000000000e+01 1.616860000000000036e+04
9.000000000000000000e+00 1.633335000000000036e+04
4.100000000000000000e+01 1.802795000000000073e+04
6.500000000000000000e+01 1.826720000000000073e+04
6.500000000000000000e+01 1.836520000000000073e+04
3.300000000000000000e+01 1.847925000000000000e+04
4.900000000000000000e+01 1.848290000000000146e+04
9.000000000000000000e+00 1.848460000000000218e+04
4.100000000000000000e+01 1.848590000000000146e+04
8.100000000000000000e+01 1.848604999999999927e+04
5.700000000000000000e+01 1.848615000000000146e+04
7.300000000000000000e+01 1.848629999999999927e+04
2.500000000000000000e+01 1.848660000000000218e+04
6.500000000000000000e+01 1.848700000000000000e+04
1.700000000000000000e+01 1.848704999999999927e+04
7.300000000000000000e+01 1.853595000000000073e+04
2.500000000000000000e+01 1.853840000000000146e+04
7.300000000000000000e+01 1.867079999999999927e+04
9.000000000000000000e+00 1.867490000000000146e+04
9.000000000000000000e+00 1.892979999999999927e+04
4.900000000000000000e+01 1.893335000000000218e+04
4.100000000000000000e+01 1.910125000000000000e+04
7.300000000000000000e+01 1.911125000000000000e+04
6.500000000000000000e+01 1.912835000000000218e+04
3.300000000000000000e+01 1.932529999999999927e+04
8.100000000000000000e+01 1.945765000000000146e+04
3.300000000000000000e+01 1.972290000000000146e+04
8.100000000000000000e+01 1.993085000000000218e+04
9.000000000000000000e+00 2.214579999999999927e+04
1.700000000000000000e+01 2.229554999999999927e+04
9.000000000000000000e+00 2.237795000000000073e+04
2.500000000000000000e+01 2.238645000000000073e+04
4.100000000000000000e+01 2.240404999999999927e+04
7.300000000000000000e+01 2.240650000000000000e+04
1.700000000000000000e+01 2.240670000000000073e+04
7.300000000000000000e+01 2.296320000000000073e+04
7.400000000000000000e+01 1.522500000000000000e+02
3.400000000000000000e+01 1.071099999999999909e+03
1.000000000000000000e+01 1.193799999999999955e+03
7.400000000000000000e+01 1.326400000000000091e+03
7.400000000000000000e+01 1.559350000000000136e+03
1.000000000000000000e+01 1.566299999999999955e+03
7.400000000000000000e+01 2.065099999999999909e+03
6.600000000000000000e+01 2.579349999999999909e+03
2.000000000000000000e+00 2.738599999999999909e+03
3.400000000000000000e+01 2.841000000000000000e+03
5.800000000000000000e+01 3.004000000000000000e+03
6.600000000000000000e+01 3.023150000000000091e+03
5.000000000000000000e+01 3.025000000000000000e+03
2.000000000000000000e+00 3.028500000000000000e+03
1.000000000000000000e+01 3.038950000000000273e+03
4.200000000000000000e+01 3.044500000000000000e+03
7.400000000000000000e+01 3.051000000000000000e+03
4.200000000000000000e+01 3.078650000000000091e+03
1.800000000000000000e+01 3.078750000000000000e+03
5.000000000000000000e+01 3.084349999999999909e+03
1.000000000000000000e+01 3.086450000000000273e+03
6.600000000000000000e+01 3.096650000000000091e+03
2.000000000000000000e+00 3.118450000000000273e+03
2.600000000000000000e+01 3.122700000000000273e+03
4.200000000000000000e+01 3.135099999999999909e+03
1.000000000000000000e+01 3.145200000000000273e+03
5.000000000000000000e+01 3.148150000000000091e+03
1.800000000000000000e+01 3.162500000000000000e+03
7.400000000000000000e+01 3.163450000000000273e+03
3.400000000000000000e+01 3.173650000000000091e+03
2.600000000000000000e+01 3.178250000000000000e+03
5.800000000000000000e+01 3.197950000000000273e+03
6.600000000000000000e+01 3.200900000000000091e+03
2.000000000000000000e+00 3.201000000000000000e+03
4.200000000000000000e+01 3.203000000000000000e+03
1.000000000000000000e+01 3.220800000000000182e+03
5.800000000000000000e+01 3.242099999999999909e+03
6.600000000000000000e+01 3.243950000000000273e+03
2.000000000000000000e+00 3.255849999999999909e+03
5.000000000000000000e+01 3.261500000000000000e+03
1.800000000000000000e+01 3.276900000000000091e+03
4.200000000000000000e+01 3.278700000000000273e+03
3.400000000000000000e+01 3.280849999999999909e+03
7.400000000000000000e+01 3.288150000000000091e+03
1.000000000000000000e+01 3.296000000000000000e+03
2.600000000000000000e+01 3.298300000000000182e+03
5.800000000000000000e+01 3.322800000000000182e+03
1.800000000000000000e+01 3.323150000000000091e+03
3.400000000000000000e+01 3.325150000000000091e+03
5.000000000000000000e+01 3.332849999999999909e+03
2.000000000000000000e+00 3.349500000000000000e+03
4.200000000000000000e+01 3.350950000000000273e+03
1.800000000000000000e+01 3.351700000000000273e+03
7.400000000000000000e+01 3.358650000000000091e+03
3.400000000000000000e+01 3.360450000000000273e+03
5.800000000000000000e+01 3.367000000000000000e+03
2.600000000000000000e+01 3.367050000000000182e+03
5.000000000000000000e+01 3.374950000000000273e+03
6.600000000000000000e+01 3.388700000000000273e+03
1.000000000000000000e+01 3.389700000000000273e+03
2.000000000000000000e+00 3.398349999999999909e+03
3.400000000000000000e+01 3.418750000000000000e+03
5.800000000000000000e+01 3.423750000000000000e+03
2.600000000000000000e+01 3.424050000000000182e+03
7.400000000000000000e+01 3.426750000000000000e+03
4.200000000000000000e+01 3.435900000000000091e+03
1.800000000000000000e+01 3.454599999999999909e+03
6.600000000000000000e+01 3.455200000000000273e+03
1.000000000000000000e+01 3.463650000000000091e+03
5.000000000000000000e+01 3.465050000000000182e+03
2.000000000000000000e+00 3.472500000000000000e+03
7.400000000000000000e+01 3.472599999999999909e+03
6.600000000000000000e+01 3.484500000000000000e+03
5.800000000000000000e+01 3.497300000000000182e+03
1.000000000000000000e+01 3.500099999999999909e+03
2.600000000000000000e+01 3.506200000000000273e+03
1.800000000000000000e+01 3.513200000000000273e+03
2.000000000000000000e+00 3.534700000000000273e+03
3.400000000000000000e+01 3.536750000000000000e+03
1.000000000000000000e+01 3.541349999999999909e+03
6.600000000000000000e+01 3.546400000000000091e+03
4.200000000000000000e+01 3.549550000000000182e+03
2.600000000000000000e+01 3.551849999999999909e+03
5.000000000000000000e+01 3.552650000000000091e+03
2.000000000000000000e+00 3.567300000000000182e+03
1.800000000000000000e+01 3.580400000000000091e+03
6.600000000000000000e+01 3.584650000000000091e+03
3.400000000000000000e+01 3.587300000000000182e+03
1.000000000000000000e+01 3.596300000000000182e+03
5.000000000000000000e+01 3.631250000000000000e+03
2.000000000000000000e+00 3.631599999999999909e+03
4.200000000000000000e+01 3.633750000000000000e+03
7.400000000000000000e+01 3.635200000000000273e+03
1.000000000000000000e+01 3.637599999999999909e+03
2.600000000000000000e+01 3.647849999999999909e+03
6.600000000000000000e+01 3.654400000000000091e+03
1.800000000000000000e+01 3.663500000000000000e+03
5.000000000000000000e+01 3.681150000000000091e+03
7.400000000000000000e+01 3.688349999999999909e+03
5.800000000000000000e+01 3.689150000000000091e+03
6.600000000000000000e+01 3.692550000000000182e+03
3.400000000000000000e+01 3.694150000000000091e+03
2.000000000000000000e+00 3.699349999999999909e+03
1.000000000000000000e+01 3.711300000000000182e+03
7.400000000000000000e+01 3.729849999999999909e+03
1.800000000000000000e+01 3.733550000000000182e+03
5.800000000000000000e+01 3.733900000000000091e+03
6.600000000000000000e+01 3.741500000000000000e+03
4.200000000000000000e+01 3.746800000000000182e+03
2.600000000000000000e+01 3.747000000000000000e+03
2.000000000000000000e+00 3.750950000000000273e+03
3.400000000000000000e+01 3.752300000000000182e+03
1.800000000000000000e+01 3.766000000000000000e+03
5.800000000000000000e+01 3.768750000000000000e+03
1.000000000000000000e+01 3.772550000000000182e+03
6.600000000000000000e+01 3.781250000000000000e+03
4.200000000000000000e+01 3.781599999999999909e+03
7.400000000000000000e+01 3.796300000000000182e+03
1.000000000000000000e+01 3.802250000000000000e+03
5.000000000000000000e+01 3.803000000000000000e+03
4.200000000000000000e+01 3.815750000000000000e+03
3.400000000000000000e+01 3.818050000000000182e+03
2.600000000000000000e+01 3.821050000000000182e+03
6.600000000000000000e+01 3.822050000000000182e+03
5.800000000000000000e+01 3.838800000000000182e+03
4.200000000000000000e+01 3.848800000000000182e+03
2.000000000000000000e+00 3.849700000000000273e+03
1.800000000000000000e+01 3.855650000000000091e+03
3.400000000000000000e+01 3.862050000000000182e+03
5.800000000000000000e+01 3.864700000000000273e+03
6.600000000000000000e+01 3.868800000000000182e+03
1.000000000000000000e+01 3.871150000000000091e+03
5.000000000000000000e+01 3.872300000000000182e+03
2.600000000000000000e+01 3.874950000000000273e+03
7.400000000000000000e+01 3.881950000000000273e+03
2.000000000000000000e+00 3.885950000000000273e+03
1.800000000000000000e+01 3.898349999999999909e+03
4.200000000000000000e+01 3.898349999999999909e+03
5.000000000000000000e+01 3.906050000000000182e+03
3.400000000000000000e+01 3.908599999999999909e+03
5.800000000000000000e+01 3.909000000000000000e+03
2.600000000000000000e+01 3.918050000000000182e+03
2.000000000000000000e+00 3.929700000000000273e+03
1.000000000000000000e+01 3.933349999999999909e+03
4.200000000000000000e+01 3.940800000000000182e+03
6.600000000000000000e+01 3.941000000000000000e+03
5.800000000000000000e+01 3.949150000000000091e+03
2.600000000000000000e+01 3.952599999999999909e+03
2.000000000000000000e+00 3.962050000000000182e+03
1.800000000000000000e+01 3.965700000000000273e+03
1.000000000000000000e+01 3.970450000000000273e+03
5.000000000000000000e+01 3.977950000000000273e+03
6.600000000000000000e+01 3.984450000000000273e+03
7.400000000000000000e+01 3.993099999999999909e+03
4.200000000000000000e+01 3.993900000000000091e+03
3.400000000000000000e+01 4.001300000000000182e+03
1.000000000000000000e+01 4.010750000000000000e+03
1.800000000000000000e+01 4.016400000000000091e+03
2.600000000000000000e+01 4.033650000000000091e+03
3.400000000000000000e+01 4.049700000000000273e+03
6.600000000000000000e+01 4.051849999999999909e+03
2.000000000000000000e+00 4.054500000000000000e+03
4.200000000000000000e+01 4.057500000000000000e+03
1.800000000000000000e+01 4.064550000000000182e+03
5.000000000000000000e+01 4.064800000000000182e+03
7.400000000000000000e+01 4.069950000000000273e+03
3.400000000000000000e+01 4.071550000000000182e+03
5.800000000000000000e+01 4.081250000000000000e+03
1.000000000000000000e+01 4.094150000000000091e+03
2.000000000000000000e+00 4.095900000000000091e+03
6.600000000000000000e+01 4.097149999999999636e+03
2.600000000000000000e+01 4.098600000000000364e+03
1.800000000000000000e+01 4.099500000000000000e+03
3.400000000000000000e+01 4.108199999999999818e+03
4.200000000000000000e+01 4.123750000000000000e+03
7.400000000000000000e+01 4.131199999999999818e+03
2.000000000000000000e+00 4.133399999999999636e+03
2.600000000000000000e+01 4.135050000000000182e+03
5.800000000000000000e+01 4.135850000000000364e+03
3.400000000000000000e+01 4.137649999999999636e+03
1.800000000000000000e+01 4.138850000000000364e+03
5.000000000000000000e+01 4.140600000000000364e+03
4.200000000000000000e+01 4.160949999999999818e+03
6.600000000000000000e+01 4.164350000000000364e+03
5.800000000000000000e+01 4.171500000000000000e+03
5.000000000000000000e+01 4.173550000000000182e+03
7.400000000000000000e+01 4.173550000000000182e+03
1.000000000000000000e+01 4.175449999999999818e+03
1.800000000000000000e+01 4.184399999999999636e+03
2.600000000000000000e+01 4.185399999999999636e+03
7.400000000000000000e+01 4.202050000000000182e+03
6.600000000000000000e+01 4.205899999999999636e+03
4.200000000000000000e+01 4.206250000000000000e+03
5.800000000000000000e+01 4.207750000000000000e+03
1.000000000000000000e+01 4.209949999999999818e+03
3.400000000000000000e+01 4.211000000000000000e+03
5.000000000000000000e+01 4.213699999999999818e+03
1.800000000000000000e+01 4.222800000000000182e+03
2.600000000000000000e+01 4.239000000000000000e+03
4.200000000000000000e+01 4.242350000000000364e+03
7.400000000000000000e+01 4.242699999999999818e+03
2.000000000000000000e+00 4.246000000000000000e+03
1.000000000000000000e+01 4.247149999999999636e+03
5.800000000000000000e+01 4.247750000000000000e+03
1.800000000000000000e+01 4.269949999999999818e+03
2.000000000000000000e+00 4.271699999999999818e+03
2.600000000000000000e+01 4.277199999999999818e+03
6.600000000000000000e+01 4.279399999999999636e+03
5.000000000000000000e+01 4.290750000000000000e+03
3.400000000000000000e+01 4.292699999999999818e+03
5.800000000000000000e+01 4.295500000000000000e+03
1.800000000000000000e+01 4.301000000000000000e+03
7.400000000000000000e+01 4.301699999999999818e+03
4.200000000000000000e+01 4.302300000000000182e+03
1.000000000000000000e+01 4.302750000000000000e+03
6.600000000000000000e+01 4.305800000000000182e+03
5.000000000000000000e+01 4.320449999999999818e+03
2.000000000000000000e+00 4.327500000000000000e+03
2.600000000000000000e+01 4.332000000000000000e+03
6.600000000000000000e+01 4.340500000000000000e+03
4.200000000000000000e+01 4.341100000000000364e+03
7.400000000000000000e+01 4.347699999999999818e+03
3.400000000000000000e+01 4.350850000000000364e+03
1.000000000000000000e+01 4.352100000000000364e+03
1.800000000000000000e+01 4.361850000000000364e+03
2.000000000000000000e+00 4.363649999999999636e+03
5.800000000000000000e+01 4.372150000000000546e+03
6.600000000000000000e+01 4.375400000000000546e+03
5.000000000000000000e+01 4.377550000000000182e+03
1.800000000000000000e+01 4.386449999999999818e+03
3.400000000000000000e+01 4.389550000000000182e+03
2.600000000000000000e+01 4.393550000000000182e+03
1.000000000000000000e+01 4.394199999999999818e+03
4.200000000000000000e+01 4.394449999999999818e+03
2.000000000000000000e+00 4.394650000000000546e+03
5.000000000000000000e+01 4.408850000000000364e+03
2.600000000000000000e+01 4.420150000000000546e+03
3.400000000000000000e+01 4.431750000000000000e+03
6.600000000000000000e+01 4.431800000000000182e+03
1.800000000000000000e+01 4.441600000000000364e+03
7.400000000000000000e+01 4.444449999999999818e+03
1.000000000000000000e+01 4.445900000000000546e+03
4.200000000000000000e+01 4.446050000000000182e+03
5.000000000000000000e+01 4.448250000000000000e+03
2.000000000000000000e+00 4.455449999999999818e+03
5.800000000000000000e+01 4.457150000000000546e+03
1.800000000000000000e+01 4.463600000000000364e+03
4.200000000000000000e+01 4.466650000000000546e+03
3.400000000000000000e+01 4.468550000000000182e+03
7.400000000000000000e+01 4.487250000000000000e+03
1.000000000000000000e+01 4.489550000000000182e+03
2.000000000000000000e+00 4.491199999999999818e+03
6.600000000000000000e+01 4.493500000000000000e+03
1.800000000000000000e+01 4.494900000000000546e+03
3.400000000000000000e+01 4.495699999999999818e+03
5.000000000000000000e+01 4.496199999999999818e+03
2.600000000000000000e+01 4.497000000000000000e+03
5.800000000000000000e+01 4.511800000000000182e+03
1.000000000000000000e+01 4.518900000000000546e+03
6.600000000000000000e+01 4.529600000000000364e+03
3.400000000000000000e+01 4.530100000000000364e+03
5.000000000000000000e+01 4.530050000000000182e+03
2.000000000000000000e+00 4.530800000000000182e+03
2.600000000000000000e+01 4.530800000000000182e+03
1.800000000000000000e+01 4.538500000000000000e+03
4.200000000000000000e+01 4.538500000000000000e+03
5.000000000000000000e+01 4.556300000000000182e+03
1.000000000000000000e+01 4.559699999999999818e+03
2.600000000000000000e+01 4.563600000000000364e+03
3.400000000000000000e+01 4.566949999999999818e+03
2.000000000000000000e+00 4.574500000000000000e+03
7.400000000000000000e+01 4.575000000000000000e+03
4.200000000000000000e+01 4.575550000000000182e+03
6.600000000000000000e+01 4.576900000000000546e+03
1.800000000000000000e+01 4.593600000000000364e+03
1.000000000000000000e+01 4.597949999999999818e+03
2.000000000000000000e+00 4.599600000000000364e+03
5.800000000000000000e+01 4.600750000000000000e+03
2.600000000000000000e+01 4.602199999999999818e+03
5.000000000000000000e+01 4.604250000000000000e+03
3.400000000000000000e+01 4.604600000000000364e+03
6.600000000000000000e+01 4.604850000000000364e+03
4.200000000000000000e+01 4.605600000000000364e+03
7.400000000000000000e+01 4.622900000000000546e+03
1.800000000000000000e+01 4.623199999999999818e+03
1.000000000000000000e+01 4.623900000000000546e+03
2.000000000000000000e+00 4.626250000000000000e+03
4.200000000000000000e+01 4.633400000000000546e+03
5.000000000000000000e+01 4.633449999999999818e+03
6.600000000000000000e+01 4.633900000000000546e+03
2.600000000000000000e+01 4.643800000000000182e+03
3.400000000000000000e+01 4.647600000000000364e+03
5.800000000000000000e+01 4.647600000000000364e+03
7.400000000000000000e+01 4.650949999999999818e+03
1.000000000000000000e+01 4.654800000000000182e+03
2.000000000000000000e+00 4.656800000000000182e+03
6.600000000000000000e+01 4.659650000000000546e+03
1.800000000000000000e+01 4.661800000000000182e+03
5.000000000000000000e+01 4.668600000000000364e+03
5.800000000000000000e+01 4.676650000000000546e+03
3.400000000000000000e+01 4.677900000000000546e+03
2.600000000000000000e+01 4.681900000000000546e+03
7.400000000000000000e+01 4.682000000000000000e+03
1.000000000000000000e+01 4.683350000000000364e+03
1.800000000000000000e+01 4.688300000000000182e+03
6.600000000000000000e+01 4.688699999999999818e+03
4.200000000000000000e+01 4.698449999999999818e+03
2.000000000000000000e+00 4.706750000000000000e+03
2.600000000000000000e+01 4.710750000000000000e+03
7.400000000000000000e+01 4.717550000000000182e+03
6.600000000000000000e+01 4.722900000000000546e+03
3.400000000000000000e+01 4.728449999999999818e+03
1.000000000000000000e+01 4.729449999999999818e+03
5.800000000000000000e+01 4.733150000000000546e+03
1.800000000000000000e+01 4.735850000000000364e+03
5.000000000000000000e+01 4.737350000000000364e+03
4.200000000000000000e+01 4.744650000000000546e+03
2.000000000000000000e+00 4.747050000000000182e+03
2.600000000000000000e+01 4.748550000000000182e+03
6.600000000000000000e+01 4.753800000000000182e+03
3.400000000000000000e+01 4.757650000000000546e+03
1.000000000000000000e+01 4.760300000000000182e+03
4.200000000000000000e+01 4.766350000000000364e+03
5.800000000000000000e+01 4.771500000000000000e+03
1.800000000000000000e+01 4.774949999999999818e+03
5.000000000000000000e+01 4.777000000000000000e+03
2.000000000000000000e+00 4.783100000000000364e+03
6.600000000000000000e+01 4.783900000000000546e+03
2.600000000000000000e+01 4.784750000000000000e+03
7.400000000000000000e+01 4.787400000000000546e+03
1.000000000000000000e+01 4.791500000000000000e+03
4.200000000000000000e+01 4.794500000000000000e+03
3.400000000000000000e+01 4.794949999999999818e+03
5.800000000000000000e+01 4.806500000000000000e+03
1.800000000000000000e+01 4.809050000000000182e+03
2.000000000000000000e+00 4.815949999999999818e+03
6.600000000000000000e+01 4.816449999999999818e+03
2.600000000000000000e+01 4.821400000000000546e+03
5.000000000000000000e+01 4.828050000000000182e+03
1.000000000000000000e+01 4.828250000000000000e+03
5.800000000000000000e+01 4.830650000000000546e+03
3.400000000000000000e+01 4.830800000000000182e+03
4.200000000000000000e+01 4.831699999999999818e+03
7.400000000000000000e+01 4.831699999999999818e+03
6.600000000000000000e+01 4.833050000000000182e+03
1.800000000000000000e+01 4.833699999999999818e+03
5.000000000000000000e+01 4.859750000000000000e+03
1.000000000000000000e+01 4.861350000000000364e+03
2.000000000000000000e+00 4.862100000000000364e+03
2.600000000000000000e+01 4.862050000000000182e+03
7.400000000000000000e+01 4.862699999999999818e+03
3.400000000000000000e+01 4.864300000000000182e+03
6.600000000000000000e+01 4.864250000000000000e+03
4.200000000000000000e+01 4.866199999999999818e+03
1.800000000000000000e+01 4.866449999999999818e+03
5.800000000000000000e+01 4.892900000000000546e+03
5.000000000000000000e+01 4.893600000000000364e+03
4.200000000000000000e+01 4.896300000000000182e+03
2.000000000000000000e+00 4.896400000000000546e+03
2.600000000000000000e+01 4.896949999999999818e+03
7.400000000000000000e+01 4.898050000000000182e+03
6.600000000000000000e+01 4.898350000000000364e+03
1.000000000000000000e+01 4.898949999999999818e+03
3.400000000000000000e+01 4.900300000000000182e+03
1.800000000000000000e+01 4.916650000000000546e+03
3.400000000000000000e+01 4.930800000000000182e+03
1.000000000000000000e+01 4.931900000000000546e+03
5.800000000000000000e+01 4.932500000000000000e+03
6.600000000000000000e+01 4.932949999999999818e+03
4.200000000000000000e+01 4.933900000000000546e+03
5.000000000000000000e+01 4.933900000000000546e+03
2.600000000000000000e+01 4.934000000000000000e+03
2.000000000000000000e+00 4.935750000000000000e+03
7.400000000000000000e+01 4.936100000000000364e+03
1.800000000000000000e+01 4.936550000000000182e+03
1.000000000000000000e+01 4.955650000000000546e+03
3.400000000000000000e+01 4.957949999999999818e+03
5.800000000000000000e+01 4.963699999999999818e+03
4.200000000000000000e+01 4.964500000000000000e+03
6.600000000000000000e+01 4.964600000000000364e+03
7.400000000000000000e+01 4.967300000000000182e+03
2.600000000000000000e+01 4.968650000000000546e+03
2.000000000000000000e+00 4.969500000000000000e+03
5.000000000000000000e+01 4.971449999999999818e+03
1.800000000000000000e+01 4.972150000000000546e+03
1.000000000000000000e+01 4.978300000000000182e+03
4.200000000000000000e+01 4.985949999999999818e+03
5.800000000000000000e+01 4.994800000000000182e+03
3.400000000000000000e+01 4.995250000000000000e+03
1.800000000000000000e+01 5.000449999999999818e+03
5.000000000000000000e+01 5.001600000000000364e+03
7.400000000000000000e+01 5.001550000000000182e+03
2.000000000000000000e+00 5.003600000000000364e+03
6.600000000000000000e+01 5.003750000000000000e+03
2.600000000000000000e+01 5.004800000000000182e+03
1.000000000000000000e+01 5.005199999999999818e+03
4.200000000000000000e+01 5.008300000000000182e+03
2.000000000000000000e+00 5.033100000000000364e+03
5.800000000000000000e+01 5.034199999999999818e+03
7.400000000000000000e+01 5.035150000000000546e+03
3.400000000000000000e+01 5.036750000000000000e+03
1.800000000000000000e+01 5.037850000000000364e+03
1.000000000000000000e+01 5.038449999999999818e+03
4.200000000000000000e+01 5.038650000000000546e+03
5.000000000000000000e+01 5.040250000000000000e+03
6.600000000000000000e+01 5.040500000000000000e+03
2.600000000000000000e+01 5.041350000000000364e+03
1.800000000000000000e+01 5.064949999999999818e+03
2.000000000000000000e+00 5.068100000000000364e+03
5.800000000000000000e+01 5.071100000000000364e+03
6.600000000000000000e+01 5.071150000000000546e+03
4.200000000000000000e+01 5.071600000000000364e+03
1.000000000000000000e+01 5.071699999999999818e+03
5.000000000000000000e+01 5.072150000000000546e+03
2.600000000000000000e+01 5.072600000000000364e+03
7.400000000000000000e+01 5.076400000000000546e+03
3.400000000000000000e+01 5.085500000000000000e+03
1.800000000000000000e+01 5.099250000000000000e+03
6.600000000000000000e+01 5.101050000000000182e+03
5.000000000000000000e+01 5.103500000000000000e+03
4.200000000000000000e+01 5.105699999999999818e+03
1.000000000000000000e+01 5.106500000000000000e+03
2.000000000000000000e+00 5.108550000000000182e+03
3.400000000000000000e+01 5.108949999999999818e+03
7.400000000000000000e+01 5.109250000000000000e+03
2.600000000000000000e+01 5.110600000000000364e+03
5.800000000000000000e+01 5.111300000000000182e+03
6.600000000000000000e+01 5.130050000000000182e+03
1.800000000000000000e+01 5.133350000000000364e+03
4.200000000000000000e+01 5.135850000000000364e+03
2.000000000000000000e+00 5.137050000000000182e+03
2.600000000000000000e+01 5.139350000000000364e+03
5.000000000000000000e+01 5.141850000000000364e+03
5.800000000000000000e+01 5.143750000000000000e+03
1.000000000000000000e+01 5.144600000000000364e+03
3.400000000000000000e+01 5.144650000000000546e+03
7.400000000000000000e+01 5.144850000000000364e+03
1.800000000000000000e+01 5.154250000000000000e+03
4.200000000000000000e+01 5.167199999999999818e+03
6.600000000000000000e+01 5.169250000000000000e+03
1.000000000000000000e+01 5.174500000000000000e+03
2.000000000000000000e+00 5.175400000000000546e+03
3.400000000000000000e+01 5.175949999999999818e+03
5.000000000000000000e+01 5.176000000000000000e+03
5.800000000000000000e+01 5.176000000000000000e+03
2.600000000000000000e+01 5.176500000000000000e+03
7.400000000000000000e+01 5.176949999999999818e+03
1.800000000000000000e+01 5.178900000000000546e+03
1.000000000000000000e+01 5.197699999999999818e+03
7.400000000000000000e+01 5.201900000000000546e+03
2.000000000000000000e+00 5.208900000000000546e+03
3.400000000000000000e+01 5.209050000000000182e+03
4.200000000000000000e+01 5.209150000000000546e+03
6.600000000000000000e+01 5.209199999999999818e+03
2.600000000000000000e+01 5.210300000000000182e+03
5.800000000000000000e+01 5.210250000000000000e+03
5.000000000000000000e+01 5.210900000000000546e+03
1.800000000000000000e+01 5.211800000000000182e+03
7.400000000000000000e+01 5.231050000000000182e+03
1.000000000000000000e+01 5.232900000000000546e+03
6.600000000000000000e+01 5.236650000000000546e+03
2.600000000000000000e+01 5.241300000000000182e+03
2.000000000000000000e+00 5.242050000000000182e+03
3.400000000000000000e+01 5.242400000000000546e+03
5.800000000000000000e+01 5.242850000000000364e+03
1.800000000000000000e+01 5.243949999999999818e+03
5.000000000000000000e+01 5.244150000000000546e+03
4.200000000000000000e+01 5.244550000000000182e+03
1.000000000000000000e+01 5.267750000000000000e+03
2.600000000000000000e+01 5.268250000000000000e+03
6.600000000000000000e+01 5.271199999999999818e+03
7.400000000000000000e+01 5.273350000000000364e+03
1.800000000000000000e+01 5.274150000000000546e+03
2.000000000000000000e+00 5.275199999999999818e+03
4.200000000000000000e+01 5.276250000000000000e+03
3.400000000000000000e+01 5.276400000000000546e+03
5.000000000000000000e+01 5.276400000000000546e+03
5.800000000000000000e+01 5.278150000000000546e+03
2.600000000000000000e+01 5.290000000000000000e+03
7.400000000000000000e+01 5.297600000000000364e+03
1.000000000000000000e+01 5.299500000000000000e+03
5.000000000000000000e+01 5.306400000000000546e+03
6.600000000000000000e+01 5.306900000000000546e+03
3.400000000000000000e+01 5.308100000000000364e+03
4.200000000000000000e+01 5.308150000000000546e+03
1.800000000000000000e+01 5.308300000000000182e+03
5.800000000000000000e+01 5.309000000000000000e+03
2.000000000000000000e+00 5.309300000000000182e+03
2.600000000000000000e+01 5.310800000000000182e+03
7.400000000000000000e+01 5.319850000000000364e+03
1.000000000000000000e+01 5.322449999999999818e+03
6.600000000000000000e+01 5.326550000000000182e+03
3.400000000000000000e+01 5.331850000000000364e+03
2.600000000000000000e+01 5.335350000000000364e+03
4.200000000000000000e+01 5.337050000000000182e+03
5.800000000000000000e+01 5.337250000000000000e+03
2.000000000000000000e+00 5.337400000000000546e+03
1.800000000000000000e+01 5.338300000000000182e+03
5.000000000000000000e+01 5.338550000000000182e+03
7.400000000000000000e+01 5.339000000000000000e+03
1.000000000000000000e+01 5.345100000000000364e+03
5.000000000000000000e+01 5.364449999999999818e+03
6.600000000000000000e+01 5.367250000000000000e+03
2.600000000000000000e+01 5.368050000000000182e+03
3.400000000000000000e+01 5.368300000000000182e+03
7.400000000000000000e+01 5.368750000000000000e+03
4.200000000000000000e+01 5.369000000000000000e+03
2.000000000000000000e+00 5.369250000000000000e+03
1.800000000000000000e+01 5.369699999999999818e+03
5.800000000000000000e+01 5.369850000000000364e+03
1.000000000000000000e+01 5.370250000000000000e+03
2.000000000000000000e+00 5.400100000000000364e+03
6.600000000000000000e+01 5.400100000000000364e+03
7.400000000000000000e+01 5.400850000000000364e+03
5.800000000000000000e+01 5.401100000000000364e+03
1.800000000000000000e+01 5.401250000000000000e+03
3.400000000000000000e+01 5.401449999999999818e+03
5.000000000000000000e+01 5.402500000000000000e+03
2.600000000000000000e+01 5.402550000000000182e+03
4.200000000000000000e+01 5.402750000000000000e+03
1.000000000000000000e+01 5.403199999999999818e+03
7.400000000000000000e+01 5.421100000000000364e+03
3.400000000000000000e+01 5.430650000000000546e+03
2.600000000000000000e+01 5.432000000000000000e+03
1.800000000000000000e+01 5.433850000000000364e+03
1.000000000000000000e+01 5.433949999999999818e+03
4.200000000000000000e+01 5.435350000000000364e+03
5.000000000000000000e+01 5.435350000000000364e+03
5.800000000000000000e+01 5.435350000000000364e+03
6.600000000000000000e+01 5.435550000000000182e+03
2.000000000000000000e+00 5.435699999999999818e+03
3.400000000000000000e+01 5.459949999999999818e+03
7.400000000000000000e+01 5.460250000000000000e+03
2.600000000000000000e+01 5.462550000000000182e+03
6.600000000000000000e+01 5.462850000000000364e+03
1.800000000000000000e+01 5.463199999999999818e+03
5.800000000000000000e+01 5.464100000000000364e+03
1.000000000000000000e+01 5.464350000000000364e+03
4.200000000000000000e+01 5.464699999999999818e+03
2.000000000000000000e+00 5.465949999999999818e+03
5.000000000000000000e+01 5.466300000000000182e+03
5.800000000000000000e+01 5.485600000000000364e+03
6.600000000000000000e+01 5.490000000000000000e+03
1.800000000000000000e+01 5.490500000000000000e+03
2.000000000000000000e+00 5.492600000000000364e+03
1.000000000000000000e+01 5.492900000000000546e+03
7.400000000000000000e+01 5.493000000000000000e+03
2.600000000000000000e+01 5.493900000000000546e+03
4.200000000000000000e+01 5.493900000000000546e+03
3.400000000000000000e+01 5.494550000000000182e+03
5.000000000000000000e+01 5.495350000000000364e+03
6.600000000000000000e+01 5.512250000000000000e+03
5.800000000000000000e+01 5.514900000000000546e+03
1.800000000000000000e+01 5.520699999999999818e+03
7.400000000000000000e+01 5.523350000000000364e+03
2.600000000000000000e+01 5.523949999999999818e+03
5.000000000000000000e+01 5.524100000000000364e+03
4.200000000000000000e+01 5.524699999999999818e+03
1.000000000000000000e+01 5.525050000000000182e+03
2.000000000000000000e+00 5.525449999999999818e+03
3.400000000000000000e+01 5.525699999999999818e+03
6.600000000000000000e+01 5.536600000000000364e+03
1.800000000000000000e+01 5.547300000000000182e+03
1.000000000000000000e+01 5.552500000000000000e+03
2.600000000000000000e+01 5.553300000000000182e+03
5.800000000000000000e+01 5.553550000000000182e+03
2.000000000000000000e+00 5.553900000000000546e+03
3.400000000000000000e+01 5.554100000000000364e+03
5.000000000000000000e+01 5.554150000000000546e+03
7.400000000000000000e+01 5.554699999999999818e+03
4.200000000000000000e+01 5.554949999999999818e+03
6.600000000000000000e+01 5.558949999999999818e+03
3.400000000000000000e+01 5.579800000000000182e+03
7.400000000000000000e+01 5.579850000000000364e+03
1.800000000000000000e+01 5.580850000000000364e+03
1.000000000000000000e+01 5.581000000000000000e+03
2.600000000000000000e+01 5.581199999999999818e+03
5.000000000000000000e+01 5.582300000000000182e+03
6.600000000000000000e+01 5.582600000000000364e+03
4.200000000000000000e+01 5.583350000000000364e+03
5.800000000000000000e+01 5.583750000000000000e+03
2.000000000000000000e+00 5.583949999999999818e+03
3.400000000000000000e+01 5.606900000000000546e+03
1.000000000000000000e+01 5.610300000000000182e+03
6.600000000000000000e+01 5.610750000000000000e+03
1.800000000000000000e+01 5.612050000000000182e+03
2.600000000000000000e+01 5.612050000000000182e+03
5.000000000000000000e+01 5.612250000000000000e+03
5.800000000000000000e+01 5.612600000000000364e+03
2.000000000000000000e+00 5.612699999999999818e+03
4.200000000000000000e+01 5.613600000000000364e+03
7.400000000000000000e+01 5.613550000000000182e+03
1.800000000000000000e+01 5.629100000000000364e+03
3.400000000000000000e+01 5.633050000000000182e+03
2.600000000000000000e+01 5.645350000000000364e+03
4.200000000000000000e+01 5.645449999999999818e+03
7.400000000000000000e+01 5.645550000000000182e+03
1.000000000000000000e+01 5.646750000000000000e+03
5.800000000000000000e+01 5.647050000000000182e+03
2.000000000000000000e+00 5.647300000000000182e+03
5.000000000000000000e+01 5.647750000000000000e+03
6.600000000000000000e+01 5.647900000000000546e+03
1.800000000000000000e+01 5.648400000000000546e+03
3.400000000000000000e+01 5.667250000000000000e+03
1.800000000000000000e+01 5.673100000000000364e+03
2.600000000000000000e+01 5.675900000000000546e+03
6.600000000000000000e+01 5.676150000000000546e+03
1.000000000000000000e+01 5.676400000000000546e+03
4.200000000000000000e+01 5.676500000000000000e+03
7.400000000000000000e+01 5.676600000000000364e+03
2.000000000000000000e+00 5.676750000000000000e+03
5.000000000000000000e+01 5.676800000000000182e+03
5.800000000000000000e+01 5.677550000000000182e+03
3.400000000000000000e+01 5.681699999999999818e+03
1.800000000000000000e+01 5.697350000000000364e+03
2.000000000000000000e+00 5.703800000000000182e+03
4.200000000000000000e+01 5.703949999999999818e+03
5.800000000000000000e+01 5.704699999999999818e+03
2.600000000000000000e+01 5.704800000000000182e+03
6.600000000000000000e+01 5.705400000000000546e+03
7.400000000000000000e+01 5.705350000000000364e+03
5.000000000000000000e+01 5.705500000000000000e+03
1.000000000000000000e+01 5.706199999999999818e+03
3.400000000000000000e+01 5.708750000000000000e+03
5.800000000000000000e+01 5.732900000000000546e+03
5.000000000000000000e+01 5.733350000000000364e+03
1.000000000000000000e+01 5.733600000000000364e+03
1.800000000000000000e+01 5.734699999999999818e+03
4.200000000000000000e+01 5.735250000000000000e+03
6.600000000000000000e+01 5.735850000000000364e+03
2.600000000000000000e+01 5.736300000000000182e+03
2.000000000000000000e+00 5.737100000000000364e+03
3.400000000000000000e+01 5.737100000000000364e+03
7.400000000000000000e+01 5.738000000000000000e+03
1.800000000000000000e+01 5.758699999999999818e+03
5.800000000000000000e+01 5.763050000000000182e+03
2.600000000000000000e+01 5.764750000000000000e+03
1.000000000000000000e+01 5.764949999999999818e+03
7.400000000000000000e+01 5.765000000000000000e+03
5.000000000000000000e+01 5.765449999999999818e+03
2.000000000000000000e+00 5.766550000000000182e+03
4.200000000000000000e+01 5.767199999999999818e+03
6.600000000000000000e+01 5.767300000000000182e+03
3.400000000000000000e+01 5.767350000000000364e+03
1.800000000000000000e+01 5.774400000000000546e+03
5.800000000000000000e+01 5.788650000000000546e+03
5.000000000000000000e+01 5.789350000000000364e+03
2.600000000000000000e+01 5.790949999999999818e+03
2.000000000000000000e+00 5.793949999999999818e+03
4.200000000000000000e+01 5.794350000000000364e+03
1.000000000000000000e+01 5.795250000000000000e+03
3.400000000000000000e+01 5.795400000000000546e+03
7.400000000000000000e+01 5.795900000000000546e+03
6.600000000000000000e+01 5.796150000000000546e+03
1.800000000000000000e+01 5.799650000000000546e+03
2.600000000000000000e+01 5.820050000000000182e+03
5.000000000000000000e+01 5.822800000000000182e+03
3.400000000000000000e+01 5.823500000000000000e+03
4.200000000000000000e+01 5.824050000000000182e+03
5.800000000000000000e+01 5.825100000000000364e+03
6.600000000000000000e+01 5.825050000000000182e+03
2.000000000000000000e+00 5.825449999999999818e+03
1.000000000000000000e+01 5.826400000000000546e+03
1.800000000000000000e+01 5.826650000000000546e+03
7.400000000000000000e+01 5.827449999999999818e+03
5.000000000000000000e+01 5.848800000000000182e+03
3.400000000000000000e+01 5.849850000000000364e+03
6.600000000000000000e+01 5.851400000000000546e+03
5.800000000000000000e+01 5.851449999999999818e+03
1.800000000000000000e+01 5.852900000000000546e+03
2.000000000000000000e+00 5.853300000000000182e+03
2.600000000000000000e+01 5.853300000000000182e+03
4.200000000000000000e+01 5.853350000000000364e+03
1.000000000000000000e+01 5.854400000000000546e+03
7.400000000000000000e+01 5.855550000000000182e+03
5.000000000000000000e+01 5.866350000000000364e+03
3.400000000000000000e+01 5.879550000000000182e+03
4.200000000000000000e+01 5.883699999999999818e+03
1.800000000000000000e+01 5.883750000000000000e+03
5.800000000000000000e+01 5.884300000000000182e+03
7.400000000000000000e+01 5.884600000000000364e+03
6.600000000000000000e+01 5.884900000000000546e+03
2.000000000000000000e+00 5.885600000000000364e+03
2.600000000000000000e+01 5.885900000000000546e+03
5.000000000000000000e+01 5.886300000000000182e+03
1.000000000000000000e+01 5.886400000000000546e+03
3.400000000000000000e+01 5.902750000000000000e+03
2.000000000000000000e+00 5.912600000000000364e+03
5.800000000000000000e+01 5.913150000000000546e+03
4.200000000000000000e+01 5.914600000000000364e+03
6.600000000000000000e+01 5.914600000000000364e+03
7.400000000000000000e+01 5.914600000000000364e+03
2.600000000000000000e+01 5.915350000000000364e+03
1.000000000000000000e+01 5.916000000000000000e+03
5.000000000000000000e+01 5.916300000000000182e+03
1.800000000000000000e+01 5.916400000000000546e+03
3.400000000000000000e+01 5.920850000000000364e+03
5.000000000000000000e+01 5.945300000000000182e+03
7.400000000000000000e+01 5.945900000000000546e+03
6.600000000000000000e+01 5.946250000000000000e+03
5.800000000000000000e+01 5.946650000000000546e+03
1.000000000000000000e+01 5.946800000000000182e+03
2.600000000000000000e+01 5.946900000000000546e+03
4.200000000000000000e+01 5.947000000000000000e+03
2.000000000000000000e+00 5.947500000000000000e+03
1.800000000000000000e+01 5.947600000000000364e+03
3.400000000000000000e+01 5.947699999999999818e+03
4.200000000000000000e+01 5.974400000000000546e+03
1.000000000000000000e+01 5.975000000000000000e+03
2.600000000000000000e+01 5.975199999999999818e+03
6.600000000000000000e+01 5.975350000000000364e+03
2.000000000000000000e+00 5.976250000000000000e+03
7.400000000000000000e+01 5.976400000000000546e+03
5.000000000000000000e+01 5.977100000000000364e+03
5.800000000000000000e+01 5.977400000000000546e+03
3.400000000000000000e+01 5.977550000000000182e+03
1.800000000000000000e+01 5.977949999999999818e+03
5.800000000000000000e+01 6.229900000000000546e+03
5.000000000000000000e+01 6.231900000000000546e+03
1.800000000000000000e+01 6.301000000000000000e+03
6.600000000000000000e+01 6.347500000000000000e+03
7.400000000000000000e+01 6.389949999999999818e+03
4.200000000000000000e+01 6.394400000000000546e+03
1.000000000000000000e+01 6.402699999999999818e+03
2.000000000000000000e+00 6.431850000000000364e+03
5.000000000000000000e+01 6.482050000000000182e+03
7.400000000000000000e+01 6.482750000000000000e+03
1.000000000000000000e+01 6.483199999999999818e+03
3.400000000000000000e+01 6.484949999999999818e+03
4.200000000000000000e+01 6.485100000000000364e+03
2.600000000000000000e+01 6.485250000000000000e+03
1.800000000000000000e+01 6.485449999999999818e+03
6.600000000000000000e+01 6.485500000000000000e+03
5.800000000000000000e+01 6.486000000000000000e+03
2.000000000000000000e+00 6.486150000000000546e+03
1.000000000000000000e+01 6.574100000000000364e+03
4.200000000000000000e+01 6.743550000000000182e+03
2.600000000000000000e+01 6.780550000000000182e+03
5.800000000000000000e+01 6.781199999999999818e+03
6.600000000000000000e+01 6.783199999999999818e+03
5.000000000000000000e+01 6.783300000000000182e+03
1.000000000000000000e+01 6.783350000000000364e+03
1.800000000000000000e+01 6.784300000000000182e+03
2.000000000000000000e+00 6.784650000000000546e+03
4.200000000000000000e+01 6.785199999999999818e+03
3.400000000000000000e+01 6.785350000000000364e+03
7.400000000000000000e+01 6.785600000000000364e+03
4.200000000000000000e+01 7.060300000000000182e+03
2.600000000000000000e+01 7.538650000000000546e+03
5.800000000000000000e+01 7.547500000000000000e+03
1.000000000000000000e+01 7.550500000000000000e+03
6.600000000000000000e+01 7.781100000000000364e+03
4.200000000000000000e+01 7.811150000000000546e+03
4.200000000000000000e+01 8.004350000000000364e+03
4.200000000000000000e+01 8.209399999999999636e+03
4.200000000000000000e+01 8.325549999999999272e+03
5.000000000000000000e+01 8.333600000000000364e+03
4.200000000000000000e+01 8.495899999999999636e+03
4.200000000000000000e+01 8.620750000000000000e+03
4.200000000000000000e+01 8.906200000000000728e+03
6.600000000000000000e+01 9.013050000000001091e+03
4.200000000000000000e+01 9.360750000000000000e+03
4.200000000000000000e+01 9.552800000000001091e+03
4.200000000000000000e+01 9.712700000000000728e+03
4.200000000000000000e+01 9.778200000000000728e+03
4.200000000000000000e+01 9.809700000000000728e+03
4.200000000000000000e+01 9.861850000000000364e+03
4.200000000000000000e+01 9.895100000000000364e+03
4.200000000000000000e+01 9.925700000000000728e+03
4.200000000000000000e+01 9.966899999999999636e+03
2.000000000000000000e+00 1.016000000000000000e+04
2.600000000000000000e+01 1.016075000000000000e+04
1.000000000000000000e+01 1.016175000000000000e+04
1.800000000000000000e+01 1.016225000000000000e+04
3.400000000000000000e+01 1.016305000000000109e+04
5.000000000000000000e+01 1.016380000000000109e+04
7.400000000000000000e+01 1.016380000000000109e+04
4.200000000000000000e+01 1.016395000000000073e+04
5.800000000000000000e+01 1.016395000000000073e+04
6.600000000000000000e+01 1.016464999999999964e+04
4.200000000000000000e+01 1.024170000000000073e+04
3.400000000000000000e+01 1.037685000000000036e+04
4.200000000000000000e+01 1.057364999999999964e+04
6.600000000000000000e+01 1.061639999999999964e+04
4.200000000000000000e+01 1.066414999999999964e+04
5.800000000000000000e+01 1.073210000000000036e+04
4.200000000000000000e+01 1.073410000000000036e+04
5.000000000000000000e+01 1.074010000000000036e+04
2.600000000000000000e+01 1.075205000000000109e+04
1.000000000000000000e+01 1.075389999999999964e+04
1.800000000000000000e+01 1.076030000000000109e+04
7.400000000000000000e+01 1.076060000000000036e+04
2.000000000000000000e+00 1.076420000000000073e+04
3.400000000000000000e+01 1.076439999999999964e+04
6.600000000000000000e+01 1.076485000000000036e+04
4.200000000000000000e+01 1.076530000000000109e+04
5.800000000000000000e+01 1.076575000000000000e+04
5.000000000000000000e+01 1.076650000000000000e+04
4.200000000000000000e+01 1.092039999999999964e+04
5.000000000000000000e+01 1.133214999999999964e+04
3.400000000000000000e+01 1.135970000000000073e+04
5.000000000000000000e+01 1.179480000000000109e+04
3.400000000000000000e+01 1.221214999999999964e+04
5.000000000000000000e+01 1.228695000000000073e+04
5.800000000000000000e+01 1.282135000000000036e+04
5.000000000000000000e+01 1.318239999999999964e+04
5.000000000000000000e+01 1.341114999999999964e+04
5.000000000000000000e+01 1.355435000000000036e+04
5.000000000000000000e+01 1.406060000000000036e+04
7.400000000000000000e+01 1.423760000000000036e+04
3.400000000000000000e+01 1.435070000000000073e+04
5.800000000000000000e+01 1.449145000000000073e+04
5.000000000000000000e+01 1.450175000000000000e+04
2.000000000000000000e+00 1.450350000000000000e+04
4.200000000000000000e+01 1.459589999999999964e+04
3.400000000000000000e+01 1.463045000000000073e+04
3.400000000000000000e+01 1.471180000000000109e+04
1.800000000000000000e+01 1.480260000000000036e+04
4.200000000000000000e+01 1.482439999999999964e+04
5.800000000000000000e+01 1.490005000000000109e+04
6.600000000000000000e+01 1.490335000000000036e+04
3.400000000000000000e+01 1.491435000000000036e+04
7.400000000000000000e+01 1.491505000000000109e+04
1.000000000000000000e+01 1.491514999999999964e+04
2.600000000000000000e+01 1.491539999999999964e+04
4.200000000000000000e+01 1.491535000000000036e+04
1.800000000000000000e+01 1.491550000000000000e+04
5.000000000000000000e+01 1.491560000000000036e+04
2.000000000000000000e+00 1.491635000000000036e+04
5.800000000000000000e+01 1.491875000000000000e+04
5.800000000000000000e+01 1.550995000000000073e+04
5.000000000000000000e+01 1.563375000000000000e+04
5.800000000000000000e+01 1.609139999999999964e+04
5.000000000000000000e+01 1.661379999999999927e+04
5.800000000000000000e+01 1.709059999999999854e+04
6.600000000000000000e+01 1.803085000000000218e+04
4.200000000000000000e+01 1.808010000000000218e+04
4.200000000000000000e+01 1.816954999999999927e+04
3.400000000000000000e+01 1.824360000000000218e+04
4.200000000000000000e+01 1.826645000000000073e+04
5.000000000000000000e+01 1.834940000000000146e+04
7.400000000000000000e+01 1.838654999999999927e+04
2.600000000000000000e+01 1.844820000000000073e+04
4.200000000000000000e+01 1.847625000000000000e+04
2.000000000000000000e+00 1.848135000000000218e+04
3.400000000000000000e+01 1.848354999999999927e+04
5.800000000000000000e+01 1.848520000000000073e+04
1.800000000000000000e+01 1.848540000000000146e+04
5.000000000000000000e+01 1.848575000000000000e+04
7.400000000000000000e+01 1.848610000000000218e+04
2.600000000000000000e+01 1.848695000000000073e+04
1.000000000000000000e+01 1.848725000000000000e+04
6.600000000000000000e+01 1.848810000000000218e+04
4.200000000000000000e+01 1.858979999999999927e+04
7.400000000000000000e+01 1.862279999999999927e+04
6.600000000000000000e+01 1.867195000000000073e+04
1.800000000000000000e+01 1.892685000000000218e+04
3.400000000000000000e+01 1.900404999999999927e+04
1.800000000000000000e+01 1.910740000000000146e+04
3.400000000000000000e+01 1.922295000000000073e+04
2.600000000000000000e+01 1.930879999999999927e+04
1.000000000000000000e+01 1.931320000000000073e+04
3.400000000000000000e+01 1.939504999999999927e+04
3.400000000000000000e+01 1.962670000000000073e+04
5.000000000000000000e+01 1.974500000000000000e+04
4.200000000000000000e+01 1.977710000000000218e+04
4.200000000000000000e+01 2.015425000000000000e+04
3.400000000000000000e+01 2.051800000000000000e+04
3.400000000000000000e+01 2.158875000000000000e+04
3.400000000000000000e+01 2.186620000000000073e+04
4.200000000000000000e+01 2.204000000000000000e+04
5.800000000000000000e+01 2.206204999999999927e+04
1.800000000000000000e+01 2.234085000000000218e+04
2.600000000000000000e+01 2.239920000000000073e+04
1.000000000000000000e+01 2.240545000000000073e+04
2.000000000000000000e+00 2.240735000000000218e+04
4.200000000000000000e+01 2.240760000000000218e+04
4.200000000000000000e+01 2.247770000000000073e+04
5.000000000000000000e+01 2.255045000000000073e+04
4.200000000000000000e+01 2.258745000000000073e+04
1.000000000000000000e+01 2.279745000000000073e+04
7.400000000000000000e+01 2.285704999999999927e+04
4.200000000000000000e+01 2.288020000000000073e+04
4.200000000000000000e+01 2.299065000000000146e+04
3.500000000000000000e+01 1.034000000000000057e+02
3.500000000000000000e+01 4.671500000000000341e+02
3.000000000000000000e+00 7.171499999999999773e+02
5.900000000000000000e+01 7.596499999999999773e+02
1.900000000000000000e+01 8.698500000000000227e+02
4.300000000000000000e+01 9.345500000000000682e+02
5.100000000000000000e+01 9.401499999999999773e+02
3.000000000000000000e+00 1.132500000000000000e+03
2.700000000000000000e+01 1.180850000000000136e+03
1.900000000000000000e+01 1.190450000000000045e+03
6.700000000000000000e+01 1.384700000000000045e+03
3.500000000000000000e+01 1.558900000000000091e+03
4.300000000000000000e+01 1.627000000000000000e+03
1.900000000000000000e+01 1.827950000000000045e+03
5.900000000000000000e+01 1.844750000000000000e+03
3.500000000000000000e+01 1.876850000000000136e+03
4.300000000000000000e+01 1.948950000000000045e+03
1.100000000000000000e+01 1.954700000000000045e+03
5.900000000000000000e+01 3.005050000000000182e+03
5.100000000000000000e+01 3.011250000000000000e+03
7.500000000000000000e+01 3.018650000000000091e+03
6.700000000000000000e+01 3.029800000000000182e+03
2.700000000000000000e+01 3.042050000000000182e+03
5.900000000000000000e+01 3.049500000000000000e+03
1.100000000000000000e+01 3.056900000000000091e+03
6.700000000000000000e+01 3.065250000000000000e+03
5.100000000000000000e+01 3.072800000000000182e+03
7.500000000000000000e+01 3.083200000000000273e+03
3.500000000000000000e+01 3.087800000000000182e+03
2.700000000000000000e+01 3.094200000000000273e+03
3.000000000000000000e+00 3.098150000000000091e+03
6.700000000000000000e+01 3.117500000000000000e+03
5.900000000000000000e+01 3.118800000000000182e+03
1.900000000000000000e+01 3.119200000000000273e+03
1.100000000000000000e+01 3.119849999999999909e+03
4.300000000000000000e+01 3.123150000000000091e+03
5.100000000000000000e+01 3.139150000000000091e+03
2.700000000000000000e+01 3.146849999999999909e+03
7.500000000000000000e+01 3.166000000000000000e+03
6.700000000000000000e+01 3.174300000000000182e+03
5.900000000000000000e+01 3.185849999999999909e+03
1.100000000000000000e+01 3.187150000000000091e+03
5.100000000000000000e+01 3.191900000000000091e+03
3.500000000000000000e+01 3.197450000000000273e+03
3.000000000000000000e+00 3.205099999999999909e+03
4.300000000000000000e+01 3.208099999999999909e+03
6.700000000000000000e+01 3.214550000000000182e+03
1.100000000000000000e+01 3.219400000000000091e+03
1.900000000000000000e+01 3.224050000000000182e+03
5.900000000000000000e+01 3.237200000000000273e+03
5.100000000000000000e+01 3.245250000000000000e+03
7.500000000000000000e+01 3.248150000000000091e+03
3.000000000000000000e+00 3.252900000000000091e+03
3.500000000000000000e+01 3.255849999999999909e+03
6.700000000000000000e+01 3.265500000000000000e+03
1.900000000000000000e+01 3.273599999999999909e+03
1.100000000000000000e+01 3.280150000000000091e+03
5.100000000000000000e+01 3.286849999999999909e+03
2.700000000000000000e+01 3.289750000000000000e+03
4.300000000000000000e+01 3.301450000000000273e+03
5.900000000000000000e+01 3.305450000000000273e+03
7.500000000000000000e+01 3.311950000000000273e+03
3.500000000000000000e+01 3.313900000000000091e+03
1.100000000000000000e+01 3.316950000000000273e+03
5.100000000000000000e+01 3.322800000000000182e+03
3.000000000000000000e+00 3.326550000000000182e+03
2.700000000000000000e+01 3.328800000000000182e+03
5.900000000000000000e+01 3.345700000000000273e+03
7.500000000000000000e+01 3.352849999999999909e+03
1.900000000000000000e+01 3.353400000000000091e+03
4.300000000000000000e+01 3.354200000000000273e+03
5.100000000000000000e+01 3.379700000000000273e+03
6.700000000000000000e+01 3.379750000000000000e+03
1.100000000000000000e+01 3.386400000000000091e+03
2.700000000000000000e+01 3.386750000000000000e+03
7.500000000000000000e+01 3.390000000000000000e+03
3.000000000000000000e+00 3.396250000000000000e+03
4.300000000000000000e+01 3.417450000000000273e+03
5.100000000000000000e+01 3.418550000000000182e+03
6.700000000000000000e+01 3.426750000000000000e+03
2.700000000000000000e+01 3.429700000000000273e+03
1.900000000000000000e+01 3.437200000000000273e+03
5.900000000000000000e+01 3.439800000000000182e+03
1.100000000000000000e+01 3.452700000000000273e+03
7.500000000000000000e+01 3.453250000000000000e+03
3.000000000000000000e+00 3.453550000000000182e+03
4.300000000000000000e+01 3.458800000000000182e+03
6.700000000000000000e+01 3.460200000000000273e+03
7.500000000000000000e+01 3.478000000000000000e+03
5.100000000000000000e+01 3.488599999999999909e+03
2.700000000000000000e+01 3.511950000000000273e+03
1.900000000000000000e+01 3.512950000000000273e+03
3.000000000000000000e+00 3.515150000000000091e+03
1.100000000000000000e+01 3.515300000000000182e+03
3.500000000000000000e+01 3.521599999999999909e+03
6.700000000000000000e+01 3.528550000000000182e+03
5.900000000000000000e+01 3.547900000000000091e+03
5.100000000000000000e+01 3.550550000000000182e+03
7.500000000000000000e+01 3.556300000000000182e+03
1.900000000000000000e+01 3.558900000000000091e+03
2.700000000000000000e+01 3.567700000000000273e+03
4.300000000000000000e+01 3.570750000000000000e+03
1.100000000000000000e+01 3.575599999999999909e+03
6.700000000000000000e+01 3.582000000000000000e+03
3.500000000000000000e+01 3.590000000000000000e+03
7.500000000000000000e+01 3.595900000000000091e+03
3.000000000000000000e+00 3.605099999999999909e+03
1.900000000000000000e+01 3.605599999999999909e+03
2.700000000000000000e+01 3.612849999999999909e+03
1.100000000000000000e+01 3.615150000000000091e+03
5.900000000000000000e+01 3.620200000000000273e+03
3.500000000000000000e+01 3.621200000000000273e+03
6.700000000000000000e+01 3.632849999999999909e+03
7.500000000000000000e+01 3.646450000000000273e+03
3.000000000000000000e+00 3.647200000000000273e+03
4.300000000000000000e+01 3.650250000000000000e+03
1.900000000000000000e+01 3.661950000000000273e+03
1.100000000000000000e+01 3.674550000000000182e+03
5.900000000000000000e+01 3.674599999999999909e+03
3.000000000000000000e+00 3.689000000000000000e+03
2.700000000000000000e+01 3.689050000000000182e+03
5.100000000000000000e+01 3.710250000000000000e+03
3.500000000000000000e+01 3.714000000000000000e+03
4.300000000000000000e+01 3.718050000000000182e+03
7.500000000000000000e+01 3.718800000000000182e+03
1.100000000000000000e+01 3.728950000000000273e+03
5.100000000000000000e+01 3.745750000000000000e+03
3.000000000000000000e+00 3.745950000000000273e+03
6.700000000000000000e+01 3.751300000000000182e+03
3.500000000000000000e+01 3.767500000000000000e+03
7.500000000000000000e+01 3.771849999999999909e+03
2.700000000000000000e+01 3.773650000000000091e+03
4.300000000000000000e+01 3.773700000000000273e+03
1.900000000000000000e+01 3.775150000000000091e+03
5.900000000000000000e+01 3.777300000000000182e+03
1.100000000000000000e+01 3.789750000000000000e+03
5.100000000000000000e+01 3.796450000000000273e+03
4.300000000000000000e+01 3.804950000000000273e+03
6.700000000000000000e+01 3.807400000000000091e+03
2.700000000000000000e+01 3.811349999999999909e+03
3.500000000000000000e+01 3.820300000000000182e+03
7.500000000000000000e+01 3.826800000000000182e+03
5.100000000000000000e+01 3.837200000000000273e+03
1.900000000000000000e+01 3.838150000000000091e+03
3.000000000000000000e+00 3.839349999999999909e+03
2.700000000000000000e+01 3.865849999999999909e+03
5.900000000000000000e+01 3.870950000000000273e+03
4.300000000000000000e+01 3.876450000000000273e+03
3.500000000000000000e+01 3.881050000000000182e+03
3.000000000000000000e+00 3.882300000000000182e+03
5.100000000000000000e+01 3.897900000000000091e+03
2.700000000000000000e+01 3.908450000000000273e+03
7.500000000000000000e+01 3.912800000000000182e+03
3.000000000000000000e+00 3.920450000000000273e+03
4.300000000000000000e+01 3.923950000000000273e+03
1.100000000000000000e+01 3.926349999999999909e+03
1.900000000000000000e+01 3.932300000000000182e+03
5.100000000000000000e+01 3.936849999999999909e+03
7.500000000000000000e+01 3.938250000000000000e+03
2.700000000000000000e+01 3.940250000000000000e+03
5.900000000000000000e+01 3.951900000000000091e+03
6.700000000000000000e+01 3.953000000000000000e+03
3.500000000000000000e+01 3.969250000000000000e+03
2.700000000000000000e+01 3.974750000000000000e+03
5.100000000000000000e+01 3.978300000000000182e+03
7.500000000000000000e+01 3.987500000000000000e+03
1.900000000000000000e+01 4.003050000000000182e+03
3.500000000000000000e+01 4.010700000000000273e+03
1.100000000000000000e+01 4.018950000000000273e+03
5.100000000000000000e+01 4.028150000000000091e+03
2.700000000000000000e+01 4.028700000000000273e+03
4.300000000000000000e+01 4.029950000000000273e+03
6.700000000000000000e+01 4.032050000000000182e+03
3.000000000000000000e+00 4.034300000000000182e+03
5.900000000000000000e+01 4.035450000000000273e+03
1.900000000000000000e+01 4.038849999999999909e+03
7.500000000000000000e+01 4.040000000000000000e+03
3.500000000000000000e+01 4.052150000000000091e+03
1.100000000000000000e+01 4.060900000000000091e+03
2.700000000000000000e+01 4.067000000000000000e+03
1.900000000000000000e+01 4.078150000000000091e+03
3.000000000000000000e+00 4.080950000000000273e+03
5.100000000000000000e+01 4.091550000000000182e+03
4.300000000000000000e+01 4.094750000000000000e+03
6.700000000000000000e+01 4.094950000000000273e+03
3.500000000000000000e+01 4.095349999999999909e+03
1.100000000000000000e+01 4.100899999999999636e+03
7.500000000000000000e+01 4.109149999999999636e+03
1.900000000000000000e+01 4.116600000000000364e+03
3.000000000000000000e+00 4.125149999999999636e+03
2.700000000000000000e+01 4.129600000000000364e+03
3.500000000000000000e+01 4.132199999999999818e+03
5.100000000000000000e+01 4.137899999999999636e+03
1.100000000000000000e+01 4.140699999999999818e+03
5.900000000000000000e+01 4.141250000000000000e+03
4.300000000000000000e+01 4.146500000000000000e+03
1.900000000000000000e+01 4.149850000000000364e+03
7.500000000000000000e+01 4.153100000000000364e+03
2.700000000000000000e+01 4.165100000000000364e+03
6.700000000000000000e+01 4.166250000000000000e+03
1.100000000000000000e+01 4.171449999999999818e+03
3.500000000000000000e+01 4.184149999999999636e+03
3.000000000000000000e+00 4.186550000000000182e+03
4.300000000000000000e+01 4.194800000000000182e+03
5.900000000000000000e+01 4.199850000000000364e+03
6.700000000000000000e+01 4.200100000000000364e+03
7.500000000000000000e+01 4.203149999999999636e+03
1.100000000000000000e+01 4.211250000000000000e+03
1.900000000000000000e+01 4.212750000000000000e+03
5.100000000000000000e+01 4.236850000000000364e+03
5.900000000000000000e+01 4.240800000000000182e+03
2.700000000000000000e+01 4.241100000000000364e+03
3.500000000000000000e+01 4.241899999999999636e+03
7.500000000000000000e+01 4.241949999999999818e+03
6.700000000000000000e+01 4.244949999999999818e+03
1.900000000000000000e+01 4.264600000000000364e+03
3.000000000000000000e+00 4.266449999999999818e+03
4.300000000000000000e+01 4.273699999999999818e+03
6.700000000000000000e+01 4.277649999999999636e+03
7.500000000000000000e+01 4.279199999999999818e+03
5.900000000000000000e+01 4.285149999999999636e+03
3.500000000000000000e+01 4.287899999999999636e+03
5.100000000000000000e+01 4.294250000000000000e+03
3.000000000000000000e+00 4.306050000000000182e+03
1.900000000000000000e+01 4.318399999999999636e+03
1.100000000000000000e+01 4.320800000000000182e+03
7.500000000000000000e+01 4.327600000000000364e+03
3.500000000000000000e+01 4.328100000000000364e+03
4.300000000000000000e+01 4.328750000000000000e+03
6.700000000000000000e+01 4.337550000000000182e+03
2.700000000000000000e+01 4.341399999999999636e+03
5.100000000000000000e+01 4.343449999999999818e+03
7.500000000000000000e+01 4.355850000000000364e+03
5.900000000000000000e+01 4.371800000000000182e+03
1.900000000000000000e+01 4.374150000000000546e+03
3.500000000000000000e+01 4.374350000000000364e+03
1.100000000000000000e+01 4.374900000000000546e+03
3.000000000000000000e+00 4.374949999999999818e+03
5.100000000000000000e+01 4.380800000000000182e+03
7.500000000000000000e+01 4.385850000000000364e+03
2.700000000000000000e+01 4.401449999999999818e+03
6.700000000000000000e+01 4.403350000000000364e+03
4.300000000000000000e+01 4.409100000000000364e+03
5.100000000000000000e+01 4.416949999999999818e+03
3.500000000000000000e+01 4.419699999999999818e+03
7.500000000000000000e+01 4.421600000000000364e+03
1.900000000000000000e+01 4.437750000000000000e+03
3.000000000000000000e+00 4.447699999999999818e+03
4.300000000000000000e+01 4.450650000000000546e+03
7.500000000000000000e+01 4.452250000000000000e+03
6.700000000000000000e+01 4.452350000000000364e+03
5.900000000000000000e+01 4.456199999999999818e+03
1.100000000000000000e+01 4.456350000000000364e+03
2.700000000000000000e+01 4.457800000000000182e+03
1.900000000000000000e+01 4.467350000000000364e+03
3.500000000000000000e+01 4.474850000000000364e+03
6.700000000000000000e+01 4.485600000000000364e+03
3.000000000000000000e+00 4.489400000000000546e+03
4.300000000000000000e+01 4.493250000000000000e+03
7.500000000000000000e+01 4.493800000000000182e+03
1.100000000000000000e+01 4.495550000000000182e+03
5.900000000000000000e+01 4.497800000000000182e+03
2.700000000000000000e+01 4.497850000000000364e+03
1.900000000000000000e+01 4.497949999999999818e+03
3.500000000000000000e+01 4.511750000000000000e+03
2.700000000000000000e+01 4.526250000000000000e+03
6.700000000000000000e+01 4.529750000000000000e+03
1.100000000000000000e+01 4.530199999999999818e+03
5.900000000000000000e+01 4.535650000000000546e+03
7.500000000000000000e+01 4.539699999999999818e+03
3.000000000000000000e+00 4.539949999999999818e+03
5.100000000000000000e+01 4.543400000000000546e+03
1.900000000000000000e+01 4.551600000000000364e+03
3.500000000000000000e+01 4.555900000000000546e+03
4.300000000000000000e+01 4.560000000000000000e+03
2.700000000000000000e+01 4.564850000000000364e+03
1.100000000000000000e+01 4.570350000000000364e+03
5.900000000000000000e+01 4.576000000000000000e+03
1.900000000000000000e+01 4.577699999999999818e+03
3.000000000000000000e+00 4.592800000000000182e+03
7.500000000000000000e+01 4.594600000000000364e+03
3.500000000000000000e+01 4.597150000000000546e+03
4.300000000000000000e+01 4.597650000000000546e+03
6.700000000000000000e+01 4.598850000000000364e+03
1.100000000000000000e+01 4.603250000000000000e+03
2.700000000000000000e+01 4.604050000000000182e+03
5.100000000000000000e+01 4.604600000000000364e+03
1.900000000000000000e+01 4.621949999999999818e+03
3.000000000000000000e+00 4.627699999999999818e+03
5.900000000000000000e+01 4.628300000000000182e+03
6.700000000000000000e+01 4.638800000000000182e+03
7.500000000000000000e+01 4.650650000000000546e+03
2.700000000000000000e+01 4.653400000000000546e+03
3.500000000000000000e+01 4.655500000000000000e+03
1.900000000000000000e+01 4.656449999999999818e+03
4.300000000000000000e+01 4.658250000000000000e+03
1.100000000000000000e+01 4.660400000000000546e+03
5.100000000000000000e+01 4.663250000000000000e+03
6.700000000000000000e+01 4.677100000000000364e+03
5.900000000000000000e+01 4.678600000000000364e+03
1.100000000000000000e+01 4.680449999999999818e+03
3.000000000000000000e+00 4.687500000000000000e+03
3.500000000000000000e+01 4.695350000000000364e+03
4.300000000000000000e+01 4.700650000000000546e+03
1.900000000000000000e+01 4.702750000000000000e+03
2.700000000000000000e+01 4.704650000000000546e+03
6.700000000000000000e+01 4.708449999999999818e+03
5.100000000000000000e+01 4.709100000000000364e+03
1.100000000000000000e+01 4.710949999999999818e+03
5.900000000000000000e+01 4.711250000000000000e+03
3.000000000000000000e+00 4.718350000000000364e+03
7.500000000000000000e+01 4.728449999999999818e+03
4.300000000000000000e+01 4.732500000000000000e+03
1.900000000000000000e+01 4.734250000000000000e+03
6.700000000000000000e+01 4.738550000000000182e+03
2.700000000000000000e+01 4.741800000000000182e+03
1.100000000000000000e+01 4.745000000000000000e+03
5.900000000000000000e+01 4.748800000000000182e+03
3.500000000000000000e+01 4.752550000000000182e+03
7.500000000000000000e+01 4.753500000000000000e+03
3.000000000000000000e+00 4.759000000000000000e+03
4.300000000000000000e+01 4.762600000000000364e+03
5.100000000000000000e+01 4.763449999999999818e+03
1.900000000000000000e+01 4.775100000000000364e+03
6.700000000000000000e+01 4.775050000000000182e+03
3.500000000000000000e+01 4.780600000000000364e+03
7.500000000000000000e+01 4.786400000000000546e+03
1.100000000000000000e+01 4.786800000000000182e+03
2.700000000000000000e+01 4.788050000000000182e+03
5.900000000000000000e+01 4.790400000000000546e+03
4.300000000000000000e+01 4.800699999999999818e+03
1.900000000000000000e+01 4.805100000000000364e+03
5.100000000000000000e+01 4.809400000000000546e+03
6.700000000000000000e+01 4.814900000000000546e+03
2.700000000000000000e+01 4.816100000000000364e+03
1.100000000000000000e+01 4.817199999999999818e+03
3.500000000000000000e+01 4.824600000000000364e+03
5.900000000000000000e+01 4.827199999999999818e+03
3.000000000000000000e+00 4.828900000000000546e+03
7.500000000000000000e+01 4.831100000000000364e+03
1.900000000000000000e+01 4.832250000000000000e+03
5.100000000000000000e+01 4.838300000000000182e+03
2.700000000000000000e+01 4.847850000000000364e+03
3.000000000000000000e+00 4.859000000000000000e+03
3.500000000000000000e+01 4.860750000000000000e+03
4.300000000000000000e+01 4.862699999999999818e+03
5.100000000000000000e+01 4.862949999999999818e+03
6.700000000000000000e+01 4.863699999999999818e+03
7.500000000000000000e+01 4.864800000000000182e+03
1.900000000000000000e+01 4.865199999999999818e+03
5.900000000000000000e+01 4.865800000000000182e+03
1.100000000000000000e+01 4.865949999999999818e+03
2.700000000000000000e+01 4.875500000000000000e+03
6.700000000000000000e+01 4.894750000000000000e+03
7.500000000000000000e+01 4.894900000000000546e+03
1.100000000000000000e+01 4.896050000000000182e+03
3.000000000000000000e+00 4.896800000000000182e+03
3.500000000000000000e+01 4.897100000000000364e+03
5.100000000000000000e+01 4.897100000000000364e+03
4.300000000000000000e+01 4.898250000000000000e+03
2.700000000000000000e+01 4.901199999999999818e+03
5.900000000000000000e+01 4.901500000000000000e+03
7.500000000000000000e+01 4.926199999999999818e+03
1.900000000000000000e+01 4.931850000000000364e+03
1.100000000000000000e+01 4.932350000000000364e+03
3.000000000000000000e+00 4.933000000000000000e+03
6.700000000000000000e+01 4.933900000000000546e+03
2.700000000000000000e+01 4.934350000000000364e+03
3.500000000000000000e+01 4.934400000000000546e+03
5.900000000000000000e+01 4.934550000000000182e+03
4.300000000000000000e+01 4.934900000000000546e+03
5.100000000000000000e+01 4.935150000000000546e+03
7.500000000000000000e+01 4.956449999999999818e+03
2.700000000000000000e+01 4.959600000000000364e+03
1.100000000000000000e+01 4.959949999999999818e+03
6.700000000000000000e+01 4.964699999999999818e+03
3.500000000000000000e+01 4.965449999999999818e+03
1.900000000000000000e+01 4.966199999999999818e+03
5.100000000000000000e+01 4.969800000000000182e+03
4.300000000000000000e+01 4.970250000000000000e+03
5.900000000000000000e+01 4.971250000000000000e+03
3.000000000000000000e+00 4.971650000000000546e+03
7.500000000000000000e+01 4.981850000000000364e+03
1.100000000000000000e+01 4.992449999999999818e+03
2.700000000000000000e+01 5.000800000000000182e+03
6.700000000000000000e+01 5.002150000000000546e+03
5.900000000000000000e+01 5.002300000000000182e+03
1.900000000000000000e+01 5.002600000000000364e+03
3.500000000000000000e+01 5.003500000000000000e+03
4.300000000000000000e+01 5.004150000000000546e+03
5.100000000000000000e+01 5.005300000000000182e+03
7.500000000000000000e+01 5.006449999999999818e+03
3.000000000000000000e+00 5.031050000000000182e+03
2.700000000000000000e+01 5.032850000000000364e+03
1.900000000000000000e+01 5.034650000000000546e+03
4.300000000000000000e+01 5.035550000000000182e+03
1.100000000000000000e+01 5.036949999999999818e+03
7.500000000000000000e+01 5.037800000000000182e+03
6.700000000000000000e+01 5.039000000000000000e+03
5.900000000000000000e+01 5.041150000000000546e+03
5.100000000000000000e+01 5.041449999999999818e+03
3.500000000000000000e+01 5.042000000000000000e+03
1.100000000000000000e+01 5.071300000000000182e+03
3.000000000000000000e+00 5.071600000000000364e+03
7.500000000000000000e+01 5.072449999999999818e+03
1.900000000000000000e+01 5.072600000000000364e+03
5.900000000000000000e+01 5.073150000000000546e+03
5.100000000000000000e+01 5.073350000000000364e+03
4.300000000000000000e+01 5.073900000000000546e+03
6.700000000000000000e+01 5.074900000000000546e+03
3.500000000000000000e+01 5.075949999999999818e+03
2.700000000000000000e+01 5.082699999999999818e+03
5.100000000000000000e+01 5.104300000000000182e+03
3.500000000000000000e+01 5.104949999999999818e+03
1.900000000000000000e+01 5.106300000000000182e+03
1.100000000000000000e+01 5.106350000000000364e+03
7.500000000000000000e+01 5.107199999999999818e+03
3.000000000000000000e+00 5.107500000000000000e+03
6.700000000000000000e+01 5.107699999999999818e+03
5.900000000000000000e+01 5.108050000000000182e+03
4.300000000000000000e+01 5.108199999999999818e+03
2.700000000000000000e+01 5.109050000000000182e+03
5.900000000000000000e+01 5.138550000000000182e+03
2.700000000000000000e+01 5.140000000000000000e+03
1.100000000000000000e+01 5.140850000000000364e+03
7.500000000000000000e+01 5.142350000000000364e+03
1.900000000000000000e+01 5.142850000000000364e+03
5.100000000000000000e+01 5.143199999999999818e+03
3.500000000000000000e+01 5.143550000000000182e+03
4.300000000000000000e+01 5.143900000000000546e+03
6.700000000000000000e+01 5.143949999999999818e+03
3.000000000000000000e+00 5.146199999999999818e+03
4.300000000000000000e+01 5.172199999999999818e+03
7.500000000000000000e+01 5.173150000000000546e+03
3.500000000000000000e+01 5.174100000000000364e+03
5.100000000000000000e+01 5.176600000000000364e+03
3.000000000000000000e+00 5.176900000000000546e+03
1.900000000000000000e+01 5.177000000000000000e+03
5.900000000000000000e+01 5.177000000000000000e+03
1.100000000000000000e+01 5.177050000000000182e+03
2.700000000000000000e+01 5.177050000000000182e+03
6.700000000000000000e+01 5.178199999999999818e+03
4.300000000000000000e+01 5.201300000000000182e+03
3.500000000000000000e+01 5.207300000000000182e+03
6.700000000000000000e+01 5.207650000000000546e+03
5.100000000000000000e+01 5.208199999999999818e+03
7.500000000000000000e+01 5.210900000000000546e+03
1.900000000000000000e+01 5.211600000000000364e+03
5.900000000000000000e+01 5.211800000000000182e+03
3.000000000000000000e+00 5.211850000000000364e+03
2.700000000000000000e+01 5.212199999999999818e+03
1.100000000000000000e+01 5.212949999999999818e+03
6.700000000000000000e+01 5.230350000000000364e+03
5.100000000000000000e+01 5.238150000000000546e+03
7.500000000000000000e+01 5.238800000000000182e+03
4.300000000000000000e+01 5.240400000000000546e+03
3.000000000000000000e+00 5.241900000000000546e+03
3.500000000000000000e+01 5.242250000000000000e+03
1.900000000000000000e+01 5.242699999999999818e+03
1.100000000000000000e+01 5.243400000000000546e+03
2.700000000000000000e+01 5.243449999999999818e+03
5.900000000000000000e+01 5.244000000000000000e+03
6.700000000000000000e+01 5.258300000000000182e+03
5.100000000000000000e+01 5.270350000000000364e+03
3.000000000000000000e+00 5.270500000000000000e+03
7.500000000000000000e+01 5.270900000000000546e+03
2.700000000000000000e+01 5.272400000000000546e+03
4.300000000000000000e+01 5.274449999999999818e+03
5.900000000000000000e+01 5.274449999999999818e+03
3.500000000000000000e+01 5.274600000000000364e+03
1.100000000000000000e+01 5.275500000000000000e+03
1.900000000000000000e+01 5.275600000000000364e+03
6.700000000000000000e+01 5.288350000000000364e+03
2.700000000000000000e+01 5.302900000000000546e+03
3.000000000000000000e+00 5.304100000000000364e+03
5.900000000000000000e+01 5.305300000000000182e+03
1.100000000000000000e+01 5.307550000000000182e+03
4.300000000000000000e+01 5.307600000000000364e+03
5.100000000000000000e+01 5.307699999999999818e+03
1.900000000000000000e+01 5.307949999999999818e+03
3.500000000000000000e+01 5.307949999999999818e+03
7.500000000000000000e+01 5.308449999999999818e+03
6.700000000000000000e+01 5.309100000000000364e+03
5.900000000000000000e+01 5.323100000000000364e+03
2.700000000000000000e+01 5.334300000000000182e+03
6.700000000000000000e+01 5.335699999999999818e+03
7.500000000000000000e+01 5.335650000000000546e+03
3.500000000000000000e+01 5.337050000000000182e+03
4.300000000000000000e+01 5.337350000000000364e+03
3.000000000000000000e+00 5.337900000000000546e+03
5.100000000000000000e+01 5.337850000000000364e+03
1.100000000000000000e+01 5.337949999999999818e+03
1.900000000000000000e+01 5.338150000000000546e+03
5.900000000000000000e+01 5.361650000000000546e+03
6.700000000000000000e+01 5.365100000000000364e+03
2.700000000000000000e+01 5.365400000000000546e+03
7.500000000000000000e+01 5.366600000000000364e+03
5.100000000000000000e+01 5.367100000000000364e+03
1.100000000000000000e+01 5.368250000000000000e+03
1.900000000000000000e+01 5.368500000000000000e+03
3.500000000000000000e+01 5.369300000000000182e+03
3.000000000000000000e+00 5.369600000000000364e+03
4.300000000000000000e+01 5.369750000000000000e+03
5.900000000000000000e+01 5.378650000000000546e+03
1.900000000000000000e+01 5.399350000000000364e+03
6.700000000000000000e+01 5.400050000000000182e+03
7.500000000000000000e+01 5.400650000000000546e+03
3.000000000000000000e+00 5.401199999999999818e+03
1.100000000000000000e+01 5.401300000000000182e+03
5.100000000000000000e+01 5.401250000000000000e+03
4.300000000000000000e+01 5.401550000000000182e+03
3.500000000000000000e+01 5.402699999999999818e+03
2.700000000000000000e+01 5.403100000000000364e+03
5.900000000000000000e+01 5.403800000000000182e+03
6.700000000000000000e+01 5.429699999999999818e+03
1.900000000000000000e+01 5.433300000000000182e+03
3.500000000000000000e+01 5.433800000000000182e+03
1.100000000000000000e+01 5.434400000000000546e+03
4.300000000000000000e+01 5.434800000000000182e+03
3.000000000000000000e+00 5.435300000000000182e+03
7.500000000000000000e+01 5.435400000000000546e+03
2.700000000000000000e+01 5.435449999999999818e+03
5.900000000000000000e+01 5.435949999999999818e+03
5.100000000000000000e+01 5.436050000000000182e+03
4.300000000000000000e+01 5.460199999999999818e+03
7.500000000000000000e+01 5.462250000000000000e+03
1.900000000000000000e+01 5.462650000000000546e+03
3.500000000000000000e+01 5.462800000000000182e+03
5.900000000000000000e+01 5.463449999999999818e+03
6.700000000000000000e+01 5.463449999999999818e+03
3.000000000000000000e+00 5.464000000000000000e+03
1.100000000000000000e+01 5.464449999999999818e+03
2.700000000000000000e+01 5.464500000000000000e+03
5.100000000000000000e+01 5.464600000000000364e+03
4.300000000000000000e+01 5.486350000000000364e+03
5.900000000000000000e+01 5.491250000000000000e+03
1.100000000000000000e+01 5.491600000000000364e+03
3.000000000000000000e+00 5.491750000000000000e+03
1.900000000000000000e+01 5.493150000000000546e+03
7.500000000000000000e+01 5.493199999999999818e+03
3.500000000000000000e+01 5.493850000000000364e+03
5.100000000000000000e+01 5.494000000000000000e+03
6.700000000000000000e+01 5.494449999999999818e+03
2.700000000000000000e+01 5.494850000000000364e+03
5.900000000000000000e+01 5.520699999999999818e+03
1.900000000000000000e+01 5.521350000000000364e+03
1.100000000000000000e+01 5.522900000000000546e+03
3.000000000000000000e+00 5.523500000000000000e+03
4.300000000000000000e+01 5.524250000000000000e+03
5.100000000000000000e+01 5.524650000000000546e+03
7.500000000000000000e+01 5.525000000000000000e+03
3.500000000000000000e+01 5.525100000000000364e+03
2.700000000000000000e+01 5.525550000000000182e+03
6.700000000000000000e+01 5.526100000000000364e+03
5.900000000000000000e+01 5.548850000000000364e+03
7.500000000000000000e+01 5.551650000000000546e+03
1.900000000000000000e+01 5.552449999999999818e+03
2.700000000000000000e+01 5.553000000000000000e+03
3.000000000000000000e+00 5.553300000000000182e+03
4.300000000000000000e+01 5.553850000000000364e+03
3.500000000000000000e+01 5.554150000000000546e+03
5.100000000000000000e+01 5.554300000000000182e+03
1.100000000000000000e+01 5.554800000000000182e+03
6.700000000000000000e+01 5.555500000000000000e+03
3.500000000000000000e+01 5.577050000000000182e+03
5.900000000000000000e+01 5.579600000000000364e+03
3.000000000000000000e+00 5.580850000000000364e+03
1.900000000000000000e+01 5.582800000000000182e+03
2.700000000000000000e+01 5.582850000000000364e+03
5.100000000000000000e+01 5.583150000000000546e+03
1.100000000000000000e+01 5.583449999999999818e+03
4.300000000000000000e+01 5.583449999999999818e+03
7.500000000000000000e+01 5.583699999999999818e+03
6.700000000000000000e+01 5.585050000000000182e+03
3.500000000000000000e+01 5.599800000000000182e+03
5.900000000000000000e+01 5.605750000000000000e+03
1.900000000000000000e+01 5.611500000000000000e+03
3.000000000000000000e+00 5.612300000000000182e+03
5.100000000000000000e+01 5.613000000000000000e+03
1.100000000000000000e+01 5.613250000000000000e+03
2.700000000000000000e+01 5.613350000000000364e+03
4.300000000000000000e+01 5.613449999999999818e+03
6.700000000000000000e+01 5.614250000000000000e+03
7.500000000000000000e+01 5.614250000000000000e+03
3.500000000000000000e+01 5.615900000000000546e+03
3.000000000000000000e+00 5.641949999999999818e+03
1.900000000000000000e+01 5.642550000000000182e+03
5.900000000000000000e+01 5.644750000000000000e+03
5.100000000000000000e+01 5.645250000000000000e+03
4.300000000000000000e+01 5.645750000000000000e+03
1.100000000000000000e+01 5.646100000000000364e+03
7.500000000000000000e+01 5.646199999999999818e+03
2.700000000000000000e+01 5.646699999999999818e+03
3.500000000000000000e+01 5.646650000000000546e+03
6.700000000000000000e+01 5.646699999999999818e+03
3.000000000000000000e+00 5.668500000000000000e+03
1.900000000000000000e+01 5.669650000000000546e+03
2.700000000000000000e+01 5.671550000000000182e+03
4.300000000000000000e+01 5.675800000000000182e+03
6.700000000000000000e+01 5.676000000000000000e+03
7.500000000000000000e+01 5.676199999999999818e+03
1.100000000000000000e+01 5.676750000000000000e+03
5.100000000000000000e+01 5.677050000000000182e+03
5.900000000000000000e+01 5.677199999999999818e+03
3.500000000000000000e+01 5.677449999999999818e+03
3.000000000000000000e+00 5.698150000000000546e+03
2.700000000000000000e+01 5.703300000000000182e+03
4.300000000000000000e+01 5.703699999999999818e+03
5.900000000000000000e+01 5.704350000000000364e+03
7.500000000000000000e+01 5.704650000000000546e+03
5.100000000000000000e+01 5.705850000000000364e+03
1.900000000000000000e+01 5.705949999999999818e+03
6.700000000000000000e+01 5.706050000000000182e+03
1.100000000000000000e+01 5.706300000000000182e+03
3.500000000000000000e+01 5.706900000000000546e+03
5.100000000000000000e+01 5.735250000000000000e+03
3.000000000000000000e+00 5.735650000000000546e+03
7.500000000000000000e+01 5.736400000000000546e+03
4.300000000000000000e+01 5.737150000000000546e+03
3.500000000000000000e+01 5.737400000000000546e+03
5.900000000000000000e+01 5.737699999999999818e+03
1.100000000000000000e+01 5.737949999999999818e+03
6.700000000000000000e+01 5.738100000000000364e+03
1.900000000000000000e+01 5.738300000000000182e+03
2.700000000000000000e+01 5.738350000000000364e+03
3.000000000000000000e+00 5.758650000000000546e+03
7.500000000000000000e+01 5.765250000000000000e+03
1.100000000000000000e+01 5.766449999999999818e+03
5.900000000000000000e+01 5.766449999999999818e+03
5.100000000000000000e+01 5.767100000000000364e+03
3.500000000000000000e+01 5.767750000000000000e+03
6.700000000000000000e+01 5.768000000000000000e+03
1.900000000000000000e+01 5.768100000000000364e+03
2.700000000000000000e+01 5.768400000000000546e+03
4.300000000000000000e+01 5.770350000000000364e+03
1.100000000000000000e+01 5.791400000000000546e+03
3.000000000000000000e+00 5.793949999999999818e+03
6.700000000000000000e+01 5.795600000000000364e+03
7.500000000000000000e+01 5.795699999999999818e+03
5.900000000000000000e+01 5.795800000000000182e+03
2.700000000000000000e+01 5.796449999999999818e+03
3.500000000000000000e+01 5.796850000000000364e+03
1.900000000000000000e+01 5.797000000000000000e+03
5.100000000000000000e+01 5.797150000000000546e+03
4.300000000000000000e+01 5.798000000000000000e+03
3.500000000000000000e+01 5.822100000000000364e+03
5.100000000000000000e+01 5.822400000000000546e+03
5.900000000000000000e+01 5.822949999999999818e+03
4.300000000000000000e+01 5.823500000000000000e+03
1.900000000000000000e+01 5.823699999999999818e+03
2.700000000000000000e+01 5.824150000000000546e+03
1.100000000000000000e+01 5.824699999999999818e+03
6.700000000000000000e+01 5.825949999999999818e+03
7.500000000000000000e+01 5.826949999999999818e+03
3.000000000000000000e+00 5.827250000000000000e+03
3.500000000000000000e+01 5.842350000000000364e+03
4.300000000000000000e+01 5.846199999999999818e+03
5.900000000000000000e+01 5.850300000000000182e+03
1.100000000000000000e+01 5.851500000000000000e+03
2.700000000000000000e+01 5.851850000000000364e+03
5.100000000000000000e+01 5.852050000000000182e+03
1.900000000000000000e+01 5.853550000000000182e+03
6.700000000000000000e+01 5.854300000000000182e+03
7.500000000000000000e+01 5.854900000000000546e+03
3.000000000000000000e+00 5.856300000000000182e+03
3.500000000000000000e+01 5.856400000000000546e+03
2.700000000000000000e+01 5.882949999999999818e+03
6.700000000000000000e+01 5.883650000000000546e+03
5.100000000000000000e+01 5.884199999999999818e+03
5.900000000000000000e+01 5.884600000000000364e+03
1.100000000000000000e+01 5.885550000000000182e+03
3.000000000000000000e+00 5.886150000000000546e+03
1.900000000000000000e+01 5.886300000000000182e+03
3.500000000000000000e+01 5.886300000000000182e+03
7.500000000000000000e+01 5.886400000000000546e+03
4.300000000000000000e+01 5.886500000000000000e+03
3.000000000000000000e+00 5.907699999999999818e+03
5.900000000000000000e+01 5.910949999999999818e+03
1.100000000000000000e+01 5.913449999999999818e+03
7.500000000000000000e+01 5.914000000000000000e+03
2.700000000000000000e+01 5.914949999999999818e+03
6.700000000000000000e+01 5.914949999999999818e+03
3.500000000000000000e+01 5.915150000000000546e+03
5.100000000000000000e+01 5.915199999999999818e+03
1.900000000000000000e+01 5.915550000000000182e+03
4.300000000000000000e+01 5.916050000000000182e+03
3.000000000000000000e+00 5.928800000000000182e+03
5.100000000000000000e+01 5.942100000000000364e+03
6.700000000000000000e+01 5.944050000000000182e+03
1.100000000000000000e+01 5.945850000000000364e+03
4.300000000000000000e+01 5.945949999999999818e+03
1.900000000000000000e+01 5.946050000000000182e+03
5.900000000000000000e+01 5.946300000000000182e+03
7.500000000000000000e+01 5.946900000000000546e+03
3.500000000000000000e+01 5.947150000000000546e+03
2.700000000000000000e+01 5.947550000000000182e+03
3.000000000000000000e+00 5.948850000000000364e+03
5.900000000000000000e+01 5.970949999999999818e+03
3.500000000000000000e+01 5.972750000000000000e+03
5.100000000000000000e+01 5.974199999999999818e+03
2.700000000000000000e+01 5.975300000000000182e+03
6.700000000000000000e+01 5.975300000000000182e+03
7.500000000000000000e+01 5.976699999999999818e+03
1.100000000000000000e+01 5.977150000000000546e+03
1.900000000000000000e+01 5.977250000000000000e+03
3.000000000000000000e+00 5.977750000000000000e+03
4.300000000000000000e+01 5.977800000000000182e+03
3.500000000000000000e+01 5.994400000000000546e+03
3.000000000000000000e+00 6.054600000000000364e+03
1.900000000000000000e+01 6.110449999999999818e+03
3.500000000000000000e+01 6.156449999999999818e+03
3.000000000000000000e+00 6.199550000000000182e+03
3.000000000000000000e+00 6.302699999999999818e+03
5.100000000000000000e+01 6.338050000000000182e+03
3.500000000000000000e+01 6.338250000000000000e+03
4.300000000000000000e+01 6.339199999999999818e+03
2.700000000000000000e+01 6.347000000000000000e+03
7.500000000000000000e+01 6.348800000000000182e+03
1.900000000000000000e+01 6.413449999999999818e+03
4.300000000000000000e+01 6.419000000000000000e+03
7.500000000000000000e+01 6.432949999999999818e+03
3.000000000000000000e+00 6.438650000000000546e+03
1.900000000000000000e+01 6.480500000000000000e+03
5.100000000000000000e+01 6.482550000000000182e+03
1.100000000000000000e+01 6.482750000000000000e+03
4.300000000000000000e+01 6.483400000000000546e+03
3.000000000000000000e+00 6.483850000000000364e+03
2.700000000000000000e+01 6.484850000000000364e+03
6.700000000000000000e+01 6.485000000000000000e+03
7.500000000000000000e+01 6.485500000000000000e+03
3.500000000000000000e+01 6.486000000000000000e+03
5.900000000000000000e+01 6.486350000000000364e+03
7.500000000000000000e+01 6.780750000000000000e+03
3.500000000000000000e+01 6.781900000000000546e+03
1.100000000000000000e+01 6.783699999999999818e+03
4.300000000000000000e+01 6.783850000000000364e+03
5.900000000000000000e+01 6.784850000000000364e+03
3.000000000000000000e+00 6.784949999999999818e+03
5.100000000000000000e+01 6.785250000000000000e+03
1.900000000000000000e+01 6.785449999999999818e+03
6.700000000000000000e+01 6.785449999999999818e+03
2.700000000000000000e+01 6.785750000000000000e+03
2.700000000000000000e+01 7.087150000000000546e+03
3.000000000000000000e+00 7.166500000000000000e+03
3.000000000000000000e+00 7.550400000000000546e+03
6.700000000000000000e+01 7.583900000000000546e+03
1.900000000000000000e+01 7.681250000000000000e+03
3.000000000000000000e+00 7.865900000000000546e+03
3.500000000000000000e+01 8.327250000000000000e+03
3.500000000000000000e+01 8.535549999999999272e+03
6.700000000000000000e+01 8.898399999999999636e+03
3.000000000000000000e+00 9.080149999999999636e+03
2.700000000000000000e+01 9.089500000000000000e+03
3.000000000000000000e+00 9.327000000000000000e+03
7.500000000000000000e+01 9.352649999999999636e+03
3.000000000000000000e+00 9.582250000000000000e+03
4.300000000000000000e+01 1.004545000000000073e+04
1.100000000000000000e+01 1.008755000000000109e+04
1.100000000000000000e+01 1.015250000000000000e+04
5.900000000000000000e+01 1.015710000000000036e+04
1.900000000000000000e+01 1.015835000000000036e+04
6.700000000000000000e+01 1.016100000000000000e+04
3.000000000000000000e+00 1.016130000000000109e+04
3.500000000000000000e+01 1.016225000000000000e+04
2.700000000000000000e+01 1.016235000000000036e+04
5.100000000000000000e+01 1.016300000000000000e+04
4.300000000000000000e+01 1.016320000000000073e+04
7.500000000000000000e+01 1.016360000000000036e+04
6.700000000000000000e+01 1.037000000000000000e+04
1.900000000000000000e+01 1.050720000000000073e+04
6.700000000000000000e+01 1.064350000000000000e+04
7.500000000000000000e+01 1.073230000000000109e+04
1.900000000000000000e+01 1.073710000000000036e+04
3.500000000000000000e+01 1.075375000000000000e+04
5.100000000000000000e+01 1.075639999999999964e+04
5.900000000000000000e+01 1.076020000000000073e+04
3.000000000000000000e+00 1.076139999999999964e+04
2.700000000000000000e+01 1.076395000000000073e+04
6.700000000000000000e+01 1.076410000000000036e+04
1.100000000000000000e+01 1.076414999999999964e+04
4.300000000000000000e+01 1.076460000000000036e+04
7.500000000000000000e+01 1.076539999999999964e+04
1.900000000000000000e+01 1.076560000000000036e+04
5.900000000000000000e+01 1.087735000000000036e+04
1.900000000000000000e+01 1.100445000000000073e+04
1.100000000000000000e+01 1.169289999999999964e+04
2.700000000000000000e+01 1.218789999999999964e+04
1.100000000000000000e+01 1.315525000000000000e+04
1.900000000000000000e+01 1.391250000000000000e+04
2.700000000000000000e+01 1.414355000000000109e+04
1.100000000000000000e+01 1.422150000000000000e+04
7.500000000000000000e+01 1.427289999999999964e+04
7.500000000000000000e+01 1.434395000000000073e+04
6.700000000000000000e+01 1.436130000000000109e+04
3.000000000000000000e+00 1.437720000000000073e+04
7.500000000000000000e+01 1.448839999999999964e+04
3.000000000000000000e+00 1.465210000000000036e+04
4.300000000000000000e+01 1.473050000000000000e+04
6.700000000000000000e+01 1.490525000000000000e+04
7.500000000000000000e+01 1.491185000000000036e+04
1.100000000000000000e+01 1.491435000000000036e+04
4.300000000000000000e+01 1.491455000000000109e+04
2.700000000000000000e+01 1.491489999999999964e+04
5.100000000000000000e+01 1.491570000000000073e+04
3.000000000000000000e+00 1.491589999999999964e+04
5.900000000000000000e+01 1.491600000000000000e+04
3.500000000000000000e+01 1.491639999999999964e+04
1.900000000000000000e+01 1.491675000000000000e+04
3.000000000000000000e+00 1.564489999999999964e+04
6.700000000000000000e+01 1.572314999999999964e+04
7.500000000000000000e+01 1.688970000000000073e+04
6.700000000000000000e+01 1.838295000000000073e+04
3.000000000000000000e+00 1.838695000000000073e+04
3.500000000000000000e+01 1.845075000000000000e+04
3.000000000000000000e+00 1.846110000000000218e+04
1.900000000000000000e+01 1.848329999999999927e+04
5.900000000000000000e+01 1.848465000000000146e+04
6.700000000000000000e+01 1.848465000000000146e+04
5.100000000000000000e+01 1.848500000000000000e+04
2.700000000000000000e+01 1.848620000000000073e+04
1.100000000000000000e+01 1.848640000000000146e+04
7.500000000000000000e+01 1.848654999999999927e+04
4.300000000000000000e+01 1.848695000000000073e+04
3.500000000000000000e+01 1.848725000000000000e+04
3.000000000000000000e+00 1.848779999999999927e+04
7.500000000000000000e+01 1.881170000000000073e+04
3.000000000000000000e+00 1.892945000000000073e+04
3.000000000000000000e+00 1.911150000000000000e+04
5.100000000000000000e+01 1.913560000000000218e+04
2.700000000000000000e+01 1.915075000000000000e+04
3.500000000000000000e+01 1.931460000000000218e+04
3.000000000000000000e+00 1.944335000000000218e+04
3.500000000000000000e+01 1.964560000000000218e+04
5.100000000000000000e+01 1.974810000000000218e+04
4.300000000000000000e+01 1.975535000000000218e+04
2.700000000000000000e+01 1.999675000000000000e+04
5.100000000000000000e+01 2.070400000000000000e+04
6.700000000000000000e+01 2.129245000000000073e+04
5.100000000000000000e+01 2.137620000000000073e+04
1.900000000000000000e+01 2.158525000000000000e+04
5.100000000000000000e+01 2.161820000000000073e+04
5.100000000000000000e+01 2.192504999999999927e+04
5.100000000000000000e+01 2.199040000000000146e+04
2.700000000000000000e+01 2.214995000000000073e+04
7.500000000000000000e+01 2.223200000000000000e+04
5.100000000000000000e+01 2.264535000000000218e+04
2.700000000000000000e+01 2.285929999999999927e+04
6.700000000000000000e+01 2.286350000000000000e+04
2.700000000000000000e+01 2.294925000000000000e+04
3.500000000000000000e+01 2.297870000000000073e+04
4.400000000000000000e+01 1.543499999999999943e+02
1.200000000000000000e+01 1.849000000000000057e+02
4.000000000000000000e+00 1.958000000000000114e+02
3.600000000000000000e+01 5.292500000000000000e+02
1.200000000000000000e+01 6.667500000000000000e+02
5.200000000000000000e+01 1.095650000000000091e+03
4.000000000000000000e+00 1.184700000000000045e+03
2.000000000000000000e+01 1.476049999999999955e+03
4.400000000000000000e+01 1.493799999999999955e+03
2.800000000000000000e+01 1.596700000000000045e+03
1.200000000000000000e+01 1.657700000000000045e+03
6.000000000000000000e+01 1.704350000000000136e+03
6.800000000000000000e+01 1.818000000000000000e+03
6.800000000000000000e+01 2.140500000000000000e+03
2.800000000000000000e+01 2.197250000000000000e+03
6.800000000000000000e+01 2.418500000000000000e+03
3.600000000000000000e+01 2.420150000000000091e+03
4.400000000000000000e+01 2.546950000000000273e+03
5.200000000000000000e+01 2.550250000000000000e+03
2.000000000000000000e+01 2.719750000000000000e+03
5.200000000000000000e+01 3.019950000000000273e+03
2.800000000000000000e+01 3.026400000000000091e+03
6.000000000000000000e+01 3.026599999999999909e+03
4.400000000000000000e+01 3.028550000000000182e+03
6.800000000000000000e+01 3.039150000000000091e+03
7.600000000000000000e+01 3.041300000000000182e+03
2.000000000000000000e+01 3.042099999999999909e+03
2.000000000000000000e+01 3.068650000000000091e+03
5.200000000000000000e+01 3.071300000000000182e+03
4.400000000000000000e+01 3.085349999999999909e+03
3.600000000000000000e+01 3.094550000000000182e+03
6.000000000000000000e+01 3.096500000000000000e+03
2.800000000000000000e+01 3.103599999999999909e+03
4.000000000000000000e+00 3.111250000000000000e+03
6.800000000000000000e+01 3.125000000000000000e+03
5.200000000000000000e+01 3.129050000000000182e+03
7.600000000000000000e+01 3.132400000000000091e+03
4.400000000000000000e+01 3.134050000000000182e+03
3.600000000000000000e+01 3.162250000000000000e+03
2.800000000000000000e+01 3.162849999999999909e+03
6.800000000000000000e+01 3.167000000000000000e+03
7.600000000000000000e+01 3.171300000000000182e+03
6.000000000000000000e+01 3.172950000000000273e+03
2.000000000000000000e+01 3.181150000000000091e+03
1.200000000000000000e+01 3.181750000000000000e+03
6.000000000000000000e+01 3.195000000000000000e+03
5.200000000000000000e+01 3.204150000000000091e+03
4.400000000000000000e+01 3.206200000000000273e+03
3.600000000000000000e+01 3.230550000000000182e+03
2.800000000000000000e+01 3.231000000000000000e+03
1.200000000000000000e+01 3.233099999999999909e+03
4.400000000000000000e+01 3.238050000000000182e+03
7.600000000000000000e+01 3.244300000000000182e+03
6.800000000000000000e+01 3.256150000000000091e+03
4.000000000000000000e+00 3.267400000000000091e+03
3.600000000000000000e+01 3.268650000000000091e+03
4.400000000000000000e+01 3.273050000000000182e+03
5.200000000000000000e+01 3.274450000000000273e+03
1.200000000000000000e+01 3.275250000000000000e+03
2.000000000000000000e+01 3.302250000000000000e+03
6.800000000000000000e+01 3.310650000000000091e+03
4.000000000000000000e+00 3.318000000000000000e+03
1.200000000000000000e+01 3.321400000000000091e+03
2.800000000000000000e+01 3.321900000000000091e+03
3.600000000000000000e+01 3.324000000000000000e+03
4.400000000000000000e+01 3.337750000000000000e+03
7.600000000000000000e+01 3.341400000000000091e+03
5.200000000000000000e+01 3.347250000000000000e+03
6.800000000000000000e+01 3.356800000000000182e+03
1.200000000000000000e+01 3.359750000000000000e+03
4.000000000000000000e+00 3.359900000000000091e+03
4.400000000000000000e+01 3.379700000000000273e+03
2.800000000000000000e+01 3.384250000000000000e+03
3.600000000000000000e+01 3.387250000000000000e+03
6.000000000000000000e+01 3.389050000000000182e+03
7.600000000000000000e+01 3.390500000000000000e+03
1.200000000000000000e+01 3.396450000000000273e+03
6.800000000000000000e+01 3.399000000000000000e+03
5.200000000000000000e+01 3.403300000000000182e+03
4.000000000000000000e+00 3.409150000000000091e+03
2.000000000000000000e+01 3.414950000000000273e+03
3.600000000000000000e+01 3.427500000000000000e+03
7.600000000000000000e+01 3.432200000000000273e+03
6.000000000000000000e+01 3.446400000000000091e+03
4.400000000000000000e+01 3.455950000000000273e+03
4.000000000000000000e+00 3.466349999999999909e+03
2.000000000000000000e+01 3.466500000000000000e+03
2.800000000000000000e+01 3.471300000000000182e+03
6.800000000000000000e+01 3.471700000000000273e+03
5.200000000000000000e+01 3.474450000000000273e+03
3.600000000000000000e+01 3.474900000000000091e+03
7.600000000000000000e+01 3.487500000000000000e+03
4.400000000000000000e+01 3.491500000000000000e+03
6.000000000000000000e+01 3.494349999999999909e+03
4.000000000000000000e+00 3.515349999999999909e+03
4.400000000000000000e+01 3.521050000000000182e+03
2.800000000000000000e+01 3.530750000000000000e+03
5.200000000000000000e+01 3.534550000000000182e+03
1.200000000000000000e+01 3.534849999999999909e+03
7.600000000000000000e+01 3.543200000000000273e+03
3.600000000000000000e+01 3.548450000000000273e+03
6.000000000000000000e+01 3.550650000000000091e+03
4.400000000000000000e+01 3.569450000000000273e+03
6.800000000000000000e+01 3.576000000000000000e+03
4.000000000000000000e+00 3.579150000000000091e+03
3.600000000000000000e+01 3.582950000000000273e+03
6.000000000000000000e+01 3.584550000000000182e+03
1.200000000000000000e+01 3.595200000000000273e+03
2.000000000000000000e+01 3.596250000000000000e+03
7.600000000000000000e+01 3.605099999999999909e+03
3.600000000000000000e+01 3.606800000000000182e+03
6.800000000000000000e+01 3.610250000000000000e+03
4.400000000000000000e+01 3.631849999999999909e+03
6.000000000000000000e+01 3.635050000000000182e+03
1.200000000000000000e+01 3.650349999999999909e+03
2.000000000000000000e+01 3.653550000000000182e+03
4.400000000000000000e+01 3.659950000000000273e+03
4.000000000000000000e+00 3.670500000000000000e+03
6.800000000000000000e+01 3.673599999999999909e+03
3.600000000000000000e+01 3.674500000000000000e+03
2.800000000000000000e+01 3.675849999999999909e+03
7.600000000000000000e+01 3.688500000000000000e+03
1.200000000000000000e+01 3.690099999999999909e+03
5.200000000000000000e+01 3.691950000000000273e+03
2.000000000000000000e+01 3.704700000000000273e+03
3.600000000000000000e+01 3.705650000000000091e+03
4.400000000000000000e+01 3.717099999999999909e+03
4.000000000000000000e+00 3.727950000000000273e+03
1.200000000000000000e+01 3.732150000000000091e+03
2.800000000000000000e+01 3.733900000000000091e+03
6.000000000000000000e+01 3.734950000000000273e+03
6.800000000000000000e+01 3.741150000000000091e+03
4.400000000000000000e+01 3.745200000000000273e+03
3.600000000000000000e+01 3.747800000000000182e+03
7.600000000000000000e+01 3.748200000000000273e+03
6.000000000000000000e+01 3.774900000000000091e+03
4.400000000000000000e+01 3.784900000000000091e+03
1.200000000000000000e+01 3.786150000000000091e+03
4.000000000000000000e+00 3.790099999999999909e+03
5.200000000000000000e+01 3.790050000000000182e+03
7.600000000000000000e+01 3.802400000000000091e+03
2.000000000000000000e+01 3.811400000000000091e+03
2.800000000000000000e+01 3.813349999999999909e+03
1.200000000000000000e+01 3.815450000000000273e+03
4.400000000000000000e+01 3.828700000000000273e+03
3.600000000000000000e+01 3.829400000000000091e+03
6.000000000000000000e+01 3.842250000000000000e+03
5.200000000000000000e+01 3.845550000000000182e+03
1.200000000000000000e+01 3.845700000000000273e+03
4.000000000000000000e+00 3.848000000000000000e+03
7.600000000000000000e+01 3.848300000000000182e+03
2.000000000000000000e+01 3.858200000000000273e+03
3.600000000000000000e+01 3.866500000000000000e+03
6.800000000000000000e+01 3.872900000000000091e+03
2.800000000000000000e+01 3.883800000000000182e+03
6.000000000000000000e+01 3.889800000000000182e+03
1.200000000000000000e+01 3.893950000000000273e+03
7.600000000000000000e+01 3.896400000000000091e+03
4.000000000000000000e+00 3.898599999999999909e+03
2.000000000000000000e+01 3.916000000000000000e+03
6.800000000000000000e+01 3.928150000000000091e+03
7.600000000000000000e+01 3.929150000000000091e+03
2.800000000000000000e+01 3.929349999999999909e+03
4.000000000000000000e+00 3.931849999999999909e+03
1.200000000000000000e+01 3.933349999999999909e+03
3.600000000000000000e+01 3.935050000000000182e+03
4.400000000000000000e+01 3.937450000000000273e+03
6.000000000000000000e+01 3.952150000000000091e+03
4.000000000000000000e+00 3.962900000000000091e+03
1.200000000000000000e+01 3.970599999999999909e+03
7.600000000000000000e+01 3.976400000000000091e+03
2.000000000000000000e+01 3.980599999999999909e+03
4.400000000000000000e+01 3.980900000000000091e+03
6.000000000000000000e+01 3.980849999999999909e+03
3.600000000000000000e+01 3.986950000000000273e+03
4.000000000000000000e+00 3.995650000000000091e+03
5.200000000000000000e+01 3.995950000000000273e+03
1.200000000000000000e+01 4.003250000000000000e+03
2.800000000000000000e+01 4.022050000000000182e+03
2.000000000000000000e+01 4.022300000000000182e+03
4.400000000000000000e+01 4.025450000000000273e+03
7.600000000000000000e+01 4.030550000000000182e+03
6.000000000000000000e+01 4.033700000000000273e+03
6.800000000000000000e+01 4.037900000000000091e+03
1.200000000000000000e+01 4.047200000000000273e+03
3.600000000000000000e+01 4.051050000000000182e+03
2.800000000000000000e+01 4.054349999999999909e+03
4.000000000000000000e+00 4.055250000000000000e+03
7.600000000000000000e+01 4.063750000000000000e+03
2.000000000000000000e+01 4.068200000000000273e+03
5.200000000000000000e+01 4.069099999999999909e+03
1.200000000000000000e+01 4.080300000000000182e+03
4.400000000000000000e+01 4.080300000000000182e+03
6.800000000000000000e+01 4.086300000000000182e+03
6.000000000000000000e+01 4.089900000000000091e+03
2.800000000000000000e+01 4.098300000000000182e+03
2.000000000000000000e+01 4.099000000000000000e+03
3.600000000000000000e+01 4.100199999999999818e+03
5.200000000000000000e+01 4.105050000000000182e+03
1.200000000000000000e+01 4.114050000000000182e+03
7.600000000000000000e+01 4.135300000000000182e+03
4.400000000000000000e+01 4.138699999999999818e+03
2.000000000000000000e+01 4.141250000000000000e+03
5.200000000000000000e+01 4.144600000000000364e+03
2.800000000000000000e+01 4.146500000000000000e+03
3.600000000000000000e+01 4.155449999999999818e+03
6.000000000000000000e+01 4.161750000000000000e+03
4.000000000000000000e+00 4.162050000000000182e+03
6.800000000000000000e+01 4.163600000000000364e+03
7.600000000000000000e+01 4.172949999999999818e+03
2.000000000000000000e+01 4.175350000000000364e+03
4.400000000000000000e+01 4.179550000000000182e+03
5.200000000000000000e+01 4.180000000000000000e+03
1.200000000000000000e+01 4.184199999999999818e+03
3.600000000000000000e+01 4.186949999999999818e+03
2.800000000000000000e+01 4.203699999999999818e+03
6.800000000000000000e+01 4.211300000000000182e+03
2.000000000000000000e+01 4.217199999999999818e+03
1.200000000000000000e+01 4.232550000000000182e+03
4.400000000000000000e+01 4.237649999999999636e+03
5.200000000000000000e+01 4.240100000000000364e+03
7.600000000000000000e+01 4.244800000000000182e+03
6.000000000000000000e+01 4.246649999999999636e+03
3.600000000000000000e+01 4.251550000000000182e+03
2.000000000000000000e+01 4.262899999999999636e+03
2.800000000000000000e+01 4.267550000000000182e+03
4.400000000000000000e+01 4.269949999999999818e+03
6.800000000000000000e+01 4.270300000000000182e+03
3.600000000000000000e+01 4.283300000000000182e+03
7.600000000000000000e+01 4.287449999999999818e+03
2.000000000000000000e+01 4.290500000000000000e+03
5.200000000000000000e+01 4.291350000000000364e+03
6.000000000000000000e+01 4.294600000000000364e+03
1.200000000000000000e+01 4.295899999999999636e+03
4.000000000000000000e+00 4.299149999999999636e+03
6.800000000000000000e+01 4.306050000000000182e+03
4.400000000000000000e+01 4.307699999999999818e+03
3.600000000000000000e+01 4.326500000000000000e+03
2.800000000000000000e+01 4.333050000000000182e+03
4.000000000000000000e+00 4.333899999999999636e+03
6.000000000000000000e+01 4.341600000000000364e+03
6.800000000000000000e+01 4.345199999999999818e+03
2.000000000000000000e+01 4.346250000000000000e+03
7.600000000000000000e+01 4.347149999999999636e+03
1.200000000000000000e+01 4.348600000000000364e+03
4.400000000000000000e+01 4.354699999999999818e+03
5.200000000000000000e+01 4.354699999999999818e+03
2.800000000000000000e+01 4.365449999999999818e+03
4.000000000000000000e+00 4.369500000000000000e+03
3.600000000000000000e+01 4.370000000000000000e+03
1.200000000000000000e+01 4.380500000000000000e+03
5.200000000000000000e+01 4.381500000000000000e+03
7.600000000000000000e+01 4.382500000000000000e+03
6.000000000000000000e+01 4.384100000000000364e+03
2.000000000000000000e+01 4.386900000000000546e+03
4.400000000000000000e+01 4.394449999999999818e+03
2.800000000000000000e+01 4.397949999999999818e+03
6.800000000000000000e+01 4.402550000000000182e+03
4.000000000000000000e+00 4.408199999999999818e+03
2.000000000000000000e+01 4.419000000000000000e+03
4.400000000000000000e+01 4.422050000000000182e+03
1.200000000000000000e+01 4.423650000000000546e+03
3.600000000000000000e+01 4.430949999999999818e+03
7.600000000000000000e+01 4.433550000000000182e+03
5.200000000000000000e+01 4.435900000000000546e+03
6.000000000000000000e+01 4.438400000000000546e+03
4.400000000000000000e+01 4.454949999999999818e+03
2.800000000000000000e+01 4.456100000000000364e+03
6.800000000000000000e+01 4.457350000000000364e+03
4.000000000000000000e+00 4.458250000000000000e+03
1.200000000000000000e+01 4.459750000000000000e+03
7.600000000000000000e+01 4.461250000000000000e+03
2.000000000000000000e+01 4.465449999999999818e+03
6.000000000000000000e+01 4.483650000000000546e+03
6.800000000000000000e+01 4.489550000000000182e+03
3.600000000000000000e+01 4.489650000000000546e+03
4.000000000000000000e+00 4.491150000000000546e+03
4.400000000000000000e+01 4.492550000000000182e+03
7.600000000000000000e+01 4.494449999999999818e+03
2.800000000000000000e+01 4.495699999999999818e+03
5.200000000000000000e+01 4.495949999999999818e+03
1.200000000000000000e+01 4.499800000000000182e+03
2.000000000000000000e+01 4.516300000000000182e+03
4.000000000000000000e+00 4.520900000000000546e+03
6.000000000000000000e+01 4.524449999999999818e+03
1.200000000000000000e+01 4.525100000000000364e+03
2.800000000000000000e+01 4.531449999999999818e+03
4.400000000000000000e+01 4.534449999999999818e+03
5.200000000000000000e+01 4.537500000000000000e+03
3.600000000000000000e+01 4.554350000000000364e+03
6.800000000000000000e+01 4.555900000000000546e+03
2.000000000000000000e+01 4.556449999999999818e+03
4.000000000000000000e+00 4.561699999999999818e+03
7.600000000000000000e+01 4.561750000000000000e+03
4.400000000000000000e+01 4.574600000000000364e+03
6.000000000000000000e+01 4.577550000000000182e+03
5.200000000000000000e+01 4.581699999999999818e+03
2.800000000000000000e+01 4.583050000000000182e+03
3.600000000000000000e+01 4.594550000000000182e+03
6.800000000000000000e+01 4.594699999999999818e+03
2.000000000000000000e+01 4.599050000000000182e+03
1.200000000000000000e+01 4.602350000000000364e+03
7.600000000000000000e+01 4.606350000000000364e+03
6.000000000000000000e+01 4.607400000000000546e+03
4.000000000000000000e+00 4.607750000000000000e+03
2.800000000000000000e+01 4.615900000000000546e+03
4.400000000000000000e+01 4.625600000000000364e+03
6.800000000000000000e+01 4.633400000000000546e+03
3.600000000000000000e+01 4.638500000000000000e+03
2.000000000000000000e+01 4.640300000000000182e+03
5.200000000000000000e+01 4.640800000000000182e+03
6.000000000000000000e+01 4.644150000000000546e+03
4.000000000000000000e+00 4.651650000000000546e+03
2.800000000000000000e+01 4.653449999999999818e+03
7.600000000000000000e+01 4.654949999999999818e+03
1.200000000000000000e+01 4.655150000000000546e+03
4.400000000000000000e+01 4.659500000000000000e+03
2.000000000000000000e+01 4.667100000000000364e+03
6.800000000000000000e+01 4.674650000000000546e+03
6.000000000000000000e+01 4.674800000000000182e+03
5.200000000000000000e+01 4.675900000000000546e+03
3.600000000000000000e+01 4.678400000000000546e+03
4.000000000000000000e+00 4.687050000000000182e+03
4.400000000000000000e+01 4.687050000000000182e+03
7.600000000000000000e+01 4.703400000000000546e+03
1.200000000000000000e+01 4.706000000000000000e+03
2.800000000000000000e+01 4.706600000000000364e+03
5.200000000000000000e+01 4.707550000000000182e+03
3.600000000000000000e+01 4.711800000000000182e+03
6.800000000000000000e+01 4.712650000000000546e+03
4.400000000000000000e+01 4.719550000000000182e+03
4.000000000000000000e+00 4.721250000000000000e+03
6.000000000000000000e+01 4.723150000000000546e+03
2.000000000000000000e+01 4.727300000000000182e+03
2.800000000000000000e+01 4.738800000000000182e+03
1.200000000000000000e+01 4.740850000000000364e+03
6.800000000000000000e+01 4.742300000000000182e+03
7.600000000000000000e+01 4.742750000000000000e+03
6.000000000000000000e+01 4.746250000000000000e+03
3.600000000000000000e+01 4.750550000000000182e+03
2.000000000000000000e+01 4.753750000000000000e+03
5.200000000000000000e+01 4.756850000000000364e+03
4.000000000000000000e+00 4.758250000000000000e+03
4.400000000000000000e+01 4.761100000000000364e+03
7.600000000000000000e+01 4.770000000000000000e+03
2.800000000000000000e+01 4.771400000000000546e+03
4.000000000000000000e+00 4.782400000000000546e+03
1.200000000000000000e+01 4.784000000000000000e+03
6.000000000000000000e+01 4.785199999999999818e+03
3.600000000000000000e+01 4.786800000000000182e+03
5.200000000000000000e+01 4.787100000000000364e+03
2.000000000000000000e+01 4.787699999999999818e+03
4.400000000000000000e+01 4.790900000000000546e+03
2.800000000000000000e+01 4.805650000000000546e+03
6.800000000000000000e+01 4.811449999999999818e+03
1.200000000000000000e+01 4.816750000000000000e+03
4.000000000000000000e+00 4.819949999999999818e+03
3.600000000000000000e+01 4.823949999999999818e+03
7.600000000000000000e+01 4.824550000000000182e+03
2.000000000000000000e+01 4.824699999999999818e+03
4.400000000000000000e+01 4.828000000000000000e+03
5.200000000000000000e+01 4.829400000000000546e+03
6.000000000000000000e+01 4.829449999999999818e+03
2.800000000000000000e+01 4.830850000000000364e+03
1.200000000000000000e+01 4.843050000000000182e+03
6.800000000000000000e+01 4.845750000000000000e+03
2.000000000000000000e+01 4.854400000000000546e+03
4.000000000000000000e+00 4.854699999999999818e+03
6.000000000000000000e+01 4.859300000000000182e+03
7.600000000000000000e+01 4.859699999999999818e+03
5.200000000000000000e+01 4.860350000000000364e+03
4.400000000000000000e+01 4.862400000000000546e+03
2.800000000000000000e+01 4.862600000000000364e+03
3.600000000000000000e+01 4.862949999999999818e+03
1.200000000000000000e+01 4.869050000000000182e+03
4.000000000000000000e+00 4.875449999999999818e+03
7.600000000000000000e+01 4.888850000000000364e+03
1.200000000000000000e+01 4.892699999999999818e+03
6.800000000000000000e+01 4.893000000000000000e+03
2.000000000000000000e+01 4.895699999999999818e+03
4.400000000000000000e+01 4.897350000000000364e+03
2.800000000000000000e+01 4.897550000000000182e+03
5.200000000000000000e+01 4.900050000000000182e+03
3.600000000000000000e+01 4.900150000000000546e+03
6.000000000000000000e+01 4.917250000000000000e+03
7.600000000000000000e+01 4.917600000000000364e+03
2.000000000000000000e+01 4.927699999999999818e+03
5.200000000000000000e+01 4.929650000000000546e+03
4.400000000000000000e+01 4.932949999999999818e+03
1.200000000000000000e+01 4.933300000000000182e+03
6.800000000000000000e+01 4.934199999999999818e+03
2.800000000000000000e+01 4.934750000000000000e+03
4.000000000000000000e+00 4.935150000000000546e+03
6.000000000000000000e+01 4.947699999999999818e+03
3.600000000000000000e+01 4.949800000000000182e+03
2.000000000000000000e+01 4.962699999999999818e+03
7.600000000000000000e+01 4.965550000000000182e+03
1.200000000000000000e+01 4.968350000000000364e+03
2.800000000000000000e+01 4.970650000000000546e+03
3.600000000000000000e+01 4.970850000000000364e+03
5.200000000000000000e+01 4.970949999999999818e+03
6.000000000000000000e+01 4.971300000000000182e+03
4.000000000000000000e+00 4.971449999999999818e+03
6.800000000000000000e+01 4.971449999999999818e+03
4.400000000000000000e+01 4.971650000000000546e+03
7.600000000000000000e+01 4.985800000000000182e+03
2.000000000000000000e+01 4.997050000000000182e+03
2.800000000000000000e+01 5.004800000000000182e+03
5.200000000000000000e+01 5.005550000000000182e+03
4.400000000000000000e+01 5.005900000000000546e+03
6.000000000000000000e+01 5.006600000000000364e+03
1.200000000000000000e+01 5.006650000000000546e+03
6.800000000000000000e+01 5.007050000000000182e+03
3.600000000000000000e+01 5.007750000000000000e+03
7.600000000000000000e+01 5.011300000000000182e+03
1.200000000000000000e+01 5.035900000000000546e+03
2.800000000000000000e+01 5.037600000000000364e+03
6.800000000000000000e+01 5.038800000000000182e+03
2.000000000000000000e+01 5.039500000000000000e+03
4.400000000000000000e+01 5.040100000000000364e+03
5.200000000000000000e+01 5.041300000000000182e+03
6.000000000000000000e+01 5.041449999999999818e+03
4.000000000000000000e+00 5.041699999999999818e+03
3.600000000000000000e+01 5.042199999999999818e+03
6.800000000000000000e+01 5.066850000000000364e+03
5.200000000000000000e+01 5.068699999999999818e+03
6.000000000000000000e+01 5.070300000000000182e+03
2.000000000000000000e+01 5.071650000000000546e+03
7.600000000000000000e+01 5.071750000000000000e+03
1.200000000000000000e+01 5.072550000000000182e+03
4.400000000000000000e+01 5.072750000000000000e+03
4.000000000000000000e+00 5.073050000000000182e+03
2.800000000000000000e+01 5.073250000000000000e+03
3.600000000000000000e+01 5.073650000000000546e+03
7.600000000000000000e+01 5.102250000000000000e+03
6.000000000000000000e+01 5.102350000000000364e+03
4.000000000000000000e+00 5.103600000000000364e+03
2.800000000000000000e+01 5.103850000000000364e+03
1.200000000000000000e+01 5.105000000000000000e+03
4.400000000000000000e+01 5.106600000000000364e+03
5.200000000000000000e+01 5.106650000000000546e+03
6.800000000000000000e+01 5.106949999999999818e+03
3.600000000000000000e+01 5.108600000000000364e+03
2.000000000000000000e+01 5.108750000000000000e+03
6.000000000000000000e+01 5.128750000000000000e+03
4.400000000000000000e+01 5.137400000000000546e+03
7.600000000000000000e+01 5.139300000000000182e+03
2.800000000000000000e+01 5.141449999999999818e+03
4.000000000000000000e+00 5.142199999999999818e+03
1.200000000000000000e+01 5.142250000000000000e+03
3.600000000000000000e+01 5.143449999999999818e+03
2.000000000000000000e+01 5.143600000000000364e+03
6.800000000000000000e+01 5.145199999999999818e+03
5.200000000000000000e+01 5.145250000000000000e+03
6.000000000000000000e+01 5.148900000000000546e+03
2.800000000000000000e+01 5.171850000000000364e+03
6.800000000000000000e+01 5.173100000000000364e+03
1.200000000000000000e+01 5.174900000000000546e+03
2.000000000000000000e+01 5.175850000000000364e+03
4.400000000000000000e+01 5.175900000000000546e+03
7.600000000000000000e+01 5.176199999999999818e+03
3.600000000000000000e+01 5.176750000000000000e+03
4.000000000000000000e+00 5.177150000000000546e+03
5.200000000000000000e+01 5.177650000000000546e+03
6.000000000000000000e+01 5.178500000000000000e+03
6.800000000000000000e+01 5.199550000000000182e+03
4.400000000000000000e+01 5.203850000000000364e+03
1.200000000000000000e+01 5.209300000000000182e+03
7.600000000000000000e+01 5.210050000000000182e+03
2.800000000000000000e+01 5.210550000000000182e+03
6.000000000000000000e+01 5.211000000000000000e+03
4.000000000000000000e+00 5.211100000000000364e+03
3.600000000000000000e+01 5.211600000000000364e+03
5.200000000000000000e+01 5.211949999999999818e+03
6.800000000000000000e+01 5.230600000000000364e+03
2.000000000000000000e+01 5.238650000000000546e+03
4.400000000000000000e+01 5.238949999999999818e+03
6.000000000000000000e+01 5.241900000000000546e+03
4.000000000000000000e+00 5.242199999999999818e+03
3.600000000000000000e+01 5.242350000000000364e+03
2.800000000000000000e+01 5.243400000000000546e+03
1.200000000000000000e+01 5.243550000000000182e+03
5.200000000000000000e+01 5.244050000000000182e+03
7.600000000000000000e+01 5.244449999999999818e+03
2.000000000000000000e+01 5.259300000000000182e+03
7.600000000000000000e+01 5.272199999999999818e+03
4.000000000000000000e+00 5.273500000000000000e+03
6.800000000000000000e+01 5.274050000000000182e+03
3.600000000000000000e+01 5.274199999999999818e+03
6.000000000000000000e+01 5.274350000000000364e+03
4.400000000000000000e+01 5.274650000000000546e+03
2.800000000000000000e+01 5.275100000000000364e+03
5.200000000000000000e+01 5.275699999999999818e+03
1.200000000000000000e+01 5.275850000000000364e+03
2.000000000000000000e+01 5.283400000000000546e+03
1.200000000000000000e+01 5.301150000000000546e+03
3.600000000000000000e+01 5.305300000000000182e+03
7.600000000000000000e+01 5.307150000000000546e+03
5.200000000000000000e+01 5.307300000000000182e+03
4.000000000000000000e+00 5.307699999999999818e+03
6.000000000000000000e+01 5.308300000000000182e+03
6.800000000000000000e+01 5.308699999999999818e+03
4.400000000000000000e+01 5.308800000000000182e+03
2.000000000000000000e+01 5.309699999999999818e+03
2.800000000000000000e+01 5.310500000000000000e+03
6.000000000000000000e+01 5.333850000000000364e+03
4.000000000000000000e+00 5.336400000000000546e+03
6.800000000000000000e+01 5.336500000000000000e+03
1.200000000000000000e+01 5.336600000000000364e+03
4.400000000000000000e+01 5.336750000000000000e+03
3.600000000000000000e+01 5.337100000000000364e+03
5.200000000000000000e+01 5.337100000000000364e+03
2.800000000000000000e+01 5.337199999999999818e+03
2.000000000000000000e+01 5.337250000000000000e+03
7.600000000000000000e+01 5.337650000000000546e+03
4.400000000000000000e+01 5.366550000000000182e+03
6.000000000000000000e+01 5.366949999999999818e+03
5.200000000000000000e+01 5.367050000000000182e+03
2.000000000000000000e+01 5.368350000000000364e+03
3.600000000000000000e+01 5.368500000000000000e+03
7.600000000000000000e+01 5.368699999999999818e+03
6.800000000000000000e+01 5.368900000000000546e+03
4.000000000000000000e+00 5.369350000000000364e+03
1.200000000000000000e+01 5.369400000000000546e+03
2.800000000000000000e+01 5.370050000000000182e+03
6.000000000000000000e+01 5.398199999999999818e+03
4.000000000000000000e+00 5.401000000000000000e+03
2.800000000000000000e+01 5.401150000000000546e+03
6.800000000000000000e+01 5.401600000000000364e+03
7.600000000000000000e+01 5.401600000000000364e+03
5.200000000000000000e+01 5.401699999999999818e+03
2.000000000000000000e+01 5.401800000000000182e+03
1.200000000000000000e+01 5.402100000000000364e+03
4.400000000000000000e+01 5.402199999999999818e+03
3.600000000000000000e+01 5.402250000000000000e+03
7.600000000000000000e+01 5.425000000000000000e+03
2.000000000000000000e+01 5.427400000000000546e+03
6.000000000000000000e+01 5.430900000000000546e+03
1.200000000000000000e+01 5.431350000000000364e+03
3.600000000000000000e+01 5.432850000000000364e+03
2.800000000000000000e+01 5.433100000000000364e+03
5.200000000000000000e+01 5.433550000000000182e+03
4.000000000000000000e+00 5.434800000000000182e+03
4.400000000000000000e+01 5.435400000000000546e+03
6.800000000000000000e+01 5.436300000000000182e+03
2.000000000000000000e+01 5.449400000000000546e+03
6.000000000000000000e+01 5.454850000000000364e+03
1.200000000000000000e+01 5.460199999999999818e+03
3.600000000000000000e+01 5.460550000000000182e+03
5.200000000000000000e+01 5.460949999999999818e+03
7.600000000000000000e+01 5.463949999999999818e+03
6.800000000000000000e+01 5.465449999999999818e+03
4.400000000000000000e+01 5.465900000000000546e+03
4.000000000000000000e+00 5.465949999999999818e+03
2.800000000000000000e+01 5.466350000000000364e+03
2.000000000000000000e+01 5.467500000000000000e+03
6.000000000000000000e+01 5.472750000000000000e+03
5.200000000000000000e+01 5.488750000000000000e+03
1.200000000000000000e+01 5.490449999999999818e+03
3.600000000000000000e+01 5.492699999999999818e+03
2.800000000000000000e+01 5.492949999999999818e+03
4.000000000000000000e+00 5.493199999999999818e+03
6.800000000000000000e+01 5.493600000000000364e+03
2.000000000000000000e+01 5.494500000000000000e+03
4.400000000000000000e+01 5.494650000000000546e+03
7.600000000000000000e+01 5.494750000000000000e+03
6.000000000000000000e+01 5.495800000000000182e+03
1.200000000000000000e+01 5.514850000000000364e+03
2.000000000000000000e+01 5.518400000000000546e+03
5.200000000000000000e+01 5.520250000000000000e+03
6.000000000000000000e+01 5.520400000000000546e+03
7.600000000000000000e+01 5.522600000000000364e+03
4.000000000000000000e+00 5.523650000000000546e+03
2.800000000000000000e+01 5.523800000000000182e+03
4.400000000000000000e+01 5.524550000000000182e+03
3.600000000000000000e+01 5.524850000000000364e+03
6.800000000000000000e+01 5.525900000000000546e+03
1.200000000000000000e+01 5.536050000000000182e+03
5.200000000000000000e+01 5.541949999999999818e+03
6.000000000000000000e+01 5.548350000000000364e+03
7.600000000000000000e+01 5.552000000000000000e+03
2.000000000000000000e+01 5.552699999999999818e+03
4.400000000000000000e+01 5.553150000000000546e+03
3.600000000000000000e+01 5.553600000000000364e+03
4.000000000000000000e+00 5.553949999999999818e+03
2.800000000000000000e+01 5.554449999999999818e+03
6.800000000000000000e+01 5.554550000000000182e+03
1.200000000000000000e+01 5.556100000000000364e+03
6.000000000000000000e+01 5.574100000000000364e+03
5.200000000000000000e+01 5.576500000000000000e+03
4.400000000000000000e+01 5.578699999999999818e+03
2.800000000000000000e+01 5.580949999999999818e+03
7.600000000000000000e+01 5.581449999999999818e+03
6.800000000000000000e+01 5.581750000000000000e+03
1.200000000000000000e+01 5.582500000000000000e+03
4.000000000000000000e+00 5.583000000000000000e+03
2.000000000000000000e+01 5.583550000000000182e+03
3.600000000000000000e+01 5.583699999999999818e+03
4.400000000000000000e+01 5.602150000000000546e+03
6.000000000000000000e+01 5.607750000000000000e+03
2.800000000000000000e+01 5.609600000000000364e+03
1.200000000000000000e+01 5.609650000000000546e+03
5.200000000000000000e+01 5.609850000000000364e+03
2.000000000000000000e+01 5.611850000000000364e+03
6.800000000000000000e+01 5.613800000000000182e+03
3.600000000000000000e+01 5.613850000000000364e+03
4.000000000000000000e+00 5.614500000000000000e+03
7.600000000000000000e+01 5.614650000000000546e+03
4.400000000000000000e+01 5.620100000000000364e+03
2.000000000000000000e+01 5.643100000000000364e+03
5.200000000000000000e+01 5.644300000000000182e+03
2.800000000000000000e+01 5.645800000000000182e+03
4.400000000000000000e+01 5.646500000000000000e+03
6.000000000000000000e+01 5.646699999999999818e+03
4.000000000000000000e+00 5.646900000000000546e+03
3.600000000000000000e+01 5.647000000000000000e+03
7.600000000000000000e+01 5.647000000000000000e+03
1.200000000000000000e+01 5.647050000000000182e+03
6.800000000000000000e+01 5.647150000000000546e+03
6.800000000000000000e+01 5.670050000000000182e+03
2.800000000000000000e+01 5.673850000000000364e+03
4.400000000000000000e+01 5.675100000000000364e+03
6.000000000000000000e+01 5.675449999999999818e+03
5.200000000000000000e+01 5.676100000000000364e+03
4.000000000000000000e+00 5.676150000000000546e+03
7.600000000000000000e+01 5.676150000000000546e+03
2.000000000000000000e+01 5.676850000000000364e+03
3.600000000000000000e+01 5.677250000000000000e+03
1.200000000000000000e+01 5.677750000000000000e+03
6.800000000000000000e+01 5.685150000000000546e+03
7.600000000000000000e+01 5.702750000000000000e+03
6.000000000000000000e+01 5.704150000000000546e+03
2.800000000000000000e+01 5.704800000000000182e+03
3.600000000000000000e+01 5.704800000000000182e+03
4.400000000000000000e+01 5.704850000000000364e+03
4.000000000000000000e+00 5.705150000000000546e+03
2.000000000000000000e+01 5.705550000000000182e+03
5.200000000000000000e+01 5.706350000000000364e+03
1.200000000000000000e+01 5.706949999999999818e+03
6.800000000000000000e+01 5.707199999999999818e+03
4.400000000000000000e+01 5.734699999999999818e+03
2.000000000000000000e+01 5.736699999999999818e+03
7.600000000000000000e+01 5.737600000000000364e+03
2.800000000000000000e+01 5.737750000000000000e+03
6.000000000000000000e+01 5.737800000000000182e+03
3.600000000000000000e+01 5.737949999999999818e+03
6.800000000000000000e+01 5.738199999999999818e+03
5.200000000000000000e+01 5.738400000000000546e+03
1.200000000000000000e+01 5.739000000000000000e+03
4.000000000000000000e+00 5.739050000000000182e+03
4.400000000000000000e+01 5.761449999999999818e+03
7.600000000000000000e+01 5.766199999999999818e+03
2.000000000000000000e+01 5.767000000000000000e+03
3.600000000000000000e+01 5.767100000000000364e+03
6.000000000000000000e+01 5.767300000000000182e+03
4.000000000000000000e+00 5.767400000000000546e+03
2.800000000000000000e+01 5.767699999999999818e+03
1.200000000000000000e+01 5.768100000000000364e+03
5.200000000000000000e+01 5.768100000000000364e+03
6.800000000000000000e+01 5.768050000000000182e+03
4.000000000000000000e+00 5.793250000000000000e+03
4.400000000000000000e+01 5.794699999999999818e+03
5.200000000000000000e+01 5.794699999999999818e+03
2.800000000000000000e+01 5.795100000000000364e+03
3.600000000000000000e+01 5.796050000000000182e+03
7.600000000000000000e+01 5.796100000000000364e+03
6.800000000000000000e+01 5.796900000000000546e+03
2.000000000000000000e+01 5.797000000000000000e+03
6.000000000000000000e+01 5.797550000000000182e+03
1.200000000000000000e+01 5.797699999999999818e+03
3.600000000000000000e+01 5.819250000000000000e+03
4.000000000000000000e+00 5.821250000000000000e+03
6.800000000000000000e+01 5.824199999999999818e+03
2.800000000000000000e+01 5.825199999999999818e+03
5.200000000000000000e+01 5.826100000000000364e+03
2.000000000000000000e+01 5.826199999999999818e+03
4.400000000000000000e+01 5.826300000000000182e+03
1.200000000000000000e+01 5.826400000000000546e+03
6.000000000000000000e+01 5.827000000000000000e+03
7.600000000000000000e+01 5.827100000000000364e+03
3.600000000000000000e+01 5.830199999999999818e+03
4.000000000000000000e+00 5.839949999999999818e+03
5.200000000000000000e+01 5.849850000000000364e+03
6.800000000000000000e+01 5.851050000000000182e+03
1.200000000000000000e+01 5.852300000000000182e+03
7.600000000000000000e+01 5.852400000000000546e+03
6.000000000000000000e+01 5.853000000000000000e+03
3.600000000000000000e+01 5.853900000000000546e+03
4.400000000000000000e+01 5.854500000000000000e+03
2.000000000000000000e+01 5.854699999999999818e+03
2.800000000000000000e+01 5.855050000000000182e+03
4.000000000000000000e+00 5.855850000000000364e+03
7.600000000000000000e+01 5.881699999999999818e+03
5.200000000000000000e+01 5.881800000000000182e+03
6.800000000000000000e+01 5.882949999999999818e+03
1.200000000000000000e+01 5.883850000000000364e+03
2.000000000000000000e+01 5.884250000000000000e+03
4.000000000000000000e+00 5.884400000000000546e+03
4.400000000000000000e+01 5.884800000000000182e+03
3.600000000000000000e+01 5.885250000000000000e+03
2.800000000000000000e+01 5.885750000000000000e+03
6.000000000000000000e+01 5.886199999999999818e+03
5.200000000000000000e+01 5.905199999999999818e+03
4.400000000000000000e+01 5.909100000000000364e+03
7.600000000000000000e+01 5.911449999999999818e+03
4.000000000000000000e+00 5.913600000000000364e+03
2.800000000000000000e+01 5.914600000000000364e+03
6.000000000000000000e+01 5.914550000000000182e+03
1.200000000000000000e+01 5.914750000000000000e+03
3.600000000000000000e+01 5.915300000000000182e+03
6.800000000000000000e+01 5.915449999999999818e+03
2.000000000000000000e+01 5.915800000000000182e+03
5.200000000000000000e+01 5.936000000000000000e+03
4.400000000000000000e+01 5.940699999999999818e+03
7.600000000000000000e+01 5.942100000000000364e+03
6.000000000000000000e+01 5.943500000000000000e+03
3.600000000000000000e+01 5.943650000000000546e+03
1.200000000000000000e+01 5.944550000000000182e+03
2.800000000000000000e+01 5.946600000000000364e+03
6.800000000000000000e+01 5.947300000000000182e+03
4.000000000000000000e+00 5.947699999999999818e+03
2.000000000000000000e+01 5.948500000000000000e+03
5.200000000000000000e+01 5.963100000000000364e+03
4.400000000000000000e+01 5.967199999999999818e+03
1.200000000000000000e+01 5.971100000000000364e+03
7.600000000000000000e+01 5.972199999999999818e+03
6.000000000000000000e+01 5.974900000000000546e+03
2.800000000000000000e+01 5.975650000000000546e+03
3.600000000000000000e+01 5.975650000000000546e+03
4.000000000000000000e+00 5.976850000000000364e+03
6.800000000000000000e+01 5.977350000000000364e+03
2.000000000000000000e+01 5.977600000000000364e+03
5.200000000000000000e+01 5.980350000000000364e+03
4.400000000000000000e+01 6.001000000000000000e+03
1.200000000000000000e+01 6.001400000000000546e+03
4.000000000000000000e+00 6.093400000000000546e+03
1.200000000000000000e+01 6.095100000000000364e+03
4.000000000000000000e+00 6.138350000000000364e+03
2.000000000000000000e+01 6.146250000000000000e+03
4.400000000000000000e+01 6.344750000000000000e+03
2.000000000000000000e+01 6.359600000000000364e+03
2.800000000000000000e+01 6.392300000000000182e+03
4.000000000000000000e+00 6.476650000000000546e+03
6.000000000000000000e+01 6.478449999999999818e+03
1.200000000000000000e+01 6.482550000000000182e+03
2.000000000000000000e+01 6.483900000000000546e+03
6.800000000000000000e+01 6.484050000000000182e+03
4.400000000000000000e+01 6.485000000000000000e+03
2.800000000000000000e+01 6.485350000000000364e+03
5.200000000000000000e+01 6.485699999999999818e+03
3.600000000000000000e+01 6.486250000000000000e+03
7.600000000000000000e+01 6.486600000000000364e+03
4.400000000000000000e+01 6.558699999999999818e+03
1.200000000000000000e+01 6.703699999999999818e+03
3.600000000000000000e+01 6.757800000000000182e+03
2.000000000000000000e+01 6.772100000000000364e+03
4.400000000000000000e+01 6.781850000000000364e+03
5.200000000000000000e+01 6.783500000000000000e+03
4.000000000000000000e+00 6.783650000000000546e+03
2.800000000000000000e+01 6.784550000000000182e+03
6.000000000000000000e+01 6.784750000000000000e+03
7.600000000000000000e+01 6.784800000000000182e+03
6.800000000000000000e+01 6.785150000000000546e+03
1.200000000000000000e+01 6.785850000000000364e+03
3.600000000000000000e+01 6.787199999999999818e+03
6.800000000000000000e+01 6.875050000000000182e+03
4.400000000000000000e+01 6.910800000000000182e+03
4.000000000000000000e+00 7.546050000000000182e+03
4.000000000000000000e+00 9.093300000000001091e+03
2.800000000000000000e+01 1.009010000000000036e+04
2.800000000000000000e+01 1.015514999999999964e+04
1.200000000000000000e+01 1.015945000000000073e+04
6.800000000000000000e+01 1.015960000000000036e+04
7.600000000000000000e+01 1.016180000000000109e+04
5.200000000000000000e+01 1.016185000000000036e+04
3.600000000000000000e+01 1.016200000000000000e+04
2.000000000000000000e+01 1.016300000000000000e+04
6.000000000000000000e+01 1.016314999999999964e+04
4.000000000000000000e+00 1.016350000000000000e+04
4.400000000000000000e+01 1.016350000000000000e+04
4.400000000000000000e+01 1.031100000000000000e+04
4.000000000000000000e+00 1.068910000000000036e+04
1.200000000000000000e+01 1.069114999999999964e+04
4.000000000000000000e+00 1.074695000000000073e+04
1.200000000000000000e+01 1.075260000000000036e+04
7.600000000000000000e+01 1.075560000000000036e+04
6.800000000000000000e+01 1.075989999999999964e+04
2.000000000000000000e+01 1.076200000000000000e+04
5.200000000000000000e+01 1.076260000000000036e+04
3.600000000000000000e+01 1.076310000000000036e+04
2.800000000000000000e+01 1.076425000000000000e+04
4.400000000000000000e+01 1.076460000000000036e+04
6.000000000000000000e+01 1.076550000000000000e+04
4.000000000000000000e+00 1.076730000000000109e+04
7.600000000000000000e+01 1.100105000000000109e+04
3.600000000000000000e+01 1.135575000000000000e+04
6.800000000000000000e+01 1.153405000000000109e+04
5.200000000000000000e+01 1.185055000000000109e+04
4.000000000000000000e+00 1.201660000000000036e+04
5.200000000000000000e+01 1.218280000000000109e+04
6.000000000000000000e+01 1.414020000000000073e+04
2.000000000000000000e+01 1.421155000000000109e+04
4.000000000000000000e+00 1.423105000000000109e+04
1.200000000000000000e+01 1.423789999999999964e+04
5.200000000000000000e+01 1.431275000000000000e+04
4.400000000000000000e+01 1.431520000000000073e+04
1.200000000000000000e+01 1.435620000000000073e+04
4.000000000000000000e+00 1.450855000000000109e+04
4.400000000000000000e+01 1.468335000000000036e+04
5.200000000000000000e+01 1.471785000000000036e+04
5.200000000000000000e+01 1.480164999999999964e+04
6.000000000000000000e+01 1.490489999999999964e+04
5.200000000000000000e+01 1.491385000000000036e+04
3.600000000000000000e+01 1.491445000000000073e+04
1.200000000000000000e+01 1.491489999999999964e+04
7.600000000000000000e+01 1.491510000000000036e+04
4.000000000000000000e+00 1.491514999999999964e+04
6.800000000000000000e+01 1.491555000000000109e+04
2.800000000000000000e+01 1.491614999999999964e+04
2.000000000000000000e+01 1.491625000000000000e+04
4.400000000000000000e+01 1.491660000000000036e+04
7.600000000000000000e+01 1.546114999999999964e+04
7.600000000000000000e+01 1.561370000000000073e+04
4.000000000000000000e+00 1.584325000000000000e+04
4.000000000000000000e+00 1.595110000000000036e+04
4.000000000000000000e+00 1.608910000000000036e+04
7.600000000000000000e+01 1.629460000000000036e+04
4.000000000000000000e+00 1.651334999999999854e+04
4.000000000000000000e+00 1.729800000000000000e+04
4.000000000000000000e+00 1.742175000000000000e+04
4.000000000000000000e+00 1.773554999999999927e+04
4.000000000000000000e+00 1.789575000000000000e+04
4.000000000000000000e+00 1.795710000000000218e+04
1.200000000000000000e+01 1.803275000000000000e+04
6.800000000000000000e+01 1.847300000000000000e+04
3.600000000000000000e+01 1.847675000000000000e+04
2.000000000000000000e+01 1.848175000000000000e+04
1.200000000000000000e+01 1.848429999999999927e+04
7.600000000000000000e+01 1.848520000000000073e+04
5.200000000000000000e+01 1.848545000000000073e+04
4.400000000000000000e+01 1.848610000000000218e+04
4.000000000000000000e+00 1.848660000000000218e+04
2.800000000000000000e+01 1.848660000000000218e+04
6.000000000000000000e+01 1.848710000000000218e+04
6.800000000000000000e+01 1.848920000000000073e+04
3.600000000000000000e+01 1.863775000000000000e+04
6.000000000000000000e+01 1.867515000000000146e+04
4.000000000000000000e+00 1.882460000000000218e+04
3.600000000000000000e+01 1.882725000000000000e+04
7.600000000000000000e+01 1.896565000000000146e+04
3.600000000000000000e+01 1.904290000000000146e+04
2.000000000000000000e+01 1.908560000000000218e+04
5.200000000000000000e+01 1.939635000000000218e+04
2.800000000000000000e+01 1.945520000000000073e+04
5.200000000000000000e+01 1.962870000000000073e+04
5.200000000000000000e+01 1.999150000000000000e+04
4.400000000000000000e+01 2.051170000000000073e+04
7.600000000000000000e+01 2.069465000000000146e+04
1.200000000000000000e+01 2.073125000000000000e+04
6.800000000000000000e+01 2.200950000000000000e+04
1.200000000000000000e+01 2.226490000000000146e+04
6.800000000000000000e+01 2.238229999999999927e+04
2.000000000000000000e+01 2.239165000000000146e+04
4.000000000000000000e+00 2.239960000000000218e+04
7.600000000000000000e+01 2.240500000000000000e+04
6.000000000000000000e+01 2.240554999999999927e+04
3.600000000000000000e+01 2.243410000000000218e+04
1.200000000000000000e+01 2.262610000000000218e+04
6.900000000000000000e+01 3.540000000000000000e+02
2.100000000000000000e+01 3.595000000000000000e+02
5.300000000000000000e+01 4.689000000000000341e+02
7.700000000000000000e+01 5.369500000000000455e+02
5.000000000000000000e+00 8.482000000000000455e+02
4.500000000000000000e+01 1.205950000000000045e+03
7.700000000000000000e+01 1.496000000000000000e+03
5.300000000000000000e+01 1.526100000000000136e+03
5.000000000000000000e+00 1.634500000000000000e+03
6.100000000000000000e+01 1.731750000000000000e+03
5.300000000000000000e+01 1.785900000000000091e+03
3.700000000000000000e+01 1.960450000000000045e+03
3.700000000000000000e+01 2.194400000000000091e+03
6.900000000000000000e+01 2.197200000000000273e+03
2.900000000000000000e+01 2.384700000000000273e+03
5.300000000000000000e+01 2.448450000000000273e+03
5.300000000000000000e+01 2.836800000000000182e+03
6.900000000000000000e+01 3.004099999999999909e+03
1.300000000000000000e+01 3.010200000000000273e+03
5.000000000000000000e+00 3.018000000000000000e+03
3.700000000000000000e+01 3.018950000000000273e+03
6.100000000000000000e+01 3.025550000000000182e+03
4.500000000000000000e+01 3.036250000000000000e+03
2.100000000000000000e+01 3.042650000000000091e+03
2.900000000000000000e+01 3.044099999999999909e+03
1.300000000000000000e+01 3.066750000000000000e+03
2.100000000000000000e+01 3.082700000000000273e+03
5.000000000000000000e+00 3.088250000000000000e+03
7.700000000000000000e+01 3.093000000000000000e+03
4.500000000000000000e+01 3.110150000000000091e+03
2.900000000000000000e+01 3.110900000000000091e+03
6.900000000000000000e+01 3.115900000000000091e+03
1.300000000000000000e+01 3.120200000000000273e+03
3.700000000000000000e+01 3.130200000000000273e+03
1.300000000000000000e+01 3.150400000000000091e+03
5.000000000000000000e+00 3.150500000000000000e+03
5.300000000000000000e+01 3.156650000000000091e+03
6.100000000000000000e+01 3.157500000000000000e+03
7.700000000000000000e+01 3.167400000000000091e+03
6.900000000000000000e+01 3.182849999999999909e+03
2.100000000000000000e+01 3.195400000000000091e+03
2.900000000000000000e+01 3.197550000000000182e+03
5.300000000000000000e+01 3.203050000000000182e+03
1.300000000000000000e+01 3.216450000000000273e+03
5.000000000000000000e+00 3.225700000000000273e+03
6.100000000000000000e+01 3.227099999999999909e+03
7.700000000000000000e+01 3.231750000000000000e+03
2.100000000000000000e+01 3.234800000000000182e+03
4.500000000000000000e+01 3.239099999999999909e+03
3.700000000000000000e+01 3.251349999999999909e+03
2.900000000000000000e+01 3.253150000000000091e+03
6.100000000000000000e+01 3.266200000000000273e+03
6.900000000000000000e+01 3.268950000000000273e+03
5.000000000000000000e+00 3.273650000000000091e+03
5.300000000000000000e+01 3.274000000000000000e+03
1.300000000000000000e+01 3.274500000000000000e+03
2.100000000000000000e+01 3.280200000000000273e+03
7.700000000000000000e+01 3.295150000000000091e+03
3.700000000000000000e+01 3.319050000000000182e+03
6.100000000000000000e+01 3.322250000000000000e+03
2.900000000000000000e+01 3.327099999999999909e+03
2.100000000000000000e+01 3.330150000000000091e+03
1.300000000000000000e+01 3.341300000000000182e+03
5.300000000000000000e+01 3.345050000000000182e+03
6.900000000000000000e+01 3.350550000000000182e+03
5.000000000000000000e+00 3.353599999999999909e+03
6.100000000000000000e+01 3.369250000000000000e+03
1.300000000000000000e+01 3.381099999999999909e+03
7.700000000000000000e+01 3.383599999999999909e+03
4.500000000000000000e+01 3.390099999999999909e+03
3.700000000000000000e+01 3.391300000000000182e+03
2.100000000000000000e+01 3.410599999999999909e+03
5.300000000000000000e+01 3.414250000000000000e+03
6.900000000000000000e+01 3.417349999999999909e+03
6.100000000000000000e+01 3.431300000000000182e+03
2.900000000000000000e+01 3.443099999999999909e+03
3.700000000000000000e+01 3.447650000000000091e+03
4.500000000000000000e+01 3.449849999999999909e+03
2.100000000000000000e+01 3.452150000000000091e+03
5.000000000000000000e+00 3.458950000000000273e+03
7.700000000000000000e+01 3.464050000000000182e+03
2.900000000000000000e+01 3.470599999999999909e+03
6.100000000000000000e+01 3.472599999999999909e+03
5.300000000000000000e+01 3.478050000000000182e+03
6.900000000000000000e+01 3.478150000000000091e+03
1.300000000000000000e+01 3.487099999999999909e+03
2.100000000000000000e+01 3.489950000000000273e+03
3.700000000000000000e+01 3.491650000000000091e+03
6.100000000000000000e+01 3.498250000000000000e+03
2.900000000000000000e+01 3.506250000000000000e+03
5.000000000000000000e+00 3.513849999999999909e+03
4.500000000000000000e+01 3.518650000000000091e+03
5.300000000000000000e+01 3.519200000000000273e+03
2.100000000000000000e+01 3.528050000000000182e+03
3.700000000000000000e+01 3.539450000000000273e+03
6.100000000000000000e+01 3.540050000000000182e+03
7.700000000000000000e+01 3.541349999999999909e+03
2.900000000000000000e+01 3.557650000000000091e+03
6.100000000000000000e+01 3.578550000000000182e+03
6.900000000000000000e+01 3.579050000000000182e+03
5.300000000000000000e+01 3.585450000000000273e+03
7.700000000000000000e+01 3.585550000000000182e+03
5.000000000000000000e+00 3.588000000000000000e+03
4.500000000000000000e+01 3.599450000000000273e+03
2.900000000000000000e+01 3.605750000000000000e+03
1.300000000000000000e+01 3.608900000000000091e+03
2.100000000000000000e+01 3.621750000000000000e+03
6.900000000000000000e+01 3.622150000000000091e+03
5.000000000000000000e+00 3.627150000000000091e+03
6.100000000000000000e+01 3.638250000000000000e+03
7.700000000000000000e+01 3.644900000000000091e+03
5.300000000000000000e+01 3.645300000000000182e+03
3.700000000000000000e+01 3.647849999999999909e+03
2.900000000000000000e+01 3.665599999999999909e+03
4.500000000000000000e+01 3.675050000000000182e+03
6.900000000000000000e+01 3.676050000000000182e+03
5.000000000000000000e+00 3.676150000000000091e+03
6.100000000000000000e+01 3.688550000000000182e+03
1.300000000000000000e+01 3.688900000000000091e+03
2.900000000000000000e+01 3.696000000000000000e+03
7.700000000000000000e+01 3.713800000000000182e+03
3.700000000000000000e+01 3.718150000000000091e+03
4.500000000000000000e+01 3.721099999999999909e+03
6.900000000000000000e+01 3.731250000000000000e+03
5.000000000000000000e+00 3.733150000000000091e+03
2.900000000000000000e+01 3.750099999999999909e+03
6.100000000000000000e+01 3.751150000000000091e+03
4.500000000000000000e+01 3.761250000000000000e+03
2.100000000000000000e+01 3.762800000000000182e+03
5.300000000000000000e+01 3.768000000000000000e+03
7.700000000000000000e+01 3.777150000000000091e+03
1.300000000000000000e+01 3.792450000000000273e+03
3.700000000000000000e+01 3.795800000000000182e+03
4.500000000000000000e+01 3.796950000000000273e+03
5.000000000000000000e+00 3.824650000000000091e+03
2.900000000000000000e+01 3.828050000000000182e+03
6.900000000000000000e+01 3.833400000000000091e+03
2.100000000000000000e+01 3.836250000000000000e+03
3.700000000000000000e+01 3.839750000000000000e+03
4.500000000000000000e+01 3.840300000000000182e+03
5.300000000000000000e+01 3.852099999999999909e+03
1.300000000000000000e+01 3.854750000000000000e+03
7.700000000000000000e+01 3.865800000000000182e+03
6.900000000000000000e+01 3.872450000000000273e+03
5.000000000000000000e+00 3.874500000000000000e+03
1.300000000000000000e+01 3.881849999999999909e+03
2.100000000000000000e+01 3.885400000000000091e+03
6.100000000000000000e+01 3.898250000000000000e+03
2.900000000000000000e+01 3.899150000000000091e+03
3.700000000000000000e+01 3.908550000000000182e+03
5.300000000000000000e+01 3.914500000000000000e+03
4.500000000000000000e+01 3.916050000000000182e+03
6.900000000000000000e+01 3.916700000000000273e+03
7.700000000000000000e+01 3.917250000000000000e+03
5.000000000000000000e+00 3.918700000000000273e+03
2.900000000000000000e+01 3.936349999999999909e+03
4.500000000000000000e+01 3.942150000000000091e+03
2.100000000000000000e+01 3.958849999999999909e+03
5.300000000000000000e+01 3.963700000000000273e+03
2.900000000000000000e+01 3.974550000000000182e+03
5.000000000000000000e+00 3.977150000000000091e+03
1.300000000000000000e+01 3.980099999999999909e+03
3.700000000000000000e+01 3.983099999999999909e+03
4.500000000000000000e+01 3.984450000000000273e+03
7.700000000000000000e+01 3.996650000000000091e+03
2.100000000000000000e+01 3.999000000000000000e+03
5.000000000000000000e+00 4.015650000000000091e+03
1.300000000000000000e+01 4.026550000000000182e+03
5.300000000000000000e+01 4.029599999999999909e+03
2.100000000000000000e+01 4.033000000000000000e+03
6.900000000000000000e+01 4.035800000000000182e+03
6.100000000000000000e+01 4.037700000000000273e+03
2.900000000000000000e+01 4.039300000000000182e+03
7.700000000000000000e+01 4.042150000000000091e+03
5.000000000000000000e+00 4.042599999999999909e+03
4.500000000000000000e+01 4.050250000000000000e+03
5.300000000000000000e+01 4.063700000000000273e+03
3.700000000000000000e+01 4.065200000000000273e+03
6.900000000000000000e+01 4.077000000000000000e+03
2.100000000000000000e+01 4.079599999999999909e+03
4.500000000000000000e+01 4.089250000000000000e+03
5.000000000000000000e+00 4.091650000000000091e+03
5.300000000000000000e+01 4.098250000000000000e+03
2.900000000000000000e+01 4.104000000000000000e+03
7.700000000000000000e+01 4.113000000000000000e+03
2.100000000000000000e+01 4.114699999999999818e+03
6.900000000000000000e+01 4.119600000000000364e+03
1.300000000000000000e+01 4.123100000000000364e+03
4.500000000000000000e+01 4.123949999999999818e+03
3.700000000000000000e+01 4.124449999999999818e+03
6.100000000000000000e+01 4.126899999999999636e+03
5.000000000000000000e+00 4.138550000000000182e+03
5.300000000000000000e+01 4.141850000000000364e+03
3.700000000000000000e+01 4.155449999999999818e+03
7.700000000000000000e+01 4.159649999999999636e+03
4.500000000000000000e+01 4.162399999999999636e+03
2.100000000000000000e+01 4.162899999999999636e+03
1.300000000000000000e+01 4.163699999999999818e+03
6.100000000000000000e+01 4.165949999999999818e+03
5.000000000000000000e+00 4.168100000000000364e+03
6.900000000000000000e+01 4.170100000000000364e+03
2.900000000000000000e+01 4.176350000000000364e+03
5.300000000000000000e+01 4.181149999999999636e+03
2.100000000000000000e+01 4.194899999999999636e+03
4.500000000000000000e+01 4.197899999999999636e+03
5.300000000000000000e+01 4.205250000000000000e+03
1.300000000000000000e+01 4.205899999999999636e+03
2.900000000000000000e+01 4.209050000000000182e+03
3.700000000000000000e+01 4.209100000000000364e+03
6.900000000000000000e+01 4.209250000000000000e+03
7.700000000000000000e+01 4.211699999999999818e+03
6.100000000000000000e+01 4.234300000000000182e+03
5.000000000000000000e+00 4.244300000000000182e+03
1.300000000000000000e+01 4.245100000000000364e+03
2.100000000000000000e+01 4.246500000000000000e+03
4.500000000000000000e+01 4.262750000000000000e+03
7.700000000000000000e+01 4.265199999999999818e+03
2.900000000000000000e+01 4.269050000000000182e+03
6.100000000000000000e+01 4.275699999999999818e+03
1.300000000000000000e+01 4.281199999999999818e+03
6.900000000000000000e+01 4.281699999999999818e+03
2.100000000000000000e+01 4.282199999999999818e+03
3.700000000000000000e+01 4.290100000000000364e+03
5.000000000000000000e+00 4.290500000000000000e+03
7.700000000000000000e+01 4.299300000000000182e+03
6.100000000000000000e+01 4.308000000000000000e+03
2.900000000000000000e+01 4.311899999999999636e+03
4.500000000000000000e+01 4.326149999999999636e+03
5.300000000000000000e+01 4.327750000000000000e+03
6.900000000000000000e+01 4.342850000000000364e+03
7.700000000000000000e+01 4.343850000000000364e+03
1.300000000000000000e+01 4.346300000000000182e+03
5.000000000000000000e+00 4.346649999999999636e+03
6.100000000000000000e+01 4.348350000000000364e+03
2.900000000000000000e+01 4.349300000000000182e+03
3.700000000000000000e+01 4.357050000000000182e+03
2.100000000000000000e+01 4.358100000000000364e+03
5.300000000000000000e+01 4.371800000000000182e+03
5.000000000000000000e+00 4.384699999999999818e+03
7.700000000000000000e+01 4.386500000000000000e+03
4.500000000000000000e+01 4.387800000000000182e+03
1.300000000000000000e+01 4.391449999999999818e+03
2.100000000000000000e+01 4.396449999999999818e+03
6.100000000000000000e+01 4.401100000000000364e+03
3.700000000000000000e+01 4.409650000000000546e+03
5.300000000000000000e+01 4.410449999999999818e+03
7.700000000000000000e+01 4.417400000000000546e+03
2.900000000000000000e+01 4.422199999999999818e+03
5.000000000000000000e+00 4.429650000000000546e+03
1.300000000000000000e+01 4.432000000000000000e+03
6.900000000000000000e+01 4.440100000000000364e+03
5.300000000000000000e+01 4.448000000000000000e+03
2.100000000000000000e+01 4.452750000000000000e+03
7.700000000000000000e+01 4.454650000000000546e+03
4.500000000000000000e+01 4.456449999999999818e+03
6.100000000000000000e+01 4.456650000000000546e+03
5.000000000000000000e+00 4.456900000000000546e+03
3.700000000000000000e+01 4.462449999999999818e+03
1.300000000000000000e+01 4.469750000000000000e+03
2.900000000000000000e+01 4.489350000000000364e+03
6.900000000000000000e+01 4.492500000000000000e+03
4.500000000000000000e+01 4.493650000000000546e+03
7.700000000000000000e+01 4.495199999999999818e+03
2.100000000000000000e+01 4.496350000000000364e+03
5.300000000000000000e+01 4.496699999999999818e+03
5.000000000000000000e+00 4.497300000000000182e+03
6.100000000000000000e+01 4.497300000000000182e+03
1.300000000000000000e+01 4.497750000000000000e+03
3.700000000000000000e+01 4.504500000000000000e+03
6.900000000000000000e+01 4.525350000000000364e+03
5.000000000000000000e+00 4.528550000000000182e+03
2.100000000000000000e+01 4.530850000000000364e+03
2.900000000000000000e+01 4.535600000000000364e+03
7.700000000000000000e+01 4.535550000000000182e+03
4.500000000000000000e+01 4.539600000000000364e+03
6.100000000000000000e+01 4.544800000000000182e+03
1.300000000000000000e+01 4.551449999999999818e+03
3.700000000000000000e+01 4.560850000000000364e+03
6.100000000000000000e+01 4.570900000000000546e+03
5.000000000000000000e+00 4.574449999999999818e+03
6.900000000000000000e+01 4.576150000000000546e+03
4.500000000000000000e+01 4.578199999999999818e+03
1.300000000000000000e+01 4.592500000000000000e+03
2.100000000000000000e+01 4.594449999999999818e+03
5.300000000000000000e+01 4.596600000000000364e+03
2.900000000000000000e+01 4.597199999999999818e+03
6.900000000000000000e+01 4.597850000000000364e+03
6.100000000000000000e+01 4.606100000000000364e+03
4.500000000000000000e+01 4.609600000000000364e+03
7.700000000000000000e+01 4.617400000000000546e+03
5.000000000000000000e+00 4.618350000000000364e+03
3.700000000000000000e+01 4.623699999999999818e+03
1.300000000000000000e+01 4.635650000000000546e+03
5.300000000000000000e+01 4.636900000000000546e+03
6.900000000000000000e+01 4.642449999999999818e+03
2.900000000000000000e+01 4.648650000000000546e+03
4.500000000000000000e+01 4.649400000000000546e+03
2.100000000000000000e+01 4.650449999999999818e+03
6.100000000000000000e+01 4.652100000000000364e+03
7.700000000000000000e+01 4.652400000000000546e+03
5.000000000000000000e+00 4.660699999999999818e+03
3.700000000000000000e+01 4.662000000000000000e+03
1.300000000000000000e+01 4.676199999999999818e+03
2.100000000000000000e+01 4.681900000000000546e+03
2.900000000000000000e+01 4.684350000000000364e+03
6.900000000000000000e+01 4.687199999999999818e+03
4.500000000000000000e+01 4.687500000000000000e+03
5.000000000000000000e+00 4.690300000000000182e+03
3.700000000000000000e+01 4.690550000000000182e+03
5.300000000000000000e+01 4.692550000000000182e+03
7.700000000000000000e+01 4.703050000000000182e+03
6.100000000000000000e+01 4.704800000000000182e+03
2.900000000000000000e+01 4.721850000000000364e+03
2.100000000000000000e+01 4.722300000000000182e+03
1.300000000000000000e+01 4.725699999999999818e+03
5.300000000000000000e+01 4.726900000000000546e+03
6.900000000000000000e+01 4.730000000000000000e+03
5.000000000000000000e+00 4.731050000000000182e+03
3.700000000000000000e+01 4.738350000000000364e+03
6.100000000000000000e+01 4.739850000000000364e+03
4.500000000000000000e+01 4.746150000000000546e+03
7.700000000000000000e+01 4.746500000000000000e+03
2.900000000000000000e+01 4.753100000000000364e+03
5.300000000000000000e+01 4.757400000000000546e+03
2.100000000000000000e+01 4.758000000000000000e+03
1.300000000000000000e+01 4.761400000000000546e+03
3.700000000000000000e+01 4.763100000000000364e+03
6.100000000000000000e+01 4.772900000000000546e+03
6.900000000000000000e+01 4.775699999999999818e+03
7.700000000000000000e+01 4.779000000000000000e+03
5.000000000000000000e+00 4.780400000000000546e+03
4.500000000000000000e+01 4.782850000000000364e+03
2.900000000000000000e+01 4.787000000000000000e+03
2.100000000000000000e+01 4.787500000000000000e+03
5.300000000000000000e+01 4.789350000000000364e+03
1.300000000000000000e+01 4.790400000000000546e+03
3.700000000000000000e+01 4.795000000000000000e+03
6.100000000000000000e+01 4.806500000000000000e+03
4.500000000000000000e+01 4.819850000000000364e+03
2.100000000000000000e+01 4.820850000000000364e+03
1.300000000000000000e+01 4.821850000000000364e+03
3.700000000000000000e+01 4.821850000000000364e+03
2.900000000000000000e+01 4.826550000000000182e+03
7.700000000000000000e+01 4.829350000000000364e+03
5.300000000000000000e+01 4.831300000000000182e+03
6.900000000000000000e+01 4.844600000000000364e+03
5.000000000000000000e+00 4.846250000000000000e+03
1.300000000000000000e+01 4.857900000000000546e+03
6.100000000000000000e+01 4.861500000000000000e+03
2.900000000000000000e+01 4.863000000000000000e+03
7.700000000000000000e+01 4.864000000000000000e+03
4.500000000000000000e+01 4.864550000000000182e+03
6.900000000000000000e+01 4.865250000000000000e+03
2.100000000000000000e+01 4.865600000000000364e+03
3.700000000000000000e+01 4.867300000000000182e+03
5.000000000000000000e+00 4.867449999999999818e+03
5.300000000000000000e+01 4.867949999999999818e+03
2.900000000000000000e+01 4.892850000000000364e+03
2.100000000000000000e+01 4.895400000000000546e+03
6.100000000000000000e+01 4.896699999999999818e+03
7.700000000000000000e+01 4.897449999999999818e+03
4.500000000000000000e+01 4.898199999999999818e+03
3.700000000000000000e+01 4.899350000000000364e+03
5.000000000000000000e+00 4.899800000000000182e+03
6.900000000000000000e+01 4.901050000000000182e+03
1.300000000000000000e+01 4.906500000000000000e+03
5.300000000000000000e+01 4.909300000000000182e+03
2.900000000000000000e+01 4.927400000000000546e+03
4.500000000000000000e+01 4.928150000000000546e+03
5.000000000000000000e+00 4.932650000000000546e+03
6.100000000000000000e+01 4.933000000000000000e+03
2.100000000000000000e+01 4.934250000000000000e+03
7.700000000000000000e+01 4.934300000000000182e+03
3.700000000000000000e+01 4.934500000000000000e+03
6.900000000000000000e+01 4.936600000000000364e+03
5.300000000000000000e+01 4.938100000000000364e+03
1.300000000000000000e+01 4.940199999999999818e+03
4.500000000000000000e+01 4.961250000000000000e+03
5.000000000000000000e+00 4.965949999999999818e+03
2.900000000000000000e+01 4.966850000000000364e+03
2.100000000000000000e+01 4.967550000000000182e+03
7.700000000000000000e+01 4.968050000000000182e+03
6.100000000000000000e+01 4.968400000000000546e+03
5.300000000000000000e+01 4.968699999999999818e+03
3.700000000000000000e+01 4.969750000000000000e+03
6.900000000000000000e+01 4.969800000000000182e+03
1.300000000000000000e+01 4.970600000000000364e+03
4.500000000000000000e+01 4.988449999999999818e+03
5.300000000000000000e+01 4.997199999999999818e+03
6.900000000000000000e+01 4.999949999999999818e+03
2.100000000000000000e+01 5.001350000000000364e+03
5.000000000000000000e+00 5.004300000000000182e+03
7.700000000000000000e+01 5.004300000000000182e+03
2.900000000000000000e+01 5.004600000000000364e+03
1.300000000000000000e+01 5.004650000000000546e+03
3.700000000000000000e+01 5.005300000000000182e+03
6.100000000000000000e+01 5.006350000000000364e+03
4.500000000000000000e+01 5.010850000000000364e+03
6.900000000000000000e+01 5.036300000000000182e+03
6.100000000000000000e+01 5.037949999999999818e+03
5.000000000000000000e+00 5.038550000000000182e+03
1.300000000000000000e+01 5.038600000000000364e+03
4.500000000000000000e+01 5.038800000000000182e+03
2.100000000000000000e+01 5.039449999999999818e+03
3.700000000000000000e+01 5.040150000000000546e+03
7.700000000000000000e+01 5.040449999999999818e+03
5.300000000000000000e+01 5.040699999999999818e+03
2.900000000000000000e+01 5.040750000000000000e+03
6.900000000000000000e+01 5.065150000000000546e+03
6.100000000000000000e+01 5.067199999999999818e+03
3.700000000000000000e+01 5.068199999999999818e+03
5.000000000000000000e+00 5.068900000000000546e+03
2.100000000000000000e+01 5.072350000000000364e+03
1.300000000000000000e+01 5.072600000000000364e+03
7.700000000000000000e+01 5.073050000000000182e+03
2.900000000000000000e+01 5.074250000000000000e+03
5.300000000000000000e+01 5.074600000000000364e+03
4.500000000000000000e+01 5.075250000000000000e+03
3.700000000000000000e+01 5.095600000000000364e+03
7.700000000000000000e+01 5.100199999999999818e+03
5.000000000000000000e+00 5.101850000000000364e+03
1.300000000000000000e+01 5.103750000000000000e+03
2.900000000000000000e+01 5.105550000000000182e+03
6.900000000000000000e+01 5.106100000000000364e+03
6.100000000000000000e+01 5.106150000000000546e+03
2.100000000000000000e+01 5.106400000000000546e+03
5.300000000000000000e+01 5.107449999999999818e+03
3.700000000000000000e+01 5.115350000000000364e+03
4.500000000000000000e+01 5.124900000000000546e+03
2.900000000000000000e+01 5.140800000000000182e+03
5.000000000000000000e+00 5.141150000000000546e+03
7.700000000000000000e+01 5.141150000000000546e+03
3.700000000000000000e+01 5.141949999999999818e+03
6.100000000000000000e+01 5.142449999999999818e+03
1.300000000000000000e+01 5.143000000000000000e+03
2.100000000000000000e+01 5.143600000000000364e+03
5.300000000000000000e+01 5.144199999999999818e+03
6.900000000000000000e+01 5.144699999999999818e+03
4.500000000000000000e+01 5.145449999999999818e+03
3.700000000000000000e+01 5.172150000000000546e+03
5.300000000000000000e+01 5.174100000000000364e+03
6.100000000000000000e+01 5.175100000000000364e+03
7.700000000000000000e+01 5.175400000000000546e+03
1.300000000000000000e+01 5.175550000000000182e+03
5.000000000000000000e+00 5.176449999999999818e+03
2.100000000000000000e+01 5.176449999999999818e+03
4.500000000000000000e+01 5.176500000000000000e+03
6.900000000000000000e+01 5.177400000000000546e+03
2.900000000000000000e+01 5.177699999999999818e+03
4.500000000000000000e+01 5.204199999999999818e+03
7.700000000000000000e+01 5.208600000000000364e+03
3.700000000000000000e+01 5.208850000000000364e+03
5.300000000000000000e+01 5.209650000000000546e+03
1.300000000000000000e+01 5.210050000000000182e+03
6.900000000000000000e+01 5.211150000000000546e+03
2.900000000000000000e+01 5.211500000000000000e+03
2.100000000000000000e+01 5.211699999999999818e+03
5.000000000000000000e+00 5.212050000000000182e+03
6.100000000000000000e+01 5.212650000000000546e+03
4.500000000000000000e+01 5.239250000000000000e+03
2.100000000000000000e+01 5.239500000000000000e+03
1.300000000000000000e+01 5.241100000000000364e+03
6.900000000000000000e+01 5.241550000000000182e+03
5.300000000000000000e+01 5.241800000000000182e+03
7.700000000000000000e+01 5.241900000000000546e+03
5.000000000000000000e+00 5.241949999999999818e+03
3.700000000000000000e+01 5.242350000000000364e+03
2.900000000000000000e+01 5.243500000000000000e+03
6.100000000000000000e+01 5.244199999999999818e+03
2.100000000000000000e+01 5.269400000000000546e+03
5.000000000000000000e+00 5.271350000000000364e+03
3.700000000000000000e+01 5.272000000000000000e+03
4.500000000000000000e+01 5.273199999999999818e+03
5.300000000000000000e+01 5.273750000000000000e+03
2.900000000000000000e+01 5.274050000000000182e+03
6.900000000000000000e+01 5.274400000000000546e+03
1.300000000000000000e+01 5.275400000000000546e+03
7.700000000000000000e+01 5.275600000000000364e+03
6.100000000000000000e+01 5.275850000000000364e+03
2.100000000000000000e+01 5.294100000000000364e+03
6.100000000000000000e+01 5.304000000000000000e+03
4.500000000000000000e+01 5.304150000000000546e+03
2.900000000000000000e+01 5.304850000000000364e+03
3.700000000000000000e+01 5.306000000000000000e+03
5.000000000000000000e+00 5.307800000000000182e+03
5.300000000000000000e+01 5.307750000000000000e+03
6.900000000000000000e+01 5.308050000000000182e+03
1.300000000000000000e+01 5.308449999999999818e+03
7.700000000000000000e+01 5.309949999999999818e+03
2.100000000000000000e+01 5.331900000000000546e+03
6.100000000000000000e+01 5.333750000000000000e+03
6.900000000000000000e+01 5.335750000000000000e+03
2.900000000000000000e+01 5.336000000000000000e+03
4.500000000000000000e+01 5.337350000000000364e+03
5.000000000000000000e+00 5.337550000000000182e+03
5.300000000000000000e+01 5.337550000000000182e+03
1.300000000000000000e+01 5.338350000000000364e+03
7.700000000000000000e+01 5.338350000000000364e+03
3.700000000000000000e+01 5.338900000000000546e+03
2.900000000000000000e+01 5.362699999999999818e+03
2.100000000000000000e+01 5.363449999999999818e+03
6.900000000000000000e+01 5.365900000000000546e+03
1.300000000000000000e+01 5.366150000000000546e+03
7.700000000000000000e+01 5.368000000000000000e+03
5.300000000000000000e+01 5.369250000000000000e+03
6.100000000000000000e+01 5.369250000000000000e+03
4.500000000000000000e+01 5.369650000000000546e+03
3.700000000000000000e+01 5.371050000000000182e+03
5.000000000000000000e+00 5.371900000000000546e+03
1.300000000000000000e+01 5.396850000000000364e+03
2.100000000000000000e+01 5.399949999999999818e+03
7.700000000000000000e+01 5.400199999999999818e+03
5.300000000000000000e+01 5.401350000000000364e+03
5.000000000000000000e+00 5.401900000000000546e+03
6.100000000000000000e+01 5.401850000000000364e+03
2.900000000000000000e+01 5.402050000000000182e+03
4.500000000000000000e+01 5.402050000000000182e+03
6.900000000000000000e+01 5.402250000000000000e+03
3.700000000000000000e+01 5.403800000000000182e+03
2.900000000000000000e+01 5.426250000000000000e+03
7.700000000000000000e+01 5.426650000000000546e+03
2.100000000000000000e+01 5.427350000000000364e+03
1.300000000000000000e+01 5.428350000000000364e+03
5.000000000000000000e+00 5.429750000000000000e+03
5.300000000000000000e+01 5.431800000000000182e+03
4.500000000000000000e+01 5.435300000000000182e+03
6.900000000000000000e+01 5.435500000000000000e+03
3.700000000000000000e+01 5.436250000000000000e+03
6.100000000000000000e+01 5.436400000000000546e+03
7.700000000000000000e+01 5.458800000000000182e+03
5.000000000000000000e+00 5.461100000000000364e+03
1.300000000000000000e+01 5.461100000000000364e+03
2.900000000000000000e+01 5.463199999999999818e+03
2.100000000000000000e+01 5.464699999999999818e+03
6.900000000000000000e+01 5.465350000000000364e+03
4.500000000000000000e+01 5.465449999999999818e+03
3.700000000000000000e+01 5.465600000000000364e+03
6.100000000000000000e+01 5.466350000000000364e+03
5.300000000000000000e+01 5.466600000000000364e+03
1.300000000000000000e+01 5.487900000000000546e+03
5.000000000000000000e+00 5.491050000000000182e+03
7.700000000000000000e+01 5.491050000000000182e+03
5.300000000000000000e+01 5.492100000000000364e+03
3.700000000000000000e+01 5.492449999999999818e+03
2.900000000000000000e+01 5.494000000000000000e+03
6.100000000000000000e+01 5.494350000000000364e+03
6.900000000000000000e+01 5.494500000000000000e+03
4.500000000000000000e+01 5.494900000000000546e+03
2.100000000000000000e+01 5.495100000000000364e+03
1.300000000000000000e+01 5.516850000000000364e+03
5.000000000000000000e+00 5.521250000000000000e+03
7.700000000000000000e+01 5.522000000000000000e+03
5.300000000000000000e+01 5.522850000000000364e+03
3.700000000000000000e+01 5.523750000000000000e+03
2.900000000000000000e+01 5.524300000000000182e+03
4.500000000000000000e+01 5.524400000000000546e+03
6.100000000000000000e+01 5.525500000000000000e+03
2.100000000000000000e+01 5.526350000000000364e+03
6.900000000000000000e+01 5.526750000000000000e+03
1.300000000000000000e+01 5.549250000000000000e+03
5.000000000000000000e+00 5.552750000000000000e+03
5.300000000000000000e+01 5.552750000000000000e+03
6.900000000000000000e+01 5.552750000000000000e+03
3.700000000000000000e+01 5.553500000000000000e+03
2.100000000000000000e+01 5.553699999999999818e+03
7.700000000000000000e+01 5.553800000000000182e+03
2.900000000000000000e+01 5.553850000000000364e+03
4.500000000000000000e+01 5.554800000000000182e+03
6.100000000000000000e+01 5.554900000000000546e+03
5.000000000000000000e+00 5.573650000000000546e+03
4.500000000000000000e+01 5.575300000000000182e+03
1.300000000000000000e+01 5.579100000000000364e+03
6.900000000000000000e+01 5.580449999999999818e+03
2.900000000000000000e+01 5.582100000000000364e+03
7.700000000000000000e+01 5.582150000000000546e+03
3.700000000000000000e+01 5.582350000000000364e+03
2.100000000000000000e+01 5.582949999999999818e+03
5.300000000000000000e+01 5.583550000000000182e+03
6.100000000000000000e+01 5.584350000000000364e+03
6.900000000000000000e+01 5.603650000000000546e+03
4.500000000000000000e+01 5.608400000000000546e+03
3.700000000000000000e+01 5.609050000000000182e+03
7.700000000000000000e+01 5.609050000000000182e+03
5.000000000000000000e+00 5.612900000000000546e+03
1.300000000000000000e+01 5.612850000000000364e+03
2.100000000000000000e+01 5.613400000000000546e+03
5.300000000000000000e+01 5.613449999999999818e+03
2.900000000000000000e+01 5.614100000000000364e+03
6.100000000000000000e+01 5.614650000000000546e+03
6.900000000000000000e+01 5.617650000000000546e+03
7.700000000000000000e+01 5.642800000000000182e+03
2.100000000000000000e+01 5.644250000000000000e+03
6.100000000000000000e+01 5.644250000000000000e+03
1.300000000000000000e+01 5.645650000000000546e+03
3.700000000000000000e+01 5.645699999999999818e+03
5.000000000000000000e+00 5.645800000000000182e+03
4.500000000000000000e+01 5.646100000000000364e+03
5.300000000000000000e+01 5.646650000000000546e+03
6.900000000000000000e+01 5.647199999999999818e+03
2.900000000000000000e+01 5.647449999999999818e+03
6.100000000000000000e+01 5.669900000000000546e+03
7.700000000000000000e+01 5.671699999999999818e+03
2.100000000000000000e+01 5.671800000000000182e+03
1.300000000000000000e+01 5.674100000000000364e+03
5.000000000000000000e+00 5.675250000000000000e+03
2.900000000000000000e+01 5.676199999999999818e+03
4.500000000000000000e+01 5.676400000000000546e+03
3.700000000000000000e+01 5.676550000000000182e+03
5.300000000000000000e+01 5.676600000000000364e+03
6.900000000000000000e+01 5.676550000000000182e+03
5.000000000000000000e+00 5.702699999999999818e+03
2.100000000000000000e+01 5.704100000000000364e+03
6.100000000000000000e+01 5.704750000000000000e+03
5.300000000000000000e+01 5.705050000000000182e+03
6.900000000000000000e+01 5.705199999999999818e+03
2.900000000000000000e+01 5.705300000000000182e+03
7.700000000000000000e+01 5.706000000000000000e+03
1.300000000000000000e+01 5.706050000000000182e+03
4.500000000000000000e+01 5.706150000000000546e+03
3.700000000000000000e+01 5.708250000000000000e+03
5.300000000000000000e+01 5.731350000000000364e+03
5.000000000000000000e+00 5.733900000000000546e+03
2.900000000000000000e+01 5.737449999999999818e+03
3.700000000000000000e+01 5.737800000000000182e+03
6.100000000000000000e+01 5.737850000000000364e+03
4.500000000000000000e+01 5.738199999999999818e+03
6.900000000000000000e+01 5.738300000000000182e+03
7.700000000000000000e+01 5.738350000000000364e+03
2.100000000000000000e+01 5.738699999999999818e+03
1.300000000000000000e+01 5.738850000000000364e+03
5.300000000000000000e+01 5.760250000000000000e+03
6.900000000000000000e+01 5.764100000000000364e+03
3.700000000000000000e+01 5.765750000000000000e+03
5.000000000000000000e+00 5.766600000000000364e+03
7.700000000000000000e+01 5.767350000000000364e+03
4.500000000000000000e+01 5.767550000000000182e+03
2.100000000000000000e+01 5.767750000000000000e+03
2.900000000000000000e+01 5.768050000000000182e+03
1.300000000000000000e+01 5.768449999999999818e+03
6.100000000000000000e+01 5.768500000000000000e+03
5.300000000000000000e+01 5.787250000000000000e+03
6.900000000000000000e+01 5.792250000000000000e+03
6.100000000000000000e+01 5.793800000000000182e+03
3.700000000000000000e+01 5.796350000000000364e+03
2.100000000000000000e+01 5.796699999999999818e+03
2.900000000000000000e+01 5.796750000000000000e+03
5.000000000000000000e+00 5.797199999999999818e+03
4.500000000000000000e+01 5.797250000000000000e+03
7.700000000000000000e+01 5.797400000000000546e+03
1.300000000000000000e+01 5.798050000000000182e+03
5.300000000000000000e+01 5.812850000000000364e+03
6.900000000000000000e+01 5.821100000000000364e+03
6.100000000000000000e+01 5.822449999999999818e+03
4.500000000000000000e+01 5.823750000000000000e+03
7.700000000000000000e+01 5.824900000000000546e+03
2.100000000000000000e+01 5.826050000000000182e+03
1.300000000000000000e+01 5.826449999999999818e+03
2.900000000000000000e+01 5.826550000000000182e+03
5.000000000000000000e+00 5.826699999999999818e+03
3.700000000000000000e+01 5.826900000000000546e+03
5.300000000000000000e+01 5.829850000000000364e+03
6.900000000000000000e+01 5.847400000000000546e+03
4.500000000000000000e+01 5.851000000000000000e+03
3.700000000000000000e+01 5.851699999999999818e+03
6.100000000000000000e+01 5.851750000000000000e+03
2.100000000000000000e+01 5.853199999999999818e+03
2.900000000000000000e+01 5.853449999999999818e+03
5.000000000000000000e+00 5.853699999999999818e+03
1.300000000000000000e+01 5.854050000000000182e+03
5.300000000000000000e+01 5.854550000000000182e+03
7.700000000000000000e+01 5.854699999999999818e+03
3.700000000000000000e+01 5.883000000000000000e+03
4.500000000000000000e+01 5.883800000000000182e+03
2.900000000000000000e+01 5.884000000000000000e+03
7.700000000000000000e+01 5.884250000000000000e+03
2.100000000000000000e+01 5.884500000000000000e+03
1.300000000000000000e+01 5.884949999999999818e+03
6.100000000000000000e+01 5.884949999999999818e+03
5.000000000000000000e+00 5.885699999999999818e+03
5.300000000000000000e+01 5.885650000000000546e+03
6.900000000000000000e+01 5.886100000000000364e+03
7.700000000000000000e+01 5.912449999999999818e+03
2.900000000000000000e+01 5.913400000000000546e+03
5.000000000000000000e+00 5.913650000000000546e+03
1.300000000000000000e+01 5.914699999999999818e+03
3.700000000000000000e+01 5.914699999999999818e+03
5.300000000000000000e+01 5.915199999999999818e+03
2.100000000000000000e+01 5.915500000000000000e+03
6.100000000000000000e+01 5.915900000000000546e+03
4.500000000000000000e+01 5.916000000000000000e+03
6.900000000000000000e+01 5.916199999999999818e+03
7.700000000000000000e+01 5.943050000000000182e+03
2.100000000000000000e+01 5.945449999999999818e+03
2.900000000000000000e+01 5.945800000000000182e+03
6.100000000000000000e+01 5.946500000000000000e+03
5.000000000000000000e+00 5.946900000000000546e+03
1.300000000000000000e+01 5.947100000000000364e+03
3.700000000000000000e+01 5.947100000000000364e+03
4.500000000000000000e+01 5.947150000000000546e+03
5.300000000000000000e+01 5.947550000000000182e+03
6.900000000000000000e+01 5.947550000000000182e+03
7.700000000000000000e+01 5.969000000000000000e+03
4.500000000000000000e+01 5.973550000000000182e+03
2.900000000000000000e+01 5.973650000000000546e+03
3.700000000000000000e+01 5.974400000000000546e+03
2.100000000000000000e+01 5.974750000000000000e+03
5.000000000000000000e+00 5.975350000000000364e+03
5.300000000000000000e+01 5.976100000000000364e+03
1.300000000000000000e+01 5.977550000000000182e+03
6.100000000000000000e+01 5.977550000000000182e+03
6.900000000000000000e+01 5.977850000000000364e+03
5.000000000000000000e+00 5.996500000000000000e+03
4.500000000000000000e+01 6.345600000000000364e+03
3.700000000000000000e+01 6.351350000000000364e+03
2.100000000000000000e+01 6.355000000000000000e+03
5.000000000000000000e+00 6.356350000000000364e+03
5.300000000000000000e+01 6.396350000000000364e+03
6.900000000000000000e+01 6.396699999999999818e+03
6.100000000000000000e+01 6.398050000000000182e+03
2.900000000000000000e+01 6.465050000000000182e+03
3.700000000000000000e+01 6.467050000000000182e+03
2.100000000000000000e+01 6.477800000000000182e+03
6.100000000000000000e+01 6.481050000000000182e+03
1.300000000000000000e+01 6.483650000000000546e+03
4.500000000000000000e+01 6.484699999999999818e+03
5.300000000000000000e+01 6.484750000000000000e+03
6.900000000000000000e+01 6.485350000000000364e+03
5.000000000000000000e+00 6.485650000000000546e+03
7.700000000000000000e+01 6.485750000000000000e+03
3.700000000000000000e+01 6.487699999999999818e+03
2.900000000000000000e+01 6.489600000000000364e+03
3.700000000000000000e+01 6.707500000000000000e+03
6.900000000000000000e+01 6.740900000000000546e+03
2.100000000000000000e+01 6.777850000000000364e+03
6.100000000000000000e+01 6.778550000000000182e+03
5.000000000000000000e+00 6.779900000000000546e+03
1.300000000000000000e+01 6.781750000000000000e+03
2.900000000000000000e+01 6.782850000000000364e+03
3.700000000000000000e+01 6.783199999999999818e+03
5.300000000000000000e+01 6.783850000000000364e+03
4.500000000000000000e+01 6.785150000000000546e+03
7.700000000000000000e+01 6.785350000000000364e+03
6.900000000000000000e+01 6.785650000000000546e+03
7.700000000000000000e+01 6.917300000000000182e+03
5.000000000000000000e+00 7.544000000000000000e+03
5.000000000000000000e+00 7.600250000000000000e+03
1.300000000000000000e+01 8.005150000000000546e+03
6.900000000000000000e+01 8.006500000000000000e+03
2.100000000000000000e+01 8.437549999999999272e+03
3.700000000000000000e+01 1.003805000000000109e+04
7.700000000000000000e+01 1.015060000000000036e+04
4.500000000000000000e+01 1.015475000000000000e+04
1.300000000000000000e+01 1.015925000000000000e+04
5.000000000000000000e+00 1.016095000000000073e+04
5.300000000000000000e+01 1.016130000000000109e+04
2.900000000000000000e+01 1.016350000000000000e+04
6.900000000000000000e+01 1.016364999999999964e+04
3.700000000000000000e+01 1.016380000000000109e+04
2.100000000000000000e+01 1.016400000000000000e+04
6.100000000000000000e+01 1.016400000000000000e+04
2.100000000000000000e+01 1.038210000000000036e+04
5.300000000000000000e+01 1.039470000000000073e+04
1.300000000000000000e+01 1.040664999999999964e+04
4.500000000000000000e+01 1.044375000000000000e+04
6.900000000000000000e+01 1.051855000000000109e+04
2.100000000000000000e+01 1.055814999999999964e+04
3.700000000000000000e+01 1.068425000000000000e+04
6.100000000000000000e+01 1.071125000000000000e+04
6.900000000000000000e+01 1.073775000000000000e+04
3.700000000000000000e+01 1.074075000000000000e+04
1.300000000000000000e+01 1.076314999999999964e+04
5.300000000000000000e+01 1.076370000000000073e+04
7.700000000000000000e+01 1.076420000000000073e+04
5.000000000000000000e+00 1.076489999999999964e+04
4.500000000000000000e+01 1.076495000000000073e+04
2.900000000000000000e+01 1.076510000000000036e+04
6.100000000000000000e+01 1.076530000000000109e+04
2.100000000000000000e+01 1.076535000000000036e+04
6.900000000000000000e+01 1.076575000000000000e+04
3.700000000000000000e+01 1.076664999999999964e+04
6.900000000000000000e+01 1.092464999999999964e+04
2.100000000000000000e+01 1.115820000000000073e+04
4.500000000000000000e+01 1.144535000000000036e+04
5.300000000000000000e+01 1.147885000000000036e+04
5.000000000000000000e+00 1.181960000000000036e+04
6.100000000000000000e+01 1.198855000000000109e+04
7.700000000000000000e+01 1.219605000000000109e+04
2.100000000000000000e+01 1.223930000000000109e+04
5.000000000000000000e+00 1.301164999999999964e+04
5.000000000000000000e+00 1.415025000000000000e+04
4.500000000000000000e+01 1.415885000000000036e+04
6.100000000000000000e+01 1.416910000000000036e+04
6.100000000000000000e+01 1.449289999999999964e+04
2.900000000000000000e+01 1.450705000000000109e+04
6.900000000000000000e+01 1.457645000000000073e+04
6.100000000000000000e+01 1.479450000000000000e+04
1.300000000000000000e+01 1.489875000000000000e+04
4.500000000000000000e+01 1.490189999999999964e+04
3.700000000000000000e+01 1.490389999999999964e+04
6.100000000000000000e+01 1.491125000000000000e+04
6.900000000000000000e+01 1.491235000000000036e+04
2.900000000000000000e+01 1.491250000000000000e+04
2.100000000000000000e+01 1.491514999999999964e+04
7.700000000000000000e+01 1.491545000000000073e+04
5.000000000000000000e+00 1.491620000000000073e+04
5.300000000000000000e+01 1.491635000000000036e+04
5.000000000000000000e+00 1.555725000000000000e+04
2.900000000000000000e+01 1.595180000000000109e+04
4.500000000000000000e+01 1.621030000000000109e+04
3.700000000000000000e+01 1.622785000000000036e+04
6.100000000000000000e+01 1.822540000000000146e+04
2.100000000000000000e+01 1.826100000000000000e+04
6.900000000000000000e+01 1.847835000000000218e+04
6.100000000000000000e+01 1.847904999999999927e+04
5.300000000000000000e+01 1.848160000000000218e+04
2.900000000000000000e+01 1.848285000000000218e+04
2.100000000000000000e+01 1.848440000000000146e+04
1.300000000000000000e+01 1.848465000000000146e+04
4.500000000000000000e+01 1.848610000000000218e+04
5.000000000000000000e+00 1.848620000000000073e+04
7.700000000000000000e+01 1.848690000000000146e+04
3.700000000000000000e+01 1.848720000000000073e+04
5.000000000000000000e+00 1.878635000000000218e+04
2.900000000000000000e+01 1.881275000000000000e+04
3.700000000000000000e+01 1.881925000000000000e+04
6.900000000000000000e+01 1.899040000000000146e+04
5.000000000000000000e+00 1.910454999999999927e+04
5.000000000000000000e+00 1.935885000000000218e+04
7.700000000000000000e+01 1.945240000000000146e+04
6.900000000000000000e+01 1.971950000000000000e+04
6.100000000000000000e+01 1.972600000000000000e+04
5.300000000000000000e+01 1.975385000000000218e+04
5.000000000000000000e+00 1.993329999999999927e+04
6.900000000000000000e+01 2.015629999999999927e+04
1.300000000000000000e+01 2.218560000000000218e+04
6.100000000000000000e+01 2.239650000000000000e+04
6.900000000000000000e+01 2.256354999999999927e+04
3.700000000000000000e+01 2.264104999999999927e+04
6.900000000000000000e+01 2.276240000000000146e+04
1.300000000000000000e+01 2.278500000000000000e+04
5.300000000000000000e+01 2.278975000000000000e+04
5.300000000000000000e+01 2.294104999999999927e+04
6.900000000000000000e+01 2.296795000000000073e+04
4.500000000000000000e+01 2.297350000000000000e+04
7.000000000000000000e+01 3.415500000000000114e+02
7.800000000000000000e+01 5.267000000000000455e+02
7.000000000000000000e+01 7.462500000000000000e+02
7.800000000000000000e+01 8.764500000000000455e+02
6.000000000000000000e+00 9.132500000000000000e+02
2.200000000000000000e+01 1.447250000000000000e+03
5.400000000000000000e+01 1.662600000000000136e+03
6.000000000000000000e+00 1.965299999999999955e+03
7.000000000000000000e+01 2.047250000000000000e+03
7.800000000000000000e+01 2.126300000000000182e+03
6.000000000000000000e+00 2.341300000000000182e+03
3.000000000000000000e+01 2.574700000000000273e+03
2.200000000000000000e+01 2.696099999999999909e+03
2.200000000000000000e+01 2.968500000000000000e+03
7.800000000000000000e+01 3.014599999999999909e+03
6.200000000000000000e+01 3.015650000000000091e+03
4.600000000000000000e+01 3.018099999999999909e+03
6.000000000000000000e+00 3.022700000000000273e+03
3.000000000000000000e+01 3.030599999999999909e+03
1.400000000000000000e+01 3.040750000000000000e+03
3.800000000000000000e+01 3.045099999999999909e+03
2.200000000000000000e+01 3.051099999999999909e+03
7.800000000000000000e+01 3.077200000000000273e+03
1.400000000000000000e+01 3.094599999999999909e+03
2.200000000000000000e+01 3.104300000000000182e+03
6.000000000000000000e+00 3.108650000000000091e+03
3.000000000000000000e+01 3.119150000000000091e+03
5.400000000000000000e+01 3.126150000000000091e+03
3.800000000000000000e+01 3.127300000000000182e+03
7.800000000000000000e+01 3.129400000000000091e+03
7.000000000000000000e+01 3.135099999999999909e+03
6.200000000000000000e+01 3.143750000000000000e+03
2.200000000000000000e+01 3.157849999999999909e+03
4.600000000000000000e+01 3.166050000000000182e+03
3.800000000000000000e+01 3.177450000000000273e+03
4.600000000000000000e+01 3.200400000000000091e+03
7.000000000000000000e+01 3.203450000000000273e+03
6.200000000000000000e+01 3.207150000000000091e+03
6.000000000000000000e+00 3.208099999999999909e+03
1.400000000000000000e+01 3.217550000000000182e+03
2.200000000000000000e+01 3.218849999999999909e+03
7.800000000000000000e+01 3.229250000000000000e+03
3.000000000000000000e+01 3.234950000000000273e+03
1.400000000000000000e+01 3.245550000000000182e+03
7.000000000000000000e+01 3.254349999999999909e+03
5.400000000000000000e+01 3.255550000000000182e+03
6.000000000000000000e+00 3.261150000000000091e+03
2.200000000000000000e+01 3.268250000000000000e+03
3.800000000000000000e+01 3.269300000000000182e+03
4.600000000000000000e+01 3.274300000000000182e+03
6.200000000000000000e+01 3.287250000000000000e+03
1.400000000000000000e+01 3.287500000000000000e+03
3.000000000000000000e+01 3.294599999999999909e+03
7.800000000000000000e+01 3.295099999999999909e+03
5.400000000000000000e+01 3.312599999999999909e+03
6.000000000000000000e+00 3.327650000000000091e+03
1.400000000000000000e+01 3.333700000000000273e+03
7.000000000000000000e+01 3.334500000000000000e+03
2.200000000000000000e+01 3.345900000000000091e+03
6.200000000000000000e+01 3.348099999999999909e+03
5.400000000000000000e+01 3.359950000000000273e+03
7.800000000000000000e+01 3.386150000000000091e+03
3.800000000000000000e+01 3.386450000000000273e+03
2.200000000000000000e+01 3.388599999999999909e+03
3.000000000000000000e+01 3.389150000000000091e+03
4.600000000000000000e+01 3.400099999999999909e+03
1.400000000000000000e+01 3.407050000000000182e+03
7.800000000000000000e+01 3.414099999999999909e+03
6.000000000000000000e+00 3.442849999999999909e+03
4.600000000000000000e+01 3.446250000000000000e+03
5.400000000000000000e+01 3.449349999999999909e+03
3.000000000000000000e+01 3.452349999999999909e+03
3.800000000000000000e+01 3.458000000000000000e+03
2.200000000000000000e+01 3.458550000000000182e+03
6.200000000000000000e+01 3.459950000000000273e+03
7.000000000000000000e+01 3.463300000000000182e+03
1.400000000000000000e+01 3.466450000000000273e+03
3.000000000000000000e+01 3.482000000000000000e+03
6.000000000000000000e+00 3.488200000000000273e+03
6.200000000000000000e+01 3.498150000000000091e+03
7.800000000000000000e+01 3.501650000000000091e+03
5.400000000000000000e+01 3.525750000000000000e+03
1.400000000000000000e+01 3.530650000000000091e+03
3.800000000000000000e+01 3.533349999999999909e+03
7.000000000000000000e+01 3.535250000000000000e+03
3.000000000000000000e+01 3.538550000000000182e+03
6.200000000000000000e+01 3.541250000000000000e+03
6.000000000000000000e+00 3.553700000000000273e+03
2.200000000000000000e+01 3.571500000000000000e+03
6.200000000000000000e+01 3.579750000000000000e+03
4.600000000000000000e+01 3.580000000000000000e+03
1.400000000000000000e+01 3.583750000000000000e+03
3.800000000000000000e+01 3.584800000000000182e+03
3.000000000000000000e+01 3.584950000000000273e+03
7.800000000000000000e+01 3.602550000000000182e+03
6.200000000000000000e+01 3.620000000000000000e+03
5.400000000000000000e+01 3.623550000000000182e+03
6.000000000000000000e+00 3.636400000000000091e+03
1.400000000000000000e+01 3.641349999999999909e+03
3.000000000000000000e+01 3.643450000000000273e+03
4.600000000000000000e+01 3.645950000000000273e+03
3.800000000000000000e+01 3.648650000000000091e+03
7.000000000000000000e+01 3.648950000000000273e+03
2.200000000000000000e+01 3.655950000000000273e+03
6.200000000000000000e+01 3.672950000000000273e+03
7.800000000000000000e+01 3.674800000000000182e+03
5.400000000000000000e+01 3.679500000000000000e+03
3.800000000000000000e+01 3.691000000000000000e+03
7.000000000000000000e+01 3.692700000000000273e+03
4.600000000000000000e+01 3.693800000000000182e+03
1.400000000000000000e+01 3.705200000000000273e+03
2.200000000000000000e+01 3.708650000000000091e+03
3.000000000000000000e+01 3.712750000000000000e+03
6.000000000000000000e+00 3.719650000000000091e+03
5.400000000000000000e+01 3.719800000000000182e+03
6.200000000000000000e+01 3.727750000000000000e+03
7.800000000000000000e+01 3.730849999999999909e+03
4.600000000000000000e+01 3.741650000000000091e+03
7.000000000000000000e+01 3.750800000000000182e+03
3.800000000000000000e+01 3.751050000000000182e+03
2.200000000000000000e+01 3.756000000000000000e+03
1.400000000000000000e+01 3.770300000000000182e+03
7.800000000000000000e+01 3.771099999999999909e+03
6.000000000000000000e+00 3.772599999999999909e+03
6.200000000000000000e+01 3.774099999999999909e+03
5.400000000000000000e+01 3.783849999999999909e+03
4.600000000000000000e+01 3.793250000000000000e+03
1.400000000000000000e+01 3.798450000000000273e+03
2.200000000000000000e+01 3.799800000000000182e+03
7.000000000000000000e+01 3.811250000000000000e+03
3.000000000000000000e+01 3.816500000000000000e+03
6.200000000000000000e+01 3.820849999999999909e+03
2.200000000000000000e+01 3.839800000000000182e+03
5.400000000000000000e+01 3.841099999999999909e+03
4.600000000000000000e+01 3.845650000000000091e+03
3.000000000000000000e+01 3.853250000000000000e+03
6.000000000000000000e+00 3.856099999999999909e+03
7.800000000000000000e+01 3.858099999999999909e+03
7.000000000000000000e+01 3.875800000000000182e+03
1.400000000000000000e+01 3.880550000000000182e+03
3.800000000000000000e+01 3.888050000000000182e+03
2.200000000000000000e+01 3.889700000000000273e+03
4.600000000000000000e+01 3.896650000000000091e+03
6.200000000000000000e+01 3.901150000000000091e+03
5.400000000000000000e+01 3.904599999999999909e+03
7.800000000000000000e+01 3.907500000000000000e+03
6.000000000000000000e+00 3.911700000000000273e+03
3.800000000000000000e+01 3.923050000000000182e+03
1.400000000000000000e+01 3.927450000000000273e+03
2.200000000000000000e+01 3.929200000000000273e+03
6.200000000000000000e+01 3.938250000000000000e+03
3.000000000000000000e+01 3.943599999999999909e+03
7.000000000000000000e+01 3.953099999999999909e+03
6.000000000000000000e+00 3.953450000000000273e+03
4.600000000000000000e+01 3.955800000000000182e+03
7.800000000000000000e+01 3.959950000000000273e+03
3.800000000000000000e+01 3.970800000000000182e+03
2.200000000000000000e+01 3.987050000000000182e+03
7.000000000000000000e+01 3.992250000000000000e+03
1.400000000000000000e+01 3.996700000000000273e+03
6.200000000000000000e+01 4.000849999999999909e+03
3.000000000000000000e+01 4.003450000000000273e+03
4.600000000000000000e+01 4.014650000000000091e+03
2.200000000000000000e+01 4.021950000000000273e+03
7.000000000000000000e+01 4.029700000000000273e+03
7.800000000000000000e+01 4.029750000000000000e+03
6.000000000000000000e+00 4.032650000000000091e+03
3.800000000000000000e+01 4.032849999999999909e+03
5.400000000000000000e+01 4.036800000000000182e+03
3.000000000000000000e+01 4.051300000000000182e+03
6.200000000000000000e+01 4.056700000000000273e+03
4.600000000000000000e+01 4.061200000000000273e+03
7.000000000000000000e+01 4.062900000000000091e+03
3.800000000000000000e+01 4.066349999999999909e+03
1.400000000000000000e+01 4.074599999999999909e+03
2.200000000000000000e+01 4.082849999999999909e+03
5.400000000000000000e+01 4.085750000000000000e+03
3.000000000000000000e+01 4.087800000000000182e+03
6.000000000000000000e+00 4.089500000000000000e+03
3.800000000000000000e+01 4.097500000000000000e+03
7.000000000000000000e+01 4.097800000000000182e+03
4.600000000000000000e+01 4.098649999999999636e+03
7.800000000000000000e+01 4.118399999999999636e+03
3.000000000000000000e+01 4.129100000000000364e+03
5.400000000000000000e+01 4.130649999999999636e+03
1.400000000000000000e+01 4.135199999999999818e+03
7.000000000000000000e+01 4.136250000000000000e+03
2.200000000000000000e+01 4.138300000000000182e+03
6.200000000000000000e+01 4.139949999999999818e+03
4.600000000000000000e+01 4.151649999999999636e+03
7.800000000000000000e+01 4.168949999999999818e+03
7.000000000000000000e+01 4.172500000000000000e+03
3.000000000000000000e+01 4.173199999999999818e+03
3.800000000000000000e+01 4.173800000000000182e+03
6.000000000000000000e+00 4.174050000000000182e+03
2.200000000000000000e+01 4.177399999999999636e+03
4.600000000000000000e+01 4.184750000000000000e+03
5.400000000000000000e+01 4.186300000000000182e+03
6.200000000000000000e+01 4.192699999999999818e+03
7.000000000000000000e+01 4.203699999999999818e+03
3.000000000000000000e+01 4.208350000000000364e+03
1.400000000000000000e+01 4.209850000000000364e+03
3.800000000000000000e+01 4.212000000000000000e+03
5.400000000000000000e+01 4.213149999999999636e+03
7.800000000000000000e+01 4.215300000000000182e+03
4.600000000000000000e+01 4.235300000000000182e+03
6.000000000000000000e+00 4.235850000000000364e+03
2.200000000000000000e+01 4.235850000000000364e+03
7.000000000000000000e+01 4.239949999999999818e+03
6.200000000000000000e+01 4.240399999999999636e+03
3.800000000000000000e+01 4.247600000000000364e+03
5.400000000000000000e+01 4.265050000000000182e+03
7.800000000000000000e+01 4.267399999999999636e+03
3.000000000000000000e+01 4.268699999999999818e+03
7.000000000000000000e+01 4.274850000000000364e+03
6.000000000000000000e+00 4.278050000000000182e+03
1.400000000000000000e+01 4.283449999999999818e+03
2.200000000000000000e+01 4.285350000000000364e+03
4.600000000000000000e+01 4.290449999999999818e+03
3.000000000000000000e+01 4.298199999999999818e+03
3.800000000000000000e+01 4.298699999999999818e+03
7.800000000000000000e+01 4.304399999999999636e+03
5.400000000000000000e+01 4.313550000000000182e+03
7.000000000000000000e+01 4.315050000000000182e+03
6.200000000000000000e+01 4.323399999999999636e+03
2.200000000000000000e+01 4.325800000000000182e+03
6.000000000000000000e+00 4.330399999999999636e+03
7.800000000000000000e+01 4.339850000000000364e+03
1.400000000000000000e+01 4.350800000000000182e+03
3.800000000000000000e+01 4.351399999999999636e+03
7.000000000000000000e+01 4.353550000000000182e+03
5.400000000000000000e+01 4.360649999999999636e+03
6.000000000000000000e+00 4.364800000000000182e+03
3.000000000000000000e+01 4.365050000000000182e+03
4.600000000000000000e+01 4.366050000000000182e+03
7.800000000000000000e+01 4.381949999999999818e+03
2.200000000000000000e+01 4.383250000000000000e+03
7.000000000000000000e+01 4.390600000000000364e+03
3.800000000000000000e+01 4.393600000000000364e+03
5.400000000000000000e+01 4.396449999999999818e+03
1.400000000000000000e+01 4.397000000000000000e+03
6.200000000000000000e+01 4.409199999999999818e+03
6.000000000000000000e+00 4.416900000000000546e+03
2.200000000000000000e+01 4.420600000000000364e+03
7.000000000000000000e+01 4.424699999999999818e+03
4.600000000000000000e+01 4.426100000000000364e+03
5.400000000000000000e+01 4.430050000000000182e+03
3.000000000000000000e+01 4.433650000000000546e+03
3.800000000000000000e+01 4.445350000000000364e+03
1.400000000000000000e+01 4.450300000000000182e+03
7.000000000000000000e+01 4.454900000000000546e+03
6.200000000000000000e+01 4.455250000000000000e+03
7.800000000000000000e+01 4.455699999999999818e+03
2.200000000000000000e+01 4.456500000000000000e+03
5.400000000000000000e+01 4.468150000000000546e+03
3.800000000000000000e+01 4.476949999999999818e+03
3.000000000000000000e+01 4.490199999999999818e+03
7.800000000000000000e+01 4.492300000000000182e+03
6.000000000000000000e+00 4.493100000000000364e+03
7.000000000000000000e+01 4.495150000000000546e+03
1.400000000000000000e+01 4.496650000000000546e+03
4.600000000000000000e+01 4.496800000000000182e+03
5.400000000000000000e+01 4.496900000000000546e+03
6.200000000000000000e+01 4.499600000000000364e+03
2.200000000000000000e+01 4.515050000000000182e+03
7.000000000000000000e+01 4.525449999999999818e+03
6.000000000000000000e+00 4.527800000000000182e+03
1.400000000000000000e+01 4.528350000000000364e+03
3.000000000000000000e+01 4.528500000000000000e+03
5.400000000000000000e+01 4.529100000000000364e+03
7.800000000000000000e+01 4.538449999999999818e+03
3.800000000000000000e+01 4.544050000000000182e+03
6.200000000000000000e+01 4.544949999999999818e+03
2.200000000000000000e+01 4.547750000000000000e+03
5.400000000000000000e+01 4.558300000000000182e+03
6.000000000000000000e+00 4.571699999999999818e+03
7.000000000000000000e+01 4.573850000000000364e+03
7.800000000000000000e+01 4.573850000000000364e+03
3.000000000000000000e+01 4.574300000000000182e+03
2.200000000000000000e+01 4.574949999999999818e+03
3.800000000000000000e+01 4.575400000000000546e+03
6.200000000000000000e+01 4.596400000000000546e+03
5.400000000000000000e+01 4.596600000000000364e+03
4.600000000000000000e+01 4.597800000000000182e+03
1.400000000000000000e+01 4.600100000000000364e+03
2.200000000000000000e+01 4.604199999999999818e+03
7.000000000000000000e+01 4.610400000000000546e+03
3.000000000000000000e+01 4.614850000000000364e+03
6.000000000000000000e+00 4.620449999999999818e+03
7.800000000000000000e+01 4.623250000000000000e+03
5.400000000000000000e+01 4.629250000000000000e+03
1.400000000000000000e+01 4.631250000000000000e+03
4.600000000000000000e+01 4.636400000000000546e+03
3.800000000000000000e+01 4.638800000000000182e+03
3.000000000000000000e+01 4.645650000000000546e+03
2.200000000000000000e+01 4.650800000000000182e+03
7.000000000000000000e+01 4.653500000000000000e+03
5.400000000000000000e+01 4.658199999999999818e+03
6.000000000000000000e+00 4.663100000000000364e+03
4.600000000000000000e+01 4.675100000000000364e+03
1.400000000000000000e+01 4.679449999999999818e+03
3.000000000000000000e+01 4.679600000000000364e+03
3.800000000000000000e+01 4.679699999999999818e+03
7.800000000000000000e+01 4.682350000000000364e+03
6.200000000000000000e+01 4.686100000000000364e+03
7.000000000000000000e+01 4.689850000000000364e+03
5.400000000000000000e+01 4.690699999999999818e+03
1.400000000000000000e+01 4.710100000000000364e+03
6.200000000000000000e+01 4.710900000000000546e+03
2.200000000000000000e+01 4.711400000000000546e+03
7.800000000000000000e+01 4.716000000000000000e+03
4.600000000000000000e+01 4.716100000000000364e+03
6.000000000000000000e+00 4.717199999999999818e+03
3.800000000000000000e+01 4.720650000000000546e+03
7.000000000000000000e+01 4.729050000000000182e+03
5.400000000000000000e+01 4.729750000000000000e+03
1.400000000000000000e+01 4.742900000000000546e+03
3.000000000000000000e+01 4.744250000000000000e+03
2.200000000000000000e+01 4.746250000000000000e+03
4.600000000000000000e+01 4.750150000000000546e+03
6.000000000000000000e+00 4.755100000000000364e+03
6.200000000000000000e+01 4.759400000000000546e+03
7.800000000000000000e+01 4.759900000000000546e+03
3.800000000000000000e+01 4.763250000000000000e+03
1.400000000000000000e+01 4.764800000000000182e+03
2.200000000000000000e+01 4.769350000000000364e+03
5.400000000000000000e+01 4.774650000000000546e+03
7.000000000000000000e+01 4.777449999999999818e+03
4.600000000000000000e+01 4.783199999999999818e+03
6.200000000000000000e+01 4.784550000000000182e+03
7.800000000000000000e+01 4.786750000000000000e+03
3.000000000000000000e+01 4.789250000000000000e+03
6.000000000000000000e+00 4.793699999999999818e+03
2.200000000000000000e+01 4.795449999999999818e+03
1.400000000000000000e+01 4.796949999999999818e+03
5.400000000000000000e+01 4.799250000000000000e+03
3.800000000000000000e+01 4.803949999999999818e+03
7.800000000000000000e+01 4.816850000000000364e+03
6.200000000000000000e+01 4.821699999999999818e+03
4.600000000000000000e+01 4.822699999999999818e+03
5.400000000000000000e+01 4.827300000000000182e+03
6.000000000000000000e+00 4.828350000000000364e+03
2.200000000000000000e+01 4.828750000000000000e+03
3.000000000000000000e+01 4.828949999999999818e+03
7.000000000000000000e+01 4.830150000000000546e+03
1.400000000000000000e+01 4.831900000000000546e+03
3.800000000000000000e+01 4.833100000000000364e+03
7.800000000000000000e+01 4.846500000000000000e+03
5.400000000000000000e+01 4.859500000000000000e+03
6.000000000000000000e+00 4.859750000000000000e+03
7.000000000000000000e+01 4.861199999999999818e+03
2.200000000000000000e+01 4.863199999999999818e+03
3.800000000000000000e+01 4.863949999999999818e+03
1.400000000000000000e+01 4.864650000000000546e+03
3.000000000000000000e+01 4.864650000000000546e+03
6.200000000000000000e+01 4.868699999999999818e+03
7.800000000000000000e+01 4.874900000000000546e+03
4.600000000000000000e+01 4.875400000000000546e+03
6.000000000000000000e+00 4.882650000000000546e+03
1.400000000000000000e+01 4.891600000000000364e+03
5.400000000000000000e+01 4.893550000000000182e+03
7.000000000000000000e+01 4.893600000000000364e+03
2.200000000000000000e+01 4.894800000000000182e+03
3.000000000000000000e+01 4.895699999999999818e+03
3.800000000000000000e+01 4.899100000000000364e+03
6.200000000000000000e+01 4.899600000000000364e+03
7.800000000000000000e+01 4.901300000000000182e+03
4.600000000000000000e+01 4.902750000000000000e+03
6.000000000000000000e+00 4.908300000000000182e+03
2.200000000000000000e+01 4.919600000000000364e+03
5.400000000000000000e+01 4.922699999999999818e+03
6.200000000000000000e+01 4.928600000000000364e+03
7.000000000000000000e+01 4.932500000000000000e+03
1.400000000000000000e+01 4.934250000000000000e+03
3.000000000000000000e+01 4.934850000000000364e+03
3.800000000000000000e+01 4.935350000000000364e+03
6.000000000000000000e+00 4.935900000000000546e+03
7.800000000000000000e+01 4.936050000000000182e+03
4.600000000000000000e+01 4.936400000000000546e+03
2.200000000000000000e+01 4.945800000000000182e+03
6.200000000000000000e+01 4.956050000000000182e+03
1.400000000000000000e+01 4.962100000000000364e+03
3.000000000000000000e+01 4.964000000000000000e+03
7.000000000000000000e+01 4.966500000000000000e+03
5.400000000000000000e+01 4.966850000000000364e+03
3.800000000000000000e+01 4.967000000000000000e+03
6.000000000000000000e+00 4.967500000000000000e+03
4.600000000000000000e+01 4.967500000000000000e+03
2.200000000000000000e+01 4.970300000000000182e+03
7.800000000000000000e+01 4.970699999999999818e+03
6.200000000000000000e+01 4.986750000000000000e+03
2.200000000000000000e+01 4.998050000000000182e+03
1.400000000000000000e+01 5.001199999999999818e+03
3.000000000000000000e+01 5.002199999999999818e+03
3.800000000000000000e+01 5.002699999999999818e+03
6.000000000000000000e+00 5.003100000000000364e+03
7.000000000000000000e+01 5.003100000000000364e+03
7.800000000000000000e+01 5.003449999999999818e+03
4.600000000000000000e+01 5.004300000000000182e+03
5.400000000000000000e+01 5.004300000000000182e+03
6.200000000000000000e+01 5.015600000000000364e+03
3.000000000000000000e+01 5.033949999999999818e+03
2.200000000000000000e+01 5.035800000000000182e+03
1.400000000000000000e+01 5.038050000000000182e+03
6.000000000000000000e+00 5.039900000000000546e+03
7.000000000000000000e+01 5.040500000000000000e+03
4.600000000000000000e+01 5.040850000000000364e+03
7.800000000000000000e+01 5.041150000000000546e+03
5.400000000000000000e+01 5.041600000000000364e+03
6.200000000000000000e+01 5.041750000000000000e+03
3.800000000000000000e+01 5.041949999999999818e+03
1.400000000000000000e+01 5.070550000000000182e+03
4.600000000000000000e+01 5.071000000000000000e+03
6.000000000000000000e+00 5.071750000000000000e+03
2.200000000000000000e+01 5.071750000000000000e+03
5.400000000000000000e+01 5.073199999999999818e+03
7.800000000000000000e+01 5.073550000000000182e+03
3.000000000000000000e+01 5.074000000000000000e+03
7.000000000000000000e+01 5.074100000000000364e+03
6.200000000000000000e+01 5.075150000000000546e+03
3.800000000000000000e+01 5.076000000000000000e+03
6.000000000000000000e+00 5.104350000000000364e+03
6.200000000000000000e+01 5.105400000000000546e+03
5.400000000000000000e+01 5.106300000000000182e+03
3.800000000000000000e+01 5.106600000000000364e+03
1.400000000000000000e+01 5.106650000000000546e+03
3.000000000000000000e+01 5.106650000000000546e+03
7.800000000000000000e+01 5.106650000000000546e+03
2.200000000000000000e+01 5.107250000000000000e+03
7.000000000000000000e+01 5.107750000000000000e+03
4.600000000000000000e+01 5.107900000000000546e+03
3.800000000000000000e+01 5.133350000000000364e+03
6.000000000000000000e+00 5.137949999999999818e+03
6.200000000000000000e+01 5.140000000000000000e+03
3.000000000000000000e+01 5.140199999999999818e+03
5.400000000000000000e+01 5.142900000000000546e+03
7.000000000000000000e+01 5.143150000000000546e+03
1.400000000000000000e+01 5.143699999999999818e+03
7.800000000000000000e+01 5.143800000000000182e+03
2.200000000000000000e+01 5.144350000000000364e+03
4.600000000000000000e+01 5.145800000000000182e+03
6.200000000000000000e+01 5.174850000000000364e+03
2.200000000000000000e+01 5.174949999999999818e+03
5.400000000000000000e+01 5.175150000000000546e+03
3.800000000000000000e+01 5.175949999999999818e+03
3.000000000000000000e+01 5.176550000000000182e+03
6.000000000000000000e+00 5.176800000000000182e+03
7.000000000000000000e+01 5.177100000000000364e+03
7.800000000000000000e+01 5.177250000000000000e+03
1.400000000000000000e+01 5.177500000000000000e+03
4.600000000000000000e+01 5.177800000000000182e+03
6.200000000000000000e+01 5.206199999999999818e+03
5.400000000000000000e+01 5.207300000000000182e+03
1.400000000000000000e+01 5.209600000000000364e+03
7.800000000000000000e+01 5.209800000000000182e+03
3.800000000000000000e+01 5.210150000000000546e+03
3.000000000000000000e+01 5.210850000000000364e+03
7.000000000000000000e+01 5.211900000000000546e+03
4.600000000000000000e+01 5.212000000000000000e+03
2.200000000000000000e+01 5.212150000000000546e+03
6.000000000000000000e+00 5.212800000000000182e+03
3.000000000000000000e+01 5.239900000000000546e+03
5.400000000000000000e+01 5.240500000000000000e+03
6.200000000000000000e+01 5.241050000000000182e+03
1.400000000000000000e+01 5.241449999999999818e+03
3.800000000000000000e+01 5.242949999999999818e+03
4.600000000000000000e+01 5.243000000000000000e+03
2.200000000000000000e+01 5.243250000000000000e+03
6.000000000000000000e+00 5.243350000000000364e+03
7.800000000000000000e+01 5.243699999999999818e+03
7.000000000000000000e+01 5.243750000000000000e+03
6.200000000000000000e+01 5.264900000000000546e+03
5.400000000000000000e+01 5.271850000000000364e+03
3.000000000000000000e+01 5.271949999999999818e+03
7.800000000000000000e+01 5.273449999999999818e+03
1.400000000000000000e+01 5.274350000000000364e+03
7.000000000000000000e+01 5.274350000000000364e+03
4.600000000000000000e+01 5.274600000000000364e+03
2.200000000000000000e+01 5.274850000000000364e+03
6.000000000000000000e+00 5.275449999999999818e+03
3.800000000000000000e+01 5.276050000000000182e+03
7.800000000000000000e+01 5.295949999999999818e+03
5.400000000000000000e+01 5.298650000000000546e+03
7.000000000000000000e+01 5.301900000000000546e+03
1.400000000000000000e+01 5.304000000000000000e+03
6.000000000000000000e+00 5.304300000000000182e+03
3.800000000000000000e+01 5.305250000000000000e+03
3.000000000000000000e+01 5.305600000000000364e+03
4.600000000000000000e+01 5.306850000000000364e+03
2.200000000000000000e+01 5.307100000000000364e+03
6.200000000000000000e+01 5.307100000000000364e+03
7.800000000000000000e+01 5.311050000000000182e+03
5.400000000000000000e+01 5.323100000000000364e+03
3.800000000000000000e+01 5.326449999999999818e+03
6.000000000000000000e+00 5.326699999999999818e+03
1.400000000000000000e+01 5.332050000000000182e+03
4.600000000000000000e+01 5.335550000000000182e+03
7.000000000000000000e+01 5.335900000000000546e+03
3.000000000000000000e+01 5.336949999999999818e+03
2.200000000000000000e+01 5.337100000000000364e+03
6.200000000000000000e+01 5.338050000000000182e+03
7.800000000000000000e+01 5.339000000000000000e+03
5.400000000000000000e+01 5.343100000000000364e+03
6.000000000000000000e+00 5.362050000000000182e+03
7.000000000000000000e+01 5.363650000000000546e+03
1.400000000000000000e+01 5.366000000000000000e+03
3.800000000000000000e+01 5.366050000000000182e+03
4.600000000000000000e+01 5.366949999999999818e+03
2.200000000000000000e+01 5.367800000000000182e+03
3.000000000000000000e+01 5.368250000000000000e+03
7.800000000000000000e+01 5.369800000000000182e+03
5.400000000000000000e+01 5.369900000000000546e+03
6.200000000000000000e+01 5.370150000000000546e+03
3.800000000000000000e+01 5.388800000000000182e+03
7.000000000000000000e+01 5.396400000000000546e+03
2.200000000000000000e+01 5.398000000000000000e+03
4.600000000000000000e+01 5.400250000000000000e+03
7.800000000000000000e+01 5.401100000000000364e+03
1.400000000000000000e+01 5.401250000000000000e+03
6.000000000000000000e+00 5.402050000000000182e+03
3.000000000000000000e+01 5.402300000000000182e+03
6.200000000000000000e+01 5.403000000000000000e+03
5.400000000000000000e+01 5.403100000000000364e+03
3.800000000000000000e+01 5.405900000000000546e+03
4.600000000000000000e+01 5.424050000000000182e+03
1.400000000000000000e+01 5.429199999999999818e+03
3.000000000000000000e+01 5.430150000000000546e+03
7.000000000000000000e+01 5.431900000000000546e+03
2.200000000000000000e+01 5.432250000000000000e+03
3.800000000000000000e+01 5.433400000000000546e+03
7.800000000000000000e+01 5.435449999999999818e+03
6.200000000000000000e+01 5.435600000000000364e+03
6.000000000000000000e+00 5.436500000000000000e+03
5.400000000000000000e+01 5.436800000000000182e+03
4.600000000000000000e+01 5.453250000000000000e+03
3.000000000000000000e+01 5.457449999999999818e+03
7.000000000000000000e+01 5.458800000000000182e+03
1.400000000000000000e+01 5.459150000000000546e+03
2.200000000000000000e+01 5.462300000000000182e+03
7.800000000000000000e+01 5.464199999999999818e+03
6.000000000000000000e+00 5.464350000000000364e+03
3.800000000000000000e+01 5.464400000000000546e+03
5.400000000000000000e+01 5.464800000000000182e+03
6.200000000000000000e+01 5.465949999999999818e+03
4.600000000000000000e+01 5.470150000000000546e+03
3.000000000000000000e+01 5.483150000000000546e+03
7.000000000000000000e+01 5.487750000000000000e+03
6.000000000000000000e+00 5.490750000000000000e+03
4.600000000000000000e+01 5.491000000000000000e+03
1.400000000000000000e+01 5.492000000000000000e+03
7.800000000000000000e+01 5.493449999999999818e+03
2.200000000000000000e+01 5.493550000000000182e+03
5.400000000000000000e+01 5.494050000000000182e+03
6.200000000000000000e+01 5.494250000000000000e+03
3.800000000000000000e+01 5.495400000000000546e+03
3.000000000000000000e+01 5.508550000000000182e+03
6.000000000000000000e+00 5.517699999999999818e+03
4.600000000000000000e+01 5.522699999999999818e+03
7.000000000000000000e+01 5.522900000000000546e+03
5.400000000000000000e+01 5.523600000000000364e+03
3.800000000000000000e+01 5.523900000000000546e+03
7.800000000000000000e+01 5.523900000000000546e+03
1.400000000000000000e+01 5.524400000000000546e+03
6.200000000000000000e+01 5.525150000000000546e+03
2.200000000000000000e+01 5.526800000000000182e+03
3.000000000000000000e+01 5.527550000000000182e+03
6.000000000000000000e+00 5.545800000000000182e+03
4.600000000000000000e+01 5.549449999999999818e+03
7.000000000000000000e+01 5.550750000000000000e+03
3.800000000000000000e+01 5.551600000000000364e+03
5.400000000000000000e+01 5.552900000000000546e+03
6.200000000000000000e+01 5.552900000000000546e+03
7.800000000000000000e+01 5.553650000000000546e+03
1.400000000000000000e+01 5.554750000000000000e+03
3.000000000000000000e+01 5.556199999999999818e+03
2.200000000000000000e+01 5.556750000000000000e+03
6.000000000000000000e+00 5.574900000000000546e+03
6.200000000000000000e+01 5.578050000000000182e+03
4.600000000000000000e+01 5.578500000000000000e+03
7.000000000000000000e+01 5.582100000000000364e+03
5.400000000000000000e+01 5.582199999999999818e+03
7.800000000000000000e+01 5.582350000000000364e+03
3.000000000000000000e+01 5.583199999999999818e+03
3.800000000000000000e+01 5.583500000000000000e+03
1.400000000000000000e+01 5.583550000000000182e+03
2.200000000000000000e+01 5.583800000000000182e+03
6.000000000000000000e+00 5.599150000000000546e+03
2.200000000000000000e+01 5.609750000000000000e+03
3.800000000000000000e+01 5.609800000000000182e+03
3.000000000000000000e+01 5.610750000000000000e+03
4.600000000000000000e+01 5.611250000000000000e+03
7.000000000000000000e+01 5.611650000000000546e+03
1.400000000000000000e+01 5.612400000000000546e+03
6.200000000000000000e+01 5.613000000000000000e+03
5.400000000000000000e+01 5.613699999999999818e+03
7.800000000000000000e+01 5.613800000000000182e+03
6.000000000000000000e+00 5.615500000000000000e+03
2.200000000000000000e+01 5.642600000000000364e+03
1.400000000000000000e+01 5.642949999999999818e+03
6.200000000000000000e+01 5.643050000000000182e+03
3.000000000000000000e+01 5.643600000000000364e+03
7.800000000000000000e+01 5.645300000000000182e+03
5.400000000000000000e+01 5.646150000000000546e+03
7.000000000000000000e+01 5.646300000000000182e+03
4.600000000000000000e+01 5.646350000000000364e+03
3.800000000000000000e+01 5.646650000000000546e+03
6.000000000000000000e+00 5.647949999999999818e+03
7.800000000000000000e+01 5.667750000000000000e+03
3.800000000000000000e+01 5.668199999999999818e+03
2.200000000000000000e+01 5.671699999999999818e+03
1.400000000000000000e+01 5.672350000000000364e+03
3.000000000000000000e+01 5.673949999999999818e+03
5.400000000000000000e+01 5.674350000000000364e+03
7.000000000000000000e+01 5.674400000000000546e+03
6.000000000000000000e+00 5.675600000000000364e+03
6.200000000000000000e+01 5.675650000000000546e+03
4.600000000000000000e+01 5.675900000000000546e+03
3.800000000000000000e+01 5.690650000000000546e+03
2.200000000000000000e+01 5.695199999999999818e+03
1.400000000000000000e+01 5.699250000000000000e+03
3.000000000000000000e+01 5.700949999999999818e+03
5.400000000000000000e+01 5.702400000000000546e+03
7.000000000000000000e+01 5.702949999999999818e+03
6.000000000000000000e+00 5.703850000000000364e+03
7.800000000000000000e+01 5.704350000000000364e+03
6.200000000000000000e+01 5.704550000000000182e+03
4.600000000000000000e+01 5.706350000000000364e+03
1.400000000000000000e+01 5.711550000000000182e+03
2.200000000000000000e+01 5.713000000000000000e+03
5.400000000000000000e+01 5.725600000000000364e+03
3.000000000000000000e+01 5.726150000000000546e+03
3.800000000000000000e+01 5.734400000000000546e+03
6.200000000000000000e+01 5.736000000000000000e+03
7.000000000000000000e+01 5.737199999999999818e+03
6.000000000000000000e+00 5.737949999999999818e+03
7.800000000000000000e+01 5.738100000000000364e+03
2.200000000000000000e+01 5.738500000000000000e+03
4.600000000000000000e+01 5.739000000000000000e+03
1.400000000000000000e+01 5.739199999999999818e+03
3.000000000000000000e+01 5.742050000000000182e+03
5.400000000000000000e+01 5.742350000000000364e+03
6.200000000000000000e+01 5.762650000000000546e+03
1.400000000000000000e+01 5.767300000000000182e+03
4.600000000000000000e+01 5.767449999999999818e+03
3.800000000000000000e+01 5.767600000000000364e+03
5.400000000000000000e+01 5.767699999999999818e+03
2.200000000000000000e+01 5.767850000000000364e+03
3.000000000000000000e+01 5.768250000000000000e+03
7.800000000000000000e+01 5.768350000000000364e+03
6.000000000000000000e+00 5.768500000000000000e+03
7.000000000000000000e+01 5.768750000000000000e+03
6.200000000000000000e+01 5.791350000000000364e+03
1.400000000000000000e+01 5.795850000000000364e+03
4.600000000000000000e+01 5.796100000000000364e+03
7.800000000000000000e+01 5.796199999999999818e+03
3.800000000000000000e+01 5.796449999999999818e+03
5.400000000000000000e+01 5.796550000000000182e+03
3.000000000000000000e+01 5.797000000000000000e+03
6.000000000000000000e+00 5.797449999999999818e+03
2.200000000000000000e+01 5.797750000000000000e+03
7.000000000000000000e+01 5.798000000000000000e+03
3.800000000000000000e+01 5.825199999999999818e+03
7.800000000000000000e+01 5.825350000000000364e+03
1.400000000000000000e+01 5.825500000000000000e+03
3.000000000000000000e+01 5.825600000000000364e+03
4.600000000000000000e+01 5.826350000000000364e+03
5.400000000000000000e+01 5.826400000000000546e+03
6.200000000000000000e+01 5.826400000000000546e+03
6.000000000000000000e+00 5.826699999999999818e+03
7.000000000000000000e+01 5.826750000000000000e+03
2.200000000000000000e+01 5.827199999999999818e+03
6.000000000000000000e+00 5.852050000000000182e+03
5.400000000000000000e+01 5.852550000000000182e+03
7.000000000000000000e+01 5.852800000000000182e+03
2.200000000000000000e+01 5.853550000000000182e+03
3.000000000000000000e+01 5.853550000000000182e+03
4.600000000000000000e+01 5.853699999999999818e+03
1.400000000000000000e+01 5.853800000000000182e+03
3.800000000000000000e+01 5.854900000000000546e+03
7.800000000000000000e+01 5.855000000000000000e+03
6.200000000000000000e+01 5.855250000000000000e+03
6.000000000000000000e+00 5.883300000000000182e+03
7.000000000000000000e+01 5.884199999999999818e+03
3.800000000000000000e+01 5.885000000000000000e+03
5.400000000000000000e+01 5.885350000000000364e+03
1.400000000000000000e+01 5.885449999999999818e+03
6.200000000000000000e+01 5.885449999999999818e+03
2.200000000000000000e+01 5.885600000000000364e+03
4.600000000000000000e+01 5.885699999999999818e+03
7.800000000000000000e+01 5.886100000000000364e+03
3.000000000000000000e+01 5.886449999999999818e+03
6.000000000000000000e+00 5.912800000000000182e+03
3.000000000000000000e+01 5.913050000000000182e+03
5.400000000000000000e+01 5.913699999999999818e+03
1.400000000000000000e+01 5.914750000000000000e+03
3.800000000000000000e+01 5.914949999999999818e+03
2.200000000000000000e+01 5.915300000000000182e+03
7.800000000000000000e+01 5.915350000000000364e+03
4.600000000000000000e+01 5.916250000000000000e+03
6.200000000000000000e+01 5.916900000000000546e+03
7.000000000000000000e+01 5.916949999999999818e+03
5.400000000000000000e+01 5.940250000000000000e+03
3.000000000000000000e+01 5.941050000000000182e+03
3.800000000000000000e+01 5.944949999999999818e+03
1.400000000000000000e+01 5.945850000000000364e+03
4.600000000000000000e+01 5.946100000000000364e+03
6.200000000000000000e+01 5.946699999999999818e+03
7.000000000000000000e+01 5.946949999999999818e+03
2.200000000000000000e+01 5.947050000000000182e+03
7.800000000000000000e+01 5.947100000000000364e+03
6.000000000000000000e+00 5.947500000000000000e+03
5.400000000000000000e+01 5.958750000000000000e+03
6.000000000000000000e+00 5.972400000000000546e+03
7.800000000000000000e+01 5.973300000000000182e+03
1.400000000000000000e+01 5.974600000000000364e+03
3.000000000000000000e+01 5.974850000000000364e+03
6.200000000000000000e+01 5.975500000000000000e+03
3.800000000000000000e+01 5.975600000000000364e+03
4.600000000000000000e+01 5.976800000000000182e+03
7.000000000000000000e+01 5.976800000000000182e+03
2.200000000000000000e+01 5.978000000000000000e+03
5.400000000000000000e+01 5.978750000000000000e+03
7.800000000000000000e+01 6.002550000000000182e+03
3.800000000000000000e+01 6.206449999999999818e+03
5.400000000000000000e+01 6.334600000000000364e+03
1.400000000000000000e+01 6.355500000000000000e+03
2.200000000000000000e+01 6.361400000000000546e+03
4.600000000000000000e+01 6.398699999999999818e+03
7.800000000000000000e+01 6.408449999999999818e+03
2.200000000000000000e+01 6.452600000000000364e+03
7.800000000000000000e+01 6.479850000000000364e+03
6.000000000000000000e+00 6.480949999999999818e+03
3.000000000000000000e+01 6.481699999999999818e+03
6.200000000000000000e+01 6.483600000000000364e+03
4.600000000000000000e+01 6.484000000000000000e+03
5.400000000000000000e+01 6.484550000000000182e+03
1.400000000000000000e+01 6.485000000000000000e+03
3.800000000000000000e+01 6.485400000000000546e+03
2.200000000000000000e+01 6.486000000000000000e+03
7.000000000000000000e+01 6.486300000000000182e+03
5.400000000000000000e+01 6.749400000000000546e+03
6.200000000000000000e+01 6.762600000000000364e+03
1.400000000000000000e+01 6.772949999999999818e+03
2.200000000000000000e+01 6.779150000000000546e+03
4.600000000000000000e+01 6.781250000000000000e+03
6.000000000000000000e+00 6.782350000000000364e+03
7.000000000000000000e+01 6.782550000000000182e+03
5.400000000000000000e+01 6.784949999999999818e+03
3.800000000000000000e+01 6.785800000000000182e+03
6.200000000000000000e+01 6.785850000000000364e+03
7.800000000000000000e+01 6.786199999999999818e+03
3.000000000000000000e+01 6.786300000000000182e+03
7.800000000000000000e+01 6.942100000000000364e+03
7.800000000000000000e+01 7.072699999999999818e+03
4.600000000000000000e+01 7.712199999999999818e+03
7.000000000000000000e+01 7.754449999999999818e+03
2.200000000000000000e+01 7.833750000000000000e+03
1.400000000000000000e+01 8.077650000000000546e+03
7.800000000000000000e+01 8.490100000000000364e+03
1.400000000000000000e+01 8.902100000000000364e+03
7.000000000000000000e+01 9.736250000000000000e+03
7.800000000000000000e+01 1.015175000000000000e+04
4.600000000000000000e+01 1.015970000000000073e+04
5.400000000000000000e+01 1.016155000000000109e+04
6.000000000000000000e+00 1.016180000000000109e+04
3.800000000000000000e+01 1.016205000000000109e+04
7.000000000000000000e+01 1.016255000000000109e+04
6.200000000000000000e+01 1.016280000000000109e+04
1.400000000000000000e+01 1.016289999999999964e+04
3.000000000000000000e+01 1.016305000000000109e+04
2.200000000000000000e+01 1.016345000000000073e+04
7.800000000000000000e+01 1.028475000000000000e+04
4.600000000000000000e+01 1.034964999999999964e+04
3.800000000000000000e+01 1.037439999999999964e+04
3.000000000000000000e+01 1.039135000000000036e+04
6.200000000000000000e+01 1.057685000000000036e+04
2.200000000000000000e+01 1.070975000000000000e+04
1.400000000000000000e+01 1.076214999999999964e+04
5.400000000000000000e+01 1.076230000000000109e+04
6.000000000000000000e+00 1.076285000000000036e+04
7.000000000000000000e+01 1.076325000000000000e+04
3.000000000000000000e+01 1.076355000000000109e+04
4.600000000000000000e+01 1.076380000000000109e+04
2.200000000000000000e+01 1.076430000000000109e+04
6.200000000000000000e+01 1.076430000000000109e+04
3.800000000000000000e+01 1.076464999999999964e+04
7.800000000000000000e+01 1.076550000000000000e+04
7.800000000000000000e+01 1.093989999999999964e+04
3.000000000000000000e+01 1.108830000000000109e+04
3.000000000000000000e+01 1.127195000000000073e+04
3.800000000000000000e+01 1.138245000000000073e+04
3.000000000000000000e+01 1.219750000000000000e+04
3.800000000000000000e+01 1.229239999999999964e+04
3.800000000000000000e+01 1.401370000000000073e+04
7.000000000000000000e+01 1.414164999999999964e+04
7.800000000000000000e+01 1.417760000000000036e+04
2.200000000000000000e+01 1.430255000000000109e+04
3.800000000000000000e+01 1.436610000000000036e+04
6.200000000000000000e+01 1.437845000000000073e+04
3.800000000000000000e+01 1.465489999999999964e+04
7.000000000000000000e+01 1.477439999999999964e+04
2.200000000000000000e+01 1.478875000000000000e+04
7.000000000000000000e+01 1.490785000000000036e+04
6.200000000000000000e+01 1.491089999999999964e+04
7.800000000000000000e+01 1.491280000000000109e+04
1.400000000000000000e+01 1.491535000000000036e+04
6.000000000000000000e+00 1.491550000000000000e+04
3.800000000000000000e+01 1.491575000000000000e+04
5.400000000000000000e+01 1.491580000000000109e+04
4.600000000000000000e+01 1.491620000000000073e+04
2.200000000000000000e+01 1.491630000000000109e+04
3.000000000000000000e+01 1.491650000000000000e+04
3.800000000000000000e+01 1.547120000000000073e+04
6.200000000000000000e+01 1.571089999999999964e+04
5.400000000000000000e+01 1.600039999999999964e+04
1.400000000000000000e+01 1.723015000000000146e+04
3.800000000000000000e+01 1.725975000000000000e+04
7.000000000000000000e+01 1.742084999999999854e+04
1.400000000000000000e+01 1.822135000000000218e+04
2.200000000000000000e+01 1.822400000000000000e+04
6.200000000000000000e+01 1.847015000000000146e+04
5.400000000000000000e+01 1.847575000000000000e+04
4.600000000000000000e+01 1.847885000000000218e+04
6.000000000000000000e+00 1.848000000000000000e+04
7.800000000000000000e+01 1.848425000000000000e+04
1.400000000000000000e+01 1.848610000000000218e+04
3.800000000000000000e+01 1.848604999999999927e+04
7.000000000000000000e+01 1.848660000000000218e+04
3.000000000000000000e+01 1.848675000000000000e+04
2.200000000000000000e+01 1.848685000000000218e+04
1.400000000000000000e+01 1.856490000000000146e+04
2.200000000000000000e+01 1.882210000000000218e+04
2.200000000000000000e+01 1.899270000000000073e+04
7.000000000000000000e+01 1.900150000000000000e+04
2.200000000000000000e+01 1.909020000000000073e+04
3.000000000000000000e+01 1.913315000000000146e+04
6.200000000000000000e+01 1.934304999999999927e+04
5.400000000000000000e+01 1.972310000000000218e+04
2.200000000000000000e+01 1.976420000000000073e+04
2.200000000000000000e+01 2.039525000000000000e+04
7.800000000000000000e+01 2.062040000000000146e+04
2.200000000000000000e+01 2.084990000000000146e+04
2.200000000000000000e+01 2.142354999999999927e+04
3.800000000000000000e+01 2.204685000000000218e+04
7.000000000000000000e+01 2.214850000000000000e+04
7.800000000000000000e+01 2.222985000000000218e+04
2.200000000000000000e+01 2.238770000000000073e+04
6.200000000000000000e+01 2.240520000000000073e+04
7.800000000000000000e+01 2.241000000000000000e+04
6.200000000000000000e+01 2.247625000000000000e+04
7.900000000000000000e+01 1.361999999999999886e+02
6.300000000000000000e+01 4.346999999999999886e+02
2.300000000000000000e+01 6.198000000000000682e+02
7.900000000000000000e+01 6.774500000000000455e+02
1.500000000000000000e+01 7.860500000000000682e+02
5.500000000000000000e+01 7.949500000000000455e+02
3.100000000000000000e+01 1.670150000000000091e+03
7.900000000000000000e+01 1.850700000000000045e+03
5.500000000000000000e+01 1.921950000000000045e+03
3.100000000000000000e+01 2.308599999999999909e+03
1.500000000000000000e+01 2.355400000000000091e+03
1.500000000000000000e+01 2.545200000000000273e+03
6.300000000000000000e+01 3.015550000000000182e+03
7.900000000000000000e+01 3.017500000000000000e+03
3.900000000000000000e+01 3.022349999999999909e+03
1.500000000000000000e+01 3.037950000000000273e+03
3.100000000000000000e+01 3.043099999999999909e+03
2.300000000000000000e+01 3.044450000000000273e+03
5.500000000000000000e+01 3.071599999999999909e+03
7.000000000000000000e+00 3.075950000000000273e+03
7.900000000000000000e+01 3.080700000000000273e+03
6.300000000000000000e+01 3.086450000000000273e+03
4.700000000000000000e+01 3.095200000000000273e+03
5.500000000000000000e+01 3.096599999999999909e+03
2.300000000000000000e+01 3.115800000000000182e+03
7.100000000000000000e+01 3.124650000000000091e+03
1.500000000000000000e+01 3.138500000000000000e+03
3.900000000000000000e+01 3.150750000000000000e+03
5.500000000000000000e+01 3.151650000000000091e+03
3.100000000000000000e+01 3.161700000000000273e+03
7.000000000000000000e+00 3.162700000000000273e+03
7.100000000000000000e+01 3.167900000000000091e+03
4.700000000000000000e+01 3.171099999999999909e+03
6.300000000000000000e+01 3.185750000000000000e+03
7.900000000000000000e+01 3.192700000000000273e+03
6.300000000000000000e+01 3.224200000000000273e+03
7.000000000000000000e+00 3.225500000000000000e+03
2.300000000000000000e+01 3.230900000000000091e+03
4.700000000000000000e+01 3.231800000000000182e+03
5.500000000000000000e+01 3.242150000000000091e+03
7.900000000000000000e+01 3.242550000000000182e+03
7.100000000000000000e+01 3.257800000000000182e+03
3.100000000000000000e+01 3.258050000000000182e+03
2.300000000000000000e+01 3.270300000000000182e+03
6.300000000000000000e+01 3.272000000000000000e+03
3.900000000000000000e+01 3.272950000000000273e+03
1.500000000000000000e+01 3.290700000000000273e+03
4.700000000000000000e+01 3.301050000000000182e+03
7.100000000000000000e+01 3.302950000000000273e+03
7.000000000000000000e+00 3.303050000000000182e+03
5.500000000000000000e+01 3.307500000000000000e+03
6.300000000000000000e+01 3.320849999999999909e+03
3.100000000000000000e+01 3.328700000000000273e+03
1.500000000000000000e+01 3.337300000000000182e+03
2.300000000000000000e+01 3.346050000000000182e+03
5.500000000000000000e+01 3.349099999999999909e+03
7.100000000000000000e+01 3.361099999999999909e+03
3.900000000000000000e+01 3.364500000000000000e+03
1.500000000000000000e+01 3.365150000000000091e+03
7.900000000000000000e+01 3.380050000000000182e+03
3.100000000000000000e+01 3.396200000000000273e+03
6.300000000000000000e+01 3.405250000000000000e+03
7.100000000000000000e+01 3.409849999999999909e+03
7.000000000000000000e+00 3.417400000000000091e+03
7.900000000000000000e+01 3.417700000000000273e+03
3.900000000000000000e+01 3.421150000000000091e+03
1.500000000000000000e+01 3.429050000000000182e+03
2.300000000000000000e+01 3.436750000000000000e+03
5.500000000000000000e+01 3.439450000000000273e+03
7.000000000000000000e+00 3.456099999999999909e+03
6.300000000000000000e+01 3.456750000000000000e+03
3.900000000000000000e+01 3.457550000000000182e+03
7.100000000000000000e+01 3.463250000000000000e+03
3.100000000000000000e+01 3.467300000000000182e+03
7.900000000000000000e+01 3.479849999999999909e+03
7.000000000000000000e+00 3.490349999999999909e+03
5.500000000000000000e+01 3.499050000000000182e+03
4.700000000000000000e+01 3.505650000000000091e+03
7.000000000000000000e+00 3.510750000000000000e+03
6.300000000000000000e+01 3.513900000000000091e+03
7.900000000000000000e+01 3.518099999999999909e+03
3.100000000000000000e+01 3.531300000000000182e+03
1.500000000000000000e+01 3.537900000000000091e+03
7.100000000000000000e+01 3.541650000000000091e+03
4.700000000000000000e+01 3.550750000000000000e+03
3.900000000000000000e+01 3.559250000000000000e+03
7.000000000000000000e+00 3.561550000000000182e+03
3.100000000000000000e+01 3.561950000000000273e+03
5.500000000000000000e+01 3.565750000000000000e+03
2.300000000000000000e+01 3.568750000000000000e+03
7.900000000000000000e+01 3.582400000000000091e+03
7.000000000000000000e+00 3.584099999999999909e+03
1.500000000000000000e+01 3.595599999999999909e+03
2.300000000000000000e+01 3.605250000000000000e+03
5.500000000000000000e+01 3.606099999999999909e+03
6.300000000000000000e+01 3.607250000000000000e+03
3.100000000000000000e+01 3.611200000000000273e+03
7.100000000000000000e+01 3.622450000000000273e+03
7.000000000000000000e+00 3.644000000000000000e+03
7.900000000000000000e+01 3.646800000000000182e+03
1.500000000000000000e+01 3.651750000000000000e+03
6.300000000000000000e+01 3.653500000000000000e+03
7.100000000000000000e+01 3.663800000000000182e+03
3.900000000000000000e+01 3.668349999999999909e+03
3.100000000000000000e+01 3.677800000000000182e+03
7.000000000000000000e+00 3.688000000000000000e+03
4.700000000000000000e+01 3.693250000000000000e+03
6.300000000000000000e+01 3.695849999999999909e+03
7.100000000000000000e+01 3.708550000000000182e+03
5.500000000000000000e+01 3.712550000000000182e+03
1.500000000000000000e+01 3.729599999999999909e+03
3.900000000000000000e+01 3.739950000000000273e+03
7.000000000000000000e+00 3.743950000000000273e+03
3.100000000000000000e+01 3.744950000000000273e+03
7.100000000000000000e+01 3.747700000000000273e+03
2.300000000000000000e+01 3.749400000000000091e+03
5.500000000000000000e+01 3.751250000000000000e+03
7.900000000000000000e+01 3.751550000000000182e+03
6.300000000000000000e+01 3.752599999999999909e+03
4.700000000000000000e+01 3.775200000000000273e+03
7.000000000000000000e+00 3.776700000000000273e+03
6.300000000000000000e+01 3.779650000000000091e+03
7.100000000000000000e+01 3.787050000000000182e+03
3.900000000000000000e+01 3.787300000000000182e+03
3.100000000000000000e+01 3.801599999999999909e+03
5.500000000000000000e+01 3.813000000000000000e+03
2.300000000000000000e+01 3.815150000000000091e+03
7.000000000000000000e+00 3.822150000000000091e+03
4.700000000000000000e+01 3.838750000000000000e+03
7.900000000000000000e+01 3.841500000000000000e+03
3.100000000000000000e+01 3.846950000000000273e+03
7.100000000000000000e+01 3.847000000000000000e+03
3.900000000000000000e+01 3.857550000000000182e+03
5.500000000000000000e+01 3.858950000000000273e+03
6.300000000000000000e+01 3.859599999999999909e+03
2.300000000000000000e+01 3.862099999999999909e+03
7.100000000000000000e+01 3.869700000000000273e+03
4.700000000000000000e+01 3.875200000000000273e+03
7.000000000000000000e+00 3.880400000000000091e+03
7.900000000000000000e+01 3.895500000000000000e+03
1.500000000000000000e+01 3.896099999999999909e+03
3.100000000000000000e+01 3.898050000000000182e+03
2.300000000000000000e+01 3.901150000000000091e+03
5.500000000000000000e+01 3.909150000000000091e+03
6.300000000000000000e+01 3.914750000000000000e+03
7.100000000000000000e+01 3.916000000000000000e+03
3.900000000000000000e+01 3.916800000000000182e+03
7.900000000000000000e+01 3.934750000000000000e+03
7.000000000000000000e+00 3.937200000000000273e+03
1.500000000000000000e+01 3.937849999999999909e+03
3.900000000000000000e+01 3.956700000000000273e+03
4.700000000000000000e+01 3.957050000000000182e+03
6.300000000000000000e+01 3.960450000000000273e+03
3.100000000000000000e+01 3.962700000000000273e+03
7.900000000000000000e+01 3.968050000000000182e+03
1.500000000000000000e+01 3.974849999999999909e+03
7.100000000000000000e+01 3.977099999999999909e+03
7.000000000000000000e+00 3.983349999999999909e+03
3.900000000000000000e+01 3.994700000000000273e+03
3.100000000000000000e+01 3.998900000000000091e+03
2.300000000000000000e+01 4.001250000000000000e+03
6.300000000000000000e+01 4.005200000000000273e+03
1.500000000000000000e+01 4.008750000000000000e+03
7.900000000000000000e+01 4.012900000000000091e+03
4.700000000000000000e+01 4.023450000000000273e+03
7.100000000000000000e+01 4.031450000000000273e+03
3.900000000000000000e+01 4.031800000000000182e+03
5.500000000000000000e+01 4.036050000000000182e+03
3.100000000000000000e+01 4.036500000000000000e+03
7.000000000000000000e+00 4.037050000000000182e+03
7.900000000000000000e+01 4.050099999999999909e+03
1.500000000000000000e+01 4.057900000000000091e+03
3.100000000000000000e+01 4.063050000000000182e+03
2.300000000000000000e+01 4.065599999999999909e+03
6.300000000000000000e+01 4.083050000000000182e+03
7.900000000000000000e+01 4.084099999999999909e+03
3.900000000000000000e+01 4.084900000000000091e+03
7.100000000000000000e+01 4.090099999999999909e+03
5.500000000000000000e+01 4.094800000000000182e+03
3.100000000000000000e+01 4.113850000000000364e+03
3.900000000000000000e+01 4.123399999999999636e+03
2.300000000000000000e+01 4.125500000000000000e+03
6.300000000000000000e+01 4.129600000000000364e+03
4.700000000000000000e+01 4.136949999999999818e+03
5.500000000000000000e+01 4.139300000000000182e+03
7.900000000000000000e+01 4.142550000000000182e+03
1.500000000000000000e+01 4.156100000000000364e+03
7.000000000000000000e+00 4.159949999999999818e+03
2.300000000000000000e+01 4.166750000000000000e+03
3.900000000000000000e+01 4.167899999999999636e+03
7.100000000000000000e+01 4.170149999999999636e+03
4.700000000000000000e+01 4.177850000000000364e+03
7.900000000000000000e+01 4.181449999999999818e+03
1.500000000000000000e+01 4.194750000000000000e+03
3.100000000000000000e+01 4.199750000000000000e+03
3.900000000000000000e+01 4.201550000000000182e+03
5.500000000000000000e+01 4.203800000000000182e+03
7.900000000000000000e+01 4.216550000000000182e+03
4.700000000000000000e+01 4.220000000000000000e+03
7.100000000000000000e+01 4.227399999999999636e+03
7.000000000000000000e+00 4.229050000000000182e+03
2.300000000000000000e+01 4.229199999999999818e+03
3.100000000000000000e+01 4.239000000000000000e+03
5.500000000000000000e+01 4.241750000000000000e+03
6.300000000000000000e+01 4.244750000000000000e+03
1.500000000000000000e+01 4.247149999999999636e+03
7.900000000000000000e+01 4.260199999999999818e+03
4.700000000000000000e+01 4.265600000000000364e+03
7.100000000000000000e+01 4.268050000000000182e+03
3.900000000000000000e+01 4.273100000000000364e+03
2.300000000000000000e+01 4.281899999999999636e+03
1.500000000000000000e+01 4.294300000000000182e+03
3.100000000000000000e+01 4.295850000000000364e+03
5.500000000000000000e+01 4.301199999999999818e+03
6.300000000000000000e+01 4.303550000000000182e+03
7.900000000000000000e+01 4.304550000000000182e+03
3.900000000000000000e+01 4.314500000000000000e+03
7.100000000000000000e+01 4.314449999999999818e+03
1.500000000000000000e+01 4.331350000000000364e+03
7.900000000000000000e+01 4.334600000000000364e+03
3.100000000000000000e+01 4.337350000000000364e+03
2.300000000000000000e+01 4.340050000000000182e+03
3.900000000000000000e+01 4.340600000000000364e+03
5.500000000000000000e+01 4.342199999999999818e+03
6.300000000000000000e+01 4.348100000000000364e+03
7.100000000000000000e+01 4.366850000000000364e+03
7.000000000000000000e+00 4.376199999999999818e+03
5.500000000000000000e+01 4.379750000000000000e+03
7.900000000000000000e+01 4.381600000000000364e+03
3.100000000000000000e+01 4.383500000000000000e+03
1.500000000000000000e+01 4.385850000000000364e+03
7.100000000000000000e+01 4.392250000000000000e+03
3.900000000000000000e+01 4.399900000000000546e+03
5.500000000000000000e+01 4.405699999999999818e+03
2.300000000000000000e+01 4.415300000000000182e+03
7.900000000000000000e+01 4.419850000000000364e+03
7.000000000000000000e+00 4.419949999999999818e+03
4.700000000000000000e+01 4.425050000000000182e+03
1.500000000000000000e+01 4.426199999999999818e+03
3.100000000000000000e+01 4.430199999999999818e+03
6.300000000000000000e+01 4.430949999999999818e+03
5.500000000000000000e+01 4.446800000000000182e+03
7.100000000000000000e+01 4.452000000000000000e+03
7.900000000000000000e+01 4.453500000000000000e+03
7.000000000000000000e+00 4.456699999999999818e+03
2.300000000000000000e+01 4.458000000000000000e+03
3.100000000000000000e+01 4.466150000000000546e+03
1.500000000000000000e+01 4.467199999999999818e+03
4.700000000000000000e+01 4.473600000000000364e+03
7.100000000000000000e+01 4.479199999999999818e+03
3.900000000000000000e+01 4.480449999999999818e+03
6.300000000000000000e+01 4.491500000000000000e+03
5.500000000000000000e+01 4.492850000000000364e+03
7.900000000000000000e+01 4.493199999999999818e+03
2.300000000000000000e+01 4.495699999999999818e+03
3.100000000000000000e+01 4.496300000000000182e+03
7.100000000000000000e+01 4.498350000000000364e+03
3.900000000000000000e+01 4.503449999999999818e+03
1.500000000000000000e+01 4.503650000000000546e+03
7.000000000000000000e+00 4.512750000000000000e+03
4.700000000000000000e+01 4.522199999999999818e+03
2.300000000000000000e+01 4.528949999999999818e+03
3.100000000000000000e+01 4.530250000000000000e+03
6.300000000000000000e+01 4.530400000000000546e+03
5.500000000000000000e+01 4.535150000000000546e+03
7.900000000000000000e+01 4.537500000000000000e+03
7.100000000000000000e+01 4.541699999999999818e+03
3.900000000000000000e+01 4.546400000000000546e+03
7.000000000000000000e+00 4.552600000000000364e+03
1.500000000000000000e+01 4.557949999999999818e+03
7.900000000000000000e+01 4.565600000000000364e+03
4.700000000000000000e+01 4.569199999999999818e+03
3.100000000000000000e+01 4.572250000000000000e+03
2.300000000000000000e+01 4.573199999999999818e+03
6.300000000000000000e+01 4.575350000000000364e+03
3.900000000000000000e+01 4.576300000000000182e+03
7.100000000000000000e+01 4.584650000000000546e+03
7.900000000000000000e+01 4.591150000000000546e+03
7.000000000000000000e+00 4.592600000000000364e+03
1.500000000000000000e+01 4.596750000000000000e+03
5.500000000000000000e+01 4.602050000000000182e+03
3.100000000000000000e+01 4.603300000000000182e+03
4.700000000000000000e+01 4.604550000000000182e+03
2.300000000000000000e+01 4.604900000000000546e+03
3.900000000000000000e+01 4.606250000000000000e+03
6.300000000000000000e+01 4.619250000000000000e+03
7.100000000000000000e+01 4.629100000000000364e+03
1.500000000000000000e+01 4.634100000000000364e+03
4.700000000000000000e+01 4.636100000000000364e+03
3.100000000000000000e+01 4.636350000000000364e+03
7.000000000000000000e+00 4.640300000000000182e+03
2.300000000000000000e+01 4.641350000000000364e+03
6.300000000000000000e+01 4.655550000000000182e+03
3.900000000000000000e+01 4.655699999999999818e+03
4.700000000000000000e+01 4.660350000000000364e+03
7.900000000000000000e+01 4.664449999999999818e+03
1.500000000000000000e+01 4.670100000000000364e+03
5.500000000000000000e+01 4.676199999999999818e+03
3.100000000000000000e+01 4.676350000000000364e+03
7.000000000000000000e+00 4.676449999999999818e+03
7.100000000000000000e+01 4.678500000000000000e+03
6.300000000000000000e+01 4.680650000000000546e+03
2.300000000000000000e+01 4.682449999999999818e+03
4.700000000000000000e+01 4.685600000000000364e+03
3.900000000000000000e+01 4.689900000000000546e+03
7.900000000000000000e+01 4.694550000000000182e+03
7.000000000000000000e+00 4.705550000000000182e+03
5.500000000000000000e+01 4.708900000000000546e+03
6.300000000000000000e+01 4.709050000000000182e+03
7.100000000000000000e+01 4.711050000000000182e+03
2.300000000000000000e+01 4.714100000000000364e+03
3.100000000000000000e+01 4.717100000000000364e+03
1.500000000000000000e+01 4.723699999999999818e+03
7.900000000000000000e+01 4.725900000000000546e+03
5.500000000000000000e+01 4.732750000000000000e+03
3.900000000000000000e+01 4.736900000000000546e+03
7.000000000000000000e+00 4.737250000000000000e+03
6.300000000000000000e+01 4.743150000000000546e+03
4.700000000000000000e+01 4.753750000000000000e+03
3.100000000000000000e+01 4.755949999999999818e+03
7.900000000000000000e+01 4.756550000000000182e+03
2.300000000000000000e+01 4.758250000000000000e+03
1.500000000000000000e+01 4.759400000000000546e+03
7.100000000000000000e+01 4.759600000000000364e+03
3.900000000000000000e+01 4.762400000000000546e+03
5.500000000000000000e+01 4.768400000000000546e+03
7.000000000000000000e+00 4.772300000000000182e+03
7.900000000000000000e+01 4.785550000000000182e+03
6.300000000000000000e+01 4.786600000000000364e+03
4.700000000000000000e+01 4.789300000000000182e+03
1.500000000000000000e+01 4.789400000000000546e+03
7.100000000000000000e+01 4.789900000000000546e+03
3.100000000000000000e+01 4.790949999999999818e+03
2.300000000000000000e+01 4.791949999999999818e+03
5.500000000000000000e+01 4.812800000000000182e+03
7.000000000000000000e+00 4.814050000000000182e+03
7.100000000000000000e+01 4.819449999999999818e+03
3.900000000000000000e+01 4.821350000000000364e+03
6.300000000000000000e+01 4.824900000000000546e+03
3.100000000000000000e+01 4.827699999999999818e+03
2.300000000000000000e+01 4.829050000000000182e+03
1.500000000000000000e+01 4.829800000000000182e+03
7.900000000000000000e+01 4.832300000000000182e+03
4.700000000000000000e+01 4.833400000000000546e+03
7.000000000000000000e+00 4.842650000000000546e+03
7.100000000000000000e+01 4.848250000000000000e+03
3.900000000000000000e+01 4.849199999999999818e+03
5.500000000000000000e+01 4.857650000000000546e+03
2.300000000000000000e+01 4.860650000000000546e+03
6.300000000000000000e+01 4.864150000000000546e+03
3.100000000000000000e+01 4.865850000000000364e+03
7.900000000000000000e+01 4.866000000000000000e+03
7.000000000000000000e+00 4.866400000000000546e+03
4.700000000000000000e+01 4.867199999999999818e+03
1.500000000000000000e+01 4.867449999999999818e+03
7.100000000000000000e+01 4.886199999999999818e+03
7.900000000000000000e+01 4.894000000000000000e+03
5.500000000000000000e+01 4.894949999999999818e+03
2.300000000000000000e+01 4.895800000000000182e+03
7.000000000000000000e+00 4.897600000000000364e+03
3.900000000000000000e+01 4.898850000000000364e+03
3.100000000000000000e+01 4.899800000000000182e+03
6.300000000000000000e+01 4.900100000000000364e+03
1.500000000000000000e+01 4.905500000000000000e+03
3.900000000000000000e+01 4.930650000000000546e+03
7.100000000000000000e+01 4.931000000000000000e+03
7.900000000000000000e+01 4.933900000000000546e+03
6.300000000000000000e+01 4.934199999999999818e+03
7.000000000000000000e+00 4.934850000000000364e+03
4.700000000000000000e+01 4.935250000000000000e+03
2.300000000000000000e+01 4.935699999999999818e+03
1.500000000000000000e+01 4.936000000000000000e+03
5.500000000000000000e+01 4.936000000000000000e+03
3.100000000000000000e+01 4.936050000000000182e+03
3.900000000000000000e+01 4.960050000000000182e+03
6.300000000000000000e+01 4.966650000000000546e+03
7.900000000000000000e+01 4.967699999999999818e+03
7.100000000000000000e+01 4.967949999999999818e+03
2.300000000000000000e+01 4.968050000000000182e+03
7.000000000000000000e+00 4.969150000000000546e+03
5.500000000000000000e+01 4.970150000000000546e+03
1.500000000000000000e+01 4.971000000000000000e+03
3.100000000000000000e+01 4.971449999999999818e+03
4.700000000000000000e+01 4.975199999999999818e+03
6.300000000000000000e+01 4.990199999999999818e+03
2.300000000000000000e+01 4.996400000000000546e+03
7.900000000000000000e+01 4.996850000000000364e+03
5.500000000000000000e+01 5.000800000000000182e+03
3.900000000000000000e+01 5.002150000000000546e+03
7.000000000000000000e+00 5.005350000000000364e+03
1.500000000000000000e+01 5.005550000000000182e+03
7.100000000000000000e+01 5.006350000000000364e+03
3.100000000000000000e+01 5.006600000000000364e+03
6.300000000000000000e+01 5.010000000000000000e+03
4.700000000000000000e+01 5.015800000000000182e+03
2.300000000000000000e+01 5.032850000000000364e+03
7.100000000000000000e+01 5.034800000000000182e+03
3.900000000000000000e+01 5.039350000000000364e+03
1.500000000000000000e+01 5.039800000000000182e+03
3.100000000000000000e+01 5.040100000000000364e+03
7.000000000000000000e+00 5.040350000000000364e+03
7.900000000000000000e+01 5.040650000000000546e+03
5.500000000000000000e+01 5.040900000000000546e+03
6.300000000000000000e+01 5.041449999999999818e+03
4.700000000000000000e+01 5.044550000000000182e+03
2.300000000000000000e+01 5.066449999999999818e+03
7.100000000000000000e+01 5.068100000000000364e+03
7.900000000000000000e+01 5.070699999999999818e+03
3.900000000000000000e+01 5.072300000000000182e+03
6.300000000000000000e+01 5.072400000000000546e+03
3.100000000000000000e+01 5.072900000000000546e+03
1.500000000000000000e+01 5.073100000000000364e+03
7.000000000000000000e+00 5.073750000000000000e+03
4.700000000000000000e+01 5.073850000000000364e+03
5.500000000000000000e+01 5.081900000000000546e+03
7.100000000000000000e+01 5.100650000000000546e+03
4.700000000000000000e+01 5.103400000000000546e+03
7.900000000000000000e+01 5.103699999999999818e+03
6.300000000000000000e+01 5.105300000000000182e+03
3.900000000000000000e+01 5.105850000000000364e+03
3.100000000000000000e+01 5.106199999999999818e+03
1.500000000000000000e+01 5.106949999999999818e+03
7.000000000000000000e+00 5.107449999999999818e+03
5.500000000000000000e+01 5.108300000000000182e+03
2.300000000000000000e+01 5.108949999999999818e+03
4.700000000000000000e+01 5.131050000000000182e+03
7.900000000000000000e+01 5.134550000000000182e+03
1.500000000000000000e+01 5.140100000000000364e+03
3.100000000000000000e+01 5.140949999999999818e+03
6.300000000000000000e+01 5.142750000000000000e+03
7.000000000000000000e+00 5.142850000000000364e+03
3.900000000000000000e+01 5.142850000000000364e+03
5.500000000000000000e+01 5.142850000000000364e+03
2.300000000000000000e+01 5.143400000000000546e+03
7.100000000000000000e+01 5.144350000000000364e+03
7.900000000000000000e+01 5.159100000000000364e+03
1.500000000000000000e+01 5.171250000000000000e+03
3.900000000000000000e+01 5.173100000000000364e+03
3.100000000000000000e+01 5.173699999999999818e+03
5.500000000000000000e+01 5.174050000000000182e+03
6.300000000000000000e+01 5.174699999999999818e+03
4.700000000000000000e+01 5.175500000000000000e+03
7.100000000000000000e+01 5.175500000000000000e+03
2.300000000000000000e+01 5.176850000000000364e+03
7.000000000000000000e+00 5.177550000000000182e+03
7.900000000000000000e+01 5.179699999999999818e+03
5.500000000000000000e+01 5.198350000000000364e+03
3.100000000000000000e+01 5.205900000000000546e+03
6.300000000000000000e+01 5.206900000000000546e+03
7.100000000000000000e+01 5.208250000000000000e+03
3.900000000000000000e+01 5.209050000000000182e+03
1.500000000000000000e+01 5.209300000000000182e+03
4.700000000000000000e+01 5.211100000000000364e+03
2.300000000000000000e+01 5.212000000000000000e+03
7.900000000000000000e+01 5.211949999999999818e+03
7.000000000000000000e+00 5.212350000000000364e+03
5.500000000000000000e+01 5.235150000000000546e+03
6.300000000000000000e+01 5.239199999999999818e+03
3.900000000000000000e+01 5.239550000000000182e+03
3.100000000000000000e+01 5.241050000000000182e+03
1.500000000000000000e+01 5.241650000000000546e+03
4.700000000000000000e+01 5.241900000000000546e+03
7.100000000000000000e+01 5.242199999999999818e+03
7.900000000000000000e+01 5.242900000000000546e+03
7.000000000000000000e+00 5.242949999999999818e+03
2.300000000000000000e+01 5.244100000000000364e+03
5.500000000000000000e+01 5.266150000000000546e+03
3.900000000000000000e+01 5.272550000000000182e+03
6.300000000000000000e+01 5.273000000000000000e+03
7.000000000000000000e+00 5.273449999999999818e+03
4.700000000000000000e+01 5.273850000000000364e+03
3.100000000000000000e+01 5.274900000000000546e+03
2.300000000000000000e+01 5.275350000000000364e+03
7.900000000000000000e+01 5.275750000000000000e+03
1.500000000000000000e+01 5.276400000000000546e+03
7.100000000000000000e+01 5.276900000000000546e+03
5.500000000000000000e+01 5.293199999999999818e+03
7.000000000000000000e+00 5.300500000000000000e+03
2.300000000000000000e+01 5.306050000000000182e+03
4.700000000000000000e+01 5.306050000000000182e+03
3.100000000000000000e+01 5.306449999999999818e+03
3.900000000000000000e+01 5.307350000000000364e+03
1.500000000000000000e+01 5.307449999999999818e+03
6.300000000000000000e+01 5.307949999999999818e+03
7.900000000000000000e+01 5.308400000000000546e+03
7.100000000000000000e+01 5.309050000000000182e+03
5.500000000000000000e+01 5.312600000000000364e+03
2.300000000000000000e+01 5.329800000000000182e+03
3.100000000000000000e+01 5.334250000000000000e+03
7.000000000000000000e+00 5.334650000000000546e+03
7.900000000000000000e+01 5.335800000000000182e+03
1.500000000000000000e+01 5.336600000000000364e+03
6.300000000000000000e+01 5.337199999999999818e+03
7.100000000000000000e+01 5.337199999999999818e+03
4.700000000000000000e+01 5.338000000000000000e+03
3.900000000000000000e+01 5.338350000000000364e+03
5.500000000000000000e+01 5.338949999999999818e+03
7.000000000000000000e+00 5.356699999999999818e+03
7.100000000000000000e+01 5.365100000000000364e+03
5.500000000000000000e+01 5.367600000000000364e+03
7.900000000000000000e+01 5.367750000000000000e+03
3.100000000000000000e+01 5.368050000000000182e+03
1.500000000000000000e+01 5.368300000000000182e+03
2.300000000000000000e+01 5.369150000000000546e+03
4.700000000000000000e+01 5.369350000000000364e+03
6.300000000000000000e+01 5.369800000000000182e+03
3.900000000000000000e+01 5.369900000000000546e+03
7.000000000000000000e+00 5.394250000000000000e+03
4.700000000000000000e+01 5.399150000000000546e+03
5.500000000000000000e+01 5.400250000000000000e+03
7.100000000000000000e+01 5.400750000000000000e+03
6.300000000000000000e+01 5.400850000000000364e+03
2.300000000000000000e+01 5.401150000000000546e+03
7.900000000000000000e+01 5.401300000000000182e+03
3.900000000000000000e+01 5.402100000000000364e+03
1.500000000000000000e+01 5.402150000000000546e+03
3.100000000000000000e+01 5.402449999999999818e+03
4.700000000000000000e+01 5.426050000000000182e+03
3.100000000000000000e+01 5.427949999999999818e+03
1.500000000000000000e+01 5.431199999999999818e+03
7.000000000000000000e+00 5.434000000000000000e+03
6.300000000000000000e+01 5.434150000000000546e+03
7.100000000000000000e+01 5.434449999999999818e+03
3.900000000000000000e+01 5.434800000000000182e+03
7.900000000000000000e+01 5.434949999999999818e+03
5.500000000000000000e+01 5.436449999999999818e+03
2.300000000000000000e+01 5.437650000000000546e+03
3.100000000000000000e+01 5.457500000000000000e+03
4.700000000000000000e+01 5.461300000000000182e+03
1.500000000000000000e+01 5.462050000000000182e+03
6.300000000000000000e+01 5.462900000000000546e+03
7.000000000000000000e+00 5.463699999999999818e+03
7.100000000000000000e+01 5.463650000000000546e+03
3.900000000000000000e+01 5.464050000000000182e+03
7.900000000000000000e+01 5.465300000000000182e+03
5.500000000000000000e+01 5.465949999999999818e+03
2.300000000000000000e+01 5.466550000000000182e+03
1.500000000000000000e+01 5.489000000000000000e+03
3.100000000000000000e+01 5.489250000000000000e+03
4.700000000000000000e+01 5.490949999999999818e+03
6.300000000000000000e+01 5.491699999999999818e+03
2.300000000000000000e+01 5.492300000000000182e+03
7.000000000000000000e+00 5.492600000000000364e+03
3.900000000000000000e+01 5.493350000000000364e+03
7.100000000000000000e+01 5.493750000000000000e+03
7.900000000000000000e+01 5.494199999999999818e+03
5.500000000000000000e+01 5.494300000000000182e+03
1.500000000000000000e+01 5.516550000000000182e+03
7.000000000000000000e+00 5.518949999999999818e+03
3.100000000000000000e+01 5.520900000000000546e+03
7.900000000000000000e+01 5.522949999999999818e+03
2.300000000000000000e+01 5.523100000000000364e+03
3.900000000000000000e+01 5.524250000000000000e+03
5.500000000000000000e+01 5.524550000000000182e+03
4.700000000000000000e+01 5.524650000000000546e+03
6.300000000000000000e+01 5.524900000000000546e+03
7.100000000000000000e+01 5.524949999999999818e+03
3.900000000000000000e+01 5.546250000000000000e+03
1.500000000000000000e+01 5.548800000000000182e+03
3.100000000000000000e+01 5.549350000000000364e+03
5.500000000000000000e+01 5.550500000000000000e+03
7.000000000000000000e+00 5.551000000000000000e+03
7.900000000000000000e+01 5.552650000000000546e+03
7.100000000000000000e+01 5.552900000000000546e+03
2.300000000000000000e+01 5.553199999999999818e+03
6.300000000000000000e+01 5.554199999999999818e+03
4.700000000000000000e+01 5.554699999999999818e+03
3.900000000000000000e+01 5.570650000000000546e+03
7.100000000000000000e+01 5.573150000000000546e+03
5.500000000000000000e+01 5.576750000000000000e+03
3.100000000000000000e+01 5.580449999999999818e+03
4.700000000000000000e+01 5.581550000000000182e+03
2.300000000000000000e+01 5.581699999999999818e+03
1.500000000000000000e+01 5.581800000000000182e+03
6.300000000000000000e+01 5.581850000000000364e+03
7.900000000000000000e+01 5.582699999999999818e+03
7.000000000000000000e+00 5.584300000000000182e+03
7.100000000000000000e+01 5.596550000000000182e+03
2.300000000000000000e+01 5.609050000000000182e+03
7.900000000000000000e+01 5.611199999999999818e+03
3.900000000000000000e+01 5.611900000000000546e+03
1.500000000000000000e+01 5.612900000000000546e+03
3.100000000000000000e+01 5.613250000000000000e+03
6.300000000000000000e+01 5.613500000000000000e+03
4.700000000000000000e+01 5.613800000000000182e+03
5.500000000000000000e+01 5.613850000000000364e+03
7.000000000000000000e+00 5.614100000000000364e+03
7.100000000000000000e+01 5.614100000000000364e+03
3.900000000000000000e+01 5.640750000000000000e+03
2.300000000000000000e+01 5.643050000000000182e+03
7.900000000000000000e+01 5.644100000000000364e+03
7.100000000000000000e+01 5.644850000000000364e+03
4.700000000000000000e+01 5.646500000000000000e+03
1.500000000000000000e+01 5.646900000000000546e+03
5.500000000000000000e+01 5.646949999999999818e+03
6.300000000000000000e+01 5.647100000000000364e+03
7.000000000000000000e+00 5.647600000000000364e+03
3.100000000000000000e+01 5.647600000000000364e+03
2.300000000000000000e+01 5.670250000000000000e+03
7.900000000000000000e+01 5.675250000000000000e+03
4.700000000000000000e+01 5.675600000000000364e+03
6.300000000000000000e+01 5.676000000000000000e+03
3.100000000000000000e+01 5.676250000000000000e+03
3.900000000000000000e+01 5.676600000000000364e+03
7.000000000000000000e+00 5.676850000000000364e+03
1.500000000000000000e+01 5.677100000000000364e+03
5.500000000000000000e+01 5.677100000000000364e+03
7.100000000000000000e+01 5.677500000000000000e+03
2.300000000000000000e+01 5.697650000000000546e+03
6.300000000000000000e+01 5.703800000000000182e+03
7.900000000000000000e+01 5.704400000000000546e+03
7.000000000000000000e+00 5.704850000000000364e+03
5.500000000000000000e+01 5.705250000000000000e+03
7.100000000000000000e+01 5.705750000000000000e+03
4.700000000000000000e+01 5.705850000000000364e+03
1.500000000000000000e+01 5.706100000000000364e+03
3.900000000000000000e+01 5.706350000000000364e+03
3.100000000000000000e+01 5.706449999999999818e+03
7.900000000000000000e+01 5.736199999999999818e+03
4.700000000000000000e+01 5.736600000000000364e+03
2.300000000000000000e+01 5.736650000000000546e+03
6.300000000000000000e+01 5.736850000000000364e+03
3.900000000000000000e+01 5.737600000000000364e+03
5.500000000000000000e+01 5.737550000000000182e+03
1.500000000000000000e+01 5.738050000000000182e+03
7.100000000000000000e+01 5.738100000000000364e+03
7.000000000000000000e+00 5.738150000000000546e+03
3.100000000000000000e+01 5.739199999999999818e+03
2.300000000000000000e+01 5.761350000000000364e+03
7.900000000000000000e+01 5.765699999999999818e+03
5.500000000000000000e+01 5.766100000000000364e+03
7.100000000000000000e+01 5.766400000000000546e+03
4.700000000000000000e+01 5.766699999999999818e+03
6.300000000000000000e+01 5.767400000000000546e+03
7.000000000000000000e+00 5.767750000000000000e+03
1.500000000000000000e+01 5.768000000000000000e+03
3.900000000000000000e+01 5.768050000000000182e+03
3.100000000000000000e+01 5.769500000000000000e+03
5.500000000000000000e+01 5.785050000000000182e+03
7.900000000000000000e+01 5.793500000000000000e+03
3.900000000000000000e+01 5.794350000000000364e+03
2.300000000000000000e+01 5.795000000000000000e+03
7.100000000000000000e+01 5.796150000000000546e+03
4.700000000000000000e+01 5.796600000000000364e+03
3.100000000000000000e+01 5.796800000000000182e+03
7.000000000000000000e+00 5.796850000000000364e+03
1.500000000000000000e+01 5.796850000000000364e+03
6.300000000000000000e+01 5.797850000000000364e+03
5.500000000000000000e+01 5.808000000000000000e+03
2.300000000000000000e+01 5.821250000000000000e+03
4.700000000000000000e+01 5.822500000000000000e+03
7.100000000000000000e+01 5.823750000000000000e+03
7.900000000000000000e+01 5.823900000000000546e+03
3.900000000000000000e+01 5.825250000000000000e+03
7.000000000000000000e+00 5.825650000000000546e+03
6.300000000000000000e+01 5.825699999999999818e+03
3.100000000000000000e+01 5.826050000000000182e+03
1.500000000000000000e+01 5.827699999999999818e+03
5.500000000000000000e+01 5.827750000000000000e+03
2.300000000000000000e+01 5.851000000000000000e+03
7.100000000000000000e+01 5.851300000000000182e+03
3.900000000000000000e+01 5.852600000000000364e+03
4.700000000000000000e+01 5.852550000000000182e+03
3.100000000000000000e+01 5.853000000000000000e+03
7.000000000000000000e+00 5.853050000000000182e+03
6.300000000000000000e+01 5.853699999999999818e+03
1.500000000000000000e+01 5.853800000000000182e+03
5.500000000000000000e+01 5.854000000000000000e+03
7.900000000000000000e+01 5.854100000000000364e+03
4.700000000000000000e+01 5.879250000000000000e+03
5.500000000000000000e+01 5.879650000000000546e+03
3.100000000000000000e+01 5.881750000000000000e+03
6.300000000000000000e+01 5.885100000000000364e+03
3.900000000000000000e+01 5.885199999999999818e+03
1.500000000000000000e+01 5.885699999999999818e+03
2.300000000000000000e+01 5.885750000000000000e+03
7.000000000000000000e+00 5.885949999999999818e+03
7.100000000000000000e+01 5.886050000000000182e+03
7.900000000000000000e+01 5.886850000000000364e+03
4.700000000000000000e+01 5.910300000000000182e+03
2.300000000000000000e+01 5.912050000000000182e+03
3.900000000000000000e+01 5.912400000000000546e+03
6.300000000000000000e+01 5.913100000000000364e+03
3.100000000000000000e+01 5.913350000000000364e+03
1.500000000000000000e+01 5.914199999999999818e+03
7.900000000000000000e+01 5.914650000000000546e+03
7.100000000000000000e+01 5.915250000000000000e+03
5.500000000000000000e+01 5.915600000000000364e+03
7.000000000000000000e+00 5.915800000000000182e+03
3.100000000000000000e+01 5.946199999999999818e+03
7.100000000000000000e+01 5.946350000000000364e+03
1.500000000000000000e+01 5.946500000000000000e+03
7.000000000000000000e+00 5.946699999999999818e+03
3.900000000000000000e+01 5.946750000000000000e+03
6.300000000000000000e+01 5.946800000000000182e+03
5.500000000000000000e+01 5.946900000000000546e+03
7.900000000000000000e+01 5.947050000000000182e+03
2.300000000000000000e+01 5.947199999999999818e+03
4.700000000000000000e+01 5.947650000000000546e+03
2.300000000000000000e+01 5.972850000000000364e+03
5.500000000000000000e+01 5.973650000000000546e+03
1.500000000000000000e+01 5.973750000000000000e+03
7.000000000000000000e+00 5.974800000000000182e+03
3.100000000000000000e+01 5.975550000000000182e+03
7.100000000000000000e+01 5.975600000000000364e+03
4.700000000000000000e+01 5.976350000000000364e+03
6.300000000000000000e+01 5.976500000000000000e+03
7.900000000000000000e+01 5.977250000000000000e+03
3.900000000000000000e+01 5.977600000000000364e+03
7.900000000000000000e+01 6.090600000000000364e+03
7.000000000000000000e+00 6.300050000000000182e+03
2.300000000000000000e+01 6.336150000000000546e+03
5.500000000000000000e+01 6.346650000000000546e+03
7.000000000000000000e+00 6.428699999999999818e+03
2.300000000000000000e+01 6.481000000000000000e+03
7.100000000000000000e+01 6.482600000000000364e+03
1.500000000000000000e+01 6.483300000000000182e+03
3.900000000000000000e+01 6.483250000000000000e+03
5.500000000000000000e+01 6.483400000000000546e+03
4.700000000000000000e+01 6.483800000000000182e+03
7.000000000000000000e+00 6.484500000000000000e+03
3.100000000000000000e+01 6.484500000000000000e+03
7.900000000000000000e+01 6.484650000000000546e+03
6.300000000000000000e+01 6.485000000000000000e+03
4.700000000000000000e+01 6.572850000000000364e+03
1.500000000000000000e+01 6.677400000000000546e+03
3.900000000000000000e+01 6.765300000000000182e+03
7.900000000000000000e+01 6.779350000000000364e+03
7.100000000000000000e+01 6.779550000000000182e+03
1.500000000000000000e+01 6.784300000000000182e+03
3.100000000000000000e+01 6.784300000000000182e+03
6.300000000000000000e+01 6.784449999999999818e+03
2.300000000000000000e+01 6.784750000000000000e+03
4.700000000000000000e+01 6.784850000000000364e+03
5.500000000000000000e+01 6.784949999999999818e+03
7.000000000000000000e+00 6.785949999999999818e+03
3.900000000000000000e+01 6.787199999999999818e+03
1.500000000000000000e+01 7.087400000000000546e+03
4.700000000000000000e+01 7.130449999999999818e+03
7.100000000000000000e+01 7.136150000000000546e+03
4.700000000000000000e+01 7.547150000000000546e+03
3.100000000000000000e+01 7.870400000000000546e+03
1.500000000000000000e+01 7.985350000000000364e+03
6.300000000000000000e+01 8.025850000000000364e+03
3.100000000000000000e+01 8.197750000000000000e+03
2.300000000000000000e+01 9.086850000000000364e+03
5.500000000000000000e+01 9.189750000000000000e+03
4.700000000000000000e+01 1.014805000000000109e+04
7.000000000000000000e+00 1.015320000000000073e+04
3.100000000000000000e+01 1.015595000000000073e+04
1.500000000000000000e+01 1.015870000000000073e+04
3.900000000000000000e+01 1.015914999999999964e+04
7.100000000000000000e+01 1.016075000000000000e+04
2.300000000000000000e+01 1.016260000000000036e+04
5.500000000000000000e+01 1.016255000000000109e+04
7.900000000000000000e+01 1.016350000000000000e+04
6.300000000000000000e+01 1.016360000000000036e+04
7.100000000000000000e+01 1.029839999999999964e+04
3.100000000000000000e+01 1.036705000000000109e+04
7.100000000000000000e+01 1.049375000000000000e+04
5.500000000000000000e+01 1.052839999999999964e+04
5.500000000000000000e+01 1.075885000000000036e+04
1.500000000000000000e+01 1.076150000000000000e+04
2.300000000000000000e+01 1.076250000000000000e+04
4.700000000000000000e+01 1.076245000000000073e+04
7.900000000000000000e+01 1.076370000000000073e+04
3.100000000000000000e+01 1.076414999999999964e+04
6.300000000000000000e+01 1.076414999999999964e+04
3.900000000000000000e+01 1.076445000000000073e+04
7.100000000000000000e+01 1.076470000000000073e+04
7.000000000000000000e+00 1.076475000000000000e+04
2.300000000000000000e+01 1.088545000000000073e+04
4.700000000000000000e+01 1.090805000000000109e+04
7.000000000000000000e+00 1.128730000000000109e+04
6.300000000000000000e+01 1.174225000000000000e+04
4.700000000000000000e+01 1.183150000000000000e+04
6.300000000000000000e+01 1.186760000000000036e+04
7.100000000000000000e+01 1.284135000000000036e+04
7.000000000000000000e+00 1.293860000000000036e+04
1.500000000000000000e+01 1.328280000000000109e+04
6.300000000000000000e+01 1.409545000000000073e+04
7.900000000000000000e+01 1.420355000000000109e+04
7.000000000000000000e+00 1.421595000000000073e+04
6.300000000000000000e+01 1.431945000000000073e+04
1.500000000000000000e+01 1.457045000000000073e+04
3.900000000000000000e+01 1.463630000000000109e+04
7.000000000000000000e+00 1.466689999999999964e+04
6.300000000000000000e+01 1.469975000000000000e+04
6.300000000000000000e+01 1.480310000000000036e+04
7.900000000000000000e+01 1.489400000000000000e+04
3.900000000000000000e+01 1.489989999999999964e+04
6.300000000000000000e+01 1.491280000000000109e+04
2.300000000000000000e+01 1.491339999999999964e+04
3.100000000000000000e+01 1.491410000000000036e+04
4.700000000000000000e+01 1.491420000000000073e+04
5.500000000000000000e+01 1.491445000000000073e+04
7.100000000000000000e+01 1.491455000000000109e+04
1.500000000000000000e+01 1.491535000000000036e+04
7.000000000000000000e+00 1.491639999999999964e+04
7.900000000000000000e+01 1.491800000000000000e+04
7.100000000000000000e+01 1.522639999999999964e+04
1.500000000000000000e+01 1.542930000000000109e+04
3.100000000000000000e+01 1.544495000000000073e+04
7.000000000000000000e+00 1.551145000000000073e+04
7.900000000000000000e+01 1.609114999999999964e+04
4.700000000000000000e+01 1.621685000000000036e+04
3.100000000000000000e+01 1.643484999999999854e+04
1.500000000000000000e+01 1.654690000000000146e+04
7.000000000000000000e+00 1.832590000000000146e+04
7.100000000000000000e+01 1.832950000000000000e+04
3.900000000000000000e+01 1.837170000000000073e+04
7.000000000000000000e+00 1.843565000000000146e+04
5.500000000000000000e+01 1.845015000000000146e+04
7.900000000000000000e+01 1.847950000000000000e+04
1.500000000000000000e+01 1.848304999999999927e+04
7.100000000000000000e+01 1.848329999999999927e+04
3.900000000000000000e+01 1.848370000000000073e+04
7.000000000000000000e+00 1.848504999999999927e+04
3.100000000000000000e+01 1.848620000000000073e+04
2.300000000000000000e+01 1.848675000000000000e+04
4.700000000000000000e+01 1.848690000000000146e+04
6.300000000000000000e+01 1.848695000000000073e+04
5.500000000000000000e+01 1.848775000000000000e+04
1.500000000000000000e+01 1.881570000000000073e+04
3.900000000000000000e+01 1.882690000000000146e+04
3.900000000000000000e+01 1.912910000000000218e+04
1.500000000000000000e+01 1.913025000000000000e+04
3.900000000000000000e+01 1.977050000000000000e+04
7.100000000000000000e+01 2.014900000000000000e+04
7.100000000000000000e+01 2.053179999999999927e+04
7.100000000000000000e+01 2.117965000000000146e+04
7.100000000000000000e+01 2.213365000000000146e+04
1.500000000000000000e+01 2.223500000000000000e+04
3.100000000000000000e+01 2.223820000000000073e+04
5.500000000000000000e+01 2.230350000000000000e+04
3.900000000000000000e+01 2.234500000000000000e+04
2.300000000000000000e+01 2.234640000000000146e+04
3.100000000000000000e+01 2.238135000000000218e+04
7.900000000000000000e+01 2.240595000000000073e+04
5.500000000000000000e+01 2.240625000000000000e+04
4.700000000000000000e+01 2.240704999999999927e+04
2.300000000000000000e+01 2.240765000000000146e+04
2.300000000000000000e+01 2.255665000000000146e+04
2.300000000000000000e+01 2.263320000000000073e+04
3.900000000000000000e+01 2.280650000000000000e+04
3.900000000000000000e+01 2.296435000000000218e+04
