5.840000000000000000e+02 1.042000000000000028e+02
7.040000000000000000e+02 1.142000000000000028e+02
5.600000000000000000e+02 1.266500000000000057e+02
4.640000000000000000e+02 1.846500000000000057e+02
4.480000000000000000e+02 2.548000000000000114e+02
4.080000000000000000e+02 2.746000000000000227e+02
6.560000000000000000e+02 2.814000000000000341e+02
7.360000000000000000e+02 3.095500000000000114e+02
7.040000000000000000e+02 3.114499999999999886e+02
4.880000000000000000e+02 3.450000000000000000e+02
4.960000000000000000e+02 4.110500000000000114e+02
7.520000000000000000e+02 4.221500000000000341e+02
6.880000000000000000e+02 4.344000000000000341e+02
5.120000000000000000e+02 4.424499999999999886e+02
5.360000000000000000e+02 5.138500000000000227e+02
7.120000000000000000e+02 5.350000000000000000e+02
7.200000000000000000e+02 5.366000000000000227e+02
4.080000000000000000e+02 5.840500000000000682e+02
8.000000000000000000e+02 7.093500000000000227e+02
7.040000000000000000e+02 7.138000000000000682e+02
5.920000000000000000e+02 7.566000000000000227e+02
4.720000000000000000e+02 7.870500000000000682e+02
6.240000000000000000e+02 7.920000000000000000e+02
6.960000000000000000e+02 8.150500000000000682e+02
5.360000000000000000e+02 8.563500000000000227e+02
6.320000000000000000e+02 8.668999999999999773e+02
4.720000000000000000e+02 8.802500000000000000e+02
7.200000000000000000e+02 9.043500000000000227e+02
5.040000000000000000e+02 9.348000000000000682e+02
7.520000000000000000e+02 1.018000000000000000e+03
5.520000000000000000e+02 1.024900000000000091e+03
5.680000000000000000e+02 1.054950000000000045e+03
6.720000000000000000e+02 1.076549999999999955e+03
7.760000000000000000e+02 1.076950000000000045e+03
7.440000000000000000e+02 1.095200000000000045e+03
7.360000000000000000e+02 1.098250000000000000e+03
7.920000000000000000e+02 1.121200000000000045e+03
5.120000000000000000e+02 1.138150000000000091e+03
5.200000000000000000e+02 1.187250000000000000e+03
7.200000000000000000e+02 1.227650000000000091e+03
5.680000000000000000e+02 1.308200000000000045e+03
6.880000000000000000e+02 1.337150000000000091e+03
4.480000000000000000e+02 1.379450000000000045e+03
5.520000000000000000e+02 1.403049999999999955e+03
7.680000000000000000e+02 1.407100000000000136e+03
5.360000000000000000e+02 1.441650000000000091e+03
4.240000000000000000e+02 1.509100000000000136e+03
5.280000000000000000e+02 1.573000000000000000e+03
6.400000000000000000e+02 1.587650000000000091e+03
5.440000000000000000e+02 1.614700000000000045e+03
6.960000000000000000e+02 1.668049999999999955e+03
6.640000000000000000e+02 1.671700000000000045e+03
7.120000000000000000e+02 1.684100000000000136e+03
5.200000000000000000e+02 1.703799999999999955e+03
5.120000000000000000e+02 1.751150000000000091e+03
6.960000000000000000e+02 1.809299999999999955e+03
6.800000000000000000e+02 1.892650000000000091e+03
6.400000000000000000e+02 1.955900000000000091e+03
5.840000000000000000e+02 2.005299999999999955e+03
4.480000000000000000e+02 2.007650000000000091e+03
7.920000000000000000e+02 2.076800000000000182e+03
4.800000000000000000e+02 2.101099999999999909e+03
8.000000000000000000e+02 2.103300000000000182e+03
6.960000000000000000e+02 2.138199999999999818e+03
5.360000000000000000e+02 2.138400000000000091e+03
7.520000000000000000e+02 2.292200000000000273e+03
7.600000000000000000e+02 2.324450000000000273e+03
6.320000000000000000e+02 2.419950000000000273e+03
4.880000000000000000e+02 2.422349999999999909e+03
6.240000000000000000e+02 2.427300000000000182e+03
4.640000000000000000e+02 2.498750000000000000e+03
7.600000000000000000e+02 2.539800000000000182e+03
4.400000000000000000e+02 2.583550000000000182e+03
5.120000000000000000e+02 2.601200000000000273e+03
4.480000000000000000e+02 2.608200000000000273e+03
5.840000000000000000e+02 2.645900000000000091e+03
6.720000000000000000e+02 2.665550000000000182e+03
4.640000000000000000e+02 2.706400000000000091e+03
7.920000000000000000e+02 2.801250000000000000e+03
6.800000000000000000e+02 2.855550000000000182e+03
5.920000000000000000e+02 2.946750000000000000e+03
4.080000000000000000e+02 2.965900000000000091e+03
5.680000000000000000e+02 2.981950000000000273e+03
5.520000000000000000e+02 2.997599999999999909e+03
6.640000000000000000e+02 3.025849999999999909e+03
5.360000000000000000e+02 3.225650000000000091e+03
4.240000000000000000e+02 3.262650000000000091e+03
4.240000000000000000e+02 3.451599999999999909e+03
4.320000000000000000e+02 3.584349999999999909e+03
6.320000000000000000e+02 3.731500000000000000e+03
7.120000000000000000e+02 3.745700000000000273e+03
7.920000000000000000e+02 3.902800000000000182e+03
6.480000000000000000e+02 3.978000000000000000e+03
7.040000000000000000e+02 4.070950000000000273e+03
5.760000000000000000e+02 4.210850000000000364e+03
7.280000000000000000e+02 4.300100000000000364e+03
7.840000000000000000e+02 4.486650000000000546e+03
4.480000000000000000e+02 4.494350000000000364e+03
4.400000000000000000e+02 4.558600000000000364e+03
7.040000000000000000e+02 4.829800000000000182e+03
4.240000000000000000e+02 5.945900000000000546e+03
5.200000000000000000e+02 6.020050000000000182e+03
5.280000000000000000e+02 6.041900000000000546e+03
7.520000000000000000e+02 6.068850000000000364e+03
4.480000000000000000e+02 6.222100000000000364e+03
4.640000000000000000e+02 6.254850000000000364e+03
5.280000000000000000e+02 6.270199999999999818e+03
7.360000000000000000e+02 6.275150000000000546e+03
5.040000000000000000e+02 6.276199999999999818e+03
5.520000000000000000e+02 6.368300000000000182e+03
5.280000000000000000e+02 6.424650000000000546e+03
5.920000000000000000e+02 6.517850000000000364e+03
7.840000000000000000e+02 6.543150000000000546e+03
7.120000000000000000e+02 6.558000000000000000e+03
6.640000000000000000e+02 6.566500000000000000e+03
6.320000000000000000e+02 6.567300000000000182e+03
7.280000000000000000e+02 6.573199999999999818e+03
5.360000000000000000e+02 6.615949999999999818e+03
5.760000000000000000e+02 6.616150000000000546e+03
4.800000000000000000e+02 6.619050000000000182e+03
7.680000000000000000e+02 6.627550000000000182e+03
6.000000000000000000e+02 6.651199999999999818e+03
7.280000000000000000e+02 6.663900000000000546e+03
7.760000000000000000e+02 6.689750000000000000e+03
6.640000000000000000e+02 6.750750000000000000e+03
5.840000000000000000e+02 6.939000000000000000e+03
6.640000000000000000e+02 6.989900000000000546e+03
6.480000000000000000e+02 7.003000000000000000e+03
6.320000000000000000e+02 7.098350000000000364e+03
5.280000000000000000e+02 7.192750000000000000e+03
4.400000000000000000e+02 7.205650000000000546e+03
5.200000000000000000e+02 7.246500000000000000e+03
6.000000000000000000e+02 7.246550000000000182e+03
7.280000000000000000e+02 7.439449999999999818e+03
5.280000000000000000e+02 7.574900000000000546e+03
7.440000000000000000e+02 7.624350000000000364e+03
5.360000000000000000e+02 7.738449999999999818e+03
7.360000000000000000e+02 8.031750000000000000e+03
6.880000000000000000e+02 8.056550000000000182e+03
7.360000000000000000e+02 8.536149999999999636e+03
7.280000000000000000e+02 8.540750000000000000e+03
6.160000000000000000e+02 9.147250000000000000e+03
7.440000000000000000e+02 9.427300000000001091e+03
5.040000000000000000e+02 9.579850000000000364e+03
4.640000000000000000e+02 9.775700000000000728e+03
7.760000000000000000e+02 9.797149999999999636e+03
4.800000000000000000e+02 1.007335000000000036e+04
6.240000000000000000e+02 1.012785000000000036e+04
6.480000000000000000e+02 1.023214999999999964e+04
4.160000000000000000e+02 1.026089999999999964e+04
7.040000000000000000e+02 1.028235000000000036e+04
4.800000000000000000e+02 1.029295000000000073e+04
5.200000000000000000e+02 1.029580000000000109e+04
7.520000000000000000e+02 1.033520000000000073e+04
7.680000000000000000e+02 1.035610000000000036e+04
4.320000000000000000e+02 1.037839999999999964e+04
5.200000000000000000e+02 1.039685000000000036e+04
4.960000000000000000e+02 1.039789999999999964e+04
6.720000000000000000e+02 1.041539999999999964e+04
7.600000000000000000e+02 1.042735000000000036e+04
7.920000000000000000e+02 1.071680000000000109e+04
7.040000000000000000e+02 1.095005000000000109e+04
6.960000000000000000e+02 1.095789999999999964e+04
6.400000000000000000e+02 1.096535000000000036e+04
7.440000000000000000e+02 1.112789999999999964e+04
4.240000000000000000e+02 1.121305000000000109e+04
5.360000000000000000e+02 1.125089999999999964e+04
7.200000000000000000e+02 1.131995000000000073e+04
7.440000000000000000e+02 1.133235000000000036e+04
5.920000000000000000e+02 1.138075000000000000e+04
5.360000000000000000e+02 1.145364999999999964e+04
7.200000000000000000e+02 1.156350000000000000e+04
6.880000000000000000e+02 1.160760000000000036e+04
5.120000000000000000e+02 1.170830000000000109e+04
6.480000000000000000e+02 1.183495000000000073e+04
7.920000000000000000e+02 1.188895000000000073e+04
4.880000000000000000e+02 1.203200000000000000e+04
4.880000000000000000e+02 1.214314999999999964e+04
5.280000000000000000e+02 1.214789999999999964e+04
6.960000000000000000e+02 1.224500000000000000e+04
6.000000000000000000e+02 1.242200000000000000e+04
4.400000000000000000e+02 1.251035000000000036e+04
5.760000000000000000e+02 1.262495000000000073e+04
7.920000000000000000e+02 1.286289999999999964e+04
7.440000000000000000e+02 1.308085000000000036e+04
6.240000000000000000e+02 1.320925000000000000e+04
6.160000000000000000e+02 1.334595000000000073e+04
6.960000000000000000e+02 1.403010000000000036e+04
4.400000000000000000e+02 1.409189999999999964e+04
5.120000000000000000e+02 1.409189999999999964e+04
6.400000000000000000e+02 1.411405000000000109e+04
4.720000000000000000e+02 1.415830000000000109e+04
5.360000000000000000e+02 1.416255000000000109e+04
5.760000000000000000e+02 1.420405000000000109e+04
5.520000000000000000e+02 1.424310000000000036e+04
4.480000000000000000e+02 1.425830000000000109e+04
4.640000000000000000e+02 1.426689999999999964e+04
6.160000000000000000e+02 1.430920000000000073e+04
7.120000000000000000e+02 1.431139999999999964e+04
5.120000000000000000e+02 1.449185000000000036e+04
6.560000000000000000e+02 1.452080000000000109e+04
6.160000000000000000e+02 1.457050000000000000e+04
4.160000000000000000e+02 1.463645000000000073e+04
6.080000000000000000e+02 1.466845000000000073e+04
4.080000000000000000e+02 1.470935000000000036e+04
5.840000000000000000e+02 1.472525000000000000e+04
4.240000000000000000e+02 1.474589999999999964e+04
4.960000000000000000e+02 1.486295000000000073e+04
7.200000000000000000e+02 1.487795000000000073e+04
7.280000000000000000e+02 1.497250000000000000e+04
6.960000000000000000e+02 1.502764999999999964e+04
4.880000000000000000e+02 1.571939999999999964e+04
7.520000000000000000e+02 1.579720000000000073e+04
7.520000000000000000e+02 1.591535000000000036e+04
7.280000000000000000e+02 1.602100000000000000e+04
6.800000000000000000e+02 1.609045000000000073e+04
4.720000000000000000e+02 1.613580000000000109e+04
4.080000000000000000e+02 1.616160000000000036e+04
6.000000000000000000e+02 1.621750000000000000e+04
7.280000000000000000e+02 1.634489999999999964e+04
5.360000000000000000e+02 1.694365000000000146e+04
6.880000000000000000e+02 1.720259999999999854e+04
7.280000000000000000e+02 1.761400000000000000e+04
7.520000000000000000e+02 1.770165000000000146e+04
6.080000000000000000e+02 1.805195000000000073e+04
4.080000000000000000e+02 1.825720000000000073e+04
5.760000000000000000e+02 1.829650000000000000e+04
7.200000000000000000e+02 1.833285000000000218e+04
4.320000000000000000e+02 1.834315000000000146e+04
5.200000000000000000e+02 1.853725000000000000e+04
4.720000000000000000e+02 1.865979999999999927e+04
7.680000000000000000e+02 1.873650000000000000e+04
7.440000000000000000e+02 1.874660000000000218e+04
6.880000000000000000e+02 1.883875000000000000e+04
6.080000000000000000e+02 1.885735000000000218e+04
4.960000000000000000e+02 1.893720000000000073e+04
6.720000000000000000e+02 1.896865000000000146e+04
5.440000000000000000e+02 1.899890000000000146e+04
5.760000000000000000e+02 1.904965000000000146e+04
6.720000000000000000e+02 1.907600000000000000e+04
7.840000000000000000e+02 1.907785000000000218e+04
5.200000000000000000e+02 1.915185000000000218e+04
4.720000000000000000e+02 1.922795000000000073e+04
5.920000000000000000e+02 1.925825000000000000e+04
5.840000000000000000e+02 1.940720000000000073e+04
6.240000000000000000e+02 1.948075000000000000e+04
4.480000000000000000e+02 1.958554999999999927e+04
6.880000000000000000e+02 1.996754999999999927e+04
7.840000000000000000e+02 1.997245000000000073e+04
4.880000000000000000e+02 1.998060000000000218e+04
6.560000000000000000e+02 2.038415000000000146e+04
7.600000000000000000e+02 2.038504999999999927e+04
5.200000000000000000e+02 2.047400000000000000e+04
6.480000000000000000e+02 2.145525000000000000e+04
5.680000000000000000e+02 2.198440000000000146e+04
7.200000000000000000e+02 2.205775000000000000e+04
7.600000000000000000e+02 2.213395000000000073e+04
5.360000000000000000e+02 2.222340000000000146e+04
6.800000000000000000e+02 2.224975000000000000e+04
4.880000000000000000e+02 2.229495000000000073e+04
4.160000000000000000e+02 2.236620000000000073e+04
4.080000000000000000e+02 2.250879999999999927e+04
4.720000000000000000e+02 2.256404999999999927e+04
4.240000000000000000e+02 2.264479999999999927e+04
4.640000000000000000e+02 2.273720000000000073e+04
5.440000000000000000e+02 2.285345000000000073e+04
6.080000000000000000e+02 2.286740000000000146e+04
6.010000000000000000e+02 1.022500000000000000e+02
4.170000000000000000e+02 1.245499999999999972e+02
7.850000000000000000e+02 2.080000000000000000e+02
6.490000000000000000e+02 2.133499999999999943e+02
7.930000000000000000e+02 2.983000000000000114e+02
7.770000000000000000e+02 3.294000000000000341e+02
6.090000000000000000e+02 3.500500000000000114e+02
7.930000000000000000e+02 3.901500000000000341e+02
6.010000000000000000e+02 3.929499999999999886e+02
7.690000000000000000e+02 4.064499999999999886e+02
4.170000000000000000e+02 4.561500000000000341e+02
6.650000000000000000e+02 4.721999999999999886e+02
5.050000000000000000e+02 6.090500000000000682e+02
4.090000000000000000e+02 6.095000000000000000e+02
7.450000000000000000e+02 6.137000000000000455e+02
6.570000000000000000e+02 6.767000000000000455e+02
5.850000000000000000e+02 6.778999999999999773e+02
7.290000000000000000e+02 6.900000000000000000e+02
6.410000000000000000e+02 7.257500000000000000e+02
7.930000000000000000e+02 7.413999999999999773e+02
6.490000000000000000e+02 7.429500000000000455e+02
6.570000000000000000e+02 7.563000000000000682e+02
6.730000000000000000e+02 9.096000000000000227e+02
6.170000000000000000e+02 9.113500000000000227e+02
4.570000000000000000e+02 9.178500000000000227e+02
4.410000000000000000e+02 9.832000000000000455e+02
7.610000000000000000e+02 1.038900000000000091e+03
5.930000000000000000e+02 1.087700000000000045e+03
6.170000000000000000e+02 1.116250000000000000e+03
5.610000000000000000e+02 1.159799999999999955e+03
5.290000000000000000e+02 1.173950000000000045e+03
7.370000000000000000e+02 1.193200000000000045e+03
5.850000000000000000e+02 1.206049999999999955e+03
4.490000000000000000e+02 1.265200000000000045e+03
4.970000000000000000e+02 1.271650000000000091e+03
4.250000000000000000e+02 1.306850000000000136e+03
4.090000000000000000e+02 1.315100000000000136e+03
5.290000000000000000e+02 1.318350000000000136e+03
4.410000000000000000e+02 1.389850000000000136e+03
6.650000000000000000e+02 1.390150000000000091e+03
5.290000000000000000e+02 1.423450000000000045e+03
4.170000000000000000e+02 1.476400000000000091e+03
4.090000000000000000e+02 1.477799999999999955e+03
4.570000000000000000e+02 1.488049999999999955e+03
6.410000000000000000e+02 1.497850000000000136e+03
6.010000000000000000e+02 1.500850000000000136e+03
4.970000000000000000e+02 1.526400000000000091e+03
4.410000000000000000e+02 1.585250000000000000e+03
4.490000000000000000e+02 1.672100000000000136e+03
7.450000000000000000e+02 1.755700000000000045e+03
6.650000000000000000e+02 1.932250000000000000e+03
6.490000000000000000e+02 1.948799999999999955e+03
4.170000000000000000e+02 1.986850000000000136e+03
6.890000000000000000e+02 2.143250000000000000e+03
4.410000000000000000e+02 2.146300000000000182e+03
4.650000000000000000e+02 2.219599999999999909e+03
7.210000000000000000e+02 2.236599999999999909e+03
5.930000000000000000e+02 2.338800000000000182e+03
4.810000000000000000e+02 2.375950000000000273e+03
5.210000000000000000e+02 2.424099999999999909e+03
7.610000000000000000e+02 2.558800000000000182e+03
7.290000000000000000e+02 2.559500000000000000e+03
4.090000000000000000e+02 2.565150000000000091e+03
5.290000000000000000e+02 2.568950000000000273e+03
4.490000000000000000e+02 2.605099999999999909e+03
5.850000000000000000e+02 2.696200000000000273e+03
5.450000000000000000e+02 2.762650000000000091e+03
7.450000000000000000e+02 2.778500000000000000e+03
6.890000000000000000e+02 2.839300000000000182e+03
8.010000000000000000e+02 2.915550000000000182e+03
5.050000000000000000e+02 2.946200000000000273e+03
6.170000000000000000e+02 2.947500000000000000e+03
4.810000000000000000e+02 3.004900000000000091e+03
7.850000000000000000e+02 3.075150000000000091e+03
4.730000000000000000e+02 3.272050000000000182e+03
4.090000000000000000e+02 3.301849999999999909e+03
8.010000000000000000e+02 3.388050000000000182e+03
5.130000000000000000e+02 3.548750000000000000e+03
5.450000000000000000e+02 3.571750000000000000e+03
4.730000000000000000e+02 3.607150000000000091e+03
5.610000000000000000e+02 3.612750000000000000e+03
6.010000000000000000e+02 3.647950000000000273e+03
5.130000000000000000e+02 3.673050000000000182e+03
6.890000000000000000e+02 3.766200000000000273e+03
4.730000000000000000e+02 3.812849999999999909e+03
4.810000000000000000e+02 4.034500000000000000e+03
7.690000000000000000e+02 4.035849999999999909e+03
4.490000000000000000e+02 4.210149999999999636e+03
5.130000000000000000e+02 4.280149999999999636e+03
6.090000000000000000e+02 4.723900000000000546e+03
6.570000000000000000e+02 5.066750000000000000e+03
4.970000000000000000e+02 6.134300000000000182e+03
5.210000000000000000e+02 6.158300000000000182e+03
5.850000000000000000e+02 6.162699999999999818e+03
7.450000000000000000e+02 6.176949999999999818e+03
6.490000000000000000e+02 6.192400000000000546e+03
4.730000000000000000e+02 6.245850000000000364e+03
7.370000000000000000e+02 6.284400000000000546e+03
7.850000000000000000e+02 6.333250000000000000e+03
7.690000000000000000e+02 6.377750000000000000e+03
4.730000000000000000e+02 6.456699999999999818e+03
5.050000000000000000e+02 6.532699999999999818e+03
7.370000000000000000e+02 6.555100000000000364e+03
5.450000000000000000e+02 6.606199999999999818e+03
7.450000000000000000e+02 6.677900000000000546e+03
4.330000000000000000e+02 6.710100000000000364e+03
5.450000000000000000e+02 6.844000000000000000e+03
6.410000000000000000e+02 6.894800000000000182e+03
4.170000000000000000e+02 6.934500000000000000e+03
4.490000000000000000e+02 6.937949999999999818e+03
7.370000000000000000e+02 7.048199999999999818e+03
4.970000000000000000e+02 7.071550000000000182e+03
6.250000000000000000e+02 7.072050000000000182e+03
4.650000000000000000e+02 7.078250000000000000e+03
6.730000000000000000e+02 7.273050000000000182e+03
5.210000000000000000e+02 7.368949999999999818e+03
6.570000000000000000e+02 7.419800000000000182e+03
6.970000000000000000e+02 7.464750000000000000e+03
4.650000000000000000e+02 7.514300000000000182e+03
6.570000000000000000e+02 7.698350000000000364e+03
6.010000000000000000e+02 7.755000000000000000e+03
5.850000000000000000e+02 7.773500000000000000e+03
4.570000000000000000e+02 7.825500000000000000e+03
4.890000000000000000e+02 7.843000000000000000e+03
7.610000000000000000e+02 7.932100000000000364e+03
6.170000000000000000e+02 7.981699999999999818e+03
6.810000000000000000e+02 8.056550000000000182e+03
4.090000000000000000e+02 8.139500000000000000e+03
6.810000000000000000e+02 8.182949999999999818e+03
5.210000000000000000e+02 8.224200000000000728e+03
7.770000000000000000e+02 8.295899999999999636e+03
5.450000000000000000e+02 9.426899999999999636e+03
5.850000000000000000e+02 1.007020000000000073e+04
7.930000000000000000e+02 1.011880000000000109e+04
4.970000000000000000e+02 1.013050000000000000e+04
5.690000000000000000e+02 1.013739999999999964e+04
5.370000000000000000e+02 1.016145000000000073e+04
6.570000000000000000e+02 1.022555000000000109e+04
7.210000000000000000e+02 1.030164999999999964e+04
7.770000000000000000e+02 1.030989999999999964e+04
6.810000000000000000e+02 1.037170000000000073e+04
4.250000000000000000e+02 1.040289999999999964e+04
7.370000000000000000e+02 1.040930000000000109e+04
5.290000000000000000e+02 1.044635000000000036e+04
5.370000000000000000e+02 1.046195000000000073e+04
7.050000000000000000e+02 1.048080000000000109e+04
4.730000000000000000e+02 1.049155000000000109e+04
5.450000000000000000e+02 1.050514999999999964e+04
7.290000000000000000e+02 1.053710000000000036e+04
7.610000000000000000e+02 1.066860000000000036e+04
4.170000000000000000e+02 1.069055000000000109e+04
5.610000000000000000e+02 1.081430000000000109e+04
5.690000000000000000e+02 1.085505000000000109e+04
4.810000000000000000e+02 1.088285000000000036e+04
5.450000000000000000e+02 1.089695000000000073e+04
7.450000000000000000e+02 1.093125000000000000e+04
6.650000000000000000e+02 1.097314999999999964e+04
5.530000000000000000e+02 1.115230000000000109e+04
5.930000000000000000e+02 1.115235000000000036e+04
7.850000000000000000e+02 1.125489999999999964e+04
4.970000000000000000e+02 1.157860000000000036e+04
6.250000000000000000e+02 1.173585000000000036e+04
6.170000000000000000e+02 1.177260000000000036e+04
7.370000000000000000e+02 1.199155000000000109e+04
5.770000000000000000e+02 1.207345000000000073e+04
7.290000000000000000e+02 1.230505000000000109e+04
6.250000000000000000e+02 1.231330000000000109e+04
6.970000000000000000e+02 1.251439999999999964e+04
6.010000000000000000e+02 1.328020000000000073e+04
6.170000000000000000e+02 1.359580000000000109e+04
4.970000000000000000e+02 1.402964999999999964e+04
6.810000000000000000e+02 1.415239999999999964e+04
6.650000000000000000e+02 1.417550000000000000e+04
6.250000000000000000e+02 1.422045000000000073e+04
4.730000000000000000e+02 1.425870000000000073e+04
6.410000000000000000e+02 1.438510000000000036e+04
7.770000000000000000e+02 1.441414999999999964e+04
6.970000000000000000e+02 1.446130000000000109e+04
7.610000000000000000e+02 1.449880000000000109e+04
6.890000000000000000e+02 1.451100000000000000e+04
5.370000000000000000e+02 1.454314999999999964e+04
7.770000000000000000e+02 1.457120000000000073e+04
4.330000000000000000e+02 1.467075000000000000e+04
6.250000000000000000e+02 1.468289999999999964e+04
6.810000000000000000e+02 1.468900000000000000e+04
5.530000000000000000e+02 1.472289999999999964e+04
6.330000000000000000e+02 1.475655000000000109e+04
6.890000000000000000e+02 1.477750000000000000e+04
6.170000000000000000e+02 1.486705000000000109e+04
4.650000000000000000e+02 1.496764999999999964e+04
7.530000000000000000e+02 1.497780000000000109e+04
7.930000000000000000e+02 1.500030000000000109e+04
6.330000000000000000e+02 1.506160000000000036e+04
8.010000000000000000e+02 1.515810000000000036e+04
6.490000000000000000e+02 1.537470000000000073e+04
8.010000000000000000e+02 1.553800000000000000e+04
4.410000000000000000e+02 1.556610000000000036e+04
6.490000000000000000e+02 1.561489999999999964e+04
8.010000000000000000e+02 1.571775000000000000e+04
7.370000000000000000e+02 1.584300000000000000e+04
6.810000000000000000e+02 1.594455000000000109e+04
7.450000000000000000e+02 1.619675000000000000e+04
4.250000000000000000e+02 1.661790000000000146e+04
7.050000000000000000e+02 1.666129999999999927e+04
6.570000000000000000e+02 1.681934999999999854e+04
6.970000000000000000e+02 1.689200000000000000e+04
5.770000000000000000e+02 1.697254999999999927e+04
7.530000000000000000e+02 1.744809999999999854e+04
6.970000000000000000e+02 1.755645000000000073e+04
6.970000000000000000e+02 1.773454999999999927e+04
5.370000000000000000e+02 1.824825000000000000e+04
5.210000000000000000e+02 1.825895000000000073e+04
5.210000000000000000e+02 1.855865000000000146e+04
4.170000000000000000e+02 1.862754999999999927e+04
5.450000000000000000e+02 1.864035000000000218e+04
4.490000000000000000e+02 1.875935000000000218e+04
6.010000000000000000e+02 1.888950000000000000e+04
5.610000000000000000e+02 1.889904999999999927e+04
7.050000000000000000e+02 1.889925000000000000e+04
4.090000000000000000e+02 1.894829999999999927e+04
6.330000000000000000e+02 1.903300000000000000e+04
7.850000000000000000e+02 1.904570000000000073e+04
6.490000000000000000e+02 1.910354999999999927e+04
6.010000000000000000e+02 1.918245000000000073e+04
5.290000000000000000e+02 1.923265000000000146e+04
5.770000000000000000e+02 1.930765000000000146e+04
7.370000000000000000e+02 1.956904999999999927e+04
6.090000000000000000e+02 1.969765000000000146e+04
7.850000000000000000e+02 1.970329999999999927e+04
4.490000000000000000e+02 1.970625000000000000e+04
4.730000000000000000e+02 1.994345000000000073e+04
7.850000000000000000e+02 2.001904999999999927e+04
6.330000000000000000e+02 2.012200000000000000e+04
5.370000000000000000e+02 2.052945000000000073e+04
7.850000000000000000e+02 2.053290000000000146e+04
8.010000000000000000e+02 2.135804999999999927e+04
7.370000000000000000e+02 2.176985000000000218e+04
5.770000000000000000e+02 2.218070000000000073e+04
4.890000000000000000e+02 2.219654999999999927e+04
7.530000000000000000e+02 2.221445000000000073e+04
6.490000000000000000e+02 2.227845000000000073e+04
5.530000000000000000e+02 2.229265000000000146e+04
6.570000000000000000e+02 2.232870000000000073e+04
6.730000000000000000e+02 2.233610000000000218e+04
7.930000000000000000e+02 2.245690000000000146e+04
4.730000000000000000e+02 2.251629999999999927e+04
7.850000000000000000e+02 2.252025000000000000e+04
5.370000000000000000e+02 2.257915000000000146e+04
5.210000000000000000e+02 2.264700000000000000e+04
6.490000000000000000e+02 2.272150000000000000e+04
5.930000000000000000e+02 2.274125000000000000e+04
4.090000000000000000e+02 2.278450000000000000e+04
7.690000000000000000e+02 2.280954999999999927e+04
6.650000000000000000e+02 2.283935000000000218e+04
6.730000000000000000e+02 2.284245000000000073e+04
7.530000000000000000e+02 2.287920000000000073e+04
5.610000000000000000e+02 2.290745000000000073e+04
6.820000000000000000e+02 1.314499999999999886e+02
5.060000000000000000e+02 1.631500000000000057e+02
7.060000000000000000e+02 1.946500000000000057e+02
7.460000000000000000e+02 2.187000000000000171e+02
4.980000000000000000e+02 2.487000000000000171e+02
6.260000000000000000e+02 2.594499999999999886e+02
5.380000000000000000e+02 2.708500000000000227e+02
5.940000000000000000e+02 3.327500000000000000e+02
4.340000000000000000e+02 3.977500000000000000e+02
4.660000000000000000e+02 3.981999999999999886e+02
5.300000000000000000e+02 4.495500000000000114e+02
6.500000000000000000e+02 4.634000000000000341e+02
4.740000000000000000e+02 5.220499999999999545e+02
4.020000000000000000e+02 5.321000000000000227e+02
7.860000000000000000e+02 6.851499999999999773e+02
7.940000000000000000e+02 6.877000000000000455e+02
4.820000000000000000e+02 7.408500000000000227e+02
4.180000000000000000e+02 7.462500000000000000e+02
6.260000000000000000e+02 7.932000000000000455e+02
7.220000000000000000e+02 8.638000000000000682e+02
7.460000000000000000e+02 8.722000000000000455e+02
4.500000000000000000e+02 9.529500000000000455e+02
6.660000000000000000e+02 9.678999999999999773e+02
7.300000000000000000e+02 1.053250000000000000e+03
4.020000000000000000e+02 1.068450000000000045e+03
6.420000000000000000e+02 1.161299999999999955e+03
6.980000000000000000e+02 1.196250000000000000e+03
6.340000000000000000e+02 1.199850000000000136e+03
6.020000000000000000e+02 1.225299999999999955e+03
4.180000000000000000e+02 1.298400000000000091e+03
5.700000000000000000e+02 1.306500000000000000e+03
7.700000000000000000e+02 1.326950000000000045e+03
5.780000000000000000e+02 1.350100000000000136e+03
7.300000000000000000e+02 1.356049999999999955e+03
5.460000000000000000e+02 1.396850000000000136e+03
6.580000000000000000e+02 1.421650000000000091e+03
4.260000000000000000e+02 1.457000000000000000e+03
4.580000000000000000e+02 1.473799999999999955e+03
4.420000000000000000e+02 1.484299999999999955e+03
4.260000000000000000e+02 1.520000000000000000e+03
7.620000000000000000e+02 1.586850000000000136e+03
4.740000000000000000e+02 1.587750000000000000e+03
7.460000000000000000e+02 1.590150000000000091e+03
7.060000000000000000e+02 1.626299999999999955e+03
7.380000000000000000e+02 1.647549999999999955e+03
7.780000000000000000e+02 1.713549999999999955e+03
6.340000000000000000e+02 1.754450000000000045e+03
7.060000000000000000e+02 1.824950000000000045e+03
6.260000000000000000e+02 1.840799999999999955e+03
6.980000000000000000e+02 1.910850000000000136e+03
7.700000000000000000e+02 1.927450000000000045e+03
4.900000000000000000e+02 1.957750000000000000e+03
4.740000000000000000e+02 2.144000000000000000e+03
4.980000000000000000e+02 2.198050000000000182e+03
4.580000000000000000e+02 2.208250000000000000e+03
7.220000000000000000e+02 2.248300000000000182e+03
6.740000000000000000e+02 2.381950000000000273e+03
6.980000000000000000e+02 2.386250000000000000e+03
5.380000000000000000e+02 2.419800000000000182e+03
6.340000000000000000e+02 2.429349999999999909e+03
4.100000000000000000e+02 2.434250000000000000e+03
5.860000000000000000e+02 2.457099999999999909e+03
4.260000000000000000e+02 2.464500000000000000e+03
4.820000000000000000e+02 2.526300000000000182e+03
4.740000000000000000e+02 2.537400000000000091e+03
7.540000000000000000e+02 2.556200000000000273e+03
5.300000000000000000e+02 2.594500000000000000e+03
5.300000000000000000e+02 2.647750000000000000e+03
6.820000000000000000e+02 2.679800000000000182e+03
6.420000000000000000e+02 2.684099999999999909e+03
6.500000000000000000e+02 2.730150000000000091e+03
7.940000000000000000e+02 2.749849999999999909e+03
4.500000000000000000e+02 2.758400000000000091e+03
4.580000000000000000e+02 2.775099999999999909e+03
4.580000000000000000e+02 2.862250000000000000e+03
7.540000000000000000e+02 2.899349999999999909e+03
4.340000000000000000e+02 2.902250000000000000e+03
6.020000000000000000e+02 2.943050000000000182e+03
4.500000000000000000e+02 2.967400000000000091e+03
5.860000000000000000e+02 3.073150000000000091e+03
6.900000000000000000e+02 3.204700000000000273e+03
6.820000000000000000e+02 3.235800000000000182e+03
7.860000000000000000e+02 3.420200000000000273e+03
6.340000000000000000e+02 3.699849999999999909e+03
4.420000000000000000e+02 3.881550000000000182e+03
5.780000000000000000e+02 3.897650000000000091e+03
5.460000000000000000e+02 3.899800000000000182e+03
6.980000000000000000e+02 3.980900000000000091e+03
6.820000000000000000e+02 4.145649999999999636e+03
6.740000000000000000e+02 4.439199999999999818e+03
5.460000000000000000e+02 4.707000000000000000e+03
6.660000000000000000e+02 4.811600000000000364e+03
6.020000000000000000e+02 4.860350000000000364e+03
6.980000000000000000e+02 6.065500000000000000e+03
6.420000000000000000e+02 6.117949999999999818e+03
6.020000000000000000e+02 6.144800000000000182e+03
5.780000000000000000e+02 6.169300000000000182e+03
6.980000000000000000e+02 6.257850000000000364e+03
6.980000000000000000e+02 6.322850000000000364e+03
6.180000000000000000e+02 6.337050000000000182e+03
5.060000000000000000e+02 6.367650000000000546e+03
7.780000000000000000e+02 6.415400000000000546e+03
5.780000000000000000e+02 6.432250000000000000e+03
6.740000000000000000e+02 6.517699999999999818e+03
6.340000000000000000e+02 6.537100000000000364e+03
7.380000000000000000e+02 6.572850000000000364e+03
7.540000000000000000e+02 6.579650000000000546e+03
4.020000000000000000e+02 6.615199999999999818e+03
5.460000000000000000e+02 6.624100000000000364e+03
6.660000000000000000e+02 6.647750000000000000e+03
6.180000000000000000e+02 6.650750000000000000e+03
6.340000000000000000e+02 6.682800000000000182e+03
4.420000000000000000e+02 6.775699999999999818e+03
7.940000000000000000e+02 6.775650000000000546e+03
7.060000000000000000e+02 6.946500000000000000e+03
7.780000000000000000e+02 6.947949999999999818e+03
6.020000000000000000e+02 6.982800000000000182e+03
6.420000000000000000e+02 6.999250000000000000e+03
7.940000000000000000e+02 7.160350000000000364e+03
7.060000000000000000e+02 7.267550000000000182e+03
5.940000000000000000e+02 7.411449999999999818e+03
6.580000000000000000e+02 7.701650000000000546e+03
6.900000000000000000e+02 7.723600000000000364e+03
7.140000000000000000e+02 7.867100000000000364e+03
6.100000000000000000e+02 7.961449999999999818e+03
5.060000000000000000e+02 8.370850000000000364e+03
6.100000000000000000e+02 8.604399999999999636e+03
7.060000000000000000e+02 8.689799999999999272e+03
6.180000000000000000e+02 8.942850000000000364e+03
6.660000000000000000e+02 9.646500000000000000e+03
6.500000000000000000e+02 1.004420000000000073e+04
6.100000000000000000e+02 1.007900000000000000e+04
4.500000000000000000e+02 1.008089999999999964e+04
4.100000000000000000e+02 1.008150000000000000e+04
5.940000000000000000e+02 1.008830000000000109e+04
6.500000000000000000e+02 1.013320000000000073e+04
4.660000000000000000e+02 1.013739999999999964e+04
5.060000000000000000e+02 1.016239999999999964e+04
4.260000000000000000e+02 1.019770000000000073e+04
5.620000000000000000e+02 1.025235000000000036e+04
7.380000000000000000e+02 1.029830000000000109e+04
5.380000000000000000e+02 1.033775000000000000e+04
4.580000000000000000e+02 1.035845000000000073e+04
6.740000000000000000e+02 1.044795000000000073e+04
7.300000000000000000e+02 1.049645000000000073e+04
4.740000000000000000e+02 1.056439999999999964e+04
6.180000000000000000e+02 1.063910000000000036e+04
5.540000000000000000e+02 1.064680000000000109e+04
6.820000000000000000e+02 1.067939999999999964e+04
6.500000000000000000e+02 1.067960000000000036e+04
7.860000000000000000e+02 1.069105000000000109e+04
4.820000000000000000e+02 1.075330000000000109e+04
6.500000000000000000e+02 1.081670000000000073e+04
6.580000000000000000e+02 1.091275000000000000e+04
6.180000000000000000e+02 1.091600000000000000e+04
6.260000000000000000e+02 1.092310000000000036e+04
7.140000000000000000e+02 1.092995000000000073e+04
6.340000000000000000e+02 1.104955000000000109e+04
4.500000000000000000e+02 1.131630000000000109e+04
6.900000000000000000e+02 1.132700000000000000e+04
7.780000000000000000e+02 1.134200000000000000e+04
5.460000000000000000e+02 1.170030000000000109e+04
5.620000000000000000e+02 1.181225000000000000e+04
6.980000000000000000e+02 1.188060000000000036e+04
6.180000000000000000e+02 1.219870000000000073e+04
7.540000000000000000e+02 1.225355000000000109e+04
4.020000000000000000e+02 1.226005000000000109e+04
4.900000000000000000e+02 1.228230000000000109e+04
4.500000000000000000e+02 1.236845000000000073e+04
5.300000000000000000e+02 1.239405000000000109e+04
6.580000000000000000e+02 1.251725000000000000e+04
6.100000000000000000e+02 1.274764999999999964e+04
6.740000000000000000e+02 1.289800000000000000e+04
5.540000000000000000e+02 1.325250000000000000e+04
5.860000000000000000e+02 1.333895000000000073e+04
6.580000000000000000e+02 1.353345000000000073e+04
6.900000000000000000e+02 1.403445000000000073e+04
4.900000000000000000e+02 1.411050000000000000e+04
7.460000000000000000e+02 1.425525000000000000e+04
4.180000000000000000e+02 1.432245000000000073e+04
6.420000000000000000e+02 1.434510000000000036e+04
5.140000000000000000e+02 1.434710000000000036e+04
6.740000000000000000e+02 1.437360000000000036e+04
7.780000000000000000e+02 1.441435000000000036e+04
6.580000000000000000e+02 1.446005000000000109e+04
7.300000000000000000e+02 1.456970000000000073e+04
6.580000000000000000e+02 1.466889999999999964e+04
5.220000000000000000e+02 1.467080000000000109e+04
6.660000000000000000e+02 1.474439999999999964e+04
7.060000000000000000e+02 1.475330000000000109e+04
4.500000000000000000e+02 1.483245000000000073e+04
7.620000000000000000e+02 1.486589999999999964e+04
7.220000000000000000e+02 1.487335000000000036e+04
4.900000000000000000e+02 1.488135000000000036e+04
7.220000000000000000e+02 1.494675000000000000e+04
5.620000000000000000e+02 1.498339999999999964e+04
5.700000000000000000e+02 1.520355000000000109e+04
7.540000000000000000e+02 1.534914999999999964e+04
6.580000000000000000e+02 1.547889999999999964e+04
5.220000000000000000e+02 1.550725000000000000e+04
5.700000000000000000e+02 1.555055000000000109e+04
5.700000000000000000e+02 1.571270000000000073e+04
7.140000000000000000e+02 1.571750000000000000e+04
6.500000000000000000e+02 1.576370000000000073e+04
7.140000000000000000e+02 1.577385000000000036e+04
4.020000000000000000e+02 1.580525000000000000e+04
5.700000000000000000e+02 1.650554999999999927e+04
6.980000000000000000e+02 1.672159999999999854e+04
7.460000000000000000e+02 1.710159999999999854e+04
4.980000000000000000e+02 1.726040000000000146e+04
7.460000000000000000e+02 1.794340000000000146e+04
4.820000000000000000e+02 1.803125000000000000e+04
4.980000000000000000e+02 1.803400000000000000e+04
6.180000000000000000e+02 1.812450000000000000e+04
6.260000000000000000e+02 1.814204999999999927e+04
4.340000000000000000e+02 1.820610000000000218e+04
4.660000000000000000e+02 1.824620000000000073e+04
5.860000000000000000e+02 1.832515000000000146e+04
6.660000000000000000e+02 1.832890000000000146e+04
4.900000000000000000e+02 1.833254999999999927e+04
6.820000000000000000e+02 1.843615000000000146e+04
6.660000000000000000e+02 1.853735000000000218e+04
4.180000000000000000e+02 1.855770000000000073e+04
7.860000000000000000e+02 1.856840000000000146e+04
5.220000000000000000e+02 1.859200000000000000e+04
4.260000000000000000e+02 1.862360000000000218e+04
6.500000000000000000e+02 1.864970000000000073e+04
6.820000000000000000e+02 1.865415000000000146e+04
7.940000000000000000e+02 1.875360000000000218e+04
6.340000000000000000e+02 1.879400000000000000e+04
6.900000000000000000e+02 1.881965000000000146e+04
7.300000000000000000e+02 1.885329999999999927e+04
4.100000000000000000e+02 1.886425000000000000e+04
5.300000000000000000e+02 1.887929999999999927e+04
6.500000000000000000e+02 1.888910000000000218e+04
7.620000000000000000e+02 1.891504999999999927e+04
5.780000000000000000e+02 1.891985000000000218e+04
7.140000000000000000e+02 1.896235000000000218e+04
5.140000000000000000e+02 1.898704999999999927e+04
4.820000000000000000e+02 1.899520000000000073e+04
7.220000000000000000e+02 1.901235000000000218e+04
6.660000000000000000e+02 1.915010000000000218e+04
6.900000000000000000e+02 1.916385000000000218e+04
5.780000000000000000e+02 1.921554999999999927e+04
4.980000000000000000e+02 1.958254999999999927e+04
4.340000000000000000e+02 1.972754999999999927e+04
4.820000000000000000e+02 1.983404999999999927e+04
5.540000000000000000e+02 1.986150000000000000e+04
6.580000000000000000e+02 1.995410000000000218e+04
4.340000000000000000e+02 2.031104999999999927e+04
4.020000000000000000e+02 2.041115000000000146e+04
7.860000000000000000e+02 2.055520000000000073e+04
7.940000000000000000e+02 2.068990000000000146e+04
6.420000000000000000e+02 2.154910000000000218e+04
4.260000000000000000e+02 2.203870000000000073e+04
7.140000000000000000e+02 2.205325000000000000e+04
4.820000000000000000e+02 2.205375000000000000e+04
6.820000000000000000e+02 2.221275000000000000e+04
7.060000000000000000e+02 2.223275000000000000e+04
5.380000000000000000e+02 2.225560000000000218e+04
5.860000000000000000e+02 2.226965000000000146e+04
4.340000000000000000e+02 2.227904999999999927e+04
5.700000000000000000e+02 2.228490000000000146e+04
4.820000000000000000e+02 2.231404999999999927e+04
7.700000000000000000e+02 2.232120000000000073e+04
5.460000000000000000e+02 2.234970000000000073e+04
6.900000000000000000e+02 2.235215000000000146e+04
5.300000000000000000e+02 2.274390000000000146e+04
7.940000000000000000e+02 2.275915000000000146e+04
7.780000000000000000e+02 2.277735000000000218e+04
4.020000000000000000e+02 2.280870000000000073e+04
4.980000000000000000e+02 2.287190000000000146e+04
5.540000000000000000e+02 2.288645000000000073e+04
4.110000000000000000e+02 1.442000000000000171e+02
4.750000000000000000e+02 1.542500000000000000e+02
5.470000000000000000e+02 2.716499999999999773e+02
5.310000000000000000e+02 2.844499999999999886e+02
5.230000000000000000e+02 3.107500000000000000e+02
5.950000000000000000e+02 4.025500000000000114e+02
5.150000000000000000e+02 4.799499999999999886e+02
6.190000000000000000e+02 5.308999999999999773e+02
6.350000000000000000e+02 5.611499999999999773e+02
4.510000000000000000e+02 5.618000000000000682e+02
4.350000000000000000e+02 6.807000000000000455e+02
4.510000000000000000e+02 6.965500000000000682e+02
4.110000000000000000e+02 7.230000000000000000e+02
7.150000000000000000e+02 7.481000000000000227e+02
5.710000000000000000e+02 7.523999999999999773e+02
4.910000000000000000e+02 7.888000000000000682e+02
5.230000000000000000e+02 7.907500000000000000e+02
7.470000000000000000e+02 8.055500000000000682e+02
4.910000000000000000e+02 8.592000000000000455e+02
6.270000000000000000e+02 9.122000000000000455e+02
7.070000000000000000e+02 9.626000000000000227e+02
6.910000000000000000e+02 1.045900000000000091e+03
7.630000000000000000e+02 1.067849999999999909e+03
4.510000000000000000e+02 1.116650000000000091e+03
6.830000000000000000e+02 1.223049999999999955e+03
4.350000000000000000e+02 1.271400000000000091e+03
6.510000000000000000e+02 1.312299999999999955e+03
6.750000000000000000e+02 1.337100000000000136e+03
6.430000000000000000e+02 1.392400000000000091e+03
5.790000000000000000e+02 1.403000000000000000e+03
4.590000000000000000e+02 1.458299999999999955e+03
6.830000000000000000e+02 1.498250000000000000e+03
6.270000000000000000e+02 1.511600000000000136e+03
6.430000000000000000e+02 1.549150000000000091e+03
4.430000000000000000e+02 1.565950000000000045e+03
7.470000000000000000e+02 1.572650000000000091e+03
5.390000000000000000e+02 1.631950000000000045e+03
5.390000000000000000e+02 1.735350000000000136e+03
4.590000000000000000e+02 1.773299999999999955e+03
7.710000000000000000e+02 1.775100000000000136e+03
4.190000000000000000e+02 1.776450000000000045e+03
7.950000000000000000e+02 1.781900000000000091e+03
6.350000000000000000e+02 1.801799999999999955e+03
6.030000000000000000e+02 1.805000000000000000e+03
5.550000000000000000e+02 1.892250000000000000e+03
5.950000000000000000e+02 1.906250000000000000e+03
5.470000000000000000e+02 1.913200000000000045e+03
6.030000000000000000e+02 1.923250000000000000e+03
7.070000000000000000e+02 1.996549999999999955e+03
6.430000000000000000e+02 2.028549999999999955e+03
7.230000000000000000e+02 2.067300000000000182e+03
7.390000000000000000e+02 2.097300000000000182e+03
4.830000000000000000e+02 2.113150000000000091e+03
6.670000000000000000e+02 2.129300000000000182e+03
4.350000000000000000e+02 2.198750000000000000e+03
5.950000000000000000e+02 2.236300000000000182e+03
4.350000000000000000e+02 2.263349999999999909e+03
4.190000000000000000e+02 2.286000000000000000e+03
6.590000000000000000e+02 2.292000000000000000e+03
5.470000000000000000e+02 2.339650000000000091e+03
4.670000000000000000e+02 2.359300000000000182e+03
6.110000000000000000e+02 2.385900000000000091e+03
7.950000000000000000e+02 2.612000000000000000e+03
6.830000000000000000e+02 2.652050000000000182e+03
7.390000000000000000e+02 2.654349999999999909e+03
4.270000000000000000e+02 2.758950000000000273e+03
5.950000000000000000e+02 2.796099999999999909e+03
6.030000000000000000e+02 2.855450000000000273e+03
5.950000000000000000e+02 2.937599999999999909e+03
5.150000000000000000e+02 3.024500000000000000e+03
4.750000000000000000e+02 3.291800000000000182e+03
6.670000000000000000e+02 3.387700000000000273e+03
6.510000000000000000e+02 3.502700000000000273e+03
7.150000000000000000e+02 3.692300000000000182e+03
6.270000000000000000e+02 3.702599999999999909e+03
5.230000000000000000e+02 3.768150000000000091e+03
5.950000000000000000e+02 3.773599999999999909e+03
7.310000000000000000e+02 3.823450000000000273e+03
4.030000000000000000e+02 3.882000000000000000e+03
6.190000000000000000e+02 4.078000000000000000e+03
6.510000000000000000e+02 4.078450000000000273e+03
5.790000000000000000e+02 4.329000000000000000e+03
6.750000000000000000e+02 4.442850000000000364e+03
6.590000000000000000e+02 4.592050000000000182e+03
7.390000000000000000e+02 4.699100000000000364e+03
5.230000000000000000e+02 4.716550000000000182e+03
4.350000000000000000e+02 4.783250000000000000e+03
6.430000000000000000e+02 4.923850000000000364e+03
7.310000000000000000e+02 5.582550000000000182e+03
5.870000000000000000e+02 5.998800000000000182e+03
7.630000000000000000e+02 6.005949999999999818e+03
6.430000000000000000e+02 6.107500000000000000e+03
6.030000000000000000e+02 6.109449999999999818e+03
5.790000000000000000e+02 6.120949999999999818e+03
6.830000000000000000e+02 6.136800000000000182e+03
7.630000000000000000e+02 6.157150000000000546e+03
4.190000000000000000e+02 6.157300000000000182e+03
4.590000000000000000e+02 6.188199999999999818e+03
6.270000000000000000e+02 6.190400000000000546e+03
6.590000000000000000e+02 6.214300000000000182e+03
4.990000000000000000e+02 6.247699999999999818e+03
7.310000000000000000e+02 6.252000000000000000e+03
6.110000000000000000e+02 6.262850000000000364e+03
6.590000000000000000e+02 6.318800000000000182e+03
5.470000000000000000e+02 6.358050000000000182e+03
7.070000000000000000e+02 6.365050000000000182e+03
6.030000000000000000e+02 6.369650000000000546e+03
7.790000000000000000e+02 6.461250000000000000e+03
4.510000000000000000e+02 6.533400000000000546e+03
5.390000000000000000e+02 6.574699999999999818e+03
5.870000000000000000e+02 6.574800000000000182e+03
4.190000000000000000e+02 6.619400000000000546e+03
5.390000000000000000e+02 6.665150000000000546e+03
7.630000000000000000e+02 6.711350000000000364e+03
6.590000000000000000e+02 6.728400000000000546e+03
7.950000000000000000e+02 6.744650000000000546e+03
5.230000000000000000e+02 6.839300000000000182e+03
5.550000000000000000e+02 6.887699999999999818e+03
4.270000000000000000e+02 6.919150000000000546e+03
6.990000000000000000e+02 6.925800000000000182e+03
7.710000000000000000e+02 6.942400000000000546e+03
4.110000000000000000e+02 6.949800000000000182e+03
7.150000000000000000e+02 6.969050000000000182e+03
7.230000000000000000e+02 7.096600000000000364e+03
6.030000000000000000e+02 7.121550000000000182e+03
4.590000000000000000e+02 7.388750000000000000e+03
4.030000000000000000e+02 7.439900000000000546e+03
6.270000000000000000e+02 7.463000000000000000e+03
7.870000000000000000e+02 7.745500000000000000e+03
4.110000000000000000e+02 7.781250000000000000e+03
4.590000000000000000e+02 8.315850000000000364e+03
5.950000000000000000e+02 8.494399999999999636e+03
4.910000000000000000e+02 8.518549999999999272e+03
4.430000000000000000e+02 8.541700000000000728e+03
7.310000000000000000e+02 8.602100000000000364e+03
5.470000000000000000e+02 9.977000000000000000e+03
7.550000000000000000e+02 1.005580000000000109e+04
7.070000000000000000e+02 1.006200000000000000e+04
5.550000000000000000e+02 1.008805000000000109e+04
6.270000000000000000e+02 1.012814999999999964e+04
4.590000000000000000e+02 1.027995000000000073e+04
4.830000000000000000e+02 1.030270000000000073e+04
6.190000000000000000e+02 1.030910000000000036e+04
4.910000000000000000e+02 1.031130000000000109e+04
6.670000000000000000e+02 1.036525000000000000e+04
7.470000000000000000e+02 1.038910000000000036e+04
4.190000000000000000e+02 1.041455000000000109e+04
4.030000000000000000e+02 1.042860000000000036e+04
4.670000000000000000e+02 1.047635000000000036e+04
5.950000000000000000e+02 1.048695000000000073e+04
4.750000000000000000e+02 1.048960000000000036e+04
5.870000000000000000e+02 1.050745000000000073e+04
7.550000000000000000e+02 1.051645000000000073e+04
6.990000000000000000e+02 1.052405000000000109e+04
4.910000000000000000e+02 1.068030000000000109e+04
5.470000000000000000e+02 1.068025000000000000e+04
7.310000000000000000e+02 1.075130000000000109e+04
5.310000000000000000e+02 1.081960000000000036e+04
7.870000000000000000e+02 1.083885000000000036e+04
4.510000000000000000e+02 1.094400000000000000e+04
5.070000000000000000e+02 1.095150000000000000e+04
6.910000000000000000e+02 1.098555000000000109e+04
5.790000000000000000e+02 1.100410000000000036e+04
5.390000000000000000e+02 1.100889999999999964e+04
5.630000000000000000e+02 1.106660000000000036e+04
7.150000000000000000e+02 1.109310000000000036e+04
6.270000000000000000e+02 1.113070000000000073e+04
7.390000000000000000e+02 1.128180000000000109e+04
7.710000000000000000e+02 1.132914999999999964e+04
5.470000000000000000e+02 1.169095000000000073e+04
5.710000000000000000e+02 1.172730000000000109e+04
5.710000000000000000e+02 1.191089999999999964e+04
5.950000000000000000e+02 1.195114999999999964e+04
7.790000000000000000e+02 1.198614999999999964e+04
7.310000000000000000e+02 1.211445000000000073e+04
6.670000000000000000e+02 1.213575000000000000e+04
7.230000000000000000e+02 1.214735000000000036e+04
6.110000000000000000e+02 1.230705000000000109e+04
5.630000000000000000e+02 1.232564999999999964e+04
6.990000000000000000e+02 1.237535000000000036e+04
6.590000000000000000e+02 1.277825000000000000e+04
4.350000000000000000e+02 1.292995000000000073e+04
7.310000000000000000e+02 1.309989999999999964e+04
5.950000000000000000e+02 1.362664999999999964e+04
4.350000000000000000e+02 1.404364999999999964e+04
5.070000000000000000e+02 1.418045000000000073e+04
4.910000000000000000e+02 1.418539999999999964e+04
5.790000000000000000e+02 1.425620000000000073e+04
4.510000000000000000e+02 1.430539999999999964e+04
7.310000000000000000e+02 1.437625000000000000e+04
5.950000000000000000e+02 1.447470000000000073e+04
6.910000000000000000e+02 1.448050000000000000e+04
4.830000000000000000e+02 1.467989999999999964e+04
5.870000000000000000e+02 1.468260000000000036e+04
7.070000000000000000e+02 1.468460000000000036e+04
4.270000000000000000e+02 1.471210000000000036e+04
7.630000000000000000e+02 1.471705000000000109e+04
6.830000000000000000e+02 1.471830000000000109e+04
7.390000000000000000e+02 1.486135000000000036e+04
4.990000000000000000e+02 1.496010000000000036e+04
4.830000000000000000e+02 1.509550000000000000e+04
6.670000000000000000e+02 1.513120000000000073e+04
7.070000000000000000e+02 1.520495000000000073e+04
5.150000000000000000e+02 1.529420000000000073e+04
4.670000000000000000e+02 1.539385000000000036e+04
6.510000000000000000e+02 1.541255000000000109e+04
5.150000000000000000e+02 1.571445000000000073e+04
7.150000000000000000e+02 1.584614999999999964e+04
4.190000000000000000e+02 1.587314999999999964e+04
4.990000000000000000e+02 1.590345000000000073e+04
6.830000000000000000e+02 1.604010000000000036e+04
5.150000000000000000e+02 1.605010000000000036e+04
4.750000000000000000e+02 1.615325000000000000e+04
7.790000000000000000e+02 1.616495000000000073e+04
6.510000000000000000e+02 1.616714999999999964e+04
4.270000000000000000e+02 1.619860000000000036e+04
6.990000000000000000e+02 1.640204999999999927e+04
5.790000000000000000e+02 1.644429999999999927e+04
5.150000000000000000e+02 1.658654999999999927e+04
6.510000000000000000e+02 1.682365000000000146e+04
4.830000000000000000e+02 1.695900000000000000e+04
7.710000000000000000e+02 1.696475000000000000e+04
7.390000000000000000e+02 1.700425000000000000e+04
5.790000000000000000e+02 1.719409999999999854e+04
7.550000000000000000e+02 1.792629999999999927e+04
6.350000000000000000e+02 1.814054999999999927e+04
4.190000000000000000e+02 1.822195000000000073e+04
5.550000000000000000e+02 1.822490000000000146e+04
5.630000000000000000e+02 1.831915000000000146e+04
4.350000000000000000e+02 1.838240000000000146e+04
6.910000000000000000e+02 1.843710000000000218e+04
5.550000000000000000e+02 1.846504999999999927e+04
5.790000000000000000e+02 1.854479999999999927e+04
7.870000000000000000e+02 1.856025000000000000e+04
4.670000000000000000e+02 1.857360000000000218e+04
4.030000000000000000e+02 1.857895000000000073e+04
7.230000000000000000e+02 1.863815000000000146e+04
7.950000000000000000e+02 1.864954999999999927e+04
6.030000000000000000e+02 1.868325000000000000e+04
7.070000000000000000e+02 1.871020000000000073e+04
6.030000000000000000e+02 1.883920000000000073e+04
7.390000000000000000e+02 1.896585000000000218e+04
4.030000000000000000e+02 1.931579999999999927e+04
7.310000000000000000e+02 1.935920000000000073e+04
6.030000000000000000e+02 1.947050000000000000e+04
5.870000000000000000e+02 1.967079999999999927e+04
5.310000000000000000e+02 1.976015000000000146e+04
7.150000000000000000e+02 1.976779999999999927e+04
6.350000000000000000e+02 1.977540000000000146e+04
5.150000000000000000e+02 1.979315000000000146e+04
6.030000000000000000e+02 1.981735000000000218e+04
6.910000000000000000e+02 2.041040000000000146e+04
7.710000000000000000e+02 2.047200000000000000e+04
7.790000000000000000e+02 2.057195000000000073e+04
5.870000000000000000e+02 2.063685000000000218e+04
6.110000000000000000e+02 2.105125000000000000e+04
5.230000000000000000e+02 2.129020000000000073e+04
6.590000000000000000e+02 2.149125000000000000e+04
4.830000000000000000e+02 2.206454999999999927e+04
7.710000000000000000e+02 2.207165000000000146e+04
5.950000000000000000e+02 2.215360000000000218e+04
7.550000000000000000e+02 2.221535000000000218e+04
7.710000000000000000e+02 2.223245000000000073e+04
7.870000000000000000e+02 2.224229999999999927e+04
6.750000000000000000e+02 2.224610000000000218e+04
4.430000000000000000e+02 2.225929999999999927e+04
7.390000000000000000e+02 2.229675000000000000e+04
7.790000000000000000e+02 2.234125000000000000e+04
7.390000000000000000e+02 2.253820000000000073e+04
7.950000000000000000e+02 2.275300000000000000e+04
4.030000000000000000e+02 2.277870000000000073e+04
4.350000000000000000e+02 2.286420000000000073e+04
5.390000000000000000e+02 2.287660000000000218e+04
5.950000000000000000e+02 2.288410000000000218e+04
4.910000000000000000e+02 2.291325000000000000e+04
7.310000000000000000e+02 2.296045000000000073e+04
4.510000000000000000e+02 2.298690000000000146e+04
6.120000000000000000e+02 1.167500000000000000e+02
4.440000000000000000e+02 1.509500000000000171e+02
5.320000000000000000e+02 2.065999999999999943e+02
7.880000000000000000e+02 2.313000000000000114e+02
4.760000000000000000e+02 2.387500000000000000e+02
4.520000000000000000e+02 2.974499999999999886e+02
6.760000000000000000e+02 3.515000000000000000e+02
4.840000000000000000e+02 3.866000000000000227e+02
7.720000000000000000e+02 4.110500000000000114e+02
5.400000000000000000e+02 4.353500000000000227e+02
7.160000000000000000e+02 4.561500000000000341e+02
5.160000000000000000e+02 4.673500000000000227e+02
4.120000000000000000e+02 4.753000000000000114e+02
6.200000000000000000e+02 5.395499999999999545e+02
5.320000000000000000e+02 5.398999999999999773e+02
7.480000000000000000e+02 5.706000000000000227e+02
4.600000000000000000e+02 5.793500000000000227e+02
7.400000000000000000e+02 7.158999999999999773e+02
5.960000000000000000e+02 7.657000000000000455e+02
5.880000000000000000e+02 7.898500000000000227e+02
4.120000000000000000e+02 8.176000000000000227e+02
7.720000000000000000e+02 8.581499999999999773e+02
6.200000000000000000e+02 8.942500000000000000e+02
4.920000000000000000e+02 9.012500000000000000e+02
7.960000000000000000e+02 9.030000000000000000e+02
5.960000000000000000e+02 9.687000000000000455e+02
5.160000000000000000e+02 1.050200000000000045e+03
4.040000000000000000e+02 1.053799999999999955e+03
4.840000000000000000e+02 1.086650000000000091e+03
4.440000000000000000e+02 1.112350000000000136e+03
5.880000000000000000e+02 1.151650000000000091e+03
5.000000000000000000e+02 1.152600000000000136e+03
7.080000000000000000e+02 1.190700000000000045e+03
5.480000000000000000e+02 1.193450000000000045e+03
7.240000000000000000e+02 1.233750000000000000e+03
4.520000000000000000e+02 1.271450000000000045e+03
4.360000000000000000e+02 1.276350000000000136e+03
7.080000000000000000e+02 1.277750000000000000e+03
4.040000000000000000e+02 1.317350000000000136e+03
6.520000000000000000e+02 1.341549999999999955e+03
7.960000000000000000e+02 1.342549999999999955e+03
7.880000000000000000e+02 1.355299999999999955e+03
6.680000000000000000e+02 1.385700000000000045e+03
4.360000000000000000e+02 1.416350000000000136e+03
4.120000000000000000e+02 1.440799999999999955e+03
4.840000000000000000e+02 1.485200000000000045e+03
7.320000000000000000e+02 1.548450000000000045e+03
5.080000000000000000e+02 1.559250000000000000e+03
5.880000000000000000e+02 1.633150000000000091e+03
5.720000000000000000e+02 1.634299999999999955e+03
4.840000000000000000e+02 1.712250000000000000e+03
7.720000000000000000e+02 1.737600000000000136e+03
5.880000000000000000e+02 1.746000000000000000e+03
7.400000000000000000e+02 1.753700000000000045e+03
6.840000000000000000e+02 1.754750000000000000e+03
4.040000000000000000e+02 1.788400000000000091e+03
4.840000000000000000e+02 1.810850000000000136e+03
7.960000000000000000e+02 1.831299999999999955e+03
7.800000000000000000e+02 1.853450000000000045e+03
6.840000000000000000e+02 1.855049999999999955e+03
5.800000000000000000e+02 1.859799999999999955e+03
5.080000000000000000e+02 1.978350000000000136e+03
5.720000000000000000e+02 1.978350000000000136e+03
7.320000000000000000e+02 2.021299999999999955e+03
5.160000000000000000e+02 2.047000000000000000e+03
6.920000000000000000e+02 2.074199999999999818e+03
4.600000000000000000e+02 2.110750000000000000e+03
4.280000000000000000e+02 2.185750000000000000e+03
7.160000000000000000e+02 2.226300000000000182e+03
7.240000000000000000e+02 2.236000000000000000e+03
5.160000000000000000e+02 2.340450000000000273e+03
6.920000000000000000e+02 2.388800000000000182e+03
4.120000000000000000e+02 2.405450000000000273e+03
7.960000000000000000e+02 2.436550000000000182e+03
5.880000000000000000e+02 2.439050000000000182e+03
6.840000000000000000e+02 2.509599999999999909e+03
5.960000000000000000e+02 2.532450000000000273e+03
7.800000000000000000e+02 2.533250000000000000e+03
5.560000000000000000e+02 2.560700000000000273e+03
5.720000000000000000e+02 2.653750000000000000e+03
4.840000000000000000e+02 2.670500000000000000e+03
4.760000000000000000e+02 2.808150000000000091e+03
4.360000000000000000e+02 2.811800000000000182e+03
5.640000000000000000e+02 2.829950000000000273e+03
5.400000000000000000e+02 2.848200000000000273e+03
5.000000000000000000e+02 2.887250000000000000e+03
6.120000000000000000e+02 2.915250000000000000e+03
7.080000000000000000e+02 2.950099999999999909e+03
4.760000000000000000e+02 2.989599999999999909e+03
7.960000000000000000e+02 3.021450000000000273e+03
5.080000000000000000e+02 3.253300000000000182e+03
7.000000000000000000e+02 3.262599999999999909e+03
4.840000000000000000e+02 3.506250000000000000e+03
7.000000000000000000e+02 3.563200000000000273e+03
7.800000000000000000e+02 3.621000000000000000e+03
7.480000000000000000e+02 3.743950000000000273e+03
7.000000000000000000e+02 3.745450000000000273e+03
7.080000000000000000e+02 3.776300000000000182e+03
6.600000000000000000e+02 3.813599999999999909e+03
4.280000000000000000e+02 3.919849999999999909e+03
4.520000000000000000e+02 4.216600000000000364e+03
6.600000000000000000e+02 4.278899999999999636e+03
6.600000000000000000e+02 4.445199999999999818e+03
6.840000000000000000e+02 4.530150000000000546e+03
6.040000000000000000e+02 4.564400000000000546e+03
7.160000000000000000e+02 4.957449999999999818e+03
7.720000000000000000e+02 5.040900000000000546e+03
6.360000000000000000e+02 5.172699999999999818e+03
4.200000000000000000e+02 5.200400000000000546e+03
6.840000000000000000e+02 5.307300000000000182e+03
7.000000000000000000e+02 5.826300000000000182e+03
4.040000000000000000e+02 6.074850000000000364e+03
7.480000000000000000e+02 6.079199999999999818e+03
6.600000000000000000e+02 6.152100000000000364e+03
4.600000000000000000e+02 6.187949999999999818e+03
5.320000000000000000e+02 6.229150000000000546e+03
4.360000000000000000e+02 6.278350000000000364e+03
7.960000000000000000e+02 6.280050000000000182e+03
7.480000000000000000e+02 6.291699999999999818e+03
7.800000000000000000e+02 6.325050000000000182e+03
6.840000000000000000e+02 6.326750000000000000e+03
5.320000000000000000e+02 6.333699999999999818e+03
4.040000000000000000e+02 6.381150000000000546e+03
5.000000000000000000e+02 6.407300000000000182e+03
5.880000000000000000e+02 6.454100000000000364e+03
5.800000000000000000e+02 6.537850000000000364e+03
4.760000000000000000e+02 6.549350000000000364e+03
6.440000000000000000e+02 6.550650000000000546e+03
6.760000000000000000e+02 6.555400000000000546e+03
7.240000000000000000e+02 6.600350000000000364e+03
5.800000000000000000e+02 6.653650000000000546e+03
5.320000000000000000e+02 6.662199999999999818e+03
6.920000000000000000e+02 6.685300000000000182e+03
7.640000000000000000e+02 6.692850000000000364e+03
6.840000000000000000e+02 6.776300000000000182e+03
6.760000000000000000e+02 6.809300000000000182e+03
5.320000000000000000e+02 6.819250000000000000e+03
5.400000000000000000e+02 6.915600000000000364e+03
5.800000000000000000e+02 6.981449999999999818e+03
6.440000000000000000e+02 7.052400000000000546e+03
5.320000000000000000e+02 7.130449999999999818e+03
5.720000000000000000e+02 7.200100000000000364e+03
5.000000000000000000e+02 7.343150000000000546e+03
4.360000000000000000e+02 7.605850000000000364e+03
6.280000000000000000e+02 7.612699999999999818e+03
5.080000000000000000e+02 7.685350000000000364e+03
6.440000000000000000e+02 7.708250000000000000e+03
7.400000000000000000e+02 7.834000000000000000e+03
5.720000000000000000e+02 7.895150000000000546e+03
4.360000000000000000e+02 8.038949999999999818e+03
5.240000000000000000e+02 8.052300000000000182e+03
5.960000000000000000e+02 8.080550000000000182e+03
4.120000000000000000e+02 8.113050000000000182e+03
4.120000000000000000e+02 8.252549999999999272e+03
7.640000000000000000e+02 8.598600000000000364e+03
5.240000000000000000e+02 8.772850000000000364e+03
5.880000000000000000e+02 9.519750000000000000e+03
4.920000000000000000e+02 9.581500000000000000e+03
5.560000000000000000e+02 1.008825000000000000e+04
6.440000000000000000e+02 1.009614999999999964e+04
5.000000000000000000e+02 1.012464999999999964e+04
7.080000000000000000e+02 1.014089999999999964e+04
6.040000000000000000e+02 1.036385000000000036e+04
4.040000000000000000e+02 1.037130000000000109e+04
4.360000000000000000e+02 1.044289999999999964e+04
7.240000000000000000e+02 1.044625000000000000e+04
5.800000000000000000e+02 1.052730000000000109e+04
7.800000000000000000e+02 1.056480000000000109e+04
4.680000000000000000e+02 1.057910000000000036e+04
4.040000000000000000e+02 1.071214999999999964e+04
4.120000000000000000e+02 1.072400000000000000e+04
5.160000000000000000e+02 1.072395000000000073e+04
6.520000000000000000e+02 1.082130000000000109e+04
4.120000000000000000e+02 1.086005000000000109e+04
7.480000000000000000e+02 1.088414999999999964e+04
7.800000000000000000e+02 1.088700000000000000e+04
4.760000000000000000e+02 1.088900000000000000e+04
6.200000000000000000e+02 1.090714999999999964e+04
5.320000000000000000e+02 1.091964999999999964e+04
7.880000000000000000e+02 1.097450000000000000e+04
5.160000000000000000e+02 1.098564999999999964e+04
4.920000000000000000e+02 1.111400000000000000e+04
7.960000000000000000e+02 1.119514999999999964e+04
7.640000000000000000e+02 1.138370000000000073e+04
7.880000000000000000e+02 1.148720000000000073e+04
7.400000000000000000e+02 1.164575000000000000e+04
6.920000000000000000e+02 1.170085000000000036e+04
6.680000000000000000e+02 1.172305000000000109e+04
7.880000000000000000e+02 1.190164999999999964e+04
4.440000000000000000e+02 1.191355000000000109e+04
6.280000000000000000e+02 1.211770000000000073e+04
7.640000000000000000e+02 1.236839999999999964e+04
7.480000000000000000e+02 1.251235000000000036e+04
7.800000000000000000e+02 1.278010000000000036e+04
5.720000000000000000e+02 1.300689999999999964e+04
5.480000000000000000e+02 1.402610000000000036e+04
7.880000000000000000e+02 1.407305000000000109e+04
7.480000000000000000e+02 1.409220000000000073e+04
6.360000000000000000e+02 1.413925000000000000e+04
6.200000000000000000e+02 1.417470000000000073e+04
7.640000000000000000e+02 1.418885000000000036e+04
7.480000000000000000e+02 1.423214999999999964e+04
7.720000000000000000e+02 1.423880000000000109e+04
7.080000000000000000e+02 1.426080000000000109e+04
4.680000000000000000e+02 1.429664999999999964e+04
7.800000000000000000e+02 1.430080000000000109e+04
6.760000000000000000e+02 1.436725000000000000e+04
5.160000000000000000e+02 1.437260000000000036e+04
7.160000000000000000e+02 1.437320000000000073e+04
5.240000000000000000e+02 1.439335000000000036e+04
5.400000000000000000e+02 1.439439999999999964e+04
6.680000000000000000e+02 1.446735000000000036e+04
7.080000000000000000e+02 1.450714999999999964e+04
7.800000000000000000e+02 1.457675000000000000e+04
5.720000000000000000e+02 1.457700000000000000e+04
5.160000000000000000e+02 1.463135000000000036e+04
5.400000000000000000e+02 1.463750000000000000e+04
7.800000000000000000e+02 1.466130000000000109e+04
4.920000000000000000e+02 1.468010000000000036e+04
4.520000000000000000e+02 1.470900000000000000e+04
5.720000000000000000e+02 1.476685000000000036e+04
4.200000000000000000e+02 1.484300000000000000e+04
7.720000000000000000e+02 1.487400000000000000e+04
7.320000000000000000e+02 1.488155000000000109e+04
7.400000000000000000e+02 1.518135000000000036e+04
7.880000000000000000e+02 1.524064999999999964e+04
7.960000000000000000e+02 1.549880000000000109e+04
6.040000000000000000e+02 1.550739999999999964e+04
7.880000000000000000e+02 1.555689999999999964e+04
4.920000000000000000e+02 1.575835000000000036e+04
7.800000000000000000e+02 1.582700000000000000e+04
4.600000000000000000e+02 1.589485000000000036e+04
7.960000000000000000e+02 1.607439999999999964e+04
6.360000000000000000e+02 1.628880000000000109e+04
7.160000000000000000e+02 1.633070000000000073e+04
6.520000000000000000e+02 1.645940000000000146e+04
6.040000000000000000e+02 1.650870000000000073e+04
5.640000000000000000e+02 1.653534999999999854e+04
5.960000000000000000e+02 1.692279999999999927e+04
5.160000000000000000e+02 1.692829999999999927e+04
4.520000000000000000e+02 1.737429999999999927e+04
4.360000000000000000e+02 1.776435000000000218e+04
5.880000000000000000e+02 1.810690000000000146e+04
7.800000000000000000e+02 1.812925000000000000e+04
7.640000000000000000e+02 1.813179999999999927e+04
6.520000000000000000e+02 1.813904999999999927e+04
5.960000000000000000e+02 1.820904999999999927e+04
4.440000000000000000e+02 1.824129999999999927e+04
5.640000000000000000e+02 1.825250000000000000e+04
6.600000000000000000e+02 1.829504999999999927e+04
4.040000000000000000e+02 1.833750000000000000e+04
6.280000000000000000e+02 1.833804999999999927e+04
6.200000000000000000e+02 1.836010000000000218e+04
4.120000000000000000e+02 1.843300000000000000e+04
6.440000000000000000e+02 1.847970000000000073e+04
7.400000000000000000e+02 1.857500000000000000e+04
7.720000000000000000e+02 1.859254999999999927e+04
4.120000000000000000e+02 1.864840000000000146e+04
7.320000000000000000e+02 1.866604999999999927e+04
7.560000000000000000e+02 1.871175000000000000e+04
7.880000000000000000e+02 1.873654999999999927e+04
4.840000000000000000e+02 1.874665000000000146e+04
4.200000000000000000e+02 1.875775000000000000e+04
6.760000000000000000e+02 1.875904999999999927e+04
5.800000000000000000e+02 1.878615000000000146e+04
5.960000000000000000e+02 1.889760000000000218e+04
6.760000000000000000e+02 1.890729999999999927e+04
6.200000000000000000e+02 1.920200000000000000e+04
5.720000000000000000e+02 1.920479999999999927e+04
7.720000000000000000e+02 1.931729999999999927e+04
4.920000000000000000e+02 1.934800000000000000e+04
5.160000000000000000e+02 1.944329999999999927e+04
6.280000000000000000e+02 1.945615000000000146e+04
7.000000000000000000e+02 1.945629999999999927e+04
4.840000000000000000e+02 1.950150000000000000e+04
7.880000000000000000e+02 1.963640000000000146e+04
5.880000000000000000e+02 1.967415000000000146e+04
7.160000000000000000e+02 1.993175000000000000e+04
4.760000000000000000e+02 1.998779999999999927e+04
5.400000000000000000e+02 2.012595000000000073e+04
6.200000000000000000e+02 2.014140000000000146e+04
4.280000000000000000e+02 2.075390000000000146e+04
5.320000000000000000e+02 2.091465000000000146e+04
7.960000000000000000e+02 2.094854999999999927e+04
4.360000000000000000e+02 2.101050000000000000e+04
4.120000000000000000e+02 2.112129999999999927e+04
4.040000000000000000e+02 2.122729999999999927e+04
7.320000000000000000e+02 2.129765000000000146e+04
7.960000000000000000e+02 2.149010000000000218e+04
4.520000000000000000e+02 2.176110000000000218e+04
4.520000000000000000e+02 2.202645000000000073e+04
4.360000000000000000e+02 2.212275000000000000e+04
6.680000000000000000e+02 2.219885000000000218e+04
4.120000000000000000e+02 2.226904999999999927e+04
6.120000000000000000e+02 2.231590000000000146e+04
4.120000000000000000e+02 2.237125000000000000e+04
4.120000000000000000e+02 2.246775000000000000e+04
7.960000000000000000e+02 2.251725000000000000e+04
5.000000000000000000e+02 2.256895000000000073e+04
4.040000000000000000e+02 2.264029999999999927e+04
6.040000000000000000e+02 2.264654999999999927e+04
7.800000000000000000e+02 2.266260000000000218e+04
4.760000000000000000e+02 2.284950000000000000e+04
7.640000000000000000e+02 2.285510000000000218e+04
6.520000000000000000e+02 2.294400000000000000e+04
4.840000000000000000e+02 2.295170000000000073e+04
6.360000000000000000e+02 2.295504999999999927e+04
7.640000000000000000e+02 2.296129999999999927e+04
7.970000000000000000e+02 1.321999999999999886e+02
5.810000000000000000e+02 1.421500000000000057e+02
5.090000000000000000e+02 2.080500000000000114e+02
5.330000000000000000e+02 2.962500000000000000e+02
7.410000000000000000e+02 3.196999999999999886e+02
4.690000000000000000e+02 3.261999999999999886e+02
6.130000000000000000e+02 4.469499999999999886e+02
4.690000000000000000e+02 4.647500000000000000e+02
5.010000000000000000e+02 5.135000000000000000e+02
6.050000000000000000e+02 5.856499999999999773e+02
5.170000000000000000e+02 7.100000000000000000e+02
6.690000000000000000e+02 7.139500000000000455e+02
6.770000000000000000e+02 7.960500000000000682e+02
6.690000000000000000e+02 8.015500000000000682e+02
6.290000000000000000e+02 8.091000000000000227e+02
7.090000000000000000e+02 8.898000000000000682e+02
4.210000000000000000e+02 9.072000000000000455e+02
7.810000000000000000e+02 9.828999999999999773e+02
4.930000000000000000e+02 9.908999999999999773e+02
7.570000000000000000e+02 1.004399999999999977e+03
7.250000000000000000e+02 1.066349999999999909e+03
5.250000000000000000e+02 1.070799999999999955e+03
4.690000000000000000e+02 1.073150000000000091e+03
7.970000000000000000e+02 1.101350000000000136e+03
5.490000000000000000e+02 1.130799999999999955e+03
5.410000000000000000e+02 1.132000000000000000e+03
4.850000000000000000e+02 1.174100000000000136e+03
4.610000000000000000e+02 1.174200000000000045e+03
4.290000000000000000e+02 1.236650000000000091e+03
6.370000000000000000e+02 1.258000000000000000e+03
6.370000000000000000e+02 1.391850000000000136e+03
4.850000000000000000e+02 1.406500000000000000e+03
6.210000000000000000e+02 1.532400000000000091e+03
6.290000000000000000e+02 1.612600000000000136e+03
7.330000000000000000e+02 1.745000000000000000e+03
5.490000000000000000e+02 1.778600000000000136e+03
4.290000000000000000e+02 1.828600000000000136e+03
7.970000000000000000e+02 1.834900000000000091e+03
6.770000000000000000e+02 1.867400000000000091e+03
4.290000000000000000e+02 1.944000000000000000e+03
6.290000000000000000e+02 1.952950000000000045e+03
4.450000000000000000e+02 1.987950000000000045e+03
5.810000000000000000e+02 2.026950000000000045e+03
6.290000000000000000e+02 2.054449999999999818e+03
5.970000000000000000e+02 2.186650000000000091e+03
7.090000000000000000e+02 2.316500000000000000e+03
7.250000000000000000e+02 2.323099999999999909e+03
4.290000000000000000e+02 2.368150000000000091e+03
5.570000000000000000e+02 2.378500000000000000e+03
5.090000000000000000e+02 2.400150000000000091e+03
4.210000000000000000e+02 2.427099999999999909e+03
7.570000000000000000e+02 2.428750000000000000e+03
7.730000000000000000e+02 2.429000000000000000e+03
6.610000000000000000e+02 2.437250000000000000e+03
6.130000000000000000e+02 2.444550000000000182e+03
7.330000000000000000e+02 2.448750000000000000e+03
6.770000000000000000e+02 2.538099999999999909e+03
7.250000000000000000e+02 2.573800000000000182e+03
4.930000000000000000e+02 2.596800000000000182e+03
6.930000000000000000e+02 2.601050000000000182e+03
5.330000000000000000e+02 2.614900000000000091e+03
7.810000000000000000e+02 2.621500000000000000e+03
6.290000000000000000e+02 2.695849999999999909e+03
7.090000000000000000e+02 2.725099999999999909e+03
7.250000000000000000e+02 2.752950000000000273e+03
4.370000000000000000e+02 2.758099999999999909e+03
7.570000000000000000e+02 2.770800000000000182e+03
4.610000000000000000e+02 2.808150000000000091e+03
7.090000000000000000e+02 2.853450000000000273e+03
7.490000000000000000e+02 2.866300000000000182e+03
5.810000000000000000e+02 2.947550000000000182e+03
4.130000000000000000e+02 2.971000000000000000e+03
4.770000000000000000e+02 3.001450000000000273e+03
4.210000000000000000e+02 3.009950000000000273e+03
6.290000000000000000e+02 3.038650000000000091e+03
5.250000000000000000e+02 3.042700000000000273e+03
5.010000000000000000e+02 3.255150000000000091e+03
4.290000000000000000e+02 3.319349999999999909e+03
5.730000000000000000e+02 3.333950000000000273e+03
6.450000000000000000e+02 3.586349999999999909e+03
5.010000000000000000e+02 3.775550000000000182e+03
4.210000000000000000e+02 4.020950000000000273e+03
6.530000000000000000e+02 4.282949999999999818e+03
4.290000000000000000e+02 4.405050000000000182e+03
5.810000000000000000e+02 4.426949999999999818e+03
5.410000000000000000e+02 5.071949999999999818e+03
4.210000000000000000e+02 5.208000000000000000e+03
4.930000000000000000e+02 5.289650000000000546e+03
5.090000000000000000e+02 5.733600000000000364e+03
6.290000000000000000e+02 6.149400000000000546e+03
6.850000000000000000e+02 6.226600000000000364e+03
6.290000000000000000e+02 6.242100000000000364e+03
4.130000000000000000e+02 6.268400000000000546e+03
4.850000000000000000e+02 6.300000000000000000e+03
7.490000000000000000e+02 6.332600000000000364e+03
4.210000000000000000e+02 6.349650000000000546e+03
4.690000000000000000e+02 6.562100000000000364e+03
6.610000000000000000e+02 6.607100000000000364e+03
5.890000000000000000e+02 6.692400000000000546e+03
6.930000000000000000e+02 6.877600000000000364e+03
6.610000000000000000e+02 7.051500000000000000e+03
6.850000000000000000e+02 7.100199999999999818e+03
7.730000000000000000e+02 7.124150000000000546e+03
7.410000000000000000e+02 7.154100000000000364e+03
6.210000000000000000e+02 7.399550000000000182e+03
5.090000000000000000e+02 7.475000000000000000e+03
6.850000000000000000e+02 7.642900000000000546e+03
6.930000000000000000e+02 7.838800000000000182e+03
4.690000000000000000e+02 7.960550000000000182e+03
5.410000000000000000e+02 7.994550000000000182e+03
4.290000000000000000e+02 8.232750000000000000e+03
4.450000000000000000e+02 8.260799999999999272e+03
7.970000000000000000e+02 8.275049999999999272e+03
7.810000000000000000e+02 8.396500000000000000e+03
6.210000000000000000e+02 8.428000000000000000e+03
6.290000000000000000e+02 8.433750000000000000e+03
6.930000000000000000e+02 8.434850000000000364e+03
6.850000000000000000e+02 8.444649999999999636e+03
4.770000000000000000e+02 8.449250000000000000e+03
4.290000000000000000e+02 8.509600000000000364e+03
6.210000000000000000e+02 8.691399999999999636e+03
5.810000000000000000e+02 8.779250000000000000e+03
6.130000000000000000e+02 9.046149999999999636e+03
7.970000000000000000e+02 9.259700000000000728e+03
7.890000000000000000e+02 9.640399999999999636e+03
7.410000000000000000e+02 1.001555000000000109e+04
5.970000000000000000e+02 1.008430000000000109e+04
4.290000000000000000e+02 1.021110000000000036e+04
7.810000000000000000e+02 1.028525000000000000e+04
7.170000000000000000e+02 1.030464999999999964e+04
7.890000000000000000e+02 1.034810000000000036e+04
7.330000000000000000e+02 1.038100000000000000e+04
6.770000000000000000e+02 1.047039999999999964e+04
6.930000000000000000e+02 1.047250000000000000e+04
7.330000000000000000e+02 1.047925000000000000e+04
5.250000000000000000e+02 1.049205000000000109e+04
5.890000000000000000e+02 1.050955000000000109e+04
7.570000000000000000e+02 1.060925000000000000e+04
4.610000000000000000e+02 1.062314999999999964e+04
6.610000000000000000e+02 1.068489999999999964e+04
7.250000000000000000e+02 1.071335000000000036e+04
5.330000000000000000e+02 1.072055000000000109e+04
4.050000000000000000e+02 1.072239999999999964e+04
6.850000000000000000e+02 1.072414999999999964e+04
6.450000000000000000e+02 1.084645000000000073e+04
7.810000000000000000e+02 1.088125000000000000e+04
5.570000000000000000e+02 1.088405000000000109e+04
4.690000000000000000e+02 1.094960000000000036e+04
4.290000000000000000e+02 1.098895000000000073e+04
7.810000000000000000e+02 1.103414999999999964e+04
4.370000000000000000e+02 1.105620000000000073e+04
5.410000000000000000e+02 1.106620000000000073e+04
6.690000000000000000e+02 1.107450000000000000e+04
6.370000000000000000e+02 1.107550000000000000e+04
7.650000000000000000e+02 1.108035000000000036e+04
7.810000000000000000e+02 1.132545000000000073e+04
5.170000000000000000e+02 1.143239999999999964e+04
5.090000000000000000e+02 1.168230000000000109e+04
7.490000000000000000e+02 1.169100000000000000e+04
4.530000000000000000e+02 1.174020000000000073e+04
7.970000000000000000e+02 1.181235000000000036e+04
7.890000000000000000e+02 1.210360000000000036e+04
4.530000000000000000e+02 1.215089999999999964e+04
6.050000000000000000e+02 1.215230000000000109e+04
4.690000000000000000e+02 1.284700000000000000e+04
4.850000000000000000e+02 1.304510000000000036e+04
6.370000000000000000e+02 1.338014999999999964e+04
7.730000000000000000e+02 1.407725000000000000e+04
7.810000000000000000e+02 1.409310000000000036e+04
5.090000000000000000e+02 1.413325000000000000e+04
6.770000000000000000e+02 1.414150000000000000e+04
4.370000000000000000e+02 1.421855000000000109e+04
7.650000000000000000e+02 1.428864999999999964e+04
7.090000000000000000e+02 1.440950000000000000e+04
4.450000000000000000e+02 1.446350000000000000e+04
5.730000000000000000e+02 1.446860000000000036e+04
6.530000000000000000e+02 1.450180000000000109e+04
7.490000000000000000e+02 1.468470000000000073e+04
7.570000000000000000e+02 1.474070000000000073e+04
4.450000000000000000e+02 1.474445000000000073e+04
5.410000000000000000e+02 1.474610000000000036e+04
6.050000000000000000e+02 1.475100000000000000e+04
5.010000000000000000e+02 1.476355000000000109e+04
7.650000000000000000e+02 1.483530000000000109e+04
7.970000000000000000e+02 1.488380000000000109e+04
6.290000000000000000e+02 1.489155000000000109e+04
4.610000000000000000e+02 1.513385000000000036e+04
4.290000000000000000e+02 1.517925000000000000e+04
4.930000000000000000e+02 1.519945000000000073e+04
7.970000000000000000e+02 1.532020000000000073e+04
4.770000000000000000e+02 1.536085000000000036e+04
4.850000000000000000e+02 1.542730000000000109e+04
5.330000000000000000e+02 1.548445000000000073e+04
5.570000000000000000e+02 1.550180000000000109e+04
5.490000000000000000e+02 1.560835000000000036e+04
5.890000000000000000e+02 1.578210000000000036e+04
7.410000000000000000e+02 1.580439999999999964e+04
4.290000000000000000e+02 1.588870000000000073e+04
5.810000000000000000e+02 1.589420000000000073e+04
6.690000000000000000e+02 1.600775000000000000e+04
4.210000000000000000e+02 1.606789999999999964e+04
4.130000000000000000e+02 1.610710000000000036e+04
7.970000000000000000e+02 1.620720000000000073e+04
6.850000000000000000e+02 1.640140000000000146e+04
6.610000000000000000e+02 1.659104999999999927e+04
5.890000000000000000e+02 1.672354999999999927e+04
4.370000000000000000e+02 1.745225000000000000e+04
7.170000000000000000e+02 1.772629999999999927e+04
5.650000000000000000e+02 1.792500000000000000e+04
5.090000000000000000e+02 1.805729999999999927e+04
6.850000000000000000e+02 1.807065000000000146e+04
4.290000000000000000e+02 1.808029999999999927e+04
4.930000000000000000e+02 1.824870000000000073e+04
4.610000000000000000e+02 1.835085000000000218e+04
7.490000000000000000e+02 1.844060000000000218e+04
4.690000000000000000e+02 1.847210000000000218e+04
6.450000000000000000e+02 1.862495000000000073e+04
5.410000000000000000e+02 1.888050000000000000e+04
5.170000000000000000e+02 1.892340000000000146e+04
5.730000000000000000e+02 1.897775000000000000e+04
6.850000000000000000e+02 1.898475000000000000e+04
5.250000000000000000e+02 1.899295000000000073e+04
4.450000000000000000e+02 1.901029999999999927e+04
5.330000000000000000e+02 1.906579999999999927e+04
5.810000000000000000e+02 1.930210000000000218e+04
6.770000000000000000e+02 1.947885000000000218e+04
6.450000000000000000e+02 1.949015000000000146e+04
7.330000000000000000e+02 1.952070000000000073e+04
4.690000000000000000e+02 1.963404999999999927e+04
4.450000000000000000e+02 1.963915000000000146e+04
4.290000000000000000e+02 1.966785000000000218e+04
5.890000000000000000e+02 1.971520000000000073e+04
7.330000000000000000e+02 1.993554999999999927e+04
4.290000000000000000e+02 1.997420000000000073e+04
5.810000000000000000e+02 1.998740000000000146e+04
6.290000000000000000e+02 2.047775000000000000e+04
6.690000000000000000e+02 2.061310000000000218e+04
4.530000000000000000e+02 2.079954999999999927e+04
7.090000000000000000e+02 2.087429999999999927e+04
5.810000000000000000e+02 2.112465000000000146e+04
4.210000000000000000e+02 2.182890000000000146e+04
5.810000000000000000e+02 2.185570000000000073e+04
5.810000000000000000e+02 2.206725000000000000e+04
5.890000000000000000e+02 2.213365000000000146e+04
4.690000000000000000e+02 2.215654999999999927e+04
4.450000000000000000e+02 2.226285000000000218e+04
6.610000000000000000e+02 2.229435000000000218e+04
4.690000000000000000e+02 2.230470000000000073e+04
7.250000000000000000e+02 2.230604999999999927e+04
5.010000000000000000e+02 2.233625000000000000e+04
5.730000000000000000e+02 2.238304999999999927e+04
5.810000000000000000e+02 2.264235000000000218e+04
5.570000000000000000e+02 2.266845000000000073e+04
5.730000000000000000e+02 2.273900000000000000e+04
5.650000000000000000e+02 2.275295000000000073e+04
5.810000000000000000e+02 2.288165000000000146e+04
4.610000000000000000e+02 2.294635000000000218e+04
6.370000000000000000e+02 2.298645000000000073e+04
5.900000000000000000e+02 1.907500000000000000e+02
4.220000000000000000e+02 2.492000000000000171e+02
4.460000000000000000e+02 2.596999999999999886e+02
6.460000000000000000e+02 2.630500000000000114e+02
4.700000000000000000e+02 2.927500000000000000e+02
5.500000000000000000e+02 4.007500000000000000e+02
4.540000000000000000e+02 4.098500000000000227e+02
6.700000000000000000e+02 4.268000000000000114e+02
5.980000000000000000e+02 4.311999999999999886e+02
5.020000000000000000e+02 5.473000000000000682e+02
5.340000000000000000e+02 5.500000000000000000e+02
7.900000000000000000e+02 6.117500000000000000e+02
7.180000000000000000e+02 7.569500000000000455e+02
7.580000000000000000e+02 8.309500000000000455e+02
4.540000000000000000e+02 8.520000000000000000e+02
7.820000000000000000e+02 8.897000000000000455e+02
7.180000000000000000e+02 9.108000000000000682e+02
7.100000000000000000e+02 9.202500000000000000e+02
4.140000000000000000e+02 9.475000000000000000e+02
6.940000000000000000e+02 9.519500000000000455e+02
4.620000000000000000e+02 1.127100000000000136e+03
5.020000000000000000e+02 1.187549999999999955e+03
5.420000000000000000e+02 1.190950000000000045e+03
6.140000000000000000e+02 1.193450000000000045e+03
4.620000000000000000e+02 1.251250000000000000e+03
7.980000000000000000e+02 1.277450000000000045e+03
7.260000000000000000e+02 1.303950000000000045e+03
5.740000000000000000e+02 1.304150000000000091e+03
4.780000000000000000e+02 1.304900000000000091e+03
6.860000000000000000e+02 1.372150000000000091e+03
6.940000000000000000e+02 1.380500000000000000e+03
6.780000000000000000e+02 1.475500000000000000e+03
6.060000000000000000e+02 1.481250000000000000e+03
6.940000000000000000e+02 1.523000000000000000e+03
6.380000000000000000e+02 1.538250000000000000e+03
4.540000000000000000e+02 1.551650000000000091e+03
5.020000000000000000e+02 1.592400000000000091e+03
5.820000000000000000e+02 1.598850000000000136e+03
5.740000000000000000e+02 1.604200000000000045e+03
4.300000000000000000e+02 1.607500000000000000e+03
7.020000000000000000e+02 1.642250000000000000e+03
5.020000000000000000e+02 1.704850000000000136e+03
6.620000000000000000e+02 1.716900000000000091e+03
7.820000000000000000e+02 1.787400000000000091e+03
6.700000000000000000e+02 1.790000000000000000e+03
7.340000000000000000e+02 1.805549999999999955e+03
4.380000000000000000e+02 1.822900000000000091e+03
4.220000000000000000e+02 1.831299999999999955e+03
7.980000000000000000e+02 1.903900000000000091e+03
7.020000000000000000e+02 1.928549999999999955e+03
6.220000000000000000e+02 1.940100000000000136e+03
6.700000000000000000e+02 2.010850000000000136e+03
4.140000000000000000e+02 2.012650000000000091e+03
5.580000000000000000e+02 2.031000000000000000e+03
5.980000000000000000e+02 2.052099999999999909e+03
5.900000000000000000e+02 2.064400000000000091e+03
6.140000000000000000e+02 2.069800000000000182e+03
4.140000000000000000e+02 2.099099999999999909e+03
5.020000000000000000e+02 2.236450000000000273e+03
6.700000000000000000e+02 2.240950000000000273e+03
4.140000000000000000e+02 2.247800000000000182e+03
7.660000000000000000e+02 2.286450000000000273e+03
6.620000000000000000e+02 2.312650000000000091e+03
4.300000000000000000e+02 2.318550000000000182e+03
4.460000000000000000e+02 2.354250000000000000e+03
6.620000000000000000e+02 2.434849999999999909e+03
7.900000000000000000e+02 2.437200000000000273e+03
6.460000000000000000e+02 2.511800000000000182e+03
7.580000000000000000e+02 2.519599999999999909e+03
4.540000000000000000e+02 2.573800000000000182e+03
4.220000000000000000e+02 2.618550000000000182e+03
5.900000000000000000e+02 2.665300000000000182e+03
6.540000000000000000e+02 2.763700000000000273e+03
4.380000000000000000e+02 2.788650000000000091e+03
4.460000000000000000e+02 2.790349999999999909e+03
6.300000000000000000e+02 2.889550000000000182e+03
7.900000000000000000e+02 2.932250000000000000e+03
5.580000000000000000e+02 3.118849999999999909e+03
4.140000000000000000e+02 3.185000000000000000e+03
5.740000000000000000e+02 3.187750000000000000e+03
6.380000000000000000e+02 3.215200000000000273e+03
7.260000000000000000e+02 3.429400000000000091e+03
5.740000000000000000e+02 3.585250000000000000e+03
6.220000000000000000e+02 3.712300000000000182e+03
4.780000000000000000e+02 3.741200000000000273e+03
5.020000000000000000e+02 3.821300000000000182e+03
5.740000000000000000e+02 3.828500000000000000e+03
6.140000000000000000e+02 3.933849999999999909e+03
4.780000000000000000e+02 4.014950000000000273e+03
5.420000000000000000e+02 4.025150000000000091e+03
6.620000000000000000e+02 4.218300000000000182e+03
7.020000000000000000e+02 4.409449999999999818e+03
5.180000000000000000e+02 4.453449999999999818e+03
6.540000000000000000e+02 4.486850000000000364e+03
6.460000000000000000e+02 4.632449999999999818e+03
5.660000000000000000e+02 4.651650000000000546e+03
6.700000000000000000e+02 4.677400000000000546e+03
4.540000000000000000e+02 4.789900000000000546e+03
4.940000000000000000e+02 4.818800000000000182e+03
4.700000000000000000e+02 4.851449999999999818e+03
5.900000000000000000e+02 5.338449999999999818e+03
4.220000000000000000e+02 5.487550000000000182e+03
4.460000000000000000e+02 6.039050000000000182e+03
5.500000000000000000e+02 6.040949999999999818e+03
7.420000000000000000e+02 6.127949999999999818e+03
6.860000000000000000e+02 6.155699999999999818e+03
5.340000000000000000e+02 6.213949999999999818e+03
6.220000000000000000e+02 6.220400000000000546e+03
4.380000000000000000e+02 6.267500000000000000e+03
7.580000000000000000e+02 6.283300000000000182e+03
5.980000000000000000e+02 6.295850000000000364e+03
7.820000000000000000e+02 6.335400000000000546e+03
5.420000000000000000e+02 6.389850000000000364e+03
5.500000000000000000e+02 6.408500000000000000e+03
4.700000000000000000e+02 6.426600000000000364e+03
7.820000000000000000e+02 6.564300000000000182e+03
7.900000000000000000e+02 6.614550000000000182e+03
6.620000000000000000e+02 6.769000000000000000e+03
5.740000000000000000e+02 6.774350000000000364e+03
7.420000000000000000e+02 6.783000000000000000e+03
5.660000000000000000e+02 6.814750000000000000e+03
4.540000000000000000e+02 6.842199999999999818e+03
4.620000000000000000e+02 6.845949999999999818e+03
6.140000000000000000e+02 6.957150000000000546e+03
5.660000000000000000e+02 6.965050000000000182e+03
7.020000000000000000e+02 6.989350000000000364e+03
6.860000000000000000e+02 7.019550000000000182e+03
7.740000000000000000e+02 7.023699999999999818e+03
4.780000000000000000e+02 7.129650000000000546e+03
6.860000000000000000e+02 7.274699999999999818e+03
6.380000000000000000e+02 7.323750000000000000e+03
6.700000000000000000e+02 7.375600000000000364e+03
7.100000000000000000e+02 7.421300000000000182e+03
6.460000000000000000e+02 7.455300000000000182e+03
7.900000000000000000e+02 7.475800000000000182e+03
7.580000000000000000e+02 7.542300000000000182e+03
7.900000000000000000e+02 7.621699999999999818e+03
7.020000000000000000e+02 7.664050000000000182e+03
6.780000000000000000e+02 7.752350000000000364e+03
4.780000000000000000e+02 7.786650000000000546e+03
5.020000000000000000e+02 8.199350000000000364e+03
4.380000000000000000e+02 8.705299999999999272e+03
5.980000000000000000e+02 8.891200000000000728e+03
6.860000000000000000e+02 9.915000000000000000e+03
6.860000000000000000e+02 9.980550000000001091e+03
5.180000000000000000e+02 1.004970000000000073e+04
4.940000000000000000e+02 1.007330000000000109e+04
5.500000000000000000e+02 1.009210000000000036e+04
7.420000000000000000e+02 1.013850000000000000e+04
7.580000000000000000e+02 1.015870000000000073e+04
7.740000000000000000e+02 1.020150000000000000e+04
4.780000000000000000e+02 1.020700000000000000e+04
6.220000000000000000e+02 1.020875000000000000e+04
7.980000000000000000e+02 1.022535000000000036e+04
7.260000000000000000e+02 1.024980000000000109e+04
7.660000000000000000e+02 1.026475000000000000e+04
4.140000000000000000e+02 1.032420000000000073e+04
5.580000000000000000e+02 1.034120000000000073e+04
7.500000000000000000e+02 1.034735000000000036e+04
5.740000000000000000e+02 1.039695000000000073e+04
4.060000000000000000e+02 1.046125000000000000e+04
7.660000000000000000e+02 1.053014999999999964e+04
5.980000000000000000e+02 1.053064999999999964e+04
5.340000000000000000e+02 1.055695000000000073e+04
4.940000000000000000e+02 1.055735000000000036e+04
6.460000000000000000e+02 1.080564999999999964e+04
7.100000000000000000e+02 1.081225000000000000e+04
6.060000000000000000e+02 1.083039999999999964e+04
4.860000000000000000e+02 1.087280000000000109e+04
5.900000000000000000e+02 1.088739999999999964e+04
6.700000000000000000e+02 1.090464999999999964e+04
6.220000000000000000e+02 1.098235000000000036e+04
6.060000000000000000e+02 1.100214999999999964e+04
5.900000000000000000e+02 1.107595000000000073e+04
7.820000000000000000e+02 1.127114999999999964e+04
6.460000000000000000e+02 1.146870000000000073e+04
7.100000000000000000e+02 1.152210000000000036e+04
6.700000000000000000e+02 1.153105000000000109e+04
6.220000000000000000e+02 1.156275000000000000e+04
5.900000000000000000e+02 1.164189999999999964e+04
6.540000000000000000e+02 1.170935000000000036e+04
6.540000000000000000e+02 1.180700000000000000e+04
4.380000000000000000e+02 1.181480000000000109e+04
6.700000000000000000e+02 1.190114999999999964e+04
7.580000000000000000e+02 1.204760000000000036e+04
4.140000000000000000e+02 1.204985000000000036e+04
7.020000000000000000e+02 1.214525000000000000e+04
4.060000000000000000e+02 1.221050000000000000e+04
7.980000000000000000e+02 1.255925000000000000e+04
7.820000000000000000e+02 1.286225000000000000e+04
5.500000000000000000e+02 1.315139999999999964e+04
7.980000000000000000e+02 1.337635000000000036e+04
7.580000000000000000e+02 1.352295000000000073e+04
5.980000000000000000e+02 1.377410000000000036e+04
4.460000000000000000e+02 1.412745000000000073e+04
4.220000000000000000e+02 1.416214999999999964e+04
7.660000000000000000e+02 1.419160000000000036e+04
6.380000000000000000e+02 1.427145000000000073e+04
4.060000000000000000e+02 1.436625000000000000e+04
4.380000000000000000e+02 1.448539999999999964e+04
6.060000000000000000e+02 1.454145000000000073e+04
6.220000000000000000e+02 1.459455000000000109e+04
5.980000000000000000e+02 1.465905000000000109e+04
4.140000000000000000e+02 1.478120000000000073e+04
4.300000000000000000e+02 1.487675000000000000e+04
5.980000000000000000e+02 1.490350000000000000e+04
5.180000000000000000e+02 1.496014999999999964e+04
5.580000000000000000e+02 1.497305000000000109e+04
5.740000000000000000e+02 1.499364999999999964e+04
7.420000000000000000e+02 1.523995000000000073e+04
6.860000000000000000e+02 1.526860000000000036e+04
6.700000000000000000e+02 1.544020000000000073e+04
5.820000000000000000e+02 1.546239999999999964e+04
7.500000000000000000e+02 1.554939999999999964e+04
6.860000000000000000e+02 1.559945000000000073e+04
6.380000000000000000e+02 1.564045000000000073e+04
5.020000000000000000e+02 1.593550000000000000e+04
4.380000000000000000e+02 1.593760000000000036e+04
6.140000000000000000e+02 1.596535000000000036e+04
7.980000000000000000e+02 1.599060000000000036e+04
5.660000000000000000e+02 1.602430000000000109e+04
5.580000000000000000e+02 1.620970000000000073e+04
7.900000000000000000e+02 1.707320000000000073e+04
5.420000000000000000e+02 1.772700000000000000e+04
4.460000000000000000e+02 1.800529999999999927e+04
4.220000000000000000e+02 1.814379999999999927e+04
7.580000000000000000e+02 1.822054999999999927e+04
5.020000000000000000e+02 1.822079999999999927e+04
7.740000000000000000e+02 1.823529999999999927e+04
4.540000000000000000e+02 1.833025000000000000e+04
6.460000000000000000e+02 1.833779999999999927e+04
5.900000000000000000e+02 1.836475000000000000e+04
5.580000000000000000e+02 1.838460000000000218e+04
7.580000000000000000e+02 1.844065000000000146e+04
7.740000000000000000e+02 1.846200000000000000e+04
7.340000000000000000e+02 1.846720000000000073e+04
6.860000000000000000e+02 1.859475000000000000e+04
7.740000000000000000e+02 1.862870000000000073e+04
4.540000000000000000e+02 1.869525000000000000e+04
6.620000000000000000e+02 1.870340000000000146e+04
7.420000000000000000e+02 1.871004999999999927e+04
5.660000000000000000e+02 1.878500000000000000e+04
7.900000000000000000e+02 1.880700000000000000e+04
6.060000000000000000e+02 1.885300000000000000e+04
6.860000000000000000e+02 1.887560000000000218e+04
7.420000000000000000e+02 1.887850000000000000e+04
6.620000000000000000e+02 1.888104999999999927e+04
7.340000000000000000e+02 1.889195000000000073e+04
6.380000000000000000e+02 1.890979999999999927e+04
4.700000000000000000e+02 1.897760000000000218e+04
6.940000000000000000e+02 1.901575000000000000e+04
7.740000000000000000e+02 1.913165000000000146e+04
7.820000000000000000e+02 1.916735000000000218e+04
6.860000000000000000e+02 1.921379999999999927e+04
6.780000000000000000e+02 1.923765000000000146e+04
5.980000000000000000e+02 1.931060000000000218e+04
4.140000000000000000e+02 1.936604999999999927e+04
5.500000000000000000e+02 1.939850000000000000e+04
5.980000000000000000e+02 1.940995000000000073e+04
4.140000000000000000e+02 1.945070000000000073e+04
6.460000000000000000e+02 1.954270000000000073e+04
5.580000000000000000e+02 1.962885000000000218e+04
6.300000000000000000e+02 1.974054999999999927e+04
6.700000000000000000e+02 1.977085000000000218e+04
6.220000000000000000e+02 1.982710000000000218e+04
5.260000000000000000e+02 1.986379999999999927e+04
4.460000000000000000e+02 1.988850000000000000e+04
7.740000000000000000e+02 2.041329999999999927e+04
5.260000000000000000e+02 2.044390000000000146e+04
5.020000000000000000e+02 2.044765000000000146e+04
7.900000000000000000e+02 2.044770000000000073e+04
6.460000000000000000e+02 2.080650000000000000e+04
4.300000000000000000e+02 2.114504999999999927e+04
7.980000000000000000e+02 2.129290000000000146e+04
4.220000000000000000e+02 2.135604999999999927e+04
7.340000000000000000e+02 2.176395000000000073e+04
5.180000000000000000e+02 2.205754999999999927e+04
5.180000000000000000e+02 2.227535000000000218e+04
6.940000000000000000e+02 2.231325000000000000e+04
6.860000000000000000e+02 2.231660000000000218e+04
7.900000000000000000e+02 2.238710000000000218e+04
7.420000000000000000e+02 2.255135000000000218e+04
4.780000000000000000e+02 2.256225000000000000e+04
6.380000000000000000e+02 2.262600000000000000e+04
6.700000000000000000e+02 2.262715000000000146e+04
6.780000000000000000e+02 2.263870000000000073e+04
6.460000000000000000e+02 2.265460000000000218e+04
7.980000000000000000e+02 2.272385000000000218e+04
6.540000000000000000e+02 2.276365000000000146e+04
7.500000000000000000e+02 2.281529999999999927e+04
5.580000000000000000e+02 2.288585000000000218e+04
5.900000000000000000e+02 2.288820000000000073e+04
7.820000000000000000e+02 2.291615000000000146e+04
4.460000000000000000e+02 2.291990000000000146e+04
7.980000000000000000e+02 2.292720000000000073e+04
5.340000000000000000e+02 2.294250000000000000e+04
4.230000000000000000e+02 1.057000000000000028e+02
5.030000000000000000e+02 1.414000000000000057e+02
4.150000000000000000e+02 1.463000000000000114e+02
6.230000000000000000e+02 1.713499999999999943e+02
5.590000000000000000e+02 3.117500000000000000e+02
6.390000000000000000e+02 3.239499999999999886e+02
7.990000000000000000e+02 3.287500000000000000e+02
6.790000000000000000e+02 3.615000000000000000e+02
7.510000000000000000e+02 4.351999999999999886e+02
6.470000000000000000e+02 4.645500000000000114e+02
4.630000000000000000e+02 6.900000000000000000e+02
7.270000000000000000e+02 7.011000000000000227e+02
6.790000000000000000e+02 7.997000000000000455e+02
6.230000000000000000e+02 8.095000000000000000e+02
5.990000000000000000e+02 8.309500000000000455e+02
4.950000000000000000e+02 8.432500000000000000e+02
4.230000000000000000e+02 8.491000000000000227e+02
6.710000000000000000e+02 8.742000000000000455e+02
7.510000000000000000e+02 8.826000000000000227e+02
5.270000000000000000e+02 9.423999999999999773e+02
5.430000000000000000e+02 9.478999999999999773e+02
6.950000000000000000e+02 9.563999999999999773e+02
7.910000000000000000e+02 9.686499999999999773e+02
7.510000000000000000e+02 1.011399999999999977e+03
6.470000000000000000e+02 1.021149999999999977e+03
5.110000000000000000e+02 1.155700000000000045e+03
5.670000000000000000e+02 1.211750000000000000e+03
7.830000000000000000e+02 1.222350000000000136e+03
7.350000000000000000e+02 1.263750000000000000e+03
7.430000000000000000e+02 1.303500000000000000e+03
5.590000000000000000e+02 1.316299999999999955e+03
4.550000000000000000e+02 1.378350000000000136e+03
5.430000000000000000e+02 1.399100000000000136e+03
6.070000000000000000e+02 1.405900000000000091e+03
5.830000000000000000e+02 1.494100000000000136e+03
5.990000000000000000e+02 1.504650000000000091e+03
7.430000000000000000e+02 1.538100000000000136e+03
6.630000000000000000e+02 1.579100000000000136e+03
7.110000000000000000e+02 1.599549999999999955e+03
5.270000000000000000e+02 1.683799999999999955e+03
7.910000000000000000e+02 1.776000000000000000e+03
7.270000000000000000e+02 1.780549999999999955e+03
5.910000000000000000e+02 1.820450000000000045e+03
5.190000000000000000e+02 1.830400000000000091e+03
5.750000000000000000e+02 1.833450000000000045e+03
5.910000000000000000e+02 1.879000000000000000e+03
5.750000000000000000e+02 1.917350000000000136e+03
4.470000000000000000e+02 1.969950000000000045e+03
7.110000000000000000e+02 2.058250000000000000e+03
6.230000000000000000e+02 2.066849999999999909e+03
5.030000000000000000e+02 2.113400000000000091e+03
5.350000000000000000e+02 2.116800000000000182e+03
4.390000000000000000e+02 2.149800000000000182e+03
7.590000000000000000e+02 2.231450000000000273e+03
6.150000000000000000e+02 2.304050000000000182e+03
4.710000000000000000e+02 2.369900000000000091e+03
7.430000000000000000e+02 2.407800000000000182e+03
6.310000000000000000e+02 2.419099999999999909e+03
5.110000000000000000e+02 2.463650000000000091e+03
7.750000000000000000e+02 2.547650000000000091e+03
4.870000000000000000e+02 2.574500000000000000e+03
5.990000000000000000e+02 2.574550000000000182e+03
4.470000000000000000e+02 2.591500000000000000e+03
5.590000000000000000e+02 2.615500000000000000e+03
6.870000000000000000e+02 2.695500000000000000e+03
5.510000000000000000e+02 2.712050000000000182e+03
5.350000000000000000e+02 2.714000000000000000e+03
7.670000000000000000e+02 2.854450000000000273e+03
5.830000000000000000e+02 2.950550000000000182e+03
6.470000000000000000e+02 3.009450000000000273e+03
5.110000000000000000e+02 3.068800000000000182e+03
5.670000000000000000e+02 3.180050000000000182e+03
5.910000000000000000e+02 3.204550000000000182e+03
4.390000000000000000e+02 3.228050000000000182e+03
4.950000000000000000e+02 3.426349999999999909e+03
7.030000000000000000e+02 3.532599999999999909e+03
5.110000000000000000e+02 3.585550000000000182e+03
7.990000000000000000e+02 3.619849999999999909e+03
4.950000000000000000e+02 3.676349999999999909e+03
5.990000000000000000e+02 3.696200000000000273e+03
5.190000000000000000e+02 3.716650000000000091e+03
5.270000000000000000e+02 3.941500000000000000e+03
5.990000000000000000e+02 3.994650000000000091e+03
4.150000000000000000e+02 4.288449999999999818e+03
6.950000000000000000e+02 4.499900000000000546e+03
5.990000000000000000e+02 4.714300000000000182e+03
4.630000000000000000e+02 4.754199999999999818e+03
4.390000000000000000e+02 4.854699999999999818e+03
7.510000000000000000e+02 4.889250000000000000e+03
5.990000000000000000e+02 5.072250000000000000e+03
4.550000000000000000e+02 5.073600000000000364e+03
7.990000000000000000e+02 5.173350000000000364e+03
7.990000000000000000e+02 5.274900000000000546e+03
6.630000000000000000e+02 5.425400000000000546e+03
6.230000000000000000e+02 5.610550000000000182e+03
4.070000000000000000e+02 6.063300000000000182e+03
4.870000000000000000e+02 6.080850000000000364e+03
5.110000000000000000e+02 6.107500000000000000e+03
4.630000000000000000e+02 6.128000000000000000e+03
6.230000000000000000e+02 6.166100000000000364e+03
6.550000000000000000e+02 6.271199999999999818e+03
5.270000000000000000e+02 6.288150000000000546e+03
7.270000000000000000e+02 6.335500000000000000e+03
7.510000000000000000e+02 6.338449999999999818e+03
5.510000000000000000e+02 6.364000000000000000e+03
6.550000000000000000e+02 6.455350000000000364e+03
5.190000000000000000e+02 6.546600000000000364e+03
7.830000000000000000e+02 6.555199999999999818e+03
5.430000000000000000e+02 6.576350000000000364e+03
7.430000000000000000e+02 6.579250000000000000e+03
4.870000000000000000e+02 6.590500000000000000e+03
7.910000000000000000e+02 6.592250000000000000e+03
4.310000000000000000e+02 6.597000000000000000e+03
7.270000000000000000e+02 6.617449999999999818e+03
6.550000000000000000e+02 6.660800000000000182e+03
5.270000000000000000e+02 6.662400000000000546e+03
5.670000000000000000e+02 6.704699999999999818e+03
4.390000000000000000e+02 6.721949999999999818e+03
6.390000000000000000e+02 6.729650000000000546e+03
7.750000000000000000e+02 6.902350000000000364e+03
5.270000000000000000e+02 6.969199999999999818e+03
7.510000000000000000e+02 6.975699999999999818e+03
7.910000000000000000e+02 7.017350000000000364e+03
4.630000000000000000e+02 7.040350000000000364e+03
5.990000000000000000e+02 7.122750000000000000e+03
4.950000000000000000e+02 7.145800000000000182e+03
5.990000000000000000e+02 7.347350000000000364e+03
5.350000000000000000e+02 7.358600000000000364e+03
5.430000000000000000e+02 7.406600000000000364e+03
7.430000000000000000e+02 7.418550000000000182e+03
5.830000000000000000e+02 7.425050000000000182e+03
6.150000000000000000e+02 7.472900000000000546e+03
6.950000000000000000e+02 7.616150000000000546e+03
5.430000000000000000e+02 7.687949999999999818e+03
7.830000000000000000e+02 7.767850000000000364e+03
6.150000000000000000e+02 7.776250000000000000e+03
5.110000000000000000e+02 7.941600000000000364e+03
4.790000000000000000e+02 7.987000000000000000e+03
7.590000000000000000e+02 8.028150000000000546e+03
5.350000000000000000e+02 8.074850000000000364e+03
6.710000000000000000e+02 8.094550000000000182e+03
4.230000000000000000e+02 8.433750000000000000e+03
6.870000000000000000e+02 8.604899999999999636e+03
6.950000000000000000e+02 8.680649999999999636e+03
7.350000000000000000e+02 8.693100000000000364e+03
7.350000000000000000e+02 8.791399999999999636e+03
5.830000000000000000e+02 8.889000000000000000e+03
7.350000000000000000e+02 8.980649999999999636e+03
5.350000000000000000e+02 9.054450000000000728e+03
5.670000000000000000e+02 9.150050000000001091e+03
6.790000000000000000e+02 9.261200000000000728e+03
7.430000000000000000e+02 1.001630000000000109e+04
6.150000000000000000e+02 1.007335000000000036e+04
5.350000000000000000e+02 1.009110000000000036e+04
4.630000000000000000e+02 1.009770000000000073e+04
5.510000000000000000e+02 1.011620000000000073e+04
4.950000000000000000e+02 1.011964999999999964e+04
7.990000000000000000e+02 1.023189999999999964e+04
4.390000000000000000e+02 1.030639999999999964e+04
7.190000000000000000e+02 1.038185000000000036e+04
6.070000000000000000e+02 1.043010000000000036e+04
7.910000000000000000e+02 1.044950000000000000e+04
5.910000000000000000e+02 1.049335000000000036e+04
5.110000000000000000e+02 1.056080000000000109e+04
5.670000000000000000e+02 1.061420000000000073e+04
6.790000000000000000e+02 1.062035000000000036e+04
4.230000000000000000e+02 1.062455000000000109e+04
5.190000000000000000e+02 1.072260000000000036e+04
6.710000000000000000e+02 1.073880000000000109e+04
5.350000000000000000e+02 1.075714999999999964e+04
5.750000000000000000e+02 1.080939999999999964e+04
6.950000000000000000e+02 1.085400000000000000e+04
4.870000000000000000e+02 1.086225000000000000e+04
6.790000000000000000e+02 1.087114999999999964e+04
5.590000000000000000e+02 1.089389999999999964e+04
6.630000000000000000e+02 1.091989999999999964e+04
5.670000000000000000e+02 1.093225000000000000e+04
6.150000000000000000e+02 1.104689999999999964e+04
5.030000000000000000e+02 1.111830000000000109e+04
4.870000000000000000e+02 1.111964999999999964e+04
7.990000000000000000e+02 1.117475000000000000e+04
7.350000000000000000e+02 1.122914999999999964e+04
5.430000000000000000e+02 1.130335000000000036e+04
5.510000000000000000e+02 1.132980000000000109e+04
4.630000000000000000e+02 1.133764999999999964e+04
7.590000000000000000e+02 1.140664999999999964e+04
5.750000000000000000e+02 1.144639999999999964e+04
4.950000000000000000e+02 1.150550000000000000e+04
5.910000000000000000e+02 1.190105000000000109e+04
4.630000000000000000e+02 1.195855000000000109e+04
5.110000000000000000e+02 1.213075000000000000e+04
4.790000000000000000e+02 1.217764999999999964e+04
5.270000000000000000e+02 1.225085000000000036e+04
5.030000000000000000e+02 1.246610000000000036e+04
5.110000000000000000e+02 1.263520000000000073e+04
4.870000000000000000e+02 1.295905000000000109e+04
4.630000000000000000e+02 1.303100000000000000e+04
7.270000000000000000e+02 1.350700000000000000e+04
6.870000000000000000e+02 1.397789999999999964e+04
4.150000000000000000e+02 1.402380000000000109e+04
6.790000000000000000e+02 1.410125000000000000e+04
5.030000000000000000e+02 1.413425000000000000e+04
6.150000000000000000e+02 1.413680000000000109e+04
5.670000000000000000e+02 1.418335000000000036e+04
5.270000000000000000e+02 1.418460000000000036e+04
4.230000000000000000e+02 1.423035000000000036e+04
4.550000000000000000e+02 1.426670000000000073e+04
5.990000000000000000e+02 1.440070000000000073e+04
5.270000000000000000e+02 1.441250000000000000e+04
4.230000000000000000e+02 1.452789999999999964e+04
4.870000000000000000e+02 1.458645000000000073e+04
5.830000000000000000e+02 1.463925000000000000e+04
4.550000000000000000e+02 1.464589999999999964e+04
6.790000000000000000e+02 1.465520000000000073e+04
6.070000000000000000e+02 1.469495000000000073e+04
6.150000000000000000e+02 1.475200000000000000e+04
4.710000000000000000e+02 1.486289999999999964e+04
6.790000000000000000e+02 1.487120000000000073e+04
5.030000000000000000e+02 1.488930000000000109e+04
6.390000000000000000e+02 1.489805000000000109e+04
7.670000000000000000e+02 1.496860000000000036e+04
4.310000000000000000e+02 1.500720000000000073e+04
6.390000000000000000e+02 1.501130000000000109e+04
7.750000000000000000e+02 1.503000000000000000e+04
4.230000000000000000e+02 1.509764999999999964e+04
7.670000000000000000e+02 1.522900000000000000e+04
4.470000000000000000e+02 1.526000000000000000e+04
5.430000000000000000e+02 1.533439999999999964e+04
5.590000000000000000e+02 1.534625000000000000e+04
5.430000000000000000e+02 1.543520000000000073e+04
6.150000000000000000e+02 1.554570000000000073e+04
5.830000000000000000e+02 1.559095000000000073e+04
4.950000000000000000e+02 1.560889999999999964e+04
5.670000000000000000e+02 1.561470000000000073e+04
5.590000000000000000e+02 1.561945000000000073e+04
7.910000000000000000e+02 1.568880000000000109e+04
4.710000000000000000e+02 1.573485000000000036e+04
7.990000000000000000e+02 1.574364999999999964e+04
5.350000000000000000e+02 1.576285000000000036e+04
4.470000000000000000e+02 1.579439999999999964e+04
6.630000000000000000e+02 1.590464999999999964e+04
7.110000000000000000e+02 1.592610000000000036e+04
5.830000000000000000e+02 1.602770000000000073e+04
7.510000000000000000e+02 1.603564999999999964e+04
4.310000000000000000e+02 1.611125000000000000e+04
5.830000000000000000e+02 1.633580000000000109e+04
7.670000000000000000e+02 1.639975000000000000e+04
7.510000000000000000e+02 1.670690000000000146e+04
5.430000000000000000e+02 1.690265000000000146e+04
5.350000000000000000e+02 1.706345000000000073e+04
6.550000000000000000e+02 1.791404999999999927e+04
5.590000000000000000e+02 1.803829999999999927e+04
5.270000000000000000e+02 1.806135000000000218e+04
5.830000000000000000e+02 1.815845000000000073e+04
7.590000000000000000e+02 1.821910000000000218e+04
5.590000000000000000e+02 1.830650000000000000e+04
5.910000000000000000e+02 1.835175000000000000e+04
7.350000000000000000e+02 1.839150000000000000e+04
7.030000000000000000e+02 1.843540000000000146e+04
6.870000000000000000e+02 1.845165000000000146e+04
5.030000000000000000e+02 1.847540000000000146e+04
5.910000000000000000e+02 1.867125000000000000e+04
6.550000000000000000e+02 1.870150000000000000e+04
4.070000000000000000e+02 1.872454999999999927e+04
5.830000000000000000e+02 1.879810000000000218e+04
7.270000000000000000e+02 1.885690000000000146e+04
7.510000000000000000e+02 1.886529999999999927e+04
5.750000000000000000e+02 1.891825000000000000e+04
6.710000000000000000e+02 1.896729999999999927e+04
4.950000000000000000e+02 1.910470000000000073e+04
7.830000000000000000e+02 1.934735000000000218e+04
6.310000000000000000e+02 1.942375000000000000e+04
5.270000000000000000e+02 1.947990000000000146e+04
7.190000000000000000e+02 1.952475000000000000e+04
6.150000000000000000e+02 1.975720000000000073e+04
5.750000000000000000e+02 1.980304999999999927e+04
4.710000000000000000e+02 1.984665000000000146e+04
5.830000000000000000e+02 1.989195000000000073e+04
5.830000000000000000e+02 2.012875000000000000e+04
4.070000000000000000e+02 2.022990000000000146e+04
4.710000000000000000e+02 2.028640000000000146e+04
4.630000000000000000e+02 2.031325000000000000e+04
7.830000000000000000e+02 2.050565000000000146e+04
6.950000000000000000e+02 2.056235000000000218e+04
5.590000000000000000e+02 2.063140000000000146e+04
7.830000000000000000e+02 2.075985000000000218e+04
7.190000000000000000e+02 2.084465000000000146e+04
4.230000000000000000e+02 2.116229999999999927e+04
5.270000000000000000e+02 2.183640000000000146e+04
6.790000000000000000e+02 2.206429999999999927e+04
5.270000000000000000e+02 2.212400000000000000e+04
4.870000000000000000e+02 2.215090000000000146e+04
4.310000000000000000e+02 2.215260000000000218e+04
7.510000000000000000e+02 2.221750000000000000e+04
5.830000000000000000e+02 2.223060000000000218e+04
4.710000000000000000e+02 2.223665000000000146e+04
7.830000000000000000e+02 2.224415000000000146e+04
5.510000000000000000e+02 2.224675000000000000e+04
6.550000000000000000e+02 2.229929999999999927e+04
4.070000000000000000e+02 2.231420000000000073e+04
6.630000000000000000e+02 2.232390000000000146e+04
5.750000000000000000e+02 2.264029999999999927e+04
7.590000000000000000e+02 2.277045000000000073e+04
5.030000000000000000e+02 2.280579999999999927e+04
7.110000000000000000e+02 2.282890000000000146e+04
6.470000000000000000e+02 2.284595000000000073e+04
