8.800000000000000000e+01 9.170500000000000682e+02
8.800000000000000000e+01 9.804500000000000455e+02
1.200000000000000000e+02 9.931499999999999773e+02
1.120000000000000000e+02 1.411750000000000000e+03
1.120000000000000000e+02 1.506400000000000091e+03
1.600000000000000000e+02 1.779799999999999955e+03
8.800000000000000000e+01 1.994799999999999955e+03
9.600000000000000000e+01 2.041150000000000091e+03
8.800000000000000000e+01 2.142650000000000091e+03
1.200000000000000000e+02 2.307550000000000182e+03
8.800000000000000000e+01 2.419550000000000182e+03
1.040000000000000000e+02 2.509599999999999909e+03
8.800000000000000000e+01 2.858550000000000182e+03
1.440000000000000000e+02 3.227099999999999909e+03
8.800000000000000000e+01 3.838900000000000091e+03
1.600000000000000000e+02 4.165399999999999636e+03
1.040000000000000000e+02 4.326300000000000182e+03
9.600000000000000000e+01 4.447900000000000546e+03
1.600000000000000000e+02 4.627150000000000546e+03
9.600000000000000000e+01 4.758600000000000364e+03
1.440000000000000000e+02 5.120150000000000546e+03
1.360000000000000000e+02 5.429400000000000546e+03
1.520000000000000000e+02 6.161500000000000000e+03
1.600000000000000000e+02 6.184150000000000546e+03
1.600000000000000000e+02 6.329100000000000364e+03
1.200000000000000000e+02 6.366800000000000182e+03
1.120000000000000000e+02 6.692850000000000364e+03
8.800000000000000000e+01 6.737300000000000182e+03
1.120000000000000000e+02 7.009900000000000546e+03
1.440000000000000000e+02 7.011850000000000364e+03
1.200000000000000000e+02 7.022000000000000000e+03
9.600000000000000000e+01 7.031300000000000182e+03
1.600000000000000000e+02 7.040850000000000364e+03
1.520000000000000000e+02 7.047100000000000364e+03
1.360000000000000000e+02 7.058199999999999818e+03
1.040000000000000000e+02 7.065400000000000546e+03
1.120000000000000000e+02 7.068650000000000546e+03
1.200000000000000000e+02 7.101050000000000182e+03
9.600000000000000000e+01 7.108650000000000546e+03
1.040000000000000000e+02 7.113850000000000364e+03
8.800000000000000000e+01 7.125050000000000182e+03
1.520000000000000000e+02 7.127400000000000546e+03
1.600000000000000000e+02 7.134600000000000364e+03
9.600000000000000000e+01 7.145650000000000546e+03
1.360000000000000000e+02 7.150600000000000364e+03
1.280000000000000000e+02 7.152350000000000364e+03
8.800000000000000000e+01 7.160500000000000000e+03
1.120000000000000000e+02 7.172500000000000000e+03
1.360000000000000000e+02 7.189199999999999818e+03
1.440000000000000000e+02 7.193150000000000546e+03
1.520000000000000000e+02 7.194850000000000364e+03
9.600000000000000000e+01 7.197500000000000000e+03
1.280000000000000000e+02 7.209350000000000364e+03
8.800000000000000000e+01 7.214000000000000000e+03
1.200000000000000000e+02 7.222400000000000546e+03
1.520000000000000000e+02 7.227250000000000000e+03
1.120000000000000000e+02 7.242850000000000364e+03
9.600000000000000000e+01 7.245350000000000364e+03
1.040000000000000000e+02 7.245900000000000546e+03
1.360000000000000000e+02 7.245900000000000546e+03
1.520000000000000000e+02 7.259449999999999818e+03
1.200000000000000000e+02 7.268600000000000364e+03
1.440000000000000000e+02 7.273050000000000182e+03
1.280000000000000000e+02 7.290699999999999818e+03
1.360000000000000000e+02 7.299500000000000000e+03
1.200000000000000000e+02 7.307500000000000000e+03
1.520000000000000000e+02 7.313949999999999818e+03
1.120000000000000000e+02 7.318500000000000000e+03
8.800000000000000000e+01 7.322250000000000000e+03
9.600000000000000000e+01 7.337600000000000364e+03
1.600000000000000000e+02 7.356150000000000546e+03
1.440000000000000000e+02 7.357550000000000182e+03
8.800000000000000000e+01 7.362850000000000364e+03
1.520000000000000000e+02 7.365000000000000000e+03
1.360000000000000000e+02 7.373500000000000000e+03
1.200000000000000000e+02 7.378050000000000182e+03
1.280000000000000000e+02 7.396050000000000182e+03
1.600000000000000000e+02 7.403100000000000364e+03
1.040000000000000000e+02 7.410949999999999818e+03
1.440000000000000000e+02 7.427600000000000364e+03
1.120000000000000000e+02 7.430750000000000000e+03
8.800000000000000000e+01 7.431600000000000364e+03
9.600000000000000000e+01 7.439250000000000000e+03
1.520000000000000000e+02 7.441500000000000000e+03
1.280000000000000000e+02 7.447900000000000546e+03
1.600000000000000000e+02 7.451949999999999818e+03
1.360000000000000000e+02 7.465699999999999818e+03
1.040000000000000000e+02 7.473650000000000546e+03
1.120000000000000000e+02 7.476699999999999818e+03
8.800000000000000000e+01 7.493400000000000546e+03
1.280000000000000000e+02 7.493949999999999818e+03
1.440000000000000000e+02 7.500750000000000000e+03
1.520000000000000000e+02 7.501850000000000364e+03
9.600000000000000000e+01 7.504800000000000182e+03
1.040000000000000000e+02 7.522250000000000000e+03
8.800000000000000000e+01 7.525000000000000000e+03
1.200000000000000000e+02 7.527550000000000182e+03
1.600000000000000000e+02 7.543350000000000364e+03
1.280000000000000000e+02 7.555650000000000546e+03
9.600000000000000000e+01 7.557750000000000000e+03
1.040000000000000000e+02 7.563100000000000364e+03
1.120000000000000000e+02 7.571500000000000000e+03
1.440000000000000000e+02 7.572800000000000182e+03
1.520000000000000000e+02 7.575150000000000546e+03
1.360000000000000000e+02 7.581050000000000182e+03
1.200000000000000000e+02 7.589100000000000364e+03
1.440000000000000000e+02 7.609449999999999818e+03
1.040000000000000000e+02 7.612949999999999818e+03
9.600000000000000000e+01 7.614699999999999818e+03
8.800000000000000000e+01 7.617400000000000546e+03
1.280000000000000000e+02 7.622500000000000000e+03
1.600000000000000000e+02 7.626949999999999818e+03
1.520000000000000000e+02 7.629800000000000182e+03
1.360000000000000000e+02 7.651000000000000000e+03
1.200000000000000000e+02 7.655900000000000546e+03
1.040000000000000000e+02 7.657550000000000182e+03
1.120000000000000000e+02 7.669199999999999818e+03
1.600000000000000000e+02 7.676350000000000364e+03
9.600000000000000000e+01 7.682000000000000000e+03
1.200000000000000000e+02 7.684850000000000364e+03
1.440000000000000000e+02 7.692300000000000182e+03
1.040000000000000000e+02 7.695150000000000546e+03
1.280000000000000000e+02 7.702900000000000546e+03
9.600000000000000000e+01 7.706250000000000000e+03
1.520000000000000000e+02 7.710300000000000182e+03
1.120000000000000000e+02 7.715350000000000364e+03
1.200000000000000000e+02 7.726050000000000182e+03
1.280000000000000000e+02 7.733600000000000364e+03
1.600000000000000000e+02 7.740850000000000364e+03
8.800000000000000000e+01 7.743500000000000000e+03
1.520000000000000000e+02 7.752300000000000182e+03
1.040000000000000000e+02 7.753600000000000364e+03
1.120000000000000000e+02 7.753800000000000182e+03
1.440000000000000000e+02 7.761550000000000182e+03
1.280000000000000000e+02 7.791699999999999818e+03
8.800000000000000000e+01 7.806600000000000364e+03
1.600000000000000000e+02 7.807500000000000000e+03
9.600000000000000000e+01 7.810199999999999818e+03
1.360000000000000000e+02 7.820699999999999818e+03
1.040000000000000000e+02 7.821949999999999818e+03
1.120000000000000000e+02 7.830650000000000546e+03
1.520000000000000000e+02 7.837600000000000364e+03
1.440000000000000000e+02 7.850050000000000182e+03
1.040000000000000000e+02 7.857050000000000182e+03
1.600000000000000000e+02 7.869250000000000000e+03
1.520000000000000000e+02 7.870699999999999818e+03
8.800000000000000000e+01 7.875500000000000000e+03
9.600000000000000000e+01 7.880050000000000182e+03
1.200000000000000000e+02 7.885500000000000000e+03
1.440000000000000000e+02 7.895300000000000182e+03
1.280000000000000000e+02 7.898100000000000364e+03
1.360000000000000000e+02 7.900650000000000546e+03
1.120000000000000000e+02 7.903850000000000364e+03
1.520000000000000000e+02 7.904500000000000000e+03
1.040000000000000000e+02 7.918650000000000546e+03
8.800000000000000000e+01 7.924550000000000182e+03
1.200000000000000000e+02 7.931550000000000182e+03
1.360000000000000000e+02 7.946250000000000000e+03
1.280000000000000000e+02 7.957250000000000000e+03
1.440000000000000000e+02 7.959199999999999818e+03
1.520000000000000000e+02 7.968050000000000182e+03
1.200000000000000000e+02 7.974400000000000546e+03
1.120000000000000000e+02 7.988850000000000364e+03
1.360000000000000000e+02 7.988900000000000546e+03
1.600000000000000000e+02 7.994199999999999818e+03
1.280000000000000000e+02 8.006500000000000000e+03
1.440000000000000000e+02 8.006650000000000546e+03
8.800000000000000000e+01 8.007199999999999818e+03
9.600000000000000000e+01 8.008650000000000546e+03
1.040000000000000000e+02 8.017650000000000546e+03
1.200000000000000000e+02 8.030150000000000546e+03
1.520000000000000000e+02 8.032650000000000546e+03
1.600000000000000000e+02 8.037400000000000546e+03
1.120000000000000000e+02 8.038550000000000182e+03
1.360000000000000000e+02 8.043750000000000000e+03
8.800000000000000000e+01 8.045050000000000182e+03
1.280000000000000000e+02 8.054600000000000364e+03
1.440000000000000000e+02 8.058050000000000182e+03
1.040000000000000000e+02 8.077600000000000364e+03
1.520000000000000000e+02 8.078949999999999818e+03
9.600000000000000000e+01 8.088800000000000182e+03
8.800000000000000000e+01 8.097550000000000182e+03
1.440000000000000000e+02 8.099699999999999818e+03
1.600000000000000000e+02 8.103449999999999818e+03
1.200000000000000000e+02 8.103600000000000364e+03
1.120000000000000000e+02 8.112699999999999818e+03
1.360000000000000000e+02 8.112949999999999818e+03
1.040000000000000000e+02 8.113150000000000546e+03
1.520000000000000000e+02 8.115550000000000182e+03
9.600000000000000000e+01 8.118400000000000546e+03
8.800000000000000000e+01 8.132050000000000182e+03
1.600000000000000000e+02 8.149800000000000182e+03
1.360000000000000000e+02 8.155000000000000000e+03
1.440000000000000000e+02 8.156600000000000364e+03
1.200000000000000000e+02 8.160449999999999818e+03
1.040000000000000000e+02 8.161400000000000546e+03
1.280000000000000000e+02 8.180800000000000182e+03
9.600000000000000000e+01 8.189500000000000000e+03
1.200000000000000000e+02 8.195850000000000364e+03
8.800000000000000000e+01 8.197850000000000364e+03
1.120000000000000000e+02 8.202500000000000000e+03
1.520000000000000000e+02 8.204000000000000000e+03
1.360000000000000000e+02 8.208100000000000364e+03
1.600000000000000000e+02 8.209149999999999636e+03
1.440000000000000000e+02 8.211899999999999636e+03
1.040000000000000000e+02 8.212000000000000000e+03
1.280000000000000000e+02 8.226600000000000364e+03
9.600000000000000000e+01 8.229500000000000000e+03
1.200000000000000000e+02 8.235149999999999636e+03
1.520000000000000000e+02 8.245149999999999636e+03
8.800000000000000000e+01 8.246649999999999636e+03
1.600000000000000000e+02 8.249200000000000728e+03
1.360000000000000000e+02 8.253100000000000364e+03
1.120000000000000000e+02 8.255850000000000364e+03
1.200000000000000000e+02 8.275299999999999272e+03
1.280000000000000000e+02 8.275950000000000728e+03
1.040000000000000000e+02 8.284299999999999272e+03
9.600000000000000000e+01 8.285950000000000728e+03
8.800000000000000000e+01 8.296850000000000364e+03
1.600000000000000000e+02 8.314700000000000728e+03
1.360000000000000000e+02 8.315299999999999272e+03
1.520000000000000000e+02 8.317500000000000000e+03
1.120000000000000000e+02 8.318399999999999636e+03
1.200000000000000000e+02 8.321049999999999272e+03
8.800000000000000000e+01 8.329299999999999272e+03
1.280000000000000000e+02 8.338299999999999272e+03
9.600000000000000000e+01 8.339149999999999636e+03
1.520000000000000000e+02 8.348750000000000000e+03
1.600000000000000000e+02 8.352899999999999636e+03
1.440000000000000000e+02 8.358299999999999272e+03
1.360000000000000000e+02 8.362200000000000728e+03
8.800000000000000000e+01 8.363100000000000364e+03
1.040000000000000000e+02 8.365299999999999272e+03
1.120000000000000000e+02 8.368399999999999636e+03
9.600000000000000000e+01 8.370350000000000364e+03
1.200000000000000000e+02 8.379350000000000364e+03
1.280000000000000000e+02 8.399100000000000364e+03
1.040000000000000000e+02 8.399850000000000364e+03
1.440000000000000000e+02 8.406799999999999272e+03
1.520000000000000000e+02 8.407750000000000000e+03
8.800000000000000000e+01 8.409049999999999272e+03
1.360000000000000000e+02 8.409899999999999636e+03
1.120000000000000000e+02 8.412700000000000728e+03
9.600000000000000000e+01 8.414200000000000728e+03
1.200000000000000000e+02 8.416899999999999636e+03
1.040000000000000000e+02 8.437299999999999272e+03
1.600000000000000000e+02 8.440899999999999636e+03
1.200000000000000000e+02 8.447399999999999636e+03
1.360000000000000000e+02 8.447899999999999636e+03
1.520000000000000000e+02 8.449649999999999636e+03
1.280000000000000000e+02 8.450000000000000000e+03
9.600000000000000000e+01 8.451299999999999272e+03
8.800000000000000000e+01 8.452100000000000364e+03
1.440000000000000000e+02 8.452450000000000728e+03
1.120000000000000000e+02 8.454500000000000000e+03
1.600000000000000000e+02 8.469500000000000000e+03
1.360000000000000000e+02 8.489350000000000364e+03
9.600000000000000000e+01 8.490799999999999272e+03
1.440000000000000000e+02 8.491850000000000364e+03
8.800000000000000000e+01 8.493799999999999272e+03
1.040000000000000000e+02 8.494899999999999636e+03
1.200000000000000000e+02 8.496750000000000000e+03
1.520000000000000000e+02 8.500700000000000728e+03
1.280000000000000000e+02 8.508350000000000364e+03
1.360000000000000000e+02 8.515950000000000728e+03
1.120000000000000000e+02 8.516899999999999636e+03
1.600000000000000000e+02 8.530399999999999636e+03
8.800000000000000000e+01 8.531399999999999636e+03
9.600000000000000000e+01 8.533100000000000364e+03
1.040000000000000000e+02 8.533649999999999636e+03
1.440000000000000000e+02 8.534600000000000364e+03
1.520000000000000000e+02 8.536549999999999272e+03
1.360000000000000000e+02 8.547799999999999272e+03
1.280000000000000000e+02 8.552899999999999636e+03
1.600000000000000000e+02 8.560700000000000728e+03
1.200000000000000000e+02 8.561799999999999272e+03
1.120000000000000000e+02 8.562149999999999636e+03
1.520000000000000000e+02 8.572850000000000364e+03
8.800000000000000000e+01 8.573600000000000364e+03
1.440000000000000000e+02 8.575399999999999636e+03
1.040000000000000000e+02 8.578850000000000364e+03
9.600000000000000000e+01 8.580500000000000000e+03
1.360000000000000000e+02 8.602700000000000728e+03
1.440000000000000000e+02 8.604200000000000728e+03
1.120000000000000000e+02 8.606799999999999272e+03
9.600000000000000000e+01 8.610950000000000728e+03
1.200000000000000000e+02 8.611549999999999272e+03
1.600000000000000000e+02 8.617149999999999636e+03
1.520000000000000000e+02 8.619450000000000728e+03
1.040000000000000000e+02 8.621399999999999636e+03
8.800000000000000000e+01 8.621549999999999272e+03
1.360000000000000000e+02 8.650600000000000364e+03
1.120000000000000000e+02 8.653250000000000000e+03
9.600000000000000000e+01 8.653399999999999636e+03
8.800000000000000000e+01 8.653600000000000364e+03
1.520000000000000000e+02 8.655850000000000364e+03
1.040000000000000000e+02 8.657350000000000364e+03
1.600000000000000000e+02 8.662149999999999636e+03
1.280000000000000000e+02 8.665549999999999272e+03
1.200000000000000000e+02 8.668850000000000364e+03
1.120000000000000000e+02 8.683500000000000000e+03
1.520000000000000000e+02 8.687950000000000728e+03
1.440000000000000000e+02 8.688700000000000728e+03
8.800000000000000000e+01 8.693750000000000000e+03
1.360000000000000000e+02 8.694100000000000364e+03
1.040000000000000000e+02 8.694700000000000728e+03
1.600000000000000000e+02 8.710500000000000000e+03
9.600000000000000000e+01 8.721149999999999636e+03
1.120000000000000000e+02 8.723000000000000000e+03
1.360000000000000000e+02 8.725500000000000000e+03
1.040000000000000000e+02 8.725700000000000728e+03
1.200000000000000000e+02 8.727500000000000000e+03
8.800000000000000000e+01 8.729500000000000000e+03
1.520000000000000000e+02 8.732549999999999272e+03
1.280000000000000000e+02 8.738149999999999636e+03
1.600000000000000000e+02 8.747250000000000000e+03
1.440000000000000000e+02 8.750950000000000728e+03
9.600000000000000000e+01 8.760100000000000364e+03
1.520000000000000000e+02 8.761350000000000364e+03
1.040000000000000000e+02 8.762500000000000000e+03
1.200000000000000000e+02 8.763500000000000000e+03
1.360000000000000000e+02 8.763700000000000728e+03
1.120000000000000000e+02 8.766950000000000728e+03
8.800000000000000000e+01 8.785950000000000728e+03
9.600000000000000000e+01 8.792300000000001091e+03
1.600000000000000000e+02 8.794850000000000364e+03
1.280000000000000000e+02 8.794950000000000728e+03
1.120000000000000000e+02 8.795899999999999636e+03
1.520000000000000000e+02 8.797100000000000364e+03
1.440000000000000000e+02 8.797399999999999636e+03
1.040000000000000000e+02 8.798899999999999636e+03
1.360000000000000000e+02 8.799050000000001091e+03
1.200000000000000000e+02 8.805800000000001091e+03
1.120000000000000000e+02 8.820649999999999636e+03
1.280000000000000000e+02 8.825700000000000728e+03
9.600000000000000000e+01 8.826500000000000000e+03
1.520000000000000000e+02 8.829850000000000364e+03
1.440000000000000000e+02 8.830399999999999636e+03
8.800000000000000000e+01 8.831100000000000364e+03
1.040000000000000000e+02 8.836550000000001091e+03
1.200000000000000000e+02 8.850200000000000728e+03
1.360000000000000000e+02 8.852250000000000000e+03
1.120000000000000000e+02 8.854450000000000728e+03
9.600000000000000000e+01 8.870350000000000364e+03
1.040000000000000000e+02 8.870399999999999636e+03
1.600000000000000000e+02 8.870899999999999636e+03
8.800000000000000000e+01 8.871450000000000728e+03
1.280000000000000000e+02 8.872399999999999636e+03
1.520000000000000000e+02 8.872600000000000364e+03
1.360000000000000000e+02 8.872800000000001091e+03
1.440000000000000000e+02 8.873649999999999636e+03
1.120000000000000000e+02 8.874899999999999636e+03
1.440000000000000000e+02 8.901350000000000364e+03
9.600000000000000000e+01 8.901450000000000728e+03
1.200000000000000000e+02 8.902000000000000000e+03
8.800000000000000000e+01 8.903050000000001091e+03
1.040000000000000000e+02 8.904850000000000364e+03
1.600000000000000000e+02 8.904899999999999636e+03
1.520000000000000000e+02 8.905300000000001091e+03
1.280000000000000000e+02 8.906800000000001091e+03
1.360000000000000000e+02 8.907300000000001091e+03
1.440000000000000000e+02 8.934250000000000000e+03
1.040000000000000000e+02 8.937700000000000728e+03
1.360000000000000000e+02 8.939800000000001091e+03
1.600000000000000000e+02 8.941399999999999636e+03
9.600000000000000000e+01 8.943399999999999636e+03
1.520000000000000000e+02 8.943700000000000728e+03
1.120000000000000000e+02 8.944300000000001091e+03
1.200000000000000000e+02 8.945000000000000000e+03
8.800000000000000000e+01 8.945300000000001091e+03
1.280000000000000000e+02 8.951149999999999636e+03
1.440000000000000000e+02 8.971750000000000000e+03
1.600000000000000000e+02 8.977000000000000000e+03
1.520000000000000000e+02 8.979649999999999636e+03
9.600000000000000000e+01 8.980800000000001091e+03
8.800000000000000000e+01 8.981600000000000364e+03
1.200000000000000000e+02 8.981649999999999636e+03
1.280000000000000000e+02 8.981899999999999636e+03
1.120000000000000000e+02 8.982250000000000000e+03
1.040000000000000000e+02 8.982450000000000728e+03
1.360000000000000000e+02 8.982500000000000000e+03
1.600000000000000000e+02 9.010350000000000364e+03
1.200000000000000000e+02 9.013950000000000728e+03
1.440000000000000000e+02 9.014149999999999636e+03
1.360000000000000000e+02 9.014750000000000000e+03
1.040000000000000000e+02 9.015000000000000000e+03
1.520000000000000000e+02 9.018800000000001091e+03
9.600000000000000000e+01 9.019200000000000728e+03
8.800000000000000000e+01 9.019250000000000000e+03
1.120000000000000000e+02 9.020100000000000364e+03
1.280000000000000000e+02 9.020850000000000364e+03
1.600000000000000000e+02 9.048100000000000364e+03
1.120000000000000000e+02 9.052950000000000728e+03
1.200000000000000000e+02 9.053899999999999636e+03
1.440000000000000000e+02 9.054050000000001091e+03
1.360000000000000000e+02 9.054800000000001091e+03
1.040000000000000000e+02 9.055399999999999636e+03
9.600000000000000000e+01 9.055750000000000000e+03
8.800000000000000000e+01 9.057149999999999636e+03
1.520000000000000000e+02 9.057399999999999636e+03
1.280000000000000000e+02 9.059399999999999636e+03
1.520000000000000000e+02 9.088899999999999636e+03
1.200000000000000000e+02 9.089600000000000364e+03
1.600000000000000000e+02 9.091100000000000364e+03
1.040000000000000000e+02 9.092100000000000364e+03
1.120000000000000000e+02 9.092200000000000728e+03
8.800000000000000000e+01 9.092399999999999636e+03
1.440000000000000000e+02 9.092649999999999636e+03
1.280000000000000000e+02 9.092800000000001091e+03
9.600000000000000000e+01 9.093899999999999636e+03
1.360000000000000000e+02 9.093850000000000364e+03
1.600000000000000000e+02 9.115300000000001091e+03
1.040000000000000000e+02 9.117950000000000728e+03
1.120000000000000000e+02 9.121250000000000000e+03
1.200000000000000000e+02 9.121550000000001091e+03
1.520000000000000000e+02 9.124750000000000000e+03
8.800000000000000000e+01 9.125399999999999636e+03
9.600000000000000000e+01 9.127000000000000000e+03
1.360000000000000000e+02 9.127600000000000364e+03
1.280000000000000000e+02 9.128149999999999636e+03
1.440000000000000000e+02 9.128600000000000364e+03
1.040000000000000000e+02 9.150800000000001091e+03
1.200000000000000000e+02 9.152600000000000364e+03
1.600000000000000000e+02 9.155850000000000364e+03
8.800000000000000000e+01 9.156550000000001091e+03
1.120000000000000000e+02 9.157450000000000728e+03
1.280000000000000000e+02 9.157500000000000000e+03
1.520000000000000000e+02 9.158350000000000364e+03
9.600000000000000000e+01 9.159050000000001091e+03
1.440000000000000000e+02 9.160100000000000364e+03
1.360000000000000000e+02 9.163649999999999636e+03
1.200000000000000000e+02 9.177000000000000000e+03
1.040000000000000000e+02 9.192649999999999636e+03
1.360000000000000000e+02 9.192899999999999636e+03
1.600000000000000000e+02 9.193700000000000728e+03
9.600000000000000000e+01 9.193800000000001091e+03
8.800000000000000000e+01 9.194500000000000000e+03
1.280000000000000000e+02 9.194500000000000000e+03
1.520000000000000000e+02 9.194850000000000364e+03
1.120000000000000000e+02 9.195450000000000728e+03
1.440000000000000000e+02 9.196100000000000364e+03
1.200000000000000000e+02 9.205100000000000364e+03
8.800000000000000000e+01 9.224700000000000728e+03
9.600000000000000000e+01 9.224700000000000728e+03
1.360000000000000000e+02 9.226649999999999636e+03
1.520000000000000000e+02 9.227000000000000000e+03
1.280000000000000000e+02 9.227100000000000364e+03
1.600000000000000000e+02 9.227350000000000364e+03
1.040000000000000000e+02 9.227700000000000728e+03
1.200000000000000000e+02 9.228149999999999636e+03
1.440000000000000000e+02 9.228550000000001091e+03
1.120000000000000000e+02 9.228750000000000000e+03
8.800000000000000000e+01 9.257750000000000000e+03
1.360000000000000000e+02 9.257750000000000000e+03
1.280000000000000000e+02 9.259250000000000000e+03
1.520000000000000000e+02 9.259250000000000000e+03
1.600000000000000000e+02 9.259700000000000728e+03
1.440000000000000000e+02 9.259899999999999636e+03
9.600000000000000000e+01 9.260250000000000000e+03
1.120000000000000000e+02 9.261050000000001091e+03
1.200000000000000000e+02 9.261750000000000000e+03
1.040000000000000000e+02 9.261950000000000728e+03
1.280000000000000000e+02 9.284750000000000000e+03
1.120000000000000000e+02 9.291850000000000364e+03
9.600000000000000000e+01 9.293000000000000000e+03
8.800000000000000000e+01 9.293250000000000000e+03
1.520000000000000000e+02 9.293550000000001091e+03
1.600000000000000000e+02 9.295550000000001091e+03
1.200000000000000000e+02 9.295700000000000728e+03
1.440000000000000000e+02 9.296050000000001091e+03
1.360000000000000000e+02 9.296200000000000728e+03
1.040000000000000000e+02 9.297050000000001091e+03
1.520000000000000000e+02 9.314500000000000000e+03
8.800000000000000000e+01 9.315700000000000728e+03
9.600000000000000000e+01 9.322200000000000728e+03
1.120000000000000000e+02 9.324649999999999636e+03
1.360000000000000000e+02 9.325300000000001091e+03
1.280000000000000000e+02 9.325600000000000364e+03
1.440000000000000000e+02 9.326600000000000364e+03
1.040000000000000000e+02 9.326850000000000364e+03
1.200000000000000000e+02 9.326850000000000364e+03
1.600000000000000000e+02 9.326950000000000728e+03
8.800000000000000000e+01 9.332649999999999636e+03
1.360000000000000000e+02 9.350800000000001091e+03
1.520000000000000000e+02 9.354200000000000728e+03
1.200000000000000000e+02 9.359399999999999636e+03
8.800000000000000000e+01 9.359899999999999636e+03
1.440000000000000000e+02 9.359850000000000364e+03
1.120000000000000000e+02 9.360000000000000000e+03
1.040000000000000000e+02 9.360050000000001091e+03
9.600000000000000000e+01 9.360550000000001091e+03
1.600000000000000000e+02 9.360550000000001091e+03
1.280000000000000000e+02 9.361300000000001091e+03
1.360000000000000000e+02 9.364600000000000364e+03
9.600000000000000000e+01 9.389250000000000000e+03
1.040000000000000000e+02 9.393149999999999636e+03
1.120000000000000000e+02 9.393250000000000000e+03
1.440000000000000000e+02 9.393399999999999636e+03
1.200000000000000000e+02 9.393700000000000728e+03
8.800000000000000000e+01 9.393899999999999636e+03
1.520000000000000000e+02 9.394200000000000728e+03
1.360000000000000000e+02 9.394450000000000728e+03
1.600000000000000000e+02 9.395450000000000728e+03
1.280000000000000000e+02 9.396050000000001091e+03
9.600000000000000000e+01 9.426850000000000364e+03
8.800000000000000000e+01 9.427450000000000728e+03
1.200000000000000000e+02 9.427600000000000364e+03
1.520000000000000000e+02 9.427800000000001091e+03
1.360000000000000000e+02 9.428200000000000728e+03
1.040000000000000000e+02 9.428250000000000000e+03
1.120000000000000000e+02 9.428250000000000000e+03
1.280000000000000000e+02 9.428500000000000000e+03
1.440000000000000000e+02 9.429149999999999636e+03
1.600000000000000000e+02 9.429700000000000728e+03
1.520000000000000000e+02 9.457050000000001091e+03
8.800000000000000000e+01 9.459649999999999636e+03
1.440000000000000000e+02 9.460500000000000000e+03
1.360000000000000000e+02 9.461899999999999636e+03
9.600000000000000000e+01 9.462300000000001091e+03
1.280000000000000000e+02 9.462399999999999636e+03
1.040000000000000000e+02 9.462450000000000728e+03
1.200000000000000000e+02 9.462899999999999636e+03
1.600000000000000000e+02 9.462950000000000728e+03
1.120000000000000000e+02 9.463300000000001091e+03
1.440000000000000000e+02 9.490700000000000728e+03
8.800000000000000000e+01 9.491149999999999636e+03
1.200000000000000000e+02 9.491149999999999636e+03
9.600000000000000000e+01 9.491350000000000364e+03
1.040000000000000000e+02 9.491649999999999636e+03
1.520000000000000000e+02 9.492500000000000000e+03
1.280000000000000000e+02 9.492899999999999636e+03
1.360000000000000000e+02 9.493500000000000000e+03
1.600000000000000000e+02 9.493550000000001091e+03
1.120000000000000000e+02 9.494000000000000000e+03
1.280000000000000000e+02 9.520649999999999636e+03
1.040000000000000000e+02 9.521899999999999636e+03
1.360000000000000000e+02 9.522250000000000000e+03
1.440000000000000000e+02 9.522500000000000000e+03
1.520000000000000000e+02 9.522500000000000000e+03
1.120000000000000000e+02 9.523550000000001091e+03
1.200000000000000000e+02 9.523600000000000364e+03
8.800000000000000000e+01 9.524000000000000000e+03
9.600000000000000000e+01 9.524050000000001091e+03
1.600000000000000000e+02 9.524450000000000728e+03
1.280000000000000000e+02 9.544600000000000364e+03
1.120000000000000000e+02 9.547899999999999636e+03
1.520000000000000000e+02 9.548300000000001091e+03
1.440000000000000000e+02 9.549450000000000728e+03
1.040000000000000000e+02 9.549800000000001091e+03
1.200000000000000000e+02 9.550850000000000364e+03
1.600000000000000000e+02 9.552050000000001091e+03
9.600000000000000000e+01 9.552200000000000728e+03
8.800000000000000000e+01 9.553750000000000000e+03
1.360000000000000000e+02 9.553899999999999636e+03
1.280000000000000000e+02 9.580950000000000728e+03
1.520000000000000000e+02 9.581649999999999636e+03
1.040000000000000000e+02 9.582899999999999636e+03
1.440000000000000000e+02 9.583000000000000000e+03
8.800000000000000000e+01 9.583250000000000000e+03
9.600000000000000000e+01 9.583350000000000364e+03
1.120000000000000000e+02 9.583500000000000000e+03
1.600000000000000000e+02 9.584300000000001091e+03
1.360000000000000000e+02 9.584500000000000000e+03
1.200000000000000000e+02 9.584550000000001091e+03
1.120000000000000000e+02 9.613250000000000000e+03
1.600000000000000000e+02 9.613350000000000364e+03
1.040000000000000000e+02 9.613450000000000728e+03
9.600000000000000000e+01 9.614350000000000364e+03
1.520000000000000000e+02 9.615000000000000000e+03
1.200000000000000000e+02 9.615300000000001091e+03
1.280000000000000000e+02 9.615250000000000000e+03
1.360000000000000000e+02 9.615250000000000000e+03
1.440000000000000000e+02 9.615550000000001091e+03
8.800000000000000000e+01 9.616600000000000364e+03
1.360000000000000000e+02 9.645450000000000728e+03
1.200000000000000000e+02 9.645950000000000728e+03
9.600000000000000000e+01 9.646050000000001091e+03
1.040000000000000000e+02 9.647000000000000000e+03
1.440000000000000000e+02 9.647300000000001091e+03
8.800000000000000000e+01 9.647399999999999636e+03
1.520000000000000000e+02 9.647550000000001091e+03
1.600000000000000000e+02 9.647899999999999636e+03
1.280000000000000000e+02 9.648000000000000000e+03
1.120000000000000000e+02 9.648100000000000364e+03
1.200000000000000000e+02 9.673149999999999636e+03
1.440000000000000000e+02 9.675149999999999636e+03
8.800000000000000000e+01 9.675649999999999636e+03
1.520000000000000000e+02 9.677200000000000728e+03
1.360000000000000000e+02 9.677750000000000000e+03
1.040000000000000000e+02 9.678200000000000728e+03
1.280000000000000000e+02 9.678850000000000364e+03
1.120000000000000000e+02 9.679000000000000000e+03
9.600000000000000000e+01 9.679149999999999636e+03
1.600000000000000000e+02 9.679399999999999636e+03
1.040000000000000000e+02 9.708350000000000364e+03
1.520000000000000000e+02 9.710500000000000000e+03
1.200000000000000000e+02 9.710700000000000728e+03
8.800000000000000000e+01 9.711200000000000728e+03
1.360000000000000000e+02 9.711350000000000364e+03
1.440000000000000000e+02 9.711550000000001091e+03
1.600000000000000000e+02 9.711800000000001091e+03
1.120000000000000000e+02 9.712250000000000000e+03
1.280000000000000000e+02 9.712500000000000000e+03
9.600000000000000000e+01 9.712550000000001091e+03
1.040000000000000000e+02 9.731000000000000000e+03
1.520000000000000000e+02 9.742500000000000000e+03
8.800000000000000000e+01 9.742700000000000728e+03
1.360000000000000000e+02 9.743250000000000000e+03
1.120000000000000000e+02 9.743399999999999636e+03
1.280000000000000000e+02 9.743649999999999636e+03
1.440000000000000000e+02 9.743850000000000364e+03
1.200000000000000000e+02 9.743950000000000728e+03
9.600000000000000000e+01 9.744450000000000728e+03
1.600000000000000000e+02 9.744899999999999636e+03
1.040000000000000000e+02 9.749250000000000000e+03
1.360000000000000000e+02 9.774149999999999636e+03
1.440000000000000000e+02 9.776200000000000728e+03
1.600000000000000000e+02 9.776200000000000728e+03
1.120000000000000000e+02 9.776600000000000364e+03
1.280000000000000000e+02 9.776850000000000364e+03
1.520000000000000000e+02 9.777100000000000364e+03
1.040000000000000000e+02 9.777250000000000000e+03
8.800000000000000000e+01 9.777600000000000364e+03
1.200000000000000000e+02 9.777899999999999636e+03
9.600000000000000000e+01 9.778450000000000728e+03
1.360000000000000000e+02 9.796149999999999636e+03
9.600000000000000000e+01 9.805149999999999636e+03
1.200000000000000000e+02 9.805250000000000000e+03
1.600000000000000000e+02 9.805850000000000364e+03
8.800000000000000000e+01 9.806600000000000364e+03
1.040000000000000000e+02 9.807950000000000728e+03
1.280000000000000000e+02 9.808399999999999636e+03
1.120000000000000000e+02 9.808500000000000000e+03
1.520000000000000000e+02 9.808450000000000728e+03
1.440000000000000000e+02 9.809250000000000000e+03
1.200000000000000000e+02 9.829899999999999636e+03
1.520000000000000000e+02 9.833050000000001091e+03
8.800000000000000000e+01 9.833399999999999636e+03
9.600000000000000000e+01 9.833350000000000364e+03
1.440000000000000000e+02 9.835250000000000000e+03
1.600000000000000000e+02 9.835850000000000364e+03
1.040000000000000000e+02 9.836050000000001091e+03
1.120000000000000000e+02 9.836200000000000728e+03
1.360000000000000000e+02 9.836149999999999636e+03
1.280000000000000000e+02 9.837550000000001091e+03
1.040000000000000000e+02 9.856950000000000728e+03
1.200000000000000000e+02 9.858149999999999636e+03
9.600000000000000000e+01 9.859149999999999636e+03
8.800000000000000000e+01 9.859649999999999636e+03
1.520000000000000000e+02 9.860200000000000728e+03
1.440000000000000000e+02 9.861750000000000000e+03
1.120000000000000000e+02 9.862050000000001091e+03
1.360000000000000000e+02 9.862850000000000364e+03
1.280000000000000000e+02 9.864000000000000000e+03
1.600000000000000000e+02 9.864050000000001091e+03
1.040000000000000000e+02 9.882800000000001091e+03
1.440000000000000000e+02 9.890200000000000728e+03
1.520000000000000000e+02 9.890649999999999636e+03
1.120000000000000000e+02 9.890950000000000728e+03
1.360000000000000000e+02 9.890950000000000728e+03
8.800000000000000000e+01 9.891649999999999636e+03
1.200000000000000000e+02 9.892050000000001091e+03
1.600000000000000000e+02 9.892200000000000728e+03
9.600000000000000000e+01 9.892500000000000000e+03
1.280000000000000000e+02 9.892450000000000728e+03
1.040000000000000000e+02 9.897300000000001091e+03
1.280000000000000000e+02 9.917649999999999636e+03
9.600000000000000000e+01 9.921149999999999636e+03
1.520000000000000000e+02 9.921200000000000728e+03
1.120000000000000000e+02 9.922500000000000000e+03
8.800000000000000000e+01 9.922800000000001091e+03
1.360000000000000000e+02 9.922800000000001091e+03
1.600000000000000000e+02 9.922750000000000000e+03
1.040000000000000000e+02 9.923050000000001091e+03
1.200000000000000000e+02 9.923050000000001091e+03
1.440000000000000000e+02 9.923649999999999636e+03
1.280000000000000000e+02 9.943200000000000728e+03
1.200000000000000000e+02 9.947649999999999636e+03
1.520000000000000000e+02 9.948649999999999636e+03
9.600000000000000000e+01 9.948899999999999636e+03
1.600000000000000000e+02 9.948899999999999636e+03
1.120000000000000000e+02 9.950100000000000364e+03
1.440000000000000000e+02 9.950300000000001091e+03
1.360000000000000000e+02 9.950399999999999636e+03
8.800000000000000000e+01 9.950450000000000728e+03
1.040000000000000000e+02 9.951350000000000364e+03
1.600000000000000000e+02 9.974950000000000728e+03
1.120000000000000000e+02 9.975750000000000000e+03
9.600000000000000000e+01 9.976500000000000000e+03
1.200000000000000000e+02 9.976700000000000728e+03
1.280000000000000000e+02 9.977550000000001091e+03
8.800000000000000000e+01 9.977899999999999636e+03
1.440000000000000000e+02 9.978700000000000728e+03
1.360000000000000000e+02 9.979250000000000000e+03
1.040000000000000000e+02 9.979700000000000728e+03
1.520000000000000000e+02 9.980550000000001091e+03
1.600000000000000000e+02 9.997800000000001091e+03
1.440000000000000000e+02 1.000035000000000036e+04
1.200000000000000000e+02 1.001545000000000073e+04
8.800000000000000000e+01 1.012950000000000000e+04
1.360000000000000000e+02 1.014630000000000109e+04
1.200000000000000000e+02 1.021064999999999964e+04
1.440000000000000000e+02 1.021264999999999964e+04
1.280000000000000000e+02 1.054450000000000000e+04
1.040000000000000000e+02 1.056750000000000000e+04
1.120000000000000000e+02 1.058125000000000000e+04
1.600000000000000000e+02 1.058139999999999964e+04
9.600000000000000000e+01 1.058289999999999964e+04
1.440000000000000000e+02 1.058300000000000000e+04
1.200000000000000000e+02 1.058380000000000109e+04
1.360000000000000000e+02 1.058375000000000000e+04
8.800000000000000000e+01 1.058389999999999964e+04
1.280000000000000000e+02 1.058389999999999964e+04
1.520000000000000000e+02 1.058385000000000036e+04
1.040000000000000000e+02 1.058810000000000036e+04
9.600000000000000000e+01 1.064120000000000073e+04
1.600000000000000000e+02 1.071589999999999964e+04
1.520000000000000000e+02 1.090520000000000073e+04
9.600000000000000000e+01 1.100505000000000109e+04
1.520000000000000000e+02 1.131239999999999964e+04
1.120000000000000000e+02 1.132339999999999964e+04
8.800000000000000000e+01 1.132900000000000000e+04
1.120000000000000000e+02 1.148820000000000073e+04
1.360000000000000000e+02 1.153235000000000036e+04
1.040000000000000000e+02 1.156680000000000109e+04
1.440000000000000000e+02 1.190175000000000000e+04
1.120000000000000000e+02 1.193035000000000036e+04
1.520000000000000000e+02 1.219985000000000036e+04
1.040000000000000000e+02 1.227364999999999964e+04
1.040000000000000000e+02 1.240245000000000073e+04
1.120000000000000000e+02 1.247689999999999964e+04
1.600000000000000000e+02 1.373095000000000073e+04
8.800000000000000000e+01 1.410645000000000073e+04
1.280000000000000000e+02 1.412260000000000036e+04
1.200000000000000000e+02 1.415955000000000109e+04
1.600000000000000000e+02 1.450455000000000109e+04
1.120000000000000000e+02 1.450785000000000036e+04
1.280000000000000000e+02 1.454189999999999964e+04
1.200000000000000000e+02 1.457885000000000036e+04
1.520000000000000000e+02 1.458395000000000073e+04
1.440000000000000000e+02 1.458664999999999964e+04
1.360000000000000000e+02 1.459125000000000000e+04
8.800000000000000000e+01 1.459414999999999964e+04
1.040000000000000000e+02 1.459430000000000109e+04
1.280000000000000000e+02 1.459525000000000000e+04
1.600000000000000000e+02 1.459585000000000036e+04
9.600000000000000000e+01 1.459595000000000073e+04
1.120000000000000000e+02 1.459739999999999964e+04
1.200000000000000000e+02 1.468130000000000109e+04
1.200000000000000000e+02 1.635775000000000000e+04
1.440000000000000000e+02 1.700684999999999854e+04
9.600000000000000000e+01 1.738979999999999927e+04
1.600000000000000000e+02 1.773570000000000073e+04
8.800000000000000000e+01 1.804710000000000218e+04
1.040000000000000000e+02 1.805615000000000146e+04
1.120000000000000000e+02 1.806865000000000146e+04
9.600000000000000000e+01 1.807300000000000000e+04
1.440000000000000000e+02 1.807700000000000000e+04
1.520000000000000000e+02 1.807729999999999927e+04
8.800000000000000000e+01 1.807790000000000146e+04
1.280000000000000000e+02 1.807870000000000073e+04
1.360000000000000000e+02 1.807904999999999927e+04
1.600000000000000000e+02 1.807915000000000146e+04
1.200000000000000000e+02 1.808000000000000000e+04
1.040000000000000000e+02 1.808045000000000073e+04
1.040000000000000000e+02 1.815920000000000073e+04
1.280000000000000000e+02 1.816100000000000000e+04
1.440000000000000000e+02 1.816285000000000218e+04
1.600000000000000000e+02 1.816390000000000146e+04
1.200000000000000000e+02 1.816590000000000146e+04
1.520000000000000000e+02 1.816625000000000000e+04
1.360000000000000000e+02 1.816660000000000218e+04
9.600000000000000000e+01 1.816679999999999927e+04
1.120000000000000000e+02 1.816690000000000146e+04
8.800000000000000000e+01 1.816715000000000146e+04
9.600000000000000000e+01 1.825835000000000218e+04
1.040000000000000000e+02 1.826179999999999927e+04
1.120000000000000000e+02 1.826379999999999927e+04
8.800000000000000000e+01 1.826460000000000218e+04
1.360000000000000000e+02 1.826470000000000073e+04
1.520000000000000000e+02 1.826475000000000000e+04
1.440000000000000000e+02 1.826554999999999927e+04
1.200000000000000000e+02 1.826585000000000218e+04
1.280000000000000000e+02 1.826625000000000000e+04
1.600000000000000000e+02 1.826629999999999927e+04
1.280000000000000000e+02 1.836329999999999927e+04
1.360000000000000000e+02 1.843104999999999927e+04
1.600000000000000000e+02 1.848275000000000000e+04
1.120000000000000000e+02 1.848729999999999927e+04
1.440000000000000000e+02 1.850350000000000000e+04
1.280000000000000000e+02 1.853054999999999927e+04
8.800000000000000000e+01 1.859010000000000218e+04
1.120000000000000000e+02 1.859165000000000146e+04
9.600000000000000000e+01 1.859220000000000073e+04
1.040000000000000000e+02 1.859300000000000000e+04
1.600000000000000000e+02 1.859340000000000146e+04
1.280000000000000000e+02 1.859400000000000000e+04
1.360000000000000000e+02 1.859429999999999927e+04
1.520000000000000000e+02 1.859435000000000218e+04
1.200000000000000000e+02 1.859450000000000000e+04
1.440000000000000000e+02 1.859485000000000218e+04
8.800000000000000000e+01 1.876215000000000146e+04
1.120000000000000000e+02 1.876670000000000073e+04
9.600000000000000000e+01 1.877104999999999927e+04
1.040000000000000000e+02 1.878040000000000146e+04
1.120000000000000000e+02 1.898965000000000146e+04
1.120000000000000000e+02 1.911020000000000073e+04
1.040000000000000000e+02 1.948350000000000000e+04
1.280000000000000000e+02 1.961435000000000218e+04
1.360000000000000000e+02 1.963585000000000218e+04
1.520000000000000000e+02 1.992820000000000073e+04
1.280000000000000000e+02 2.036265000000000146e+04
9.600000000000000000e+01 2.044990000000000146e+04
1.120000000000000000e+02 2.149295000000000073e+04
1.360000000000000000e+02 2.186345000000000073e+04
1.520000000000000000e+02 2.223840000000000146e+04
1.200000000000000000e+02 2.226545000000000073e+04
8.800000000000000000e+01 2.238145000000000073e+04
1.040000000000000000e+02 2.239850000000000000e+04
1.440000000000000000e+02 2.246890000000000146e+04
1.360000000000000000e+02 2.246970000000000073e+04
1.600000000000000000e+02 2.247235000000000218e+04
1.040000000000000000e+02 2.247245000000000073e+04
1.520000000000000000e+02 2.247654999999999927e+04
9.600000000000000000e+01 2.247690000000000146e+04
1.120000000000000000e+02 2.247695000000000073e+04
1.200000000000000000e+02 2.247715000000000146e+04
8.800000000000000000e+01 2.247775000000000000e+04
1.280000000000000000e+02 2.247840000000000146e+04
1.040000000000000000e+02 2.251420000000000073e+04
1.200000000000000000e+02 2.257910000000000218e+04
1.120000000000000000e+02 2.258179999999999927e+04
1.520000000000000000e+02 2.258225000000000000e+04
8.800000000000000000e+01 2.258295000000000073e+04
1.440000000000000000e+02 2.258454999999999927e+04
1.280000000000000000e+02 2.258540000000000146e+04
9.600000000000000000e+01 2.258604999999999927e+04
1.600000000000000000e+02 2.258620000000000073e+04
1.360000000000000000e+02 2.258660000000000218e+04
1.040000000000000000e+02 2.258679999999999927e+04
1.200000000000000000e+02 2.277154999999999927e+04
1.280000000000000000e+02 2.288254999999999927e+04
1.120000000000000000e+02 2.298650000000000000e+04
1.280000000000000000e+02 2.298995000000000073e+04
1.360000000000000000e+02 2.299075000000000000e+04
8.800000000000000000e+01 2.299240000000000146e+04
1.200000000000000000e+02 2.299340000000000146e+04
1.520000000000000000e+02 2.299425000000000000e+04
1.040000000000000000e+02 2.299435000000000218e+04
1.600000000000000000e+02 2.299495000000000073e+04
9.600000000000000000e+01 2.299550000000000000e+04
1.440000000000000000e+02 2.299600000000000000e+04
1.210000000000000000e+02 1.313000000000000114e+02
1.530000000000000000e+02 1.696500000000000057e+02
8.900000000000000000e+01 3.821000000000000227e+02
1.210000000000000000e+02 6.188500000000000227e+02
1.290000000000000000e+02 7.245000000000000000e+02
1.210000000000000000e+02 9.210500000000000682e+02
8.900000000000000000e+01 9.697000000000000455e+02
1.530000000000000000e+02 1.313700000000000045e+03
1.610000000000000000e+02 1.486799999999999955e+03
1.370000000000000000e+02 1.503299999999999955e+03
9.700000000000000000e+01 1.581000000000000000e+03
1.210000000000000000e+02 1.614150000000000091e+03
1.610000000000000000e+02 1.834150000000000091e+03
1.050000000000000000e+02 2.549849999999999909e+03
8.900000000000000000e+01 2.732700000000000273e+03
9.700000000000000000e+01 3.001349999999999909e+03
1.050000000000000000e+02 3.029099999999999909e+03
9.700000000000000000e+01 3.803950000000000273e+03
9.700000000000000000e+01 4.825350000000000364e+03
8.900000000000000000e+01 6.306100000000000364e+03
1.290000000000000000e+02 6.570250000000000000e+03
9.700000000000000000e+01 6.982600000000000364e+03
1.450000000000000000e+02 7.007699999999999818e+03
1.290000000000000000e+02 7.010600000000000364e+03
1.610000000000000000e+02 7.025300000000000182e+03
9.700000000000000000e+01 7.027199999999999818e+03
1.210000000000000000e+02 7.031050000000000182e+03
1.050000000000000000e+02 7.035100000000000364e+03
1.370000000000000000e+02 7.047050000000000182e+03
8.900000000000000000e+01 7.050449999999999818e+03
1.130000000000000000e+02 7.061449999999999818e+03
1.450000000000000000e+02 7.063600000000000364e+03
1.210000000000000000e+02 7.077650000000000546e+03
1.370000000000000000e+02 7.088699999999999818e+03
9.700000000000000000e+01 7.091449999999999818e+03
1.530000000000000000e+02 7.101699999999999818e+03
1.610000000000000000e+02 7.101750000000000000e+03
1.290000000000000000e+02 7.109150000000000546e+03
1.130000000000000000e+02 7.109250000000000000e+03
8.900000000000000000e+01 7.112600000000000364e+03
1.370000000000000000e+02 7.125699999999999818e+03
1.050000000000000000e+02 7.125900000000000546e+03
1.210000000000000000e+02 7.126600000000000364e+03
8.900000000000000000e+01 7.142800000000000182e+03
1.130000000000000000e+02 7.154000000000000000e+03
1.290000000000000000e+02 7.159550000000000182e+03
1.610000000000000000e+02 7.162250000000000000e+03
1.050000000000000000e+02 7.163449999999999818e+03
9.700000000000000000e+01 7.164150000000000546e+03
1.530000000000000000e+02 7.169500000000000000e+03
1.130000000000000000e+02 7.193500000000000000e+03
1.370000000000000000e+02 7.194300000000000182e+03
1.450000000000000000e+02 7.195550000000000182e+03
1.210000000000000000e+02 7.196449999999999818e+03
1.130000000000000000e+02 7.223050000000000182e+03
1.290000000000000000e+02 7.230750000000000000e+03
1.450000000000000000e+02 7.234400000000000546e+03
1.050000000000000000e+02 7.242449999999999818e+03
1.210000000000000000e+02 7.243400000000000546e+03
8.900000000000000000e+01 7.244949999999999818e+03
1.530000000000000000e+02 7.246300000000000182e+03
1.130000000000000000e+02 7.256150000000000546e+03
1.610000000000000000e+02 7.270900000000000546e+03
1.370000000000000000e+02 7.278900000000000546e+03
1.290000000000000000e+02 7.290150000000000546e+03
1.130000000000000000e+02 7.299100000000000364e+03
1.450000000000000000e+02 7.309300000000000182e+03
8.900000000000000000e+01 7.317300000000000182e+03
1.610000000000000000e+02 7.318500000000000000e+03
1.210000000000000000e+02 7.320150000000000546e+03
1.530000000000000000e+02 7.321949999999999818e+03
1.370000000000000000e+02 7.324150000000000546e+03
9.700000000000000000e+01 7.327199999999999818e+03
1.050000000000000000e+02 7.347400000000000546e+03
9.700000000000000000e+01 7.356250000000000000e+03
1.610000000000000000e+02 7.358650000000000546e+03
1.290000000000000000e+02 7.364550000000000182e+03
1.210000000000000000e+02 7.365300000000000182e+03
1.450000000000000000e+02 7.367500000000000000e+03
8.900000000000000000e+01 7.372550000000000182e+03
1.130000000000000000e+02 7.377250000000000000e+03
1.530000000000000000e+02 7.378650000000000546e+03
1.370000000000000000e+02 7.389500000000000000e+03
1.050000000000000000e+02 7.390449999999999818e+03
1.450000000000000000e+02 7.405750000000000000e+03
1.210000000000000000e+02 7.413199999999999818e+03
9.700000000000000000e+01 7.415250000000000000e+03
1.290000000000000000e+02 7.415900000000000546e+03
1.130000000000000000e+02 7.426750000000000000e+03
8.900000000000000000e+01 7.427150000000000546e+03
1.610000000000000000e+02 7.428900000000000546e+03
1.610000000000000000e+02 7.458850000000000364e+03
1.290000000000000000e+02 7.459400000000000546e+03
1.210000000000000000e+02 7.460550000000000182e+03
9.700000000000000000e+01 7.467550000000000182e+03
1.130000000000000000e+02 7.475900000000000546e+03
1.450000000000000000e+02 7.482150000000000546e+03
1.050000000000000000e+02 7.493400000000000546e+03
8.900000000000000000e+01 7.500800000000000182e+03
9.700000000000000000e+01 7.503550000000000182e+03
1.530000000000000000e+02 7.513449999999999818e+03
1.610000000000000000e+02 7.513500000000000000e+03
1.290000000000000000e+02 7.514250000000000000e+03
1.370000000000000000e+02 7.526600000000000364e+03
1.450000000000000000e+02 7.529600000000000364e+03
1.130000000000000000e+02 7.542699999999999818e+03
1.610000000000000000e+02 7.547500000000000000e+03
1.210000000000000000e+02 7.558699999999999818e+03
9.700000000000000000e+01 7.561750000000000000e+03
1.290000000000000000e+02 7.563600000000000364e+03
1.050000000000000000e+02 7.568699999999999818e+03
1.450000000000000000e+02 7.576699999999999818e+03
1.130000000000000000e+02 7.589449999999999818e+03
1.610000000000000000e+02 7.590300000000000182e+03
1.370000000000000000e+02 7.594400000000000546e+03
8.900000000000000000e+01 7.599300000000000182e+03
1.290000000000000000e+02 7.601350000000000364e+03
1.050000000000000000e+02 7.605150000000000546e+03
1.530000000000000000e+02 7.607900000000000546e+03
1.210000000000000000e+02 7.611050000000000182e+03
1.450000000000000000e+02 7.629350000000000364e+03
8.900000000000000000e+01 7.654550000000000182e+03
1.610000000000000000e+02 7.655650000000000546e+03
1.050000000000000000e+02 7.659500000000000000e+03
1.130000000000000000e+02 7.660449999999999818e+03
1.370000000000000000e+02 7.670750000000000000e+03
1.290000000000000000e+02 7.677800000000000182e+03
1.050000000000000000e+02 7.703250000000000000e+03
9.700000000000000000e+01 7.703550000000000182e+03
1.450000000000000000e+02 7.706699999999999818e+03
1.210000000000000000e+02 7.709100000000000364e+03
8.900000000000000000e+01 7.711850000000000364e+03
1.530000000000000000e+02 7.712550000000000182e+03
1.130000000000000000e+02 7.719500000000000000e+03
1.370000000000000000e+02 7.719500000000000000e+03
1.530000000000000000e+02 7.744250000000000000e+03
1.610000000000000000e+02 7.748350000000000364e+03
1.050000000000000000e+02 7.756199999999999818e+03
1.290000000000000000e+02 7.761400000000000546e+03
1.210000000000000000e+02 7.762449999999999818e+03
1.450000000000000000e+02 7.775699999999999818e+03
1.370000000000000000e+02 7.777900000000000546e+03
1.610000000000000000e+02 7.779699999999999818e+03
8.900000000000000000e+01 7.782199999999999818e+03
1.530000000000000000e+02 7.788699999999999818e+03
1.130000000000000000e+02 7.793150000000000546e+03
1.050000000000000000e+02 7.796100000000000364e+03
9.700000000000000000e+01 7.808699999999999818e+03
1.290000000000000000e+02 7.811900000000000546e+03
1.210000000000000000e+02 7.814350000000000364e+03
1.610000000000000000e+02 7.817900000000000546e+03
8.900000000000000000e+01 7.819900000000000546e+03
1.370000000000000000e+02 7.827250000000000000e+03
1.450000000000000000e+02 7.827400000000000546e+03
1.530000000000000000e+02 7.840900000000000546e+03
1.290000000000000000e+02 7.842550000000000182e+03
9.700000000000000000e+01 7.849100000000000364e+03
1.130000000000000000e+02 7.849300000000000182e+03
8.900000000000000000e+01 7.864600000000000364e+03
1.210000000000000000e+02 7.869850000000000364e+03
1.610000000000000000e+02 7.881449999999999818e+03
1.530000000000000000e+02 7.887050000000000182e+03
1.290000000000000000e+02 7.888050000000000182e+03
1.130000000000000000e+02 7.899699999999999818e+03
9.700000000000000000e+01 7.900650000000000546e+03
1.370000000000000000e+02 7.902000000000000000e+03
1.210000000000000000e+02 7.921000000000000000e+03
1.450000000000000000e+02 7.921400000000000546e+03
1.370000000000000000e+02 7.935400000000000546e+03
1.050000000000000000e+02 7.935550000000000182e+03
1.130000000000000000e+02 7.942850000000000364e+03
1.610000000000000000e+02 7.944800000000000182e+03
1.530000000000000000e+02 7.952199999999999818e+03
9.700000000000000000e+01 7.953050000000000182e+03
1.210000000000000000e+02 7.959750000000000000e+03
1.290000000000000000e+02 7.964600000000000364e+03
1.610000000000000000e+02 7.973050000000000182e+03
1.450000000000000000e+02 7.981650000000000546e+03
1.370000000000000000e+02 7.984050000000000182e+03
1.130000000000000000e+02 7.984850000000000364e+03
1.050000000000000000e+02 7.987800000000000182e+03
8.900000000000000000e+01 7.988350000000000364e+03
1.530000000000000000e+02 8.001800000000000182e+03
9.700000000000000000e+01 8.007699999999999818e+03
1.610000000000000000e+02 8.010000000000000000e+03
1.210000000000000000e+02 8.013850000000000364e+03
1.450000000000000000e+02 8.019949999999999818e+03
1.370000000000000000e+02 8.027550000000000182e+03
8.900000000000000000e+01 8.027949999999999818e+03
1.290000000000000000e+02 8.029949999999999818e+03
1.130000000000000000e+02 8.035350000000000364e+03
1.610000000000000000e+02 8.040199999999999818e+03
1.050000000000000000e+02 8.042050000000000182e+03
9.700000000000000000e+01 8.045850000000000364e+03
1.290000000000000000e+02 8.068500000000000000e+03
1.450000000000000000e+02 8.074300000000000182e+03
1.370000000000000000e+02 8.075550000000000182e+03
1.530000000000000000e+02 8.076500000000000000e+03
1.050000000000000000e+02 8.088250000000000000e+03
1.130000000000000000e+02 8.088750000000000000e+03
1.610000000000000000e+02 8.093250000000000000e+03
1.290000000000000000e+02 8.100550000000000182e+03
8.900000000000000000e+01 8.102050000000000182e+03
9.700000000000000000e+01 8.105500000000000000e+03
1.210000000000000000e+02 8.110650000000000546e+03
1.450000000000000000e+02 8.115400000000000546e+03
1.130000000000000000e+02 8.119300000000000182e+03
1.530000000000000000e+02 8.127650000000000546e+03
1.370000000000000000e+02 8.132850000000000364e+03
1.610000000000000000e+02 8.139949999999999818e+03
1.050000000000000000e+02 8.142550000000000182e+03
1.290000000000000000e+02 8.142550000000000182e+03
1.210000000000000000e+02 8.148199999999999818e+03
9.700000000000000000e+01 8.162250000000000000e+03
8.900000000000000000e+01 8.164900000000000546e+03
1.130000000000000000e+02 8.169900000000000546e+03
1.450000000000000000e+02 8.179650000000000546e+03
1.050000000000000000e+02 8.184000000000000000e+03
1.210000000000000000e+02 8.188250000000000000e+03
1.370000000000000000e+02 8.190949999999999818e+03
1.530000000000000000e+02 8.199799999999999272e+03
1.450000000000000000e+02 8.203200000000000728e+03
1.610000000000000000e+02 8.205000000000000000e+03
1.290000000000000000e+02 8.205750000000000000e+03
9.700000000000000000e+01 8.206700000000000728e+03
8.900000000000000000e+01 8.215299999999999272e+03
1.130000000000000000e+02 8.218450000000000728e+03
1.450000000000000000e+02 8.236500000000000000e+03
9.700000000000000000e+01 8.243450000000000728e+03
1.210000000000000000e+02 8.244700000000000728e+03
1.370000000000000000e+02 8.247700000000000728e+03
1.290000000000000000e+02 8.248600000000000364e+03
1.130000000000000000e+02 8.252350000000000364e+03
1.610000000000000000e+02 8.252549999999999272e+03
1.050000000000000000e+02 8.252950000000000728e+03
1.530000000000000000e+02 8.264500000000000000e+03
8.900000000000000000e+01 8.279899999999999636e+03
1.130000000000000000e+02 8.287000000000000000e+03
1.370000000000000000e+02 8.300899999999999636e+03
1.210000000000000000e+02 8.303649999999999636e+03
9.700000000000000000e+01 8.306149999999999636e+03
1.290000000000000000e+02 8.308600000000000364e+03
1.050000000000000000e+02 8.313299999999999272e+03
8.900000000000000000e+01 8.313700000000000728e+03
1.610000000000000000e+02 8.314299999999999272e+03
1.530000000000000000e+02 8.314399999999999636e+03
1.450000000000000000e+02 8.319149999999999636e+03
1.210000000000000000e+02 8.333450000000000728e+03
1.370000000000000000e+02 8.340200000000000728e+03
1.130000000000000000e+02 8.342299999999999272e+03
1.290000000000000000e+02 8.348799999999999272e+03
8.900000000000000000e+01 8.352100000000000364e+03
1.450000000000000000e+02 8.356100000000000364e+03
1.610000000000000000e+02 8.358600000000000364e+03
1.050000000000000000e+02 8.364100000000000364e+03
9.700000000000000000e+01 8.364399999999999636e+03
1.370000000000000000e+02 8.365399999999999636e+03
1.210000000000000000e+02 8.382200000000000728e+03
1.530000000000000000e+02 8.382600000000000364e+03
1.610000000000000000e+02 8.393250000000000000e+03
1.130000000000000000e+02 8.395299999999999272e+03
1.290000000000000000e+02 8.396000000000000000e+03
8.900000000000000000e+01 8.400649999999999636e+03
1.370000000000000000e+02 8.405450000000000728e+03
9.700000000000000000e+01 8.408000000000000000e+03
1.050000000000000000e+02 8.415350000000000364e+03
1.610000000000000000e+02 8.415649999999999636e+03
1.530000000000000000e+02 8.420049999999999272e+03
1.450000000000000000e+02 8.425149999999999636e+03
1.130000000000000000e+02 8.430250000000000000e+03
1.210000000000000000e+02 8.431049999999999272e+03
1.370000000000000000e+02 8.431299999999999272e+03
8.900000000000000000e+01 8.438049999999999272e+03
1.290000000000000000e+02 8.440500000000000000e+03
1.610000000000000000e+02 8.451149999999999636e+03
1.050000000000000000e+02 8.451899999999999636e+03
1.450000000000000000e+02 8.453399999999999636e+03
1.210000000000000000e+02 8.465500000000000000e+03
1.130000000000000000e+02 8.466649999999999636e+03
9.700000000000000000e+01 8.467600000000000364e+03
1.290000000000000000e+02 8.469100000000000364e+03
1.530000000000000000e+02 8.471450000000000728e+03
8.900000000000000000e+01 8.480250000000000000e+03
1.370000000000000000e+02 8.481750000000000000e+03
1.610000000000000000e+02 8.496149999999999636e+03
1.450000000000000000e+02 8.497399999999999636e+03
1.290000000000000000e+02 8.501899999999999636e+03
9.700000000000000000e+01 8.508700000000000728e+03
1.130000000000000000e+02 8.521450000000000728e+03
1.370000000000000000e+02 8.524799999999999272e+03
8.900000000000000000e+01 8.526250000000000000e+03
1.610000000000000000e+02 8.528850000000000364e+03
1.050000000000000000e+02 8.533149999999999636e+03
1.450000000000000000e+02 8.536250000000000000e+03
1.530000000000000000e+02 8.538049999999999272e+03
1.210000000000000000e+02 8.539950000000000728e+03
1.290000000000000000e+02 8.546500000000000000e+03
9.700000000000000000e+01 8.560799999999999272e+03
1.610000000000000000e+02 8.565549999999999272e+03
1.450000000000000000e+02 8.568700000000000728e+03
1.130000000000000000e+02 8.573200000000000728e+03
1.290000000000000000e+02 8.574049999999999272e+03
1.210000000000000000e+02 8.575399999999999636e+03
1.370000000000000000e+02 8.575850000000000364e+03
1.530000000000000000e+02 8.582450000000000728e+03
1.210000000000000000e+02 8.601600000000000364e+03
1.610000000000000000e+02 8.605200000000000728e+03
1.450000000000000000e+02 8.606649999999999636e+03
1.050000000000000000e+02 8.611600000000000364e+03
9.700000000000000000e+01 8.615250000000000000e+03
8.900000000000000000e+01 8.616549999999999272e+03
1.130000000000000000e+02 8.619649999999999636e+03
1.370000000000000000e+02 8.619700000000000728e+03
1.530000000000000000e+02 8.620200000000000728e+03
1.290000000000000000e+02 8.625649999999999636e+03
1.130000000000000000e+02 8.647600000000000364e+03
1.210000000000000000e+02 8.652250000000000000e+03
9.700000000000000000e+01 8.652799999999999272e+03
1.370000000000000000e+02 8.654450000000000728e+03
8.900000000000000000e+01 8.654700000000000728e+03
1.050000000000000000e+02 8.655200000000000728e+03
1.450000000000000000e+02 8.656049999999999272e+03
1.530000000000000000e+02 8.656299999999999272e+03
1.610000000000000000e+02 8.661799999999999272e+03
1.290000000000000000e+02 8.666799999999999272e+03
1.530000000000000000e+02 8.688750000000000000e+03
1.210000000000000000e+02 8.690000000000000000e+03
8.900000000000000000e+01 8.690100000000000364e+03
1.370000000000000000e+02 8.690500000000000000e+03
1.050000000000000000e+02 8.693549999999999272e+03
1.130000000000000000e+02 8.696450000000000728e+03
9.700000000000000000e+01 8.697399999999999636e+03
1.450000000000000000e+02 8.700450000000000728e+03
1.610000000000000000e+02 8.709200000000000728e+03
1.370000000000000000e+02 8.714350000000000364e+03
1.290000000000000000e+02 8.724049999999999272e+03
8.900000000000000000e+01 8.724850000000000364e+03
1.050000000000000000e+02 8.726850000000000364e+03
1.130000000000000000e+02 8.727299999999999272e+03
1.210000000000000000e+02 8.728250000000000000e+03
1.530000000000000000e+02 8.729549999999999272e+03
1.450000000000000000e+02 8.729700000000000728e+03
9.700000000000000000e+01 8.731100000000000364e+03
1.610000000000000000e+02 8.738100000000000364e+03
1.370000000000000000e+02 8.758050000000001091e+03
1.130000000000000000e+02 8.758399999999999636e+03
8.900000000000000000e+01 8.761200000000000728e+03
1.610000000000000000e+02 8.764550000000001091e+03
1.450000000000000000e+02 8.767100000000000364e+03
9.700000000000000000e+01 8.767850000000000364e+03
1.290000000000000000e+02 8.769350000000000364e+03
1.050000000000000000e+02 8.774149999999999636e+03
1.530000000000000000e+02 8.776250000000000000e+03
1.130000000000000000e+02 8.787750000000000000e+03
1.370000000000000000e+02 8.788700000000000728e+03
1.210000000000000000e+02 8.794600000000000364e+03
1.610000000000000000e+02 8.796600000000000364e+03
8.900000000000000000e+01 8.796649999999999636e+03
1.290000000000000000e+02 8.797300000000001091e+03
9.700000000000000000e+01 8.799200000000000728e+03
1.450000000000000000e+02 8.800350000000000364e+03
1.050000000000000000e+02 8.804899999999999636e+03
1.610000000000000000e+02 8.822200000000000728e+03
1.290000000000000000e+02 8.822399999999999636e+03
1.130000000000000000e+02 8.823450000000000728e+03
1.530000000000000000e+02 8.830000000000000000e+03
1.370000000000000000e+02 8.832950000000000728e+03
9.700000000000000000e+01 8.833100000000000364e+03
1.210000000000000000e+02 8.835399999999999636e+03
8.900000000000000000e+01 8.835750000000000000e+03
1.450000000000000000e+02 8.837649999999999636e+03
1.130000000000000000e+02 8.840649999999999636e+03
1.050000000000000000e+02 8.848300000000001091e+03
1.290000000000000000e+02 8.848550000000001091e+03
1.610000000000000000e+02 8.867750000000000000e+03
1.530000000000000000e+02 8.870750000000000000e+03
1.210000000000000000e+02 8.872149999999999636e+03
1.370000000000000000e+02 8.872149999999999636e+03
9.700000000000000000e+01 8.872300000000001091e+03
1.450000000000000000e+02 8.872600000000000364e+03
8.900000000000000000e+01 8.872899999999999636e+03
1.130000000000000000e+02 8.873100000000000364e+03
1.050000000000000000e+02 8.875399999999999636e+03
1.290000000000000000e+02 8.875550000000001091e+03
9.700000000000000000e+01 8.898250000000000000e+03
8.900000000000000000e+01 8.900649999999999636e+03
1.050000000000000000e+02 8.901050000000001091e+03
1.610000000000000000e+02 8.901399999999999636e+03
1.530000000000000000e+02 8.902800000000001091e+03
1.130000000000000000e+02 8.903450000000000728e+03
1.290000000000000000e+02 8.905399999999999636e+03
1.450000000000000000e+02 8.905899999999999636e+03
1.210000000000000000e+02 8.906300000000001091e+03
1.370000000000000000e+02 8.906399999999999636e+03
8.900000000000000000e+01 8.935550000000001091e+03
1.290000000000000000e+02 8.937649999999999636e+03
1.050000000000000000e+02 8.940149999999999636e+03
9.700000000000000000e+01 8.942100000000000364e+03
1.370000000000000000e+02 8.943000000000000000e+03
1.530000000000000000e+02 8.943300000000001091e+03
1.610000000000000000e+02 8.943850000000000364e+03
1.130000000000000000e+02 8.944149999999999636e+03
1.450000000000000000e+02 8.944399999999999636e+03
1.210000000000000000e+02 8.944950000000000728e+03
9.700000000000000000e+01 8.978450000000000728e+03
8.900000000000000000e+01 8.978800000000001091e+03
1.050000000000000000e+02 8.980100000000000364e+03
1.130000000000000000e+02 8.980550000000001091e+03
1.610000000000000000e+02 8.981550000000001091e+03
1.290000000000000000e+02 8.982100000000000364e+03
1.370000000000000000e+02 8.982100000000000364e+03
1.530000000000000000e+02 8.982050000000001091e+03
1.450000000000000000e+02 8.982800000000001091e+03
1.210000000000000000e+02 8.984950000000000728e+03
9.700000000000000000e+01 9.017750000000000000e+03
1.050000000000000000e+02 9.017850000000000364e+03
1.370000000000000000e+02 9.018100000000000364e+03
1.290000000000000000e+02 9.018300000000001091e+03
1.130000000000000000e+02 9.018399999999999636e+03
1.450000000000000000e+02 9.018450000000000728e+03
1.610000000000000000e+02 9.019700000000000728e+03
8.900000000000000000e+01 9.019899999999999636e+03
1.530000000000000000e+02 9.020200000000000728e+03
1.210000000000000000e+02 9.021300000000001091e+03
1.450000000000000000e+02 9.050399999999999636e+03
1.370000000000000000e+02 9.051050000000001091e+03
1.290000000000000000e+02 9.054649999999999636e+03
1.130000000000000000e+02 9.055550000000001091e+03
9.700000000000000000e+01 9.055700000000000728e+03
1.050000000000000000e+02 9.056500000000000000e+03
8.900000000000000000e+01 9.056649999999999636e+03
1.210000000000000000e+02 9.056899999999999636e+03
1.530000000000000000e+02 9.056950000000000728e+03
1.610000000000000000e+02 9.059100000000000364e+03
9.700000000000000000e+01 9.079149999999999636e+03
1.290000000000000000e+02 9.088000000000000000e+03
1.450000000000000000e+02 9.092950000000000728e+03
1.050000000000000000e+02 9.093200000000000728e+03
8.900000000000000000e+01 9.093450000000000728e+03
1.370000000000000000e+02 9.093800000000001091e+03
1.130000000000000000e+02 9.093850000000000364e+03
1.610000000000000000e+02 9.094850000000000364e+03
1.530000000000000000e+02 9.095200000000000728e+03
1.210000000000000000e+02 9.098350000000000364e+03
1.450000000000000000e+02 9.123800000000001091e+03
1.290000000000000000e+02 9.124100000000000364e+03
1.130000000000000000e+02 9.124300000000001091e+03
1.050000000000000000e+02 9.124750000000000000e+03
9.700000000000000000e+01 9.125200000000000728e+03
1.610000000000000000e+02 9.125800000000001091e+03
1.530000000000000000e+02 9.126100000000000364e+03
8.900000000000000000e+01 9.126200000000000728e+03
1.370000000000000000e+02 9.126149999999999636e+03
1.210000000000000000e+02 9.127750000000000000e+03
1.130000000000000000e+02 9.155200000000000728e+03
1.050000000000000000e+02 9.155550000000001091e+03
1.370000000000000000e+02 9.155550000000001091e+03
1.530000000000000000e+02 9.156800000000001091e+03
9.700000000000000000e+01 9.157000000000000000e+03
8.900000000000000000e+01 9.158450000000000728e+03
1.610000000000000000e+02 9.158700000000000728e+03
1.210000000000000000e+02 9.159100000000000364e+03
1.450000000000000000e+02 9.159050000000001091e+03
1.290000000000000000e+02 9.159500000000000000e+03
9.700000000000000000e+01 9.184450000000000728e+03
1.610000000000000000e+02 9.190200000000000728e+03
1.450000000000000000e+02 9.190750000000000000e+03
1.130000000000000000e+02 9.191100000000000364e+03
1.210000000000000000e+02 9.191399999999999636e+03
1.050000000000000000e+02 9.191950000000000728e+03
1.290000000000000000e+02 9.192500000000000000e+03
8.900000000000000000e+01 9.193850000000000364e+03
1.530000000000000000e+02 9.194000000000000000e+03
1.370000000000000000e+02 9.194149999999999636e+03
9.700000000000000000e+01 9.218399999999999636e+03
1.370000000000000000e+02 9.223700000000000728e+03
1.450000000000000000e+02 9.223750000000000000e+03
1.210000000000000000e+02 9.226399999999999636e+03
1.530000000000000000e+02 9.226399999999999636e+03
1.610000000000000000e+02 9.226399999999999636e+03
1.050000000000000000e+02 9.226750000000000000e+03
1.130000000000000000e+02 9.227200000000000728e+03
8.900000000000000000e+01 9.227500000000000000e+03
1.290000000000000000e+02 9.227700000000000728e+03
1.370000000000000000e+02 9.255450000000000728e+03
1.610000000000000000e+02 9.256450000000000728e+03
1.450000000000000000e+02 9.259250000000000000e+03
1.290000000000000000e+02 9.259550000000001091e+03
8.900000000000000000e+01 9.259750000000000000e+03
1.130000000000000000e+02 9.260399999999999636e+03
1.210000000000000000e+02 9.260450000000000728e+03
1.050000000000000000e+02 9.261000000000000000e+03
9.700000000000000000e+01 9.261399999999999636e+03
1.530000000000000000e+02 9.261500000000000000e+03
1.450000000000000000e+02 9.290550000000001091e+03
1.370000000000000000e+02 9.291000000000000000e+03
1.210000000000000000e+02 9.292750000000000000e+03
1.610000000000000000e+02 9.293700000000000728e+03
9.700000000000000000e+01 9.293750000000000000e+03
1.290000000000000000e+02 9.294200000000000728e+03
8.900000000000000000e+01 9.294450000000000728e+03
1.050000000000000000e+02 9.294899999999999636e+03
1.130000000000000000e+02 9.295649999999999636e+03
1.530000000000000000e+02 9.295750000000000000e+03
1.370000000000000000e+02 9.316850000000000364e+03
1.450000000000000000e+02 9.318350000000000364e+03
9.700000000000000000e+01 9.320700000000000728e+03
1.290000000000000000e+02 9.321450000000000728e+03
1.610000000000000000e+02 9.323350000000000364e+03
8.900000000000000000e+01 9.325350000000000364e+03
1.210000000000000000e+02 9.325800000000001091e+03
1.530000000000000000e+02 9.326750000000000000e+03
1.130000000000000000e+02 9.327250000000000000e+03
1.050000000000000000e+02 9.327800000000001091e+03
1.290000000000000000e+02 9.353000000000000000e+03
1.450000000000000000e+02 9.356149999999999636e+03
1.130000000000000000e+02 9.358149999999999636e+03
1.370000000000000000e+02 9.358899999999999636e+03
1.610000000000000000e+02 9.359450000000000728e+03
1.210000000000000000e+02 9.360250000000000000e+03
9.700000000000000000e+01 9.360399999999999636e+03
1.050000000000000000e+02 9.360350000000000364e+03
8.900000000000000000e+01 9.360500000000000000e+03
1.530000000000000000e+02 9.360500000000000000e+03
8.900000000000000000e+01 9.389950000000000728e+03
1.530000000000000000e+02 9.393050000000001091e+03
1.290000000000000000e+02 9.394149999999999636e+03
1.130000000000000000e+02 9.394350000000000364e+03
1.450000000000000000e+02 9.394399999999999636e+03
1.050000000000000000e+02 9.394800000000001091e+03
1.210000000000000000e+02 9.395000000000000000e+03
1.610000000000000000e+02 9.395600000000000364e+03
1.370000000000000000e+02 9.395800000000001091e+03
9.700000000000000000e+01 9.396200000000000728e+03
8.900000000000000000e+01 9.414550000000001091e+03
1.530000000000000000e+02 9.427600000000000364e+03
1.130000000000000000e+02 9.427950000000000728e+03
9.700000000000000000e+01 9.428250000000000000e+03
1.050000000000000000e+02 9.428500000000000000e+03
1.210000000000000000e+02 9.428450000000000728e+03
1.610000000000000000e+02 9.428550000000001091e+03
1.450000000000000000e+02 9.428850000000000364e+03
1.370000000000000000e+02 9.429250000000000000e+03
1.290000000000000000e+02 9.429500000000000000e+03
1.210000000000000000e+02 9.460649999999999636e+03
1.530000000000000000e+02 9.461300000000001091e+03
1.370000000000000000e+02 9.461500000000000000e+03
1.610000000000000000e+02 9.461899999999999636e+03
1.450000000000000000e+02 9.462100000000000364e+03
8.900000000000000000e+01 9.462450000000000728e+03
9.700000000000000000e+01 9.462700000000000728e+03
1.050000000000000000e+02 9.462649999999999636e+03
1.130000000000000000e+02 9.463300000000001091e+03
1.290000000000000000e+02 9.463300000000001091e+03
1.530000000000000000e+02 9.491050000000001091e+03
1.370000000000000000e+02 9.492550000000001091e+03
1.210000000000000000e+02 9.492950000000000728e+03
1.450000000000000000e+02 9.493050000000001091e+03
1.290000000000000000e+02 9.493300000000001091e+03
8.900000000000000000e+01 9.493399999999999636e+03
9.700000000000000000e+01 9.493850000000000364e+03
1.050000000000000000e+02 9.493850000000000364e+03
1.130000000000000000e+02 9.494100000000000364e+03
1.610000000000000000e+02 9.494600000000000364e+03
1.450000000000000000e+02 9.521250000000000000e+03
1.210000000000000000e+02 9.521450000000000728e+03
1.050000000000000000e+02 9.522399999999999636e+03
1.530000000000000000e+02 9.522550000000001091e+03
1.290000000000000000e+02 9.523750000000000000e+03
1.370000000000000000e+02 9.524200000000000728e+03
1.610000000000000000e+02 9.524300000000001091e+03
9.700000000000000000e+01 9.524899999999999636e+03
1.130000000000000000e+02 9.525050000000001091e+03
8.900000000000000000e+01 9.525149999999999636e+03
1.450000000000000000e+02 9.543000000000000000e+03
1.210000000000000000e+02 9.548500000000000000e+03
1.050000000000000000e+02 9.548600000000000364e+03
1.530000000000000000e+02 9.549000000000000000e+03
1.130000000000000000e+02 9.550300000000001091e+03
1.290000000000000000e+02 9.552149999999999636e+03
1.370000000000000000e+02 9.552500000000000000e+03
8.900000000000000000e+01 9.552899999999999636e+03
9.700000000000000000e+01 9.553200000000000728e+03
1.610000000000000000e+02 9.554500000000000000e+03
1.210000000000000000e+02 9.572200000000000728e+03
1.450000000000000000e+02 9.578649999999999636e+03
1.130000000000000000e+02 9.581550000000001091e+03
1.370000000000000000e+02 9.581800000000001091e+03
9.700000000000000000e+01 9.581899999999999636e+03
1.530000000000000000e+02 9.582399999999999636e+03
1.290000000000000000e+02 9.584250000000000000e+03
8.900000000000000000e+01 9.584350000000000364e+03
1.610000000000000000e+02 9.584600000000000364e+03
1.050000000000000000e+02 9.584649999999999636e+03
1.210000000000000000e+02 9.602700000000000728e+03
9.700000000000000000e+01 9.609300000000001091e+03
1.450000000000000000e+02 9.611149999999999636e+03
1.530000000000000000e+02 9.611750000000000000e+03
8.900000000000000000e+01 9.612649999999999636e+03
1.370000000000000000e+02 9.612649999999999636e+03
1.130000000000000000e+02 9.614100000000000364e+03
1.290000000000000000e+02 9.614350000000000364e+03
1.610000000000000000e+02 9.615000000000000000e+03
1.050000000000000000e+02 9.615250000000000000e+03
1.210000000000000000e+02 9.622750000000000000e+03
9.700000000000000000e+01 9.628399999999999636e+03
1.290000000000000000e+02 9.642050000000001091e+03
1.530000000000000000e+02 9.642899999999999636e+03
8.900000000000000000e+01 9.643950000000000728e+03
1.610000000000000000e+02 9.646149999999999636e+03
1.370000000000000000e+02 9.646550000000001091e+03
1.130000000000000000e+02 9.646750000000000000e+03
1.450000000000000000e+02 9.647399999999999636e+03
1.050000000000000000e+02 9.648250000000000000e+03
9.700000000000000000e+01 9.649100000000000364e+03
1.210000000000000000e+02 9.649149999999999636e+03
1.290000000000000000e+02 9.669600000000000364e+03
1.370000000000000000e+02 9.676399999999999636e+03
9.700000000000000000e+01 9.676500000000000000e+03
1.610000000000000000e+02 9.676550000000001091e+03
1.450000000000000000e+02 9.676649999999999636e+03
1.530000000000000000e+02 9.678450000000000728e+03
1.130000000000000000e+02 9.678899999999999636e+03
1.210000000000000000e+02 9.678899999999999636e+03
8.900000000000000000e+01 9.679250000000000000e+03
1.050000000000000000e+02 9.679700000000000728e+03
1.290000000000000000e+02 9.708700000000000728e+03
1.370000000000000000e+02 9.710050000000001091e+03
1.130000000000000000e+02 9.710250000000000000e+03
1.450000000000000000e+02 9.710450000000000728e+03
9.700000000000000000e+01 9.710600000000000364e+03
1.210000000000000000e+02 9.710950000000000728e+03
1.610000000000000000e+02 9.711899999999999636e+03
1.530000000000000000e+02 9.712000000000000000e+03
8.900000000000000000e+01 9.712300000000001091e+03
1.050000000000000000e+02 9.712450000000000728e+03
1.290000000000000000e+02 9.740050000000001091e+03
1.530000000000000000e+02 9.740550000000001091e+03
8.900000000000000000e+01 9.741250000000000000e+03
1.370000000000000000e+02 9.742399999999999636e+03
1.610000000000000000e+02 9.742350000000000364e+03
1.130000000000000000e+02 9.743700000000000728e+03
1.450000000000000000e+02 9.743850000000000364e+03
1.210000000000000000e+02 9.743950000000000728e+03
9.700000000000000000e+01 9.744149999999999636e+03
1.050000000000000000e+02 9.744200000000000728e+03
1.530000000000000000e+02 9.772450000000000728e+03
9.700000000000000000e+01 9.775500000000000000e+03
1.290000000000000000e+02 9.775450000000000728e+03
1.610000000000000000e+02 9.776149999999999636e+03
1.050000000000000000e+02 9.776300000000001091e+03
8.900000000000000000e+01 9.776750000000000000e+03
1.130000000000000000e+02 9.778050000000001091e+03
1.370000000000000000e+02 9.778100000000000364e+03
1.450000000000000000e+02 9.778149999999999636e+03
1.210000000000000000e+02 9.778500000000000000e+03
1.210000000000000000e+02 9.803200000000000728e+03
1.530000000000000000e+02 9.803600000000000364e+03
9.700000000000000000e+01 9.806950000000000728e+03
1.130000000000000000e+02 9.807149999999999636e+03
1.610000000000000000e+02 9.807300000000001091e+03
1.050000000000000000e+02 9.807350000000000364e+03
1.370000000000000000e+02 9.808000000000000000e+03
1.450000000000000000e+02 9.808200000000000728e+03
8.900000000000000000e+01 9.808600000000000364e+03
1.290000000000000000e+02 9.808649999999999636e+03
1.530000000000000000e+02 9.826600000000000364e+03
1.210000000000000000e+02 9.827350000000000364e+03
1.610000000000000000e+02 9.834399999999999636e+03
9.700000000000000000e+01 9.834899999999999636e+03
1.370000000000000000e+02 9.835200000000000728e+03
1.130000000000000000e+02 9.835850000000000364e+03
1.450000000000000000e+02 9.836050000000001091e+03
1.050000000000000000e+02 9.836600000000000364e+03
8.900000000000000000e+01 9.837050000000001091e+03
1.290000000000000000e+02 9.837149999999999636e+03
1.530000000000000000e+02 9.845750000000000000e+03
1.210000000000000000e+02 9.847200000000000728e+03
1.130000000000000000e+02 9.858200000000000728e+03
1.290000000000000000e+02 9.859500000000000000e+03
9.700000000000000000e+01 9.859899999999999636e+03
1.610000000000000000e+02 9.860899999999999636e+03
1.050000000000000000e+02 9.863149999999999636e+03
8.900000000000000000e+01 9.863300000000001091e+03
1.450000000000000000e+02 9.863300000000001091e+03
1.370000000000000000e+02 9.863700000000000728e+03
1.210000000000000000e+02 9.865600000000000364e+03
1.530000000000000000e+02 9.866450000000000728e+03
1.610000000000000000e+02 9.884600000000000364e+03
1.370000000000000000e+02 9.887800000000001091e+03
9.700000000000000000e+01 9.889700000000000728e+03
1.450000000000000000e+02 9.889649999999999636e+03
1.050000000000000000e+02 9.890450000000000728e+03
1.290000000000000000e+02 9.891000000000000000e+03
1.210000000000000000e+02 9.891800000000001091e+03
1.130000000000000000e+02 9.893149999999999636e+03
1.530000000000000000e+02 9.893350000000000364e+03
8.900000000000000000e+01 9.893450000000000728e+03
1.610000000000000000e+02 9.903050000000001091e+03
9.700000000000000000e+01 9.913300000000001091e+03
1.210000000000000000e+02 9.916450000000000728e+03
1.290000000000000000e+02 9.919550000000001091e+03
1.130000000000000000e+02 9.920700000000000728e+03
1.050000000000000000e+02 9.922649999999999636e+03
8.900000000000000000e+01 9.922750000000000000e+03
1.530000000000000000e+02 9.922850000000000364e+03
1.450000000000000000e+02 9.923200000000000728e+03
1.370000000000000000e+02 9.923350000000000364e+03
1.610000000000000000e+02 9.923800000000001091e+03
1.210000000000000000e+02 9.934850000000000364e+03
1.130000000000000000e+02 9.942050000000001091e+03
1.290000000000000000e+02 9.946899999999999636e+03
1.050000000000000000e+02 9.947700000000000728e+03
1.530000000000000000e+02 9.947950000000000728e+03
1.610000000000000000e+02 9.948050000000001091e+03
9.700000000000000000e+01 9.948700000000000728e+03
8.900000000000000000e+01 9.950100000000000364e+03
1.450000000000000000e+02 9.951149999999999636e+03
1.370000000000000000e+02 9.951950000000000728e+03
1.210000000000000000e+02 9.952649999999999636e+03
1.530000000000000000e+02 9.970500000000000000e+03
1.050000000000000000e+02 9.973800000000001091e+03
1.370000000000000000e+02 9.974300000000001091e+03
1.130000000000000000e+02 9.974450000000000728e+03
1.210000000000000000e+02 9.978100000000000364e+03
9.700000000000000000e+01 9.978500000000000000e+03
8.900000000000000000e+01 9.978800000000001091e+03
1.290000000000000000e+02 9.979200000000000728e+03
1.610000000000000000e+02 9.979649999999999636e+03
1.450000000000000000e+02 9.980550000000001091e+03
1.050000000000000000e+02 9.989050000000001091e+03
1.130000000000000000e+02 1.032230000000000109e+04
1.610000000000000000e+02 1.034789999999999964e+04
8.900000000000000000e+01 1.057295000000000073e+04
1.450000000000000000e+02 1.057295000000000073e+04
1.530000000000000000e+02 1.057914999999999964e+04
1.370000000000000000e+02 1.057950000000000000e+04
1.130000000000000000e+02 1.058135000000000036e+04
1.050000000000000000e+02 1.058170000000000073e+04
1.290000000000000000e+02 1.058270000000000073e+04
1.610000000000000000e+02 1.058325000000000000e+04
9.700000000000000000e+01 1.058425000000000000e+04
1.210000000000000000e+02 1.058425000000000000e+04
1.610000000000000000e+02 1.065620000000000073e+04
9.700000000000000000e+01 1.073310000000000036e+04
1.130000000000000000e+02 1.073545000000000073e+04
1.290000000000000000e+02 1.087864999999999964e+04
1.450000000000000000e+02 1.088395000000000073e+04
1.050000000000000000e+02 1.091364999999999964e+04
8.900000000000000000e+01 1.118480000000000109e+04
1.130000000000000000e+02 1.122764999999999964e+04
1.050000000000000000e+02 1.152070000000000073e+04
8.900000000000000000e+01 1.153045000000000073e+04
1.210000000000000000e+02 1.155175000000000000e+04
1.530000000000000000e+02 1.156075000000000000e+04
1.610000000000000000e+02 1.163795000000000073e+04
1.530000000000000000e+02 1.209930000000000109e+04
1.450000000000000000e+02 1.240705000000000109e+04
8.900000000000000000e+01 1.318305000000000109e+04
1.210000000000000000e+02 1.402850000000000000e+04
1.290000000000000000e+02 1.408445000000000073e+04
1.370000000000000000e+02 1.411720000000000073e+04
1.610000000000000000e+02 1.426089999999999964e+04
8.900000000000000000e+01 1.432995000000000073e+04
9.700000000000000000e+01 1.445814999999999964e+04
1.530000000000000000e+02 1.448045000000000073e+04
1.130000000000000000e+02 1.457839999999999964e+04
8.900000000000000000e+01 1.459070000000000073e+04
1.050000000000000000e+02 1.459395000000000073e+04
1.610000000000000000e+02 1.459450000000000000e+04
1.450000000000000000e+02 1.459510000000000036e+04
1.290000000000000000e+02 1.459525000000000000e+04
9.700000000000000000e+01 1.459570000000000073e+04
1.210000000000000000e+02 1.459580000000000109e+04
1.530000000000000000e+02 1.459660000000000036e+04
1.370000000000000000e+02 1.459670000000000073e+04
1.290000000000000000e+02 1.473525000000000000e+04
1.210000000000000000e+02 1.496155000000000109e+04
8.900000000000000000e+01 1.498575000000000000e+04
1.050000000000000000e+02 1.498705000000000109e+04
1.290000000000000000e+02 1.506455000000000109e+04
1.610000000000000000e+02 1.535350000000000000e+04
1.610000000000000000e+02 1.654734999999999854e+04
9.700000000000000000e+01 1.676229999999999927e+04
1.130000000000000000e+02 1.692459999999999854e+04
1.290000000000000000e+02 1.693325000000000000e+04
1.210000000000000000e+02 1.703954999999999927e+04
1.450000000000000000e+02 1.780270000000000073e+04
1.610000000000000000e+02 1.795520000000000073e+04
9.700000000000000000e+01 1.806779999999999927e+04
1.610000000000000000e+02 1.807260000000000218e+04
1.290000000000000000e+02 1.807685000000000218e+04
1.130000000000000000e+02 1.807770000000000073e+04
1.530000000000000000e+02 1.807765000000000146e+04
1.370000000000000000e+02 1.807845000000000073e+04
1.210000000000000000e+02 1.807904999999999927e+04
8.900000000000000000e+01 1.807920000000000073e+04
1.450000000000000000e+02 1.807985000000000218e+04
1.050000000000000000e+02 1.808029999999999927e+04
9.700000000000000000e+01 1.812329999999999927e+04
1.130000000000000000e+02 1.815904999999999927e+04
1.050000000000000000e+02 1.816385000000000218e+04
8.900000000000000000e+01 1.816415000000000146e+04
1.450000000000000000e+02 1.816460000000000218e+04
1.290000000000000000e+02 1.816515000000000146e+04
1.210000000000000000e+02 1.816525000000000000e+04
1.530000000000000000e+02 1.816635000000000218e+04
1.610000000000000000e+02 1.816650000000000000e+04
1.370000000000000000e+02 1.816675000000000000e+04
9.700000000000000000e+01 1.816740000000000146e+04
1.530000000000000000e+02 1.825695000000000073e+04
9.700000000000000000e+01 1.826129999999999927e+04
1.450000000000000000e+02 1.826170000000000073e+04
1.130000000000000000e+02 1.826270000000000073e+04
1.290000000000000000e+02 1.826365000000000146e+04
1.210000000000000000e+02 1.826450000000000000e+04
1.610000000000000000e+02 1.826495000000000073e+04
8.900000000000000000e+01 1.826585000000000218e+04
1.050000000000000000e+02 1.826585000000000218e+04
1.370000000000000000e+02 1.826625000000000000e+04
9.700000000000000000e+01 1.848729999999999927e+04
1.050000000000000000e+02 1.852275000000000000e+04
8.900000000000000000e+01 1.858295000000000073e+04
1.450000000000000000e+02 1.858485000000000218e+04
1.530000000000000000e+02 1.859175000000000000e+04
1.130000000000000000e+02 1.859204999999999927e+04
1.210000000000000000e+02 1.859270000000000073e+04
9.700000000000000000e+01 1.859320000000000073e+04
1.290000000000000000e+02 1.859345000000000073e+04
1.050000000000000000e+02 1.859425000000000000e+04
1.610000000000000000e+02 1.859429999999999927e+04
1.370000000000000000e+02 1.859460000000000218e+04
1.210000000000000000e+02 1.865515000000000146e+04
1.210000000000000000e+02 1.879854999999999927e+04
9.700000000000000000e+01 1.885629999999999927e+04
1.450000000000000000e+02 1.886135000000000218e+04
1.050000000000000000e+02 1.892940000000000146e+04
1.370000000000000000e+02 1.904704999999999927e+04
9.700000000000000000e+01 1.909745000000000073e+04
1.290000000000000000e+02 1.911270000000000073e+04
1.530000000000000000e+02 1.933545000000000073e+04
8.900000000000000000e+01 2.001565000000000146e+04
1.130000000000000000e+02 2.013340000000000146e+04
9.700000000000000000e+01 2.019945000000000073e+04
1.210000000000000000e+02 2.112440000000000146e+04
9.700000000000000000e+01 2.246754999999999927e+04
1.530000000000000000e+02 2.246975000000000000e+04
1.130000000000000000e+02 2.246985000000000218e+04
1.210000000000000000e+02 2.247479999999999927e+04
1.450000000000000000e+02 2.247520000000000073e+04
1.370000000000000000e+02 2.247720000000000073e+04
1.290000000000000000e+02 2.247740000000000146e+04
1.610000000000000000e+02 2.247735000000000218e+04
8.900000000000000000e+01 2.247750000000000000e+04
1.050000000000000000e+02 2.247800000000000000e+04
9.700000000000000000e+01 2.257010000000000218e+04
8.900000000000000000e+01 2.257725000000000000e+04
1.530000000000000000e+02 2.257845000000000073e+04
1.370000000000000000e+02 2.258100000000000000e+04
1.050000000000000000e+02 2.258240000000000146e+04
1.210000000000000000e+02 2.258370000000000073e+04
1.130000000000000000e+02 2.258510000000000218e+04
1.450000000000000000e+02 2.258565000000000146e+04
1.610000000000000000e+02 2.258665000000000146e+04
1.290000000000000000e+02 2.258779999999999927e+04
1.290000000000000000e+02 2.267510000000000218e+04
1.610000000000000000e+02 2.287135000000000218e+04
1.050000000000000000e+02 2.287540000000000146e+04
1.130000000000000000e+02 2.296260000000000218e+04
9.700000000000000000e+01 2.298445000000000073e+04
1.530000000000000000e+02 2.298504999999999927e+04
1.610000000000000000e+02 2.299285000000000218e+04
8.900000000000000000e+01 2.299404999999999927e+04
1.210000000000000000e+02 2.299410000000000218e+04
1.450000000000000000e+02 2.299454999999999927e+04
1.050000000000000000e+02 2.299525000000000000e+04
1.370000000000000000e+02 2.299575000000000000e+04
1.130000000000000000e+02 2.299590000000000146e+04
1.290000000000000000e+02 2.299600000000000000e+04
1.460000000000000000e+02 3.126000000000000227e+02
1.220000000000000000e+02 5.982000000000000455e+02
1.460000000000000000e+02 7.672000000000000455e+02
8.200000000000000000e+01 1.229150000000000091e+03
9.800000000000000000e+01 1.425700000000000045e+03
9.000000000000000000e+01 1.473299999999999955e+03
8.200000000000000000e+01 1.479549999999999955e+03
1.460000000000000000e+02 2.060650000000000091e+03
1.220000000000000000e+02 2.115050000000000182e+03
8.200000000000000000e+01 2.340099999999999909e+03
1.380000000000000000e+02 2.691000000000000000e+03
1.460000000000000000e+02 2.955000000000000000e+03
1.300000000000000000e+02 3.031599999999999909e+03
8.200000000000000000e+01 3.387349999999999909e+03
8.200000000000000000e+01 3.747349999999999909e+03
1.380000000000000000e+02 3.974599999999999909e+03
1.460000000000000000e+02 4.257699999999999818e+03
1.140000000000000000e+02 4.572850000000000364e+03
1.540000000000000000e+02 4.750699999999999818e+03
8.200000000000000000e+01 6.306350000000000364e+03
1.380000000000000000e+02 6.609650000000000546e+03
8.200000000000000000e+01 6.710949999999999818e+03
1.140000000000000000e+02 6.875850000000000364e+03
1.220000000000000000e+02 7.008650000000000546e+03
1.380000000000000000e+02 7.009750000000000000e+03
8.200000000000000000e+01 7.023000000000000000e+03
1.300000000000000000e+02 7.027600000000000364e+03
1.220000000000000000e+02 7.040800000000000182e+03
9.000000000000000000e+01 7.047350000000000364e+03
1.460000000000000000e+02 7.054050000000000182e+03
1.060000000000000000e+02 7.061750000000000000e+03
1.540000000000000000e+02 7.068550000000000182e+03
1.300000000000000000e+02 7.085449999999999818e+03
9.800000000000000000e+01 7.088100000000000364e+03
1.460000000000000000e+02 7.091850000000000364e+03
1.380000000000000000e+02 7.098100000000000364e+03
1.140000000000000000e+02 7.098800000000000182e+03
1.060000000000000000e+02 7.118550000000000182e+03
9.000000000000000000e+01 7.126000000000000000e+03
1.220000000000000000e+02 7.127300000000000182e+03
9.800000000000000000e+01 7.131050000000000182e+03
8.200000000000000000e+01 7.136900000000000546e+03
1.540000000000000000e+02 7.145449999999999818e+03
1.140000000000000000e+02 7.147699999999999818e+03
1.220000000000000000e+02 7.173949999999999818e+03
1.380000000000000000e+02 7.191949999999999818e+03
8.200000000000000000e+01 7.197050000000000182e+03
1.060000000000000000e+02 7.198650000000000546e+03
1.300000000000000000e+02 7.207900000000000546e+03
9.000000000000000000e+01 7.209050000000000182e+03
1.460000000000000000e+02 7.221500000000000000e+03
9.800000000000000000e+01 7.229250000000000000e+03
1.380000000000000000e+02 7.229350000000000364e+03
1.540000000000000000e+02 7.232949999999999818e+03
1.060000000000000000e+02 7.242400000000000546e+03
1.300000000000000000e+02 7.246300000000000182e+03
9.000000000000000000e+01 7.255250000000000000e+03
1.220000000000000000e+02 7.274750000000000000e+03
9.800000000000000000e+01 7.288150000000000546e+03
1.380000000000000000e+02 7.288750000000000000e+03
1.460000000000000000e+02 7.290850000000000364e+03
1.060000000000000000e+02 7.300800000000000182e+03
8.200000000000000000e+01 7.315100000000000364e+03
1.300000000000000000e+02 7.316449999999999818e+03
1.220000000000000000e+02 7.320400000000000546e+03
1.540000000000000000e+02 7.323650000000000546e+03
9.800000000000000000e+01 7.343699999999999818e+03
1.060000000000000000e+02 7.346850000000000364e+03
1.140000000000000000e+02 7.348550000000000182e+03
8.200000000000000000e+01 7.350199999999999818e+03
9.000000000000000000e+01 7.359900000000000546e+03
1.540000000000000000e+02 7.366949999999999818e+03
1.380000000000000000e+02 7.367750000000000000e+03
1.460000000000000000e+02 7.373500000000000000e+03
9.000000000000000000e+01 7.382699999999999818e+03
9.800000000000000000e+01 7.393300000000000182e+03
1.060000000000000000e+02 7.395199999999999818e+03
1.220000000000000000e+02 7.396350000000000364e+03
1.300000000000000000e+02 7.407050000000000182e+03
1.380000000000000000e+02 7.417350000000000364e+03
1.220000000000000000e+02 7.424500000000000000e+03
8.200000000000000000e+01 7.426800000000000182e+03
1.140000000000000000e+02 7.427600000000000364e+03
1.460000000000000000e+02 7.428250000000000000e+03
1.540000000000000000e+02 7.429050000000000182e+03
1.060000000000000000e+02 7.439500000000000000e+03
9.000000000000000000e+01 7.449949999999999818e+03
9.800000000000000000e+01 7.460449999999999818e+03
1.300000000000000000e+02 7.465449999999999818e+03
1.220000000000000000e+02 7.468699999999999818e+03
1.540000000000000000e+02 7.481550000000000182e+03
9.000000000000000000e+01 7.496650000000000546e+03
1.300000000000000000e+02 7.498750000000000000e+03
1.380000000000000000e+02 7.507350000000000364e+03
1.140000000000000000e+02 7.507750000000000000e+03
1.220000000000000000e+02 7.515300000000000182e+03
1.060000000000000000e+02 7.537300000000000182e+03
9.800000000000000000e+01 7.537800000000000182e+03
8.200000000000000000e+01 7.541449999999999818e+03
1.460000000000000000e+02 7.544500000000000000e+03
1.300000000000000000e+02 7.551550000000000182e+03
1.540000000000000000e+02 7.551850000000000364e+03
1.380000000000000000e+02 7.563600000000000364e+03
1.060000000000000000e+02 7.581800000000000182e+03
1.460000000000000000e+02 7.585500000000000000e+03
9.800000000000000000e+01 7.588000000000000000e+03
1.140000000000000000e+02 7.603300000000000182e+03
1.300000000000000000e+02 7.605949999999999818e+03
1.060000000000000000e+02 7.620000000000000000e+03
1.220000000000000000e+02 7.620199999999999818e+03
9.000000000000000000e+01 7.632449999999999818e+03
1.380000000000000000e+02 7.640600000000000364e+03
1.300000000000000000e+02 7.643500000000000000e+03
1.460000000000000000e+02 7.647400000000000546e+03
1.060000000000000000e+02 7.665150000000000546e+03
1.220000000000000000e+02 7.668150000000000546e+03
1.540000000000000000e+02 7.673600000000000364e+03
1.300000000000000000e+02 7.677500000000000000e+03
1.140000000000000000e+02 7.697500000000000000e+03
9.800000000000000000e+01 7.700150000000000546e+03
1.460000000000000000e+02 7.702449999999999818e+03
8.200000000000000000e+01 7.702850000000000364e+03
1.380000000000000000e+02 7.712449999999999818e+03
1.300000000000000000e+02 7.712750000000000000e+03
1.060000000000000000e+02 7.716650000000000546e+03
9.000000000000000000e+01 7.721449999999999818e+03
1.540000000000000000e+02 7.724650000000000546e+03
1.220000000000000000e+02 7.728449999999999818e+03
1.460000000000000000e+02 7.746699999999999818e+03
1.140000000000000000e+02 7.752900000000000546e+03
9.000000000000000000e+01 7.757150000000000546e+03
1.380000000000000000e+02 7.759449999999999818e+03
1.540000000000000000e+02 7.760650000000000546e+03
8.200000000000000000e+01 7.767150000000000546e+03
1.220000000000000000e+02 7.777650000000000546e+03
1.060000000000000000e+02 7.793100000000000364e+03
1.140000000000000000e+02 7.793900000000000546e+03
1.300000000000000000e+02 7.795600000000000364e+03
8.200000000000000000e+01 7.811350000000000364e+03
9.000000000000000000e+01 7.817900000000000546e+03
1.220000000000000000e+02 7.820800000000000182e+03
1.380000000000000000e+02 7.821650000000000546e+03
9.800000000000000000e+01 7.823850000000000364e+03
9.000000000000000000e+01 7.846800000000000182e+03
8.200000000000000000e+01 7.856699999999999818e+03
1.140000000000000000e+02 7.858000000000000000e+03
1.220000000000000000e+02 7.868050000000000182e+03
1.300000000000000000e+02 7.869000000000000000e+03
1.380000000000000000e+02 7.875750000000000000e+03
1.460000000000000000e+02 7.878699999999999818e+03
1.060000000000000000e+02 7.880900000000000546e+03
1.540000000000000000e+02 7.884150000000000546e+03
1.140000000000000000e+02 7.885300000000000182e+03
9.000000000000000000e+01 7.912150000000000546e+03
1.380000000000000000e+02 7.925000000000000000e+03
9.800000000000000000e+01 7.925300000000000182e+03
1.460000000000000000e+02 7.927650000000000546e+03
8.200000000000000000e+01 7.928400000000000546e+03
1.060000000000000000e+02 7.943199999999999818e+03
1.380000000000000000e+02 7.955400000000000546e+03
1.300000000000000000e+02 7.960050000000000182e+03
9.800000000000000000e+01 7.962550000000000182e+03
9.000000000000000000e+01 7.963150000000000546e+03
1.220000000000000000e+02 7.965800000000000182e+03
1.140000000000000000e+02 7.969949999999999818e+03
1.540000000000000000e+02 7.971199999999999818e+03
8.200000000000000000e+01 7.977350000000000364e+03
1.460000000000000000e+02 7.986250000000000000e+03
1.060000000000000000e+02 7.988600000000000364e+03
1.300000000000000000e+02 7.992550000000000182e+03
1.220000000000000000e+02 8.003850000000000364e+03
1.380000000000000000e+02 8.004600000000000364e+03
1.540000000000000000e+02 8.006000000000000000e+03
9.000000000000000000e+01 8.006100000000000364e+03
8.200000000000000000e+01 8.009300000000000182e+03
9.800000000000000000e+01 8.014350000000000364e+03
1.460000000000000000e+02 8.031650000000000546e+03
1.540000000000000000e+02 8.033250000000000000e+03
1.220000000000000000e+02 8.035000000000000000e+03
9.000000000000000000e+01 8.058800000000000182e+03
8.200000000000000000e+01 8.060250000000000000e+03
1.060000000000000000e+02 8.060949999999999818e+03
1.300000000000000000e+02 8.064150000000000546e+03
9.800000000000000000e+01 8.067900000000000546e+03
1.140000000000000000e+02 8.071500000000000000e+03
1.220000000000000000e+02 8.091800000000000182e+03
1.380000000000000000e+02 8.092850000000000364e+03
9.000000000000000000e+01 8.098500000000000000e+03
1.460000000000000000e+02 8.101750000000000000e+03
1.540000000000000000e+02 8.103400000000000546e+03
1.300000000000000000e+02 8.112150000000000546e+03
1.140000000000000000e+02 8.113050000000000182e+03
1.060000000000000000e+02 8.115100000000000364e+03
8.200000000000000000e+01 8.117250000000000000e+03
1.380000000000000000e+02 8.133449999999999818e+03
9.800000000000000000e+01 8.133750000000000000e+03
9.000000000000000000e+01 8.136350000000000364e+03
1.220000000000000000e+02 8.138300000000000182e+03
1.460000000000000000e+02 8.139650000000000546e+03
1.540000000000000000e+02 8.146449999999999818e+03
1.140000000000000000e+02 8.156250000000000000e+03
1.060000000000000000e+02 8.164050000000000182e+03
8.200000000000000000e+01 8.165900000000000546e+03
1.380000000000000000e+02 8.166100000000000364e+03
1.220000000000000000e+02 8.174650000000000546e+03
1.540000000000000000e+02 8.177850000000000364e+03
9.800000000000000000e+01 8.181300000000000182e+03
1.300000000000000000e+02 8.192899999999999636e+03
9.000000000000000000e+01 8.199450000000000728e+03
1.060000000000000000e+02 8.201500000000000000e+03
1.140000000000000000e+02 8.201450000000000728e+03
1.380000000000000000e+02 8.202100000000000364e+03
1.460000000000000000e+02 8.206299999999999272e+03
1.540000000000000000e+02 8.223200000000000728e+03
1.220000000000000000e+02 8.230850000000000364e+03
9.000000000000000000e+01 8.234500000000000000e+03
1.300000000000000000e+02 8.241299999999999272e+03
1.460000000000000000e+02 8.247399999999999636e+03
9.800000000000000000e+01 8.248799999999999272e+03
1.140000000000000000e+02 8.251100000000000364e+03
1.380000000000000000e+02 8.253899999999999636e+03
1.220000000000000000e+02 8.256450000000000728e+03
8.200000000000000000e+01 8.257750000000000000e+03
1.060000000000000000e+02 8.259950000000000728e+03
1.540000000000000000e+02 8.272549999999999272e+03
1.220000000000000000e+02 8.286000000000000000e+03
9.800000000000000000e+01 8.291450000000000728e+03
9.000000000000000000e+01 8.295399999999999636e+03
1.380000000000000000e+02 8.295350000000000364e+03
8.200000000000000000e+01 8.295450000000000728e+03
1.460000000000000000e+02 8.301600000000000364e+03
1.300000000000000000e+02 8.314899999999999636e+03
1.060000000000000000e+02 8.327100000000000364e+03
9.000000000000000000e+01 8.327950000000000728e+03
9.800000000000000000e+01 8.329299999999999272e+03
1.140000000000000000e+02 8.336250000000000000e+03
8.200000000000000000e+01 8.338299999999999272e+03
1.540000000000000000e+02 8.338350000000000364e+03
1.220000000000000000e+02 8.342700000000000728e+03
9.000000000000000000e+01 8.352950000000000728e+03
9.800000000000000000e+01 8.354500000000000000e+03
1.380000000000000000e+02 8.355899999999999636e+03
1.460000000000000000e+02 8.360799999999999272e+03
1.060000000000000000e+02 8.362899999999999636e+03
1.300000000000000000e+02 8.362950000000000728e+03
1.220000000000000000e+02 8.369450000000000728e+03
1.140000000000000000e+02 8.371549999999999272e+03
1.540000000000000000e+02 8.385399999999999636e+03
9.000000000000000000e+01 8.386549999999999272e+03
1.300000000000000000e+02 8.393200000000000728e+03
1.380000000000000000e+02 8.395799999999999272e+03
1.220000000000000000e+02 8.397250000000000000e+03
1.460000000000000000e+02 8.397399999999999636e+03
8.200000000000000000e+01 8.399200000000000728e+03
9.800000000000000000e+01 8.400549999999999272e+03
1.140000000000000000e+02 8.403799999999999272e+03
9.000000000000000000e+01 8.414549999999999272e+03
1.540000000000000000e+02 8.425899999999999636e+03
1.220000000000000000e+02 8.432149999999999636e+03
8.200000000000000000e+01 8.433600000000000364e+03
1.060000000000000000e+02 8.440549999999999272e+03
9.800000000000000000e+01 8.446149999999999636e+03
1.300000000000000000e+02 8.451450000000000728e+03
1.380000000000000000e+02 8.452850000000000364e+03
1.460000000000000000e+02 8.453850000000000364e+03
1.540000000000000000e+02 8.462500000000000000e+03
1.220000000000000000e+02 8.469100000000000364e+03
8.200000000000000000e+01 8.471299999999999272e+03
1.060000000000000000e+02 8.476299999999999272e+03
1.140000000000000000e+02 8.479200000000000728e+03
1.460000000000000000e+02 8.489049999999999272e+03
1.300000000000000000e+02 8.492350000000000364e+03
1.380000000000000000e+02 8.493600000000000364e+03
9.800000000000000000e+01 8.495299999999999272e+03
9.000000000000000000e+01 8.497000000000000000e+03
1.540000000000000000e+02 8.500700000000000728e+03
1.220000000000000000e+02 8.507149999999999636e+03
1.140000000000000000e+02 8.513649999999999636e+03
1.460000000000000000e+02 8.518649999999999636e+03
1.540000000000000000e+02 8.525850000000000364e+03
1.060000000000000000e+02 8.530250000000000000e+03
9.000000000000000000e+01 8.532750000000000000e+03
1.300000000000000000e+02 8.534600000000000364e+03
9.800000000000000000e+01 8.534750000000000000e+03
1.380000000000000000e+02 8.535549999999999272e+03
8.200000000000000000e+01 8.537399999999999636e+03
1.140000000000000000e+02 8.550649999999999636e+03
1.460000000000000000e+02 8.555649999999999636e+03
1.220000000000000000e+02 8.560750000000000000e+03
1.380000000000000000e+02 8.571549999999999272e+03
1.540000000000000000e+02 8.579250000000000000e+03
1.060000000000000000e+02 8.580000000000000000e+03
9.000000000000000000e+01 8.580049999999999272e+03
8.200000000000000000e+01 8.583600000000000364e+03
9.800000000000000000e+01 8.590000000000000000e+03
1.460000000000000000e+02 8.602100000000000364e+03
1.220000000000000000e+02 8.602649999999999636e+03
1.380000000000000000e+02 8.605450000000000728e+03
1.300000000000000000e+02 8.607450000000000728e+03
1.060000000000000000e+02 8.608950000000000728e+03
1.140000000000000000e+02 8.611299999999999272e+03
1.540000000000000000e+02 8.618000000000000000e+03
9.000000000000000000e+01 8.619200000000000728e+03
9.800000000000000000e+01 8.619450000000000728e+03
8.200000000000000000e+01 8.620950000000000728e+03
1.460000000000000000e+02 8.631549999999999272e+03
1.380000000000000000e+02 8.638000000000000000e+03
1.300000000000000000e+02 8.644500000000000000e+03
1.220000000000000000e+02 8.645000000000000000e+03
1.140000000000000000e+02 8.653649999999999636e+03
1.060000000000000000e+02 8.653799999999999272e+03
1.540000000000000000e+02 8.653950000000000728e+03
9.800000000000000000e+01 8.655950000000000728e+03
8.200000000000000000e+01 8.656350000000000364e+03
9.000000000000000000e+01 8.658549999999999272e+03
1.460000000000000000e+02 8.658700000000000728e+03
1.220000000000000000e+02 8.689700000000000728e+03
1.060000000000000000e+02 8.689750000000000000e+03
8.200000000000000000e+01 8.690600000000000364e+03
9.000000000000000000e+01 8.691000000000000000e+03
1.300000000000000000e+02 8.692350000000000364e+03
1.140000000000000000e+02 8.692450000000000728e+03
1.540000000000000000e+02 8.693100000000000364e+03
1.380000000000000000e+02 8.693350000000000364e+03
9.800000000000000000e+01 8.694799999999999272e+03
1.460000000000000000e+02 8.721350000000000364e+03
9.000000000000000000e+01 8.722950000000000728e+03
1.380000000000000000e+02 8.724899999999999636e+03
1.060000000000000000e+02 8.725100000000000364e+03
1.220000000000000000e+02 8.727000000000000000e+03
1.540000000000000000e+02 8.728049999999999272e+03
9.800000000000000000e+01 8.732750000000000000e+03
1.140000000000000000e+02 8.752450000000000728e+03
1.460000000000000000e+02 8.755600000000000364e+03
9.000000000000000000e+01 8.755700000000000728e+03
1.060000000000000000e+02 8.758350000000000364e+03
8.200000000000000000e+01 8.762399999999999636e+03
9.800000000000000000e+01 8.762399999999999636e+03
1.540000000000000000e+02 8.762700000000000728e+03
1.300000000000000000e+02 8.764399999999999636e+03
1.220000000000000000e+02 8.773000000000000000e+03
1.380000000000000000e+02 8.775250000000000000e+03
1.140000000000000000e+02 8.782700000000000728e+03
1.540000000000000000e+02 8.783550000000001091e+03
1.460000000000000000e+02 8.788899999999999636e+03
9.000000000000000000e+01 8.793350000000000364e+03
1.060000000000000000e+02 8.797000000000000000e+03
9.800000000000000000e+01 8.798250000000000000e+03
1.380000000000000000e+02 8.799899999999999636e+03
1.300000000000000000e+02 8.800149999999999636e+03
8.200000000000000000e+01 8.816250000000000000e+03
1.140000000000000000e+02 8.826300000000001091e+03
1.540000000000000000e+02 8.827850000000000364e+03
9.800000000000000000e+01 8.829100000000000364e+03
1.460000000000000000e+02 8.830899999999999636e+03
1.060000000000000000e+02 8.831050000000001091e+03
1.300000000000000000e+02 8.835149999999999636e+03
1.220000000000000000e+02 8.836450000000000728e+03
8.200000000000000000e+01 8.839050000000001091e+03
1.380000000000000000e+02 8.847200000000000728e+03
1.540000000000000000e+02 8.863500000000000000e+03
1.460000000000000000e+02 8.864800000000001091e+03
9.000000000000000000e+01 8.867800000000001091e+03
1.060000000000000000e+02 8.868350000000000364e+03
1.220000000000000000e+02 8.870149999999999636e+03
9.800000000000000000e+01 8.872149999999999636e+03
1.140000000000000000e+02 8.873149999999999636e+03
8.200000000000000000e+01 8.873250000000000000e+03
1.380000000000000000e+02 8.878500000000000000e+03
1.300000000000000000e+02 8.891250000000000000e+03
1.460000000000000000e+02 8.899350000000000364e+03
1.060000000000000000e+02 8.900899999999999636e+03
1.220000000000000000e+02 8.902800000000001091e+03
9.000000000000000000e+01 8.903750000000000000e+03
1.380000000000000000e+02 8.904649999999999636e+03
1.540000000000000000e+02 8.905450000000000728e+03
1.140000000000000000e+02 8.907250000000000000e+03
8.200000000000000000e+01 8.907399999999999636e+03
9.800000000000000000e+01 8.908550000000001091e+03
9.800000000000000000e+01 8.939649999999999636e+03
1.540000000000000000e+02 8.939700000000000728e+03
1.060000000000000000e+02 8.941450000000000728e+03
8.200000000000000000e+01 8.942649999999999636e+03
1.140000000000000000e+02 8.943350000000000364e+03
1.380000000000000000e+02 8.943350000000000364e+03
1.460000000000000000e+02 8.945100000000000364e+03
1.300000000000000000e+02 8.945350000000000364e+03
9.000000000000000000e+01 8.945899999999999636e+03
1.220000000000000000e+02 8.947350000000000364e+03
9.800000000000000000e+01 8.978700000000000728e+03
1.380000000000000000e+02 8.980000000000000000e+03
1.060000000000000000e+02 8.980149999999999636e+03
1.140000000000000000e+02 8.980250000000000000e+03
8.200000000000000000e+01 8.981149999999999636e+03
1.540000000000000000e+02 8.981250000000000000e+03
1.220000000000000000e+02 8.982149999999999636e+03
1.460000000000000000e+02 8.982149999999999636e+03
9.000000000000000000e+01 8.983750000000000000e+03
1.300000000000000000e+02 8.984100000000000364e+03
1.460000000000000000e+02 9.012350000000000364e+03
1.380000000000000000e+02 9.017000000000000000e+03
1.140000000000000000e+02 9.017250000000000000e+03
8.200000000000000000e+01 9.018300000000001091e+03
1.540000000000000000e+02 9.018450000000000728e+03
9.800000000000000000e+01 9.019600000000000364e+03
1.060000000000000000e+02 9.019600000000000364e+03
1.220000000000000000e+02 9.020100000000000364e+03
9.000000000000000000e+01 9.020149999999999636e+03
1.300000000000000000e+02 9.020200000000000728e+03
9.000000000000000000e+01 9.051600000000000364e+03
1.540000000000000000e+02 9.054000000000000000e+03
1.300000000000000000e+02 9.055200000000000728e+03
1.380000000000000000e+02 9.056100000000000364e+03
9.800000000000000000e+01 9.056899999999999636e+03
1.140000000000000000e+02 9.057200000000000728e+03
1.060000000000000000e+02 9.057300000000001091e+03
1.460000000000000000e+02 9.057800000000001091e+03
1.220000000000000000e+02 9.058100000000000364e+03
8.200000000000000000e+01 9.058800000000001091e+03
9.000000000000000000e+01 9.089500000000000000e+03
1.300000000000000000e+02 9.090950000000000728e+03
1.220000000000000000e+02 9.091500000000000000e+03
1.540000000000000000e+02 9.091700000000000728e+03
1.060000000000000000e+02 9.092149999999999636e+03
1.140000000000000000e+02 9.092500000000000000e+03
1.380000000000000000e+02 9.092850000000000364e+03
9.800000000000000000e+01 9.093200000000000728e+03
1.460000000000000000e+02 9.093300000000001091e+03
8.200000000000000000e+01 9.094950000000000728e+03
1.460000000000000000e+02 9.113600000000000364e+03
1.300000000000000000e+02 9.122100000000000364e+03
1.140000000000000000e+02 9.124250000000000000e+03
9.000000000000000000e+01 9.124450000000000728e+03
1.380000000000000000e+02 9.124600000000000364e+03
1.060000000000000000e+02 9.124800000000001091e+03
9.800000000000000000e+01 9.125250000000000000e+03
1.220000000000000000e+02 9.125850000000000364e+03
8.200000000000000000e+01 9.125950000000000728e+03
1.540000000000000000e+02 9.126000000000000000e+03
1.140000000000000000e+02 9.152800000000001091e+03
1.300000000000000000e+02 9.152800000000001091e+03
1.060000000000000000e+02 9.152950000000000728e+03
1.460000000000000000e+02 9.156800000000001091e+03
1.380000000000000000e+02 9.157149999999999636e+03
8.200000000000000000e+01 9.157399999999999636e+03
9.800000000000000000e+01 9.158100000000000364e+03
1.220000000000000000e+02 9.158899999999999636e+03
9.000000000000000000e+01 9.159050000000001091e+03
1.540000000000000000e+02 9.160100000000000364e+03
1.220000000000000000e+02 9.189899999999999636e+03
1.140000000000000000e+02 9.191250000000000000e+03
1.380000000000000000e+02 9.192200000000000728e+03
9.000000000000000000e+01 9.192450000000000728e+03
1.460000000000000000e+02 9.193149999999999636e+03
1.540000000000000000e+02 9.193399999999999636e+03
1.300000000000000000e+02 9.193450000000000728e+03
8.200000000000000000e+01 9.193950000000000728e+03
1.060000000000000000e+02 9.194000000000000000e+03
9.800000000000000000e+01 9.194100000000000364e+03
1.380000000000000000e+02 9.221100000000000364e+03
1.540000000000000000e+02 9.222950000000000728e+03
1.460000000000000000e+02 9.224200000000000728e+03
9.000000000000000000e+01 9.224750000000000000e+03
1.140000000000000000e+02 9.225200000000000728e+03
1.220000000000000000e+02 9.226700000000000728e+03
9.800000000000000000e+01 9.226800000000001091e+03
8.200000000000000000e+01 9.227000000000000000e+03
1.060000000000000000e+02 9.227149999999999636e+03
1.300000000000000000e+02 9.227700000000000728e+03
9.800000000000000000e+01 9.257550000000001091e+03
9.000000000000000000e+01 9.257700000000000728e+03
1.460000000000000000e+02 9.257649999999999636e+03
1.220000000000000000e+02 9.260450000000000728e+03
1.540000000000000000e+02 9.260600000000000364e+03
1.380000000000000000e+02 9.260750000000000000e+03
1.060000000000000000e+02 9.260899999999999636e+03
8.200000000000000000e+01 9.261000000000000000e+03
1.300000000000000000e+02 9.261500000000000000e+03
1.140000000000000000e+02 9.262250000000000000e+03
8.200000000000000000e+01 9.288700000000000728e+03
9.800000000000000000e+01 9.293100000000000364e+03
1.300000000000000000e+02 9.293950000000000728e+03
1.380000000000000000e+02 9.295600000000000364e+03
9.000000000000000000e+01 9.296000000000000000e+03
1.140000000000000000e+02 9.296250000000000000e+03
1.460000000000000000e+02 9.296350000000000364e+03
1.220000000000000000e+02 9.296700000000000728e+03
1.540000000000000000e+02 9.296950000000000728e+03
1.060000000000000000e+02 9.297700000000000728e+03
8.200000000000000000e+01 9.321649999999999636e+03
9.000000000000000000e+01 9.322050000000001091e+03
9.800000000000000000e+01 9.325000000000000000e+03
1.380000000000000000e+02 9.325550000000001091e+03
1.060000000000000000e+02 9.326600000000000364e+03
1.300000000000000000e+02 9.326600000000000364e+03
1.540000000000000000e+02 9.326550000000001091e+03
1.460000000000000000e+02 9.326800000000001091e+03
1.140000000000000000e+02 9.327250000000000000e+03
1.220000000000000000e+02 9.328250000000000000e+03
1.060000000000000000e+02 9.357550000000001091e+03
1.300000000000000000e+02 9.358100000000000364e+03
9.800000000000000000e+01 9.358649999999999636e+03
1.540000000000000000e+02 9.359399999999999636e+03
9.000000000000000000e+01 9.359450000000000728e+03
1.380000000000000000e+02 9.359950000000000728e+03
1.220000000000000000e+02 9.360350000000000364e+03
8.200000000000000000e+01 9.360600000000000364e+03
1.140000000000000000e+02 9.360850000000000364e+03
1.460000000000000000e+02 9.360950000000000728e+03
8.200000000000000000e+01 9.390050000000001091e+03
1.380000000000000000e+02 9.392649999999999636e+03
1.060000000000000000e+02 9.393950000000000728e+03
1.300000000000000000e+02 9.393950000000000728e+03
1.540000000000000000e+02 9.394050000000001091e+03
1.140000000000000000e+02 9.394149999999999636e+03
9.800000000000000000e+01 9.394800000000001091e+03
1.220000000000000000e+02 9.394850000000000364e+03
1.460000000000000000e+02 9.395600000000000364e+03
9.000000000000000000e+01 9.395850000000000364e+03
8.200000000000000000e+01 9.423000000000000000e+03
9.800000000000000000e+01 9.425550000000001091e+03
1.300000000000000000e+02 9.427250000000000000e+03
1.140000000000000000e+02 9.427550000000001091e+03
1.380000000000000000e+02 9.427600000000000364e+03
1.540000000000000000e+02 9.427800000000001091e+03
1.220000000000000000e+02 9.427850000000000364e+03
1.460000000000000000e+02 9.428149999999999636e+03
1.060000000000000000e+02 9.428350000000000364e+03
9.000000000000000000e+01 9.429200000000000728e+03
1.300000000000000000e+02 9.458250000000000000e+03
1.220000000000000000e+02 9.459649999999999636e+03
8.200000000000000000e+01 9.460250000000000000e+03
1.140000000000000000e+02 9.460300000000001091e+03
1.060000000000000000e+02 9.461000000000000000e+03
1.460000000000000000e+02 9.461600000000000364e+03
1.380000000000000000e+02 9.462100000000000364e+03
9.000000000000000000e+01 9.462500000000000000e+03
9.800000000000000000e+01 9.462899999999999636e+03
1.540000000000000000e+02 9.463100000000000364e+03
1.300000000000000000e+02 9.481149999999999636e+03
1.140000000000000000e+02 9.491450000000000728e+03
1.380000000000000000e+02 9.491649999999999636e+03
1.460000000000000000e+02 9.492000000000000000e+03
1.220000000000000000e+02 9.492149999999999636e+03
9.000000000000000000e+01 9.492750000000000000e+03
9.800000000000000000e+01 9.493450000000000728e+03
1.540000000000000000e+02 9.493500000000000000e+03
8.200000000000000000e+01 9.493600000000000364e+03
1.060000000000000000e+02 9.494899999999999636e+03
1.300000000000000000e+02 9.518750000000000000e+03
1.140000000000000000e+02 9.522500000000000000e+03
9.000000000000000000e+01 9.522899999999999636e+03
1.380000000000000000e+02 9.523149999999999636e+03
1.460000000000000000e+02 9.523250000000000000e+03
9.800000000000000000e+01 9.523800000000001091e+03
1.540000000000000000e+02 9.523800000000001091e+03
8.200000000000000000e+01 9.524450000000000728e+03
1.060000000000000000e+02 9.524649999999999636e+03
1.220000000000000000e+02 9.524649999999999636e+03
1.300000000000000000e+02 9.547250000000000000e+03
1.060000000000000000e+02 9.549250000000000000e+03
1.540000000000000000e+02 9.549850000000000364e+03
1.380000000000000000e+02 9.550050000000001091e+03
9.800000000000000000e+01 9.550800000000001091e+03
1.220000000000000000e+02 9.551750000000000000e+03
8.200000000000000000e+01 9.552399999999999636e+03
1.460000000000000000e+02 9.552350000000000364e+03
9.000000000000000000e+01 9.552850000000000364e+03
1.140000000000000000e+02 9.553200000000000728e+03
1.220000000000000000e+02 9.575800000000001091e+03
1.140000000000000000e+02 9.581899999999999636e+03
1.060000000000000000e+02 9.582800000000001091e+03
8.200000000000000000e+01 9.582950000000000728e+03
9.000000000000000000e+01 9.583300000000001091e+03
9.800000000000000000e+01 9.583300000000001091e+03
1.380000000000000000e+02 9.583300000000001091e+03
1.300000000000000000e+02 9.583350000000000364e+03
1.540000000000000000e+02 9.584100000000000364e+03
1.460000000000000000e+02 9.584300000000001091e+03
8.200000000000000000e+01 9.610250000000000000e+03
1.060000000000000000e+02 9.612350000000000364e+03
9.000000000000000000e+01 9.612750000000000000e+03
1.220000000000000000e+02 9.613100000000000364e+03
1.380000000000000000e+02 9.613600000000000364e+03
1.140000000000000000e+02 9.613649999999999636e+03
1.540000000000000000e+02 9.614000000000000000e+03
1.460000000000000000e+02 9.614100000000000364e+03
9.800000000000000000e+01 9.614399999999999636e+03
1.300000000000000000e+02 9.616350000000000364e+03
8.200000000000000000e+01 9.632149999999999636e+03
1.220000000000000000e+02 9.644250000000000000e+03
1.060000000000000000e+02 9.645649999999999636e+03
9.000000000000000000e+01 9.646200000000000728e+03
1.140000000000000000e+02 9.646300000000001091e+03
1.540000000000000000e+02 9.646250000000000000e+03
1.380000000000000000e+02 9.646600000000000364e+03
9.800000000000000000e+01 9.647000000000000000e+03
1.460000000000000000e+02 9.647399999999999636e+03
1.300000000000000000e+02 9.647600000000000364e+03
8.200000000000000000e+01 9.649149999999999636e+03
1.540000000000000000e+02 9.674050000000001091e+03
9.000000000000000000e+01 9.675000000000000000e+03
1.460000000000000000e+02 9.677000000000000000e+03
1.060000000000000000e+02 9.677350000000000364e+03
1.380000000000000000e+02 9.677550000000001091e+03
1.220000000000000000e+02 9.678399999999999636e+03
8.200000000000000000e+01 9.678500000000000000e+03
9.800000000000000000e+01 9.678450000000000728e+03
1.140000000000000000e+02 9.679100000000000364e+03
1.300000000000000000e+02 9.679250000000000000e+03
1.380000000000000000e+02 9.707000000000000000e+03
9.800000000000000000e+01 9.709600000000000364e+03
1.460000000000000000e+02 9.709550000000001091e+03
1.300000000000000000e+02 9.709850000000000364e+03
1.140000000000000000e+02 9.711050000000001091e+03
1.060000000000000000e+02 9.711200000000000728e+03
9.000000000000000000e+01 9.711500000000000000e+03
1.540000000000000000e+02 9.711649999999999636e+03
1.220000000000000000e+02 9.711950000000000728e+03
8.200000000000000000e+01 9.712050000000001091e+03
1.380000000000000000e+02 9.729200000000000728e+03
1.460000000000000000e+02 9.737100000000000364e+03
1.140000000000000000e+02 9.737600000000000364e+03
1.540000000000000000e+02 9.741750000000000000e+03
1.220000000000000000e+02 9.742700000000000728e+03
1.300000000000000000e+02 9.743550000000001091e+03
9.000000000000000000e+01 9.744200000000000728e+03
8.200000000000000000e+01 9.744300000000001091e+03
9.800000000000000000e+01 9.744350000000000364e+03
1.060000000000000000e+02 9.744450000000000728e+03
1.220000000000000000e+02 9.771800000000001091e+03
8.200000000000000000e+01 9.775250000000000000e+03
1.460000000000000000e+02 9.775850000000000364e+03
1.540000000000000000e+02 9.776649999999999636e+03
9.800000000000000000e+01 9.776750000000000000e+03
1.300000000000000000e+02 9.777300000000001091e+03
1.060000000000000000e+02 9.777899999999999636e+03
1.140000000000000000e+02 9.777850000000000364e+03
1.380000000000000000e+02 9.778200000000000728e+03
9.000000000000000000e+01 9.778450000000000728e+03
8.200000000000000000e+01 9.793700000000000728e+03
1.460000000000000000e+02 9.802149999999999636e+03
1.220000000000000000e+02 9.802600000000000364e+03
1.540000000000000000e+02 9.805649999999999636e+03
9.800000000000000000e+01 9.806899999999999636e+03
1.060000000000000000e+02 9.807950000000000728e+03
1.300000000000000000e+02 9.808600000000000364e+03
1.380000000000000000e+02 9.808600000000000364e+03
1.140000000000000000e+02 9.808950000000000728e+03
9.000000000000000000e+01 9.809100000000000364e+03
8.200000000000000000e+01 9.810950000000000728e+03
1.220000000000000000e+02 9.816399999999999636e+03
1.460000000000000000e+02 9.828649999999999636e+03
9.800000000000000000e+01 9.835300000000001091e+03
9.000000000000000000e+01 9.836450000000000728e+03
1.060000000000000000e+02 9.836550000000001091e+03
1.380000000000000000e+02 9.836600000000000364e+03
1.540000000000000000e+02 9.836700000000000728e+03
1.300000000000000000e+02 9.836950000000000728e+03
1.220000000000000000e+02 9.837149999999999636e+03
8.200000000000000000e+01 9.837350000000000364e+03
1.140000000000000000e+02 9.838100000000000364e+03
9.800000000000000000e+01 9.859800000000001091e+03
8.200000000000000000e+01 9.860750000000000000e+03
1.060000000000000000e+02 9.860850000000000364e+03
1.380000000000000000e+02 9.861950000000000728e+03
1.460000000000000000e+02 9.862100000000000364e+03
1.140000000000000000e+02 9.862750000000000000e+03
1.540000000000000000e+02 9.862750000000000000e+03
1.300000000000000000e+02 9.862850000000000364e+03
9.000000000000000000e+01 9.863700000000000728e+03
1.220000000000000000e+02 9.863700000000000728e+03
1.140000000000000000e+02 9.888500000000000000e+03
9.000000000000000000e+01 9.889500000000000000e+03
8.200000000000000000e+01 9.889600000000000364e+03
1.460000000000000000e+02 9.889750000000000000e+03
9.800000000000000000e+01 9.890399999999999636e+03
1.300000000000000000e+02 9.891200000000000728e+03
1.380000000000000000e+02 9.891899999999999636e+03
1.540000000000000000e+02 9.891950000000000728e+03
1.060000000000000000e+02 9.892200000000000728e+03
1.220000000000000000e+02 9.893500000000000000e+03
8.200000000000000000e+01 9.915100000000000364e+03
9.000000000000000000e+01 9.919000000000000000e+03
1.140000000000000000e+02 9.920500000000000000e+03
9.800000000000000000e+01 9.920850000000000364e+03
1.460000000000000000e+02 9.921550000000001091e+03
1.220000000000000000e+02 9.922250000000000000e+03
1.380000000000000000e+02 9.922550000000001091e+03
1.300000000000000000e+02 9.923550000000001091e+03
1.540000000000000000e+02 9.923600000000000364e+03
1.060000000000000000e+02 9.923750000000000000e+03
8.200000000000000000e+01 9.932700000000000728e+03
9.000000000000000000e+01 9.946700000000000728e+03
9.800000000000000000e+01 9.947500000000000000e+03
1.460000000000000000e+02 9.947850000000000364e+03
1.220000000000000000e+02 9.948850000000000364e+03
1.540000000000000000e+02 9.949500000000000000e+03
1.060000000000000000e+02 9.949750000000000000e+03
1.140000000000000000e+02 9.950550000000001091e+03
1.300000000000000000e+02 9.950850000000000364e+03
1.380000000000000000e+02 9.950899999999999636e+03
8.200000000000000000e+01 9.952649999999999636e+03
9.800000000000000000e+01 9.969250000000000000e+03
1.220000000000000000e+02 9.973300000000001091e+03
9.000000000000000000e+01 9.974450000000000728e+03
1.060000000000000000e+02 9.974500000000000000e+03
1.380000000000000000e+02 9.978899999999999636e+03
1.460000000000000000e+02 9.979200000000000728e+03
8.200000000000000000e+01 9.979300000000001091e+03
1.300000000000000000e+02 9.979550000000001091e+03
1.540000000000000000e+02 9.979750000000000000e+03
1.140000000000000000e+02 9.980250000000000000e+03
9.800000000000000000e+01 9.985500000000000000e+03
1.060000000000000000e+02 9.998300000000001091e+03
9.000000000000000000e+01 1.000725000000000000e+04
1.220000000000000000e+02 1.027289999999999964e+04
1.300000000000000000e+02 1.029145000000000073e+04
1.140000000000000000e+02 1.039675000000000000e+04
1.060000000000000000e+02 1.057914999999999964e+04
9.000000000000000000e+01 1.057989999999999964e+04
1.140000000000000000e+02 1.058070000000000073e+04
1.380000000000000000e+02 1.058180000000000109e+04
1.540000000000000000e+02 1.058195000000000073e+04
9.800000000000000000e+01 1.058270000000000073e+04
8.200000000000000000e+01 1.058280000000000109e+04
1.460000000000000000e+02 1.058380000000000109e+04
1.300000000000000000e+02 1.058395000000000073e+04
1.220000000000000000e+02 1.058414999999999964e+04
1.540000000000000000e+02 1.067905000000000109e+04
1.140000000000000000e+02 1.073645000000000073e+04
1.380000000000000000e+02 1.086850000000000000e+04
1.460000000000000000e+02 1.088064999999999964e+04
1.060000000000000000e+02 1.117850000000000000e+04
1.460000000000000000e+02 1.119685000000000036e+04
1.460000000000000000e+02 1.150330000000000109e+04
1.300000000000000000e+02 1.151875000000000000e+04
1.220000000000000000e+02 1.153345000000000073e+04
1.140000000000000000e+02 1.156430000000000109e+04
8.200000000000000000e+01 1.290295000000000073e+04
1.540000000000000000e+02 1.386114999999999964e+04
1.540000000000000000e+02 1.412230000000000109e+04
9.000000000000000000e+01 1.412255000000000109e+04
9.000000000000000000e+01 1.425430000000000109e+04
1.540000000000000000e+02 1.433525000000000000e+04
1.460000000000000000e+02 1.441045000000000073e+04
1.060000000000000000e+02 1.458880000000000109e+04
1.380000000000000000e+02 1.458960000000000036e+04
1.300000000000000000e+02 1.459245000000000073e+04
1.460000000000000000e+02 1.459289999999999964e+04
1.140000000000000000e+02 1.459539999999999964e+04
1.540000000000000000e+02 1.459600000000000000e+04
8.200000000000000000e+01 1.459664999999999964e+04
9.000000000000000000e+01 1.459670000000000073e+04
9.800000000000000000e+01 1.459664999999999964e+04
1.220000000000000000e+02 1.459670000000000073e+04
1.060000000000000000e+02 1.467085000000000036e+04
9.800000000000000000e+01 1.467860000000000036e+04
1.380000000000000000e+02 1.468714999999999964e+04
8.200000000000000000e+01 1.495745000000000073e+04
1.300000000000000000e+02 1.497710000000000036e+04
9.800000000000000000e+01 1.498189999999999964e+04
1.060000000000000000e+02 1.522060000000000036e+04
1.060000000000000000e+02 1.605380000000000109e+04
8.200000000000000000e+01 1.623660000000000036e+04
1.300000000000000000e+02 1.677059999999999854e+04
8.200000000000000000e+01 1.703200000000000000e+04
1.460000000000000000e+02 1.779700000000000000e+04
8.200000000000000000e+01 1.803679999999999927e+04
9.000000000000000000e+01 1.806485000000000218e+04
1.540000000000000000e+02 1.807600000000000000e+04
1.220000000000000000e+02 1.807810000000000218e+04
1.380000000000000000e+02 1.807815000000000146e+04
1.140000000000000000e+02 1.807825000000000000e+04
8.200000000000000000e+01 1.807860000000000218e+04
1.060000000000000000e+02 1.807860000000000218e+04
9.800000000000000000e+01 1.807915000000000146e+04
1.300000000000000000e+02 1.807940000000000146e+04
1.460000000000000000e+02 1.807960000000000218e+04
1.380000000000000000e+02 1.816165000000000146e+04
1.300000000000000000e+02 1.816215000000000146e+04
1.540000000000000000e+02 1.816385000000000218e+04
9.800000000000000000e+01 1.816529999999999927e+04
1.060000000000000000e+02 1.816575000000000000e+04
8.200000000000000000e+01 1.816590000000000146e+04
1.140000000000000000e+02 1.816595000000000073e+04
1.460000000000000000e+02 1.816595000000000073e+04
9.000000000000000000e+01 1.816625000000000000e+04
1.220000000000000000e+02 1.816779999999999927e+04
1.220000000000000000e+02 1.826250000000000000e+04
9.000000000000000000e+01 1.826260000000000218e+04
1.380000000000000000e+02 1.826335000000000218e+04
1.140000000000000000e+02 1.826425000000000000e+04
1.540000000000000000e+02 1.826460000000000218e+04
9.800000000000000000e+01 1.826475000000000000e+04
1.060000000000000000e+02 1.826540000000000146e+04
1.300000000000000000e+02 1.826540000000000146e+04
1.460000000000000000e+02 1.826545000000000073e+04
8.200000000000000000e+01 1.826579999999999927e+04
1.300000000000000000e+02 1.852165000000000146e+04
1.540000000000000000e+02 1.858695000000000073e+04
1.060000000000000000e+02 1.858735000000000218e+04
1.380000000000000000e+02 1.858904999999999927e+04
1.460000000000000000e+02 1.859329999999999927e+04
1.220000000000000000e+02 1.859350000000000000e+04
1.140000000000000000e+02 1.859385000000000218e+04
9.800000000000000000e+01 1.859400000000000000e+04
8.200000000000000000e+01 1.859450000000000000e+04
9.000000000000000000e+01 1.859445000000000073e+04
1.300000000000000000e+02 1.859445000000000073e+04
1.140000000000000000e+02 1.866615000000000146e+04
1.460000000000000000e+02 1.868754999999999927e+04
1.540000000000000000e+02 1.875840000000000146e+04
9.000000000000000000e+01 1.876210000000000218e+04
1.140000000000000000e+02 1.885450000000000000e+04
1.300000000000000000e+02 1.892779999999999927e+04
1.380000000000000000e+02 1.895360000000000218e+04
1.460000000000000000e+02 1.897240000000000146e+04
9.000000000000000000e+01 1.904854999999999927e+04
1.220000000000000000e+02 1.906835000000000218e+04
1.300000000000000000e+02 1.911385000000000218e+04
9.000000000000000000e+01 1.937545000000000073e+04
1.220000000000000000e+02 1.952735000000000218e+04
9.000000000000000000e+01 1.958875000000000000e+04
1.380000000000000000e+02 1.962895000000000073e+04
1.460000000000000000e+02 1.964235000000000218e+04
9.800000000000000000e+01 1.967879999999999927e+04
1.460000000000000000e+02 1.971190000000000146e+04
1.460000000000000000e+02 1.989560000000000218e+04
1.460000000000000000e+02 2.018779999999999927e+04
9.800000000000000000e+01 2.148615000000000146e+04
1.140000000000000000e+02 2.194845000000000073e+04
1.060000000000000000e+02 2.202495000000000073e+04
1.140000000000000000e+02 2.221029999999999927e+04
1.220000000000000000e+02 2.225504999999999927e+04
1.060000000000000000e+02 2.240295000000000073e+04
1.220000000000000000e+02 2.247320000000000073e+04
9.800000000000000000e+01 2.247415000000000146e+04
8.200000000000000000e+01 2.247570000000000073e+04
1.540000000000000000e+02 2.247640000000000146e+04
9.000000000000000000e+01 2.247670000000000073e+04
1.300000000000000000e+02 2.247675000000000000e+04
1.380000000000000000e+02 2.247715000000000146e+04
1.060000000000000000e+02 2.247729999999999927e+04
1.140000000000000000e+02 2.247725000000000000e+04
1.460000000000000000e+02 2.247754999999999927e+04
9.000000000000000000e+01 2.257285000000000218e+04
1.140000000000000000e+02 2.258090000000000146e+04
8.200000000000000000e+01 2.258100000000000000e+04
1.460000000000000000e+02 2.258370000000000073e+04
1.540000000000000000e+02 2.258400000000000000e+04
1.380000000000000000e+02 2.258415000000000146e+04
1.220000000000000000e+02 2.258465000000000146e+04
1.300000000000000000e+02 2.258575000000000000e+04
9.800000000000000000e+01 2.258665000000000146e+04
1.060000000000000000e+02 2.258675000000000000e+04
1.540000000000000000e+02 2.276345000000000073e+04
9.800000000000000000e+01 2.284070000000000073e+04
1.460000000000000000e+02 2.285395000000000073e+04
1.460000000000000000e+02 2.296925000000000000e+04
1.060000000000000000e+02 2.298785000000000218e+04
1.300000000000000000e+02 2.299275000000000000e+04
9.800000000000000000e+01 2.299435000000000218e+04
1.540000000000000000e+02 2.299445000000000073e+04
1.140000000000000000e+02 2.299504999999999927e+04
8.200000000000000000e+01 2.299529999999999927e+04
1.220000000000000000e+02 2.299550000000000000e+04
1.380000000000000000e+02 2.299590000000000146e+04
9.000000000000000000e+01 2.299620000000000073e+04
1.460000000000000000e+02 2.299635000000000218e+04
8.300000000000000000e+01 3.271000000000000227e+02
1.070000000000000000e+02 8.555000000000000000e+02
9.100000000000000000e+01 9.468999999999999773e+02
1.550000000000000000e+02 1.069549999999999955e+03
1.230000000000000000e+02 1.184600000000000136e+03
9.100000000000000000e+01 1.781100000000000136e+03
1.310000000000000000e+02 1.794049999999999955e+03
1.550000000000000000e+02 2.007799999999999955e+03
8.300000000000000000e+01 2.120949999999999818e+03
1.230000000000000000e+02 2.140000000000000000e+03
1.310000000000000000e+02 2.246700000000000273e+03
1.070000000000000000e+02 2.860900000000000091e+03
1.230000000000000000e+02 3.117500000000000000e+03
1.070000000000000000e+02 3.677900000000000091e+03
8.300000000000000000e+01 5.198900000000000546e+03
9.900000000000000000e+01 6.062199999999999818e+03
1.550000000000000000e+02 6.080050000000000182e+03
1.070000000000000000e+02 6.100800000000000182e+03
1.390000000000000000e+02 6.345150000000000546e+03
9.900000000000000000e+01 6.596100000000000364e+03
1.550000000000000000e+02 6.743600000000000364e+03
1.310000000000000000e+02 6.768699999999999818e+03
1.390000000000000000e+02 6.825000000000000000e+03
1.070000000000000000e+02 7.006850000000000364e+03
8.300000000000000000e+01 7.013000000000000000e+03
9.100000000000000000e+01 7.019750000000000000e+03
1.230000000000000000e+02 7.020900000000000546e+03
1.150000000000000000e+02 7.024699999999999818e+03
1.310000000000000000e+02 7.039600000000000364e+03
1.390000000000000000e+02 7.053500000000000000e+03
1.470000000000000000e+02 7.057400000000000546e+03
1.550000000000000000e+02 7.059400000000000546e+03
1.070000000000000000e+02 7.063350000000000364e+03
1.150000000000000000e+02 7.074750000000000000e+03
9.900000000000000000e+01 7.079550000000000182e+03
9.100000000000000000e+01 7.091650000000000546e+03
8.300000000000000000e+01 7.106300000000000182e+03
1.470000000000000000e+02 7.128750000000000000e+03
1.550000000000000000e+02 7.130250000000000000e+03
1.310000000000000000e+02 7.130850000000000364e+03
9.900000000000000000e+01 7.132050000000000182e+03
1.150000000000000000e+02 7.143750000000000000e+03
1.070000000000000000e+02 7.146900000000000546e+03
1.230000000000000000e+02 7.152449999999999818e+03
8.300000000000000000e+01 7.165550000000000182e+03
1.470000000000000000e+02 7.187449999999999818e+03
1.310000000000000000e+02 7.198949999999999818e+03
1.230000000000000000e+02 7.205449999999999818e+03
1.390000000000000000e+02 7.205900000000000546e+03
1.070000000000000000e+02 7.208400000000000546e+03
9.900000000000000000e+01 7.223800000000000182e+03
1.550000000000000000e+02 7.225400000000000546e+03
1.470000000000000000e+02 7.234500000000000000e+03
1.390000000000000000e+02 7.252650000000000546e+03
1.310000000000000000e+02 7.254400000000000546e+03
1.230000000000000000e+02 7.258949999999999818e+03
1.550000000000000000e+02 7.261050000000000182e+03
9.100000000000000000e+01 7.278199999999999818e+03
9.900000000000000000e+01 7.284850000000000364e+03
8.300000000000000000e+01 7.289400000000000546e+03
1.550000000000000000e+02 7.297150000000000546e+03
1.390000000000000000e+02 7.299449999999999818e+03
1.230000000000000000e+02 7.308699999999999818e+03
1.310000000000000000e+02 7.312400000000000546e+03
8.300000000000000000e+01 7.340500000000000000e+03
9.100000000000000000e+01 7.341100000000000364e+03
1.550000000000000000e+02 7.342750000000000000e+03
1.470000000000000000e+02 7.345449999999999818e+03
1.310000000000000000e+02 7.347000000000000000e+03
9.900000000000000000e+01 7.351199999999999818e+03
1.070000000000000000e+02 7.352650000000000546e+03
1.150000000000000000e+02 7.363000000000000000e+03
1.390000000000000000e+02 7.372400000000000546e+03
1.230000000000000000e+02 7.386300000000000182e+03
9.900000000000000000e+01 7.387900000000000546e+03
1.310000000000000000e+02 7.392699999999999818e+03
9.100000000000000000e+01 7.402600000000000364e+03
1.150000000000000000e+02 7.411150000000000546e+03
8.300000000000000000e+01 7.416550000000000182e+03
1.310000000000000000e+02 7.438199999999999818e+03
1.550000000000000000e+02 7.438400000000000546e+03
1.070000000000000000e+02 7.446750000000000000e+03
9.100000000000000000e+01 7.450250000000000000e+03
9.900000000000000000e+01 7.452150000000000546e+03
1.470000000000000000e+02 7.464350000000000364e+03
1.230000000000000000e+02 7.465550000000000182e+03
1.070000000000000000e+02 7.477350000000000364e+03
1.390000000000000000e+02 7.477800000000000182e+03
1.550000000000000000e+02 7.488449999999999818e+03
1.150000000000000000e+02 7.509199999999999818e+03
1.230000000000000000e+02 7.519650000000000546e+03
9.900000000000000000e+01 7.522500000000000000e+03
9.100000000000000000e+01 7.528600000000000364e+03
1.550000000000000000e+02 7.536150000000000546e+03
8.300000000000000000e+01 7.540300000000000182e+03
1.070000000000000000e+02 7.542000000000000000e+03
1.390000000000000000e+02 7.542000000000000000e+03
1.470000000000000000e+02 7.543949999999999818e+03
1.230000000000000000e+02 7.564500000000000000e+03
1.550000000000000000e+02 7.571600000000000364e+03
1.150000000000000000e+02 7.573900000000000546e+03
9.100000000000000000e+01 7.586199999999999818e+03
1.470000000000000000e+02 7.586800000000000182e+03
1.390000000000000000e+02 7.600000000000000000e+03
1.310000000000000000e+02 7.601300000000000182e+03
1.550000000000000000e+02 7.610699999999999818e+03
1.070000000000000000e+02 7.611199999999999818e+03
1.230000000000000000e+02 7.616550000000000182e+03
1.470000000000000000e+02 7.625449999999999818e+03
9.900000000000000000e+01 7.625650000000000546e+03
9.100000000000000000e+01 7.630500000000000000e+03
1.150000000000000000e+02 7.632850000000000364e+03
1.070000000000000000e+02 7.639900000000000546e+03
1.550000000000000000e+02 7.650449999999999818e+03
8.300000000000000000e+01 7.651300000000000182e+03
9.100000000000000000e+01 7.663350000000000364e+03
1.230000000000000000e+02 7.663550000000000182e+03
1.390000000000000000e+02 7.666199999999999818e+03
1.150000000000000000e+02 7.674500000000000000e+03
1.470000000000000000e+02 7.687750000000000000e+03
1.390000000000000000e+02 7.700600000000000364e+03
9.900000000000000000e+01 7.705750000000000000e+03
9.100000000000000000e+01 7.713199999999999818e+03
8.300000000000000000e+01 7.714550000000000182e+03
1.070000000000000000e+02 7.718850000000000364e+03
1.550000000000000000e+02 7.719000000000000000e+03
1.150000000000000000e+02 7.740750000000000000e+03
1.070000000000000000e+02 7.746100000000000364e+03
8.300000000000000000e+01 7.748150000000000546e+03
9.900000000000000000e+01 7.752550000000000182e+03
1.390000000000000000e+02 7.755300000000000182e+03
1.230000000000000000e+02 7.760800000000000182e+03
1.550000000000000000e+02 7.769600000000000364e+03
1.470000000000000000e+02 7.773100000000000364e+03
1.550000000000000000e+02 7.790600000000000364e+03
8.300000000000000000e+01 7.791750000000000000e+03
9.100000000000000000e+01 7.793050000000000182e+03
1.070000000000000000e+02 7.795550000000000182e+03
1.150000000000000000e+02 7.798300000000000182e+03
9.900000000000000000e+01 7.807550000000000182e+03
1.470000000000000000e+02 7.811800000000000182e+03
1.390000000000000000e+02 7.825500000000000000e+03
1.230000000000000000e+02 7.835050000000000182e+03
1.150000000000000000e+02 7.843699999999999818e+03
1.070000000000000000e+02 7.846000000000000000e+03
8.300000000000000000e+01 7.858000000000000000e+03
1.310000000000000000e+02 7.858449999999999818e+03
1.470000000000000000e+02 7.870800000000000182e+03
1.070000000000000000e+02 7.877100000000000364e+03
1.390000000000000000e+02 7.880550000000000182e+03
9.900000000000000000e+01 7.884750000000000000e+03
1.150000000000000000e+02 7.889550000000000182e+03
1.230000000000000000e+02 7.894449999999999818e+03
1.550000000000000000e+02 7.901400000000000546e+03
1.470000000000000000e+02 7.909449999999999818e+03
1.070000000000000000e+02 7.909949999999999818e+03
9.100000000000000000e+01 7.913250000000000000e+03
9.900000000000000000e+01 7.914550000000000182e+03
1.390000000000000000e+02 7.924949999999999818e+03
1.310000000000000000e+02 7.939000000000000000e+03
1.470000000000000000e+02 7.943949999999999818e+03
1.550000000000000000e+02 7.946100000000000364e+03
1.150000000000000000e+02 7.946199999999999818e+03
8.300000000000000000e+01 7.946650000000000546e+03
9.900000000000000000e+01 7.946750000000000000e+03
9.100000000000000000e+01 7.961199999999999818e+03
1.230000000000000000e+02 7.966050000000000182e+03
1.470000000000000000e+02 7.968000000000000000e+03
1.550000000000000000e+02 7.979250000000000000e+03
9.900000000000000000e+01 7.984850000000000364e+03
1.390000000000000000e+02 7.986850000000000364e+03
1.230000000000000000e+02 8.000400000000000546e+03
1.310000000000000000e+02 8.003000000000000000e+03
9.100000000000000000e+01 8.007100000000000364e+03
1.150000000000000000e+02 8.010050000000000182e+03
8.300000000000000000e+01 8.011199999999999818e+03
1.470000000000000000e+02 8.015050000000000182e+03
1.070000000000000000e+02 8.015400000000000546e+03
1.390000000000000000e+02 8.027100000000000364e+03
9.900000000000000000e+01 8.036600000000000364e+03
9.100000000000000000e+01 8.041150000000000546e+03
1.150000000000000000e+02 8.047949999999999818e+03
1.310000000000000000e+02 8.050350000000000364e+03
8.300000000000000000e+01 8.050800000000000182e+03
1.070000000000000000e+02 8.056050000000000182e+03
1.550000000000000000e+02 8.060800000000000182e+03
1.390000000000000000e+02 8.070800000000000182e+03
9.900000000000000000e+01 8.071650000000000546e+03
1.230000000000000000e+02 8.071949999999999818e+03
1.470000000000000000e+02 8.072750000000000000e+03
1.070000000000000000e+02 8.094300000000000182e+03
8.300000000000000000e+01 8.099199999999999818e+03
9.100000000000000000e+01 8.103550000000000182e+03
9.900000000000000000e+01 8.107600000000000364e+03
1.470000000000000000e+02 8.110949999999999818e+03
1.390000000000000000e+02 8.116500000000000000e+03
1.550000000000000000e+02 8.118500000000000000e+03
1.150000000000000000e+02 8.132050000000000182e+03
1.310000000000000000e+02 8.135150000000000546e+03
1.070000000000000000e+02 8.140350000000000364e+03
1.230000000000000000e+02 8.142699999999999818e+03
1.550000000000000000e+02 8.146199999999999818e+03
9.900000000000000000e+01 8.147000000000000000e+03
8.300000000000000000e+01 8.152949999999999818e+03
9.100000000000000000e+01 8.164750000000000000e+03
1.470000000000000000e+02 8.168150000000000546e+03
9.900000000000000000e+01 8.174000000000000000e+03
8.300000000000000000e+01 8.186949999999999818e+03
1.310000000000000000e+02 8.187500000000000000e+03
1.150000000000000000e+02 8.188850000000000364e+03
1.230000000000000000e+02 8.197250000000000000e+03
1.070000000000000000e+02 8.197399999999999636e+03
1.470000000000000000e+02 8.199399999999999636e+03
9.100000000000000000e+01 8.202299999999999272e+03
1.550000000000000000e+02 8.206500000000000000e+03
1.390000000000000000e+02 8.230850000000000364e+03
9.900000000000000000e+01 8.230950000000000728e+03
1.150000000000000000e+02 8.231450000000000728e+03
1.310000000000000000e+02 8.234250000000000000e+03
1.230000000000000000e+02 8.234899999999999636e+03
1.070000000000000000e+02 8.248549999999999272e+03
8.300000000000000000e+01 8.249600000000000364e+03
9.100000000000000000e+01 8.255350000000000364e+03
1.470000000000000000e+02 8.257299999999999272e+03
1.390000000000000000e+02 8.262100000000000364e+03
1.230000000000000000e+02 8.264450000000000728e+03
1.150000000000000000e+02 8.271399999999999636e+03
1.070000000000000000e+02 8.276049999999999272e+03
1.310000000000000000e+02 8.276299999999999272e+03
1.550000000000000000e+02 8.277450000000000728e+03
8.300000000000000000e+01 8.291750000000000000e+03
9.100000000000000000e+01 8.295149999999999636e+03
1.150000000000000000e+02 8.295649999999999636e+03
1.470000000000000000e+02 8.299200000000000728e+03
1.310000000000000000e+02 8.306700000000000728e+03
1.070000000000000000e+02 8.312299999999999272e+03
1.390000000000000000e+02 8.313200000000000728e+03
8.300000000000000000e+01 8.320100000000000364e+03
9.100000000000000000e+01 8.322049999999999272e+03
1.470000000000000000e+02 8.325250000000000000e+03
9.900000000000000000e+01 8.325450000000000728e+03
1.150000000000000000e+02 8.327250000000000000e+03
1.230000000000000000e+02 8.332649999999999636e+03
1.310000000000000000e+02 8.336950000000000728e+03
1.070000000000000000e+02 8.339250000000000000e+03
9.100000000000000000e+01 8.355049999999999272e+03
1.550000000000000000e+02 8.355200000000000728e+03
1.470000000000000000e+02 8.357350000000000364e+03
1.390000000000000000e+02 8.358149999999999636e+03
1.150000000000000000e+02 8.361399999999999636e+03
9.900000000000000000e+01 8.364149999999999636e+03
8.300000000000000000e+01 8.365399999999999636e+03
1.310000000000000000e+02 8.383350000000000364e+03
1.230000000000000000e+02 8.392200000000000728e+03
1.070000000000000000e+02 8.393750000000000000e+03
9.900000000000000000e+01 8.397350000000000364e+03
1.470000000000000000e+02 8.397600000000000364e+03
1.150000000000000000e+02 8.402649999999999636e+03
9.100000000000000000e+01 8.404950000000000728e+03
8.300000000000000000e+01 8.411549999999999272e+03
1.390000000000000000e+02 8.417649999999999636e+03
1.470000000000000000e+02 8.419950000000000728e+03
1.070000000000000000e+02 8.430500000000000000e+03
1.550000000000000000e+02 8.431049999999999272e+03
1.230000000000000000e+02 8.434649999999999636e+03
1.150000000000000000e+02 8.438950000000000728e+03
8.300000000000000000e+01 8.441149999999999636e+03
9.100000000000000000e+01 8.441850000000000364e+03
9.900000000000000000e+01 8.443149999999999636e+03
1.310000000000000000e+02 8.452899999999999636e+03
1.470000000000000000e+02 8.454049999999999272e+03
1.070000000000000000e+02 8.466950000000000728e+03
9.100000000000000000e+01 8.467200000000000728e+03
1.230000000000000000e+02 8.468850000000000364e+03
1.550000000000000000e+02 8.469350000000000364e+03
1.390000000000000000e+02 8.469950000000000728e+03
9.900000000000000000e+01 8.476799999999999272e+03
1.150000000000000000e+02 8.480600000000000364e+03
8.300000000000000000e+01 8.486000000000000000e+03
1.470000000000000000e+02 8.495299999999999272e+03
1.310000000000000000e+02 8.501799999999999272e+03
1.070000000000000000e+02 8.503649999999999636e+03
1.550000000000000000e+02 8.504299999999999272e+03
9.900000000000000000e+01 8.511000000000000000e+03
1.150000000000000000e+02 8.511750000000000000e+03
8.300000000000000000e+01 8.522750000000000000e+03
1.470000000000000000e+02 8.533500000000000000e+03
1.230000000000000000e+02 8.533899999999999636e+03
1.390000000000000000e+02 8.533899999999999636e+03
1.550000000000000000e+02 8.541350000000000364e+03
1.150000000000000000e+02 8.542799999999999272e+03
9.100000000000000000e+01 8.548600000000000364e+03
1.070000000000000000e+02 8.554149999999999636e+03
9.900000000000000000e+01 8.558549999999999272e+03
1.310000000000000000e+02 8.559450000000000728e+03
8.300000000000000000e+01 8.560500000000000000e+03
1.230000000000000000e+02 8.568000000000000000e+03
1.550000000000000000e+02 8.573649999999999636e+03
1.070000000000000000e+02 8.577649999999999636e+03
1.390000000000000000e+02 8.581200000000000728e+03
9.900000000000000000e+01 8.585450000000000728e+03
1.150000000000000000e+02 8.585500000000000000e+03
1.470000000000000000e+02 8.589500000000000000e+03
1.230000000000000000e+02 8.601750000000000000e+03
8.300000000000000000e+01 8.606250000000000000e+03
1.070000000000000000e+02 8.618200000000000728e+03
9.900000000000000000e+01 8.618399999999999636e+03
1.550000000000000000e+02 8.618399999999999636e+03
1.310000000000000000e+02 8.619450000000000728e+03
9.100000000000000000e+01 8.619600000000000364e+03
1.470000000000000000e+02 8.619899999999999636e+03
1.150000000000000000e+02 8.621200000000000728e+03
1.390000000000000000e+02 8.622350000000000364e+03
8.300000000000000000e+01 8.650549999999999272e+03
1.310000000000000000e+02 8.652049999999999272e+03
1.150000000000000000e+02 8.653399999999999636e+03
1.230000000000000000e+02 8.654899999999999636e+03
1.470000000000000000e+02 8.654899999999999636e+03
9.900000000000000000e+01 8.656500000000000000e+03
1.070000000000000000e+02 8.658100000000000364e+03
1.550000000000000000e+02 8.659149999999999636e+03
9.100000000000000000e+01 8.660799999999999272e+03
1.390000000000000000e+02 8.668600000000000364e+03
1.310000000000000000e+02 8.685399999999999636e+03
1.550000000000000000e+02 8.690850000000000364e+03
1.230000000000000000e+02 8.691399999999999636e+03
9.900000000000000000e+01 8.692950000000000728e+03
1.070000000000000000e+02 8.692950000000000728e+03
8.300000000000000000e+01 8.698850000000000364e+03
1.390000000000000000e+02 8.706250000000000000e+03
1.470000000000000000e+02 8.707649999999999636e+03
1.070000000000000000e+02 8.719399999999999636e+03
1.550000000000000000e+02 8.720899999999999636e+03
1.230000000000000000e+02 8.723600000000000364e+03
9.100000000000000000e+01 8.723700000000000728e+03
9.900000000000000000e+01 8.724500000000000000e+03
1.150000000000000000e+02 8.725799999999999272e+03
1.470000000000000000e+02 8.725850000000000364e+03
8.300000000000000000e+01 8.730950000000000728e+03
1.310000000000000000e+02 8.731850000000000364e+03
1.390000000000000000e+02 8.754149999999999636e+03
1.550000000000000000e+02 8.755200000000000728e+03
1.070000000000000000e+02 8.755250000000000000e+03
1.470000000000000000e+02 8.755500000000000000e+03
1.230000000000000000e+02 8.756100000000000364e+03
1.150000000000000000e+02 8.760600000000000364e+03
9.900000000000000000e+01 8.760850000000000364e+03
8.300000000000000000e+01 8.767500000000000000e+03
9.100000000000000000e+01 8.771899999999999636e+03
1.230000000000000000e+02 8.793649999999999636e+03
9.100000000000000000e+01 8.794200000000000728e+03
1.470000000000000000e+02 8.796500000000000000e+03
1.070000000000000000e+02 8.797450000000000728e+03
1.150000000000000000e+02 8.797850000000000364e+03
9.900000000000000000e+01 8.798399999999999636e+03
1.550000000000000000e+02 8.798399999999999636e+03
1.310000000000000000e+02 8.799399999999999636e+03
1.390000000000000000e+02 8.800399999999999636e+03
8.300000000000000000e+01 8.801450000000000728e+03
1.070000000000000000e+02 8.829050000000001091e+03
1.470000000000000000e+02 8.830450000000000728e+03
1.550000000000000000e+02 8.831350000000000364e+03
9.900000000000000000e+01 8.833399999999999636e+03
8.300000000000000000e+01 8.833700000000000728e+03
1.310000000000000000e+02 8.834500000000000000e+03
1.150000000000000000e+02 8.836200000000000728e+03
9.100000000000000000e+01 8.837700000000000728e+03
1.230000000000000000e+02 8.839200000000000728e+03
1.470000000000000000e+02 8.866550000000001091e+03
1.070000000000000000e+02 8.866850000000000364e+03
9.900000000000000000e+01 8.869649999999999636e+03
8.300000000000000000e+01 8.869850000000000364e+03
1.310000000000000000e+02 8.871399999999999636e+03
1.230000000000000000e+02 8.871450000000000728e+03
1.550000000000000000e+02 8.871450000000000728e+03
1.150000000000000000e+02 8.872350000000000364e+03
9.100000000000000000e+01 8.872500000000000000e+03
1.390000000000000000e+02 8.873600000000000364e+03
1.070000000000000000e+02 8.901350000000000364e+03
1.390000000000000000e+02 8.901500000000000000e+03
9.900000000000000000e+01 8.901950000000000728e+03
1.550000000000000000e+02 8.902050000000001091e+03
1.150000000000000000e+02 8.902700000000000728e+03
8.300000000000000000e+01 8.903550000000001091e+03
9.100000000000000000e+01 8.903750000000000000e+03
1.230000000000000000e+02 8.904200000000000728e+03
1.310000000000000000e+02 8.906450000000000728e+03
1.470000000000000000e+02 8.906500000000000000e+03
1.070000000000000000e+02 8.930250000000000000e+03
9.100000000000000000e+01 8.936850000000000364e+03
8.300000000000000000e+01 8.940800000000001091e+03
1.470000000000000000e+02 8.940850000000000364e+03
1.230000000000000000e+02 8.942300000000001091e+03
1.390000000000000000e+02 8.942250000000000000e+03
1.150000000000000000e+02 8.942399999999999636e+03
1.550000000000000000e+02 8.944399999999999636e+03
1.310000000000000000e+02 8.944550000000001091e+03
9.900000000000000000e+01 8.945700000000000728e+03
9.100000000000000000e+01 8.974450000000000728e+03
1.150000000000000000e+02 8.977850000000000364e+03
8.300000000000000000e+01 8.979250000000000000e+03
1.390000000000000000e+02 8.979649999999999636e+03
1.310000000000000000e+02 8.980000000000000000e+03
1.550000000000000000e+02 8.980899999999999636e+03
1.230000000000000000e+02 8.981200000000000728e+03
9.900000000000000000e+01 8.981350000000000364e+03
1.470000000000000000e+02 8.981600000000000364e+03
1.070000000000000000e+02 8.982399999999999636e+03
1.470000000000000000e+02 9.017500000000000000e+03
8.300000000000000000e+01 9.018149999999999636e+03
1.150000000000000000e+02 9.018850000000000364e+03
9.900000000000000000e+01 9.019000000000000000e+03
9.100000000000000000e+01 9.019100000000000364e+03
1.390000000000000000e+02 9.019050000000001091e+03
1.230000000000000000e+02 9.019649999999999636e+03
1.310000000000000000e+02 9.020250000000000000e+03
1.550000000000000000e+02 9.020750000000000000e+03
1.070000000000000000e+02 9.020950000000000728e+03
1.310000000000000000e+02 9.054550000000001091e+03
1.230000000000000000e+02 9.055350000000000364e+03
1.550000000000000000e+02 9.056000000000000000e+03
1.070000000000000000e+02 9.056100000000000364e+03
9.900000000000000000e+01 9.056300000000001091e+03
9.100000000000000000e+01 9.056350000000000364e+03
1.150000000000000000e+02 9.057399999999999636e+03
1.470000000000000000e+02 9.057350000000000364e+03
8.300000000000000000e+01 9.058000000000000000e+03
1.390000000000000000e+02 9.057950000000000728e+03
9.900000000000000000e+01 9.091300000000001091e+03
9.100000000000000000e+01 9.091350000000000364e+03
1.310000000000000000e+02 9.091399999999999636e+03
1.070000000000000000e+02 9.092649999999999636e+03
1.150000000000000000e+02 9.093350000000000364e+03
1.550000000000000000e+02 9.093600000000000364e+03
1.470000000000000000e+02 9.094100000000000364e+03
1.230000000000000000e+02 9.094149999999999636e+03
8.300000000000000000e+01 9.094300000000001091e+03
1.390000000000000000e+02 9.095300000000001091e+03
1.470000000000000000e+02 9.120450000000000728e+03
1.390000000000000000e+02 9.124200000000000728e+03
1.150000000000000000e+02 9.125100000000000364e+03
9.900000000000000000e+01 9.125450000000000728e+03
1.230000000000000000e+02 9.125550000000001091e+03
1.550000000000000000e+02 9.125850000000000364e+03
9.100000000000000000e+01 9.126200000000000728e+03
1.310000000000000000e+02 9.126200000000000728e+03
1.070000000000000000e+02 9.126600000000000364e+03
8.300000000000000000e+01 9.126800000000001091e+03
1.470000000000000000e+02 9.149149999999999636e+03
1.150000000000000000e+02 9.153050000000001091e+03
9.900000000000000000e+01 9.155600000000000364e+03
1.310000000000000000e+02 9.155550000000001091e+03
1.070000000000000000e+02 9.157700000000000728e+03
1.390000000000000000e+02 9.158100000000000364e+03
8.300000000000000000e+01 9.158200000000000728e+03
1.230000000000000000e+02 9.158850000000000364e+03
1.550000000000000000e+02 9.159550000000001091e+03
9.100000000000000000e+01 9.160550000000001091e+03
1.070000000000000000e+02 9.188800000000001091e+03
8.300000000000000000e+01 9.189950000000000728e+03
1.310000000000000000e+02 9.191399999999999636e+03
1.470000000000000000e+02 9.191399999999999636e+03
1.550000000000000000e+02 9.192500000000000000e+03
1.230000000000000000e+02 9.193000000000000000e+03
9.900000000000000000e+01 9.193399999999999636e+03
1.390000000000000000e+02 9.193850000000000364e+03
1.150000000000000000e+02 9.194200000000000728e+03
9.100000000000000000e+01 9.194399999999999636e+03
8.300000000000000000e+01 9.220800000000001091e+03
9.100000000000000000e+01 9.223350000000000364e+03
1.070000000000000000e+02 9.225200000000000728e+03
1.310000000000000000e+02 9.225350000000000364e+03
1.550000000000000000e+02 9.225800000000001091e+03
1.230000000000000000e+02 9.225850000000000364e+03
1.390000000000000000e+02 9.226100000000000364e+03
1.470000000000000000e+02 9.226050000000001091e+03
1.150000000000000000e+02 9.226850000000000364e+03
9.900000000000000000e+01 9.228700000000000728e+03
8.300000000000000000e+01 9.246950000000000728e+03
1.070000000000000000e+02 9.253750000000000000e+03
1.550000000000000000e+02 9.256250000000000000e+03
9.100000000000000000e+01 9.258450000000000728e+03
1.310000000000000000e+02 9.259100000000000364e+03
1.230000000000000000e+02 9.259350000000000364e+03
9.900000000000000000e+01 9.260800000000001091e+03
1.470000000000000000e+02 9.260750000000000000e+03
1.150000000000000000e+02 9.261149999999999636e+03
1.390000000000000000e+02 9.261649999999999636e+03
8.300000000000000000e+01 9.265200000000000728e+03
9.900000000000000000e+01 9.287050000000001091e+03
1.150000000000000000e+02 9.292050000000001091e+03
1.310000000000000000e+02 9.293100000000000364e+03
9.100000000000000000e+01 9.295450000000000728e+03
1.070000000000000000e+02 9.295649999999999636e+03
1.390000000000000000e+02 9.295850000000000364e+03
1.470000000000000000e+02 9.296200000000000728e+03
1.550000000000000000e+02 9.296600000000000364e+03
8.300000000000000000e+01 9.297250000000000000e+03
1.230000000000000000e+02 9.297649999999999636e+03
9.900000000000000000e+01 9.299750000000000000e+03
1.230000000000000000e+02 9.323550000000001091e+03
1.470000000000000000e+02 9.323950000000000728e+03
9.100000000000000000e+01 9.324500000000000000e+03
8.300000000000000000e+01 9.324700000000000728e+03
1.070000000000000000e+02 9.324700000000000728e+03
1.310000000000000000e+02 9.324700000000000728e+03
1.550000000000000000e+02 9.325600000000000364e+03
1.150000000000000000e+02 9.325649999999999636e+03
1.390000000000000000e+02 9.326800000000001091e+03
9.900000000000000000e+01 9.327350000000000364e+03
8.300000000000000000e+01 9.352550000000001091e+03
1.150000000000000000e+02 9.355050000000001091e+03
1.550000000000000000e+02 9.355550000000001091e+03
1.230000000000000000e+02 9.356600000000000364e+03
1.390000000000000000e+02 9.357050000000001091e+03
1.310000000000000000e+02 9.357950000000000728e+03
9.900000000000000000e+01 9.358149999999999636e+03
1.070000000000000000e+02 9.359450000000000728e+03
1.470000000000000000e+02 9.360350000000000364e+03
9.100000000000000000e+01 9.360550000000001091e+03
8.300000000000000000e+01 9.369899999999999636e+03
1.390000000000000000e+02 9.387250000000000000e+03
9.900000000000000000e+01 9.392300000000001091e+03
1.550000000000000000e+02 9.392399999999999636e+03
1.310000000000000000e+02 9.393100000000000364e+03
1.230000000000000000e+02 9.393250000000000000e+03
1.150000000000000000e+02 9.394250000000000000e+03
9.100000000000000000e+01 9.395300000000001091e+03
1.470000000000000000e+02 9.395399999999999636e+03
8.300000000000000000e+01 9.395800000000001091e+03
1.070000000000000000e+02 9.396100000000000364e+03
1.150000000000000000e+02 9.417450000000000728e+03
1.390000000000000000e+02 9.418450000000000728e+03
1.310000000000000000e+02 9.422350000000000364e+03
1.230000000000000000e+02 9.426200000000000728e+03
8.300000000000000000e+01 9.426750000000000000e+03
1.550000000000000000e+02 9.427350000000000364e+03
9.900000000000000000e+01 9.427550000000001091e+03
9.100000000000000000e+01 9.429200000000000728e+03
1.070000000000000000e+02 9.429500000000000000e+03
1.470000000000000000e+02 9.429550000000001091e+03
1.390000000000000000e+02 9.436450000000000728e+03
1.310000000000000000e+02 9.453550000000001091e+03
1.150000000000000000e+02 9.454800000000001091e+03
1.390000000000000000e+02 9.460149999999999636e+03
9.900000000000000000e+01 9.461000000000000000e+03
1.230000000000000000e+02 9.461850000000000364e+03
9.100000000000000000e+01 9.462600000000000364e+03
1.070000000000000000e+02 9.462800000000001091e+03
1.470000000000000000e+02 9.463050000000001091e+03
1.550000000000000000e+02 9.463149999999999636e+03
8.300000000000000000e+01 9.463550000000001091e+03
1.150000000000000000e+02 9.484250000000000000e+03
9.900000000000000000e+01 9.484950000000000728e+03
1.310000000000000000e+02 9.486000000000000000e+03
1.390000000000000000e+02 9.492899999999999636e+03
9.100000000000000000e+01 9.492950000000000728e+03
1.470000000000000000e+02 9.492950000000000728e+03
1.070000000000000000e+02 9.493450000000000728e+03
1.550000000000000000e+02 9.493649999999999636e+03
1.230000000000000000e+02 9.494100000000000364e+03
8.300000000000000000e+01 9.494700000000000728e+03
1.310000000000000000e+02 9.519350000000000364e+03
1.230000000000000000e+02 9.520450000000000728e+03
9.100000000000000000e+01 9.520950000000000728e+03
1.150000000000000000e+02 9.521450000000000728e+03
1.470000000000000000e+02 9.523200000000000728e+03
9.900000000000000000e+01 9.523250000000000000e+03
1.390000000000000000e+02 9.523899999999999636e+03
1.550000000000000000e+02 9.523950000000000728e+03
8.300000000000000000e+01 9.524450000000000728e+03
1.070000000000000000e+02 9.525100000000000364e+03
9.100000000000000000e+01 9.545950000000000728e+03
1.550000000000000000e+02 9.546399999999999636e+03
1.230000000000000000e+02 9.546649999999999636e+03
9.900000000000000000e+01 9.547100000000000364e+03
1.150000000000000000e+02 9.548750000000000000e+03
8.300000000000000000e+01 9.552000000000000000e+03
1.470000000000000000e+02 9.552100000000000364e+03
1.070000000000000000e+02 9.553000000000000000e+03
1.390000000000000000e+02 9.553399999999999636e+03
1.310000000000000000e+02 9.555200000000000728e+03
1.550000000000000000e+02 9.573850000000000364e+03
9.900000000000000000e+01 9.577500000000000000e+03
9.100000000000000000e+01 9.579250000000000000e+03
8.300000000000000000e+01 9.581850000000000364e+03
1.230000000000000000e+02 9.582350000000000364e+03
1.470000000000000000e+02 9.582500000000000000e+03
1.070000000000000000e+02 9.583450000000000728e+03
1.310000000000000000e+02 9.583750000000000000e+03
1.150000000000000000e+02 9.583899999999999636e+03
1.390000000000000000e+02 9.584350000000000364e+03
1.550000000000000000e+02 9.596750000000000000e+03
1.470000000000000000e+02 9.603649999999999636e+03
1.070000000000000000e+02 9.609000000000000000e+03
9.900000000000000000e+01 9.609950000000000728e+03
1.150000000000000000e+02 9.613600000000000364e+03
9.100000000000000000e+01 9.613750000000000000e+03
1.230000000000000000e+02 9.614100000000000364e+03
8.300000000000000000e+01 9.614300000000001091e+03
1.310000000000000000e+02 9.614950000000000728e+03
1.390000000000000000e+02 9.615500000000000000e+03
1.550000000000000000e+02 9.615950000000000728e+03
1.470000000000000000e+02 9.626399999999999636e+03
9.900000000000000000e+01 9.636050000000001091e+03
1.390000000000000000e+02 9.645350000000000364e+03
1.230000000000000000e+02 9.646300000000001091e+03
1.070000000000000000e+02 9.646500000000000000e+03
1.150000000000000000e+02 9.646700000000000728e+03
1.550000000000000000e+02 9.646750000000000000e+03
8.300000000000000000e+01 9.647100000000000364e+03
9.100000000000000000e+01 9.648200000000000728e+03
1.310000000000000000e+02 9.648450000000000728e+03
9.900000000000000000e+01 9.650250000000000000e+03
1.470000000000000000e+02 9.650399999999999636e+03
1.550000000000000000e+02 9.674350000000000364e+03
1.230000000000000000e+02 9.677100000000000364e+03
9.100000000000000000e+01 9.677250000000000000e+03
1.150000000000000000e+02 9.677450000000000728e+03
9.900000000000000000e+01 9.677550000000001091e+03
1.070000000000000000e+02 9.678050000000001091e+03
8.300000000000000000e+01 9.678500000000000000e+03
1.470000000000000000e+02 9.678500000000000000e+03
1.390000000000000000e+02 9.678550000000001091e+03
1.310000000000000000e+02 9.679649999999999636e+03
1.550000000000000000e+02 9.708149999999999636e+03
9.900000000000000000e+01 9.709200000000000728e+03
8.300000000000000000e+01 9.710250000000000000e+03
1.230000000000000000e+02 9.710600000000000364e+03
1.390000000000000000e+02 9.710649999999999636e+03
1.310000000000000000e+02 9.711399999999999636e+03
1.070000000000000000e+02 9.711500000000000000e+03
9.100000000000000000e+01 9.711649999999999636e+03
1.470000000000000000e+02 9.711800000000001091e+03
1.150000000000000000e+02 9.712500000000000000e+03
8.300000000000000000e+01 9.736450000000000728e+03
1.390000000000000000e+02 9.740350000000000364e+03
1.230000000000000000e+02 9.741700000000000728e+03
1.070000000000000000e+02 9.743100000000000364e+03
1.550000000000000000e+02 9.743200000000000728e+03
9.100000000000000000e+01 9.743850000000000364e+03
9.900000000000000000e+01 9.744000000000000000e+03
1.470000000000000000e+02 9.744100000000000364e+03
1.150000000000000000e+02 9.744649999999999636e+03
1.310000000000000000e+02 9.745149999999999636e+03
8.300000000000000000e+01 9.763899999999999636e+03
9.100000000000000000e+01 9.775050000000001091e+03
1.390000000000000000e+02 9.775800000000001091e+03
1.230000000000000000e+02 9.775950000000000728e+03
1.070000000000000000e+02 9.776200000000000728e+03
1.310000000000000000e+02 9.776950000000000728e+03
1.470000000000000000e+02 9.777250000000000000e+03
1.550000000000000000e+02 9.777500000000000000e+03
1.150000000000000000e+02 9.778000000000000000e+03
9.900000000000000000e+01 9.778200000000000728e+03
8.300000000000000000e+01 9.779500000000000000e+03
1.070000000000000000e+02 9.800399999999999636e+03
1.550000000000000000e+02 9.802649999999999636e+03
1.310000000000000000e+02 9.805500000000000000e+03
1.230000000000000000e+02 9.805800000000001091e+03
1.470000000000000000e+02 9.807250000000000000e+03
9.100000000000000000e+01 9.807450000000000728e+03
1.390000000000000000e+02 9.808050000000001091e+03
1.150000000000000000e+02 9.808149999999999636e+03
8.300000000000000000e+01 9.808450000000000728e+03
9.900000000000000000e+01 9.808800000000001091e+03
1.070000000000000000e+02 9.812750000000000000e+03
1.230000000000000000e+02 9.824350000000000364e+03
1.310000000000000000e+02 9.826600000000000364e+03
1.470000000000000000e+02 9.830050000000001091e+03
1.550000000000000000e+02 9.831350000000000364e+03
9.900000000000000000e+01 9.836700000000000728e+03
1.070000000000000000e+02 9.837200000000000728e+03
1.390000000000000000e+02 9.837149999999999636e+03
8.300000000000000000e+01 9.837450000000000728e+03
9.100000000000000000e+01 9.837500000000000000e+03
1.150000000000000000e+02 9.838200000000000728e+03
1.310000000000000000e+02 9.846399999999999636e+03
1.550000000000000000e+02 9.853350000000000364e+03
1.230000000000000000e+02 9.855500000000000000e+03
1.470000000000000000e+02 9.858700000000000728e+03
9.900000000000000000e+01 9.861450000000000728e+03
1.150000000000000000e+02 9.862450000000000728e+03
8.300000000000000000e+01 9.862550000000001091e+03
1.390000000000000000e+02 9.863399999999999636e+03
1.070000000000000000e+02 9.863550000000001091e+03
9.100000000000000000e+01 9.863649999999999636e+03
1.310000000000000000e+02 9.864600000000000364e+03
1.550000000000000000e+02 9.867950000000000728e+03
1.470000000000000000e+02 9.875050000000001091e+03
8.300000000000000000e+01 9.890600000000000364e+03
9.900000000000000000e+01 9.890950000000000728e+03
1.310000000000000000e+02 9.891050000000001091e+03
1.150000000000000000e+02 9.891500000000000000e+03
1.230000000000000000e+02 9.892399999999999636e+03
9.100000000000000000e+01 9.892649999999999636e+03
1.390000000000000000e+02 9.892700000000000728e+03
1.070000000000000000e+02 9.892750000000000000e+03
1.550000000000000000e+02 9.893899999999999636e+03
1.470000000000000000e+02 9.894550000000001091e+03
1.310000000000000000e+02 9.914750000000000000e+03
9.900000000000000000e+01 9.918600000000000364e+03
1.070000000000000000e+02 9.919600000000000364e+03
1.550000000000000000e+02 9.921950000000000728e+03
8.300000000000000000e+01 9.922149999999999636e+03
1.150000000000000000e+02 9.922750000000000000e+03
1.390000000000000000e+02 9.923100000000000364e+03
1.230000000000000000e+02 9.923250000000000000e+03
9.100000000000000000e+01 9.923450000000000728e+03
1.470000000000000000e+02 9.925000000000000000e+03
1.070000000000000000e+02 9.945850000000000364e+03
8.300000000000000000e+01 9.947600000000000364e+03
1.550000000000000000e+02 9.947800000000001091e+03
9.900000000000000000e+01 9.948100000000000364e+03
1.310000000000000000e+02 9.948850000000000364e+03
1.390000000000000000e+02 9.949300000000001091e+03
1.230000000000000000e+02 9.949600000000000364e+03
1.150000000000000000e+02 9.950250000000000000e+03
9.100000000000000000e+01 9.950350000000000364e+03
1.470000000000000000e+02 9.950450000000000728e+03
1.550000000000000000e+02 9.969200000000000728e+03
8.300000000000000000e+01 9.970200000000000728e+03
9.900000000000000000e+01 9.971600000000000364e+03
1.150000000000000000e+02 9.973600000000000364e+03
1.310000000000000000e+02 9.975149999999999636e+03
9.100000000000000000e+01 9.976600000000000364e+03
1.230000000000000000e+02 9.977899999999999636e+03
1.390000000000000000e+02 9.978850000000000364e+03
1.070000000000000000e+02 9.979000000000000000e+03
1.470000000000000000e+02 9.979149999999999636e+03
1.550000000000000000e+02 9.983649999999999636e+03
8.300000000000000000e+01 9.984850000000000364e+03
1.310000000000000000e+02 1.004864999999999964e+04
8.300000000000000000e+01 1.015535000000000036e+04
8.300000000000000000e+01 1.036720000000000073e+04
1.230000000000000000e+02 1.056085000000000036e+04
1.070000000000000000e+02 1.057250000000000000e+04
1.390000000000000000e+02 1.057770000000000073e+04
9.900000000000000000e+01 1.057795000000000073e+04
1.150000000000000000e+02 1.058114999999999964e+04
1.310000000000000000e+02 1.058220000000000073e+04
9.100000000000000000e+01 1.058225000000000000e+04
8.300000000000000000e+01 1.058289999999999964e+04
1.470000000000000000e+02 1.058330000000000109e+04
1.550000000000000000e+02 1.058330000000000109e+04
1.070000000000000000e+02 1.070580000000000109e+04
9.900000000000000000e+01 1.072850000000000000e+04
1.230000000000000000e+02 1.074289999999999964e+04
1.310000000000000000e+02 1.083645000000000073e+04
1.230000000000000000e+02 1.107464999999999964e+04
9.100000000000000000e+01 1.139205000000000109e+04
1.230000000000000000e+02 1.143150000000000000e+04
9.100000000000000000e+01 1.153095000000000073e+04
1.150000000000000000e+02 1.155039999999999964e+04
1.310000000000000000e+02 1.155780000000000109e+04
9.100000000000000000e+01 1.172089999999999964e+04
8.300000000000000000e+01 1.301300000000000000e+04
1.070000000000000000e+02 1.412689999999999964e+04
1.390000000000000000e+02 1.420314999999999964e+04
1.150000000000000000e+02 1.433505000000000109e+04
1.550000000000000000e+02 1.436910000000000036e+04
9.100000000000000000e+01 1.454705000000000109e+04
8.300000000000000000e+01 1.457960000000000036e+04
1.550000000000000000e+02 1.459045000000000073e+04
1.070000000000000000e+02 1.459235000000000036e+04
9.100000000000000000e+01 1.459405000000000109e+04
9.900000000000000000e+01 1.459460000000000036e+04
1.310000000000000000e+02 1.459460000000000036e+04
1.390000000000000000e+02 1.459489999999999964e+04
1.470000000000000000e+02 1.459485000000000036e+04
1.150000000000000000e+02 1.459495000000000073e+04
1.230000000000000000e+02 1.459555000000000109e+04
8.300000000000000000e+01 1.460150000000000000e+04
1.150000000000000000e+02 1.499064999999999964e+04
1.390000000000000000e+02 1.504030000000000109e+04
1.470000000000000000e+02 1.535595000000000073e+04
1.550000000000000000e+02 1.560050000000000000e+04
1.230000000000000000e+02 1.570300000000000000e+04
9.900000000000000000e+01 1.662515000000000146e+04
1.390000000000000000e+02 1.702465000000000146e+04
1.390000000000000000e+02 1.786335000000000218e+04
1.310000000000000000e+02 1.807379999999999927e+04
1.470000000000000000e+02 1.807445000000000073e+04
1.390000000000000000e+02 1.807654999999999927e+04
9.900000000000000000e+01 1.807779999999999927e+04
1.550000000000000000e+02 1.807800000000000000e+04
8.300000000000000000e+01 1.807820000000000073e+04
1.150000000000000000e+02 1.807835000000000218e+04
1.230000000000000000e+02 1.807910000000000218e+04
1.070000000000000000e+02 1.807965000000000146e+04
9.100000000000000000e+01 1.808010000000000218e+04
9.100000000000000000e+01 1.814000000000000000e+04
1.470000000000000000e+02 1.815590000000000146e+04
8.300000000000000000e+01 1.816140000000000146e+04
1.230000000000000000e+02 1.816165000000000146e+04
1.150000000000000000e+02 1.816325000000000000e+04
1.070000000000000000e+02 1.816465000000000146e+04
1.310000000000000000e+02 1.816529999999999927e+04
1.390000000000000000e+02 1.816540000000000146e+04
9.900000000000000000e+01 1.816604999999999927e+04
1.550000000000000000e+02 1.816615000000000146e+04
9.100000000000000000e+01 1.816729999999999927e+04
1.390000000000000000e+02 1.824710000000000218e+04
1.070000000000000000e+02 1.825995000000000073e+04
1.550000000000000000e+02 1.826315000000000146e+04
1.230000000000000000e+02 1.826365000000000146e+04
1.470000000000000000e+02 1.826400000000000000e+04
9.900000000000000000e+01 1.826415000000000146e+04
1.150000000000000000e+02 1.826545000000000073e+04
1.310000000000000000e+02 1.826585000000000218e+04
8.300000000000000000e+01 1.826610000000000218e+04
9.100000000000000000e+01 1.826625000000000000e+04
9.900000000000000000e+01 1.833035000000000218e+04
1.230000000000000000e+02 1.839595000000000073e+04
1.390000000000000000e+02 1.839715000000000146e+04
1.150000000000000000e+02 1.846850000000000000e+04
9.900000000000000000e+01 1.847554999999999927e+04
9.100000000000000000e+01 1.851750000000000000e+04
1.550000000000000000e+02 1.858610000000000218e+04
1.390000000000000000e+02 1.858875000000000000e+04
1.310000000000000000e+02 1.859345000000000073e+04
8.300000000000000000e+01 1.859360000000000218e+04
1.150000000000000000e+02 1.859360000000000218e+04
1.070000000000000000e+02 1.859365000000000146e+04
9.100000000000000000e+01 1.859379999999999927e+04
9.900000000000000000e+01 1.859390000000000146e+04
1.230000000000000000e+02 1.859415000000000146e+04
1.470000000000000000e+02 1.859454999999999927e+04
9.100000000000000000e+01 1.876995000000000073e+04
9.900000000000000000e+01 1.878554999999999927e+04
1.470000000000000000e+02 1.894785000000000218e+04
1.390000000000000000e+02 1.908545000000000073e+04
9.100000000000000000e+01 1.911500000000000000e+04
1.390000000000000000e+02 1.933250000000000000e+04
9.900000000000000000e+01 1.933485000000000218e+04
1.390000000000000000e+02 1.940900000000000000e+04
8.300000000000000000e+01 1.942704999999999927e+04
1.390000000000000000e+02 1.948375000000000000e+04
9.100000000000000000e+01 1.971154999999999927e+04
1.470000000000000000e+02 2.013820000000000073e+04
1.470000000000000000e+02 2.021750000000000000e+04
1.390000000000000000e+02 2.032515000000000146e+04
9.100000000000000000e+01 2.072185000000000218e+04
1.390000000000000000e+02 2.112479999999999927e+04
9.900000000000000000e+01 2.135885000000000218e+04
1.470000000000000000e+02 2.145129999999999927e+04
1.390000000000000000e+02 2.145950000000000000e+04
1.390000000000000000e+02 2.162010000000000218e+04
1.390000000000000000e+02 2.178820000000000073e+04
1.390000000000000000e+02 2.183770000000000073e+04
1.390000000000000000e+02 2.192500000000000000e+04
9.900000000000000000e+01 2.194670000000000073e+04
1.230000000000000000e+02 2.203625000000000000e+04
1.550000000000000000e+02 2.219495000000000073e+04
1.150000000000000000e+02 2.224854999999999927e+04
9.100000000000000000e+01 2.226765000000000146e+04
1.390000000000000000e+02 2.237904999999999927e+04
1.070000000000000000e+02 2.239529999999999927e+04
1.550000000000000000e+02 2.240040000000000146e+04
1.150000000000000000e+02 2.247254999999999927e+04
8.300000000000000000e+01 2.247529999999999927e+04
1.310000000000000000e+02 2.247560000000000218e+04
1.230000000000000000e+02 2.247660000000000218e+04
1.070000000000000000e+02 2.247670000000000073e+04
1.390000000000000000e+02 2.247690000000000146e+04
1.470000000000000000e+02 2.247685000000000218e+04
9.100000000000000000e+01 2.247710000000000218e+04
1.550000000000000000e+02 2.247790000000000146e+04
9.900000000000000000e+01 2.247815000000000146e+04
1.390000000000000000e+02 2.252320000000000073e+04
1.150000000000000000e+02 2.258370000000000073e+04
9.100000000000000000e+01 2.258470000000000073e+04
1.470000000000000000e+02 2.258560000000000218e+04
8.300000000000000000e+01 2.258585000000000218e+04
1.390000000000000000e+02 2.258585000000000218e+04
1.070000000000000000e+02 2.258600000000000000e+04
1.310000000000000000e+02 2.258600000000000000e+04
1.230000000000000000e+02 2.258670000000000073e+04
9.900000000000000000e+01 2.258745000000000073e+04
1.550000000000000000e+02 2.258760000000000218e+04
1.390000000000000000e+02 2.273365000000000146e+04
8.300000000000000000e+01 2.281575000000000000e+04
1.310000000000000000e+02 2.288060000000000218e+04
1.390000000000000000e+02 2.298120000000000073e+04
1.310000000000000000e+02 2.298404999999999927e+04
1.230000000000000000e+02 2.298825000000000000e+04
1.550000000000000000e+02 2.298950000000000000e+04
9.900000000000000000e+01 2.298995000000000073e+04
1.470000000000000000e+02 2.299290000000000146e+04
1.070000000000000000e+02 2.299300000000000000e+04
9.100000000000000000e+01 2.299415000000000146e+04
1.150000000000000000e+02 2.299535000000000218e+04
8.300000000000000000e+01 2.299554999999999927e+04
1.480000000000000000e+02 1.166000000000000085e+02
1.160000000000000000e+02 3.004000000000000341e+02
8.400000000000000000e+01 5.766499999999999773e+02
1.560000000000000000e+02 7.720500000000000682e+02
1.320000000000000000e+02 9.128999999999999773e+02
1.560000000000000000e+02 1.052700000000000045e+03
8.400000000000000000e+01 1.148700000000000045e+03
1.080000000000000000e+02 1.191650000000000091e+03
1.000000000000000000e+02 1.319549999999999955e+03
9.200000000000000000e+01 1.713700000000000045e+03
1.320000000000000000e+02 2.239000000000000000e+03
1.160000000000000000e+02 2.289550000000000182e+03
1.000000000000000000e+02 2.462950000000000273e+03
1.320000000000000000e+02 2.789599999999999909e+03
1.400000000000000000e+02 3.305650000000000091e+03
8.400000000000000000e+01 4.160000000000000000e+03
9.200000000000000000e+01 4.266350000000000364e+03
1.560000000000000000e+02 5.521199999999999818e+03
1.080000000000000000e+02 5.931000000000000000e+03
1.000000000000000000e+02 6.023199999999999818e+03
1.320000000000000000e+02 6.050449999999999818e+03
9.200000000000000000e+01 6.403150000000000546e+03
8.400000000000000000e+01 6.448850000000000364e+03
1.000000000000000000e+02 6.565800000000000182e+03
1.320000000000000000e+02 6.606949999999999818e+03
1.320000000000000000e+02 6.683050000000000182e+03
9.200000000000000000e+01 6.863800000000000182e+03
1.480000000000000000e+02 6.979750000000000000e+03
1.320000000000000000e+02 7.008900000000000546e+03
1.000000000000000000e+02 7.017850000000000364e+03
9.200000000000000000e+01 7.018100000000000364e+03
1.400000000000000000e+02 7.026350000000000364e+03
1.080000000000000000e+02 7.031400000000000546e+03
1.160000000000000000e+02 7.042050000000000182e+03
1.240000000000000000e+02 7.045100000000000364e+03
1.560000000000000000e+02 7.056449999999999818e+03
1.000000000000000000e+02 7.081949999999999818e+03
1.160000000000000000e+02 7.083550000000000182e+03
1.480000000000000000e+02 7.087449999999999818e+03
1.400000000000000000e+02 7.109100000000000364e+03
1.320000000000000000e+02 7.112500000000000000e+03
1.560000000000000000e+02 7.125350000000000364e+03
9.200000000000000000e+01 7.127600000000000364e+03
1.080000000000000000e+02 7.138650000000000546e+03
1.000000000000000000e+02 7.149449999999999818e+03
8.400000000000000000e+01 7.151800000000000182e+03
1.240000000000000000e+02 7.154050000000000182e+03
1.480000000000000000e+02 7.157250000000000000e+03
1.400000000000000000e+02 7.162449999999999818e+03
1.320000000000000000e+02 7.179600000000000364e+03
1.080000000000000000e+02 7.180449999999999818e+03
1.160000000000000000e+02 7.199600000000000364e+03
8.400000000000000000e+01 7.201750000000000000e+03
1.480000000000000000e+02 7.203949999999999818e+03
9.200000000000000000e+01 7.210949999999999818e+03
1.160000000000000000e+02 7.234550000000000182e+03
1.000000000000000000e+02 7.256199999999999818e+03
9.200000000000000000e+01 7.259050000000000182e+03
1.480000000000000000e+02 7.265100000000000364e+03
1.320000000000000000e+02 7.266650000000000546e+03
1.080000000000000000e+02 7.268500000000000000e+03
1.400000000000000000e+02 7.272250000000000000e+03
1.560000000000000000e+02 7.276550000000000182e+03
1.240000000000000000e+02 7.291550000000000182e+03
1.560000000000000000e+02 7.313300000000000182e+03
8.400000000000000000e+01 7.322400000000000546e+03
1.160000000000000000e+02 7.328699999999999818e+03
1.000000000000000000e+02 7.331750000000000000e+03
1.320000000000000000e+02 7.350699999999999818e+03
1.240000000000000000e+02 7.360250000000000000e+03
9.200000000000000000e+01 7.364449999999999818e+03
8.400000000000000000e+01 7.365900000000000546e+03
1.400000000000000000e+02 7.366400000000000546e+03
1.480000000000000000e+02 7.390350000000000364e+03
1.000000000000000000e+02 7.397199999999999818e+03
1.080000000000000000e+02 7.399449999999999818e+03
8.400000000000000000e+01 7.410650000000000546e+03
1.240000000000000000e+02 7.413949999999999818e+03
1.320000000000000000e+02 7.420250000000000000e+03
9.200000000000000000e+01 7.426600000000000364e+03
1.160000000000000000e+02 7.436949999999999818e+03
1.560000000000000000e+02 7.450500000000000000e+03
1.480000000000000000e+02 7.451949999999999818e+03
1.400000000000000000e+02 7.453300000000000182e+03
1.320000000000000000e+02 7.457199999999999818e+03
1.240000000000000000e+02 7.463550000000000182e+03
1.080000000000000000e+02 7.478100000000000364e+03
1.160000000000000000e+02 7.488500000000000000e+03
1.480000000000000000e+02 7.493050000000000182e+03
8.400000000000000000e+01 7.498949999999999818e+03
9.200000000000000000e+01 7.499199999999999818e+03
1.560000000000000000e+02 7.514400000000000546e+03
1.400000000000000000e+02 7.515550000000000182e+03
1.320000000000000000e+02 7.528000000000000000e+03
1.400000000000000000e+02 7.544500000000000000e+03
1.000000000000000000e+02 7.557100000000000364e+03
8.400000000000000000e+01 7.564500000000000000e+03
1.480000000000000000e+02 7.571650000000000546e+03
1.080000000000000000e+02 7.573199999999999818e+03
1.320000000000000000e+02 7.575000000000000000e+03
1.160000000000000000e+02 7.578000000000000000e+03
1.240000000000000000e+02 7.582949999999999818e+03
1.560000000000000000e+02 7.585000000000000000e+03
1.400000000000000000e+02 7.593250000000000000e+03
9.200000000000000000e+01 7.603100000000000364e+03
8.400000000000000000e+01 7.612600000000000364e+03
1.320000000000000000e+02 7.614850000000000364e+03
1.560000000000000000e+02 7.620900000000000546e+03
1.080000000000000000e+02 7.621600000000000364e+03
1.480000000000000000e+02 7.632400000000000546e+03
1.400000000000000000e+02 7.642250000000000000e+03
1.240000000000000000e+02 7.643150000000000546e+03
8.400000000000000000e+01 7.651400000000000546e+03
9.200000000000000000e+01 7.655100000000000364e+03
1.000000000000000000e+02 7.655199999999999818e+03
1.560000000000000000e+02 7.660100000000000364e+03
1.320000000000000000e+02 7.662650000000000546e+03
1.480000000000000000e+02 7.668449999999999818e+03
9.200000000000000000e+01 7.693300000000000182e+03
1.080000000000000000e+02 7.697900000000000546e+03
1.160000000000000000e+02 7.697850000000000364e+03
1.320000000000000000e+02 7.710050000000000182e+03
1.400000000000000000e+02 7.718949999999999818e+03
1.240000000000000000e+02 7.719900000000000546e+03
1.080000000000000000e+02 7.727800000000000182e+03
1.560000000000000000e+02 7.735400000000000546e+03
9.200000000000000000e+01 7.739449999999999818e+03
1.480000000000000000e+02 7.763500000000000000e+03
8.400000000000000000e+01 7.771300000000000182e+03
9.200000000000000000e+01 7.773250000000000000e+03
1.560000000000000000e+02 7.787500000000000000e+03
1.000000000000000000e+02 7.793850000000000364e+03
1.320000000000000000e+02 7.794699999999999818e+03
1.080000000000000000e+02 7.795699999999999818e+03
1.400000000000000000e+02 7.807500000000000000e+03
1.160000000000000000e+02 7.811350000000000364e+03
9.200000000000000000e+01 7.825199999999999818e+03
1.240000000000000000e+02 7.827150000000000546e+03
1.320000000000000000e+02 7.829250000000000000e+03
1.560000000000000000e+02 7.840699999999999818e+03
1.080000000000000000e+02 7.846550000000000182e+03
1.000000000000000000e+02 7.858900000000000546e+03
1.320000000000000000e+02 7.864850000000000364e+03
9.200000000000000000e+01 7.875400000000000546e+03
8.400000000000000000e+01 7.882800000000000182e+03
1.080000000000000000e+02 7.883150000000000546e+03
1.240000000000000000e+02 7.893750000000000000e+03
1.400000000000000000e+02 7.894850000000000364e+03
1.160000000000000000e+02 7.917600000000000364e+03
1.560000000000000000e+02 7.920250000000000000e+03
1.480000000000000000e+02 7.920949999999999818e+03
1.400000000000000000e+02 7.928949999999999818e+03
1.080000000000000000e+02 7.939600000000000364e+03
9.200000000000000000e+01 7.939750000000000000e+03
8.400000000000000000e+01 7.940000000000000000e+03
1.320000000000000000e+02 7.945850000000000364e+03
1.560000000000000000e+02 7.955050000000000182e+03
1.240000000000000000e+02 7.961850000000000364e+03
1.480000000000000000e+02 7.968500000000000000e+03
1.080000000000000000e+02 7.979449999999999818e+03
9.200000000000000000e+01 7.980850000000000364e+03
1.160000000000000000e+02 7.986600000000000364e+03
1.400000000000000000e+02 7.987300000000000182e+03
1.560000000000000000e+02 7.990150000000000546e+03
8.400000000000000000e+01 8.005250000000000000e+03
1.240000000000000000e+02 8.006350000000000364e+03
1.320000000000000000e+02 8.007699999999999818e+03
1.000000000000000000e+02 8.007900000000000546e+03
1.480000000000000000e+02 8.014250000000000000e+03
1.560000000000000000e+02 8.025500000000000000e+03
9.200000000000000000e+01 8.030050000000000182e+03
1.400000000000000000e+02 8.032750000000000000e+03
1.160000000000000000e+02 8.040650000000000546e+03
8.400000000000000000e+01 8.050100000000000364e+03
1.000000000000000000e+02 8.060199999999999818e+03
1.080000000000000000e+02 8.063100000000000364e+03
1.320000000000000000e+02 8.069300000000000182e+03
1.240000000000000000e+02 8.070600000000000364e+03
1.480000000000000000e+02 8.073949999999999818e+03
1.560000000000000000e+02 8.086100000000000364e+03
1.400000000000000000e+02 8.102650000000000546e+03
8.400000000000000000e+01 8.102900000000000546e+03
9.200000000000000000e+01 8.103650000000000546e+03
1.160000000000000000e+02 8.104449999999999818e+03
1.080000000000000000e+02 8.110350000000000364e+03
1.000000000000000000e+02 8.117199999999999818e+03
1.480000000000000000e+02 8.121400000000000546e+03
1.560000000000000000e+02 8.136850000000000364e+03
1.320000000000000000e+02 8.143800000000000182e+03
1.240000000000000000e+02 8.145850000000000364e+03
1.080000000000000000e+02 8.145949999999999818e+03
1.160000000000000000e+02 8.153050000000000182e+03
8.400000000000000000e+01 8.154750000000000000e+03
9.200000000000000000e+01 8.165199999999999818e+03
1.000000000000000000e+02 8.165250000000000000e+03
1.480000000000000000e+02 8.167850000000000364e+03
1.240000000000000000e+02 8.178050000000000182e+03
1.400000000000000000e+02 8.186300000000000182e+03
1.080000000000000000e+02 8.192149999999999636e+03
1.160000000000000000e+02 8.199350000000000364e+03
1.480000000000000000e+02 8.199600000000000364e+03
8.400000000000000000e+01 8.201450000000000728e+03
9.200000000000000000e+01 8.203000000000000000e+03
1.000000000000000000e+02 8.203500000000000000e+03
1.320000000000000000e+02 8.203600000000000364e+03
1.560000000000000000e+02 8.215700000000000728e+03
1.160000000000000000e+02 8.226149999999999636e+03
1.240000000000000000e+02 8.233399999999999636e+03
1.400000000000000000e+02 8.244500000000000000e+03
8.400000000000000000e+01 8.247299999999999272e+03
1.000000000000000000e+02 8.247350000000000364e+03
1.080000000000000000e+02 8.251000000000000000e+03
1.320000000000000000e+02 8.251549999999999272e+03
1.480000000000000000e+02 8.253250000000000000e+03
1.560000000000000000e+02 8.253899999999999636e+03
9.200000000000000000e+01 8.270750000000000000e+03
1.240000000000000000e+02 8.276200000000000728e+03
8.400000000000000000e+01 8.284049999999999272e+03
1.560000000000000000e+02 8.285250000000000000e+03
1.320000000000000000e+02 8.294000000000000000e+03
1.400000000000000000e+02 8.299750000000000000e+03
1.160000000000000000e+02 8.313750000000000000e+03
1.240000000000000000e+02 8.316500000000000000e+03
1.560000000000000000e+02 8.317000000000000000e+03
1.080000000000000000e+02 8.317399999999999636e+03
9.200000000000000000e+01 8.324299999999999272e+03
8.400000000000000000e+01 8.325500000000000000e+03
1.480000000000000000e+02 8.340049999999999272e+03
1.000000000000000000e+02 8.345450000000000728e+03
1.240000000000000000e+02 8.350850000000000364e+03
1.400000000000000000e+02 8.358899999999999636e+03
1.080000000000000000e+02 8.360000000000000000e+03
1.160000000000000000e+02 8.359950000000000728e+03
8.400000000000000000e+01 8.361700000000000728e+03
1.560000000000000000e+02 8.363049999999999272e+03
1.320000000000000000e+02 8.365700000000000728e+03
9.200000000000000000e+01 8.366850000000000364e+03
1.000000000000000000e+02 8.379899999999999636e+03
1.480000000000000000e+02 8.384149999999999636e+03
1.080000000000000000e+02 8.393549999999999272e+03
1.320000000000000000e+02 8.394299999999999272e+03
1.240000000000000000e+02 8.396750000000000000e+03
1.160000000000000000e+02 8.400049999999999272e+03
1.400000000000000000e+02 8.404350000000000364e+03
1.560000000000000000e+02 8.408799999999999272e+03
8.400000000000000000e+01 8.409549999999999272e+03
9.200000000000000000e+01 8.415850000000000364e+03
1.000000000000000000e+02 8.421500000000000000e+03
1.240000000000000000e+02 8.435299999999999272e+03
1.480000000000000000e+02 8.436899999999999636e+03
1.080000000000000000e+02 8.437399999999999636e+03
1.560000000000000000e+02 8.438200000000000728e+03
1.160000000000000000e+02 8.443549999999999272e+03
1.320000000000000000e+02 8.446750000000000000e+03
9.200000000000000000e+01 8.452299999999999272e+03
1.400000000000000000e+02 8.454450000000000728e+03
8.400000000000000000e+01 8.456399999999999636e+03
1.000000000000000000e+02 8.463649999999999636e+03
1.240000000000000000e+02 8.468700000000000728e+03
1.480000000000000000e+02 8.470399999999999636e+03
1.080000000000000000e+02 8.471200000000000728e+03
1.160000000000000000e+02 8.476049999999999272e+03
1.320000000000000000e+02 8.478399999999999636e+03
1.560000000000000000e+02 8.487750000000000000e+03
9.200000000000000000e+01 8.491750000000000000e+03
1.400000000000000000e+02 8.492000000000000000e+03
8.400000000000000000e+01 8.494750000000000000e+03
1.000000000000000000e+02 8.503500000000000000e+03
1.240000000000000000e+02 8.503600000000000364e+03
1.480000000000000000e+02 8.504549999999999272e+03
1.080000000000000000e+02 8.505350000000000364e+03
1.160000000000000000e+02 8.511200000000000728e+03
1.400000000000000000e+02 8.524649999999999636e+03
9.200000000000000000e+01 8.527250000000000000e+03
1.560000000000000000e+02 8.535000000000000000e+03
1.080000000000000000e+02 8.539399999999999636e+03
8.400000000000000000e+01 8.539700000000000728e+03
1.240000000000000000e+02 8.550350000000000364e+03
1.000000000000000000e+02 8.552549999999999272e+03
1.320000000000000000e+02 8.552700000000000728e+03
1.480000000000000000e+02 8.556149999999999636e+03
1.160000000000000000e+02 8.558299999999999272e+03
9.200000000000000000e+01 8.561250000000000000e+03
1.400000000000000000e+02 8.574750000000000000e+03
8.400000000000000000e+01 8.579950000000000728e+03
1.080000000000000000e+02 8.582450000000000728e+03
1.560000000000000000e+02 8.585100000000000364e+03
1.320000000000000000e+02 8.586049999999999272e+03
1.000000000000000000e+02 8.594600000000000364e+03
1.480000000000000000e+02 8.595049999999999272e+03
9.200000000000000000e+01 8.601000000000000000e+03
1.160000000000000000e+02 8.610649999999999636e+03
1.240000000000000000e+02 8.616149999999999636e+03
1.560000000000000000e+02 8.617299999999999272e+03
8.400000000000000000e+01 8.617700000000000728e+03
1.400000000000000000e+02 8.618299999999999272e+03
1.320000000000000000e+02 8.618399999999999636e+03
1.480000000000000000e+02 8.620250000000000000e+03
1.080000000000000000e+02 8.620950000000000728e+03
9.200000000000000000e+01 8.640000000000000000e+03
1.000000000000000000e+02 8.653250000000000000e+03
1.080000000000000000e+02 8.654350000000000364e+03
8.400000000000000000e+01 8.655149999999999636e+03
1.160000000000000000e+02 8.655299999999999272e+03
1.560000000000000000e+02 8.655299999999999272e+03
1.320000000000000000e+02 8.659799999999999272e+03
1.240000000000000000e+02 8.661049999999999272e+03
1.400000000000000000e+02 8.665649999999999636e+03
9.200000000000000000e+01 8.670350000000000364e+03
1.480000000000000000e+02 8.689799999999999272e+03
8.400000000000000000e+01 8.692700000000000728e+03
1.160000000000000000e+02 8.693600000000000364e+03
1.080000000000000000e+02 8.698399999999999636e+03
1.560000000000000000e+02 8.698950000000000728e+03
1.240000000000000000e+02 8.706950000000000728e+03
1.400000000000000000e+02 8.710200000000000728e+03
9.200000000000000000e+01 8.714049999999999272e+03
1.160000000000000000e+02 8.720950000000000728e+03
1.320000000000000000e+02 8.721450000000000728e+03
1.000000000000000000e+02 8.723750000000000000e+03
1.480000000000000000e+02 8.729100000000000364e+03
8.400000000000000000e+01 8.729350000000000364e+03
1.080000000000000000e+02 8.732250000000000000e+03
1.560000000000000000e+02 8.733549999999999272e+03
1.240000000000000000e+02 8.736200000000000728e+03
1.400000000000000000e+02 8.754000000000000000e+03
1.160000000000000000e+02 8.756300000000001091e+03
8.400000000000000000e+01 8.761149999999999636e+03
1.000000000000000000e+02 8.761200000000000728e+03
1.560000000000000000e+02 8.767100000000000364e+03
9.200000000000000000e+01 8.768500000000000000e+03
1.080000000000000000e+02 8.769800000000001091e+03
1.320000000000000000e+02 8.770550000000001091e+03
1.480000000000000000e+02 8.771200000000000728e+03
1.400000000000000000e+02 8.786000000000000000e+03
8.400000000000000000e+01 8.791000000000000000e+03
1.240000000000000000e+02 8.795149999999999636e+03
1.160000000000000000e+02 8.796000000000000000e+03
1.480000000000000000e+02 8.796700000000000728e+03
1.560000000000000000e+02 8.796649999999999636e+03
1.000000000000000000e+02 8.797399999999999636e+03
1.320000000000000000e+02 8.800500000000000000e+03
1.080000000000000000e+02 8.801250000000000000e+03
9.200000000000000000e+01 8.814200000000000728e+03
8.400000000000000000e+01 8.820750000000000000e+03
1.560000000000000000e+02 8.825149999999999636e+03
1.000000000000000000e+02 8.830200000000000728e+03
1.240000000000000000e+02 8.830149999999999636e+03
1.400000000000000000e+02 8.831300000000001091e+03
1.160000000000000000e+02 8.832399999999999636e+03
1.480000000000000000e+02 8.834200000000000728e+03
9.200000000000000000e+01 8.837850000000000364e+03
1.320000000000000000e+02 8.851700000000000728e+03
8.400000000000000000e+01 8.859200000000000728e+03
1.000000000000000000e+02 8.860750000000000000e+03
1.560000000000000000e+02 8.863899999999999636e+03
1.240000000000000000e+02 8.866149999999999636e+03
1.400000000000000000e+02 8.867300000000001091e+03
9.200000000000000000e+01 8.868100000000000364e+03
1.160000000000000000e+02 8.869100000000000364e+03
1.480000000000000000e+02 8.869399999999999636e+03
1.080000000000000000e+02 8.873399999999999636e+03
1.000000000000000000e+02 8.897550000000001091e+03
9.200000000000000000e+01 8.898600000000000364e+03
1.560000000000000000e+02 8.899250000000000000e+03
1.320000000000000000e+02 8.900300000000001091e+03
1.400000000000000000e+02 8.905100000000000364e+03
1.480000000000000000e+02 8.906850000000000364e+03
1.080000000000000000e+02 8.907250000000000000e+03
8.400000000000000000e+01 8.908350000000000364e+03
1.160000000000000000e+02 8.908800000000001091e+03
1.240000000000000000e+02 8.909550000000001091e+03
1.080000000000000000e+02 8.940649999999999636e+03
1.000000000000000000e+02 8.941250000000000000e+03
1.320000000000000000e+02 8.941450000000000728e+03
1.560000000000000000e+02 8.941899999999999636e+03
9.200000000000000000e+01 8.943250000000000000e+03
1.240000000000000000e+02 8.944100000000000364e+03
1.480000000000000000e+02 8.944250000000000000e+03
8.400000000000000000e+01 8.944399999999999636e+03
1.160000000000000000e+02 8.944649999999999636e+03
1.400000000000000000e+02 8.944850000000000364e+03
9.200000000000000000e+01 8.977050000000001091e+03
1.480000000000000000e+02 8.979250000000000000e+03
1.560000000000000000e+02 8.979600000000000364e+03
1.160000000000000000e+02 8.980100000000000364e+03
8.400000000000000000e+01 8.981000000000000000e+03
1.080000000000000000e+02 8.981149999999999636e+03
1.320000000000000000e+02 8.981399999999999636e+03
1.240000000000000000e+02 8.982100000000000364e+03
1.400000000000000000e+02 8.982899999999999636e+03
1.000000000000000000e+02 8.984100000000000364e+03
1.480000000000000000e+02 9.017000000000000000e+03
1.240000000000000000e+02 9.017100000000000364e+03
1.080000000000000000e+02 9.017200000000000728e+03
1.560000000000000000e+02 9.018450000000000728e+03
8.400000000000000000e+01 9.019000000000000000e+03
1.320000000000000000e+02 9.019000000000000000e+03
9.200000000000000000e+01 9.019050000000001091e+03
1.000000000000000000e+02 9.019450000000000728e+03
1.400000000000000000e+02 9.020250000000000000e+03
1.160000000000000000e+02 9.020399999999999636e+03
1.080000000000000000e+02 9.052100000000000364e+03
1.480000000000000000e+02 9.052649999999999636e+03
1.000000000000000000e+02 9.053450000000000728e+03
1.320000000000000000e+02 9.055700000000000728e+03
1.240000000000000000e+02 9.055950000000000728e+03
1.560000000000000000e+02 9.056100000000000364e+03
9.200000000000000000e+01 9.056600000000000364e+03
8.400000000000000000e+01 9.057200000000000728e+03
1.400000000000000000e+02 9.057750000000000000e+03
1.160000000000000000e+02 9.058399999999999636e+03
1.080000000000000000e+02 9.075000000000000000e+03
1.000000000000000000e+02 9.086149999999999636e+03
1.160000000000000000e+02 9.089399999999999636e+03
1.400000000000000000e+02 9.092550000000001091e+03
9.200000000000000000e+01 9.092649999999999636e+03
1.240000000000000000e+02 9.092899999999999636e+03
1.480000000000000000e+02 9.093800000000001091e+03
1.320000000000000000e+02 9.094350000000000364e+03
8.400000000000000000e+01 9.094600000000000364e+03
1.560000000000000000e+02 9.094550000000001091e+03
1.080000000000000000e+02 9.106050000000001091e+03
9.200000000000000000e+01 9.122350000000000364e+03
1.240000000000000000e+02 9.124250000000000000e+03
1.400000000000000000e+02 9.124500000000000000e+03
1.560000000000000000e+02 9.125550000000001091e+03
1.160000000000000000e+02 9.125850000000000364e+03
8.400000000000000000e+01 9.126450000000000728e+03
1.480000000000000000e+02 9.126600000000000364e+03
1.000000000000000000e+02 9.126649999999999636e+03
1.320000000000000000e+02 9.126649999999999636e+03
1.080000000000000000e+02 9.130300000000001091e+03
1.000000000000000000e+02 9.154100000000000364e+03
9.200000000000000000e+01 9.154450000000000728e+03
1.080000000000000000e+02 9.155950000000000728e+03
1.160000000000000000e+02 9.157000000000000000e+03
1.400000000000000000e+02 9.157750000000000000e+03
1.480000000000000000e+02 9.157850000000000364e+03
1.240000000000000000e+02 9.158550000000001091e+03
1.560000000000000000e+02 9.158899999999999636e+03
8.400000000000000000e+01 9.159350000000000364e+03
1.320000000000000000e+02 9.161149999999999636e+03
1.000000000000000000e+02 9.192000000000000000e+03
1.160000000000000000e+02 9.192200000000000728e+03
1.560000000000000000e+02 9.192700000000000728e+03
1.480000000000000000e+02 9.193300000000001091e+03
1.400000000000000000e+02 9.193350000000000364e+03
1.320000000000000000e+02 9.193550000000001091e+03
9.200000000000000000e+01 9.193850000000000364e+03
1.080000000000000000e+02 9.194100000000000364e+03
1.240000000000000000e+02 9.194300000000001091e+03
8.400000000000000000e+01 9.194350000000000364e+03
1.400000000000000000e+02 9.222850000000000364e+03
9.200000000000000000e+01 9.224550000000001091e+03
8.400000000000000000e+01 9.225399999999999636e+03
1.560000000000000000e+02 9.225450000000000728e+03
1.160000000000000000e+02 9.227000000000000000e+03
1.000000000000000000e+02 9.227149999999999636e+03
1.320000000000000000e+02 9.227200000000000728e+03
1.080000000000000000e+02 9.227600000000000364e+03
1.240000000000000000e+02 9.228050000000001091e+03
1.480000000000000000e+02 9.228850000000000364e+03
1.400000000000000000e+02 9.257649999999999636e+03
1.160000000000000000e+02 9.258050000000001091e+03
1.560000000000000000e+02 9.258100000000000364e+03
8.400000000000000000e+01 9.259300000000001091e+03
1.480000000000000000e+02 9.259350000000000364e+03
1.240000000000000000e+02 9.259750000000000000e+03
1.320000000000000000e+02 9.260100000000000364e+03
1.080000000000000000e+02 9.260750000000000000e+03
1.000000000000000000e+02 9.261149999999999636e+03
9.200000000000000000e+01 9.261850000000000364e+03
1.400000000000000000e+02 9.286600000000000364e+03
1.080000000000000000e+02 9.288750000000000000e+03
1.560000000000000000e+02 9.292899999999999636e+03
1.000000000000000000e+02 9.295100000000000364e+03
1.320000000000000000e+02 9.295100000000000364e+03
8.400000000000000000e+01 9.295500000000000000e+03
1.480000000000000000e+02 9.295550000000001091e+03
9.200000000000000000e+01 9.296700000000000728e+03
1.160000000000000000e+02 9.297200000000000728e+03
1.240000000000000000e+02 9.297500000000000000e+03
1.160000000000000000e+02 9.322600000000000364e+03
1.400000000000000000e+02 9.323100000000000364e+03
9.200000000000000000e+01 9.325000000000000000e+03
1.080000000000000000e+02 9.325399999999999636e+03
8.400000000000000000e+01 9.325500000000000000e+03
1.320000000000000000e+02 9.325800000000001091e+03
1.000000000000000000e+02 9.326100000000000364e+03
1.560000000000000000e+02 9.326200000000000728e+03
1.480000000000000000e+02 9.326250000000000000e+03
1.240000000000000000e+02 9.327950000000000728e+03
1.160000000000000000e+02 9.343899999999999636e+03
1.480000000000000000e+02 9.355500000000000000e+03
1.400000000000000000e+02 9.358300000000001091e+03
1.240000000000000000e+02 9.358350000000000364e+03
1.320000000000000000e+02 9.359250000000000000e+03
1.560000000000000000e+02 9.359750000000000000e+03
9.200000000000000000e+01 9.360149999999999636e+03
1.080000000000000000e+02 9.360399999999999636e+03
8.400000000000000000e+01 9.360550000000001091e+03
1.000000000000000000e+02 9.360850000000000364e+03
1.160000000000000000e+02 9.362750000000000000e+03
1.080000000000000000e+02 9.389649999999999636e+03
1.320000000000000000e+02 9.392649999999999636e+03
9.200000000000000000e+01 9.393250000000000000e+03
1.480000000000000000e+02 9.394250000000000000e+03
1.560000000000000000e+02 9.394399999999999636e+03
8.400000000000000000e+01 9.394450000000000728e+03
1.240000000000000000e+02 9.395000000000000000e+03
1.000000000000000000e+02 9.395500000000000000e+03
1.400000000000000000e+02 9.395649999999999636e+03
1.160000000000000000e+02 9.396100000000000364e+03
1.240000000000000000e+02 9.425399999999999636e+03
1.480000000000000000e+02 9.427550000000001091e+03
1.400000000000000000e+02 9.427700000000000728e+03
1.080000000000000000e+02 9.428000000000000000e+03
9.200000000000000000e+01 9.428100000000000364e+03
1.560000000000000000e+02 9.428149999999999636e+03
1.320000000000000000e+02 9.428250000000000000e+03
8.400000000000000000e+01 9.428600000000000364e+03
1.160000000000000000e+02 9.428649999999999636e+03
1.000000000000000000e+02 9.429500000000000000e+03
1.240000000000000000e+02 9.450649999999999636e+03
9.200000000000000000e+01 9.454200000000000728e+03
1.320000000000000000e+02 9.456850000000000364e+03
1.000000000000000000e+02 9.458750000000000000e+03
1.160000000000000000e+02 9.460100000000000364e+03
1.400000000000000000e+02 9.460250000000000000e+03
1.480000000000000000e+02 9.460850000000000364e+03
8.400000000000000000e+01 9.461450000000000728e+03
1.560000000000000000e+02 9.463200000000000728e+03
1.080000000000000000e+02 9.463250000000000000e+03
9.200000000000000000e+01 9.479350000000000364e+03
1.480000000000000000e+02 9.485550000000001091e+03
1.160000000000000000e+02 9.489550000000001091e+03
1.320000000000000000e+02 9.490800000000001091e+03
1.400000000000000000e+02 9.491200000000000728e+03
1.000000000000000000e+02 9.492250000000000000e+03
8.400000000000000000e+01 9.492649999999999636e+03
1.240000000000000000e+02 9.493550000000001091e+03
1.080000000000000000e+02 9.494399999999999636e+03
1.560000000000000000e+02 9.494850000000000364e+03
9.200000000000000000e+01 9.516000000000000000e+03
1.000000000000000000e+02 9.520300000000001091e+03
1.480000000000000000e+02 9.522250000000000000e+03
8.400000000000000000e+01 9.523100000000000364e+03
1.160000000000000000e+02 9.523300000000001091e+03
1.320000000000000000e+02 9.523350000000000364e+03
1.240000000000000000e+02 9.523450000000000728e+03
1.080000000000000000e+02 9.523800000000001091e+03
1.560000000000000000e+02 9.525350000000000364e+03
1.400000000000000000e+02 9.525850000000000364e+03
9.200000000000000000e+01 9.537100000000000364e+03
1.080000000000000000e+02 9.547899999999999636e+03
1.480000000000000000e+02 9.549450000000000728e+03
1.000000000000000000e+02 9.550700000000000728e+03
1.560000000000000000e+02 9.551450000000000728e+03
1.240000000000000000e+02 9.552300000000001091e+03
8.400000000000000000e+01 9.552600000000000364e+03
1.320000000000000000e+02 9.553100000000000364e+03
1.160000000000000000e+02 9.553550000000001091e+03
1.400000000000000000e+02 9.553899999999999636e+03
9.200000000000000000e+01 9.557649999999999636e+03
1.080000000000000000e+02 9.580100000000000364e+03
1.160000000000000000e+02 9.581050000000001091e+03
8.400000000000000000e+01 9.581250000000000000e+03
1.240000000000000000e+02 9.581899999999999636e+03
1.000000000000000000e+02 9.582950000000000728e+03
1.320000000000000000e+02 9.583149999999999636e+03
1.480000000000000000e+02 9.583350000000000364e+03
9.200000000000000000e+01 9.583600000000000364e+03
1.560000000000000000e+02 9.584100000000000364e+03
1.400000000000000000e+02 9.584399999999999636e+03
8.400000000000000000e+01 9.608000000000000000e+03
1.160000000000000000e+02 9.608300000000001091e+03
1.400000000000000000e+02 9.610950000000000728e+03
1.560000000000000000e+02 9.612250000000000000e+03
1.080000000000000000e+02 9.612550000000001091e+03
1.480000000000000000e+02 9.612600000000000364e+03
1.320000000000000000e+02 9.613200000000000728e+03
1.000000000000000000e+02 9.613850000000000364e+03
1.240000000000000000e+02 9.614100000000000364e+03
9.200000000000000000e+01 9.614450000000000728e+03
1.320000000000000000e+02 9.636000000000000000e+03
1.480000000000000000e+02 9.643250000000000000e+03
8.400000000000000000e+01 9.644300000000001091e+03
1.160000000000000000e+02 9.644399999999999636e+03
1.000000000000000000e+02 9.645200000000000728e+03
1.560000000000000000e+02 9.645200000000000728e+03
9.200000000000000000e+01 9.646250000000000000e+03
1.080000000000000000e+02 9.646399999999999636e+03
1.400000000000000000e+02 9.646800000000001091e+03
1.240000000000000000e+02 9.647850000000000364e+03
1.320000000000000000e+02 9.667750000000000000e+03
1.400000000000000000e+02 9.670950000000000728e+03
9.200000000000000000e+01 9.676200000000000728e+03
8.400000000000000000e+01 9.677300000000001091e+03
1.080000000000000000e+02 9.677250000000000000e+03
1.560000000000000000e+02 9.678250000000000000e+03
1.000000000000000000e+02 9.678450000000000728e+03
1.480000000000000000e+02 9.678450000000000728e+03
1.160000000000000000e+02 9.678550000000001091e+03
1.240000000000000000e+02 9.678899999999999636e+03
1.320000000000000000e+02 9.684399999999999636e+03
1.560000000000000000e+02 9.709149999999999636e+03
9.200000000000000000e+01 9.709350000000000364e+03
1.480000000000000000e+02 9.709800000000001091e+03
1.400000000000000000e+02 9.710500000000000000e+03
1.080000000000000000e+02 9.710550000000001091e+03
1.160000000000000000e+02 9.710649999999999636e+03
8.400000000000000000e+01 9.711350000000000364e+03
1.320000000000000000e+02 9.711500000000000000e+03
1.000000000000000000e+02 9.711600000000000364e+03
1.240000000000000000e+02 9.711899999999999636e+03
9.200000000000000000e+01 9.738350000000000364e+03
1.400000000000000000e+02 9.740550000000001091e+03
1.480000000000000000e+02 9.741300000000001091e+03
1.320000000000000000e+02 9.741399999999999636e+03
8.400000000000000000e+01 9.742600000000000364e+03
1.560000000000000000e+02 9.742600000000000364e+03
1.240000000000000000e+02 9.744200000000000728e+03
1.080000000000000000e+02 9.744399999999999636e+03
1.000000000000000000e+02 9.744500000000000000e+03
1.160000000000000000e+02 9.744450000000000728e+03
1.320000000000000000e+02 9.770250000000000000e+03
8.400000000000000000e+01 9.772649999999999636e+03
9.200000000000000000e+01 9.775100000000000364e+03
1.080000000000000000e+02 9.776200000000000728e+03
1.560000000000000000e+02 9.776200000000000728e+03
1.400000000000000000e+02 9.777550000000001091e+03
1.000000000000000000e+02 9.777750000000000000e+03
1.160000000000000000e+02 9.778000000000000000e+03
1.240000000000000000e+02 9.778149999999999636e+03
1.480000000000000000e+02 9.778350000000000364e+03
8.400000000000000000e+01 9.803899999999999636e+03
1.240000000000000000e+02 9.804200000000000728e+03
1.400000000000000000e+02 9.805050000000001091e+03
9.200000000000000000e+01 9.806850000000000364e+03
1.560000000000000000e+02 9.807149999999999636e+03
1.160000000000000000e+02 9.808050000000001091e+03
1.080000000000000000e+02 9.808550000000001091e+03
1.320000000000000000e+02 9.808600000000000364e+03
1.000000000000000000e+02 9.809200000000000728e+03
1.480000000000000000e+02 9.809200000000000728e+03
1.240000000000000000e+02 9.829200000000000728e+03
8.400000000000000000e+01 9.835350000000000364e+03
9.200000000000000000e+01 9.835800000000001091e+03
1.560000000000000000e+02 9.835750000000000000e+03
1.000000000000000000e+02 9.836300000000001091e+03
1.160000000000000000e+02 9.836600000000000364e+03
1.480000000000000000e+02 9.836600000000000364e+03
1.320000000000000000e+02 9.837600000000000364e+03
1.080000000000000000e+02 9.837649999999999636e+03
1.400000000000000000e+02 9.838149999999999636e+03
1.240000000000000000e+02 9.857700000000000728e+03
1.160000000000000000e+02 9.862149999999999636e+03
1.000000000000000000e+02 9.862350000000000364e+03
1.480000000000000000e+02 9.862350000000000364e+03
1.320000000000000000e+02 9.863100000000000364e+03
9.200000000000000000e+01 9.863200000000000728e+03
1.560000000000000000e+02 9.863700000000000728e+03
8.400000000000000000e+01 9.863750000000000000e+03
1.080000000000000000e+02 9.864450000000000728e+03
1.400000000000000000e+02 9.864700000000000728e+03
1.160000000000000000e+02 9.876100000000000364e+03
1.240000000000000000e+02 9.887250000000000000e+03
1.080000000000000000e+02 9.890750000000000000e+03
1.480000000000000000e+02 9.891350000000000364e+03
1.000000000000000000e+02 9.891500000000000000e+03
1.400000000000000000e+02 9.891700000000000728e+03
9.200000000000000000e+01 9.892200000000000728e+03
1.320000000000000000e+02 9.893050000000001091e+03
1.560000000000000000e+02 9.893399999999999636e+03
8.400000000000000000e+01 9.893550000000001091e+03
1.160000000000000000e+02 9.893850000000000364e+03
1.240000000000000000e+02 9.914100000000000364e+03
1.480000000000000000e+02 9.920750000000000000e+03
1.000000000000000000e+02 9.922250000000000000e+03
1.080000000000000000e+02 9.922850000000000364e+03
1.160000000000000000e+02 9.923100000000000364e+03
1.560000000000000000e+02 9.923300000000001091e+03
1.320000000000000000e+02 9.923649999999999636e+03
1.400000000000000000e+02 9.924000000000000000e+03
8.400000000000000000e+01 9.924149999999999636e+03
9.200000000000000000e+01 9.924250000000000000e+03
1.000000000000000000e+02 9.944649999999999636e+03
1.480000000000000000e+02 9.945550000000001091e+03
1.240000000000000000e+02 9.946899999999999636e+03
1.560000000000000000e+02 9.948100000000000364e+03
1.160000000000000000e+02 9.949899999999999636e+03
9.200000000000000000e+01 9.951399999999999636e+03
1.320000000000000000e+02 9.951350000000000364e+03
1.080000000000000000e+02 9.951550000000001091e+03
1.400000000000000000e+02 9.951550000000001091e+03
8.400000000000000000e+01 9.952250000000000000e+03
1.000000000000000000e+02 9.963200000000000728e+03
1.560000000000000000e+02 9.967800000000001091e+03
1.320000000000000000e+02 9.978300000000001091e+03
1.160000000000000000e+02 9.979000000000000000e+03
1.240000000000000000e+02 9.979149999999999636e+03
1.080000000000000000e+02 9.979300000000001091e+03
1.400000000000000000e+02 9.979700000000000728e+03
9.200000000000000000e+01 9.979750000000000000e+03
8.400000000000000000e+01 9.979950000000000728e+03
1.480000000000000000e+02 9.980500000000000000e+03
1.000000000000000000e+02 9.981200000000000728e+03
1.000000000000000000e+02 1.010375000000000000e+04
1.560000000000000000e+02 1.010539999999999964e+04
1.400000000000000000e+02 1.016260000000000036e+04
1.480000000000000000e+02 1.026964999999999964e+04
1.400000000000000000e+02 1.040785000000000036e+04
1.320000000000000000e+02 1.041250000000000000e+04
1.240000000000000000e+02 1.056739999999999964e+04
1.480000000000000000e+02 1.057485000000000036e+04
1.080000000000000000e+02 1.058030000000000109e+04
1.400000000000000000e+02 1.058135000000000036e+04
9.200000000000000000e+01 1.058305000000000109e+04
8.400000000000000000e+01 1.058335000000000036e+04
1.160000000000000000e+02 1.058339999999999964e+04
1.320000000000000000e+02 1.058360000000000036e+04
1.560000000000000000e+02 1.058370000000000073e+04
1.000000000000000000e+02 1.058464999999999964e+04
1.080000000000000000e+02 1.072555000000000109e+04
9.200000000000000000e+01 1.081075000000000000e+04
1.080000000000000000e+02 1.094425000000000000e+04
9.200000000000000000e+01 1.124664999999999964e+04
9.200000000000000000e+01 1.144214999999999964e+04
1.160000000000000000e+02 1.151164999999999964e+04
8.400000000000000000e+01 1.152100000000000000e+04
1.560000000000000000e+02 1.153760000000000036e+04
1.240000000000000000e+02 1.155760000000000036e+04
1.080000000000000000e+02 1.156780000000000109e+04
1.480000000000000000e+02 1.158770000000000073e+04
8.400000000000000000e+01 1.161975000000000000e+04
9.200000000000000000e+01 1.193025000000000000e+04
1.320000000000000000e+02 1.219895000000000073e+04
1.240000000000000000e+02 1.278070000000000073e+04
1.480000000000000000e+02 1.425635000000000036e+04
9.200000000000000000e+01 1.458260000000000036e+04
1.560000000000000000e+02 1.459205000000000109e+04
1.320000000000000000e+02 1.459305000000000109e+04
1.240000000000000000e+02 1.459395000000000073e+04
8.400000000000000000e+01 1.459425000000000000e+04
1.400000000000000000e+02 1.459425000000000000e+04
1.480000000000000000e+02 1.459510000000000036e+04
1.160000000000000000e+02 1.459570000000000073e+04
1.000000000000000000e+02 1.459614999999999964e+04
1.080000000000000000e+02 1.459639999999999964e+04
1.320000000000000000e+02 1.465445000000000073e+04
1.400000000000000000e+02 1.474320000000000073e+04
1.560000000000000000e+02 1.480130000000000109e+04
1.320000000000000000e+02 1.500825000000000000e+04
1.560000000000000000e+02 1.564045000000000073e+04
1.480000000000000000e+02 1.600300000000000000e+04
1.480000000000000000e+02 1.630764999999999964e+04
1.080000000000000000e+02 1.639940000000000146e+04
1.480000000000000000e+02 1.681825000000000000e+04
8.400000000000000000e+01 1.693240000000000146e+04
1.400000000000000000e+02 1.748579999999999927e+04
1.080000000000000000e+02 1.780340000000000146e+04
1.400000000000000000e+02 1.806990000000000146e+04
1.160000000000000000e+02 1.807179999999999927e+04
1.000000000000000000e+02 1.807229999999999927e+04
9.200000000000000000e+01 1.807529999999999927e+04
1.240000000000000000e+02 1.807565000000000146e+04
8.400000000000000000e+01 1.807620000000000073e+04
1.080000000000000000e+02 1.807675000000000000e+04
1.560000000000000000e+02 1.807765000000000146e+04
1.320000000000000000e+02 1.807900000000000000e+04
1.480000000000000000e+02 1.807935000000000218e+04
1.000000000000000000e+02 1.813940000000000146e+04
1.400000000000000000e+02 1.814220000000000073e+04
9.200000000000000000e+01 1.815070000000000073e+04
1.320000000000000000e+02 1.815754999999999927e+04
8.400000000000000000e+01 1.815910000000000218e+04
1.560000000000000000e+02 1.816404999999999927e+04
1.160000000000000000e+02 1.816450000000000000e+04
1.240000000000000000e+02 1.816479999999999927e+04
1.480000000000000000e+02 1.816590000000000146e+04
1.080000000000000000e+02 1.816600000000000000e+04
1.000000000000000000e+02 1.816775000000000000e+04
1.400000000000000000e+02 1.816840000000000146e+04
8.400000000000000000e+01 1.825810000000000218e+04
1.480000000000000000e+02 1.826279999999999927e+04
1.160000000000000000e+02 1.826490000000000146e+04
1.240000000000000000e+02 1.826490000000000146e+04
1.320000000000000000e+02 1.826515000000000146e+04
1.000000000000000000e+02 1.826554999999999927e+04
9.200000000000000000e+01 1.826604999999999927e+04
1.080000000000000000e+02 1.826615000000000146e+04
1.400000000000000000e+02 1.826615000000000146e+04
1.560000000000000000e+02 1.826625000000000000e+04
1.240000000000000000e+02 1.831979999999999927e+04
1.000000000000000000e+02 1.848725000000000000e+04
1.480000000000000000e+02 1.859225000000000000e+04
1.160000000000000000e+02 1.859279999999999927e+04
1.080000000000000000e+02 1.859285000000000218e+04
1.560000000000000000e+02 1.859304999999999927e+04
8.400000000000000000e+01 1.859325000000000000e+04
1.240000000000000000e+02 1.859354999999999927e+04
9.200000000000000000e+01 1.859400000000000000e+04
1.400000000000000000e+02 1.859420000000000073e+04
1.320000000000000000e+02 1.859425000000000000e+04
1.000000000000000000e+02 1.859440000000000146e+04
1.400000000000000000e+02 1.869735000000000218e+04
1.480000000000000000e+02 1.897085000000000218e+04
8.400000000000000000e+01 1.904140000000000146e+04
1.080000000000000000e+02 1.910525000000000000e+04
1.400000000000000000e+02 1.949590000000000146e+04
1.480000000000000000e+02 1.952204999999999927e+04
1.160000000000000000e+02 1.965270000000000073e+04
1.080000000000000000e+02 1.965860000000000218e+04
8.400000000000000000e+01 2.006279999999999927e+04
9.200000000000000000e+01 2.007340000000000146e+04
1.080000000000000000e+02 2.030004999999999927e+04
1.400000000000000000e+02 2.072929999999999927e+04
9.200000000000000000e+01 2.158254999999999927e+04
1.080000000000000000e+02 2.247000000000000000e+04
1.560000000000000000e+02 2.247095000000000073e+04
9.200000000000000000e+01 2.247165000000000146e+04
1.160000000000000000e+02 2.247354999999999927e+04
1.000000000000000000e+02 2.247550000000000000e+04
1.480000000000000000e+02 2.247560000000000218e+04
8.400000000000000000e+01 2.247600000000000000e+04
1.400000000000000000e+02 2.247740000000000146e+04
1.320000000000000000e+02 2.247745000000000073e+04
1.240000000000000000e+02 2.247754999999999927e+04
1.000000000000000000e+02 2.258315000000000146e+04
1.480000000000000000e+02 2.258345000000000073e+04
8.400000000000000000e+01 2.258535000000000218e+04
1.400000000000000000e+02 2.258560000000000218e+04
1.160000000000000000e+02 2.258585000000000218e+04
9.200000000000000000e+01 2.258650000000000000e+04
1.240000000000000000e+02 2.258645000000000073e+04
1.080000000000000000e+02 2.258660000000000218e+04
1.320000000000000000e+02 2.258710000000000218e+04
1.560000000000000000e+02 2.258704999999999927e+04
1.400000000000000000e+02 2.296990000000000146e+04
9.200000000000000000e+01 2.298915000000000146e+04
1.240000000000000000e+02 2.299000000000000000e+04
8.400000000000000000e+01 2.299150000000000000e+04
1.160000000000000000e+02 2.299360000000000218e+04
1.080000000000000000e+02 2.299395000000000073e+04
1.560000000000000000e+02 2.299395000000000073e+04
1.320000000000000000e+02 2.299520000000000073e+04
1.480000000000000000e+02 2.299515000000000146e+04
1.000000000000000000e+02 2.299540000000000146e+04
1.400000000000000000e+02 2.299740000000000146e+04
1.330000000000000000e+02 1.702000000000000171e+02
8.500000000000000000e+01 3.000500000000000114e+02
1.170000000000000000e+02 3.101000000000000227e+02
1.410000000000000000e+02 3.368500000000000227e+02
1.570000000000000000e+02 3.869499999999999886e+02
1.010000000000000000e+02 4.523000000000000114e+02
1.490000000000000000e+02 6.558000000000000682e+02
1.010000000000000000e+02 7.824500000000000455e+02
9.300000000000000000e+01 8.691499999999999773e+02
1.170000000000000000e+02 9.603999999999999773e+02
8.500000000000000000e+01 9.973000000000000682e+02
1.570000000000000000e+02 1.225000000000000000e+03
1.410000000000000000e+02 1.534000000000000000e+03
1.410000000000000000e+02 1.599250000000000000e+03
1.490000000000000000e+02 1.603400000000000091e+03
1.250000000000000000e+02 1.654350000000000136e+03
1.330000000000000000e+02 1.667400000000000091e+03
1.410000000000000000e+02 2.018950000000000045e+03
1.090000000000000000e+02 2.141349999999999909e+03
1.330000000000000000e+02 2.280750000000000000e+03
1.010000000000000000e+02 2.709650000000000091e+03
1.490000000000000000e+02 2.776300000000000182e+03
1.410000000000000000e+02 2.814099999999999909e+03
1.090000000000000000e+02 2.932599999999999909e+03
9.300000000000000000e+01 2.966200000000000273e+03
1.250000000000000000e+02 3.032950000000000273e+03
1.490000000000000000e+02 3.174750000000000000e+03
1.330000000000000000e+02 3.233500000000000000e+03
1.010000000000000000e+02 3.274550000000000182e+03
1.090000000000000000e+02 4.705150000000000546e+03
1.010000000000000000e+02 6.053350000000000364e+03
8.500000000000000000e+01 6.198100000000000364e+03
9.300000000000000000e+01 6.203449999999999818e+03
1.090000000000000000e+02 6.302000000000000000e+03
1.330000000000000000e+02 6.373750000000000000e+03
1.090000000000000000e+02 6.552000000000000000e+03
9.300000000000000000e+01 6.639400000000000546e+03
1.570000000000000000e+02 6.641000000000000000e+03
1.010000000000000000e+02 7.005600000000000364e+03
1.410000000000000000e+02 7.015900000000000546e+03
1.250000000000000000e+02 7.018400000000000546e+03
9.300000000000000000e+01 7.027850000000000364e+03
1.010000000000000000e+02 7.036900000000000546e+03
1.170000000000000000e+02 7.040699999999999818e+03
1.090000000000000000e+02 7.048500000000000000e+03
1.490000000000000000e+02 7.049350000000000364e+03
1.570000000000000000e+02 7.056750000000000000e+03
1.330000000000000000e+02 7.068650000000000546e+03
1.090000000000000000e+02 7.075100000000000364e+03
1.410000000000000000e+02 7.083600000000000364e+03
9.300000000000000000e+01 7.084699999999999818e+03
1.250000000000000000e+02 7.085050000000000182e+03
1.010000000000000000e+02 7.091699999999999818e+03
8.500000000000000000e+01 7.096350000000000364e+03
1.490000000000000000e+02 7.109449999999999818e+03
1.170000000000000000e+02 7.114800000000000182e+03
1.570000000000000000e+02 7.124500000000000000e+03
1.090000000000000000e+02 7.129300000000000182e+03
1.410000000000000000e+02 7.130449999999999818e+03
1.330000000000000000e+02 7.148949999999999818e+03
1.490000000000000000e+02 7.154100000000000364e+03
8.500000000000000000e+01 7.159150000000000546e+03
1.010000000000000000e+02 7.171550000000000182e+03
1.570000000000000000e+02 7.175699999999999818e+03
1.090000000000000000e+02 7.175949999999999818e+03
1.330000000000000000e+02 7.177199999999999818e+03
1.410000000000000000e+02 7.183900000000000546e+03
9.300000000000000000e+01 7.184000000000000000e+03
8.500000000000000000e+01 7.217150000000000546e+03
1.170000000000000000e+02 7.222000000000000000e+03
1.490000000000000000e+02 7.223250000000000000e+03
1.090000000000000000e+02 7.228600000000000364e+03
1.170000000000000000e+02 7.256900000000000546e+03
8.500000000000000000e+01 7.258600000000000364e+03
1.250000000000000000e+02 7.258550000000000182e+03
1.410000000000000000e+02 7.266600000000000364e+03
1.490000000000000000e+02 7.271100000000000364e+03
1.570000000000000000e+02 7.281600000000000364e+03
1.250000000000000000e+02 7.306400000000000546e+03
1.010000000000000000e+02 7.316850000000000364e+03
1.410000000000000000e+02 7.318800000000000182e+03
1.570000000000000000e+02 7.323900000000000546e+03
1.330000000000000000e+02 7.327650000000000546e+03
1.490000000000000000e+02 7.331100000000000364e+03
9.300000000000000000e+01 7.344750000000000000e+03
1.410000000000000000e+02 7.357900000000000546e+03
1.330000000000000000e+02 7.366800000000000182e+03
8.500000000000000000e+01 7.372949999999999818e+03
1.570000000000000000e+02 7.374400000000000546e+03
1.170000000000000000e+02 7.386050000000000182e+03
1.010000000000000000e+02 7.388949999999999818e+03
9.300000000000000000e+01 7.398800000000000182e+03
1.090000000000000000e+02 7.400750000000000000e+03
1.250000000000000000e+02 7.404800000000000182e+03
8.500000000000000000e+01 7.406449999999999818e+03
1.570000000000000000e+02 7.406650000000000546e+03
1.330000000000000000e+02 7.415250000000000000e+03
9.300000000000000000e+01 7.430100000000000364e+03
1.250000000000000000e+02 7.440250000000000000e+03
1.010000000000000000e+02 7.446300000000000182e+03
8.500000000000000000e+01 7.452650000000000546e+03
1.410000000000000000e+02 7.453050000000000182e+03
1.170000000000000000e+02 7.456449999999999818e+03
1.570000000000000000e+02 7.459000000000000000e+03
1.090000000000000000e+02 7.473550000000000182e+03
1.250000000000000000e+02 7.475199999999999818e+03
1.490000000000000000e+02 7.483650000000000546e+03
8.500000000000000000e+01 7.496050000000000182e+03
1.010000000000000000e+02 7.503300000000000182e+03
1.330000000000000000e+02 7.523949999999999818e+03
1.170000000000000000e+02 7.531199999999999818e+03
1.250000000000000000e+02 7.531300000000000182e+03
1.410000000000000000e+02 7.533650000000000546e+03
8.500000000000000000e+01 7.540300000000000182e+03
1.570000000000000000e+02 7.556250000000000000e+03
1.490000000000000000e+02 7.556650000000000546e+03
1.090000000000000000e+02 7.560250000000000000e+03
1.170000000000000000e+02 7.563949999999999818e+03
1.010000000000000000e+02 7.565750000000000000e+03
8.500000000000000000e+01 7.584850000000000364e+03
1.250000000000000000e+02 7.584850000000000364e+03
1.410000000000000000e+02 7.585900000000000546e+03
1.490000000000000000e+02 7.600300000000000182e+03
1.330000000000000000e+02 7.601250000000000000e+03
1.170000000000000000e+02 7.604600000000000364e+03
8.500000000000000000e+01 7.614900000000000546e+03
1.570000000000000000e+02 7.629750000000000000e+03
1.090000000000000000e+02 7.632300000000000182e+03
1.410000000000000000e+02 7.642199999999999818e+03
1.250000000000000000e+02 7.648650000000000546e+03
1.490000000000000000e+02 7.648850000000000364e+03
1.170000000000000000e+02 7.659199999999999818e+03
9.300000000000000000e+01 7.665600000000000364e+03
8.500000000000000000e+01 7.672699999999999818e+03
1.330000000000000000e+02 7.673500000000000000e+03
1.090000000000000000e+02 7.675800000000000182e+03
1.010000000000000000e+02 7.684050000000000182e+03
1.570000000000000000e+02 7.707000000000000000e+03
1.170000000000000000e+02 7.707449999999999818e+03
9.300000000000000000e+01 7.713250000000000000e+03
1.330000000000000000e+02 7.714800000000000182e+03
1.250000000000000000e+02 7.715199999999999818e+03
8.500000000000000000e+01 7.715350000000000364e+03
1.010000000000000000e+02 7.718800000000000182e+03
1.410000000000000000e+02 7.727050000000000182e+03
1.090000000000000000e+02 7.742550000000000182e+03
8.500000000000000000e+01 7.747650000000000546e+03
1.250000000000000000e+02 7.751050000000000182e+03
1.490000000000000000e+02 7.765050000000000182e+03
1.010000000000000000e+02 7.770949999999999818e+03
1.170000000000000000e+02 7.777300000000000182e+03
9.300000000000000000e+01 7.784850000000000364e+03
1.250000000000000000e+02 7.790350000000000364e+03
1.330000000000000000e+02 7.804000000000000000e+03
1.090000000000000000e+02 7.809550000000000182e+03
1.010000000000000000e+02 7.811500000000000000e+03
1.570000000000000000e+02 7.816900000000000546e+03
1.490000000000000000e+02 7.820850000000000364e+03
8.500000000000000000e+01 7.828250000000000000e+03
1.250000000000000000e+02 7.831600000000000364e+03
1.170000000000000000e+02 7.841100000000000364e+03
1.570000000000000000e+02 7.847500000000000000e+03
9.300000000000000000e+01 7.864650000000000546e+03
1.010000000000000000e+02 7.875050000000000182e+03
8.500000000000000000e+01 7.877600000000000364e+03
1.570000000000000000e+02 7.882400000000000546e+03
1.490000000000000000e+02 7.884699999999999818e+03
1.170000000000000000e+02 7.886300000000000182e+03
1.090000000000000000e+02 7.899000000000000000e+03
1.410000000000000000e+02 7.899550000000000182e+03
1.330000000000000000e+02 7.899900000000000546e+03
1.010000000000000000e+02 7.914050000000000182e+03
9.300000000000000000e+01 7.931650000000000546e+03
1.330000000000000000e+02 7.937900000000000546e+03
1.090000000000000000e+02 7.949250000000000000e+03
1.170000000000000000e+02 7.953699999999999818e+03
1.570000000000000000e+02 7.955250000000000000e+03
1.410000000000000000e+02 7.958000000000000000e+03
8.500000000000000000e+01 7.962650000000000546e+03
1.250000000000000000e+02 7.978100000000000364e+03
1.010000000000000000e+02 7.979350000000000364e+03
9.300000000000000000e+01 7.980699999999999818e+03
1.330000000000000000e+02 7.982800000000000182e+03
1.490000000000000000e+02 7.985000000000000000e+03
1.090000000000000000e+02 7.990800000000000182e+03
1.570000000000000000e+02 7.999800000000000182e+03
1.410000000000000000e+02 8.007400000000000546e+03
1.250000000000000000e+02 8.008350000000000364e+03
1.170000000000000000e+02 8.010400000000000546e+03
9.300000000000000000e+01 8.021600000000000364e+03
8.500000000000000000e+01 8.036150000000000546e+03
1.330000000000000000e+02 8.039000000000000000e+03
1.090000000000000000e+02 8.040699999999999818e+03
1.010000000000000000e+02 8.042500000000000000e+03
1.250000000000000000e+02 8.057100000000000364e+03
1.170000000000000000e+02 8.058750000000000000e+03
1.490000000000000000e+02 8.058750000000000000e+03
9.300000000000000000e+01 8.062949999999999818e+03
1.570000000000000000e+02 8.066400000000000546e+03
1.090000000000000000e+02 8.074000000000000000e+03
1.330000000000000000e+02 8.078199999999999818e+03
1.410000000000000000e+02 8.083550000000000182e+03
1.010000000000000000e+02 8.089300000000000182e+03
1.170000000000000000e+02 8.091250000000000000e+03
1.250000000000000000e+02 8.096100000000000364e+03
9.300000000000000000e+01 8.105449999999999818e+03
1.570000000000000000e+02 8.114850000000000364e+03
1.090000000000000000e+02 8.116750000000000000e+03
1.010000000000000000e+02 8.128050000000000182e+03
8.500000000000000000e+01 8.131449999999999818e+03
1.490000000000000000e+02 8.135449999999999818e+03
1.410000000000000000e+02 8.135699999999999818e+03
1.250000000000000000e+02 8.138199999999999818e+03
1.330000000000000000e+02 8.139350000000000364e+03
1.170000000000000000e+02 8.145050000000000182e+03
1.090000000000000000e+02 8.163600000000000364e+03
1.010000000000000000e+02 8.164050000000000182e+03
1.410000000000000000e+02 8.164250000000000000e+03
9.300000000000000000e+01 8.167550000000000182e+03
1.490000000000000000e+02 8.172900000000000546e+03
1.570000000000000000e+02 8.174150000000000546e+03
1.250000000000000000e+02 8.190350000000000364e+03
1.170000000000000000e+02 8.198200000000000728e+03
1.410000000000000000e+02 8.198399999999999636e+03
8.500000000000000000e+01 8.199600000000000364e+03
1.330000000000000000e+02 8.207750000000000000e+03
1.490000000000000000e+02 8.212600000000000364e+03
1.570000000000000000e+02 8.226950000000000728e+03
1.010000000000000000e+02 8.229649999999999636e+03
1.410000000000000000e+02 8.239950000000000728e+03
1.250000000000000000e+02 8.245049999999999272e+03
1.490000000000000000e+02 8.246149999999999636e+03
9.300000000000000000e+01 8.247299999999999272e+03
1.170000000000000000e+02 8.248750000000000000e+03
1.090000000000000000e+02 8.253799999999999272e+03
1.570000000000000000e+02 8.254600000000000364e+03
8.500000000000000000e+01 8.261049999999999272e+03
1.330000000000000000e+02 8.274799999999999272e+03
1.490000000000000000e+02 8.283399999999999636e+03
1.410000000000000000e+02 8.293500000000000000e+03
9.300000000000000000e+01 8.301500000000000000e+03
1.090000000000000000e+02 8.305649999999999636e+03
1.010000000000000000e+02 8.311850000000000364e+03
1.170000000000000000e+02 8.313000000000000000e+03
1.330000000000000000e+02 8.316799999999999272e+03
8.500000000000000000e+01 8.323299999999999272e+03
1.490000000000000000e+02 8.323649999999999636e+03
9.300000000000000000e+01 8.335299999999999272e+03
1.170000000000000000e+02 8.344799999999999272e+03
1.570000000000000000e+02 8.349299999999999272e+03
8.500000000000000000e+01 8.351149999999999636e+03
1.250000000000000000e+02 8.352200000000000728e+03
1.330000000000000000e+02 8.352500000000000000e+03
1.010000000000000000e+02 8.355350000000000364e+03
1.090000000000000000e+02 8.361649999999999636e+03
1.410000000000000000e+02 8.363100000000000364e+03
1.490000000000000000e+02 8.364049999999999272e+03
9.300000000000000000e+01 8.364549999999999272e+03
1.170000000000000000e+02 8.388700000000000728e+03
1.010000000000000000e+02 8.389600000000000364e+03
1.570000000000000000e+02 8.390700000000000728e+03
1.490000000000000000e+02 8.394649999999999636e+03
8.500000000000000000e+01 8.395649999999999636e+03
1.330000000000000000e+02 8.400000000000000000e+03
9.300000000000000000e+01 8.409799999999999272e+03
1.410000000000000000e+02 8.412799999999999272e+03
1.090000000000000000e+02 8.414450000000000728e+03
8.500000000000000000e+01 8.423600000000000364e+03
1.010000000000000000e+02 8.432799999999999272e+03
1.330000000000000000e+02 8.433000000000000000e+03
9.300000000000000000e+01 8.434899999999999636e+03
1.250000000000000000e+02 8.436250000000000000e+03
1.490000000000000000e+02 8.445799999999999272e+03
1.170000000000000000e+02 8.449299999999999272e+03
1.570000000000000000e+02 8.465299999999999272e+03
1.010000000000000000e+02 8.471399999999999636e+03
8.500000000000000000e+01 8.472899999999999636e+03
1.330000000000000000e+02 8.476600000000000364e+03
1.090000000000000000e+02 8.484950000000000728e+03
1.490000000000000000e+02 8.487549999999999272e+03
1.170000000000000000e+02 8.495000000000000000e+03
1.410000000000000000e+02 8.495000000000000000e+03
8.500000000000000000e+01 8.502850000000000364e+03
1.570000000000000000e+02 8.505149999999999636e+03
9.300000000000000000e+01 8.511399999999999636e+03
1.330000000000000000e+02 8.518549999999999272e+03
1.250000000000000000e+02 8.519500000000000000e+03
1.010000000000000000e+02 8.526049999999999272e+03
8.500000000000000000e+01 8.527950000000000728e+03
1.090000000000000000e+02 8.530399999999999636e+03
1.410000000000000000e+02 8.531299999999999272e+03
1.170000000000000000e+02 8.534299999999999272e+03
1.570000000000000000e+02 8.544850000000000364e+03
1.490000000000000000e+02 8.557549999999999272e+03
1.010000000000000000e+02 8.562549999999999272e+03
1.250000000000000000e+02 8.569700000000000728e+03
1.170000000000000000e+02 8.577500000000000000e+03
1.410000000000000000e+02 8.578399999999999636e+03
1.330000000000000000e+02 8.578950000000000728e+03
1.570000000000000000e+02 8.579149999999999636e+03
1.090000000000000000e+02 8.579350000000000364e+03
8.500000000000000000e+01 8.584100000000000364e+03
1.490000000000000000e+02 8.601799999999999272e+03
9.300000000000000000e+01 8.606649999999999636e+03
1.090000000000000000e+02 8.609450000000000728e+03
1.570000000000000000e+02 8.615700000000000728e+03
8.500000000000000000e+01 8.615850000000000364e+03
1.010000000000000000e+02 8.616399999999999636e+03
1.170000000000000000e+02 8.616500000000000000e+03
1.330000000000000000e+02 8.617000000000000000e+03
1.410000000000000000e+02 8.617700000000000728e+03
1.250000000000000000e+02 8.618950000000000728e+03
9.300000000000000000e+01 8.647299999999999272e+03
1.490000000000000000e+02 8.648899999999999636e+03
1.010000000000000000e+02 8.650049999999999272e+03
1.330000000000000000e+02 8.653600000000000364e+03
1.170000000000000000e+02 8.654049999999999272e+03
1.570000000000000000e+02 8.656299999999999272e+03
1.250000000000000000e+02 8.656450000000000728e+03
8.500000000000000000e+01 8.657950000000000728e+03
1.410000000000000000e+02 8.659750000000000000e+03
9.300000000000000000e+01 8.672750000000000000e+03
1.250000000000000000e+02 8.687549999999999272e+03
1.330000000000000000e+02 8.690899999999999636e+03
8.500000000000000000e+01 8.691950000000000728e+03
1.010000000000000000e+02 8.695850000000000364e+03
1.170000000000000000e+02 8.702250000000000000e+03
1.090000000000000000e+02 8.704600000000000364e+03
1.570000000000000000e+02 8.705299999999999272e+03
1.410000000000000000e+02 8.706700000000000728e+03
8.500000000000000000e+01 8.721700000000000728e+03
1.490000000000000000e+02 8.724250000000000000e+03
1.250000000000000000e+02 8.726100000000000364e+03
1.330000000000000000e+02 8.729000000000000000e+03
1.570000000000000000e+02 8.729450000000000728e+03
9.300000000000000000e+01 8.730049999999999272e+03
1.010000000000000000e+02 8.730100000000000364e+03
1.170000000000000000e+02 8.731649999999999636e+03
1.410000000000000000e+02 8.733000000000000000e+03
1.090000000000000000e+02 8.734299999999999272e+03
1.570000000000000000e+02 8.757600000000000364e+03
1.010000000000000000e+02 8.759649999999999636e+03
9.300000000000000000e+01 8.759950000000000728e+03
1.330000000000000000e+02 8.760149999999999636e+03
1.250000000000000000e+02 8.760250000000000000e+03
1.490000000000000000e+02 8.760750000000000000e+03
1.410000000000000000e+02 8.761600000000000364e+03
8.500000000000000000e+01 8.767399999999999636e+03
1.090000000000000000e+02 8.769399999999999636e+03
1.170000000000000000e+02 8.775000000000000000e+03
1.250000000000000000e+02 8.788000000000000000e+03
1.010000000000000000e+02 8.793200000000000728e+03
1.330000000000000000e+02 8.794050000000001091e+03
1.570000000000000000e+02 8.795100000000000364e+03
9.300000000000000000e+01 8.795899999999999636e+03
1.490000000000000000e+02 8.798050000000001091e+03
8.500000000000000000e+01 8.798899999999999636e+03
1.090000000000000000e+02 8.799649999999999636e+03
1.170000000000000000e+02 8.824149999999999636e+03
8.500000000000000000e+01 8.829050000000001091e+03
1.250000000000000000e+02 8.829300000000001091e+03
1.330000000000000000e+02 8.831250000000000000e+03
1.090000000000000000e+02 8.832649999999999636e+03
1.010000000000000000e+02 8.833250000000000000e+03
9.300000000000000000e+01 8.833399999999999636e+03
1.570000000000000000e+02 8.833899999999999636e+03
1.410000000000000000e+02 8.835399999999999636e+03
1.490000000000000000e+02 8.836050000000001091e+03
8.500000000000000000e+01 8.864950000000000728e+03
1.570000000000000000e+02 8.865899999999999636e+03
1.330000000000000000e+02 8.866550000000001091e+03
1.090000000000000000e+02 8.867200000000000728e+03
1.410000000000000000e+02 8.868050000000001091e+03
1.490000000000000000e+02 8.868600000000000364e+03
9.300000000000000000e+01 8.869550000000001091e+03
1.170000000000000000e+02 8.872300000000001091e+03
1.010000000000000000e+02 8.872500000000000000e+03
1.250000000000000000e+02 8.872550000000001091e+03
1.330000000000000000e+02 8.889649999999999636e+03
8.500000000000000000e+01 8.897500000000000000e+03
1.490000000000000000e+02 8.899899999999999636e+03
1.170000000000000000e+02 8.903149999999999636e+03
1.090000000000000000e+02 8.903649999999999636e+03
1.010000000000000000e+02 8.904950000000000728e+03
1.250000000000000000e+02 8.905450000000000728e+03
1.410000000000000000e+02 8.906700000000000728e+03
1.570000000000000000e+02 8.907100000000000364e+03
9.300000000000000000e+01 8.910850000000000364e+03
1.330000000000000000e+02 8.934399999999999636e+03
1.250000000000000000e+02 8.941350000000000364e+03
9.300000000000000000e+01 8.942950000000000728e+03
1.490000000000000000e+02 8.943899999999999636e+03
1.410000000000000000e+02 8.944250000000000000e+03
1.170000000000000000e+02 8.944450000000000728e+03
1.570000000000000000e+02 8.945100000000000364e+03
8.500000000000000000e+01 8.945149999999999636e+03
1.010000000000000000e+02 8.946200000000000728e+03
1.090000000000000000e+02 8.946149999999999636e+03
1.330000000000000000e+02 8.975550000000001091e+03
8.500000000000000000e+01 8.978250000000000000e+03
1.250000000000000000e+02 8.978300000000001091e+03
1.170000000000000000e+02 8.979600000000000364e+03
1.090000000000000000e+02 8.979950000000000728e+03
9.300000000000000000e+01 8.981300000000001091e+03
1.010000000000000000e+02 8.981350000000000364e+03
1.490000000000000000e+02 8.982300000000001091e+03
1.570000000000000000e+02 8.982350000000000364e+03
1.410000000000000000e+02 8.983350000000000364e+03
1.330000000000000000e+02 9.018050000000001091e+03
1.410000000000000000e+02 9.018899999999999636e+03
1.090000000000000000e+02 9.019250000000000000e+03
1.490000000000000000e+02 9.019600000000000364e+03
1.010000000000000000e+02 9.019800000000001091e+03
1.170000000000000000e+02 9.019750000000000000e+03
1.570000000000000000e+02 9.020250000000000000e+03
9.300000000000000000e+01 9.020750000000000000e+03
1.250000000000000000e+02 9.020800000000001091e+03
8.500000000000000000e+01 9.021200000000000728e+03
1.490000000000000000e+02 9.052700000000000728e+03
1.090000000000000000e+02 9.052750000000000000e+03
8.500000000000000000e+01 9.054050000000001091e+03
1.250000000000000000e+02 9.055500000000000000e+03
1.570000000000000000e+02 9.055550000000001091e+03
1.010000000000000000e+02 9.055700000000000728e+03
1.410000000000000000e+02 9.057750000000000000e+03
1.330000000000000000e+02 9.057899999999999636e+03
9.300000000000000000e+01 9.058250000000000000e+03
1.170000000000000000e+02 9.059100000000000364e+03
8.500000000000000000e+01 9.087850000000000364e+03
1.090000000000000000e+02 9.090000000000000000e+03
1.330000000000000000e+02 9.090500000000000000e+03
1.010000000000000000e+02 9.090600000000000364e+03
1.410000000000000000e+02 9.091600000000000364e+03
1.570000000000000000e+02 9.092300000000001091e+03
1.250000000000000000e+02 9.093350000000000364e+03
1.490000000000000000e+02 9.093600000000000364e+03
1.170000000000000000e+02 9.094600000000000364e+03
9.300000000000000000e+01 9.095300000000001091e+03
8.500000000000000000e+01 9.119899999999999636e+03
1.010000000000000000e+02 9.120100000000000364e+03
1.330000000000000000e+02 9.122950000000000728e+03
1.090000000000000000e+02 9.123100000000000364e+03
1.490000000000000000e+02 9.124350000000000364e+03
1.410000000000000000e+02 9.125100000000000364e+03
1.250000000000000000e+02 9.126100000000000364e+03
1.570000000000000000e+02 9.126149999999999636e+03
1.170000000000000000e+02 9.126700000000000728e+03
9.300000000000000000e+01 9.127100000000000364e+03
1.490000000000000000e+02 9.147250000000000000e+03
1.410000000000000000e+02 9.154750000000000000e+03
8.500000000000000000e+01 9.156350000000000364e+03
1.010000000000000000e+02 9.156399999999999636e+03
1.090000000000000000e+02 9.157300000000001091e+03
1.250000000000000000e+02 9.157649999999999636e+03
1.570000000000000000e+02 9.158050000000001091e+03
9.300000000000000000e+01 9.158700000000000728e+03
1.170000000000000000e+02 9.158850000000000364e+03
1.330000000000000000e+02 9.159200000000000728e+03
1.090000000000000000e+02 9.179649999999999636e+03
1.490000000000000000e+02 9.183149999999999636e+03
9.300000000000000000e+01 9.192600000000000364e+03
1.410000000000000000e+02 9.192700000000000728e+03
1.570000000000000000e+02 9.192700000000000728e+03
1.010000000000000000e+02 9.192750000000000000e+03
1.170000000000000000e+02 9.193350000000000364e+03
1.330000000000000000e+02 9.193500000000000000e+03
1.250000000000000000e+02 9.194200000000000728e+03
8.500000000000000000e+01 9.195350000000000364e+03
1.090000000000000000e+02 9.206200000000000728e+03
1.570000000000000000e+02 9.217950000000000728e+03
1.410000000000000000e+02 9.222300000000001091e+03
9.300000000000000000e+01 9.223500000000000000e+03
1.330000000000000000e+02 9.226149999999999636e+03
1.170000000000000000e+02 9.226350000000000364e+03
8.500000000000000000e+01 9.226649999999999636e+03
1.490000000000000000e+02 9.226850000000000364e+03
1.010000000000000000e+02 9.227000000000000000e+03
1.250000000000000000e+02 9.227200000000000728e+03
1.090000000000000000e+02 9.228149999999999636e+03
9.300000000000000000e+01 9.250899999999999636e+03
1.250000000000000000e+02 9.254600000000000364e+03
1.570000000000000000e+02 9.256350000000000364e+03
1.170000000000000000e+02 9.258750000000000000e+03
1.330000000000000000e+02 9.260500000000000000e+03
1.410000000000000000e+02 9.261000000000000000e+03
1.090000000000000000e+02 9.261100000000000364e+03
1.490000000000000000e+02 9.261149999999999636e+03
1.010000000000000000e+02 9.261700000000000728e+03
8.500000000000000000e+01 9.261800000000001091e+03
1.570000000000000000e+02 9.293500000000000000e+03
9.300000000000000000e+01 9.294350000000000364e+03
1.410000000000000000e+02 9.295399999999999636e+03
1.250000000000000000e+02 9.295550000000001091e+03
1.490000000000000000e+02 9.296250000000000000e+03
1.090000000000000000e+02 9.296350000000000364e+03
1.170000000000000000e+02 9.296350000000000364e+03
1.330000000000000000e+02 9.296350000000000364e+03
8.500000000000000000e+01 9.296600000000000364e+03
1.010000000000000000e+02 9.297300000000001091e+03
1.410000000000000000e+02 9.322899999999999636e+03
1.330000000000000000e+02 9.323300000000001091e+03
1.010000000000000000e+02 9.324649999999999636e+03
1.570000000000000000e+02 9.324850000000000364e+03
1.090000000000000000e+02 9.325800000000001091e+03
1.170000000000000000e+02 9.325899999999999636e+03
9.300000000000000000e+01 9.326100000000000364e+03
1.250000000000000000e+02 9.326100000000000364e+03
1.490000000000000000e+02 9.327000000000000000e+03
8.500000000000000000e+01 9.327750000000000000e+03
1.170000000000000000e+02 9.354300000000001091e+03
1.330000000000000000e+02 9.357750000000000000e+03
1.010000000000000000e+02 9.358250000000000000e+03
1.090000000000000000e+02 9.358600000000000364e+03
1.250000000000000000e+02 9.359050000000001091e+03
1.570000000000000000e+02 9.359649999999999636e+03
1.490000000000000000e+02 9.360000000000000000e+03
9.300000000000000000e+01 9.360399999999999636e+03
1.410000000000000000e+02 9.360850000000000364e+03
8.500000000000000000e+01 9.361100000000000364e+03
1.330000000000000000e+02 9.389850000000000364e+03
1.170000000000000000e+02 9.390750000000000000e+03
1.010000000000000000e+02 9.392649999999999636e+03
1.250000000000000000e+02 9.392800000000001091e+03
8.500000000000000000e+01 9.394000000000000000e+03
1.090000000000000000e+02 9.394149999999999636e+03
9.300000000000000000e+01 9.394700000000000728e+03
1.570000000000000000e+02 9.395000000000000000e+03
1.410000000000000000e+02 9.395250000000000000e+03
1.490000000000000000e+02 9.395300000000001091e+03
1.330000000000000000e+02 9.426100000000000364e+03
1.170000000000000000e+02 9.427100000000000364e+03
1.250000000000000000e+02 9.427050000000001091e+03
1.090000000000000000e+02 9.427350000000000364e+03
1.570000000000000000e+02 9.427500000000000000e+03
1.010000000000000000e+02 9.428000000000000000e+03
1.490000000000000000e+02 9.428000000000000000e+03
9.300000000000000000e+01 9.428250000000000000e+03
8.500000000000000000e+01 9.428450000000000728e+03
1.410000000000000000e+02 9.429100000000000364e+03
1.410000000000000000e+02 9.457300000000001091e+03
1.490000000000000000e+02 9.458600000000000364e+03
1.570000000000000000e+02 9.459350000000000364e+03
9.300000000000000000e+01 9.462050000000001091e+03
1.170000000000000000e+02 9.462050000000001091e+03
1.090000000000000000e+02 9.462399999999999636e+03
1.330000000000000000e+02 9.462350000000000364e+03
1.250000000000000000e+02 9.463050000000001091e+03
8.500000000000000000e+01 9.463300000000001091e+03
1.010000000000000000e+02 9.463450000000000728e+03
1.410000000000000000e+02 9.483050000000001091e+03
1.570000000000000000e+02 9.487149999999999636e+03
1.490000000000000000e+02 9.490350000000000364e+03
1.330000000000000000e+02 9.492200000000000728e+03
8.500000000000000000e+01 9.493300000000001091e+03
9.300000000000000000e+01 9.493500000000000000e+03
1.170000000000000000e+02 9.493550000000001091e+03
1.090000000000000000e+02 9.494200000000000728e+03
1.010000000000000000e+02 9.494300000000001091e+03
1.250000000000000000e+02 9.494649999999999636e+03
1.570000000000000000e+02 9.505050000000001091e+03
1.410000000000000000e+02 9.514149999999999636e+03
1.490000000000000000e+02 9.517200000000000728e+03
1.010000000000000000e+02 9.521600000000000364e+03
1.330000000000000000e+02 9.522100000000000364e+03
8.500000000000000000e+01 9.522700000000000728e+03
1.250000000000000000e+02 9.523350000000000364e+03
1.090000000000000000e+02 9.523550000000001091e+03
1.170000000000000000e+02 9.524250000000000000e+03
9.300000000000000000e+01 9.524399999999999636e+03
1.570000000000000000e+02 9.524700000000000728e+03
1.410000000000000000e+02 9.533550000000001091e+03
1.010000000000000000e+02 9.542000000000000000e+03
1.490000000000000000e+02 9.546250000000000000e+03
1.330000000000000000e+02 9.549050000000001091e+03
8.500000000000000000e+01 9.549550000000001091e+03
9.300000000000000000e+01 9.550149999999999636e+03
1.250000000000000000e+02 9.550899999999999636e+03
1.090000000000000000e+02 9.552100000000000364e+03
1.570000000000000000e+02 9.552050000000001091e+03
1.170000000000000000e+02 9.552500000000000000e+03
1.410000000000000000e+02 9.554649999999999636e+03
1.010000000000000000e+02 9.561950000000000728e+03
1.090000000000000000e+02 9.579700000000000728e+03
1.250000000000000000e+02 9.579750000000000000e+03
1.170000000000000000e+02 9.581149999999999636e+03
9.300000000000000000e+01 9.582649999999999636e+03
1.570000000000000000e+02 9.582750000000000000e+03
1.330000000000000000e+02 9.583000000000000000e+03
8.500000000000000000e+01 9.583600000000000364e+03
1.410000000000000000e+02 9.583700000000000728e+03
1.490000000000000000e+02 9.583649999999999636e+03
1.010000000000000000e+02 9.583850000000000364e+03
1.410000000000000000e+02 9.605950000000000728e+03
1.170000000000000000e+02 9.611100000000000364e+03
1.250000000000000000e+02 9.613350000000000364e+03
1.330000000000000000e+02 9.613700000000000728e+03
1.570000000000000000e+02 9.613700000000000728e+03
1.010000000000000000e+02 9.613800000000001091e+03
8.500000000000000000e+01 9.614000000000000000e+03
1.090000000000000000e+02 9.614600000000000364e+03
9.300000000000000000e+01 9.614850000000000364e+03
1.490000000000000000e+02 9.615050000000001091e+03
1.090000000000000000e+02 9.640149999999999636e+03
1.010000000000000000e+02 9.644600000000000364e+03
1.170000000000000000e+02 9.645850000000000364e+03
1.490000000000000000e+02 9.646149999999999636e+03
1.250000000000000000e+02 9.646899999999999636e+03
1.410000000000000000e+02 9.646950000000000728e+03
1.570000000000000000e+02 9.647000000000000000e+03
8.500000000000000000e+01 9.647550000000001091e+03
1.330000000000000000e+02 9.647550000000001091e+03
9.300000000000000000e+01 9.647700000000000728e+03
1.010000000000000000e+02 9.672800000000001091e+03
1.410000000000000000e+02 9.674350000000000364e+03
1.090000000000000000e+02 9.675850000000000364e+03
1.330000000000000000e+02 9.676850000000000364e+03
1.490000000000000000e+02 9.677149999999999636e+03
1.170000000000000000e+02 9.677550000000001091e+03
1.570000000000000000e+02 9.677950000000000728e+03
8.500000000000000000e+01 9.678550000000001091e+03
1.250000000000000000e+02 9.678800000000001091e+03
9.300000000000000000e+01 9.679000000000000000e+03
1.010000000000000000e+02 9.705250000000000000e+03
9.300000000000000000e+01 9.705500000000000000e+03
1.170000000000000000e+02 9.708050000000001091e+03
1.410000000000000000e+02 9.708600000000000364e+03
1.490000000000000000e+02 9.710750000000000000e+03
1.330000000000000000e+02 9.711550000000001091e+03
1.570000000000000000e+02 9.711550000000001091e+03
1.250000000000000000e+02 9.711800000000001091e+03
8.500000000000000000e+01 9.712000000000000000e+03
1.090000000000000000e+02 9.712600000000000364e+03
9.300000000000000000e+01 9.720899999999999636e+03
1.490000000000000000e+02 9.741800000000001091e+03
1.010000000000000000e+02 9.742000000000000000e+03
8.500000000000000000e+01 9.742649999999999636e+03
1.170000000000000000e+02 9.743399999999999636e+03
1.570000000000000000e+02 9.743350000000000364e+03
1.410000000000000000e+02 9.743700000000000728e+03
1.250000000000000000e+02 9.743950000000000728e+03
1.090000000000000000e+02 9.744050000000001091e+03
1.330000000000000000e+02 9.744350000000000364e+03
9.300000000000000000e+01 9.744899999999999636e+03
1.490000000000000000e+02 9.771100000000000364e+03
1.250000000000000000e+02 9.775950000000000728e+03
1.090000000000000000e+02 9.776850000000000364e+03
1.010000000000000000e+02 9.776950000000000728e+03
8.500000000000000000e+01 9.777050000000001091e+03
1.570000000000000000e+02 9.777100000000000364e+03
1.170000000000000000e+02 9.777350000000000364e+03
9.300000000000000000e+01 9.777850000000000364e+03
1.330000000000000000e+02 9.778100000000000364e+03
1.410000000000000000e+02 9.778250000000000000e+03
1.250000000000000000e+02 9.801350000000000364e+03
9.300000000000000000e+01 9.802450000000000728e+03
1.090000000000000000e+02 9.803649999999999636e+03
1.570000000000000000e+02 9.805700000000000728e+03
8.500000000000000000e+01 9.806300000000001091e+03
1.170000000000000000e+02 9.807899999999999636e+03
1.410000000000000000e+02 9.808100000000000364e+03
1.010000000000000000e+02 9.808350000000000364e+03
1.330000000000000000e+02 9.808550000000001091e+03
1.490000000000000000e+02 9.808649999999999636e+03
9.300000000000000000e+01 9.816850000000000364e+03
1.250000000000000000e+02 9.828750000000000000e+03
1.330000000000000000e+02 9.830600000000000364e+03
1.570000000000000000e+02 9.834399999999999636e+03
8.500000000000000000e+01 9.834649999999999636e+03
1.410000000000000000e+02 9.834700000000000728e+03
1.010000000000000000e+02 9.836300000000001091e+03
1.090000000000000000e+02 9.836300000000001091e+03
1.490000000000000000e+02 9.836750000000000000e+03
1.170000000000000000e+02 9.837450000000000728e+03
9.300000000000000000e+01 9.838550000000001091e+03
1.250000000000000000e+02 9.842649999999999636e+03
1.330000000000000000e+02 9.858050000000001091e+03
1.570000000000000000e+02 9.858250000000000000e+03
8.500000000000000000e+01 9.859050000000001091e+03
1.410000000000000000e+02 9.862450000000000728e+03
9.300000000000000000e+01 9.862550000000001091e+03
1.090000000000000000e+02 9.863100000000000364e+03
1.010000000000000000e+02 9.863550000000001091e+03
1.490000000000000000e+02 9.863600000000000364e+03
1.170000000000000000e+02 9.864000000000000000e+03
1.250000000000000000e+02 9.864300000000001091e+03
8.500000000000000000e+01 9.886250000000000000e+03
1.410000000000000000e+02 9.888399999999999636e+03
1.570000000000000000e+02 9.889399999999999636e+03
1.330000000000000000e+02 9.890500000000000000e+03
9.300000000000000000e+01 9.891300000000001091e+03
1.250000000000000000e+02 9.892100000000000364e+03
1.490000000000000000e+02 9.892399999999999636e+03
1.010000000000000000e+02 9.893100000000000364e+03
1.090000000000000000e+02 9.893399999999999636e+03
1.170000000000000000e+02 9.893500000000000000e+03
8.500000000000000000e+01 9.909800000000001091e+03
1.250000000000000000e+02 9.918050000000001091e+03
1.570000000000000000e+02 9.921250000000000000e+03
9.300000000000000000e+01 9.921700000000000728e+03
1.170000000000000000e+02 9.921700000000000728e+03
1.090000000000000000e+02 9.922649999999999636e+03
1.490000000000000000e+02 9.922800000000001091e+03
1.010000000000000000e+02 9.923600000000000364e+03
1.410000000000000000e+02 9.923850000000000364e+03
1.330000000000000000e+02 9.924500000000000000e+03
8.500000000000000000e+01 9.927800000000001091e+03
1.250000000000000000e+02 9.946399999999999636e+03
1.170000000000000000e+02 9.947050000000001091e+03
1.410000000000000000e+02 9.948649999999999636e+03
1.490000000000000000e+02 9.948649999999999636e+03
1.090000000000000000e+02 9.949000000000000000e+03
9.300000000000000000e+01 9.949300000000001091e+03
1.570000000000000000e+02 9.949600000000000364e+03
1.010000000000000000e+02 9.950050000000001091e+03
1.330000000000000000e+02 9.950850000000000364e+03
8.500000000000000000e+01 9.951000000000000000e+03
1.250000000000000000e+02 9.961800000000001091e+03
1.170000000000000000e+02 9.968899999999999636e+03
1.090000000000000000e+02 9.975149999999999636e+03
9.300000000000000000e+01 9.975399999999999636e+03
1.410000000000000000e+02 9.976750000000000000e+03
1.010000000000000000e+02 9.977149999999999636e+03
1.330000000000000000e+02 9.979100000000000364e+03
1.490000000000000000e+02 9.979950000000000728e+03
1.570000000000000000e+02 9.980149999999999636e+03
1.250000000000000000e+02 9.980250000000000000e+03
8.500000000000000000e+01 9.980500000000000000e+03
1.170000000000000000e+02 9.986399999999999636e+03
1.410000000000000000e+02 1.000470000000000073e+04
1.010000000000000000e+02 1.007755000000000109e+04
1.170000000000000000e+02 1.052139999999999964e+04
8.500000000000000000e+01 1.056660000000000036e+04
1.490000000000000000e+02 1.057295000000000073e+04
1.250000000000000000e+02 1.057585000000000036e+04
9.300000000000000000e+01 1.058080000000000109e+04
1.570000000000000000e+02 1.058105000000000109e+04
1.410000000000000000e+02 1.058175000000000000e+04
1.090000000000000000e+02 1.058214999999999964e+04
1.010000000000000000e+02 1.058280000000000109e+04
1.170000000000000000e+02 1.058310000000000036e+04
1.330000000000000000e+02 1.058405000000000109e+04
9.300000000000000000e+01 1.066664999999999964e+04
8.500000000000000000e+01 1.076039999999999964e+04
1.330000000000000000e+02 1.076460000000000036e+04
9.300000000000000000e+01 1.118030000000000109e+04
1.490000000000000000e+02 1.118185000000000036e+04
1.010000000000000000e+02 1.144975000000000000e+04
1.170000000000000000e+02 1.151335000000000036e+04
1.170000000000000000e+02 1.159535000000000036e+04
1.410000000000000000e+02 1.208864999999999964e+04
1.010000000000000000e+02 1.293325000000000000e+04
9.300000000000000000e+01 1.293839999999999964e+04
9.300000000000000000e+01 1.372885000000000036e+04
8.500000000000000000e+01 1.424495000000000073e+04
1.090000000000000000e+02 1.430150000000000000e+04
9.300000000000000000e+01 1.447120000000000073e+04
1.170000000000000000e+02 1.457035000000000036e+04
1.250000000000000000e+02 1.457750000000000000e+04
1.490000000000000000e+02 1.459020000000000073e+04
8.500000000000000000e+01 1.459300000000000000e+04
1.010000000000000000e+02 1.459450000000000000e+04
1.330000000000000000e+02 1.459535000000000036e+04
1.090000000000000000e+02 1.459585000000000036e+04
9.300000000000000000e+01 1.459625000000000000e+04
1.570000000000000000e+02 1.459655000000000109e+04
1.410000000000000000e+02 1.459714999999999964e+04
1.170000000000000000e+02 1.459805000000000109e+04
1.250000000000000000e+02 1.459895000000000073e+04
1.170000000000000000e+02 1.560045000000000073e+04
1.570000000000000000e+02 1.576660000000000036e+04
1.250000000000000000e+02 1.600405000000000109e+04
1.170000000000000000e+02 1.629780000000000109e+04
9.300000000000000000e+01 1.649804999999999927e+04
8.500000000000000000e+01 1.682440000000000146e+04
1.010000000000000000e+02 1.774525000000000000e+04
8.500000000000000000e+01 1.805660000000000218e+04
1.410000000000000000e+02 1.806204999999999927e+04
1.090000000000000000e+02 1.807265000000000146e+04
1.010000000000000000e+02 1.807404999999999927e+04
1.570000000000000000e+02 1.807404999999999927e+04
1.170000000000000000e+02 1.807685000000000218e+04
1.330000000000000000e+02 1.807785000000000218e+04
1.250000000000000000e+02 1.807854999999999927e+04
9.300000000000000000e+01 1.807879999999999927e+04
1.490000000000000000e+02 1.807935000000000218e+04
8.500000000000000000e+01 1.808125000000000000e+04
1.410000000000000000e+02 1.808240000000000146e+04
1.330000000000000000e+02 1.814645000000000073e+04
1.570000000000000000e+02 1.816150000000000000e+04
9.300000000000000000e+01 1.816379999999999927e+04
8.500000000000000000e+01 1.816425000000000000e+04
1.410000000000000000e+02 1.816570000000000073e+04
1.490000000000000000e+02 1.816615000000000146e+04
1.250000000000000000e+02 1.816635000000000218e+04
1.090000000000000000e+02 1.816679999999999927e+04
1.010000000000000000e+02 1.816725000000000000e+04
1.170000000000000000e+02 1.816740000000000146e+04
1.330000000000000000e+02 1.816910000000000218e+04
1.330000000000000000e+02 1.825500000000000000e+04
1.490000000000000000e+02 1.825915000000000146e+04
1.250000000000000000e+02 1.826020000000000073e+04
1.170000000000000000e+02 1.826220000000000073e+04
8.500000000000000000e+01 1.826315000000000146e+04
1.570000000000000000e+02 1.826460000000000218e+04
1.010000000000000000e+02 1.826490000000000146e+04
9.300000000000000000e+01 1.826579999999999927e+04
1.090000000000000000e+02 1.826640000000000146e+04
1.410000000000000000e+02 1.826685000000000218e+04
1.490000000000000000e+02 1.847429999999999927e+04
8.500000000000000000e+01 1.858579999999999927e+04
9.300000000000000000e+01 1.859090000000000146e+04
1.090000000000000000e+02 1.859200000000000000e+04
1.410000000000000000e+02 1.859260000000000218e+04
1.010000000000000000e+02 1.859310000000000218e+04
1.170000000000000000e+02 1.859350000000000000e+04
1.330000000000000000e+02 1.859370000000000073e+04
1.490000000000000000e+02 1.859385000000000218e+04
1.570000000000000000e+02 1.859410000000000218e+04
1.250000000000000000e+02 1.859429999999999927e+04
1.250000000000000000e+02 1.875000000000000000e+04
8.500000000000000000e+01 1.875629999999999927e+04
1.330000000000000000e+02 1.875875000000000000e+04
1.410000000000000000e+02 1.876110000000000218e+04
1.170000000000000000e+02 1.923554999999999927e+04
1.410000000000000000e+02 1.937175000000000000e+04
1.250000000000000000e+02 1.955670000000000073e+04
1.570000000000000000e+02 1.969520000000000073e+04
1.410000000000000000e+02 1.970904999999999927e+04
9.300000000000000000e+01 1.978729999999999927e+04
1.170000000000000000e+02 1.990470000000000073e+04
1.250000000000000000e+02 1.991025000000000000e+04
1.570000000000000000e+02 2.010720000000000073e+04
1.170000000000000000e+02 2.013050000000000000e+04
1.410000000000000000e+02 2.014925000000000000e+04
1.330000000000000000e+02 2.056085000000000218e+04
1.090000000000000000e+02 2.069610000000000218e+04
9.300000000000000000e+01 2.148860000000000218e+04
1.410000000000000000e+02 2.149145000000000073e+04
1.330000000000000000e+02 2.224310000000000218e+04
1.410000000000000000e+02 2.239704999999999927e+04
1.010000000000000000e+02 2.247340000000000146e+04
1.570000000000000000e+02 2.247390000000000146e+04
1.170000000000000000e+02 2.247545000000000073e+04
1.490000000000000000e+02 2.247610000000000218e+04
1.090000000000000000e+02 2.247615000000000146e+04
9.300000000000000000e+01 2.247625000000000000e+04
1.410000000000000000e+02 2.247690000000000146e+04
1.250000000000000000e+02 2.247710000000000218e+04
1.330000000000000000e+02 2.247725000000000000e+04
8.500000000000000000e+01 2.247750000000000000e+04
1.330000000000000000e+02 2.256815000000000146e+04
1.250000000000000000e+02 2.257525000000000000e+04
1.570000000000000000e+02 2.257635000000000218e+04
8.500000000000000000e+01 2.258029999999999927e+04
1.410000000000000000e+02 2.258329999999999927e+04
1.090000000000000000e+02 2.258429999999999927e+04
1.170000000000000000e+02 2.258500000000000000e+04
9.300000000000000000e+01 2.258510000000000218e+04
1.490000000000000000e+02 2.258660000000000218e+04
1.010000000000000000e+02 2.258695000000000073e+04
1.330000000000000000e+02 2.258840000000000146e+04
1.490000000000000000e+02 2.266925000000000000e+04
1.330000000000000000e+02 2.280185000000000218e+04
1.410000000000000000e+02 2.281400000000000000e+04
1.490000000000000000e+02 2.292590000000000146e+04
1.330000000000000000e+02 2.298579999999999927e+04
8.500000000000000000e+01 2.299335000000000218e+04
1.170000000000000000e+02 2.299440000000000146e+04
1.090000000000000000e+02 2.299470000000000073e+04
1.490000000000000000e+02 2.299475000000000000e+04
1.570000000000000000e+02 2.299479999999999927e+04
9.300000000000000000e+01 2.299490000000000146e+04
1.250000000000000000e+02 2.299485000000000218e+04
1.410000000000000000e+02 2.299490000000000146e+04
1.010000000000000000e+02 2.299520000000000073e+04
8.600000000000000000e+01 3.447500000000000000e+02
1.580000000000000000e+02 6.941499999999999773e+02
1.020000000000000000e+02 7.170500000000000682e+02
1.340000000000000000e+02 7.382000000000000455e+02
1.260000000000000000e+02 9.520000000000000000e+02
1.020000000000000000e+02 1.191700000000000045e+03
1.580000000000000000e+02 1.226250000000000000e+03
8.600000000000000000e+01 1.267100000000000136e+03
1.020000000000000000e+02 1.295049999999999955e+03
1.100000000000000000e+02 2.046299999999999955e+03
1.180000000000000000e+02 2.146250000000000000e+03
1.020000000000000000e+02 2.339550000000000182e+03
1.500000000000000000e+02 2.497849999999999909e+03
9.400000000000000000e+01 2.673550000000000182e+03
1.420000000000000000e+02 3.253550000000000182e+03
1.580000000000000000e+02 4.377699999999999818e+03
8.600000000000000000e+01 4.660699999999999818e+03
8.600000000000000000e+01 5.068699999999999818e+03
9.400000000000000000e+01 6.340850000000000364e+03
1.020000000000000000e+02 6.369350000000000364e+03
1.180000000000000000e+02 6.547850000000000364e+03
1.020000000000000000e+02 6.598100000000000364e+03
1.260000000000000000e+02 6.705699999999999818e+03
1.500000000000000000e+02 6.801300000000000182e+03
1.580000000000000000e+02 6.866199999999999818e+03
1.420000000000000000e+02 6.974699999999999818e+03
1.580000000000000000e+02 7.024150000000000546e+03
9.400000000000000000e+01 7.025949999999999818e+03
8.600000000000000000e+01 7.031050000000000182e+03
1.020000000000000000e+02 7.033699999999999818e+03
1.100000000000000000e+02 7.047300000000000182e+03
1.340000000000000000e+02 7.049949999999999818e+03
1.180000000000000000e+02 7.052050000000000182e+03
1.420000000000000000e+02 7.058500000000000000e+03
1.340000000000000000e+02 7.092449999999999818e+03
1.260000000000000000e+02 7.103650000000000546e+03
1.500000000000000000e+02 7.111449999999999818e+03
1.180000000000000000e+02 7.113400000000000546e+03
1.580000000000000000e+02 7.114600000000000364e+03
1.420000000000000000e+02 7.117449999999999818e+03
1.020000000000000000e+02 7.120350000000000364e+03
1.100000000000000000e+02 7.133050000000000182e+03
9.400000000000000000e+01 7.145050000000000182e+03
1.340000000000000000e+02 7.151449999999999818e+03
1.580000000000000000e+02 7.156350000000000364e+03
1.180000000000000000e+02 7.163900000000000546e+03
1.420000000000000000e+02 7.170400000000000546e+03
1.500000000000000000e+02 7.178000000000000000e+03
1.020000000000000000e+02 7.185600000000000364e+03
1.100000000000000000e+02 7.187600000000000364e+03
8.600000000000000000e+01 7.193100000000000364e+03
1.260000000000000000e+02 7.199850000000000364e+03
1.180000000000000000e+02 7.210699999999999818e+03
1.500000000000000000e+02 7.223400000000000546e+03
1.100000000000000000e+02 7.226600000000000364e+03
1.340000000000000000e+02 7.229550000000000182e+03
1.020000000000000000e+02 7.229699999999999818e+03
9.400000000000000000e+01 7.247500000000000000e+03
1.180000000000000000e+02 7.247600000000000364e+03
1.580000000000000000e+02 7.256250000000000000e+03
1.100000000000000000e+02 7.273100000000000364e+03
1.500000000000000000e+02 7.275600000000000364e+03
1.420000000000000000e+02 7.276850000000000364e+03
1.260000000000000000e+02 7.294199999999999818e+03
9.400000000000000000e+01 7.298250000000000000e+03
1.340000000000000000e+02 7.301350000000000364e+03
1.020000000000000000e+02 7.302350000000000364e+03
9.400000000000000000e+01 7.338350000000000364e+03
8.600000000000000000e+01 7.338750000000000000e+03
1.180000000000000000e+02 7.338800000000000182e+03
1.260000000000000000e+02 7.343050000000000182e+03
1.580000000000000000e+02 7.357600000000000364e+03
1.500000000000000000e+02 7.367050000000000182e+03
1.100000000000000000e+02 7.369050000000000182e+03
9.400000000000000000e+01 7.389650000000000546e+03
1.340000000000000000e+02 7.391000000000000000e+03
1.420000000000000000e+02 7.395400000000000546e+03
1.260000000000000000e+02 7.395699999999999818e+03
1.180000000000000000e+02 7.412400000000000546e+03
1.580000000000000000e+02 7.419449999999999818e+03
1.100000000000000000e+02 7.442100000000000364e+03
1.260000000000000000e+02 7.454100000000000364e+03
1.580000000000000000e+02 7.457900000000000546e+03
1.340000000000000000e+02 7.459699999999999818e+03
1.180000000000000000e+02 7.465600000000000364e+03
1.500000000000000000e+02 7.471550000000000182e+03
9.400000000000000000e+01 7.474949999999999818e+03
1.100000000000000000e+02 7.491050000000000182e+03
1.020000000000000000e+02 7.494800000000000182e+03
1.260000000000000000e+02 7.496850000000000364e+03
8.600000000000000000e+01 7.500050000000000182e+03
1.420000000000000000e+02 7.503449999999999818e+03
1.580000000000000000e+02 7.508550000000000182e+03
1.500000000000000000e+02 7.516900000000000546e+03
9.400000000000000000e+01 7.533199999999999818e+03
1.340000000000000000e+02 7.535550000000000182e+03
1.100000000000000000e+02 7.535850000000000364e+03
1.180000000000000000e+02 7.535900000000000546e+03
8.600000000000000000e+01 7.538050000000000182e+03
1.260000000000000000e+02 7.542100000000000364e+03
9.400000000000000000e+01 7.561600000000000364e+03
1.180000000000000000e+02 7.567600000000000364e+03
1.020000000000000000e+02 7.574949999999999818e+03
8.600000000000000000e+01 7.583050000000000182e+03
1.420000000000000000e+02 7.589650000000000546e+03
1.340000000000000000e+02 7.596250000000000000e+03
1.580000000000000000e+02 7.606449999999999818e+03
1.260000000000000000e+02 7.615949999999999818e+03
1.500000000000000000e+02 7.620650000000000546e+03
1.180000000000000000e+02 7.622949999999999818e+03
1.020000000000000000e+02 7.624199999999999818e+03
9.400000000000000000e+01 7.630750000000000000e+03
1.340000000000000000e+02 7.632100000000000364e+03
1.100000000000000000e+02 7.636550000000000182e+03
1.020000000000000000e+02 7.661100000000000364e+03
1.260000000000000000e+02 7.673500000000000000e+03
1.580000000000000000e+02 7.675800000000000182e+03
1.500000000000000000e+02 7.676300000000000182e+03
9.400000000000000000e+01 7.696400000000000546e+03
1.020000000000000000e+02 7.698600000000000364e+03
1.340000000000000000e+02 7.702100000000000364e+03
1.180000000000000000e+02 7.705449999999999818e+03
1.420000000000000000e+02 7.729000000000000000e+03
8.600000000000000000e+01 7.731400000000000546e+03
1.500000000000000000e+02 7.739900000000000546e+03
9.400000000000000000e+01 7.740750000000000000e+03
1.020000000000000000e+02 7.742500000000000000e+03
1.580000000000000000e+02 7.743250000000000000e+03
1.260000000000000000e+02 7.743449999999999818e+03
1.180000000000000000e+02 7.769300000000000182e+03
1.260000000000000000e+02 7.778449999999999818e+03
9.400000000000000000e+01 7.778900000000000546e+03
1.340000000000000000e+02 7.785300000000000182e+03
1.020000000000000000e+02 7.786600000000000364e+03
1.100000000000000000e+02 7.787750000000000000e+03
1.420000000000000000e+02 7.789000000000000000e+03
1.500000000000000000e+02 7.812050000000000182e+03
1.340000000000000000e+02 7.817400000000000546e+03
1.020000000000000000e+02 7.819650000000000546e+03
1.580000000000000000e+02 7.828400000000000546e+03
1.180000000000000000e+02 7.829250000000000000e+03
1.100000000000000000e+02 7.838449999999999818e+03
1.260000000000000000e+02 7.840850000000000364e+03
9.400000000000000000e+01 7.843550000000000182e+03
1.180000000000000000e+02 7.867449999999999818e+03
1.020000000000000000e+02 7.871850000000000364e+03
1.420000000000000000e+02 7.877699999999999818e+03
1.340000000000000000e+02 7.883550000000000182e+03
1.580000000000000000e+02 7.883850000000000364e+03
9.400000000000000000e+01 7.887150000000000546e+03
1.100000000000000000e+02 7.895750000000000000e+03
1.500000000000000000e+02 7.912949999999999818e+03
1.180000000000000000e+02 7.919150000000000546e+03
1.580000000000000000e+02 7.930199999999999818e+03
9.400000000000000000e+01 7.934400000000000546e+03
8.600000000000000000e+01 7.937650000000000546e+03
1.260000000000000000e+02 7.941050000000000182e+03
1.340000000000000000e+02 7.941500000000000000e+03
1.020000000000000000e+02 7.955100000000000364e+03
1.500000000000000000e+02 7.958400000000000546e+03
1.100000000000000000e+02 7.964550000000000182e+03
1.580000000000000000e+02 7.966350000000000364e+03
1.180000000000000000e+02 7.967150000000000546e+03
1.260000000000000000e+02 7.984550000000000182e+03
1.340000000000000000e+02 7.992500000000000000e+03
1.580000000000000000e+02 8.006600000000000364e+03
9.400000000000000000e+01 8.007400000000000546e+03
1.180000000000000000e+02 8.011400000000000546e+03
1.500000000000000000e+02 8.014699999999999818e+03
1.020000000000000000e+02 8.018300000000000182e+03
1.260000000000000000e+02 8.022600000000000364e+03
8.600000000000000000e+01 8.031000000000000000e+03
1.100000000000000000e+02 8.038550000000000182e+03
1.180000000000000000e+02 8.063750000000000000e+03
9.400000000000000000e+01 8.073350000000000364e+03
8.600000000000000000e+01 8.073900000000000546e+03
1.020000000000000000e+02 8.076000000000000000e+03
1.260000000000000000e+02 8.079050000000000182e+03
1.340000000000000000e+02 8.086449999999999818e+03
1.580000000000000000e+02 8.087650000000000546e+03
1.500000000000000000e+02 8.090350000000000364e+03
1.100000000000000000e+02 8.091650000000000546e+03
1.420000000000000000e+02 8.106250000000000000e+03
1.180000000000000000e+02 8.113600000000000364e+03
9.400000000000000000e+01 8.127400000000000546e+03
1.580000000000000000e+02 8.133550000000000182e+03
1.260000000000000000e+02 8.135350000000000364e+03
8.600000000000000000e+01 8.142449999999999818e+03
1.420000000000000000e+02 8.144150000000000546e+03
1.020000000000000000e+02 8.153050000000000182e+03
1.180000000000000000e+02 8.164300000000000182e+03
1.500000000000000000e+02 8.170550000000000182e+03
1.420000000000000000e+02 8.184199999999999818e+03
1.580000000000000000e+02 8.187300000000000182e+03
1.340000000000000000e+02 8.195000000000000000e+03
8.600000000000000000e+01 8.198649999999999636e+03
1.260000000000000000e+02 8.200350000000000364e+03
9.400000000000000000e+01 8.201549999999999272e+03
1.020000000000000000e+02 8.201899999999999636e+03
1.500000000000000000e+02 8.205950000000000728e+03
1.180000000000000000e+02 8.209450000000000728e+03
1.420000000000000000e+02 8.233750000000000000e+03
1.580000000000000000e+02 8.234600000000000364e+03
1.340000000000000000e+02 8.238399999999999636e+03
1.260000000000000000e+02 8.251450000000000728e+03
1.020000000000000000e+02 8.254000000000000000e+03
8.600000000000000000e+01 8.254450000000000728e+03
1.100000000000000000e+02 8.255200000000000728e+03
1.180000000000000000e+02 8.255500000000000000e+03
1.580000000000000000e+02 8.269250000000000000e+03
1.420000000000000000e+02 8.270100000000000364e+03
9.400000000000000000e+01 8.273700000000000728e+03
1.340000000000000000e+02 8.274500000000000000e+03
1.500000000000000000e+02 8.276149999999999636e+03
1.100000000000000000e+02 8.278799999999999272e+03
1.260000000000000000e+02 8.289100000000000364e+03
9.400000000000000000e+01 8.296350000000000364e+03
1.020000000000000000e+02 8.297250000000000000e+03
1.340000000000000000e+02 8.307899999999999636e+03
1.420000000000000000e+02 8.314049999999999272e+03
1.180000000000000000e+02 8.318549999999999272e+03
1.580000000000000000e+02 8.325149999999999636e+03
8.600000000000000000e+01 8.327250000000000000e+03
1.340000000000000000e+02 8.336000000000000000e+03
1.100000000000000000e+02 8.344200000000000728e+03
9.400000000000000000e+01 8.345250000000000000e+03
1.020000000000000000e+02 8.348500000000000000e+03
1.260000000000000000e+02 8.355700000000000728e+03
1.500000000000000000e+02 8.357100000000000364e+03
8.600000000000000000e+01 8.361299999999999272e+03
1.180000000000000000e+02 8.361750000000000000e+03
1.580000000000000000e+02 8.363299999999999272e+03
1.420000000000000000e+02 8.363500000000000000e+03
9.400000000000000000e+01 8.370100000000000364e+03
1.340000000000000000e+02 8.391700000000000728e+03
1.020000000000000000e+02 8.395649999999999636e+03
1.100000000000000000e+02 8.397750000000000000e+03
1.580000000000000000e+02 8.399299999999999272e+03
1.420000000000000000e+02 8.401750000000000000e+03
8.600000000000000000e+01 8.402950000000000728e+03
1.180000000000000000e+02 8.406899999999999636e+03
9.400000000000000000e+01 8.410500000000000000e+03
1.260000000000000000e+02 8.411250000000000000e+03
1.500000000000000000e+02 8.423149999999999636e+03
1.020000000000000000e+02 8.430149999999999636e+03
1.420000000000000000e+02 8.433350000000000364e+03
1.100000000000000000e+02 8.433549999999999272e+03
8.600000000000000000e+01 8.434850000000000364e+03
1.180000000000000000e+02 8.435299999999999272e+03
1.340000000000000000e+02 8.443600000000000364e+03
1.260000000000000000e+02 8.447000000000000000e+03
1.580000000000000000e+02 8.451250000000000000e+03
1.180000000000000000e+02 8.454299999999999272e+03
9.400000000000000000e+01 8.464149999999999636e+03
1.500000000000000000e+02 8.465450000000000728e+03
1.020000000000000000e+02 8.467500000000000000e+03
8.600000000000000000e+01 8.473700000000000728e+03
1.420000000000000000e+02 8.476649999999999636e+03
1.260000000000000000e+02 8.478950000000000728e+03
1.180000000000000000e+02 8.480450000000000728e+03
1.100000000000000000e+02 8.481500000000000000e+03
1.340000000000000000e+02 8.486549999999999272e+03
1.580000000000000000e+02 8.493049999999999272e+03
1.020000000000000000e+02 8.506049999999999272e+03
1.500000000000000000e+02 8.510000000000000000e+03
1.180000000000000000e+02 8.511399999999999636e+03
1.100000000000000000e+02 8.514250000000000000e+03
8.600000000000000000e+01 8.518049999999999272e+03
1.580000000000000000e+02 8.524799999999999272e+03
9.400000000000000000e+01 8.529100000000000364e+03
1.340000000000000000e+02 8.529600000000000364e+03
1.020000000000000000e+02 8.533850000000000364e+03
1.260000000000000000e+02 8.535600000000000364e+03
1.420000000000000000e+02 8.545700000000000728e+03
1.100000000000000000e+02 8.549299999999999272e+03
1.500000000000000000e+02 8.555950000000000728e+03
8.600000000000000000e+01 8.563500000000000000e+03
1.180000000000000000e+02 8.567500000000000000e+03
9.400000000000000000e+01 8.575649999999999636e+03
1.340000000000000000e+02 8.579200000000000728e+03
1.260000000000000000e+02 8.583549999999999272e+03
1.020000000000000000e+02 8.584250000000000000e+03
1.100000000000000000e+02 8.588450000000000728e+03
1.420000000000000000e+02 8.593649999999999636e+03
1.500000000000000000e+02 8.594100000000000364e+03
1.580000000000000000e+02 8.603450000000000728e+03
1.180000000000000000e+02 8.604700000000000728e+03
8.600000000000000000e+01 8.611950000000000728e+03
9.400000000000000000e+01 8.612700000000000728e+03
1.420000000000000000e+02 8.615399999999999636e+03
1.340000000000000000e+02 8.617000000000000000e+03
1.260000000000000000e+02 8.617549999999999272e+03
1.580000000000000000e+02 8.626250000000000000e+03
1.100000000000000000e+02 8.629649999999999636e+03
1.020000000000000000e+02 8.630100000000000364e+03
1.500000000000000000e+02 8.638500000000000000e+03
1.180000000000000000e+02 8.639299999999999272e+03
8.600000000000000000e+01 8.653649999999999636e+03
1.420000000000000000e+02 8.654850000000000364e+03
1.100000000000000000e+02 8.655600000000000364e+03
9.400000000000000000e+01 8.656600000000000364e+03
1.260000000000000000e+02 8.657250000000000000e+03
1.340000000000000000e+02 8.657649999999999636e+03
1.580000000000000000e+02 8.662500000000000000e+03
1.500000000000000000e+02 8.666850000000000364e+03
1.020000000000000000e+02 8.671149999999999636e+03
1.420000000000000000e+02 8.689399999999999636e+03
1.100000000000000000e+02 8.691899999999999636e+03
1.180000000000000000e+02 8.692200000000000728e+03
8.600000000000000000e+01 8.693250000000000000e+03
1.260000000000000000e+02 8.693250000000000000e+03
1.340000000000000000e+02 8.693399999999999636e+03
9.400000000000000000e+01 8.696200000000000728e+03
1.580000000000000000e+02 8.698700000000000728e+03
1.020000000000000000e+02 8.704549999999999272e+03
1.500000000000000000e+02 8.708200000000000728e+03
1.420000000000000000e+02 8.719850000000000364e+03
1.340000000000000000e+02 8.723950000000000728e+03
1.580000000000000000e+02 8.725149999999999636e+03
8.600000000000000000e+01 8.727250000000000000e+03
1.180000000000000000e+02 8.730350000000000364e+03
9.400000000000000000e+01 8.733100000000000364e+03
1.500000000000000000e+02 8.748750000000000000e+03
1.100000000000000000e+02 8.749300000000001091e+03
1.020000000000000000e+02 8.750649999999999636e+03
1.260000000000000000e+02 8.753450000000000728e+03
1.580000000000000000e+02 8.755850000000000364e+03
1.340000000000000000e+02 8.757100000000000364e+03
1.420000000000000000e+02 8.763500000000000000e+03
8.600000000000000000e+01 8.764649999999999636e+03
1.500000000000000000e+02 8.787149999999999636e+03
9.400000000000000000e+01 8.789700000000000728e+03
1.020000000000000000e+02 8.792550000000001091e+03
1.100000000000000000e+02 8.794950000000000728e+03
1.580000000000000000e+02 8.796600000000000364e+03
1.180000000000000000e+02 8.797399999999999636e+03
1.260000000000000000e+02 8.798100000000000364e+03
1.420000000000000000e+02 8.800700000000000728e+03
8.600000000000000000e+01 8.807899999999999636e+03
9.400000000000000000e+01 8.813800000000001091e+03
1.260000000000000000e+02 8.819350000000000364e+03
1.340000000000000000e+02 8.832300000000001091e+03
1.500000000000000000e+02 8.832450000000000728e+03
1.020000000000000000e+02 8.834899999999999636e+03
1.180000000000000000e+02 8.835550000000001091e+03
1.580000000000000000e+02 8.835550000000001091e+03
1.100000000000000000e+02 8.836899999999999636e+03
1.420000000000000000e+02 8.842950000000000728e+03
9.400000000000000000e+01 8.845399999999999636e+03
1.500000000000000000e+02 8.862800000000001091e+03
8.600000000000000000e+01 8.868550000000001091e+03
1.020000000000000000e+02 8.868600000000000364e+03
1.260000000000000000e+02 8.869350000000000364e+03
1.100000000000000000e+02 8.870550000000001091e+03
1.180000000000000000e+02 8.871100000000000364e+03
1.340000000000000000e+02 8.872399999999999636e+03
1.420000000000000000e+02 8.872649999999999636e+03
9.400000000000000000e+01 8.874050000000001091e+03
1.580000000000000000e+02 8.874649999999999636e+03
1.500000000000000000e+02 8.898649999999999636e+03
1.340000000000000000e+02 8.900550000000001091e+03
1.580000000000000000e+02 8.900899999999999636e+03
1.180000000000000000e+02 8.901600000000000364e+03
1.260000000000000000e+02 8.903550000000001091e+03
1.100000000000000000e+02 8.903950000000000728e+03
1.020000000000000000e+02 8.905300000000001091e+03
8.600000000000000000e+01 8.906399999999999636e+03
1.420000000000000000e+02 8.907000000000000000e+03
9.400000000000000000e+01 8.910450000000000728e+03
8.600000000000000000e+01 8.938399999999999636e+03
1.260000000000000000e+02 8.939950000000000728e+03
1.420000000000000000e+02 8.940399999999999636e+03
9.400000000000000000e+01 8.941649999999999636e+03
1.580000000000000000e+02 8.943500000000000000e+03
1.100000000000000000e+02 8.943800000000001091e+03
1.500000000000000000e+02 8.944600000000000364e+03
1.180000000000000000e+02 8.944649999999999636e+03
1.020000000000000000e+02 8.945300000000001091e+03
1.340000000000000000e+02 8.948950000000000728e+03
8.600000000000000000e+01 8.977450000000000728e+03
1.100000000000000000e+02 8.980200000000000728e+03
1.580000000000000000e+02 8.980800000000001091e+03
9.400000000000000000e+01 8.981399999999999636e+03
1.420000000000000000e+02 8.981550000000001091e+03
1.500000000000000000e+02 8.981950000000000728e+03
1.340000000000000000e+02 8.982700000000000728e+03
1.180000000000000000e+02 8.982850000000000364e+03
1.260000000000000000e+02 8.983149999999999636e+03
1.020000000000000000e+02 8.984450000000000728e+03
1.260000000000000000e+02 9.010350000000000364e+03
1.420000000000000000e+02 9.016100000000000364e+03
1.580000000000000000e+02 9.016050000000001091e+03
8.600000000000000000e+01 9.017350000000000364e+03
1.500000000000000000e+02 9.017899999999999636e+03
1.180000000000000000e+02 9.018250000000000000e+03
1.100000000000000000e+02 9.019200000000000728e+03
1.340000000000000000e+02 9.019300000000001091e+03
1.020000000000000000e+02 9.020000000000000000e+03
9.400000000000000000e+01 9.020450000000000728e+03
8.600000000000000000e+01 9.047600000000000364e+03
1.580000000000000000e+02 9.049300000000001091e+03
1.260000000000000000e+02 9.052250000000000000e+03
1.340000000000000000e+02 9.053300000000001091e+03
1.500000000000000000e+02 9.054050000000001091e+03
1.180000000000000000e+02 9.054649999999999636e+03
1.420000000000000000e+02 9.056800000000001091e+03
1.100000000000000000e+02 9.057149999999999636e+03
1.020000000000000000e+02 9.057750000000000000e+03
9.400000000000000000e+01 9.058800000000001091e+03
1.180000000000000000e+02 9.083600000000000364e+03
1.580000000000000000e+02 9.086600000000000364e+03
8.600000000000000000e+01 9.091200000000000728e+03
1.340000000000000000e+02 9.091649999999999636e+03
1.500000000000000000e+02 9.092899999999999636e+03
1.020000000000000000e+02 9.093100000000000364e+03
1.420000000000000000e+02 9.093200000000000728e+03
1.100000000000000000e+02 9.093550000000001091e+03
9.400000000000000000e+01 9.094250000000000000e+03
1.180000000000000000e+02 9.113500000000000000e+03
1.580000000000000000e+02 9.114649999999999636e+03
1.260000000000000000e+02 9.116750000000000000e+03
1.340000000000000000e+02 9.120649999999999636e+03
1.420000000000000000e+02 9.122100000000000364e+03
1.020000000000000000e+02 9.122149999999999636e+03
8.600000000000000000e+01 9.125250000000000000e+03
1.100000000000000000e+02 9.125399999999999636e+03
9.400000000000000000e+01 9.125649999999999636e+03
1.500000000000000000e+02 9.127350000000000364e+03
1.180000000000000000e+02 9.139550000000001091e+03
1.340000000000000000e+02 9.145500000000000000e+03
1.580000000000000000e+02 9.151600000000000364e+03
1.420000000000000000e+02 9.151800000000001091e+03
8.600000000000000000e+01 9.155649999999999636e+03
1.260000000000000000e+02 9.156399999999999636e+03
1.500000000000000000e+02 9.157000000000000000e+03
1.020000000000000000e+02 9.157850000000000364e+03
9.400000000000000000e+01 9.159100000000000364e+03
1.100000000000000000e+02 9.159649999999999636e+03
1.420000000000000000e+02 9.172100000000000364e+03
1.340000000000000000e+02 9.180800000000001091e+03
1.580000000000000000e+02 9.189300000000001091e+03
1.500000000000000000e+02 9.192399999999999636e+03
1.180000000000000000e+02 9.192850000000000364e+03
1.260000000000000000e+02 9.193200000000000728e+03
9.400000000000000000e+01 9.193899999999999636e+03
8.600000000000000000e+01 9.194200000000000728e+03
1.020000000000000000e+02 9.194200000000000728e+03
1.100000000000000000e+02 9.194750000000000000e+03
1.420000000000000000e+02 9.211750000000000000e+03
1.580000000000000000e+02 9.220399999999999636e+03
1.020000000000000000e+02 9.224350000000000364e+03
1.100000000000000000e+02 9.225550000000001091e+03
9.400000000000000000e+01 9.226000000000000000e+03
1.180000000000000000e+02 9.226149999999999636e+03
1.500000000000000000e+02 9.226350000000000364e+03
1.340000000000000000e+02 9.226649999999999636e+03
8.600000000000000000e+01 9.226850000000000364e+03
1.260000000000000000e+02 9.227149999999999636e+03
1.420000000000000000e+02 9.245750000000000000e+03
1.020000000000000000e+02 9.259950000000000728e+03
1.180000000000000000e+02 9.260050000000001091e+03
9.400000000000000000e+01 9.260200000000000728e+03
1.100000000000000000e+02 9.260649999999999636e+03
8.600000000000000000e+01 9.260850000000000364e+03
1.500000000000000000e+02 9.260850000000000364e+03
1.580000000000000000e+02 9.261000000000000000e+03
1.260000000000000000e+02 9.261450000000000728e+03
1.340000000000000000e+02 9.261750000000000000e+03
1.420000000000000000e+02 9.262950000000000728e+03
1.500000000000000000e+02 9.290850000000000364e+03
1.180000000000000000e+02 9.294550000000001091e+03
9.400000000000000000e+01 9.294700000000000728e+03
1.100000000000000000e+02 9.294750000000000000e+03
1.020000000000000000e+02 9.295350000000000364e+03
1.580000000000000000e+02 9.295350000000000364e+03
1.260000000000000000e+02 9.295450000000000728e+03
8.600000000000000000e+01 9.295950000000000728e+03
1.340000000000000000e+02 9.297250000000000000e+03
1.420000000000000000e+02 9.297850000000000364e+03
1.100000000000000000e+02 9.324250000000000000e+03
1.180000000000000000e+02 9.324399999999999636e+03
1.500000000000000000e+02 9.324899999999999636e+03
1.020000000000000000e+02 9.325850000000000364e+03
9.400000000000000000e+01 9.326100000000000364e+03
1.260000000000000000e+02 9.326100000000000364e+03
1.340000000000000000e+02 9.326600000000000364e+03
1.420000000000000000e+02 9.326550000000001091e+03
1.580000000000000000e+02 9.326800000000001091e+03
8.600000000000000000e+01 9.327149999999999636e+03
1.420000000000000000e+02 9.356600000000000364e+03
1.180000000000000000e+02 9.357399999999999636e+03
8.600000000000000000e+01 9.358649999999999636e+03
1.020000000000000000e+02 9.359200000000000728e+03
9.400000000000000000e+01 9.359600000000000364e+03
1.260000000000000000e+02 9.359550000000001091e+03
1.340000000000000000e+02 9.359800000000001091e+03
1.580000000000000000e+02 9.360300000000001091e+03
1.100000000000000000e+02 9.360500000000000000e+03
1.500000000000000000e+02 9.361500000000000000e+03
1.580000000000000000e+02 9.391700000000000728e+03
1.260000000000000000e+02 9.392600000000000364e+03
1.500000000000000000e+02 9.392649999999999636e+03
1.340000000000000000e+02 9.392950000000000728e+03
9.400000000000000000e+01 9.393300000000001091e+03
1.420000000000000000e+02 9.393250000000000000e+03
1.100000000000000000e+02 9.394050000000001091e+03
8.600000000000000000e+01 9.394550000000001091e+03
1.020000000000000000e+02 9.394600000000000364e+03
1.180000000000000000e+02 9.394550000000001091e+03
1.100000000000000000e+02 9.425000000000000000e+03
1.180000000000000000e+02 9.426600000000000364e+03
8.600000000000000000e+01 9.426649999999999636e+03
1.580000000000000000e+02 9.427700000000000728e+03
1.260000000000000000e+02 9.428550000000001091e+03
9.400000000000000000e+01 9.428700000000000728e+03
1.340000000000000000e+02 9.428750000000000000e+03
1.500000000000000000e+02 9.429100000000000364e+03
1.020000000000000000e+02 9.429149999999999636e+03
1.420000000000000000e+02 9.429649999999999636e+03
1.020000000000000000e+02 9.459200000000000728e+03
9.400000000000000000e+01 9.461149999999999636e+03
1.100000000000000000e+02 9.461250000000000000e+03
1.340000000000000000e+02 9.461450000000000728e+03
1.260000000000000000e+02 9.462550000000001091e+03
1.180000000000000000e+02 9.463149999999999636e+03
8.600000000000000000e+01 9.463300000000001091e+03
1.500000000000000000e+02 9.463399999999999636e+03
1.420000000000000000e+02 9.463550000000001091e+03
1.580000000000000000e+02 9.463750000000000000e+03
1.020000000000000000e+02 9.488250000000000000e+03
1.340000000000000000e+02 9.492250000000000000e+03
1.260000000000000000e+02 9.492649999999999636e+03
8.600000000000000000e+01 9.492750000000000000e+03
1.100000000000000000e+02 9.492850000000000364e+03
9.400000000000000000e+01 9.493399999999999636e+03
1.420000000000000000e+02 9.493450000000000728e+03
1.500000000000000000e+02 9.494000000000000000e+03
1.580000000000000000e+02 9.494050000000001091e+03
1.180000000000000000e+02 9.494850000000000364e+03
1.100000000000000000e+02 9.516700000000000728e+03
1.020000000000000000e+02 9.518800000000001091e+03
9.400000000000000000e+01 9.522100000000000364e+03
1.580000000000000000e+02 9.523050000000001091e+03
8.600000000000000000e+01 9.523550000000001091e+03
1.180000000000000000e+02 9.523700000000000728e+03
1.340000000000000000e+02 9.523950000000000728e+03
1.420000000000000000e+02 9.524550000000001091e+03
1.500000000000000000e+02 9.524600000000000364e+03
1.260000000000000000e+02 9.525100000000000364e+03
1.100000000000000000e+02 9.544300000000001091e+03
1.580000000000000000e+02 9.548950000000000728e+03
9.400000000000000000e+01 9.550950000000000728e+03
8.600000000000000000e+01 9.551050000000001091e+03
1.020000000000000000e+02 9.551300000000001091e+03
1.340000000000000000e+02 9.551700000000000728e+03
1.420000000000000000e+02 9.552550000000001091e+03
1.500000000000000000e+02 9.552750000000000000e+03
1.180000000000000000e+02 9.552950000000000728e+03
1.260000000000000000e+02 9.554149999999999636e+03
1.100000000000000000e+02 9.558050000000001091e+03
9.400000000000000000e+01 9.580300000000001091e+03
1.420000000000000000e+02 9.580350000000000364e+03
1.580000000000000000e+02 9.580950000000000728e+03
1.180000000000000000e+02 9.582450000000000728e+03
1.500000000000000000e+02 9.582450000000000728e+03
1.340000000000000000e+02 9.583250000000000000e+03
1.020000000000000000e+02 9.583399999999999636e+03
8.600000000000000000e+01 9.584350000000000364e+03
1.100000000000000000e+02 9.584600000000000364e+03
1.260000000000000000e+02 9.584850000000000364e+03
1.500000000000000000e+02 9.607149999999999636e+03
9.400000000000000000e+01 9.610149999999999636e+03
1.420000000000000000e+02 9.612550000000001091e+03
1.180000000000000000e+02 9.613350000000000364e+03
8.600000000000000000e+01 9.614350000000000364e+03
1.580000000000000000e+02 9.614750000000000000e+03
1.260000000000000000e+02 9.615250000000000000e+03
1.100000000000000000e+02 9.615399999999999636e+03
1.020000000000000000e+02 9.615700000000000728e+03
1.340000000000000000e+02 9.615649999999999636e+03
1.500000000000000000e+02 9.634600000000000364e+03
1.180000000000000000e+02 9.644600000000000364e+03
9.400000000000000000e+01 9.645700000000000728e+03
1.100000000000000000e+02 9.645649999999999636e+03
1.420000000000000000e+02 9.646300000000001091e+03
1.260000000000000000e+02 9.646600000000000364e+03
1.580000000000000000e+02 9.646750000000000000e+03
1.020000000000000000e+02 9.647100000000000364e+03
8.600000000000000000e+01 9.647600000000000364e+03
1.340000000000000000e+02 9.647649999999999636e+03
1.500000000000000000e+02 9.657500000000000000e+03
1.100000000000000000e+02 9.671500000000000000e+03
8.600000000000000000e+01 9.673200000000000728e+03
9.400000000000000000e+01 9.676050000000001091e+03
1.340000000000000000e+02 9.676300000000001091e+03
1.020000000000000000e+02 9.677250000000000000e+03
1.580000000000000000e+02 9.677450000000000728e+03
1.180000000000000000e+02 9.677550000000001091e+03
1.260000000000000000e+02 9.678000000000000000e+03
1.420000000000000000e+02 9.679149999999999636e+03
1.500000000000000000e+02 9.681350000000000364e+03
1.180000000000000000e+02 9.708350000000000364e+03
1.260000000000000000e+02 9.709750000000000000e+03
1.420000000000000000e+02 9.709899999999999636e+03
1.100000000000000000e+02 9.710050000000001091e+03
8.600000000000000000e+01 9.710800000000001091e+03
9.400000000000000000e+01 9.710750000000000000e+03
1.580000000000000000e+02 9.710899999999999636e+03
1.340000000000000000e+02 9.711700000000000728e+03
1.020000000000000000e+02 9.711899999999999636e+03
1.500000000000000000e+02 9.712500000000000000e+03
1.420000000000000000e+02 9.735000000000000000e+03
9.400000000000000000e+01 9.737850000000000364e+03
1.100000000000000000e+02 9.740750000000000000e+03
1.020000000000000000e+02 9.743600000000000364e+03
1.260000000000000000e+02 9.743550000000001091e+03
1.500000000000000000e+02 9.743700000000000728e+03
1.580000000000000000e+02 9.743649999999999636e+03
8.600000000000000000e+01 9.744200000000000728e+03
1.340000000000000000e+02 9.744149999999999636e+03
1.180000000000000000e+02 9.744800000000001091e+03
9.400000000000000000e+01 9.774850000000000364e+03
8.600000000000000000e+01 9.776399999999999636e+03
1.420000000000000000e+02 9.777600000000000364e+03
1.580000000000000000e+02 9.777550000000001091e+03
1.100000000000000000e+02 9.777800000000001091e+03
1.500000000000000000e+02 9.777750000000000000e+03
1.020000000000000000e+02 9.778100000000000364e+03
1.260000000000000000e+02 9.778050000000001091e+03
1.340000000000000000e+02 9.778350000000000364e+03
1.180000000000000000e+02 9.778800000000001091e+03
1.500000000000000000e+02 9.804250000000000000e+03
8.600000000000000000e+01 9.807149999999999636e+03
1.100000000000000000e+02 9.807250000000000000e+03
9.400000000000000000e+01 9.807450000000000728e+03
1.180000000000000000e+02 9.807750000000000000e+03
1.420000000000000000e+02 9.807800000000001091e+03
1.020000000000000000e+02 9.807950000000000728e+03
1.340000000000000000e+02 9.807950000000000728e+03
1.260000000000000000e+02 9.808500000000000000e+03
1.580000000000000000e+02 9.808500000000000000e+03
1.500000000000000000e+02 9.828750000000000000e+03
1.180000000000000000e+02 9.830899999999999636e+03
1.260000000000000000e+02 9.832550000000001091e+03
1.580000000000000000e+02 9.835149999999999636e+03
1.020000000000000000e+02 9.835250000000000000e+03
1.340000000000000000e+02 9.835700000000000728e+03
9.400000000000000000e+01 9.836300000000001091e+03
1.100000000000000000e+02 9.836850000000000364e+03
1.420000000000000000e+02 9.837600000000000364e+03
8.600000000000000000e+01 9.837649999999999636e+03
1.180000000000000000e+02 9.849399999999999636e+03
1.260000000000000000e+02 9.850350000000000364e+03
1.500000000000000000e+02 9.858899999999999636e+03
8.600000000000000000e+01 9.859750000000000000e+03
1.420000000000000000e+02 9.861100000000000364e+03
1.020000000000000000e+02 9.861300000000001091e+03
1.340000000000000000e+02 9.861600000000000364e+03
1.580000000000000000e+02 9.862899999999999636e+03
1.100000000000000000e+02 9.863250000000000000e+03
9.400000000000000000e+01 9.864000000000000000e+03
1.180000000000000000e+02 9.864550000000001091e+03
1.260000000000000000e+02 9.864950000000000728e+03
1.020000000000000000e+02 9.885649999999999636e+03
1.420000000000000000e+02 9.886200000000000728e+03
1.180000000000000000e+02 9.891100000000000364e+03
1.260000000000000000e+02 9.891399999999999636e+03
1.580000000000000000e+02 9.891450000000000728e+03
1.340000000000000000e+02 9.891600000000000364e+03
9.400000000000000000e+01 9.892149999999999636e+03
8.600000000000000000e+01 9.892250000000000000e+03
1.100000000000000000e+02 9.892550000000001091e+03
1.500000000000000000e+02 9.892800000000001091e+03
1.020000000000000000e+02 9.905000000000000000e+03
9.400000000000000000e+01 9.918350000000000364e+03
1.180000000000000000e+02 9.919600000000000364e+03
1.500000000000000000e+02 9.922950000000000728e+03
1.260000000000000000e+02 9.923149999999999636e+03
1.420000000000000000e+02 9.923450000000000728e+03
1.340000000000000000e+02 9.923899999999999636e+03
1.580000000000000000e+02 9.924000000000000000e+03
8.600000000000000000e+01 9.924200000000000728e+03
1.100000000000000000e+02 9.924200000000000728e+03
1.020000000000000000e+02 9.926649999999999636e+03
9.400000000000000000e+01 9.944649999999999636e+03
1.180000000000000000e+02 9.947100000000000364e+03
8.600000000000000000e+01 9.949450000000000728e+03
1.420000000000000000e+02 9.950250000000000000e+03
1.500000000000000000e+02 9.950350000000000364e+03
1.100000000000000000e+02 9.950899999999999636e+03
1.260000000000000000e+02 9.950850000000000364e+03
1.340000000000000000e+02 9.951250000000000000e+03
1.580000000000000000e+02 9.951250000000000000e+03
1.020000000000000000e+02 9.951399999999999636e+03
1.260000000000000000e+02 9.977250000000000000e+03
1.100000000000000000e+02 9.977649999999999636e+03
9.400000000000000000e+01 9.978000000000000000e+03
1.500000000000000000e+02 9.978450000000000728e+03
8.600000000000000000e+01 9.978800000000001091e+03
1.180000000000000000e+02 9.978750000000000000e+03
1.020000000000000000e+02 9.979200000000000728e+03
1.420000000000000000e+02 9.979600000000000364e+03
1.580000000000000000e+02 9.979950000000000728e+03
1.340000000000000000e+02 9.980100000000000364e+03
1.100000000000000000e+02 1.009245000000000073e+04
1.180000000000000000e+02 1.014775000000000000e+04
1.180000000000000000e+02 1.055060000000000036e+04
1.340000000000000000e+02 1.056920000000000073e+04
1.420000000000000000e+02 1.057639999999999964e+04
1.260000000000000000e+02 1.058214999999999964e+04
9.400000000000000000e+01 1.058275000000000000e+04
8.600000000000000000e+01 1.058295000000000073e+04
1.020000000000000000e+02 1.058364999999999964e+04
1.100000000000000000e+02 1.058385000000000036e+04
1.500000000000000000e+02 1.058385000000000036e+04
1.580000000000000000e+02 1.058455000000000109e+04
1.180000000000000000e+02 1.058525000000000000e+04
9.400000000000000000e+01 1.070439999999999964e+04
8.600000000000000000e+01 1.074810000000000036e+04
1.580000000000000000e+02 1.088525000000000000e+04
1.500000000000000000e+02 1.091214999999999964e+04
9.400000000000000000e+01 1.091489999999999964e+04
1.180000000000000000e+02 1.119614999999999964e+04
1.180000000000000000e+02 1.152970000000000073e+04
1.420000000000000000e+02 1.153235000000000036e+04
1.260000000000000000e+02 1.156555000000000109e+04
1.580000000000000000e+02 1.169355000000000109e+04
1.020000000000000000e+02 1.191050000000000000e+04
1.100000000000000000e+02 1.231420000000000073e+04
1.500000000000000000e+02 1.254945000000000073e+04
1.260000000000000000e+02 1.273100000000000000e+04
1.260000000000000000e+02 1.372995000000000073e+04
1.020000000000000000e+02 1.426775000000000000e+04
1.020000000000000000e+02 1.439150000000000000e+04
1.180000000000000000e+02 1.444439999999999964e+04
1.180000000000000000e+02 1.454920000000000073e+04
1.100000000000000000e+02 1.455045000000000073e+04
1.500000000000000000e+02 1.457630000000000109e+04
1.420000000000000000e+02 1.458030000000000109e+04
1.340000000000000000e+02 1.458680000000000109e+04
1.020000000000000000e+02 1.459350000000000000e+04
1.100000000000000000e+02 1.459510000000000036e+04
8.600000000000000000e+01 1.459580000000000109e+04
1.180000000000000000e+02 1.459614999999999964e+04
1.260000000000000000e+02 1.459630000000000109e+04
1.580000000000000000e+02 1.459625000000000000e+04
9.400000000000000000e+01 1.459635000000000036e+04
1.500000000000000000e+02 1.459839999999999964e+04
1.180000000000000000e+02 1.488810000000000036e+04
1.100000000000000000e+02 1.500764999999999964e+04
9.400000000000000000e+01 1.505395000000000073e+04
1.260000000000000000e+02 1.520885000000000036e+04
9.400000000000000000e+01 1.521110000000000036e+04
1.420000000000000000e+02 1.568180000000000109e+04
1.260000000000000000e+02 1.588980000000000109e+04
1.340000000000000000e+02 1.639254999999999927e+04
8.600000000000000000e+01 1.668715000000000146e+04
1.180000000000000000e+02 1.718990000000000146e+04
1.020000000000000000e+02 1.780035000000000218e+04
1.260000000000000000e+02 1.802295000000000073e+04
9.400000000000000000e+01 1.802454999999999927e+04
1.500000000000000000e+02 1.807695000000000073e+04
1.420000000000000000e+02 1.807740000000000146e+04
1.180000000000000000e+02 1.807770000000000073e+04
1.260000000000000000e+02 1.807775000000000000e+04
9.400000000000000000e+01 1.807785000000000218e+04
1.100000000000000000e+02 1.807800000000000000e+04
8.600000000000000000e+01 1.807810000000000218e+04
1.340000000000000000e+02 1.807815000000000146e+04
1.020000000000000000e+02 1.807845000000000073e+04
1.580000000000000000e+02 1.807875000000000000e+04
1.500000000000000000e+02 1.814840000000000146e+04
1.420000000000000000e+02 1.815545000000000073e+04
1.020000000000000000e+02 1.815965000000000146e+04
1.340000000000000000e+02 1.816245000000000073e+04
8.600000000000000000e+01 1.816420000000000073e+04
1.100000000000000000e+02 1.816570000000000073e+04
1.580000000000000000e+02 1.816565000000000146e+04
9.400000000000000000e+01 1.816640000000000146e+04
1.180000000000000000e+02 1.816654999999999927e+04
1.260000000000000000e+02 1.816685000000000218e+04
1.500000000000000000e+02 1.816879999999999927e+04
9.400000000000000000e+01 1.825415000000000146e+04
8.600000000000000000e+01 1.826035000000000218e+04
1.580000000000000000e+02 1.826125000000000000e+04
1.260000000000000000e+02 1.826279999999999927e+04
1.180000000000000000e+02 1.826400000000000000e+04
1.020000000000000000e+02 1.826445000000000073e+04
1.100000000000000000e+02 1.826475000000000000e+04
1.340000000000000000e+02 1.826515000000000146e+04
1.420000000000000000e+02 1.826554999999999927e+04
1.500000000000000000e+02 1.826629999999999927e+04
8.600000000000000000e+01 1.847670000000000073e+04
1.500000000000000000e+02 1.847890000000000146e+04
1.340000000000000000e+02 1.858154999999999927e+04
1.500000000000000000e+02 1.858475000000000000e+04
1.260000000000000000e+02 1.859145000000000073e+04
9.400000000000000000e+01 1.859275000000000000e+04
1.420000000000000000e+02 1.859304999999999927e+04
1.580000000000000000e+02 1.859325000000000000e+04
1.180000000000000000e+02 1.859345000000000073e+04
8.600000000000000000e+01 1.859435000000000218e+04
1.020000000000000000e+02 1.859450000000000000e+04
1.100000000000000000e+02 1.859445000000000073e+04
1.340000000000000000e+02 1.859870000000000073e+04
8.600000000000000000e+01 1.876354999999999927e+04
1.100000000000000000e+02 1.876829999999999927e+04
1.420000000000000000e+02 1.888045000000000073e+04
1.020000000000000000e+02 1.894885000000000218e+04
1.260000000000000000e+02 1.898470000000000073e+04
1.340000000000000000e+02 1.918025000000000000e+04
9.400000000000000000e+01 1.949279999999999927e+04
1.180000000000000000e+02 1.952615000000000146e+04
1.260000000000000000e+02 1.954290000000000146e+04
9.400000000000000000e+01 1.954595000000000073e+04
9.400000000000000000e+01 1.964920000000000073e+04
1.420000000000000000e+02 1.979325000000000000e+04
1.500000000000000000e+02 2.004735000000000218e+04
1.020000000000000000e+02 2.056625000000000000e+04
1.500000000000000000e+02 2.121240000000000146e+04
1.580000000000000000e+02 2.164590000000000146e+04
1.500000000000000000e+02 2.203585000000000218e+04
1.500000000000000000e+02 2.236304999999999927e+04
9.400000000000000000e+01 2.239295000000000073e+04
1.180000000000000000e+02 2.243445000000000073e+04
1.260000000000000000e+02 2.246775000000000000e+04
1.180000000000000000e+02 2.247120000000000073e+04
8.600000000000000000e+01 2.247520000000000073e+04
1.340000000000000000e+02 2.247540000000000146e+04
9.400000000000000000e+01 2.247579999999999927e+04
1.100000000000000000e+02 2.247654999999999927e+04
1.420000000000000000e+02 2.247654999999999927e+04
1.500000000000000000e+02 2.247685000000000218e+04
1.580000000000000000e+02 2.247729999999999927e+04
1.020000000000000000e+02 2.247740000000000146e+04
1.500000000000000000e+02 2.257165000000000146e+04
8.600000000000000000e+01 2.257935000000000218e+04
1.100000000000000000e+02 2.258065000000000146e+04
1.420000000000000000e+02 2.258450000000000000e+04
1.180000000000000000e+02 2.258454999999999927e+04
1.020000000000000000e+02 2.258470000000000073e+04
9.400000000000000000e+01 2.258485000000000218e+04
1.340000000000000000e+02 2.258545000000000073e+04
1.260000000000000000e+02 2.258610000000000218e+04
1.580000000000000000e+02 2.258670000000000073e+04
1.500000000000000000e+02 2.258840000000000146e+04
1.340000000000000000e+02 2.286750000000000000e+04
1.340000000000000000e+02 2.298715000000000146e+04
1.580000000000000000e+02 2.298815000000000146e+04
1.500000000000000000e+02 2.298970000000000073e+04
1.020000000000000000e+02 2.299000000000000000e+04
1.180000000000000000e+02 2.299190000000000146e+04
1.260000000000000000e+02 2.299315000000000146e+04
1.100000000000000000e+02 2.299379999999999927e+04
9.400000000000000000e+01 2.299465000000000146e+04
8.600000000000000000e+01 2.299515000000000146e+04
1.420000000000000000e+02 2.299570000000000073e+04
1.590000000000000000e+02 2.223499999999999943e+02
9.500000000000000000e+01 4.938000000000000114e+02
1.190000000000000000e+02 9.630000000000000000e+02
1.350000000000000000e+02 1.184250000000000000e+03
1.270000000000000000e+02 1.619549999999999955e+03
1.590000000000000000e+02 1.810250000000000000e+03
8.700000000000000000e+01 1.903350000000000136e+03
1.030000000000000000e+02 1.949750000000000000e+03
8.700000000000000000e+01 2.347200000000000273e+03
8.700000000000000000e+01 2.414900000000000091e+03
9.500000000000000000e+01 2.749450000000000273e+03
9.500000000000000000e+01 2.959550000000000182e+03
1.350000000000000000e+02 3.004550000000000182e+03
8.700000000000000000e+01 3.333800000000000182e+03
1.270000000000000000e+02 3.531300000000000182e+03
9.500000000000000000e+01 3.868050000000000182e+03
1.110000000000000000e+02 6.062250000000000000e+03
1.030000000000000000e+02 6.129250000000000000e+03
1.510000000000000000e+02 6.195650000000000546e+03
9.500000000000000000e+01 6.259350000000000364e+03
1.430000000000000000e+02 6.352650000000000546e+03
1.350000000000000000e+02 6.380600000000000364e+03
1.430000000000000000e+02 7.003800000000000182e+03
1.590000000000000000e+02 7.006050000000000182e+03
1.510000000000000000e+02 7.012000000000000000e+03
1.030000000000000000e+02 7.031050000000000182e+03
1.350000000000000000e+02 7.035000000000000000e+03
1.270000000000000000e+02 7.041900000000000546e+03
8.700000000000000000e+01 7.049850000000000364e+03
1.110000000000000000e+02 7.050949999999999818e+03
1.190000000000000000e+02 7.053449999999999818e+03
1.510000000000000000e+02 7.055600000000000364e+03
9.500000000000000000e+01 7.058250000000000000e+03
1.430000000000000000e+02 7.071699999999999818e+03
1.350000000000000000e+02 7.079750000000000000e+03
1.110000000000000000e+02 7.081949999999999818e+03
8.700000000000000000e+01 7.085350000000000364e+03
1.510000000000000000e+02 7.102150000000000546e+03
1.270000000000000000e+02 7.107850000000000364e+03
1.590000000000000000e+02 7.110350000000000364e+03
1.030000000000000000e+02 7.116600000000000364e+03
9.500000000000000000e+01 7.124449999999999818e+03
1.190000000000000000e+02 7.124500000000000000e+03
1.350000000000000000e+02 7.124550000000000182e+03
1.430000000000000000e+02 7.150199999999999818e+03
1.030000000000000000e+02 7.154449999999999818e+03
1.110000000000000000e+02 7.154449999999999818e+03
8.700000000000000000e+01 7.154750000000000000e+03
1.590000000000000000e+02 7.159900000000000546e+03
1.510000000000000000e+02 7.171100000000000364e+03
1.350000000000000000e+02 7.173699999999999818e+03
1.430000000000000000e+02 7.191949999999999818e+03
9.500000000000000000e+01 7.200500000000000000e+03
1.270000000000000000e+02 7.214500000000000000e+03
8.700000000000000000e+01 7.214850000000000364e+03
1.030000000000000000e+02 7.217449999999999818e+03
1.110000000000000000e+02 7.222150000000000546e+03
1.430000000000000000e+02 7.226750000000000000e+03
1.190000000000000000e+02 7.245400000000000546e+03
1.030000000000000000e+02 7.256050000000000182e+03
8.700000000000000000e+01 7.262000000000000000e+03
1.350000000000000000e+02 7.268449999999999818e+03
1.590000000000000000e+02 7.270600000000000364e+03
1.270000000000000000e+02 7.273350000000000364e+03
1.190000000000000000e+02 7.278750000000000000e+03
1.110000000000000000e+02 7.287750000000000000e+03
1.430000000000000000e+02 7.293750000000000000e+03
8.700000000000000000e+01 7.294199999999999818e+03
1.030000000000000000e+02 7.304650000000000546e+03
1.590000000000000000e+02 7.317600000000000364e+03
1.350000000000000000e+02 7.321750000000000000e+03
9.500000000000000000e+01 7.322650000000000546e+03
1.270000000000000000e+02 7.323850000000000364e+03
8.700000000000000000e+01 7.344350000000000364e+03
1.430000000000000000e+02 7.358550000000000182e+03
1.590000000000000000e+02 7.359850000000000364e+03
1.350000000000000000e+02 7.365350000000000364e+03
1.270000000000000000e+02 7.384300000000000182e+03
1.510000000000000000e+02 7.384650000000000546e+03
9.500000000000000000e+01 7.385800000000000182e+03
1.190000000000000000e+02 7.394949999999999818e+03
1.350000000000000000e+02 7.397050000000000182e+03
1.110000000000000000e+02 7.403150000000000546e+03
1.590000000000000000e+02 7.408699999999999818e+03
1.030000000000000000e+02 7.410699999999999818e+03
8.700000000000000000e+01 7.411350000000000364e+03
1.430000000000000000e+02 7.413150000000000546e+03
1.270000000000000000e+02 7.423300000000000182e+03
1.350000000000000000e+02 7.437850000000000364e+03
1.590000000000000000e+02 7.450400000000000546e+03
1.030000000000000000e+02 7.457000000000000000e+03
1.190000000000000000e+02 7.458050000000000182e+03
9.500000000000000000e+01 7.460100000000000364e+03
1.510000000000000000e+02 7.463750000000000000e+03
8.700000000000000000e+01 7.478449999999999818e+03
1.270000000000000000e+02 7.480150000000000546e+03
1.350000000000000000e+02 7.492300000000000182e+03
1.430000000000000000e+02 7.495550000000000182e+03
1.110000000000000000e+02 7.498699999999999818e+03
1.030000000000000000e+02 7.508800000000000182e+03
1.590000000000000000e+02 7.514000000000000000e+03
1.510000000000000000e+02 7.531100000000000364e+03
9.500000000000000000e+01 7.534600000000000364e+03
1.190000000000000000e+02 7.539949999999999818e+03
1.430000000000000000e+02 7.540850000000000364e+03
8.700000000000000000e+01 7.557449999999999818e+03
1.350000000000000000e+02 7.568100000000000364e+03
1.510000000000000000e+02 7.569050000000000182e+03
1.270000000000000000e+02 7.569550000000000182e+03
1.030000000000000000e+02 7.575500000000000000e+03
9.500000000000000000e+01 7.577650000000000546e+03
1.430000000000000000e+02 7.579400000000000546e+03
8.700000000000000000e+01 7.585949999999999818e+03
1.110000000000000000e+02 7.600550000000000182e+03
1.590000000000000000e+02 7.601300000000000182e+03
1.190000000000000000e+02 7.603199999999999818e+03
1.030000000000000000e+02 7.612150000000000546e+03
1.270000000000000000e+02 7.614150000000000546e+03
1.350000000000000000e+02 7.619350000000000364e+03
1.110000000000000000e+02 7.637250000000000000e+03
1.430000000000000000e+02 7.645150000000000546e+03
1.190000000000000000e+02 7.659250000000000000e+03
9.500000000000000000e+01 7.659949999999999818e+03
1.590000000000000000e+02 7.664699999999999818e+03
1.030000000000000000e+02 7.668250000000000000e+03
8.700000000000000000e+01 7.671850000000000364e+03
1.270000000000000000e+02 7.695800000000000182e+03
1.190000000000000000e+02 7.703699999999999818e+03
1.430000000000000000e+02 7.705250000000000000e+03
1.030000000000000000e+02 7.714699999999999818e+03
1.510000000000000000e+02 7.719949999999999818e+03
1.350000000000000000e+02 7.724000000000000000e+03
8.700000000000000000e+01 7.726900000000000546e+03
1.270000000000000000e+02 7.731199999999999818e+03
9.500000000000000000e+01 7.736500000000000000e+03
1.110000000000000000e+02 7.744050000000000182e+03
1.270000000000000000e+02 7.755100000000000364e+03
1.430000000000000000e+02 7.758750000000000000e+03
1.190000000000000000e+02 7.759350000000000364e+03
1.030000000000000000e+02 7.768949999999999818e+03
1.590000000000000000e+02 7.791199999999999818e+03
9.500000000000000000e+01 7.791699999999999818e+03
1.430000000000000000e+02 7.798050000000000182e+03
1.110000000000000000e+02 7.798949999999999818e+03
1.190000000000000000e+02 7.806350000000000364e+03
8.700000000000000000e+01 7.809000000000000000e+03
1.030000000000000000e+02 7.819650000000000546e+03
1.350000000000000000e+02 7.820550000000000182e+03
9.500000000000000000e+01 7.842400000000000546e+03
8.700000000000000000e+01 7.843199999999999818e+03
1.590000000000000000e+02 7.850350000000000364e+03
1.510000000000000000e+02 7.852350000000000364e+03
1.430000000000000000e+02 7.863350000000000364e+03
1.110000000000000000e+02 7.863550000000000182e+03
1.030000000000000000e+02 7.867600000000000364e+03
1.270000000000000000e+02 7.871600000000000364e+03
1.190000000000000000e+02 7.875400000000000546e+03
8.700000000000000000e+01 7.899650000000000546e+03
9.500000000000000000e+01 7.900750000000000000e+03
1.270000000000000000e+02 7.913150000000000546e+03
1.350000000000000000e+02 7.916300000000000182e+03
1.110000000000000000e+02 7.922199999999999818e+03
1.590000000000000000e+02 7.922949999999999818e+03
1.510000000000000000e+02 7.924850000000000364e+03
1.430000000000000000e+02 7.936699999999999818e+03
1.270000000000000000e+02 7.956250000000000000e+03
9.500000000000000000e+01 7.959100000000000364e+03
1.190000000000000000e+02 7.963699999999999818e+03
8.700000000000000000e+01 7.964000000000000000e+03
1.030000000000000000e+02 7.966600000000000364e+03
1.590000000000000000e+02 7.966550000000000182e+03
1.350000000000000000e+02 7.968150000000000546e+03
1.430000000000000000e+02 7.986350000000000364e+03
1.510000000000000000e+02 7.988050000000000182e+03
1.110000000000000000e+02 7.992350000000000364e+03
1.270000000000000000e+02 7.997750000000000000e+03
1.030000000000000000e+02 8.002100000000000364e+03
1.190000000000000000e+02 8.004449999999999818e+03
1.590000000000000000e+02 8.005650000000000546e+03
9.500000000000000000e+01 8.009350000000000364e+03
8.700000000000000000e+01 8.010199999999999818e+03
1.350000000000000000e+02 8.010199999999999818e+03
1.430000000000000000e+02 8.029650000000000546e+03
1.030000000000000000e+02 8.029750000000000000e+03
1.270000000000000000e+02 8.034350000000000364e+03
1.110000000000000000e+02 8.037050000000000182e+03
1.190000000000000000e+02 8.038800000000000182e+03
8.700000000000000000e+01 8.045449999999999818e+03
1.510000000000000000e+02 8.068800000000000182e+03
9.500000000000000000e+01 8.069000000000000000e+03
1.430000000000000000e+02 8.070250000000000000e+03
1.270000000000000000e+02 8.078600000000000364e+03
1.350000000000000000e+02 8.086800000000000182e+03
1.190000000000000000e+02 8.087100000000000364e+03
1.110000000000000000e+02 8.092150000000000546e+03
1.590000000000000000e+02 8.092600000000000364e+03
1.030000000000000000e+02 8.108000000000000000e+03
8.700000000000000000e+01 8.113500000000000000e+03
1.430000000000000000e+02 8.118350000000000364e+03
1.270000000000000000e+02 8.121600000000000364e+03
1.110000000000000000e+02 8.129699999999999818e+03
1.510000000000000000e+02 8.134949999999999818e+03
1.030000000000000000e+02 8.151150000000000546e+03
1.350000000000000000e+02 8.151900000000000546e+03
1.190000000000000000e+02 8.158250000000000000e+03
1.590000000000000000e+02 8.158600000000000364e+03
1.110000000000000000e+02 8.159949999999999818e+03
1.270000000000000000e+02 8.161600000000000364e+03
8.700000000000000000e+01 8.162400000000000546e+03
1.430000000000000000e+02 8.166949999999999818e+03
9.500000000000000000e+01 8.176300000000000182e+03
1.350000000000000000e+02 8.182199999999999818e+03
1.190000000000000000e+02 8.196899999999999636e+03
8.700000000000000000e+01 8.198000000000000000e+03
1.030000000000000000e+02 8.198950000000000728e+03
1.510000000000000000e+02 8.199600000000000364e+03
9.500000000000000000e+01 8.206899999999999636e+03
1.110000000000000000e+02 8.211350000000000364e+03
1.270000000000000000e+02 8.212399999999999636e+03
1.430000000000000000e+02 8.216049999999999272e+03
8.700000000000000000e+01 8.242600000000000364e+03
1.350000000000000000e+02 8.242700000000000728e+03
1.190000000000000000e+02 8.246049999999999272e+03
1.030000000000000000e+02 8.250399999999999636e+03
1.510000000000000000e+02 8.251000000000000000e+03
1.270000000000000000e+02 8.251250000000000000e+03
1.590000000000000000e+02 8.251700000000000728e+03
1.430000000000000000e+02 8.255649999999999636e+03
9.500000000000000000e+01 8.270950000000000728e+03
1.190000000000000000e+02 8.278350000000000364e+03
8.700000000000000000e+01 8.278549999999999272e+03
1.350000000000000000e+02 8.280600000000000364e+03
1.110000000000000000e+02 8.286600000000000364e+03
1.030000000000000000e+02 8.294250000000000000e+03
1.510000000000000000e+02 8.304250000000000000e+03
1.430000000000000000e+02 8.304549999999999272e+03
1.190000000000000000e+02 8.309399999999999636e+03
1.270000000000000000e+02 8.313700000000000728e+03
1.590000000000000000e+02 8.316200000000000728e+03
1.030000000000000000e+02 8.318600000000000364e+03
1.350000000000000000e+02 8.321049999999999272e+03
8.700000000000000000e+01 8.322649999999999636e+03
9.500000000000000000e+01 8.322850000000000364e+03
1.110000000000000000e+02 8.329950000000000728e+03
1.430000000000000000e+02 8.341750000000000000e+03
1.270000000000000000e+02 8.346899999999999636e+03
1.510000000000000000e+02 8.352899999999999636e+03
1.190000000000000000e+02 8.362450000000000728e+03
1.590000000000000000e+02 8.362700000000000728e+03
1.030000000000000000e+02 8.363700000000000728e+03
8.700000000000000000e+01 8.364000000000000000e+03
1.350000000000000000e+02 8.364299999999999272e+03
1.110000000000000000e+02 8.364700000000000728e+03
9.500000000000000000e+01 8.365149999999999636e+03
1.270000000000000000e+02 8.387700000000000728e+03
1.430000000000000000e+02 8.389500000000000000e+03
1.590000000000000000e+02 8.396250000000000000e+03
1.110000000000000000e+02 8.397299999999999272e+03
9.500000000000000000e+01 8.401750000000000000e+03
8.700000000000000000e+01 8.405200000000000728e+03
1.190000000000000000e+02 8.409100000000000364e+03
1.510000000000000000e+02 8.411350000000000364e+03
1.350000000000000000e+02 8.412100000000000364e+03
1.270000000000000000e+02 8.412850000000000364e+03
1.030000000000000000e+02 8.425799999999999272e+03
1.110000000000000000e+02 8.426000000000000000e+03
1.430000000000000000e+02 8.431500000000000000e+03
9.500000000000000000e+01 8.434450000000000728e+03
1.590000000000000000e+02 8.434549999999999272e+03
8.700000000000000000e+01 8.445299999999999272e+03
1.190000000000000000e+02 8.448350000000000364e+03
1.270000000000000000e+02 8.450350000000000364e+03
1.350000000000000000e+02 8.464799999999999272e+03
1.510000000000000000e+02 8.468350000000000364e+03
1.590000000000000000e+02 8.470049999999999272e+03
1.110000000000000000e+02 8.470399999999999636e+03
1.030000000000000000e+02 8.472299999999999272e+03
9.500000000000000000e+01 8.475700000000000728e+03
8.700000000000000000e+01 8.477200000000000728e+03
1.430000000000000000e+02 8.487450000000000728e+03
1.190000000000000000e+02 8.490750000000000000e+03
1.270000000000000000e+02 8.492100000000000364e+03
1.030000000000000000e+02 8.507450000000000728e+03
9.500000000000000000e+01 8.509600000000000364e+03
8.700000000000000000e+01 8.510299999999999272e+03
1.590000000000000000e+02 8.512299999999999272e+03
1.110000000000000000e+02 8.512350000000000364e+03
1.510000000000000000e+02 8.514850000000000364e+03
1.350000000000000000e+02 8.522200000000000728e+03
1.190000000000000000e+02 8.531899999999999636e+03
1.430000000000000000e+02 8.533950000000000728e+03
9.500000000000000000e+01 8.535049999999999272e+03
1.590000000000000000e+02 8.536899999999999636e+03
1.110000000000000000e+02 8.537500000000000000e+03
1.270000000000000000e+02 8.543750000000000000e+03
8.700000000000000000e+01 8.548250000000000000e+03
1.030000000000000000e+02 8.550600000000000364e+03
1.510000000000000000e+02 8.556200000000000728e+03
9.500000000000000000e+01 8.576350000000000364e+03
1.350000000000000000e+02 8.577649999999999636e+03
1.270000000000000000e+02 8.579399999999999636e+03
8.700000000000000000e+01 8.582850000000000364e+03
1.110000000000000000e+02 8.587700000000000728e+03
1.190000000000000000e+02 8.587649999999999636e+03
1.030000000000000000e+02 8.590450000000000728e+03
1.350000000000000000e+02 8.609549999999999272e+03
9.500000000000000000e+01 8.611049999999999272e+03
1.590000000000000000e+02 8.616250000000000000e+03
1.190000000000000000e+02 8.618500000000000000e+03
1.030000000000000000e+02 8.619350000000000364e+03
1.270000000000000000e+02 8.620049999999999272e+03
1.430000000000000000e+02 8.620149999999999636e+03
1.110000000000000000e+02 8.620899999999999636e+03
1.510000000000000000e+02 8.621450000000000728e+03
8.700000000000000000e+01 8.621750000000000000e+03
1.350000000000000000e+02 8.641700000000000728e+03
1.110000000000000000e+02 8.650950000000000728e+03
9.500000000000000000e+01 8.651299999999999272e+03
1.510000000000000000e+02 8.651450000000000728e+03
8.700000000000000000e+01 8.652399999999999636e+03
1.190000000000000000e+02 8.655299999999999272e+03
1.270000000000000000e+02 8.655549999999999272e+03
1.430000000000000000e+02 8.656149999999999636e+03
1.590000000000000000e+02 8.656399999999999636e+03
1.030000000000000000e+02 8.657149999999999636e+03
1.350000000000000000e+02 8.661250000000000000e+03
1.110000000000000000e+02 8.687649999999999636e+03
1.430000000000000000e+02 8.687950000000000728e+03
9.500000000000000000e+01 8.690200000000000728e+03
1.590000000000000000e+02 8.691200000000000728e+03
1.350000000000000000e+02 8.691250000000000000e+03
8.700000000000000000e+01 8.691399999999999636e+03
1.190000000000000000e+02 8.692399999999999636e+03
1.510000000000000000e+02 8.692600000000000364e+03
1.030000000000000000e+02 8.703299999999999272e+03
1.270000000000000000e+02 8.725250000000000000e+03
1.590000000000000000e+02 8.726200000000000728e+03
1.190000000000000000e+02 8.726399999999999636e+03
1.430000000000000000e+02 8.726399999999999636e+03
1.110000000000000000e+02 8.727049999999999272e+03
1.350000000000000000e+02 8.727399999999999636e+03
8.700000000000000000e+01 8.729649999999999636e+03
9.500000000000000000e+01 8.729950000000000728e+03
1.030000000000000000e+02 8.733700000000000728e+03
1.510000000000000000e+02 8.749899999999999636e+03
1.350000000000000000e+02 8.757149999999999636e+03
1.110000000000000000e+02 8.758649999999999636e+03
1.590000000000000000e+02 8.758649999999999636e+03
9.500000000000000000e+01 8.760000000000000000e+03
1.430000000000000000e+02 8.761750000000000000e+03
1.030000000000000000e+02 8.762200000000000728e+03
1.270000000000000000e+02 8.763800000000001091e+03
8.700000000000000000e+01 8.765100000000000364e+03
1.190000000000000000e+02 8.765200000000000728e+03
1.510000000000000000e+02 8.792250000000000000e+03
1.350000000000000000e+02 8.793050000000001091e+03
1.190000000000000000e+02 8.793200000000000728e+03
1.270000000000000000e+02 8.796100000000000364e+03
9.500000000000000000e+01 8.796399999999999636e+03
1.110000000000000000e+02 8.796850000000000364e+03
8.700000000000000000e+01 8.797550000000001091e+03
1.030000000000000000e+02 8.797850000000000364e+03
1.590000000000000000e+02 8.798200000000000728e+03
1.430000000000000000e+02 8.825550000000001091e+03
1.590000000000000000e+02 8.828700000000000728e+03
1.270000000000000000e+02 8.829600000000000364e+03
9.500000000000000000e+01 8.830250000000000000e+03
1.030000000000000000e+02 8.831300000000001091e+03
1.190000000000000000e+02 8.834200000000000728e+03
1.350000000000000000e+02 8.834149999999999636e+03
1.510000000000000000e+02 8.834350000000000364e+03
8.700000000000000000e+01 8.835950000000000728e+03
1.110000000000000000e+02 8.847350000000000364e+03
1.590000000000000000e+02 8.861000000000000000e+03
1.030000000000000000e+02 8.865600000000000364e+03
1.270000000000000000e+02 8.868649999999999636e+03
1.430000000000000000e+02 8.868750000000000000e+03
1.350000000000000000e+02 8.868950000000000728e+03
1.190000000000000000e+02 8.871149999999999636e+03
1.110000000000000000e+02 8.872000000000000000e+03
9.500000000000000000e+01 8.872450000000000728e+03
8.700000000000000000e+01 8.873700000000000728e+03
1.510000000000000000e+02 8.873700000000000728e+03
1.430000000000000000e+02 8.895149999999999636e+03
1.350000000000000000e+02 8.897850000000000364e+03
1.270000000000000000e+02 8.899399999999999636e+03
1.510000000000000000e+02 8.899350000000000364e+03
1.110000000000000000e+02 8.901149999999999636e+03
1.190000000000000000e+02 8.902700000000000728e+03
9.500000000000000000e+01 8.902950000000000728e+03
8.700000000000000000e+01 8.904250000000000000e+03
1.590000000000000000e+02 8.906100000000000364e+03
1.030000000000000000e+02 8.908450000000000728e+03
1.430000000000000000e+02 8.927550000000001091e+03
1.510000000000000000e+02 8.930600000000000364e+03
1.110000000000000000e+02 8.933250000000000000e+03
9.500000000000000000e+01 8.937550000000001091e+03
1.270000000000000000e+02 8.940700000000000728e+03
1.350000000000000000e+02 8.940800000000001091e+03
8.700000000000000000e+01 8.942200000000000728e+03
1.590000000000000000e+02 8.943750000000000000e+03
1.030000000000000000e+02 8.944800000000001091e+03
1.190000000000000000e+02 8.946000000000000000e+03
1.430000000000000000e+02 8.954000000000000000e+03
9.500000000000000000e+01 8.962200000000000728e+03
1.510000000000000000e+02 8.974350000000000364e+03
1.350000000000000000e+02 8.979100000000000364e+03
1.270000000000000000e+02 8.980200000000000728e+03
1.030000000000000000e+02 8.980800000000001091e+03
1.110000000000000000e+02 8.982550000000001091e+03
8.700000000000000000e+01 8.982700000000000728e+03
1.590000000000000000e+02 8.984100000000000364e+03
9.500000000000000000e+01 8.984350000000000364e+03
1.190000000000000000e+02 8.984350000000000364e+03
1.430000000000000000e+02 8.989149999999999636e+03
8.700000000000000000e+01 9.016250000000000000e+03
1.190000000000000000e+02 9.016950000000000728e+03
1.510000000000000000e+02 9.018050000000001091e+03
1.430000000000000000e+02 9.018450000000000728e+03
1.350000000000000000e+02 9.018750000000000000e+03
9.500000000000000000e+01 9.019750000000000000e+03
1.030000000000000000e+02 9.019750000000000000e+03
1.590000000000000000e+02 9.020200000000000728e+03
1.270000000000000000e+02 9.020500000000000000e+03
1.110000000000000000e+02 9.020649999999999636e+03
8.700000000000000000e+01 9.049399999999999636e+03
1.030000000000000000e+02 9.049950000000000728e+03
1.190000000000000000e+02 9.054399999999999636e+03
1.430000000000000000e+02 9.055950000000000728e+03
1.510000000000000000e+02 9.055950000000000728e+03
1.590000000000000000e+02 9.056100000000000364e+03
9.500000000000000000e+01 9.057100000000000364e+03
1.110000000000000000e+02 9.057649999999999636e+03
1.270000000000000000e+02 9.058000000000000000e+03
1.350000000000000000e+02 9.059850000000000364e+03
8.700000000000000000e+01 9.073750000000000000e+03
1.030000000000000000e+02 9.080250000000000000e+03
1.270000000000000000e+02 9.091750000000000000e+03
1.430000000000000000e+02 9.092000000000000000e+03
9.500000000000000000e+01 9.092350000000000364e+03
1.510000000000000000e+02 9.092649999999999636e+03
1.190000000000000000e+02 9.093000000000000000e+03
1.590000000000000000e+02 9.093450000000000728e+03
1.110000000000000000e+02 9.093550000000001091e+03
1.350000000000000000e+02 9.096850000000000364e+03
1.030000000000000000e+02 9.121200000000000728e+03
1.430000000000000000e+02 9.123250000000000000e+03
8.700000000000000000e+01 9.123750000000000000e+03
1.190000000000000000e+02 9.124899999999999636e+03
1.270000000000000000e+02 9.125300000000001091e+03
1.590000000000000000e+02 9.125399999999999636e+03
1.110000000000000000e+02 9.126000000000000000e+03
9.500000000000000000e+01 9.126300000000001091e+03
1.350000000000000000e+02 9.126350000000000364e+03
1.510000000000000000e+02 9.126500000000000000e+03
1.190000000000000000e+02 9.153750000000000000e+03
1.590000000000000000e+02 9.154000000000000000e+03
8.700000000000000000e+01 9.154149999999999636e+03
1.270000000000000000e+02 9.155350000000000364e+03
1.030000000000000000e+02 9.157000000000000000e+03
1.430000000000000000e+02 9.157500000000000000e+03
1.110000000000000000e+02 9.157550000000001091e+03
1.510000000000000000e+02 9.157649999999999636e+03
1.350000000000000000e+02 9.158100000000000364e+03
9.500000000000000000e+01 9.159149999999999636e+03
8.700000000000000000e+01 9.188600000000000364e+03
1.510000000000000000e+02 9.189200000000000728e+03
1.590000000000000000e+02 9.190899999999999636e+03
1.110000000000000000e+02 9.191399999999999636e+03
1.430000000000000000e+02 9.194000000000000000e+03
1.190000000000000000e+02 9.194500000000000000e+03
1.350000000000000000e+02 9.194450000000000728e+03
1.270000000000000000e+02 9.194550000000001091e+03
9.500000000000000000e+01 9.194800000000001091e+03
1.030000000000000000e+02 9.195149999999999636e+03
9.500000000000000000e+01 9.215649999999999636e+03
8.700000000000000000e+01 9.217649999999999636e+03
1.430000000000000000e+02 9.222250000000000000e+03
1.590000000000000000e+02 9.223050000000001091e+03
1.110000000000000000e+02 9.225850000000000364e+03
1.190000000000000000e+02 9.226450000000000728e+03
1.030000000000000000e+02 9.227149999999999636e+03
1.270000000000000000e+02 9.227850000000000364e+03
1.350000000000000000e+02 9.228000000000000000e+03
1.510000000000000000e+02 9.228050000000001091e+03
8.700000000000000000e+01 9.230800000000001091e+03
9.500000000000000000e+01 9.232050000000001091e+03
1.190000000000000000e+02 9.257200000000000728e+03
1.430000000000000000e+02 9.257800000000001091e+03
1.110000000000000000e+02 9.258500000000000000e+03
1.590000000000000000e+02 9.259250000000000000e+03
1.270000000000000000e+02 9.259800000000001091e+03
8.700000000000000000e+01 9.260300000000001091e+03
1.510000000000000000e+02 9.260899999999999636e+03
9.500000000000000000e+01 9.261750000000000000e+03
1.030000000000000000e+02 9.261950000000000728e+03
1.350000000000000000e+02 9.262000000000000000e+03
1.430000000000000000e+02 9.287899999999999636e+03
1.190000000000000000e+02 9.291800000000001091e+03
1.270000000000000000e+02 9.292000000000000000e+03
1.030000000000000000e+02 9.294600000000000364e+03
1.110000000000000000e+02 9.294600000000000364e+03
9.500000000000000000e+01 9.295350000000000364e+03
1.510000000000000000e+02 9.295450000000000728e+03
8.700000000000000000e+01 9.295649999999999636e+03
1.350000000000000000e+02 9.296149999999999636e+03
1.590000000000000000e+02 9.296399999999999636e+03
1.270000000000000000e+02 9.315450000000000728e+03
1.190000000000000000e+02 9.318149999999999636e+03
8.700000000000000000e+01 9.321350000000000364e+03
1.350000000000000000e+02 9.325850000000000364e+03
1.430000000000000000e+02 9.326100000000000364e+03
1.510000000000000000e+02 9.326050000000001091e+03
1.590000000000000000e+02 9.326050000000001091e+03
9.500000000000000000e+01 9.326350000000000364e+03
1.030000000000000000e+02 9.326500000000000000e+03
1.110000000000000000e+02 9.326600000000000364e+03
1.030000000000000000e+02 9.355800000000001091e+03
1.110000000000000000e+02 9.357000000000000000e+03
9.500000000000000000e+01 9.358750000000000000e+03
8.700000000000000000e+01 9.358950000000000728e+03
1.270000000000000000e+02 9.359250000000000000e+03
1.350000000000000000e+02 9.359399999999999636e+03
1.590000000000000000e+02 9.359500000000000000e+03
1.190000000000000000e+02 9.359750000000000000e+03
1.510000000000000000e+02 9.360850000000000364e+03
1.430000000000000000e+02 9.361000000000000000e+03
1.030000000000000000e+02 9.388600000000000364e+03
9.500000000000000000e+01 9.392100000000000364e+03
1.510000000000000000e+02 9.393450000000000728e+03
8.700000000000000000e+01 9.393600000000000364e+03
1.270000000000000000e+02 9.394000000000000000e+03
1.190000000000000000e+02 9.394149999999999636e+03
1.430000000000000000e+02 9.394200000000000728e+03
1.350000000000000000e+02 9.394300000000001091e+03
1.110000000000000000e+02 9.395200000000000728e+03
1.590000000000000000e+02 9.395300000000001091e+03
1.190000000000000000e+02 9.421350000000000364e+03
9.500000000000000000e+01 9.425200000000000728e+03
1.270000000000000000e+02 9.426350000000000364e+03
8.700000000000000000e+01 9.426550000000001091e+03
1.510000000000000000e+02 9.426600000000000364e+03
1.590000000000000000e+02 9.428450000000000728e+03
1.350000000000000000e+02 9.428800000000001091e+03
1.030000000000000000e+02 9.429050000000001091e+03
1.110000000000000000e+02 9.429149999999999636e+03
1.430000000000000000e+02 9.429500000000000000e+03
1.510000000000000000e+02 9.455899999999999636e+03
1.270000000000000000e+02 9.459600000000000364e+03
1.350000000000000000e+02 9.460899999999999636e+03
1.590000000000000000e+02 9.461100000000000364e+03
9.500000000000000000e+01 9.461300000000001091e+03
1.190000000000000000e+02 9.461899999999999636e+03
1.110000000000000000e+02 9.462200000000000728e+03
8.700000000000000000e+01 9.462899999999999636e+03
1.030000000000000000e+02 9.463200000000000728e+03
1.430000000000000000e+02 9.463950000000000728e+03
1.350000000000000000e+02 9.484950000000000728e+03
1.270000000000000000e+02 9.489250000000000000e+03
1.590000000000000000e+02 9.489450000000000728e+03
9.500000000000000000e+01 9.491000000000000000e+03
1.190000000000000000e+02 9.492899999999999636e+03
1.430000000000000000e+02 9.493050000000001091e+03
1.110000000000000000e+02 9.493450000000000728e+03
1.030000000000000000e+02 9.493899999999999636e+03
1.510000000000000000e+02 9.493899999999999636e+03
8.700000000000000000e+01 9.494149999999999636e+03
9.500000000000000000e+01 9.512899999999999636e+03
1.350000000000000000e+02 9.516000000000000000e+03
1.270000000000000000e+02 9.523399999999999636e+03
1.590000000000000000e+02 9.524149999999999636e+03
1.190000000000000000e+02 9.524300000000001091e+03
1.510000000000000000e+02 9.524250000000000000e+03
1.030000000000000000e+02 9.524399999999999636e+03
1.430000000000000000e+02 9.524450000000000728e+03
8.700000000000000000e+01 9.525399999999999636e+03
1.110000000000000000e+02 9.525950000000000728e+03
9.500000000000000000e+01 9.540550000000001091e+03
1.350000000000000000e+02 9.545149999999999636e+03
1.030000000000000000e+02 9.550149999999999636e+03
8.700000000000000000e+01 9.551750000000000000e+03
1.590000000000000000e+02 9.552850000000000364e+03
1.430000000000000000e+02 9.553149999999999636e+03
1.510000000000000000e+02 9.553550000000001091e+03
1.190000000000000000e+02 9.553800000000001091e+03
1.110000000000000000e+02 9.553850000000000364e+03
1.270000000000000000e+02 9.553899999999999636e+03
9.500000000000000000e+01 9.558050000000001091e+03
1.350000000000000000e+02 9.574450000000000728e+03
1.030000000000000000e+02 9.580950000000000728e+03
1.270000000000000000e+02 9.582750000000000000e+03
1.510000000000000000e+02 9.583600000000000364e+03
1.190000000000000000e+02 9.583750000000000000e+03
8.700000000000000000e+01 9.583850000000000364e+03
1.430000000000000000e+02 9.584450000000000728e+03
1.110000000000000000e+02 9.584550000000001091e+03
1.590000000000000000e+02 9.584550000000001091e+03
9.500000000000000000e+01 9.585300000000001091e+03
1.350000000000000000e+02 9.606899999999999636e+03
1.590000000000000000e+02 9.607450000000000728e+03
1.270000000000000000e+02 9.610149999999999636e+03
1.190000000000000000e+02 9.612300000000001091e+03
1.510000000000000000e+02 9.613100000000000364e+03
9.500000000000000000e+01 9.613750000000000000e+03
1.030000000000000000e+02 9.614149999999999636e+03
1.110000000000000000e+02 9.614350000000000364e+03
1.430000000000000000e+02 9.614950000000000728e+03
8.700000000000000000e+01 9.615350000000000364e+03
1.590000000000000000e+02 9.628300000000001091e+03
1.350000000000000000e+02 9.643899999999999636e+03
1.110000000000000000e+02 9.644649999999999636e+03
1.430000000000000000e+02 9.645200000000000728e+03
1.510000000000000000e+02 9.646050000000001091e+03
9.500000000000000000e+01 9.646300000000001091e+03
1.270000000000000000e+02 9.646550000000001091e+03
1.190000000000000000e+02 9.647149999999999636e+03
8.700000000000000000e+01 9.647500000000000000e+03
1.030000000000000000e+02 9.647899999999999636e+03
1.590000000000000000e+02 9.651100000000000364e+03
8.700000000000000000e+01 9.674200000000000728e+03
1.190000000000000000e+02 9.676050000000001091e+03
1.430000000000000000e+02 9.677300000000001091e+03
1.110000000000000000e+02 9.677500000000000000e+03
9.500000000000000000e+01 9.677750000000000000e+03
1.030000000000000000e+02 9.677750000000000000e+03
1.350000000000000000e+02 9.678350000000000364e+03
1.270000000000000000e+02 9.678500000000000000e+03
1.510000000000000000e+02 9.678750000000000000e+03
1.590000000000000000e+02 9.678850000000000364e+03
8.700000000000000000e+01 9.706600000000000364e+03
1.430000000000000000e+02 9.707600000000000364e+03
1.350000000000000000e+02 9.710200000000000728e+03
1.270000000000000000e+02 9.711100000000000364e+03
1.510000000000000000e+02 9.711100000000000364e+03
1.190000000000000000e+02 9.711149999999999636e+03
1.030000000000000000e+02 9.711500000000000000e+03
1.110000000000000000e+02 9.711550000000001091e+03
9.500000000000000000e+01 9.712300000000001091e+03
1.590000000000000000e+02 9.712450000000000728e+03
1.430000000000000000e+02 9.731850000000000364e+03
1.350000000000000000e+02 9.741899999999999636e+03
1.110000000000000000e+02 9.742700000000000728e+03
1.510000000000000000e+02 9.743200000000000728e+03
9.500000000000000000e+01 9.743300000000001091e+03
8.700000000000000000e+01 9.743899999999999636e+03
1.190000000000000000e+02 9.743950000000000728e+03
1.270000000000000000e+02 9.744000000000000000e+03
1.030000000000000000e+02 9.744399999999999636e+03
1.590000000000000000e+02 9.744450000000000728e+03
1.190000000000000000e+02 9.774100000000000364e+03
1.510000000000000000e+02 9.774450000000000728e+03
1.110000000000000000e+02 9.774750000000000000e+03
1.430000000000000000e+02 9.775200000000000728e+03
1.350000000000000000e+02 9.775350000000000364e+03
8.700000000000000000e+01 9.777300000000001091e+03
1.590000000000000000e+02 9.777600000000000364e+03
1.030000000000000000e+02 9.777700000000000728e+03
1.270000000000000000e+02 9.777700000000000728e+03
9.500000000000000000e+01 9.778050000000001091e+03
1.270000000000000000e+02 9.804450000000000728e+03
1.190000000000000000e+02 9.804750000000000000e+03
1.430000000000000000e+02 9.805149999999999636e+03
1.510000000000000000e+02 9.807700000000000728e+03
8.700000000000000000e+01 9.807800000000001091e+03
1.590000000000000000e+02 9.808149999999999636e+03
1.110000000000000000e+02 9.808300000000001091e+03
1.030000000000000000e+02 9.808899999999999636e+03
1.350000000000000000e+02 9.809000000000000000e+03
9.500000000000000000e+01 9.809200000000000728e+03
8.700000000000000000e+01 9.834250000000000000e+03
1.590000000000000000e+02 9.834250000000000000e+03
1.430000000000000000e+02 9.835000000000000000e+03
1.350000000000000000e+02 9.835899999999999636e+03
1.190000000000000000e+02 9.836399999999999636e+03
9.500000000000000000e+01 9.836800000000001091e+03
1.510000000000000000e+02 9.836750000000000000e+03
1.110000000000000000e+02 9.837000000000000000e+03
1.030000000000000000e+02 9.837100000000000364e+03
1.270000000000000000e+02 9.837100000000000364e+03
1.430000000000000000e+02 9.860750000000000000e+03
1.590000000000000000e+02 9.860800000000001091e+03
1.270000000000000000e+02 9.861750000000000000e+03
1.190000000000000000e+02 9.862700000000000728e+03
9.500000000000000000e+01 9.862899999999999636e+03
8.700000000000000000e+01 9.863000000000000000e+03
1.110000000000000000e+02 9.863149999999999636e+03
1.030000000000000000e+02 9.863300000000001091e+03
1.350000000000000000e+02 9.863450000000000728e+03
1.510000000000000000e+02 9.863750000000000000e+03
1.590000000000000000e+02 9.884000000000000000e+03
1.430000000000000000e+02 9.887000000000000000e+03
1.030000000000000000e+02 9.889399999999999636e+03
1.110000000000000000e+02 9.890300000000001091e+03
1.350000000000000000e+02 9.891149999999999636e+03
1.270000000000000000e+02 9.891450000000000728e+03
1.190000000000000000e+02 9.892000000000000000e+03
9.500000000000000000e+01 9.892050000000001091e+03
8.700000000000000000e+01 9.892600000000000364e+03
1.510000000000000000e+02 9.894200000000000728e+03
1.590000000000000000e+02 9.907550000000001091e+03
1.030000000000000000e+02 9.910550000000001091e+03
1.270000000000000000e+02 9.921399999999999636e+03
1.510000000000000000e+02 9.922000000000000000e+03
9.500000000000000000e+01 9.923100000000000364e+03
1.110000000000000000e+02 9.923300000000001091e+03
1.430000000000000000e+02 9.923350000000000364e+03
8.700000000000000000e+01 9.923850000000000364e+03
1.190000000000000000e+02 9.924000000000000000e+03
1.350000000000000000e+02 9.924300000000001091e+03
1.590000000000000000e+02 9.924899999999999636e+03
1.030000000000000000e+02 9.925800000000001091e+03
1.510000000000000000e+02 9.946649999999999636e+03
9.500000000000000000e+01 9.948800000000001091e+03
1.270000000000000000e+02 9.949950000000000728e+03
1.590000000000000000e+02 9.950200000000000728e+03
1.350000000000000000e+02 9.950500000000000000e+03
1.030000000000000000e+02 9.950600000000000364e+03
1.430000000000000000e+02 9.950800000000001091e+03
8.700000000000000000e+01 9.951149999999999636e+03
1.110000000000000000e+02 9.951149999999999636e+03
1.190000000000000000e+02 9.951800000000001091e+03
1.270000000000000000e+02 9.972450000000000728e+03
9.500000000000000000e+01 9.976649999999999636e+03
1.350000000000000000e+02 9.977350000000000364e+03
1.510000000000000000e+02 9.978149999999999636e+03
1.030000000000000000e+02 9.978450000000000728e+03
8.700000000000000000e+01 9.979149999999999636e+03
1.110000000000000000e+02 9.979600000000000364e+03
1.190000000000000000e+02 9.979899999999999636e+03
1.590000000000000000e+02 9.979850000000000364e+03
1.430000000000000000e+02 9.979950000000000728e+03
1.510000000000000000e+02 9.998950000000000728e+03
1.110000000000000000e+02 1.023495000000000073e+04
1.430000000000000000e+02 1.033655000000000109e+04
1.510000000000000000e+02 1.035210000000000036e+04
1.510000000000000000e+02 1.045964999999999964e+04
8.700000000000000000e+01 1.049910000000000036e+04
1.350000000000000000e+02 1.056745000000000073e+04
1.110000000000000000e+02 1.057914999999999964e+04
1.510000000000000000e+02 1.057964999999999964e+04
1.190000000000000000e+02 1.057989999999999964e+04
9.500000000000000000e+01 1.058175000000000000e+04
1.590000000000000000e+02 1.058205000000000109e+04
1.030000000000000000e+02 1.058220000000000073e+04
8.700000000000000000e+01 1.058295000000000073e+04
1.270000000000000000e+02 1.058360000000000036e+04
1.430000000000000000e+02 1.058410000000000036e+04
8.700000000000000000e+01 1.076230000000000109e+04
1.590000000000000000e+02 1.086614999999999964e+04
9.500000000000000000e+01 1.087960000000000036e+04
1.030000000000000000e+02 1.088489999999999964e+04
1.030000000000000000e+02 1.151905000000000109e+04
1.030000000000000000e+02 1.171830000000000109e+04
1.350000000000000000e+02 1.187439999999999964e+04
1.350000000000000000e+02 1.208945000000000073e+04
9.500000000000000000e+01 1.215260000000000036e+04
1.510000000000000000e+02 1.217825000000000000e+04
1.110000000000000000e+02 1.218175000000000000e+04
1.350000000000000000e+02 1.316070000000000073e+04
1.510000000000000000e+02 1.318320000000000073e+04
1.350000000000000000e+02 1.389064999999999964e+04
1.350000000000000000e+02 1.397745000000000073e+04
1.350000000000000000e+02 1.404425000000000000e+04
1.590000000000000000e+02 1.411745000000000073e+04
1.510000000000000000e+02 1.430685000000000036e+04
9.500000000000000000e+01 1.433614999999999964e+04
9.500000000000000000e+01 1.454450000000000000e+04
8.700000000000000000e+01 1.454660000000000036e+04
1.030000000000000000e+02 1.455145000000000073e+04
1.510000000000000000e+02 1.458775000000000000e+04
1.590000000000000000e+02 1.459300000000000000e+04
1.110000000000000000e+02 1.459439999999999964e+04
1.190000000000000000e+02 1.459470000000000073e+04
1.350000000000000000e+02 1.459500000000000000e+04
1.030000000000000000e+02 1.459505000000000109e+04
8.700000000000000000e+01 1.459535000000000036e+04
1.270000000000000000e+02 1.459555000000000109e+04
1.430000000000000000e+02 1.459625000000000000e+04
9.500000000000000000e+01 1.459670000000000073e+04
1.030000000000000000e+02 1.468085000000000036e+04
1.350000000000000000e+02 1.480305000000000109e+04
8.700000000000000000e+01 1.500605000000000109e+04
1.510000000000000000e+02 1.501755000000000109e+04
1.030000000000000000e+02 1.512414999999999964e+04
1.030000000000000000e+02 1.520935000000000036e+04
1.350000000000000000e+02 1.521914999999999964e+04
1.270000000000000000e+02 1.572335000000000036e+04
1.430000000000000000e+02 1.639965000000000146e+04
1.510000000000000000e+02 1.693400000000000000e+04
1.270000000000000000e+02 1.707000000000000000e+04
1.510000000000000000e+02 1.775315000000000146e+04
1.430000000000000000e+02 1.781400000000000000e+04
1.510000000000000000e+02 1.806285000000000218e+04
1.190000000000000000e+02 1.806470000000000073e+04
1.270000000000000000e+02 1.807000000000000000e+04
8.700000000000000000e+01 1.807479999999999927e+04
1.110000000000000000e+02 1.807520000000000073e+04
1.350000000000000000e+02 1.807740000000000146e+04
1.430000000000000000e+02 1.807740000000000146e+04
1.590000000000000000e+02 1.807854999999999927e+04
9.500000000000000000e+01 1.807870000000000073e+04
1.030000000000000000e+02 1.807925000000000000e+04
1.510000000000000000e+02 1.808004999999999927e+04
1.190000000000000000e+02 1.808300000000000000e+04
1.430000000000000000e+02 1.815665000000000146e+04
1.590000000000000000e+02 1.815795000000000073e+04
1.030000000000000000e+02 1.815965000000000146e+04
1.190000000000000000e+02 1.816345000000000073e+04
1.110000000000000000e+02 1.816479999999999927e+04
9.500000000000000000e+01 1.816520000000000073e+04
1.510000000000000000e+02 1.816525000000000000e+04
8.700000000000000000e+01 1.816545000000000073e+04
1.350000000000000000e+02 1.816660000000000218e+04
1.270000000000000000e+02 1.816685000000000218e+04
1.350000000000000000e+02 1.825775000000000000e+04
1.510000000000000000e+02 1.825904999999999927e+04
1.270000000000000000e+02 1.826529999999999927e+04
1.190000000000000000e+02 1.826545000000000073e+04
8.700000000000000000e+01 1.826570000000000073e+04
1.030000000000000000e+02 1.826570000000000073e+04
1.430000000000000000e+02 1.826575000000000000e+04
9.500000000000000000e+01 1.826585000000000218e+04
1.110000000000000000e+02 1.826604999999999927e+04
1.590000000000000000e+02 1.826640000000000146e+04
1.270000000000000000e+02 1.833879999999999927e+04
1.190000000000000000e+02 1.848110000000000218e+04
1.510000000000000000e+02 1.848165000000000146e+04
1.350000000000000000e+02 1.858610000000000218e+04
8.700000000000000000e+01 1.858920000000000073e+04
1.190000000000000000e+02 1.859229999999999927e+04
1.030000000000000000e+02 1.859335000000000218e+04
1.110000000000000000e+02 1.859340000000000146e+04
1.430000000000000000e+02 1.859390000000000146e+04
1.510000000000000000e+02 1.859404999999999927e+04
1.590000000000000000e+02 1.859410000000000218e+04
1.270000000000000000e+02 1.859460000000000218e+04
9.500000000000000000e+01 1.859510000000000218e+04
1.030000000000000000e+02 1.866975000000000000e+04
9.500000000000000000e+01 1.869660000000000218e+04
8.700000000000000000e+01 1.875979999999999927e+04
1.270000000000000000e+02 1.876325000000000000e+04
1.510000000000000000e+02 1.907275000000000000e+04
1.350000000000000000e+02 1.933625000000000000e+04
1.510000000000000000e+02 1.935270000000000073e+04
1.270000000000000000e+02 1.984479999999999927e+04
1.510000000000000000e+02 1.994970000000000073e+04
1.430000000000000000e+02 1.997154999999999927e+04
1.510000000000000000e+02 2.016060000000000218e+04
1.270000000000000000e+02 2.136010000000000218e+04
1.110000000000000000e+02 2.223035000000000218e+04
8.700000000000000000e+01 2.226904999999999927e+04
1.030000000000000000e+02 2.236390000000000146e+04
1.430000000000000000e+02 2.238829999999999927e+04
8.700000000000000000e+01 2.246535000000000218e+04
1.190000000000000000e+02 2.247250000000000000e+04
1.110000000000000000e+02 2.247385000000000218e+04
9.500000000000000000e+01 2.247395000000000073e+04
1.510000000000000000e+02 2.247420000000000073e+04
1.350000000000000000e+02 2.247565000000000146e+04
1.270000000000000000e+02 2.247640000000000146e+04
1.430000000000000000e+02 2.247700000000000000e+04
1.590000000000000000e+02 2.247775000000000000e+04
1.030000000000000000e+02 2.247835000000000218e+04
1.510000000000000000e+02 2.256679999999999927e+04
1.270000000000000000e+02 2.257500000000000000e+04
8.700000000000000000e+01 2.258095000000000073e+04
1.030000000000000000e+02 2.258395000000000073e+04
9.500000000000000000e+01 2.258465000000000146e+04
1.350000000000000000e+02 2.258485000000000218e+04
1.590000000000000000e+02 2.258529999999999927e+04
1.430000000000000000e+02 2.258665000000000146e+04
1.190000000000000000e+02 2.258685000000000218e+04
1.110000000000000000e+02 2.258740000000000146e+04
8.700000000000000000e+01 2.276765000000000146e+04
9.500000000000000000e+01 2.288665000000000146e+04
1.350000000000000000e+02 2.296875000000000000e+04
1.110000000000000000e+02 2.299060000000000218e+04
1.190000000000000000e+02 2.299100000000000000e+04
8.700000000000000000e+01 2.299354999999999927e+04
1.590000000000000000e+02 2.299390000000000146e+04
1.270000000000000000e+02 2.299420000000000073e+04
1.510000000000000000e+02 2.299415000000000146e+04
1.430000000000000000e+02 2.299470000000000073e+04
9.500000000000000000e+01 2.299475000000000000e+04
1.030000000000000000e+02 2.299535000000000218e+04
1.350000000000000000e+02 2.299670000000000073e+04
