3.840000000000000000e+02 4.981500000000000341e+02
3.280000000000000000e+02 6.567500000000000000e+02
3.600000000000000000e+02 6.997500000000000000e+02
3.760000000000000000e+02 7.564500000000000455e+02
3.600000000000000000e+02 8.247000000000000455e+02
3.520000000000000000e+02 8.436000000000000227e+02
3.760000000000000000e+02 8.695500000000000682e+02
4.000000000000000000e+02 9.916000000000000227e+02
3.680000000000000000e+02 1.176400000000000091e+03
3.520000000000000000e+02 1.264549999999999955e+03
3.760000000000000000e+02 1.383650000000000091e+03
3.440000000000000000e+02 1.451250000000000000e+03
3.360000000000000000e+02 1.836600000000000136e+03
4.000000000000000000e+02 2.257750000000000000e+03
3.440000000000000000e+02 2.555150000000000091e+03
3.280000000000000000e+02 3.162250000000000000e+03
3.280000000000000000e+02 3.565250000000000000e+03
3.280000000000000000e+02 3.840750000000000000e+03
3.680000000000000000e+02 3.859900000000000091e+03
3.520000000000000000e+02 4.066200000000000273e+03
3.680000000000000000e+02 6.275949999999999818e+03
3.920000000000000000e+02 6.575449999999999818e+03
3.840000000000000000e+02 6.912250000000000000e+03
3.600000000000000000e+02 7.058550000000000182e+03
4.000000000000000000e+02 7.540300000000000182e+03
3.760000000000000000e+02 1.054930000000000109e+04
3.680000000000000000e+02 1.056170000000000073e+04
3.760000000000000000e+02 1.085195000000000073e+04
3.360000000000000000e+02 1.170235000000000036e+04
3.520000000000000000e+02 1.199835000000000036e+04
3.920000000000000000e+02 1.306825000000000000e+04
3.920000000000000000e+02 1.315725000000000000e+04
3.520000000000000000e+02 1.430989999999999964e+04
3.280000000000000000e+02 1.448500000000000000e+04
3.440000000000000000e+02 1.449355000000000109e+04
3.920000000000000000e+02 1.450395000000000073e+04
3.920000000000000000e+02 1.473160000000000036e+04
3.680000000000000000e+02 1.612825000000000000e+04
3.440000000000000000e+02 1.646304999999999927e+04
3.760000000000000000e+02 1.651004999999999927e+04
3.360000000000000000e+02 1.676800000000000000e+04
3.360000000000000000e+02 1.816250000000000000e+04
3.760000000000000000e+02 1.823165000000000146e+04
3.600000000000000000e+02 1.825435000000000218e+04
3.840000000000000000e+02 1.826000000000000000e+04
3.600000000000000000e+02 1.836090000000000146e+04
3.680000000000000000e+02 1.866535000000000218e+04
4.000000000000000000e+02 1.878100000000000000e+04
3.440000000000000000e+02 1.883995000000000073e+04
3.280000000000000000e+02 1.894335000000000218e+04
3.440000000000000000e+02 1.894765000000000146e+04
3.840000000000000000e+02 1.902454999999999927e+04
3.600000000000000000e+02 1.902740000000000146e+04
3.920000000000000000e+02 1.902845000000000073e+04
3.520000000000000000e+02 1.903070000000000073e+04
4.000000000000000000e+02 1.904325000000000000e+04
3.360000000000000000e+02 1.904604999999999927e+04
3.680000000000000000e+02 1.905290000000000146e+04
3.280000000000000000e+02 1.905710000000000218e+04
4.000000000000000000e+02 1.907040000000000146e+04
3.520000000000000000e+02 1.908865000000000146e+04
3.440000000000000000e+02 1.909704999999999927e+04
3.360000000000000000e+02 1.909750000000000000e+04
3.920000000000000000e+02 1.909750000000000000e+04
3.600000000000000000e+02 1.910215000000000146e+04
3.520000000000000000e+02 1.912910000000000218e+04
3.280000000000000000e+02 1.913679999999999927e+04
3.600000000000000000e+02 1.914054999999999927e+04
3.360000000000000000e+02 1.914635000000000218e+04
3.680000000000000000e+02 1.914935000000000218e+04
3.440000000000000000e+02 1.914965000000000146e+04
3.840000000000000000e+02 1.915050000000000000e+04
3.920000000000000000e+02 1.915320000000000073e+04
3.760000000000000000e+02 1.915485000000000218e+04
3.280000000000000000e+02 1.917215000000000146e+04
3.760000000000000000e+02 1.919910000000000218e+04
3.520000000000000000e+02 1.920185000000000218e+04
3.360000000000000000e+02 1.920735000000000218e+04
3.280000000000000000e+02 1.921354999999999927e+04
3.600000000000000000e+02 1.921720000000000073e+04
3.840000000000000000e+02 1.921860000000000218e+04
4.000000000000000000e+02 1.922429999999999927e+04
3.760000000000000000e+02 1.923404999999999927e+04
3.360000000000000000e+02 1.923790000000000146e+04
3.920000000000000000e+02 1.925170000000000073e+04
3.520000000000000000e+02 1.925345000000000073e+04
3.680000000000000000e+02 1.925735000000000218e+04
4.000000000000000000e+02 1.927190000000000146e+04
3.760000000000000000e+02 1.927295000000000073e+04
3.840000000000000000e+02 1.927495000000000073e+04
3.600000000000000000e+02 1.928070000000000073e+04
3.440000000000000000e+02 1.928970000000000073e+04
3.360000000000000000e+02 1.930075000000000000e+04
3.920000000000000000e+02 1.931265000000000146e+04
3.520000000000000000e+02 1.931460000000000218e+04
3.280000000000000000e+02 1.931645000000000073e+04
3.440000000000000000e+02 1.932610000000000218e+04
3.840000000000000000e+02 1.934200000000000000e+04
3.600000000000000000e+02 1.935160000000000218e+04
3.920000000000000000e+02 1.936329999999999927e+04
3.760000000000000000e+02 1.936885000000000218e+04
3.440000000000000000e+02 1.937520000000000073e+04
3.360000000000000000e+02 1.937535000000000218e+04
3.680000000000000000e+02 1.937995000000000073e+04
4.000000000000000000e+02 1.938200000000000000e+04
3.280000000000000000e+02 1.939254999999999927e+04
3.920000000000000000e+02 1.939900000000000000e+04
3.840000000000000000e+02 1.941490000000000146e+04
3.520000000000000000e+02 1.941620000000000073e+04
3.280000000000000000e+02 1.943310000000000218e+04
3.680000000000000000e+02 1.943410000000000218e+04
4.000000000000000000e+02 1.943440000000000146e+04
3.760000000000000000e+02 1.944245000000000073e+04
3.520000000000000000e+02 1.944920000000000073e+04
3.920000000000000000e+02 1.945690000000000146e+04
3.360000000000000000e+02 1.945885000000000218e+04
3.280000000000000000e+02 1.946650000000000000e+04
3.840000000000000000e+02 1.946679999999999927e+04
3.600000000000000000e+02 1.947510000000000218e+04
3.760000000000000000e+02 1.948295000000000073e+04
3.680000000000000000e+02 1.948600000000000000e+04
3.520000000000000000e+02 1.949240000000000146e+04
3.440000000000000000e+02 1.949554999999999927e+04
3.920000000000000000e+02 1.951500000000000000e+04
4.000000000000000000e+02 1.951885000000000218e+04
3.360000000000000000e+02 1.952085000000000218e+04
3.280000000000000000e+02 1.952660000000000218e+04
3.840000000000000000e+02 1.954470000000000073e+04
3.680000000000000000e+02 1.954625000000000000e+04
4.000000000000000000e+02 1.955845000000000073e+04
3.440000000000000000e+02 1.956250000000000000e+04
3.760000000000000000e+02 1.956990000000000146e+04
3.600000000000000000e+02 1.958720000000000073e+04
3.360000000000000000e+02 1.959979999999999927e+04
3.840000000000000000e+02 1.960040000000000146e+04
3.520000000000000000e+02 1.960279999999999927e+04
4.000000000000000000e+02 1.961610000000000218e+04
3.760000000000000000e+02 1.961760000000000218e+04
3.920000000000000000e+02 1.961854999999999927e+04
3.280000000000000000e+02 1.962135000000000218e+04
3.600000000000000000e+02 1.963545000000000073e+04
3.440000000000000000e+02 1.963595000000000073e+04
3.840000000000000000e+02 1.964265000000000146e+04
3.680000000000000000e+02 1.965425000000000000e+04
4.000000000000000000e+02 1.966425000000000000e+04
3.360000000000000000e+02 1.966850000000000000e+04
3.760000000000000000e+02 1.967175000000000000e+04
3.840000000000000000e+02 1.968979999999999927e+04
4.000000000000000000e+02 1.969775000000000000e+04
3.920000000000000000e+02 1.970195000000000073e+04
3.680000000000000000e+02 1.970375000000000000e+04
3.600000000000000000e+02 1.971045000000000073e+04
3.440000000000000000e+02 1.971660000000000218e+04
3.520000000000000000e+02 1.971800000000000000e+04
3.680000000000000000e+02 1.973679999999999927e+04
3.760000000000000000e+02 1.974765000000000146e+04
3.920000000000000000e+02 1.974875000000000000e+04
3.600000000000000000e+02 1.975870000000000073e+04
3.680000000000000000e+02 1.977085000000000218e+04
3.520000000000000000e+02 1.977140000000000146e+04
3.280000000000000000e+02 1.977370000000000073e+04
4.000000000000000000e+02 1.977754999999999927e+04
3.760000000000000000e+02 1.978404999999999927e+04
3.360000000000000000e+02 1.979225000000000000e+04
3.440000000000000000e+02 1.979295000000000073e+04
3.520000000000000000e+02 1.981225000000000000e+04
3.840000000000000000e+02 1.982535000000000218e+04
3.280000000000000000e+02 1.982710000000000218e+04
3.680000000000000000e+02 1.982725000000000000e+04
3.920000000000000000e+02 1.982975000000000000e+04
3.360000000000000000e+02 1.983020000000000073e+04
3.600000000000000000e+02 1.983729999999999927e+04
3.760000000000000000e+02 1.984254999999999927e+04
3.440000000000000000e+02 1.984790000000000146e+04
3.520000000000000000e+02 1.984945000000000073e+04
3.840000000000000000e+02 1.986550000000000000e+04
3.360000000000000000e+02 1.986950000000000000e+04
4.000000000000000000e+02 1.988740000000000146e+04
3.600000000000000000e+02 1.988825000000000000e+04
3.280000000000000000e+02 1.989040000000000146e+04
3.760000000000000000e+02 1.989035000000000218e+04
3.680000000000000000e+02 1.989579999999999927e+04
3.520000000000000000e+02 1.989665000000000146e+04
3.920000000000000000e+02 1.990354999999999927e+04
4.000000000000000000e+02 1.991679999999999927e+04
3.840000000000000000e+02 1.991885000000000218e+04
3.600000000000000000e+02 1.993104999999999927e+04
3.440000000000000000e+02 1.993165000000000146e+04
3.680000000000000000e+02 1.993185000000000218e+04
3.360000000000000000e+02 1.994275000000000000e+04
3.520000000000000000e+02 1.994750000000000000e+04
3.760000000000000000e+02 1.994879999999999927e+04
4.000000000000000000e+02 1.995090000000000146e+04
3.280000000000000000e+02 1.995295000000000073e+04
3.920000000000000000e+02 1.996825000000000000e+04
4.000000000000000000e+02 1.998045000000000073e+04
3.600000000000000000e+02 1.998565000000000146e+04
3.840000000000000000e+02 1.998815000000000146e+04
3.680000000000000000e+02 1.999170000000000073e+04
3.440000000000000000e+02 1.999390000000000146e+04
3.520000000000000000e+02 2.000010000000000218e+04
3.760000000000000000e+02 2.001140000000000146e+04
3.280000000000000000e+02 2.002115000000000146e+04
3.360000000000000000e+02 2.002670000000000073e+04
3.440000000000000000e+02 2.003015000000000146e+04
3.920000000000000000e+02 2.003145000000000073e+04
3.520000000000000000e+02 2.003760000000000218e+04
3.840000000000000000e+02 2.004920000000000073e+04
4.000000000000000000e+02 2.005110000000000218e+04
3.760000000000000000e+02 2.005375000000000000e+04
3.920000000000000000e+02 2.006635000000000218e+04
3.600000000000000000e+02 2.007515000000000146e+04
3.680000000000000000e+02 2.008395000000000073e+04
3.360000000000000000e+02 2.009035000000000218e+04
3.840000000000000000e+02 2.009075000000000000e+04
3.520000000000000000e+02 2.009385000000000218e+04
3.920000000000000000e+02 2.009550000000000000e+04
4.000000000000000000e+02 2.010625000000000000e+04
3.280000000000000000e+02 2.011035000000000218e+04
3.760000000000000000e+02 2.012340000000000146e+04
3.600000000000000000e+02 2.012579999999999927e+04
3.440000000000000000e+02 2.013120000000000073e+04
3.920000000000000000e+02 2.014690000000000146e+04
4.000000000000000000e+02 2.014900000000000000e+04
3.280000000000000000e+02 2.015245000000000073e+04
3.680000000000000000e+02 2.015620000000000073e+04
3.600000000000000000e+02 2.015950000000000000e+04
3.360000000000000000e+02 2.016225000000000000e+04
3.760000000000000000e+02 2.016454999999999927e+04
3.840000000000000000e+02 2.016690000000000146e+04
3.520000000000000000e+02 2.017440000000000146e+04
3.920000000000000000e+02 2.018050000000000000e+04
3.680000000000000000e+02 2.019420000000000073e+04
3.520000000000000000e+02 2.019965000000000146e+04
3.440000000000000000e+02 2.020570000000000073e+04
3.360000000000000000e+02 2.021754999999999927e+04
3.840000000000000000e+02 2.022140000000000146e+04
3.280000000000000000e+02 2.023510000000000218e+04
3.600000000000000000e+02 2.024365000000000146e+04
3.760000000000000000e+02 2.024529999999999927e+04
3.680000000000000000e+02 2.024585000000000218e+04
4.000000000000000000e+02 2.024915000000000146e+04
3.360000000000000000e+02 2.025929999999999927e+04
3.920000000000000000e+02 2.026129999999999927e+04
3.520000000000000000e+02 2.026520000000000073e+04
3.280000000000000000e+02 2.026790000000000146e+04
3.600000000000000000e+02 2.027104999999999927e+04
3.440000000000000000e+02 2.027400000000000000e+04
3.840000000000000000e+02 2.028125000000000000e+04
4.000000000000000000e+02 2.028720000000000073e+04
3.760000000000000000e+02 2.028804999999999927e+04
3.680000000000000000e+02 2.028925000000000000e+04
3.520000000000000000e+02 2.029840000000000146e+04
3.360000000000000000e+02 2.030635000000000218e+04
3.920000000000000000e+02 2.031570000000000073e+04
3.680000000000000000e+02 2.031860000000000218e+04
4.000000000000000000e+02 2.032025000000000000e+04
3.280000000000000000e+02 2.032295000000000073e+04
3.760000000000000000e+02 2.032335000000000218e+04
3.600000000000000000e+02 2.032535000000000218e+04
3.840000000000000000e+02 2.032570000000000073e+04
3.520000000000000000e+02 2.033275000000000000e+04
3.440000000000000000e+02 2.034360000000000218e+04
3.760000000000000000e+02 2.036425000000000000e+04
3.920000000000000000e+02 2.036560000000000218e+04
3.600000000000000000e+02 2.036929999999999927e+04
3.360000000000000000e+02 2.037079999999999927e+04
3.520000000000000000e+02 2.037310000000000218e+04
4.000000000000000000e+02 2.037345000000000073e+04
3.840000000000000000e+02 2.037445000000000073e+04
3.280000000000000000e+02 2.037925000000000000e+04
3.680000000000000000e+02 2.038295000000000073e+04
3.440000000000000000e+02 2.038779999999999927e+04
3.360000000000000000e+02 2.041110000000000218e+04
3.280000000000000000e+02 2.041235000000000218e+04
3.840000000000000000e+02 2.041270000000000073e+04
3.680000000000000000e+02 2.041310000000000218e+04
3.600000000000000000e+02 2.041365000000000146e+04
3.520000000000000000e+02 2.041495000000000073e+04
3.760000000000000000e+02 2.041760000000000218e+04
3.920000000000000000e+02 2.042470000000000073e+04
3.440000000000000000e+02 2.042825000000000000e+04
4.000000000000000000e+02 2.042879999999999927e+04
3.760000000000000000e+02 2.044740000000000146e+04
3.600000000000000000e+02 2.044804999999999927e+04
3.360000000000000000e+02 2.044945000000000073e+04
3.280000000000000000e+02 2.045204999999999927e+04
3.520000000000000000e+02 2.045550000000000000e+04
3.680000000000000000e+02 2.046215000000000146e+04
3.840000000000000000e+02 2.047140000000000146e+04
4.000000000000000000e+02 2.047270000000000073e+04
3.920000000000000000e+02 2.048695000000000073e+04
3.440000000000000000e+02 2.049565000000000146e+04
3.280000000000000000e+02 2.050165000000000146e+04
3.680000000000000000e+02 2.050265000000000146e+04
3.360000000000000000e+02 2.050365000000000146e+04
3.760000000000000000e+02 2.050740000000000146e+04
3.840000000000000000e+02 2.050875000000000000e+04
4.000000000000000000e+02 2.051035000000000218e+04
3.520000000000000000e+02 2.051170000000000073e+04
3.600000000000000000e+02 2.051410000000000218e+04
3.280000000000000000e+02 2.053140000000000146e+04
3.920000000000000000e+02 2.053290000000000146e+04
3.440000000000000000e+02 2.053300000000000000e+04
3.360000000000000000e+02 2.053420000000000073e+04
3.840000000000000000e+02 2.054120000000000073e+04
4.000000000000000000e+02 2.054125000000000000e+04
3.520000000000000000e+02 2.054240000000000146e+04
3.760000000000000000e+02 2.054965000000000146e+04
3.680000000000000000e+02 2.055090000000000146e+04
3.600000000000000000e+02 2.055210000000000218e+04
3.920000000000000000e+02 2.057990000000000146e+04
3.520000000000000000e+02 2.058210000000000218e+04
3.760000000000000000e+02 2.058385000000000218e+04
3.440000000000000000e+02 2.058460000000000218e+04
3.280000000000000000e+02 2.058520000000000073e+04
3.360000000000000000e+02 2.058600000000000000e+04
4.000000000000000000e+02 2.058720000000000073e+04
3.840000000000000000e+02 2.059065000000000146e+04
3.600000000000000000e+02 2.059565000000000146e+04
3.680000000000000000e+02 2.060460000000000218e+04
3.760000000000000000e+02 2.061865000000000146e+04
3.280000000000000000e+02 2.062075000000000000e+04
3.440000000000000000e+02 2.062235000000000218e+04
3.920000000000000000e+02 2.062265000000000146e+04
4.000000000000000000e+02 2.062279999999999927e+04
3.600000000000000000e+02 2.062829999999999927e+04
3.520000000000000000e+02 2.063070000000000073e+04
3.680000000000000000e+02 2.064279999999999927e+04
3.840000000000000000e+02 2.064575000000000000e+04
3.280000000000000000e+02 2.065504999999999927e+04
4.000000000000000000e+02 2.065815000000000146e+04
3.920000000000000000e+02 2.065850000000000000e+04
3.520000000000000000e+02 2.066000000000000000e+04
3.600000000000000000e+02 2.066004999999999927e+04
3.360000000000000000e+02 2.066220000000000073e+04
3.440000000000000000e+02 2.066450000000000000e+04
3.840000000000000000e+02 2.067650000000000000e+04
3.760000000000000000e+02 2.067840000000000146e+04
3.680000000000000000e+02 2.068750000000000000e+04
3.280000000000000000e+02 2.069210000000000218e+04
3.600000000000000000e+02 2.069585000000000218e+04
4.000000000000000000e+02 2.069675000000000000e+04
3.520000000000000000e+02 2.069775000000000000e+04
3.920000000000000000e+02 2.070179999999999927e+04
3.360000000000000000e+02 2.070320000000000073e+04
3.840000000000000000e+02 2.071375000000000000e+04
3.440000000000000000e+02 2.071760000000000218e+04
3.600000000000000000e+02 2.072445000000000073e+04
3.760000000000000000e+02 2.072745000000000073e+04
3.680000000000000000e+02 2.073070000000000073e+04
3.360000000000000000e+02 2.073285000000000218e+04
3.520000000000000000e+02 2.073429999999999927e+04
3.920000000000000000e+02 2.073520000000000073e+04
4.000000000000000000e+02 2.073640000000000146e+04
3.440000000000000000e+02 2.075765000000000146e+04
3.840000000000000000e+02 2.076075000000000000e+04
3.280000000000000000e+02 2.076165000000000146e+04
3.600000000000000000e+02 2.076429999999999927e+04
3.360000000000000000e+02 2.076610000000000218e+04
3.760000000000000000e+02 2.076629999999999927e+04
4.000000000000000000e+02 2.077200000000000000e+04
3.920000000000000000e+02 2.077215000000000146e+04
3.680000000000000000e+02 2.077260000000000218e+04
3.520000000000000000e+02 2.077404999999999927e+04
3.280000000000000000e+02 2.078025000000000000e+04
3.920000000000000000e+02 2.079504999999999927e+04
3.520000000000000000e+02 2.079920000000000073e+04
3.840000000000000000e+02 2.079935000000000218e+04
3.440000000000000000e+02 2.080790000000000146e+04
3.600000000000000000e+02 2.080920000000000073e+04
3.360000000000000000e+02 2.080975000000000000e+04
4.000000000000000000e+02 2.081079999999999927e+04
3.760000000000000000e+02 2.081335000000000218e+04
3.680000000000000000e+02 2.081450000000000000e+04
3.920000000000000000e+02 2.081495000000000073e+04
3.360000000000000000e+02 2.084395000000000073e+04
3.600000000000000000e+02 2.084629999999999927e+04
3.760000000000000000e+02 2.084675000000000000e+04
3.280000000000000000e+02 2.084750000000000000e+04
3.440000000000000000e+02 2.084765000000000146e+04
3.680000000000000000e+02 2.084800000000000000e+04
4.000000000000000000e+02 2.084854999999999927e+04
3.840000000000000000e+02 2.084910000000000218e+04
3.920000000000000000e+02 2.084970000000000073e+04
3.520000000000000000e+02 2.085375000000000000e+04
3.760000000000000000e+02 2.087060000000000218e+04
4.000000000000000000e+02 2.087470000000000073e+04
3.280000000000000000e+02 2.087645000000000073e+04
3.840000000000000000e+02 2.087910000000000218e+04
3.680000000000000000e+02 2.087940000000000146e+04
3.920000000000000000e+02 2.087935000000000218e+04
3.360000000000000000e+02 2.088110000000000218e+04
3.440000000000000000e+02 2.088104999999999927e+04
3.600000000000000000e+02 2.088270000000000073e+04
3.520000000000000000e+02 2.088435000000000218e+04
3.760000000000000000e+02 2.090875000000000000e+04
3.920000000000000000e+02 2.090995000000000073e+04
3.680000000000000000e+02 2.091435000000000218e+04
3.600000000000000000e+02 2.091520000000000073e+04
3.280000000000000000e+02 2.091660000000000218e+04
3.520000000000000000e+02 2.091670000000000073e+04
3.360000000000000000e+02 2.091675000000000000e+04
4.000000000000000000e+02 2.091685000000000218e+04
3.440000000000000000e+02 2.091785000000000218e+04
3.840000000000000000e+02 2.091910000000000218e+04
3.760000000000000000e+02 2.094420000000000073e+04
3.920000000000000000e+02 2.094475000000000000e+04
3.440000000000000000e+02 2.094700000000000000e+04
3.280000000000000000e+02 2.094795000000000073e+04
3.360000000000000000e+02 2.094870000000000073e+04
3.600000000000000000e+02 2.094904999999999927e+04
3.520000000000000000e+02 2.095010000000000218e+04
3.680000000000000000e+02 2.095140000000000146e+04
4.000000000000000000e+02 2.095215000000000146e+04
3.840000000000000000e+02 2.096265000000000146e+04
3.760000000000000000e+02 2.097745000000000073e+04
3.680000000000000000e+02 2.097795000000000073e+04
3.360000000000000000e+02 2.097810000000000218e+04
3.520000000000000000e+02 2.097910000000000218e+04
3.280000000000000000e+02 2.098500000000000000e+04
3.440000000000000000e+02 2.098745000000000073e+04
3.600000000000000000e+02 2.098785000000000218e+04
3.840000000000000000e+02 2.098885000000000218e+04
3.920000000000000000e+02 2.098940000000000146e+04
4.000000000000000000e+02 2.098945000000000073e+04
3.520000000000000000e+02 2.100485000000000218e+04
3.760000000000000000e+02 2.100570000000000073e+04
3.360000000000000000e+02 2.101229999999999927e+04
3.440000000000000000e+02 2.101754999999999927e+04
3.840000000000000000e+02 2.101835000000000218e+04
3.680000000000000000e+02 2.101860000000000218e+04
3.280000000000000000e+02 2.102145000000000073e+04
3.920000000000000000e+02 2.102195000000000073e+04
4.000000000000000000e+02 2.102285000000000218e+04
3.600000000000000000e+02 2.102300000000000000e+04
3.520000000000000000e+02 2.102845000000000073e+04
3.760000000000000000e+02 2.104465000000000146e+04
3.840000000000000000e+02 2.105100000000000000e+04
3.680000000000000000e+02 2.105340000000000146e+04
3.600000000000000000e+02 2.105465000000000146e+04
3.520000000000000000e+02 2.105579999999999927e+04
4.000000000000000000e+02 2.105595000000000073e+04
3.360000000000000000e+02 2.105635000000000218e+04
3.920000000000000000e+02 2.105650000000000000e+04
3.440000000000000000e+02 2.105654999999999927e+04
3.280000000000000000e+02 2.105685000000000218e+04
3.760000000000000000e+02 2.108270000000000073e+04
3.840000000000000000e+02 2.108735000000000218e+04
3.680000000000000000e+02 2.108825000000000000e+04
4.000000000000000000e+02 2.108904999999999927e+04
3.520000000000000000e+02 2.108929999999999927e+04
3.440000000000000000e+02 2.109070000000000073e+04
3.920000000000000000e+02 2.109104999999999927e+04
3.280000000000000000e+02 2.109179999999999927e+04
3.600000000000000000e+02 2.109204999999999927e+04
3.360000000000000000e+02 2.109320000000000073e+04
3.760000000000000000e+02 2.112010000000000218e+04
3.680000000000000000e+02 2.112015000000000146e+04
3.440000000000000000e+02 2.112154999999999927e+04
3.920000000000000000e+02 2.112470000000000073e+04
3.840000000000000000e+02 2.112515000000000146e+04
3.280000000000000000e+02 2.112540000000000146e+04
3.600000000000000000e+02 2.112579999999999927e+04
4.000000000000000000e+02 2.112629999999999927e+04
3.360000000000000000e+02 2.112675000000000000e+04
3.520000000000000000e+02 2.112695000000000073e+04
3.760000000000000000e+02 2.115635000000000218e+04
3.280000000000000000e+02 2.115750000000000000e+04
3.440000000000000000e+02 2.116070000000000073e+04
3.920000000000000000e+02 2.116175000000000000e+04
3.600000000000000000e+02 2.116190000000000146e+04
3.680000000000000000e+02 2.116204999999999927e+04
3.360000000000000000e+02 2.116245000000000073e+04
4.000000000000000000e+02 2.116265000000000146e+04
3.840000000000000000e+02 2.116279999999999927e+04
3.520000000000000000e+02 2.116310000000000218e+04
3.520000000000000000e+02 2.119085000000000218e+04
3.600000000000000000e+02 2.119175000000000000e+04
3.440000000000000000e+02 2.119315000000000146e+04
3.920000000000000000e+02 2.119425000000000000e+04
3.280000000000000000e+02 2.119479999999999927e+04
4.000000000000000000e+02 2.119550000000000000e+04
3.360000000000000000e+02 2.119565000000000146e+04
3.760000000000000000e+02 2.119670000000000073e+04
3.840000000000000000e+02 2.119725000000000000e+04
3.680000000000000000e+02 2.119754999999999927e+04
3.600000000000000000e+02 2.122420000000000073e+04
3.440000000000000000e+02 2.122554999999999927e+04
3.360000000000000000e+02 2.122804999999999927e+04
3.840000000000000000e+02 2.122820000000000073e+04
4.000000000000000000e+02 2.122929999999999927e+04
3.520000000000000000e+02 2.122960000000000218e+04
3.280000000000000000e+02 2.122979999999999927e+04
3.920000000000000000e+02 2.123079999999999927e+04
3.760000000000000000e+02 2.123095000000000073e+04
3.360000000000000000e+02 2.124515000000000146e+04
3.280000000000000000e+02 2.125525000000000000e+04
3.680000000000000000e+02 2.125675000000000000e+04
3.520000000000000000e+02 2.126000000000000000e+04
3.600000000000000000e+02 2.126154999999999927e+04
4.000000000000000000e+02 2.126240000000000146e+04
3.920000000000000000e+02 2.126300000000000000e+04
3.760000000000000000e+02 2.126320000000000073e+04
3.840000000000000000e+02 2.126325000000000000e+04
3.440000000000000000e+02 2.126354999999999927e+04
3.360000000000000000e+02 2.126440000000000146e+04
3.680000000000000000e+02 2.127535000000000218e+04
3.440000000000000000e+02 2.129570000000000073e+04
3.920000000000000000e+02 2.129610000000000218e+04
3.520000000000000000e+02 2.129625000000000000e+04
3.280000000000000000e+02 2.129635000000000218e+04
4.000000000000000000e+02 2.129679999999999927e+04
3.600000000000000000e+02 2.129725000000000000e+04
3.360000000000000000e+02 2.129754999999999927e+04
3.840000000000000000e+02 2.129754999999999927e+04
3.760000000000000000e+02 2.129870000000000073e+04
3.920000000000000000e+02 2.132270000000000073e+04
3.680000000000000000e+02 2.132320000000000073e+04
3.520000000000000000e+02 2.132515000000000146e+04
3.280000000000000000e+02 2.132545000000000073e+04
4.000000000000000000e+02 2.132629999999999927e+04
3.440000000000000000e+02 2.132729999999999927e+04
3.760000000000000000e+02 2.132800000000000000e+04
3.840000000000000000e+02 2.132904999999999927e+04
3.360000000000000000e+02 2.132940000000000146e+04
3.600000000000000000e+02 2.132940000000000146e+04
3.920000000000000000e+02 2.135379999999999927e+04
3.440000000000000000e+02 2.135675000000000000e+04
3.280000000000000000e+02 2.135815000000000146e+04
3.520000000000000000e+02 2.135879999999999927e+04
4.000000000000000000e+02 2.135935000000000218e+04
3.680000000000000000e+02 2.135970000000000073e+04
3.840000000000000000e+02 2.135995000000000073e+04
3.760000000000000000e+02 2.136010000000000218e+04
3.360000000000000000e+02 2.136035000000000218e+04
3.600000000000000000e+02 2.136035000000000218e+04
3.440000000000000000e+02 2.138610000000000218e+04
3.920000000000000000e+02 2.138625000000000000e+04
3.280000000000000000e+02 2.138935000000000218e+04
3.760000000000000000e+02 2.138965000000000146e+04
3.600000000000000000e+02 2.139085000000000218e+04
4.000000000000000000e+02 2.139129999999999927e+04
3.520000000000000000e+02 2.139215000000000146e+04
3.840000000000000000e+02 2.139310000000000218e+04
3.360000000000000000e+02 2.139340000000000146e+04
3.680000000000000000e+02 2.139360000000000218e+04
3.920000000000000000e+02 2.142004999999999927e+04
3.760000000000000000e+02 2.142254999999999927e+04
3.440000000000000000e+02 2.142340000000000146e+04
3.600000000000000000e+02 2.142440000000000146e+04
3.280000000000000000e+02 2.142454999999999927e+04
3.840000000000000000e+02 2.142500000000000000e+04
4.000000000000000000e+02 2.142550000000000000e+04
3.360000000000000000e+02 2.142620000000000073e+04
3.680000000000000000e+02 2.142695000000000073e+04
3.520000000000000000e+02 2.142779999999999927e+04
3.920000000000000000e+02 2.144429999999999927e+04
3.280000000000000000e+02 2.145235000000000218e+04
3.760000000000000000e+02 2.145354999999999927e+04
4.000000000000000000e+02 2.145390000000000146e+04
3.840000000000000000e+02 2.145585000000000218e+04
3.600000000000000000e+02 2.145900000000000000e+04
3.440000000000000000e+02 2.145950000000000000e+04
3.680000000000000000e+02 2.145965000000000146e+04
3.520000000000000000e+02 2.145979999999999927e+04
3.360000000000000000e+02 2.145990000000000146e+04
3.920000000000000000e+02 2.146265000000000146e+04
4.000000000000000000e+02 2.146545000000000073e+04
3.840000000000000000e+02 2.148104999999999927e+04
3.760000000000000000e+02 2.148260000000000218e+04
3.360000000000000000e+02 2.148640000000000146e+04
3.680000000000000000e+02 2.148860000000000218e+04
3.440000000000000000e+02 2.148910000000000218e+04
3.280000000000000000e+02 2.148979999999999927e+04
3.920000000000000000e+02 2.148995000000000073e+04
3.520000000000000000e+02 2.149004999999999927e+04
3.600000000000000000e+02 2.149045000000000073e+04
4.000000000000000000e+02 2.149160000000000218e+04
3.840000000000000000e+02 2.151445000000000073e+04
3.360000000000000000e+02 2.151515000000000146e+04
3.520000000000000000e+02 2.151900000000000000e+04
3.920000000000000000e+02 2.151935000000000218e+04
3.600000000000000000e+02 2.152115000000000146e+04
3.440000000000000000e+02 2.152145000000000073e+04
4.000000000000000000e+02 2.152195000000000073e+04
3.280000000000000000e+02 2.152204999999999927e+04
3.680000000000000000e+02 2.152260000000000218e+04
3.760000000000000000e+02 2.152254999999999927e+04
3.520000000000000000e+02 2.154854999999999927e+04
3.360000000000000000e+02 2.154920000000000073e+04
3.840000000000000000e+02 2.155010000000000218e+04
3.920000000000000000e+02 2.155170000000000073e+04
3.600000000000000000e+02 2.155235000000000218e+04
3.280000000000000000e+02 2.155295000000000073e+04
4.000000000000000000e+02 2.155379999999999927e+04
3.440000000000000000e+02 2.155410000000000218e+04
3.760000000000000000e+02 2.155404999999999927e+04
3.680000000000000000e+02 2.155465000000000146e+04
3.520000000000000000e+02 2.158560000000000218e+04
3.280000000000000000e+02 2.158570000000000073e+04
3.600000000000000000e+02 2.158570000000000073e+04
3.920000000000000000e+02 2.158600000000000000e+04
4.000000000000000000e+02 2.158650000000000000e+04
3.760000000000000000e+02 2.158654999999999927e+04
3.440000000000000000e+02 2.158670000000000073e+04
3.360000000000000000e+02 2.158770000000000073e+04
3.680000000000000000e+02 2.158835000000000218e+04
3.840000000000000000e+02 2.158840000000000146e+04
3.280000000000000000e+02 2.161729999999999927e+04
3.600000000000000000e+02 2.161810000000000218e+04
3.760000000000000000e+02 2.161829999999999927e+04
3.520000000000000000e+02 2.161860000000000218e+04
3.360000000000000000e+02 2.161870000000000073e+04
4.000000000000000000e+02 2.161875000000000000e+04
3.440000000000000000e+02 2.161885000000000218e+04
3.840000000000000000e+02 2.161890000000000146e+04
3.920000000000000000e+02 2.161895000000000073e+04
3.680000000000000000e+02 2.161960000000000218e+04
3.840000000000000000e+02 2.164325000000000000e+04
3.280000000000000000e+02 2.164475000000000000e+04
4.000000000000000000e+02 2.164640000000000146e+04
3.600000000000000000e+02 2.164700000000000000e+04
3.680000000000000000e+02 2.164725000000000000e+04
3.760000000000000000e+02 2.164790000000000146e+04
3.440000000000000000e+02 2.164850000000000000e+04
3.360000000000000000e+02 2.164860000000000218e+04
3.920000000000000000e+02 2.164890000000000146e+04
3.520000000000000000e+02 2.164950000000000000e+04
3.280000000000000000e+02 2.166804999999999927e+04
3.520000000000000000e+02 2.167335000000000218e+04
3.840000000000000000e+02 2.167390000000000146e+04
3.440000000000000000e+02 2.167690000000000146e+04
3.760000000000000000e+02 2.167745000000000073e+04
3.600000000000000000e+02 2.167785000000000218e+04
3.920000000000000000e+02 2.167804999999999927e+04
4.000000000000000000e+02 2.167815000000000146e+04
3.680000000000000000e+02 2.167825000000000000e+04
3.360000000000000000e+02 2.167900000000000000e+04
3.920000000000000000e+02 2.170495000000000073e+04
3.360000000000000000e+02 2.170565000000000146e+04
3.520000000000000000e+02 2.170590000000000146e+04
3.680000000000000000e+02 2.170679999999999927e+04
3.280000000000000000e+02 2.170760000000000218e+04
3.760000000000000000e+02 2.170775000000000000e+04
3.840000000000000000e+02 2.170829999999999927e+04
4.000000000000000000e+02 2.170854999999999927e+04
3.440000000000000000e+02 2.170885000000000218e+04
3.600000000000000000e+02 2.170900000000000000e+04
3.680000000000000000e+02 2.173479999999999927e+04
3.920000000000000000e+02 2.173590000000000146e+04
3.360000000000000000e+02 2.173745000000000073e+04
4.000000000000000000e+02 2.173760000000000218e+04
3.520000000000000000e+02 2.173875000000000000e+04
3.760000000000000000e+02 2.173895000000000073e+04
3.440000000000000000e+02 2.173954999999999927e+04
3.840000000000000000e+02 2.174020000000000073e+04
3.600000000000000000e+02 2.174029999999999927e+04
3.680000000000000000e+02 2.176115000000000146e+04
3.280000000000000000e+02 2.176850000000000000e+04
3.440000000000000000e+02 2.177190000000000146e+04
3.600000000000000000e+02 2.177220000000000073e+04
3.920000000000000000e+02 2.177254999999999927e+04
4.000000000000000000e+02 2.177265000000000146e+04
3.360000000000000000e+02 2.177290000000000146e+04
3.520000000000000000e+02 2.177285000000000218e+04
3.840000000000000000e+02 2.177285000000000218e+04
3.760000000000000000e+02 2.177415000000000146e+04
3.680000000000000000e+02 2.177629999999999927e+04
3.360000000000000000e+02 2.179975000000000000e+04
3.280000000000000000e+02 2.180190000000000146e+04
3.520000000000000000e+02 2.180325000000000000e+04
3.600000000000000000e+02 2.180354999999999927e+04
3.680000000000000000e+02 2.180400000000000000e+04
3.920000000000000000e+02 2.180400000000000000e+04
3.440000000000000000e+02 2.180440000000000146e+04
4.000000000000000000e+02 2.180450000000000000e+04
3.840000000000000000e+02 2.180479999999999927e+04
3.760000000000000000e+02 2.180504999999999927e+04
3.840000000000000000e+02 2.183320000000000073e+04
3.520000000000000000e+02 2.183445000000000073e+04
3.280000000000000000e+02 2.183515000000000146e+04
3.600000000000000000e+02 2.183515000000000146e+04
3.360000000000000000e+02 2.183529999999999927e+04
3.680000000000000000e+02 2.183550000000000000e+04
3.440000000000000000e+02 2.183554999999999927e+04
3.920000000000000000e+02 2.183595000000000073e+04
4.000000000000000000e+02 2.183660000000000218e+04
3.760000000000000000e+02 2.183675000000000000e+04
3.680000000000000000e+02 2.186060000000000218e+04
3.520000000000000000e+02 2.186425000000000000e+04
3.760000000000000000e+02 2.186470000000000073e+04
3.280000000000000000e+02 2.186479999999999927e+04
3.440000000000000000e+02 2.186475000000000000e+04
4.000000000000000000e+02 2.186479999999999927e+04
3.840000000000000000e+02 2.186520000000000073e+04
3.360000000000000000e+02 2.186570000000000073e+04
3.920000000000000000e+02 2.186575000000000000e+04
3.600000000000000000e+02 2.186604999999999927e+04
3.680000000000000000e+02 2.188425000000000000e+04
3.760000000000000000e+02 2.188935000000000218e+04
3.440000000000000000e+02 2.189060000000000218e+04
3.520000000000000000e+02 2.189220000000000073e+04
3.600000000000000000e+02 2.189285000000000218e+04
3.840000000000000000e+02 2.189345000000000073e+04
3.920000000000000000e+02 2.189360000000000218e+04
3.360000000000000000e+02 2.189365000000000146e+04
3.280000000000000000e+02 2.189429999999999927e+04
4.000000000000000000e+02 2.189465000000000146e+04
3.760000000000000000e+02 2.191345000000000073e+04
3.680000000000000000e+02 2.191540000000000146e+04
3.280000000000000000e+02 2.192354999999999927e+04
3.440000000000000000e+02 2.192400000000000000e+04
4.000000000000000000e+02 2.192429999999999927e+04
3.920000000000000000e+02 2.192450000000000000e+04
3.600000000000000000e+02 2.192500000000000000e+04
3.840000000000000000e+02 2.192540000000000146e+04
3.520000000000000000e+02 2.192560000000000218e+04
3.360000000000000000e+02 2.192635000000000218e+04
3.760000000000000000e+02 2.192800000000000000e+04
3.680000000000000000e+02 2.193154999999999927e+04
3.840000000000000000e+02 2.195295000000000073e+04
3.600000000000000000e+02 2.195340000000000146e+04
3.280000000000000000e+02 2.195354999999999927e+04
3.920000000000000000e+02 2.195360000000000218e+04
3.440000000000000000e+02 2.195410000000000218e+04
4.000000000000000000e+02 2.195510000000000218e+04
3.760000000000000000e+02 2.195579999999999927e+04
3.360000000000000000e+02 2.195610000000000218e+04
3.520000000000000000e+02 2.195645000000000073e+04
3.680000000000000000e+02 2.195700000000000000e+04
3.440000000000000000e+02 2.198500000000000000e+04
3.840000000000000000e+02 2.198590000000000146e+04
3.520000000000000000e+02 2.198710000000000218e+04
3.600000000000000000e+02 2.198715000000000146e+04
3.280000000000000000e+02 2.198810000000000218e+04
3.920000000000000000e+02 2.198840000000000146e+04
3.360000000000000000e+02 2.198885000000000218e+04
4.000000000000000000e+02 2.198890000000000146e+04
3.680000000000000000e+02 2.198925000000000000e+04
3.760000000000000000e+02 2.198945000000000073e+04
3.840000000000000000e+02 2.206875000000000000e+04
4.000000000000000000e+02 2.212685000000000218e+04
3.840000000000000000e+02 2.214250000000000000e+04
3.280000000000000000e+02 2.225135000000000218e+04
3.600000000000000000e+02 2.228085000000000218e+04
3.280000000000000000e+02 2.250170000000000073e+04
3.840000000000000000e+02 2.250215000000000146e+04
4.000000000000000000e+02 2.251090000000000146e+04
3.440000000000000000e+02 2.251850000000000000e+04
3.760000000000000000e+02 2.252000000000000000e+04
3.600000000000000000e+02 2.252040000000000146e+04
3.680000000000000000e+02 2.252135000000000218e+04
3.920000000000000000e+02 2.252140000000000146e+04
3.520000000000000000e+02 2.252195000000000073e+04
3.360000000000000000e+02 2.252254999999999927e+04
3.280000000000000000e+02 2.252325000000000000e+04
3.840000000000000000e+02 2.252429999999999927e+04
3.440000000000000000e+02 2.264465000000000146e+04
3.600000000000000000e+02 2.264645000000000073e+04
3.520000000000000000e+02 2.288595000000000073e+04
3.360000000000000000e+02 2.297379999999999927e+04
3.520000000000000000e+02 2.298445000000000073e+04
3.850000000000000000e+02 2.245500000000000114e+02
3.450000000000000000e+02 3.133000000000000114e+02
3.610000000000000000e+02 3.280000000000000000e+02
3.930000000000000000e+02 6.036000000000000227e+02
3.530000000000000000e+02 6.293000000000000682e+02
3.770000000000000000e+02 6.786499999999999773e+02
3.530000000000000000e+02 7.947500000000000000e+02
3.370000000000000000e+02 9.878000000000000682e+02
3.690000000000000000e+02 1.079849999999999909e+03
3.850000000000000000e+02 1.114900000000000091e+03
3.930000000000000000e+02 1.287850000000000136e+03
3.930000000000000000e+02 1.382900000000000091e+03
3.290000000000000000e+02 1.526450000000000045e+03
3.370000000000000000e+02 1.546100000000000136e+03
3.290000000000000000e+02 1.662950000000000045e+03
3.530000000000000000e+02 1.690049999999999955e+03
4.010000000000000000e+02 1.695299999999999955e+03
3.690000000000000000e+02 1.883150000000000091e+03
3.770000000000000000e+02 2.052650000000000091e+03
3.770000000000000000e+02 2.532599999999999909e+03
3.530000000000000000e+02 2.779450000000000273e+03
3.290000000000000000e+02 2.843300000000000182e+03
3.770000000000000000e+02 3.301450000000000273e+03
3.530000000000000000e+02 4.081550000000000182e+03
3.530000000000000000e+02 4.327949999999999818e+03
3.850000000000000000e+02 6.317650000000000546e+03
3.930000000000000000e+02 6.593400000000000546e+03
3.530000000000000000e+02 6.691400000000000546e+03
3.770000000000000000e+02 7.539900000000000546e+03
3.610000000000000000e+02 7.858900000000000546e+03
4.010000000000000000e+02 8.337549999999999272e+03
3.610000000000000000e+02 9.489550000000001091e+03
3.290000000000000000e+02 1.006155000000000109e+04
3.850000000000000000e+02 1.008635000000000036e+04
4.010000000000000000e+02 1.015805000000000109e+04
3.850000000000000000e+02 1.022085000000000036e+04
3.690000000000000000e+02 1.033350000000000000e+04
3.610000000000000000e+02 1.037314999999999964e+04
3.290000000000000000e+02 1.038420000000000073e+04
3.930000000000000000e+02 1.050425000000000000e+04
3.690000000000000000e+02 1.067539999999999964e+04
3.930000000000000000e+02 1.081130000000000109e+04
3.450000000000000000e+02 1.151680000000000109e+04
3.370000000000000000e+02 1.289610000000000036e+04
3.450000000000000000e+02 1.346725000000000000e+04
3.610000000000000000e+02 1.440360000000000036e+04
3.930000000000000000e+02 1.470364999999999964e+04
3.450000000000000000e+02 1.489239999999999964e+04
3.530000000000000000e+02 1.491489999999999964e+04
3.850000000000000000e+02 1.498755000000000109e+04
3.290000000000000000e+02 1.527914999999999964e+04
3.290000000000000000e+02 1.586260000000000036e+04
3.930000000000000000e+02 1.650445000000000073e+04
3.690000000000000000e+02 1.825679999999999927e+04
3.610000000000000000e+02 1.838825000000000000e+04
3.770000000000000000e+02 1.861490000000000146e+04
3.610000000000000000e+02 1.863004999999999927e+04
3.450000000000000000e+02 1.872345000000000073e+04
3.450000000000000000e+02 1.884925000000000000e+04
3.770000000000000000e+02 1.885410000000000218e+04
3.930000000000000000e+02 1.888310000000000218e+04
3.290000000000000000e+02 1.894615000000000146e+04
3.770000000000000000e+02 1.901004999999999927e+04
3.370000000000000000e+02 1.901075000000000000e+04
3.290000000000000000e+02 1.901470000000000073e+04
3.850000000000000000e+02 1.902310000000000218e+04
3.930000000000000000e+02 1.902410000000000218e+04
3.690000000000000000e+02 1.902635000000000218e+04
4.010000000000000000e+02 1.902775000000000000e+04
3.530000000000000000e+02 1.904585000000000218e+04
3.610000000000000000e+02 1.904745000000000073e+04
3.450000000000000000e+02 1.905925000000000000e+04
3.370000000000000000e+02 1.906115000000000146e+04
3.930000000000000000e+02 1.906379999999999927e+04
3.610000000000000000e+02 1.908690000000000146e+04
3.370000000000000000e+02 1.910020000000000073e+04
3.690000000000000000e+02 1.910140000000000146e+04
4.010000000000000000e+02 1.910520000000000073e+04
3.770000000000000000e+02 1.910925000000000000e+04
3.850000000000000000e+02 1.911020000000000073e+04
3.530000000000000000e+02 1.912660000000000218e+04
3.450000000000000000e+02 1.913145000000000073e+04
3.370000000000000000e+02 1.915554999999999927e+04
4.010000000000000000e+02 1.916135000000000218e+04
3.690000000000000000e+02 1.916440000000000146e+04
3.290000000000000000e+02 1.918365000000000146e+04
3.450000000000000000e+02 1.919860000000000218e+04
3.770000000000000000e+02 1.919890000000000146e+04
3.930000000000000000e+02 1.920415000000000146e+04
3.530000000000000000e+02 1.921340000000000146e+04
3.610000000000000000e+02 1.923025000000000000e+04
3.770000000000000000e+02 1.923310000000000218e+04
3.370000000000000000e+02 1.923820000000000073e+04
4.010000000000000000e+02 1.924325000000000000e+04
3.930000000000000000e+02 1.925125000000000000e+04
3.850000000000000000e+02 1.925160000000000218e+04
3.290000000000000000e+02 1.926435000000000218e+04
3.530000000000000000e+02 1.927745000000000073e+04
3.770000000000000000e+02 1.927854999999999927e+04
3.610000000000000000e+02 1.928020000000000073e+04
3.450000000000000000e+02 1.928195000000000073e+04
3.370000000000000000e+02 1.928379999999999927e+04
3.690000000000000000e+02 1.929285000000000218e+04
3.850000000000000000e+02 1.930250000000000000e+04
3.290000000000000000e+02 1.931165000000000146e+04
3.930000000000000000e+02 1.931775000000000000e+04
3.610000000000000000e+02 1.932490000000000146e+04
3.770000000000000000e+02 1.933320000000000073e+04
3.370000000000000000e+02 1.934840000000000146e+04
4.010000000000000000e+02 1.935195000000000073e+04
3.770000000000000000e+02 1.936829999999999927e+04
3.690000000000000000e+02 1.936940000000000146e+04
3.450000000000000000e+02 1.937200000000000000e+04
3.290000000000000000e+02 1.937590000000000146e+04
3.850000000000000000e+02 1.937715000000000146e+04
3.610000000000000000e+02 1.937810000000000218e+04
3.930000000000000000e+02 1.939329999999999927e+04
4.010000000000000000e+02 1.939479999999999927e+04
3.530000000000000000e+02 1.939975000000000000e+04
3.290000000000000000e+02 1.940235000000000218e+04
3.770000000000000000e+02 1.941065000000000146e+04
3.450000000000000000e+02 1.941929999999999927e+04
3.370000000000000000e+02 1.942029999999999927e+04
4.010000000000000000e+02 1.942620000000000073e+04
3.850000000000000000e+02 1.942950000000000000e+04
3.610000000000000000e+02 1.943060000000000218e+04
3.770000000000000000e+02 1.944590000000000146e+04
3.930000000000000000e+02 1.945770000000000073e+04
4.010000000000000000e+02 1.945904999999999927e+04
3.690000000000000000e+02 1.946870000000000073e+04
3.370000000000000000e+02 1.947804999999999927e+04
3.530000000000000000e+02 1.947965000000000146e+04
3.850000000000000000e+02 1.947979999999999927e+04
3.610000000000000000e+02 1.948354999999999927e+04
3.450000000000000000e+02 1.948950000000000000e+04
4.010000000000000000e+02 1.949320000000000073e+04
3.290000000000000000e+02 1.949795000000000073e+04
3.850000000000000000e+02 1.951915000000000146e+04
3.530000000000000000e+02 1.953990000000000146e+04
3.850000000000000000e+02 1.954595000000000073e+04
3.930000000000000000e+02 1.955640000000000146e+04
3.770000000000000000e+02 1.956135000000000218e+04
3.450000000000000000e+02 1.956145000000000073e+04
3.610000000000000000e+02 1.956310000000000218e+04
3.530000000000000000e+02 1.958025000000000000e+04
4.010000000000000000e+02 1.958770000000000073e+04
3.290000000000000000e+02 1.958950000000000000e+04
3.690000000000000000e+02 1.958985000000000218e+04
3.370000000000000000e+02 1.959640000000000146e+04
3.930000000000000000e+02 1.961095000000000073e+04
3.530000000000000000e+02 1.961329999999999927e+04
3.610000000000000000e+02 1.962000000000000000e+04
3.370000000000000000e+02 1.963045000000000073e+04
3.450000000000000000e+02 1.963570000000000073e+04
3.690000000000000000e+02 1.964050000000000000e+04
3.770000000000000000e+02 1.964340000000000146e+04
3.530000000000000000e+02 1.964760000000000218e+04
3.850000000000000000e+02 1.964850000000000000e+04
3.930000000000000000e+02 1.967045000000000073e+04
3.770000000000000000e+02 1.968560000000000218e+04
3.850000000000000000e+02 1.968904999999999927e+04
3.450000000000000000e+02 1.969079999999999927e+04
3.610000000000000000e+02 1.970210000000000218e+04
4.010000000000000000e+02 1.970500000000000000e+04
3.690000000000000000e+02 1.971300000000000000e+04
3.370000000000000000e+02 1.971920000000000073e+04
3.290000000000000000e+02 1.971954999999999927e+04
3.450000000000000000e+02 1.973545000000000073e+04
3.930000000000000000e+02 1.973579999999999927e+04
3.770000000000000000e+02 1.973710000000000218e+04
3.850000000000000000e+02 1.974850000000000000e+04
4.010000000000000000e+02 1.976229999999999927e+04
3.370000000000000000e+02 1.976340000000000146e+04
3.930000000000000000e+02 1.976629999999999927e+04
3.690000000000000000e+02 1.976775000000000000e+04
3.610000000000000000e+02 1.978604999999999927e+04
3.530000000000000000e+02 1.978775000000000000e+04
3.770000000000000000e+02 1.979354999999999927e+04
3.850000000000000000e+02 1.980329999999999927e+04
3.690000000000000000e+02 1.980504999999999927e+04
3.930000000000000000e+02 1.981754999999999927e+04
3.450000000000000000e+02 1.982435000000000218e+04
3.370000000000000000e+02 1.982865000000000146e+04
4.010000000000000000e+02 1.983220000000000073e+04
3.610000000000000000e+02 1.983665000000000146e+04
3.290000000000000000e+02 1.983879999999999927e+04
3.770000000000000000e+02 1.983925000000000000e+04
3.690000000000000000e+02 1.984465000000000146e+04
3.530000000000000000e+02 1.984610000000000218e+04
3.370000000000000000e+02 1.985615000000000146e+04
3.850000000000000000e+02 1.985850000000000000e+04
3.930000000000000000e+02 1.987745000000000073e+04
3.850000000000000000e+02 1.988935000000000218e+04
3.610000000000000000e+02 1.989004999999999927e+04
3.690000000000000000e+02 1.989304999999999927e+04
3.290000000000000000e+02 1.989775000000000000e+04
3.530000000000000000e+02 1.990390000000000146e+04
3.770000000000000000e+02 1.990760000000000218e+04
3.370000000000000000e+02 1.991385000000000218e+04
4.010000000000000000e+02 1.991570000000000073e+04
3.850000000000000000e+02 1.992804999999999927e+04
3.450000000000000000e+02 1.992879999999999927e+04
3.770000000000000000e+02 1.993740000000000146e+04
3.610000000000000000e+02 1.994629999999999927e+04
3.930000000000000000e+02 1.994629999999999927e+04
3.370000000000000000e+02 1.994879999999999927e+04
3.290000000000000000e+02 1.995004999999999927e+04
3.530000000000000000e+02 1.996915000000000146e+04
3.450000000000000000e+02 1.997615000000000146e+04
3.610000000000000000e+02 1.998020000000000073e+04
3.850000000000000000e+02 1.998325000000000000e+04
3.770000000000000000e+02 1.998454999999999927e+04
3.370000000000000000e+02 1.998875000000000000e+04
3.290000000000000000e+02 1.999504999999999927e+04
3.930000000000000000e+02 1.999535000000000218e+04
3.690000000000000000e+02 2.001654999999999927e+04
3.450000000000000000e+02 2.003304999999999927e+04
3.850000000000000000e+02 2.004010000000000218e+04
3.530000000000000000e+02 2.004145000000000073e+04
4.010000000000000000e+02 2.004875000000000000e+04
3.370000000000000000e+02 2.004970000000000073e+04
3.690000000000000000e+02 2.005025000000000000e+04
3.290000000000000000e+02 2.005735000000000218e+04
3.770000000000000000e+02 2.007440000000000146e+04
3.450000000000000000e+02 2.007670000000000073e+04
3.530000000000000000e+02 2.007800000000000000e+04
3.610000000000000000e+02 2.007795000000000073e+04
3.370000000000000000e+02 2.008825000000000000e+04
3.850000000000000000e+02 2.009040000000000146e+04
3.930000000000000000e+02 2.009495000000000073e+04
4.010000000000000000e+02 2.010275000000000000e+04
3.690000000000000000e+02 2.010885000000000218e+04
3.770000000000000000e+02 2.011079999999999927e+04
3.610000000000000000e+02 2.011579999999999927e+04
3.370000000000000000e+02 2.012204999999999927e+04
3.930000000000000000e+02 2.012979999999999927e+04
3.450000000000000000e+02 2.013145000000000073e+04
3.850000000000000000e+02 2.013515000000000146e+04
3.530000000000000000e+02 2.014195000000000073e+04
3.770000000000000000e+02 2.014470000000000073e+04
3.690000000000000000e+02 2.014804999999999927e+04
3.290000000000000000e+02 2.015660000000000218e+04
4.010000000000000000e+02 2.015840000000000146e+04
3.930000000000000000e+02 2.016050000000000000e+04
3.370000000000000000e+02 2.016520000000000073e+04
3.450000000000000000e+02 2.016654999999999927e+04
3.770000000000000000e+02 2.016810000000000218e+04
3.690000000000000000e+02 2.017604999999999927e+04
3.610000000000000000e+02 2.018770000000000073e+04
3.850000000000000000e+02 2.018875000000000000e+04
3.530000000000000000e+02 2.019070000000000073e+04
3.930000000000000000e+02 2.019785000000000218e+04
4.010000000000000000e+02 2.021065000000000146e+04
3.450000000000000000e+02 2.021975000000000000e+04
3.370000000000000000e+02 2.022095000000000073e+04
3.690000000000000000e+02 2.022154999999999927e+04
3.290000000000000000e+02 2.022225000000000000e+04
3.770000000000000000e+02 2.023579999999999927e+04
3.850000000000000000e+02 2.024345000000000073e+04
3.530000000000000000e+02 2.024754999999999927e+04
3.690000000000000000e+02 2.025079999999999927e+04
3.930000000000000000e+02 2.025250000000000000e+04
3.370000000000000000e+02 2.025285000000000218e+04
3.610000000000000000e+02 2.026850000000000000e+04
3.530000000000000000e+02 2.027400000000000000e+04
3.770000000000000000e+02 2.027790000000000146e+04
3.450000000000000000e+02 2.027829999999999927e+04
3.690000000000000000e+02 2.028350000000000000e+04
4.010000000000000000e+02 2.028400000000000000e+04
3.290000000000000000e+02 2.028420000000000073e+04
3.930000000000000000e+02 2.028860000000000218e+04
3.850000000000000000e+02 2.029215000000000146e+04
3.370000000000000000e+02 2.029370000000000073e+04
3.530000000000000000e+02 2.031335000000000218e+04
3.610000000000000000e+02 2.031415000000000146e+04
3.690000000000000000e+02 2.032315000000000146e+04
3.370000000000000000e+02 2.032470000000000073e+04
3.850000000000000000e+02 2.032540000000000146e+04
3.770000000000000000e+02 2.032595000000000073e+04
3.450000000000000000e+02 2.032625000000000000e+04
3.930000000000000000e+02 2.033529999999999927e+04
3.530000000000000000e+02 2.035565000000000146e+04
3.850000000000000000e+02 2.035815000000000146e+04
3.770000000000000000e+02 2.036335000000000218e+04
3.370000000000000000e+02 2.036445000000000073e+04
4.010000000000000000e+02 2.036604999999999927e+04
3.450000000000000000e+02 2.036920000000000073e+04
3.290000000000000000e+02 2.037200000000000000e+04
3.690000000000000000e+02 2.037240000000000146e+04
3.530000000000000000e+02 2.038045000000000073e+04
3.610000000000000000e+02 2.038054999999999927e+04
3.770000000000000000e+02 2.041154999999999927e+04
3.850000000000000000e+02 2.041425000000000000e+04
3.610000000000000000e+02 2.041654999999999927e+04
3.370000000000000000e+02 2.041754999999999927e+04
3.530000000000000000e+02 2.041925000000000000e+04
3.450000000000000000e+02 2.042190000000000146e+04
3.930000000000000000e+02 2.042754999999999927e+04
3.290000000000000000e+02 2.042929999999999927e+04
3.690000000000000000e+02 2.043150000000000000e+04
4.010000000000000000e+02 2.044635000000000218e+04
3.770000000000000000e+02 2.045029999999999927e+04
3.370000000000000000e+02 2.045079999999999927e+04
3.850000000000000000e+02 2.045085000000000218e+04
3.610000000000000000e+02 2.045585000000000218e+04
3.530000000000000000e+02 2.045729999999999927e+04
3.450000000000000000e+02 2.046010000000000218e+04
3.930000000000000000e+02 2.047070000000000073e+04
3.690000000000000000e+02 2.047129999999999927e+04
3.290000000000000000e+02 2.048620000000000073e+04
3.850000000000000000e+02 2.049810000000000218e+04
3.370000000000000000e+02 2.049945000000000073e+04
4.010000000000000000e+02 2.050225000000000000e+04
3.450000000000000000e+02 2.050275000000000000e+04
3.770000000000000000e+02 2.050395000000000073e+04
3.530000000000000000e+02 2.050660000000000218e+04
3.930000000000000000e+02 2.050954999999999927e+04
3.690000000000000000e+02 2.052215000000000146e+04
3.290000000000000000e+02 2.052645000000000073e+04
3.850000000000000000e+02 2.052929999999999927e+04
3.370000000000000000e+02 2.053485000000000218e+04
3.450000000000000000e+02 2.054050000000000000e+04
4.010000000000000000e+02 2.054475000000000000e+04
3.610000000000000000e+02 2.054925000000000000e+04
3.690000000000000000e+02 2.054970000000000073e+04
3.770000000000000000e+02 2.055040000000000146e+04
3.530000000000000000e+02 2.055095000000000073e+04
3.930000000000000000e+02 2.057229999999999927e+04
3.850000000000000000e+02 2.057525000000000000e+04
3.290000000000000000e+02 2.057570000000000073e+04
3.450000000000000000e+02 2.057845000000000073e+04
3.370000000000000000e+02 2.058040000000000146e+04
3.770000000000000000e+02 2.058335000000000218e+04
4.010000000000000000e+02 2.059065000000000146e+04
3.530000000000000000e+02 2.059195000000000073e+04
3.610000000000000000e+02 2.059920000000000073e+04
3.690000000000000000e+02 2.060745000000000073e+04
3.450000000000000000e+02 2.061479999999999927e+04
3.370000000000000000e+02 2.061760000000000218e+04
3.290000000000000000e+02 2.062029999999999927e+04
3.850000000000000000e+02 2.062135000000000218e+04
3.770000000000000000e+02 2.062250000000000000e+04
3.930000000000000000e+02 2.062435000000000218e+04
3.530000000000000000e+02 2.063154999999999927e+04
3.610000000000000000e+02 2.063650000000000000e+04
3.450000000000000000e+02 2.065260000000000218e+04
3.930000000000000000e+02 2.065425000000000000e+04
3.370000000000000000e+02 2.065740000000000146e+04
3.770000000000000000e+02 2.065800000000000000e+04
3.850000000000000000e+02 2.065810000000000218e+04
4.010000000000000000e+02 2.066000000000000000e+04
3.290000000000000000e+02 2.066085000000000218e+04
3.530000000000000000e+02 2.066965000000000146e+04
3.690000000000000000e+02 2.066975000000000000e+04
3.450000000000000000e+02 2.068954999999999927e+04
3.610000000000000000e+02 2.069175000000000000e+04
3.850000000000000000e+02 2.069425000000000000e+04
3.370000000000000000e+02 2.069525000000000000e+04
3.690000000000000000e+02 2.069750000000000000e+04
3.930000000000000000e+02 2.069745000000000073e+04
3.770000000000000000e+02 2.069925000000000000e+04
4.010000000000000000e+02 2.070095000000000073e+04
3.530000000000000000e+02 2.070104999999999927e+04
3.290000000000000000e+02 2.070190000000000146e+04
3.530000000000000000e+02 2.072800000000000000e+04
3.610000000000000000e+02 2.072820000000000073e+04
3.850000000000000000e+02 2.072820000000000073e+04
3.770000000000000000e+02 2.073075000000000000e+04
3.930000000000000000e+02 2.073375000000000000e+04
3.290000000000000000e+02 2.073429999999999927e+04
3.690000000000000000e+02 2.073479999999999927e+04
4.010000000000000000e+02 2.073654999999999927e+04
3.370000000000000000e+02 2.073810000000000218e+04
3.450000000000000000e+02 2.074770000000000073e+04
4.010000000000000000e+02 2.076440000000000146e+04
3.530000000000000000e+02 2.076500000000000000e+04
3.370000000000000000e+02 2.076690000000000146e+04
3.290000000000000000e+02 2.076840000000000146e+04
3.690000000000000000e+02 2.077115000000000146e+04
3.930000000000000000e+02 2.077254999999999927e+04
3.610000000000000000e+02 2.077275000000000000e+04
3.450000000000000000e+02 2.077590000000000146e+04
3.770000000000000000e+02 2.077629999999999927e+04
3.850000000000000000e+02 2.077720000000000073e+04
3.530000000000000000e+02 2.080429999999999927e+04
4.010000000000000000e+02 2.080770000000000073e+04
3.930000000000000000e+02 2.080790000000000146e+04
3.690000000000000000e+02 2.080820000000000073e+04
3.610000000000000000e+02 2.080929999999999927e+04
3.370000000000000000e+02 2.080954999999999927e+04
3.770000000000000000e+02 2.080954999999999927e+04
3.450000000000000000e+02 2.081004999999999927e+04
3.850000000000000000e+02 2.081060000000000218e+04
3.290000000000000000e+02 2.081095000000000073e+04
3.690000000000000000e+02 2.084004999999999927e+04
4.010000000000000000e+02 2.084204999999999927e+04
3.370000000000000000e+02 2.084620000000000073e+04
3.610000000000000000e+02 2.084795000000000073e+04
3.530000000000000000e+02 2.084820000000000073e+04
3.770000000000000000e+02 2.084875000000000000e+04
3.850000000000000000e+02 2.085060000000000218e+04
3.290000000000000000e+02 2.085710000000000218e+04
3.450000000000000000e+02 2.086910000000000218e+04
3.770000000000000000e+02 2.087275000000000000e+04
3.930000000000000000e+02 2.087465000000000146e+04
3.610000000000000000e+02 2.087845000000000073e+04
3.850000000000000000e+02 2.087960000000000218e+04
3.370000000000000000e+02 2.088015000000000146e+04
3.690000000000000000e+02 2.088379999999999927e+04
3.290000000000000000e+02 2.088429999999999927e+04
4.010000000000000000e+02 2.088454999999999927e+04
3.530000000000000000e+02 2.088485000000000218e+04
3.770000000000000000e+02 2.090350000000000000e+04
3.370000000000000000e+02 2.091365000000000146e+04
3.530000000000000000e+02 2.091500000000000000e+04
3.610000000000000000e+02 2.091510000000000218e+04
3.930000000000000000e+02 2.091515000000000146e+04
3.690000000000000000e+02 2.091585000000000218e+04
3.850000000000000000e+02 2.091765000000000146e+04
3.290000000000000000e+02 2.091875000000000000e+04
3.450000000000000000e+02 2.091900000000000000e+04
4.010000000000000000e+02 2.091904999999999927e+04
3.770000000000000000e+02 2.092125000000000000e+04
3.370000000000000000e+02 2.094770000000000073e+04
3.850000000000000000e+02 2.094835000000000218e+04
4.010000000000000000e+02 2.094920000000000073e+04
3.530000000000000000e+02 2.095079999999999927e+04
3.610000000000000000e+02 2.095170000000000073e+04
3.930000000000000000e+02 2.095195000000000073e+04
3.690000000000000000e+02 2.095290000000000146e+04
3.290000000000000000e+02 2.095604999999999927e+04
3.770000000000000000e+02 2.095800000000000000e+04
3.370000000000000000e+02 2.097550000000000000e+04
3.850000000000000000e+02 2.097675000000000000e+04
3.450000000000000000e+02 2.098404999999999927e+04
4.010000000000000000e+02 2.098410000000000218e+04
3.290000000000000000e+02 2.098535000000000218e+04
3.530000000000000000e+02 2.098660000000000218e+04
3.610000000000000000e+02 2.098665000000000146e+04
3.690000000000000000e+02 2.098740000000000146e+04
3.770000000000000000e+02 2.098850000000000000e+04
3.930000000000000000e+02 2.098925000000000000e+04
3.850000000000000000e+02 2.101185000000000218e+04
4.010000000000000000e+02 2.101445000000000073e+04
3.370000000000000000e+02 2.101929999999999927e+04
3.290000000000000000e+02 2.102110000000000218e+04
3.930000000000000000e+02 2.102125000000000000e+04
3.530000000000000000e+02 2.102160000000000218e+04
3.770000000000000000e+02 2.102190000000000146e+04
3.610000000000000000e+02 2.102329999999999927e+04
3.450000000000000000e+02 2.102415000000000146e+04
3.690000000000000000e+02 2.102440000000000146e+04
3.850000000000000000e+02 2.104175000000000000e+04
3.290000000000000000e+02 2.104504999999999927e+04
3.690000000000000000e+02 2.105104999999999927e+04
3.610000000000000000e+02 2.105285000000000218e+04
3.930000000000000000e+02 2.105290000000000146e+04
3.530000000000000000e+02 2.105470000000000073e+04
3.450000000000000000e+02 2.105485000000000218e+04
3.770000000000000000e+02 2.105860000000000218e+04
4.010000000000000000e+02 2.105885000000000218e+04
3.370000000000000000e+02 2.105945000000000073e+04
3.850000000000000000e+02 2.107015000000000146e+04
3.290000000000000000e+02 2.107475000000000000e+04
4.010000000000000000e+02 2.108629999999999927e+04
3.690000000000000000e+02 2.108675000000000000e+04
3.530000000000000000e+02 2.108825000000000000e+04
3.370000000000000000e+02 2.108950000000000000e+04
3.770000000000000000e+02 2.109065000000000146e+04
3.930000000000000000e+02 2.109210000000000218e+04
3.610000000000000000e+02 2.109220000000000073e+04
3.850000000000000000e+02 2.109220000000000073e+04
3.450000000000000000e+02 2.109295000000000073e+04
3.290000000000000000e+02 2.109495000000000073e+04
4.010000000000000000e+02 2.111340000000000146e+04
3.690000000000000000e+02 2.112354999999999927e+04
3.930000000000000000e+02 2.112370000000000073e+04
3.610000000000000000e+02 2.112390000000000146e+04
3.450000000000000000e+02 2.112495000000000073e+04
3.530000000000000000e+02 2.112529999999999927e+04
3.770000000000000000e+02 2.112585000000000218e+04
3.850000000000000000e+02 2.112650000000000000e+04
3.290000000000000000e+02 2.112654999999999927e+04
3.370000000000000000e+02 2.112895000000000073e+04
3.450000000000000000e+02 2.115629999999999927e+04
4.010000000000000000e+02 2.115925000000000000e+04
3.530000000000000000e+02 2.116004999999999927e+04
3.850000000000000000e+02 2.116065000000000146e+04
3.770000000000000000e+02 2.116129999999999927e+04
3.370000000000000000e+02 2.116145000000000073e+04
3.610000000000000000e+02 2.116160000000000218e+04
3.290000000000000000e+02 2.116170000000000073e+04
3.690000000000000000e+02 2.116195000000000073e+04
3.930000000000000000e+02 2.116240000000000146e+04
3.530000000000000000e+02 2.118800000000000000e+04
4.010000000000000000e+02 2.118945000000000073e+04
3.370000000000000000e+02 2.119179999999999927e+04
3.610000000000000000e+02 2.119304999999999927e+04
3.450000000000000000e+02 2.119395000000000073e+04
3.290000000000000000e+02 2.119560000000000218e+04
3.770000000000000000e+02 2.119575000000000000e+04
3.690000000000000000e+02 2.119600000000000000e+04
3.930000000000000000e+02 2.119640000000000146e+04
3.850000000000000000e+02 2.119820000000000073e+04
3.530000000000000000e+02 2.120625000000000000e+04
3.290000000000000000e+02 2.122250000000000000e+04
3.450000000000000000e+02 2.122800000000000000e+04
3.370000000000000000e+02 2.122885000000000218e+04
3.610000000000000000e+02 2.122895000000000073e+04
3.690000000000000000e+02 2.122915000000000146e+04
3.770000000000000000e+02 2.122990000000000146e+04
3.850000000000000000e+02 2.123004999999999927e+04
3.530000000000000000e+02 2.123075000000000000e+04
3.930000000000000000e+02 2.123140000000000146e+04
4.010000000000000000e+02 2.123154999999999927e+04
3.690000000000000000e+02 2.125990000000000146e+04
3.450000000000000000e+02 2.126165000000000146e+04
3.290000000000000000e+02 2.126295000000000073e+04
3.370000000000000000e+02 2.126304999999999927e+04
3.610000000000000000e+02 2.126354999999999927e+04
3.850000000000000000e+02 2.126354999999999927e+04
4.010000000000000000e+02 2.126370000000000073e+04
3.530000000000000000e+02 2.126379999999999927e+04
3.770000000000000000e+02 2.126379999999999927e+04
3.930000000000000000e+02 2.126420000000000073e+04
3.690000000000000000e+02 2.129090000000000146e+04
3.370000000000000000e+02 2.129440000000000146e+04
3.530000000000000000e+02 2.129535000000000218e+04
3.450000000000000000e+02 2.129700000000000000e+04
3.610000000000000000e+02 2.129695000000000073e+04
3.770000000000000000e+02 2.129735000000000218e+04
3.850000000000000000e+02 2.129785000000000218e+04
3.930000000000000000e+02 2.129795000000000073e+04
3.290000000000000000e+02 2.129915000000000146e+04
4.010000000000000000e+02 2.129925000000000000e+04
3.370000000000000000e+02 2.132360000000000218e+04
3.690000000000000000e+02 2.132404999999999927e+04
3.770000000000000000e+02 2.132735000000000218e+04
3.450000000000000000e+02 2.132790000000000146e+04
3.850000000000000000e+02 2.132810000000000218e+04
3.610000000000000000e+02 2.132825000000000000e+04
4.010000000000000000e+02 2.132850000000000000e+04
3.530000000000000000e+02 2.132854999999999927e+04
3.290000000000000000e+02 2.132879999999999927e+04
3.930000000000000000e+02 2.132935000000000218e+04
3.690000000000000000e+02 2.135415000000000146e+04
3.450000000000000000e+02 2.135875000000000000e+04
3.610000000000000000e+02 2.135970000000000073e+04
3.930000000000000000e+02 2.135995000000000073e+04
3.770000000000000000e+02 2.136010000000000218e+04
3.290000000000000000e+02 2.136040000000000146e+04
3.530000000000000000e+02 2.136050000000000000e+04
4.010000000000000000e+02 2.136070000000000073e+04
3.850000000000000000e+02 2.136075000000000000e+04
3.370000000000000000e+02 2.136285000000000218e+04
3.850000000000000000e+02 2.138715000000000146e+04
3.530000000000000000e+02 2.138985000000000218e+04
3.770000000000000000e+02 2.139054999999999927e+04
3.610000000000000000e+02 2.139125000000000000e+04
3.930000000000000000e+02 2.139210000000000218e+04
3.290000000000000000e+02 2.139270000000000073e+04
3.450000000000000000e+02 2.139265000000000146e+04
4.010000000000000000e+02 2.139265000000000146e+04
3.370000000000000000e+02 2.139320000000000073e+04
3.690000000000000000e+02 2.139404999999999927e+04
3.770000000000000000e+02 2.140875000000000000e+04
3.930000000000000000e+02 2.142040000000000146e+04
3.370000000000000000e+02 2.142285000000000218e+04
3.530000000000000000e+02 2.142425000000000000e+04
3.610000000000000000e+02 2.142470000000000073e+04
3.450000000000000000e+02 2.142475000000000000e+04
3.850000000000000000e+02 2.142490000000000146e+04
4.010000000000000000e+02 2.142495000000000073e+04
3.290000000000000000e+02 2.142560000000000218e+04
3.690000000000000000e+02 2.142610000000000218e+04
3.770000000000000000e+02 2.142715000000000146e+04
3.930000000000000000e+02 2.144929999999999927e+04
3.290000000000000000e+02 2.145029999999999927e+04
3.370000000000000000e+02 2.145485000000000218e+04
3.530000000000000000e+02 2.145610000000000218e+04
3.850000000000000000e+02 2.145729999999999927e+04
3.450000000000000000e+02 2.145825000000000000e+04
3.690000000000000000e+02 2.145845000000000073e+04
4.010000000000000000e+02 2.145850000000000000e+04
3.610000000000000000e+02 2.145915000000000146e+04
3.770000000000000000e+02 2.145920000000000073e+04
3.290000000000000000e+02 2.146370000000000073e+04
3.930000000000000000e+02 2.146495000000000073e+04
3.370000000000000000e+02 2.148504999999999927e+04
3.770000000000000000e+02 2.148850000000000000e+04
3.530000000000000000e+02 2.148965000000000146e+04
3.850000000000000000e+02 2.148990000000000146e+04
3.610000000000000000e+02 2.149015000000000146e+04
3.690000000000000000e+02 2.149025000000000000e+04
3.930000000000000000e+02 2.149035000000000218e+04
4.010000000000000000e+02 2.149100000000000000e+04
3.450000000000000000e+02 2.149104999999999927e+04
3.290000000000000000e+02 2.149185000000000218e+04
3.530000000000000000e+02 2.151810000000000218e+04
3.770000000000000000e+02 2.151885000000000218e+04
3.850000000000000000e+02 2.151965000000000146e+04
3.690000000000000000e+02 2.152004999999999927e+04
3.610000000000000000e+02 2.152090000000000146e+04
3.290000000000000000e+02 2.152115000000000146e+04
3.370000000000000000e+02 2.152125000000000000e+04
3.450000000000000000e+02 2.152160000000000218e+04
3.930000000000000000e+02 2.152154999999999927e+04
4.010000000000000000e+02 2.152165000000000146e+04
3.770000000000000000e+02 2.155110000000000218e+04
3.530000000000000000e+02 2.155165000000000146e+04
3.850000000000000000e+02 2.155190000000000146e+04
3.370000000000000000e+02 2.155295000000000073e+04
3.930000000000000000e+02 2.155395000000000073e+04
4.010000000000000000e+02 2.155415000000000146e+04
3.450000000000000000e+02 2.155450000000000000e+04
3.690000000000000000e+02 2.155465000000000146e+04
3.610000000000000000e+02 2.155490000000000146e+04
3.290000000000000000e+02 2.155565000000000146e+04
3.530000000000000000e+02 2.158115000000000146e+04
3.850000000000000000e+02 2.158340000000000146e+04
3.770000000000000000e+02 2.158560000000000218e+04
3.450000000000000000e+02 2.158570000000000073e+04
3.930000000000000000e+02 2.158640000000000146e+04
3.610000000000000000e+02 2.158679999999999927e+04
4.010000000000000000e+02 2.158700000000000000e+04
3.290000000000000000e+02 2.158715000000000146e+04
3.370000000000000000e+02 2.158785000000000218e+04
3.690000000000000000e+02 2.158790000000000146e+04
4.010000000000000000e+02 2.161079999999999927e+04
3.530000000000000000e+02 2.161454999999999927e+04
3.770000000000000000e+02 2.161560000000000218e+04
3.850000000000000000e+02 2.161640000000000146e+04
3.930000000000000000e+02 2.161704999999999927e+04
3.690000000000000000e+02 2.161829999999999927e+04
3.610000000000000000e+02 2.161885000000000218e+04
3.450000000000000000e+02 2.161895000000000073e+04
3.290000000000000000e+02 2.161904999999999927e+04
3.370000000000000000e+02 2.161965000000000146e+04
4.010000000000000000e+02 2.164195000000000073e+04
3.930000000000000000e+02 2.164329999999999927e+04
3.370000000000000000e+02 2.164610000000000218e+04
3.530000000000000000e+02 2.164635000000000218e+04
3.690000000000000000e+02 2.164690000000000146e+04
3.610000000000000000e+02 2.164735000000000218e+04
3.770000000000000000e+02 2.164785000000000218e+04
3.850000000000000000e+02 2.164875000000000000e+04
3.290000000000000000e+02 2.164900000000000000e+04
3.450000000000000000e+02 2.164940000000000146e+04
3.930000000000000000e+02 2.167040000000000146e+04
4.010000000000000000e+02 2.167390000000000146e+04
3.530000000000000000e+02 2.167470000000000073e+04
3.370000000000000000e+02 2.167660000000000218e+04
3.290000000000000000e+02 2.167729999999999927e+04
3.610000000000000000e+02 2.167735000000000218e+04
3.690000000000000000e+02 2.167795000000000073e+04
3.770000000000000000e+02 2.167840000000000146e+04
3.850000000000000000e+02 2.167904999999999927e+04
3.450000000000000000e+02 2.167940000000000146e+04
4.010000000000000000e+02 2.170465000000000146e+04
3.930000000000000000e+02 2.170600000000000000e+04
3.770000000000000000e+02 2.170629999999999927e+04
3.290000000000000000e+02 2.170679999999999927e+04
3.850000000000000000e+02 2.170720000000000073e+04
3.610000000000000000e+02 2.170740000000000146e+04
3.530000000000000000e+02 2.170750000000000000e+04
3.370000000000000000e+02 2.170770000000000073e+04
3.690000000000000000e+02 2.170835000000000218e+04
3.450000000000000000e+02 2.170870000000000073e+04
3.610000000000000000e+02 2.173310000000000218e+04
4.010000000000000000e+02 2.173325000000000000e+04
3.530000000000000000e+02 2.173440000000000146e+04
3.370000000000000000e+02 2.173815000000000146e+04
3.770000000000000000e+02 2.173820000000000073e+04
3.450000000000000000e+02 2.173835000000000218e+04
3.850000000000000000e+02 2.173875000000000000e+04
3.290000000000000000e+02 2.173895000000000073e+04
3.690000000000000000e+02 2.174045000000000073e+04
3.930000000000000000e+02 2.174085000000000218e+04
3.290000000000000000e+02 2.176425000000000000e+04
3.450000000000000000e+02 2.176560000000000218e+04
3.690000000000000000e+02 2.176610000000000218e+04
3.530000000000000000e+02 2.177065000000000146e+04
4.010000000000000000e+02 2.177090000000000146e+04
3.610000000000000000e+02 2.177185000000000218e+04
3.370000000000000000e+02 2.177360000000000218e+04
3.930000000000000000e+02 2.177375000000000000e+04
3.770000000000000000e+02 2.177400000000000000e+04
3.850000000000000000e+02 2.177395000000000073e+04
3.290000000000000000e+02 2.179845000000000073e+04
3.610000000000000000e+02 2.179990000000000146e+04
3.450000000000000000e+02 2.180145000000000073e+04
3.530000000000000000e+02 2.180275000000000000e+04
3.690000000000000000e+02 2.180329999999999927e+04
3.370000000000000000e+02 2.180379999999999927e+04
4.010000000000000000e+02 2.180420000000000073e+04
3.770000000000000000e+02 2.180445000000000073e+04
3.850000000000000000e+02 2.180465000000000146e+04
3.930000000000000000e+02 2.180504999999999927e+04
3.450000000000000000e+02 2.182900000000000000e+04
3.690000000000000000e+02 2.183054999999999927e+04
3.610000000000000000e+02 2.183245000000000073e+04
3.530000000000000000e+02 2.183395000000000073e+04
3.290000000000000000e+02 2.183520000000000073e+04
3.850000000000000000e+02 2.183604999999999927e+04
3.930000000000000000e+02 2.183650000000000000e+04
4.010000000000000000e+02 2.183675000000000000e+04
3.370000000000000000e+02 2.183715000000000146e+04
3.770000000000000000e+02 2.183835000000000218e+04
3.450000000000000000e+02 2.184635000000000218e+04
3.690000000000000000e+02 2.186195000000000073e+04
3.610000000000000000e+02 2.186335000000000218e+04
3.370000000000000000e+02 2.186529999999999927e+04
3.290000000000000000e+02 2.186575000000000000e+04
3.930000000000000000e+02 2.186610000000000218e+04
3.850000000000000000e+02 2.186620000000000073e+04
3.770000000000000000e+02 2.186635000000000218e+04
3.530000000000000000e+02 2.186654999999999927e+04
4.010000000000000000e+02 2.186670000000000073e+04
3.450000000000000000e+02 2.186779999999999927e+04
3.610000000000000000e+02 2.188970000000000073e+04
3.450000000000000000e+02 2.189054999999999927e+04
3.690000000000000000e+02 2.189104999999999927e+04
3.770000000000000000e+02 2.189195000000000073e+04
3.930000000000000000e+02 2.189270000000000073e+04
3.370000000000000000e+02 2.189340000000000146e+04
3.850000000000000000e+02 2.189365000000000146e+04
3.290000000000000000e+02 2.189375000000000000e+04
4.010000000000000000e+02 2.189379999999999927e+04
3.530000000000000000e+02 2.189575000000000000e+04
3.370000000000000000e+02 2.192090000000000146e+04
3.770000000000000000e+02 2.192240000000000146e+04
4.010000000000000000e+02 2.192404999999999927e+04
3.850000000000000000e+02 2.192415000000000146e+04
3.290000000000000000e+02 2.192485000000000218e+04
3.930000000000000000e+02 2.192495000000000073e+04
3.690000000000000000e+02 2.192535000000000218e+04
3.450000000000000000e+02 2.192554999999999927e+04
3.610000000000000000e+02 2.192575000000000000e+04
3.530000000000000000e+02 2.192654999999999927e+04
4.010000000000000000e+02 2.195110000000000218e+04
3.770000000000000000e+02 2.195290000000000146e+04
3.530000000000000000e+02 2.195300000000000000e+04
3.370000000000000000e+02 2.195360000000000218e+04
3.290000000000000000e+02 2.195375000000000000e+04
3.690000000000000000e+02 2.195465000000000146e+04
3.930000000000000000e+02 2.195479999999999927e+04
3.450000000000000000e+02 2.195510000000000218e+04
3.850000000000000000e+02 2.195529999999999927e+04
3.610000000000000000e+02 2.195575000000000000e+04
3.530000000000000000e+02 2.198440000000000146e+04
4.010000000000000000e+02 2.198540000000000146e+04
3.290000000000000000e+02 2.198579999999999927e+04
3.690000000000000000e+02 2.198715000000000146e+04
3.610000000000000000e+02 2.198785000000000218e+04
3.770000000000000000e+02 2.198840000000000146e+04
3.370000000000000000e+02 2.198860000000000218e+04
3.450000000000000000e+02 2.198854999999999927e+04
3.930000000000000000e+02 2.198854999999999927e+04
3.850000000000000000e+02 2.198920000000000073e+04
3.930000000000000000e+02 2.203179999999999927e+04
3.610000000000000000e+02 2.207179999999999927e+04
3.530000000000000000e+02 2.212445000000000073e+04
3.530000000000000000e+02 2.250854999999999927e+04
3.770000000000000000e+02 2.251479999999999927e+04
3.450000000000000000e+02 2.252000000000000000e+04
3.850000000000000000e+02 2.252095000000000073e+04
3.930000000000000000e+02 2.252095000000000073e+04
3.290000000000000000e+02 2.252179999999999927e+04
4.010000000000000000e+02 2.252185000000000218e+04
3.370000000000000000e+02 2.252240000000000146e+04
3.690000000000000000e+02 2.252250000000000000e+04
3.610000000000000000e+02 2.252279999999999927e+04
3.610000000000000000e+02 2.264750000000000000e+04
3.290000000000000000e+02 2.265560000000000218e+04
3.370000000000000000e+02 2.278145000000000073e+04
3.370000000000000000e+02 2.287845000000000073e+04
3.850000000000000000e+02 2.294640000000000146e+04
4.010000000000000000e+02 2.297335000000000218e+04
3.220000000000000000e+02 4.037500000000000000e+02
3.700000000000000000e+02 4.114000000000000341e+02
3.620000000000000000e+02 4.396500000000000341e+02
3.780000000000000000e+02 4.694499999999999886e+02
3.540000000000000000e+02 4.963000000000000114e+02
3.460000000000000000e+02 5.528000000000000682e+02
3.780000000000000000e+02 1.156400000000000091e+03
3.700000000000000000e+02 1.412900000000000091e+03
3.780000000000000000e+02 1.753200000000000045e+03
3.940000000000000000e+02 1.862350000000000136e+03
3.540000000000000000e+02 2.104500000000000000e+03
3.780000000000000000e+02 2.148699999999999818e+03
3.620000000000000000e+02 2.379900000000000091e+03
3.220000000000000000e+02 2.511550000000000182e+03
3.300000000000000000e+02 3.426599999999999909e+03
3.460000000000000000e+02 4.125000000000000000e+03
3.540000000000000000e+02 4.395500000000000000e+03
3.860000000000000000e+02 6.136400000000000546e+03
3.700000000000000000e+02 6.263300000000000182e+03
3.700000000000000000e+02 6.329350000000000364e+03
3.940000000000000000e+02 6.670699999999999818e+03
3.940000000000000000e+02 6.772650000000000546e+03
3.700000000000000000e+02 6.834350000000000364e+03
3.940000000000000000e+02 7.030000000000000000e+03
3.940000000000000000e+02 7.135800000000000182e+03
3.380000000000000000e+02 7.338699999999999818e+03
3.220000000000000000e+02 7.475800000000000182e+03
3.940000000000000000e+02 7.571250000000000000e+03
3.540000000000000000e+02 7.904600000000000364e+03
3.540000000000000000e+02 8.072699999999999818e+03
3.620000000000000000e+02 8.148400000000000546e+03
3.620000000000000000e+02 8.452649999999999636e+03
3.700000000000000000e+02 8.620899999999999636e+03
3.780000000000000000e+02 9.019899999999999636e+03
3.780000000000000000e+02 9.416950000000000728e+03
3.540000000000000000e+02 9.745850000000000364e+03
3.460000000000000000e+02 1.052639999999999964e+04
3.540000000000000000e+02 1.053500000000000000e+04
3.220000000000000000e+02 1.079989999999999964e+04
3.540000000000000000e+02 1.111835000000000036e+04
3.940000000000000000e+02 1.132189999999999964e+04
3.460000000000000000e+02 1.236980000000000109e+04
3.460000000000000000e+02 1.289330000000000109e+04
3.380000000000000000e+02 1.416139999999999964e+04
3.220000000000000000e+02 1.432085000000000036e+04
3.700000000000000000e+02 1.445575000000000000e+04
3.540000000000000000e+02 1.445920000000000073e+04
3.380000000000000000e+02 1.487070000000000073e+04
3.380000000000000000e+02 1.524360000000000036e+04
3.700000000000000000e+02 1.543105000000000109e+04
3.540000000000000000e+02 1.601320000000000073e+04
3.380000000000000000e+02 1.729779999999999927e+04
3.780000000000000000e+02 1.816225000000000000e+04
3.540000000000000000e+02 1.826575000000000000e+04
3.860000000000000000e+02 1.831590000000000146e+04
3.620000000000000000e+02 1.831700000000000000e+04
3.700000000000000000e+02 1.853060000000000218e+04
3.700000000000000000e+02 1.901000000000000000e+04
3.220000000000000000e+02 1.901315000000000146e+04
3.940000000000000000e+02 1.901325000000000000e+04
3.780000000000000000e+02 1.901590000000000146e+04
3.380000000000000000e+02 1.904365000000000146e+04
3.860000000000000000e+02 1.904435000000000218e+04
3.780000000000000000e+02 1.904650000000000000e+04
3.620000000000000000e+02 1.904854999999999927e+04
3.220000000000000000e+02 1.906635000000000218e+04
3.940000000000000000e+02 1.907000000000000000e+04
3.860000000000000000e+02 1.907829999999999927e+04
3.460000000000000000e+02 1.908079999999999927e+04
3.380000000000000000e+02 1.909270000000000073e+04
3.300000000000000000e+02 1.910815000000000146e+04
3.700000000000000000e+02 1.911900000000000000e+04
3.460000000000000000e+02 1.912225000000000000e+04
3.220000000000000000e+02 1.913025000000000000e+04
3.540000000000000000e+02 1.914045000000000073e+04
3.780000000000000000e+02 1.914410000000000218e+04
3.620000000000000000e+02 1.914725000000000000e+04
3.300000000000000000e+02 1.914760000000000218e+04
3.940000000000000000e+02 1.915495000000000073e+04
3.860000000000000000e+02 1.916015000000000146e+04
3.380000000000000000e+02 1.916745000000000073e+04
3.220000000000000000e+02 1.918585000000000218e+04
3.380000000000000000e+02 1.920010000000000218e+04
3.940000000000000000e+02 1.920960000000000218e+04
3.460000000000000000e+02 1.921304999999999927e+04
3.860000000000000000e+02 1.921565000000000146e+04
3.620000000000000000e+02 1.922150000000000000e+04
3.780000000000000000e+02 1.923010000000000218e+04
3.540000000000000000e+02 1.923315000000000146e+04
3.700000000000000000e+02 1.924604999999999927e+04
3.220000000000000000e+02 1.926240000000000146e+04
3.860000000000000000e+02 1.926445000000000073e+04
3.780000000000000000e+02 1.927540000000000146e+04
3.460000000000000000e+02 1.928579999999999927e+04
3.540000000000000000e+02 1.930025000000000000e+04
3.300000000000000000e+02 1.930840000000000146e+04
3.220000000000000000e+02 1.930865000000000146e+04
3.380000000000000000e+02 1.931195000000000073e+04
3.700000000000000000e+02 1.933350000000000000e+04
3.540000000000000000e+02 1.933560000000000218e+04
3.460000000000000000e+02 1.933590000000000146e+04
3.940000000000000000e+02 1.933585000000000218e+04
3.780000000000000000e+02 1.933740000000000146e+04
3.220000000000000000e+02 1.934604999999999927e+04
3.860000000000000000e+02 1.934979999999999927e+04
3.940000000000000000e+02 1.936965000000000146e+04
3.300000000000000000e+02 1.937910000000000218e+04
3.380000000000000000e+02 1.938204999999999927e+04
3.460000000000000000e+02 1.939325000000000000e+04
3.620000000000000000e+02 1.939604999999999927e+04
3.780000000000000000e+02 1.940635000000000218e+04
3.940000000000000000e+02 1.941860000000000218e+04
3.380000000000000000e+02 1.942679999999999927e+04
3.780000000000000000e+02 1.943360000000000218e+04
3.700000000000000000e+02 1.944135000000000218e+04
3.220000000000000000e+02 1.944295000000000073e+04
3.620000000000000000e+02 1.944415000000000146e+04
3.540000000000000000e+02 1.946775000000000000e+04
3.780000000000000000e+02 1.946950000000000000e+04
3.860000000000000000e+02 1.947254999999999927e+04
3.700000000000000000e+02 1.947385000000000218e+04
3.380000000000000000e+02 1.949120000000000073e+04
3.540000000000000000e+02 1.950004999999999927e+04
3.460000000000000000e+02 1.950150000000000000e+04
3.780000000000000000e+02 1.951600000000000000e+04
3.620000000000000000e+02 1.952285000000000218e+04
3.860000000000000000e+02 1.952815000000000146e+04
3.940000000000000000e+02 1.953795000000000073e+04
3.700000000000000000e+02 1.954035000000000218e+04
3.540000000000000000e+02 1.954195000000000073e+04
3.300000000000000000e+02 1.954350000000000000e+04
3.380000000000000000e+02 1.954415000000000146e+04
3.220000000000000000e+02 1.956365000000000146e+04
3.940000000000000000e+02 1.957210000000000218e+04
3.540000000000000000e+02 1.958504999999999927e+04
3.300000000000000000e+02 1.958645000000000073e+04
3.380000000000000000e+02 1.959429999999999927e+04
3.460000000000000000e+02 1.959945000000000073e+04
3.940000000000000000e+02 1.961050000000000000e+04
3.220000000000000000e+02 1.961140000000000146e+04
3.620000000000000000e+02 1.961454999999999927e+04
3.700000000000000000e+02 1.961545000000000073e+04
3.780000000000000000e+02 1.962404999999999927e+04
3.860000000000000000e+02 1.962675000000000000e+04
3.380000000000000000e+02 1.964270000000000073e+04
3.460000000000000000e+02 1.964890000000000146e+04
3.940000000000000000e+02 1.966020000000000073e+04
3.540000000000000000e+02 1.966470000000000073e+04
3.300000000000000000e+02 1.966715000000000146e+04
3.780000000000000000e+02 1.966740000000000146e+04
3.380000000000000000e+02 1.968660000000000218e+04
3.860000000000000000e+02 1.970820000000000073e+04
3.780000000000000000e+02 1.970854999999999927e+04
3.540000000000000000e+02 1.971160000000000218e+04
3.460000000000000000e+02 1.971229999999999927e+04
3.220000000000000000e+02 1.972940000000000146e+04
3.620000000000000000e+02 1.972950000000000000e+04
3.700000000000000000e+02 1.973365000000000146e+04
3.300000000000000000e+02 1.973550000000000000e+04
3.380000000000000000e+02 1.975085000000000218e+04
3.220000000000000000e+02 1.976110000000000218e+04
3.620000000000000000e+02 1.976890000000000146e+04
3.780000000000000000e+02 1.977440000000000146e+04
3.860000000000000000e+02 1.977804999999999927e+04
3.940000000000000000e+02 1.978400000000000000e+04
3.300000000000000000e+02 1.978454999999999927e+04
3.380000000000000000e+02 1.979120000000000073e+04
3.700000000000000000e+02 1.979395000000000073e+04
3.220000000000000000e+02 1.980810000000000218e+04
3.460000000000000000e+02 1.981895000000000073e+04
3.780000000000000000e+02 1.982010000000000218e+04
3.540000000000000000e+02 1.982760000000000218e+04
3.300000000000000000e+02 1.983454999999999927e+04
3.620000000000000000e+02 1.983815000000000146e+04
3.860000000000000000e+02 1.984060000000000218e+04
3.220000000000000000e+02 1.984485000000000218e+04
3.940000000000000000e+02 1.984879999999999927e+04
3.300000000000000000e+02 1.985929999999999927e+04
3.780000000000000000e+02 1.986335000000000218e+04
3.620000000000000000e+02 1.987700000000000000e+04
3.700000000000000000e+02 1.988645000000000073e+04
3.460000000000000000e+02 1.989265000000000146e+04
3.220000000000000000e+02 1.989485000000000218e+04
3.940000000000000000e+02 1.990260000000000218e+04
3.780000000000000000e+02 1.990710000000000218e+04
3.300000000000000000e+02 1.990900000000000000e+04
3.540000000000000000e+02 1.991685000000000218e+04
3.620000000000000000e+02 1.992075000000000000e+04
3.860000000000000000e+02 1.993070000000000073e+04
3.460000000000000000e+02 1.994115000000000146e+04
3.220000000000000000e+02 1.994745000000000073e+04
3.620000000000000000e+02 1.995404999999999927e+04
3.780000000000000000e+02 1.995710000000000218e+04
3.940000000000000000e+02 1.995829999999999927e+04
3.380000000000000000e+02 1.996329999999999927e+04
3.300000000000000000e+02 1.996450000000000000e+04
3.540000000000000000e+02 1.997420000000000073e+04
3.700000000000000000e+02 1.998220000000000073e+04
3.860000000000000000e+02 1.999829999999999927e+04
3.620000000000000000e+02 1.999885000000000218e+04
3.380000000000000000e+02 2.001645000000000073e+04
3.460000000000000000e+02 2.001925000000000000e+04
3.940000000000000000e+02 2.002820000000000073e+04
3.300000000000000000e+02 2.004260000000000218e+04
3.220000000000000000e+02 2.005375000000000000e+04
3.460000000000000000e+02 2.006295000000000073e+04
3.540000000000000000e+02 2.006529999999999927e+04
3.620000000000000000e+02 2.007104999999999927e+04
3.380000000000000000e+02 2.008240000000000146e+04
3.860000000000000000e+02 2.008335000000000218e+04
3.780000000000000000e+02 2.008615000000000146e+04
3.300000000000000000e+02 2.008715000000000146e+04
3.620000000000000000e+02 2.009885000000000218e+04
3.940000000000000000e+02 2.010165000000000146e+04
3.700000000000000000e+02 2.010545000000000073e+04
3.460000000000000000e+02 2.012279999999999927e+04
3.540000000000000000e+02 2.012375000000000000e+04
3.380000000000000000e+02 2.012525000000000000e+04
3.220000000000000000e+02 2.012600000000000000e+04
3.860000000000000000e+02 2.012915000000000146e+04
3.780000000000000000e+02 2.013245000000000073e+04
3.300000000000000000e+02 2.013285000000000218e+04
3.620000000000000000e+02 2.014500000000000000e+04
3.380000000000000000e+02 2.015350000000000000e+04
3.700000000000000000e+02 2.015429999999999927e+04
3.220000000000000000e+02 2.015940000000000146e+04
3.460000000000000000e+02 2.016040000000000146e+04
3.940000000000000000e+02 2.016104999999999927e+04
3.780000000000000000e+02 2.016265000000000146e+04
3.300000000000000000e+02 2.016325000000000000e+04
3.540000000000000000e+02 2.017729999999999927e+04
3.380000000000000000e+02 2.018479999999999927e+04
3.700000000000000000e+02 2.019595000000000073e+04
3.780000000000000000e+02 2.019754999999999927e+04
3.460000000000000000e+02 2.020620000000000073e+04
3.300000000000000000e+02 2.021579999999999927e+04
3.220000000000000000e+02 2.021760000000000218e+04
3.540000000000000000e+02 2.022110000000000218e+04
3.860000000000000000e+02 2.022129999999999927e+04
3.780000000000000000e+02 2.022729999999999927e+04
3.380000000000000000e+02 2.023135000000000218e+04
3.300000000000000000e+02 2.025115000000000146e+04
3.700000000000000000e+02 2.025365000000000146e+04
3.940000000000000000e+02 2.025585000000000218e+04
3.220000000000000000e+02 2.025840000000000146e+04
3.460000000000000000e+02 2.026210000000000218e+04
3.380000000000000000e+02 2.026635000000000218e+04
3.540000000000000000e+02 2.026950000000000000e+04
3.860000000000000000e+02 2.027704999999999927e+04
3.780000000000000000e+02 2.028125000000000000e+04
3.940000000000000000e+02 2.028290000000000146e+04
3.700000000000000000e+02 2.028460000000000218e+04
3.620000000000000000e+02 2.029090000000000146e+04
3.220000000000000000e+02 2.029510000000000218e+04
3.300000000000000000e+02 2.029790000000000146e+04
3.460000000000000000e+02 2.030054999999999927e+04
3.540000000000000000e+02 2.031495000000000073e+04
3.780000000000000000e+02 2.031775000000000000e+04
3.380000000000000000e+02 2.032240000000000146e+04
3.620000000000000000e+02 2.032890000000000146e+04
3.300000000000000000e+02 2.033090000000000146e+04
3.940000000000000000e+02 2.033154999999999927e+04
3.460000000000000000e+02 2.033535000000000218e+04
3.700000000000000000e+02 2.034529999999999927e+04
3.220000000000000000e+02 2.034820000000000073e+04
3.380000000000000000e+02 2.036354999999999927e+04
3.780000000000000000e+02 2.037010000000000218e+04
3.860000000000000000e+02 2.037015000000000146e+04
3.300000000000000000e+02 2.037079999999999927e+04
3.620000000000000000e+02 2.037320000000000073e+04
3.540000000000000000e+02 2.037550000000000000e+04
3.380000000000000000e+02 2.039060000000000218e+04
3.940000000000000000e+02 2.039390000000000146e+04
3.700000000000000000e+02 2.040665000000000146e+04
3.780000000000000000e+02 2.041145000000000073e+04
3.540000000000000000e+02 2.041300000000000000e+04
3.300000000000000000e+02 2.041429999999999927e+04
3.620000000000000000e+02 2.042579999999999927e+04
3.380000000000000000e+02 2.043040000000000146e+04
3.220000000000000000e+02 2.043540000000000146e+04
3.860000000000000000e+02 2.044125000000000000e+04
3.460000000000000000e+02 2.044285000000000218e+04
3.300000000000000000e+02 2.044870000000000073e+04
3.940000000000000000e+02 2.044900000000000000e+04
3.540000000000000000e+02 2.045575000000000000e+04
3.700000000000000000e+02 2.045935000000000218e+04
3.380000000000000000e+02 2.047420000000000073e+04
3.860000000000000000e+02 2.047415000000000146e+04
3.780000000000000000e+02 2.049985000000000218e+04
3.540000000000000000e+02 2.050290000000000146e+04
3.460000000000000000e+02 2.050360000000000218e+04
3.220000000000000000e+02 2.050440000000000146e+04
3.380000000000000000e+02 2.050950000000000000e+04
3.620000000000000000e+02 2.051050000000000000e+04
3.700000000000000000e+02 2.051090000000000146e+04
3.860000000000000000e+02 2.052054999999999927e+04
3.940000000000000000e+02 2.052635000000000218e+04
3.300000000000000000e+02 2.053200000000000000e+04
3.620000000000000000e+02 2.054450000000000000e+04
3.460000000000000000e+02 2.054565000000000146e+04
3.780000000000000000e+02 2.054740000000000146e+04
3.860000000000000000e+02 2.054765000000000146e+04
3.220000000000000000e+02 2.054810000000000218e+04
3.700000000000000000e+02 2.055000000000000000e+04
3.540000000000000000e+02 2.055120000000000073e+04
3.460000000000000000e+02 2.057375000000000000e+04
3.300000000000000000e+02 2.057904999999999927e+04
3.940000000000000000e+02 2.058490000000000146e+04
3.620000000000000000e+02 2.058904999999999927e+04
3.860000000000000000e+02 2.059179999999999927e+04
3.540000000000000000e+02 2.060015000000000146e+04
3.380000000000000000e+02 2.061250000000000000e+04
3.780000000000000000e+02 2.061760000000000218e+04
3.220000000000000000e+02 2.061865000000000146e+04
3.940000000000000000e+02 2.062070000000000073e+04
3.300000000000000000e+02 2.062110000000000218e+04
3.700000000000000000e+02 2.062135000000000218e+04
3.460000000000000000e+02 2.062270000000000073e+04
3.620000000000000000e+02 2.062320000000000073e+04
3.540000000000000000e+02 2.063085000000000218e+04
3.860000000000000000e+02 2.063200000000000000e+04
3.380000000000000000e+02 2.064995000000000073e+04
3.700000000000000000e+02 2.065550000000000000e+04
3.220000000000000000e+02 2.065700000000000000e+04
3.300000000000000000e+02 2.065740000000000146e+04
3.620000000000000000e+02 2.065815000000000146e+04
3.940000000000000000e+02 2.065965000000000146e+04
3.780000000000000000e+02 2.066004999999999927e+04
3.860000000000000000e+02 2.067225000000000000e+04
3.460000000000000000e+02 2.068135000000000218e+04
3.220000000000000000e+02 2.068825000000000000e+04
3.540000000000000000e+02 2.069310000000000218e+04
3.300000000000000000e+02 2.069575000000000000e+04
3.380000000000000000e+02 2.069765000000000146e+04
3.780000000000000000e+02 2.069850000000000000e+04
3.700000000000000000e+02 2.069895000000000073e+04
3.620000000000000000e+02 2.070660000000000218e+04
3.940000000000000000e+02 2.070715000000000146e+04
3.460000000000000000e+02 2.070985000000000218e+04
3.860000000000000000e+02 2.071815000000000146e+04
3.540000000000000000e+02 2.072960000000000218e+04
3.300000000000000000e+02 2.073095000000000073e+04
3.380000000000000000e+02 2.073454999999999927e+04
3.780000000000000000e+02 2.073565000000000146e+04
3.700000000000000000e+02 2.073585000000000218e+04
3.940000000000000000e+02 2.073795000000000073e+04
3.460000000000000000e+02 2.073895000000000073e+04
3.620000000000000000e+02 2.074379999999999927e+04
3.860000000000000000e+02 2.076035000000000218e+04
3.460000000000000000e+02 2.076595000000000073e+04
3.220000000000000000e+02 2.076835000000000218e+04
3.380000000000000000e+02 2.077415000000000146e+04
3.780000000000000000e+02 2.077429999999999927e+04
3.700000000000000000e+02 2.077550000000000000e+04
3.300000000000000000e+02 2.077835000000000218e+04
3.940000000000000000e+02 2.078010000000000218e+04
3.860000000000000000e+02 2.078910000000000218e+04
3.540000000000000000e+02 2.079715000000000146e+04
3.780000000000000000e+02 2.080895000000000073e+04
3.380000000000000000e+02 2.081040000000000146e+04
3.460000000000000000e+02 2.081035000000000218e+04
3.300000000000000000e+02 2.081054999999999927e+04
3.620000000000000000e+02 2.081054999999999927e+04
3.700000000000000000e+02 2.081154999999999927e+04
3.940000000000000000e+02 2.081165000000000146e+04
3.220000000000000000e+02 2.081179999999999927e+04
3.540000000000000000e+02 2.084310000000000218e+04
3.780000000000000000e+02 2.084710000000000218e+04
3.700000000000000000e+02 2.084750000000000000e+04
3.300000000000000000e+02 2.084820000000000073e+04
3.220000000000000000e+02 2.084879999999999927e+04
3.860000000000000000e+02 2.084879999999999927e+04
3.940000000000000000e+02 2.084935000000000218e+04
3.460000000000000000e+02 2.085020000000000073e+04
3.380000000000000000e+02 2.085050000000000000e+04
3.620000000000000000e+02 2.085090000000000146e+04
3.540000000000000000e+02 2.087220000000000073e+04
3.700000000000000000e+02 2.087465000000000146e+04
3.940000000000000000e+02 2.087725000000000000e+04
3.860000000000000000e+02 2.087765000000000146e+04
3.620000000000000000e+02 2.088085000000000218e+04
3.780000000000000000e+02 2.088329999999999927e+04
3.300000000000000000e+02 2.088415000000000146e+04
3.460000000000000000e+02 2.088435000000000218e+04
3.380000000000000000e+02 2.088620000000000073e+04
3.220000000000000000e+02 2.088665000000000146e+04
3.780000000000000000e+02 2.091185000000000218e+04
3.540000000000000000e+02 2.091454999999999927e+04
3.380000000000000000e+02 2.091600000000000000e+04
3.940000000000000000e+02 2.091620000000000073e+04
3.300000000000000000e+02 2.091760000000000218e+04
3.860000000000000000e+02 2.091765000000000146e+04
3.220000000000000000e+02 2.091850000000000000e+04
3.620000000000000000e+02 2.091885000000000218e+04
3.460000000000000000e+02 2.091985000000000218e+04
3.700000000000000000e+02 2.092250000000000000e+04
3.780000000000000000e+02 2.093554999999999927e+04
3.460000000000000000e+02 2.094410000000000218e+04
3.220000000000000000e+02 2.094640000000000146e+04
3.380000000000000000e+02 2.094970000000000073e+04
3.300000000000000000e+02 2.095040000000000146e+04
3.620000000000000000e+02 2.095045000000000073e+04
3.940000000000000000e+02 2.095229999999999927e+04
3.860000000000000000e+02 2.095345000000000073e+04
3.540000000000000000e+02 2.095515000000000146e+04
3.700000000000000000e+02 2.095890000000000146e+04
3.780000000000000000e+02 2.096935000000000218e+04
3.940000000000000000e+02 2.098115000000000146e+04
3.300000000000000000e+02 2.098329999999999927e+04
3.620000000000000000e+02 2.098410000000000218e+04
3.540000000000000000e+02 2.098525000000000000e+04
3.380000000000000000e+02 2.098750000000000000e+04
3.700000000000000000e+02 2.098775000000000000e+04
3.220000000000000000e+02 2.098810000000000218e+04
3.460000000000000000e+02 2.098970000000000073e+04
3.860000000000000000e+02 2.099050000000000000e+04
3.940000000000000000e+02 2.100770000000000073e+04
3.780000000000000000e+02 2.101065000000000146e+04
3.300000000000000000e+02 2.101645000000000073e+04
3.620000000000000000e+02 2.102029999999999927e+04
3.460000000000000000e+02 2.102100000000000000e+04
3.860000000000000000e+02 2.102115000000000146e+04
3.540000000000000000e+02 2.102125000000000000e+04
3.380000000000000000e+02 2.102140000000000146e+04
3.700000000000000000e+02 2.102215000000000146e+04
3.220000000000000000e+02 2.102379999999999927e+04
3.940000000000000000e+02 2.102595000000000073e+04
3.300000000000000000e+02 2.103804999999999927e+04
3.700000000000000000e+02 2.105254999999999927e+04
3.780000000000000000e+02 2.105485000000000218e+04
3.940000000000000000e+02 2.105700000000000000e+04
3.540000000000000000e+02 2.105750000000000000e+04
3.860000000000000000e+02 2.105775000000000000e+04
3.620000000000000000e+02 2.105800000000000000e+04
3.300000000000000000e+02 2.105865000000000146e+04
3.220000000000000000e+02 2.105965000000000146e+04
3.460000000000000000e+02 2.106015000000000146e+04
3.380000000000000000e+02 2.106120000000000073e+04
3.700000000000000000e+02 2.108725000000000000e+04
3.780000000000000000e+02 2.108885000000000218e+04
3.620000000000000000e+02 2.108940000000000146e+04
3.940000000000000000e+02 2.108945000000000073e+04
3.300000000000000000e+02 2.108960000000000218e+04
3.380000000000000000e+02 2.108975000000000000e+04
3.220000000000000000e+02 2.109025000000000000e+04
3.860000000000000000e+02 2.109210000000000218e+04
3.460000000000000000e+02 2.109270000000000073e+04
3.540000000000000000e+02 2.109315000000000146e+04
3.220000000000000000e+02 2.112150000000000000e+04
3.460000000000000000e+02 2.112329999999999927e+04
3.540000000000000000e+02 2.112340000000000146e+04
3.300000000000000000e+02 2.112365000000000146e+04
3.380000000000000000e+02 2.112460000000000218e+04
3.860000000000000000e+02 2.112460000000000218e+04
3.780000000000000000e+02 2.112545000000000073e+04
3.620000000000000000e+02 2.112565000000000146e+04
3.700000000000000000e+02 2.112585000000000218e+04
3.940000000000000000e+02 2.112725000000000000e+04
3.300000000000000000e+02 2.114685000000000218e+04
3.220000000000000000e+02 2.114860000000000218e+04
3.460000000000000000e+02 2.115804999999999927e+04
3.940000000000000000e+02 2.115990000000000146e+04
3.780000000000000000e+02 2.116040000000000146e+04
3.700000000000000000e+02 2.116135000000000218e+04
3.380000000000000000e+02 2.116215000000000146e+04
3.860000000000000000e+02 2.116320000000000073e+04
3.540000000000000000e+02 2.116335000000000218e+04
3.620000000000000000e+02 2.116360000000000218e+04
3.220000000000000000e+02 2.116750000000000000e+04
3.300000000000000000e+02 2.117404999999999927e+04
3.940000000000000000e+02 2.119135000000000218e+04
3.380000000000000000e+02 2.119345000000000073e+04
3.860000000000000000e+02 2.119395000000000073e+04
3.460000000000000000e+02 2.119504999999999927e+04
3.540000000000000000e+02 2.119510000000000218e+04
3.300000000000000000e+02 2.119595000000000073e+04
3.220000000000000000e+02 2.119604999999999927e+04
3.620000000000000000e+02 2.119654999999999927e+04
3.700000000000000000e+02 2.119710000000000218e+04
3.780000000000000000e+02 2.119895000000000073e+04
3.940000000000000000e+02 2.121415000000000146e+04
3.540000000000000000e+02 2.122729999999999927e+04
3.460000000000000000e+02 2.122835000000000218e+04
3.300000000000000000e+02 2.122990000000000146e+04
3.620000000000000000e+02 2.123035000000000218e+04
3.220000000000000000e+02 2.123070000000000073e+04
3.380000000000000000e+02 2.123079999999999927e+04
3.860000000000000000e+02 2.123085000000000218e+04
3.700000000000000000e+02 2.123120000000000073e+04
3.780000000000000000e+02 2.123195000000000073e+04
3.940000000000000000e+02 2.123270000000000073e+04
3.460000000000000000e+02 2.126040000000000146e+04
3.220000000000000000e+02 2.126220000000000073e+04
3.540000000000000000e+02 2.126250000000000000e+04
3.860000000000000000e+02 2.126260000000000218e+04
3.300000000000000000e+02 2.126315000000000146e+04
3.380000000000000000e+02 2.126315000000000146e+04
3.940000000000000000e+02 2.126320000000000073e+04
3.700000000000000000e+02 2.126345000000000073e+04
3.780000000000000000e+02 2.126404999999999927e+04
3.620000000000000000e+02 2.126435000000000218e+04
3.460000000000000000e+02 2.129425000000000000e+04
3.220000000000000000e+02 2.129495000000000073e+04
3.860000000000000000e+02 2.129635000000000218e+04
3.780000000000000000e+02 2.129710000000000218e+04
3.700000000000000000e+02 2.129760000000000218e+04
3.940000000000000000e+02 2.129760000000000218e+04
3.300000000000000000e+02 2.129770000000000073e+04
3.620000000000000000e+02 2.129800000000000000e+04
3.540000000000000000e+02 2.129810000000000218e+04
3.380000000000000000e+02 2.129854999999999927e+04
3.220000000000000000e+02 2.132600000000000000e+04
3.860000000000000000e+02 2.132654999999999927e+04
3.780000000000000000e+02 2.132675000000000000e+04
3.380000000000000000e+02 2.132685000000000218e+04
3.620000000000000000e+02 2.132710000000000218e+04
3.940000000000000000e+02 2.132715000000000146e+04
3.300000000000000000e+02 2.132785000000000218e+04
3.700000000000000000e+02 2.132790000000000146e+04
3.540000000000000000e+02 2.132890000000000146e+04
3.460000000000000000e+02 2.133025000000000000e+04
3.860000000000000000e+02 2.135890000000000146e+04
3.380000000000000000e+02 2.135935000000000218e+04
3.620000000000000000e+02 2.135935000000000218e+04
3.940000000000000000e+02 2.135950000000000000e+04
3.780000000000000000e+02 2.135975000000000000e+04
3.540000000000000000e+02 2.136090000000000146e+04
3.700000000000000000e+02 2.136129999999999927e+04
3.300000000000000000e+02 2.136145000000000073e+04
3.460000000000000000e+02 2.136154999999999927e+04
3.220000000000000000e+02 2.136195000000000073e+04
3.620000000000000000e+02 2.138975000000000000e+04
3.540000000000000000e+02 2.139070000000000073e+04
3.860000000000000000e+02 2.139070000000000073e+04
3.220000000000000000e+02 2.139115000000000146e+04
3.780000000000000000e+02 2.139120000000000073e+04
3.700000000000000000e+02 2.139220000000000073e+04
3.380000000000000000e+02 2.139270000000000073e+04
3.300000000000000000e+02 2.139279999999999927e+04
3.940000000000000000e+02 2.139275000000000000e+04
3.460000000000000000e+02 2.139329999999999927e+04
3.620000000000000000e+02 2.141304999999999927e+04
3.860000000000000000e+02 2.141540000000000146e+04
3.940000000000000000e+02 2.142210000000000218e+04
3.220000000000000000e+02 2.142415000000000146e+04
3.700000000000000000e+02 2.142470000000000073e+04
3.540000000000000000e+02 2.142490000000000146e+04
3.460000000000000000e+02 2.142525000000000000e+04
3.300000000000000000e+02 2.142554999999999927e+04
3.780000000000000000e+02 2.142595000000000073e+04
3.380000000000000000e+02 2.142720000000000073e+04
3.860000000000000000e+02 2.143750000000000000e+04
3.620000000000000000e+02 2.144015000000000146e+04
3.780000000000000000e+02 2.145070000000000073e+04
3.460000000000000000e+02 2.145620000000000073e+04
3.540000000000000000e+02 2.145645000000000073e+04
3.940000000000000000e+02 2.145770000000000073e+04
3.300000000000000000e+02 2.145845000000000073e+04
3.220000000000000000e+02 2.145865000000000146e+04
3.700000000000000000e+02 2.145865000000000146e+04
3.860000000000000000e+02 2.145904999999999927e+04
3.380000000000000000e+02 2.145915000000000146e+04
3.620000000000000000e+02 2.146150000000000000e+04
3.780000000000000000e+02 2.147295000000000073e+04
3.300000000000000000e+02 2.147760000000000218e+04
3.940000000000000000e+02 2.148770000000000073e+04
3.460000000000000000e+02 2.148795000000000073e+04
3.860000000000000000e+02 2.148795000000000073e+04
3.700000000000000000e+02 2.148860000000000218e+04
3.380000000000000000e+02 2.149015000000000146e+04
3.780000000000000000e+02 2.149050000000000000e+04
3.220000000000000000e+02 2.149060000000000218e+04
3.540000000000000000e+02 2.149070000000000073e+04
3.620000000000000000e+02 2.149154999999999927e+04
3.300000000000000000e+02 2.149454999999999927e+04
3.700000000000000000e+02 2.151410000000000218e+04
3.460000000000000000e+02 2.151890000000000146e+04
3.620000000000000000e+02 2.151900000000000000e+04
3.380000000000000000e+02 2.152010000000000218e+04
3.220000000000000000e+02 2.152029999999999927e+04
3.860000000000000000e+02 2.152104999999999927e+04
3.940000000000000000e+02 2.152145000000000073e+04
3.300000000000000000e+02 2.152154999999999927e+04
3.540000000000000000e+02 2.152225000000000000e+04
3.780000000000000000e+02 2.152310000000000218e+04
3.700000000000000000e+02 2.153985000000000218e+04
3.940000000000000000e+02 2.154815000000000146e+04
3.300000000000000000e+02 2.155129999999999927e+04
3.380000000000000000e+02 2.155250000000000000e+04
3.220000000000000000e+02 2.155270000000000073e+04
3.540000000000000000e+02 2.155279999999999927e+04
3.460000000000000000e+02 2.155370000000000073e+04
3.620000000000000000e+02 2.155375000000000000e+04
3.860000000000000000e+02 2.155420000000000073e+04
3.780000000000000000e+02 2.155504999999999927e+04
3.700000000000000000e+02 2.155754999999999927e+04
3.460000000000000000e+02 2.158295000000000073e+04
3.620000000000000000e+02 2.158335000000000218e+04
3.700000000000000000e+02 2.158465000000000146e+04
3.780000000000000000e+02 2.158465000000000146e+04
3.300000000000000000e+02 2.158525000000000000e+04
3.940000000000000000e+02 2.158560000000000218e+04
3.380000000000000000e+02 2.158620000000000073e+04
3.540000000000000000e+02 2.158654999999999927e+04
3.220000000000000000e+02 2.158685000000000218e+04
3.860000000000000000e+02 2.158800000000000000e+04
3.780000000000000000e+02 2.161350000000000000e+04
3.620000000000000000e+02 2.161440000000000146e+04
3.380000000000000000e+02 2.161679999999999927e+04
3.540000000000000000e+02 2.161765000000000146e+04
3.300000000000000000e+02 2.161795000000000073e+04
3.460000000000000000e+02 2.161854999999999927e+04
3.860000000000000000e+02 2.161929999999999927e+04
3.940000000000000000e+02 2.161950000000000000e+04
3.700000000000000000e+02 2.161960000000000218e+04
3.220000000000000000e+02 2.161990000000000146e+04
3.780000000000000000e+02 2.164429999999999927e+04
3.540000000000000000e+02 2.164485000000000218e+04
3.620000000000000000e+02 2.164675000000000000e+04
3.380000000000000000e+02 2.164690000000000146e+04
3.300000000000000000e+02 2.164779999999999927e+04
3.700000000000000000e+02 2.164800000000000000e+04
3.940000000000000000e+02 2.164850000000000000e+04
3.860000000000000000e+02 2.164860000000000218e+04
3.460000000000000000e+02 2.164920000000000073e+04
3.220000000000000000e+02 2.164995000000000073e+04
3.380000000000000000e+02 2.167290000000000146e+04
3.700000000000000000e+02 2.167520000000000073e+04
3.540000000000000000e+02 2.167570000000000073e+04
3.860000000000000000e+02 2.167770000000000073e+04
3.620000000000000000e+02 2.167810000000000218e+04
3.300000000000000000e+02 2.167815000000000146e+04
3.780000000000000000e+02 2.167860000000000218e+04
3.220000000000000000e+02 2.167865000000000146e+04
3.940000000000000000e+02 2.167865000000000146e+04
3.460000000000000000e+02 2.167875000000000000e+04
3.700000000000000000e+02 2.169590000000000146e+04
3.780000000000000000e+02 2.170215000000000146e+04
3.380000000000000000e+02 2.170250000000000000e+04
3.220000000000000000e+02 2.170554999999999927e+04
3.940000000000000000e+02 2.170640000000000146e+04
3.540000000000000000e+02 2.170729999999999927e+04
3.860000000000000000e+02 2.170729999999999927e+04
3.620000000000000000e+02 2.170779999999999927e+04
3.300000000000000000e+02 2.170845000000000073e+04
3.460000000000000000e+02 2.170850000000000000e+04
3.700000000000000000e+02 2.171115000000000146e+04
3.380000000000000000e+02 2.173160000000000218e+04
3.860000000000000000e+02 2.173575000000000000e+04
3.620000000000000000e+02 2.173754999999999927e+04
3.540000000000000000e+02 2.173779999999999927e+04
3.780000000000000000e+02 2.173795000000000073e+04
3.940000000000000000e+02 2.173865000000000146e+04
3.460000000000000000e+02 2.173904999999999927e+04
3.300000000000000000e+02 2.173965000000000146e+04
3.220000000000000000e+02 2.173990000000000146e+04
3.700000000000000000e+02 2.174020000000000073e+04
3.380000000000000000e+02 2.176285000000000218e+04
3.780000000000000000e+02 2.177165000000000146e+04
3.220000000000000000e+02 2.177175000000000000e+04
3.460000000000000000e+02 2.177185000000000218e+04
3.860000000000000000e+02 2.177229999999999927e+04
3.620000000000000000e+02 2.177270000000000073e+04
3.540000000000000000e+02 2.177295000000000073e+04
3.940000000000000000e+02 2.177315000000000146e+04
3.300000000000000000e+02 2.177350000000000000e+04
3.700000000000000000e+02 2.177379999999999927e+04
3.380000000000000000e+02 2.177970000000000073e+04
3.620000000000000000e+02 2.180154999999999927e+04
3.780000000000000000e+02 2.180170000000000073e+04
3.460000000000000000e+02 2.180265000000000146e+04
3.220000000000000000e+02 2.180395000000000073e+04
3.700000000000000000e+02 2.180440000000000146e+04
3.940000000000000000e+02 2.180435000000000218e+04
3.860000000000000000e+02 2.180445000000000073e+04
3.540000000000000000e+02 2.180454999999999927e+04
3.300000000000000000e+02 2.180470000000000073e+04
3.380000000000000000e+02 2.180485000000000218e+04
3.780000000000000000e+02 2.182479999999999927e+04
3.860000000000000000e+02 2.183125000000000000e+04
3.460000000000000000e+02 2.183204999999999927e+04
3.540000000000000000e+02 2.183495000000000073e+04
3.620000000000000000e+02 2.183540000000000146e+04
3.940000000000000000e+02 2.183550000000000000e+04
3.380000000000000000e+02 2.183640000000000146e+04
3.700000000000000000e+02 2.183650000000000000e+04
3.300000000000000000e+02 2.183654999999999927e+04
3.220000000000000000e+02 2.183675000000000000e+04
3.780000000000000000e+02 2.184679999999999927e+04
3.540000000000000000e+02 2.185740000000000146e+04
3.860000000000000000e+02 2.186175000000000000e+04
3.300000000000000000e+02 2.186370000000000073e+04
3.460000000000000000e+02 2.186440000000000146e+04
3.700000000000000000e+02 2.186450000000000000e+04
3.940000000000000000e+02 2.186454999999999927e+04
3.380000000000000000e+02 2.186550000000000000e+04
3.220000000000000000e+02 2.186565000000000146e+04
3.620000000000000000e+02 2.186629999999999927e+04
3.780000000000000000e+02 2.186804999999999927e+04
3.540000000000000000e+02 2.187104999999999927e+04
3.220000000000000000e+02 2.189125000000000000e+04
3.860000000000000000e+02 2.189254999999999927e+04
3.300000000000000000e+02 2.189300000000000000e+04
3.700000000000000000e+02 2.189360000000000218e+04
3.460000000000000000e+02 2.189379999999999927e+04
3.940000000000000000e+02 2.189385000000000218e+04
3.380000000000000000e+02 2.189445000000000073e+04
3.620000000000000000e+02 2.189470000000000073e+04
3.780000000000000000e+02 2.189510000000000218e+04
3.540000000000000000e+02 2.189590000000000146e+04
3.220000000000000000e+02 2.192240000000000146e+04
3.300000000000000000e+02 2.192370000000000073e+04
3.380000000000000000e+02 2.192379999999999927e+04
3.860000000000000000e+02 2.192395000000000073e+04
3.460000000000000000e+02 2.192490000000000146e+04
3.940000000000000000e+02 2.192504999999999927e+04
3.700000000000000000e+02 2.192525000000000000e+04
3.780000000000000000e+02 2.192545000000000073e+04
3.620000000000000000e+02 2.192560000000000218e+04
3.540000000000000000e+02 2.192629999999999927e+04
3.380000000000000000e+02 2.195065000000000146e+04
3.620000000000000000e+02 2.195195000000000073e+04
3.860000000000000000e+02 2.195245000000000073e+04
3.300000000000000000e+02 2.195329999999999927e+04
3.540000000000000000e+02 2.195370000000000073e+04
3.940000000000000000e+02 2.195365000000000146e+04
3.220000000000000000e+02 2.195460000000000218e+04
3.460000000000000000e+02 2.195485000000000218e+04
3.700000000000000000e+02 2.195565000000000146e+04
3.780000000000000000e+02 2.195565000000000146e+04
3.940000000000000000e+02 2.198265000000000146e+04
3.300000000000000000e+02 2.198325000000000000e+04
3.620000000000000000e+02 2.198520000000000073e+04
3.220000000000000000e+02 2.198745000000000073e+04
3.460000000000000000e+02 2.198750000000000000e+04
3.700000000000000000e+02 2.198785000000000218e+04
3.860000000000000000e+02 2.198840000000000146e+04
3.540000000000000000e+02 2.198865000000000146e+04
3.380000000000000000e+02 2.198875000000000000e+04
3.780000000000000000e+02 2.198885000000000218e+04
3.940000000000000000e+02 2.199610000000000218e+04
3.380000000000000000e+02 2.213085000000000218e+04
3.700000000000000000e+02 2.224345000000000073e+04
3.540000000000000000e+02 2.250435000000000218e+04
3.220000000000000000e+02 2.251585000000000218e+04
3.300000000000000000e+02 2.251720000000000073e+04
3.700000000000000000e+02 2.251750000000000000e+04
3.460000000000000000e+02 2.251765000000000146e+04
3.860000000000000000e+02 2.251885000000000218e+04
3.940000000000000000e+02 2.252025000000000000e+04
3.380000000000000000e+02 2.252135000000000218e+04
3.780000000000000000e+02 2.252170000000000073e+04
3.620000000000000000e+02 2.252254999999999927e+04
3.540000000000000000e+02 2.252540000000000146e+04
3.860000000000000000e+02 2.262365000000000146e+04
3.540000000000000000e+02 2.265570000000000073e+04
3.700000000000000000e+02 2.273625000000000000e+04
3.780000000000000000e+02 2.278054999999999927e+04
3.780000000000000000e+02 2.296475000000000000e+04
3.220000000000000000e+02 2.297585000000000218e+04
3.950000000000000000e+02 1.790999999999999943e+02
3.310000000000000000e+02 4.314499999999999886e+02
3.550000000000000000e+02 6.543500000000000227e+02
3.630000000000000000e+02 1.040650000000000091e+03
3.550000000000000000e+02 1.109500000000000000e+03
3.950000000000000000e+02 1.113750000000000000e+03
3.870000000000000000e+02 1.152850000000000136e+03
3.230000000000000000e+02 1.190650000000000091e+03
3.950000000000000000e+02 1.460700000000000045e+03
3.630000000000000000e+02 1.695900000000000091e+03
3.710000000000000000e+02 1.814200000000000045e+03
3.390000000000000000e+02 1.905450000000000045e+03
3.630000000000000000e+02 2.212050000000000182e+03
3.550000000000000000e+02 2.454200000000000273e+03
3.790000000000000000e+02 2.473849999999999909e+03
3.630000000000000000e+02 2.478500000000000000e+03
3.310000000000000000e+02 2.575150000000000091e+03
3.470000000000000000e+02 2.850200000000000273e+03
3.950000000000000000e+02 2.858750000000000000e+03
3.710000000000000000e+02 2.950650000000000091e+03
3.550000000000000000e+02 3.214050000000000182e+03
3.470000000000000000e+02 3.495000000000000000e+03
3.790000000000000000e+02 3.655700000000000273e+03
3.470000000000000000e+02 3.898099999999999909e+03
3.390000000000000000e+02 3.913900000000000091e+03
3.230000000000000000e+02 4.080700000000000273e+03
3.790000000000000000e+02 4.489750000000000000e+03
3.870000000000000000e+02 4.532449999999999818e+03
3.470000000000000000e+02 4.568750000000000000e+03
3.470000000000000000e+02 4.736949999999999818e+03
3.470000000000000000e+02 5.002100000000000364e+03
3.710000000000000000e+02 5.413900000000000546e+03
3.230000000000000000e+02 5.967300000000000182e+03
3.550000000000000000e+02 6.044500000000000000e+03
3.550000000000000000e+02 6.674100000000000364e+03
3.870000000000000000e+02 6.711250000000000000e+03
3.870000000000000000e+02 6.939199999999999818e+03
3.230000000000000000e+02 7.067000000000000000e+03
3.230000000000000000e+02 7.224350000000000364e+03
3.390000000000000000e+02 7.326850000000000364e+03
3.230000000000000000e+02 7.826199999999999818e+03
3.390000000000000000e+02 8.351600000000000364e+03
3.710000000000000000e+02 9.050800000000001091e+03
3.950000000000000000e+02 1.026325000000000000e+04
3.470000000000000000e+02 1.035780000000000109e+04
3.230000000000000000e+02 1.036539999999999964e+04
3.550000000000000000e+02 1.074030000000000109e+04
3.310000000000000000e+02 1.099805000000000109e+04
3.790000000000000000e+02 1.102280000000000109e+04
3.550000000000000000e+02 1.414705000000000109e+04
3.790000000000000000e+02 1.426639999999999964e+04
3.950000000000000000e+02 1.454714999999999964e+04
3.230000000000000000e+02 1.508280000000000109e+04
3.310000000000000000e+02 1.528355000000000109e+04
3.230000000000000000e+02 1.531855000000000109e+04
3.630000000000000000e+02 1.547689999999999964e+04
3.950000000000000000e+02 1.576725000000000000e+04
3.310000000000000000e+02 1.600020000000000073e+04
3.550000000000000000e+02 1.805335000000000218e+04
3.710000000000000000e+02 1.812840000000000146e+04
3.630000000000000000e+02 1.821745000000000073e+04
3.470000000000000000e+02 1.874340000000000146e+04
3.230000000000000000e+02 1.880740000000000146e+04
3.230000000000000000e+02 1.894800000000000000e+04
3.310000000000000000e+02 1.896679999999999927e+04
3.390000000000000000e+02 1.900985000000000218e+04
3.470000000000000000e+02 1.902995000000000073e+04
3.710000000000000000e+02 1.903479999999999927e+04
3.630000000000000000e+02 1.906040000000000146e+04
3.470000000000000000e+02 1.907479999999999927e+04
3.710000000000000000e+02 1.907550000000000000e+04
3.390000000000000000e+02 1.909360000000000218e+04
3.870000000000000000e+02 1.910079999999999927e+04
3.310000000000000000e+02 1.910240000000000146e+04
3.790000000000000000e+02 1.910829999999999927e+04
3.230000000000000000e+02 1.910895000000000073e+04
3.470000000000000000e+02 1.911765000000000146e+04
3.550000000000000000e+02 1.912970000000000073e+04
3.230000000000000000e+02 1.914190000000000146e+04
3.630000000000000000e+02 1.914200000000000000e+04
3.310000000000000000e+02 1.914460000000000218e+04
3.390000000000000000e+02 1.915820000000000073e+04
3.790000000000000000e+02 1.916270000000000073e+04
3.870000000000000000e+02 1.916365000000000146e+04
3.710000000000000000e+02 1.916860000000000218e+04
3.550000000000000000e+02 1.917029999999999927e+04
3.950000000000000000e+02 1.917675000000000000e+04
3.230000000000000000e+02 1.918850000000000000e+04
3.310000000000000000e+02 1.919585000000000218e+04
3.470000000000000000e+02 1.919715000000000146e+04
3.390000000000000000e+02 1.919940000000000146e+04
3.790000000000000000e+02 1.921000000000000000e+04
3.710000000000000000e+02 1.921975000000000000e+04
3.950000000000000000e+02 1.922154999999999927e+04
3.870000000000000000e+02 1.922315000000000146e+04
3.630000000000000000e+02 1.922325000000000000e+04
3.550000000000000000e+02 1.922450000000000000e+04
3.230000000000000000e+02 1.922825000000000000e+04
3.390000000000000000e+02 1.923485000000000218e+04
3.310000000000000000e+02 1.923754999999999927e+04
3.470000000000000000e+02 1.924410000000000218e+04
3.710000000000000000e+02 1.927115000000000146e+04
3.390000000000000000e+02 1.927195000000000073e+04
3.790000000000000000e+02 1.927704999999999927e+04
3.630000000000000000e+02 1.927935000000000218e+04
3.950000000000000000e+02 1.929070000000000073e+04
3.470000000000000000e+02 1.929179999999999927e+04
3.230000000000000000e+02 1.930495000000000073e+04
3.310000000000000000e+02 1.931195000000000073e+04
3.870000000000000000e+02 1.931585000000000218e+04
3.950000000000000000e+02 1.934070000000000073e+04
3.630000000000000000e+02 1.934529999999999927e+04
3.310000000000000000e+02 1.934710000000000218e+04
3.390000000000000000e+02 1.935060000000000218e+04
3.790000000000000000e+02 1.935175000000000000e+04
3.550000000000000000e+02 1.936040000000000146e+04
3.470000000000000000e+02 1.937965000000000146e+04
3.870000000000000000e+02 1.938110000000000218e+04
3.310000000000000000e+02 1.938310000000000218e+04
3.790000000000000000e+02 1.939965000000000146e+04
3.230000000000000000e+02 1.940625000000000000e+04
3.710000000000000000e+02 1.940660000000000218e+04
3.630000000000000000e+02 1.941504999999999927e+04
3.870000000000000000e+02 1.942095000000000073e+04
3.470000000000000000e+02 1.942215000000000146e+04
3.390000000000000000e+02 1.942510000000000218e+04
3.310000000000000000e+02 1.943654999999999927e+04
3.950000000000000000e+02 1.944429999999999927e+04
3.230000000000000000e+02 1.944975000000000000e+04
3.470000000000000000e+02 1.945075000000000000e+04
3.630000000000000000e+02 1.946145000000000073e+04
3.390000000000000000e+02 1.946820000000000073e+04
3.310000000000000000e+02 1.947685000000000218e+04
3.870000000000000000e+02 1.949035000000000218e+04
3.230000000000000000e+02 1.949135000000000218e+04
3.950000000000000000e+02 1.949870000000000073e+04
3.630000000000000000e+02 1.950285000000000218e+04
3.790000000000000000e+02 1.950345000000000073e+04
3.710000000000000000e+02 1.950829999999999927e+04
3.230000000000000000e+02 1.952440000000000146e+04
3.470000000000000000e+02 1.952570000000000073e+04
3.390000000000000000e+02 1.952775000000000000e+04
3.310000000000000000e+02 1.952815000000000146e+04
3.710000000000000000e+02 1.953910000000000218e+04
3.550000000000000000e+02 1.954029999999999927e+04
3.790000000000000000e+02 1.956510000000000218e+04
3.230000000000000000e+02 1.956610000000000218e+04
3.310000000000000000e+02 1.957200000000000000e+04
3.710000000000000000e+02 1.957515000000000146e+04
3.390000000000000000e+02 1.957710000000000218e+04
3.470000000000000000e+02 1.958860000000000218e+04
3.630000000000000000e+02 1.959004999999999927e+04
3.950000000000000000e+02 1.959340000000000146e+04
3.230000000000000000e+02 1.961879999999999927e+04
3.710000000000000000e+02 1.962000000000000000e+04
3.470000000000000000e+02 1.962470000000000073e+04
3.790000000000000000e+02 1.963454999999999927e+04
3.390000000000000000e+02 1.966915000000000146e+04
3.550000000000000000e+02 1.967075000000000000e+04
3.310000000000000000e+02 1.967104999999999927e+04
3.950000000000000000e+02 1.967395000000000073e+04
3.230000000000000000e+02 1.967450000000000000e+04
3.470000000000000000e+02 1.967479999999999927e+04
3.870000000000000000e+02 1.967690000000000146e+04
3.630000000000000000e+02 1.967995000000000073e+04
3.230000000000000000e+02 1.970779999999999927e+04
3.790000000000000000e+02 1.971050000000000000e+04
3.390000000000000000e+02 1.971060000000000218e+04
3.310000000000000000e+02 1.971304999999999927e+04
3.710000000000000000e+02 1.971354999999999927e+04
3.630000000000000000e+02 1.972860000000000218e+04
3.870000000000000000e+02 1.973390000000000146e+04
3.790000000000000000e+02 1.975770000000000073e+04
3.230000000000000000e+02 1.976170000000000073e+04
3.470000000000000000e+02 1.976320000000000073e+04
3.950000000000000000e+02 1.976525000000000000e+04
3.630000000000000000e+02 1.977165000000000146e+04
3.710000000000000000e+02 1.977470000000000073e+04
3.390000000000000000e+02 1.978729999999999927e+04
3.790000000000000000e+02 1.979245000000000073e+04
3.230000000000000000e+02 1.979370000000000073e+04
3.870000000000000000e+02 1.982450000000000000e+04
3.310000000000000000e+02 1.982879999999999927e+04
3.550000000000000000e+02 1.983095000000000073e+04
3.230000000000000000e+02 1.983925000000000000e+04
3.470000000000000000e+02 1.983970000000000073e+04
3.790000000000000000e+02 1.984050000000000000e+04
3.950000000000000000e+02 1.984129999999999927e+04
3.710000000000000000e+02 1.984285000000000218e+04
3.390000000000000000e+02 1.985965000000000146e+04
3.310000000000000000e+02 1.986865000000000146e+04
3.470000000000000000e+02 1.988415000000000146e+04
3.550000000000000000e+02 1.988790000000000146e+04
3.630000000000000000e+02 1.989475000000000000e+04
3.710000000000000000e+02 1.989479999999999927e+04
3.390000000000000000e+02 1.990404999999999927e+04
3.950000000000000000e+02 1.990404999999999927e+04
3.790000000000000000e+02 1.990790000000000146e+04
3.310000000000000000e+02 1.991129999999999927e+04
3.230000000000000000e+02 1.992379999999999927e+04
3.550000000000000000e+02 1.992610000000000218e+04
3.390000000000000000e+02 1.994175000000000000e+04
3.710000000000000000e+02 1.994820000000000073e+04
3.630000000000000000e+02 1.994995000000000073e+04
3.470000000000000000e+02 1.995104999999999927e+04
3.950000000000000000e+02 1.995550000000000000e+04
3.310000000000000000e+02 1.996095000000000073e+04
3.390000000000000000e+02 1.997710000000000218e+04
3.230000000000000000e+02 1.998335000000000218e+04
3.790000000000000000e+02 1.998365000000000146e+04
3.470000000000000000e+02 1.998745000000000073e+04
3.710000000000000000e+02 1.999150000000000000e+04
3.870000000000000000e+02 1.999910000000000218e+04
3.390000000000000000e+02 2.000779999999999927e+04
3.550000000000000000e+02 2.002025000000000000e+04
3.630000000000000000e+02 2.002450000000000000e+04
3.790000000000000000e+02 2.002704999999999927e+04
3.710000000000000000e+02 2.002975000000000000e+04
3.310000000000000000e+02 2.003100000000000000e+04
3.950000000000000000e+02 2.003100000000000000e+04
3.470000000000000000e+02 2.005450000000000000e+04
3.630000000000000000e+02 2.005740000000000146e+04
3.390000000000000000e+02 2.006079999999999927e+04
3.550000000000000000e+02 2.007120000000000073e+04
3.950000000000000000e+02 2.007429999999999927e+04
3.310000000000000000e+02 2.007740000000000146e+04
3.790000000000000000e+02 2.007865000000000146e+04
3.230000000000000000e+02 2.008210000000000218e+04
3.710000000000000000e+02 2.008295000000000073e+04
3.630000000000000000e+02 2.008960000000000218e+04
3.390000000000000000e+02 2.010454999999999927e+04
3.550000000000000000e+02 2.010815000000000146e+04
3.790000000000000000e+02 2.011160000000000218e+04
3.950000000000000000e+02 2.012685000000000218e+04
3.630000000000000000e+02 2.012745000000000073e+04
3.310000000000000000e+02 2.012979999999999927e+04
3.710000000000000000e+02 2.013000000000000000e+04
3.230000000000000000e+02 2.013050000000000000e+04
3.470000000000000000e+02 2.013250000000000000e+04
3.390000000000000000e+02 2.015185000000000218e+04
3.870000000000000000e+02 2.015790000000000146e+04
3.630000000000000000e+02 2.016065000000000146e+04
3.230000000000000000e+02 2.017025000000000000e+04
3.310000000000000000e+02 2.017415000000000146e+04
3.950000000000000000e+02 2.017840000000000146e+04
3.390000000000000000e+02 2.018079999999999927e+04
3.470000000000000000e+02 2.018640000000000146e+04
3.630000000000000000e+02 2.019454999999999927e+04
3.710000000000000000e+02 2.019529999999999927e+04
3.790000000000000000e+02 2.019810000000000218e+04
3.950000000000000000e+02 2.021290000000000146e+04
3.310000000000000000e+02 2.021360000000000218e+04
3.870000000000000000e+02 2.023054999999999927e+04
3.630000000000000000e+02 2.023450000000000000e+04
3.550000000000000000e+02 2.023910000000000218e+04
3.710000000000000000e+02 2.024445000000000073e+04
3.470000000000000000e+02 2.024665000000000146e+04
3.230000000000000000e+02 2.024910000000000218e+04
3.790000000000000000e+02 2.025820000000000073e+04
3.950000000000000000e+02 2.026450000000000000e+04
3.630000000000000000e+02 2.026935000000000218e+04
3.310000000000000000e+02 2.027445000000000073e+04
3.390000000000000000e+02 2.028025000000000000e+04
3.550000000000000000e+02 2.028560000000000218e+04
3.710000000000000000e+02 2.028604999999999927e+04
3.790000000000000000e+02 2.028950000000000000e+04
3.470000000000000000e+02 2.029490000000000146e+04
3.870000000000000000e+02 2.029935000000000218e+04
3.630000000000000000e+02 2.030879999999999927e+04
3.950000000000000000e+02 2.031315000000000146e+04
3.310000000000000000e+02 2.031650000000000000e+04
3.710000000000000000e+02 2.032004999999999927e+04
3.230000000000000000e+02 2.033635000000000218e+04
3.710000000000000000e+02 2.034615000000000146e+04
3.870000000000000000e+02 2.035035000000000218e+04
3.950000000000000000e+02 2.035154999999999927e+04
3.790000000000000000e+02 2.035220000000000073e+04
3.630000000000000000e+02 2.036104999999999927e+04
3.310000000000000000e+02 2.036345000000000073e+04
3.470000000000000000e+02 2.036879999999999927e+04
3.390000000000000000e+02 2.037770000000000073e+04
3.230000000000000000e+02 2.037875000000000000e+04
3.710000000000000000e+02 2.038110000000000218e+04
3.550000000000000000e+02 2.038120000000000073e+04
3.870000000000000000e+02 2.038540000000000146e+04
3.790000000000000000e+02 2.038650000000000000e+04
3.630000000000000000e+02 2.040885000000000218e+04
3.950000000000000000e+02 2.041270000000000073e+04
3.470000000000000000e+02 2.041435000000000218e+04
3.230000000000000000e+02 2.041485000000000218e+04
3.310000000000000000e+02 2.041700000000000000e+04
3.790000000000000000e+02 2.042340000000000146e+04
3.710000000000000000e+02 2.042460000000000218e+04
3.390000000000000000e+02 2.042640000000000146e+04
3.870000000000000000e+02 2.042845000000000073e+04
3.550000000000000000e+02 2.044065000000000146e+04
3.630000000000000000e+02 2.044404999999999927e+04
3.310000000000000000e+02 2.045410000000000218e+04
3.950000000000000000e+02 2.045415000000000146e+04
3.230000000000000000e+02 2.045640000000000146e+04
3.390000000000000000e+02 2.046460000000000218e+04
3.710000000000000000e+02 2.046454999999999927e+04
3.870000000000000000e+02 2.046815000000000146e+04
3.470000000000000000e+02 2.047540000000000146e+04
3.310000000000000000e+02 2.048485000000000218e+04
3.790000000000000000e+02 2.049110000000000218e+04
3.630000000000000000e+02 2.049170000000000073e+04
3.710000000000000000e+02 2.050560000000000218e+04
3.950000000000000000e+02 2.050570000000000073e+04
3.390000000000000000e+02 2.050579999999999927e+04
3.230000000000000000e+02 2.050625000000000000e+04
3.550000000000000000e+02 2.050845000000000073e+04
3.790000000000000000e+02 2.052279999999999927e+04
3.870000000000000000e+02 2.052390000000000146e+04
3.310000000000000000e+02 2.052515000000000146e+04
3.630000000000000000e+02 2.052870000000000073e+04
3.470000000000000000e+02 2.053010000000000218e+04
3.710000000000000000e+02 2.053015000000000146e+04
3.550000000000000000e+02 2.053979999999999927e+04
3.950000000000000000e+02 2.054010000000000218e+04
3.390000000000000000e+02 2.054229999999999927e+04
3.230000000000000000e+02 2.054350000000000000e+04
3.790000000000000000e+02 2.056740000000000146e+04
3.950000000000000000e+02 2.057229999999999927e+04
3.310000000000000000e+02 2.057525000000000000e+04
3.630000000000000000e+02 2.057535000000000218e+04
3.870000000000000000e+02 2.057825000000000000e+04
3.710000000000000000e+02 2.057920000000000073e+04
3.470000000000000000e+02 2.057925000000000000e+04
3.390000000000000000e+02 2.058254999999999927e+04
3.230000000000000000e+02 2.058395000000000073e+04
3.550000000000000000e+02 2.058904999999999927e+04
3.790000000000000000e+02 2.059645000000000073e+04
3.310000000000000000e+02 2.060260000000000218e+04
3.230000000000000000e+02 2.061654999999999927e+04
3.710000000000000000e+02 2.061654999999999927e+04
3.870000000000000000e+02 2.061715000000000146e+04
3.470000000000000000e+02 2.062195000000000073e+04
3.790000000000000000e+02 2.062225000000000000e+04
3.390000000000000000e+02 2.063390000000000146e+04
3.950000000000000000e+02 2.063420000000000073e+04
3.630000000000000000e+02 2.063690000000000146e+04
3.310000000000000000e+02 2.063885000000000218e+04
3.550000000000000000e+02 2.065370000000000073e+04
3.790000000000000000e+02 2.065575000000000000e+04
3.230000000000000000e+02 2.065710000000000218e+04
3.470000000000000000e+02 2.065925000000000000e+04
3.710000000000000000e+02 2.065990000000000146e+04
3.870000000000000000e+02 2.065995000000000073e+04
3.310000000000000000e+02 2.066100000000000000e+04
3.390000000000000000e+02 2.067110000000000218e+04
3.630000000000000000e+02 2.067215000000000146e+04
3.470000000000000000e+02 2.068835000000000218e+04
3.950000000000000000e+02 2.068920000000000073e+04
3.550000000000000000e+02 2.068954999999999927e+04
3.790000000000000000e+02 2.069695000000000073e+04
3.310000000000000000e+02 2.069704999999999927e+04
3.630000000000000000e+02 2.069810000000000218e+04
3.230000000000000000e+02 2.069850000000000000e+04
3.710000000000000000e+02 2.069929999999999927e+04
3.390000000000000000e+02 2.070154999999999927e+04
3.470000000000000000e+02 2.071400000000000000e+04
3.870000000000000000e+02 2.072870000000000073e+04
3.310000000000000000e+02 2.073100000000000000e+04
3.550000000000000000e+02 2.073110000000000218e+04
3.950000000000000000e+02 2.073225000000000000e+04
3.230000000000000000e+02 2.073270000000000073e+04
3.790000000000000000e+02 2.073285000000000218e+04
3.710000000000000000e+02 2.073654999999999927e+04
3.390000000000000000e+02 2.073700000000000000e+04
3.630000000000000000e+02 2.073915000000000146e+04
3.470000000000000000e+02 2.075445000000000073e+04
3.550000000000000000e+02 2.076095000000000073e+04
3.870000000000000000e+02 2.076710000000000218e+04
3.630000000000000000e+02 2.076904999999999927e+04
3.710000000000000000e+02 2.076904999999999927e+04
3.790000000000000000e+02 2.077335000000000218e+04
3.230000000000000000e+02 2.077420000000000073e+04
3.950000000000000000e+02 2.077510000000000218e+04
3.310000000000000000e+02 2.077529999999999927e+04
3.390000000000000000e+02 2.079510000000000218e+04
3.550000000000000000e+02 2.080560000000000218e+04
3.230000000000000000e+02 2.080604999999999927e+04
3.470000000000000000e+02 2.080640000000000146e+04
3.790000000000000000e+02 2.080679999999999927e+04
3.870000000000000000e+02 2.080695000000000073e+04
3.630000000000000000e+02 2.080929999999999927e+04
3.710000000000000000e+02 2.081025000000000000e+04
3.310000000000000000e+02 2.081110000000000218e+04
3.950000000000000000e+02 2.081254999999999927e+04
3.470000000000000000e+02 2.083770000000000073e+04
3.790000000000000000e+02 2.083885000000000218e+04
3.630000000000000000e+02 2.084270000000000073e+04
3.550000000000000000e+02 2.084470000000000073e+04
3.710000000000000000e+02 2.084535000000000218e+04
3.230000000000000000e+02 2.084590000000000146e+04
3.310000000000000000e+02 2.084695000000000073e+04
3.390000000000000000e+02 2.084775000000000000e+04
3.950000000000000000e+02 2.084804999999999927e+04
3.870000000000000000e+02 2.085100000000000000e+04
3.470000000000000000e+02 2.087604999999999927e+04
3.950000000000000000e+02 2.087615000000000146e+04
3.230000000000000000e+02 2.087654999999999927e+04
3.710000000000000000e+02 2.087790000000000146e+04
3.310000000000000000e+02 2.088215000000000146e+04
3.870000000000000000e+02 2.088220000000000073e+04
3.630000000000000000e+02 2.088385000000000218e+04
3.790000000000000000e+02 2.088460000000000218e+04
3.390000000000000000e+02 2.088515000000000146e+04
3.550000000000000000e+02 2.088535000000000218e+04
3.230000000000000000e+02 2.089795000000000073e+04
3.310000000000000000e+02 2.090770000000000073e+04
3.950000000000000000e+02 2.091045000000000073e+04
3.630000000000000000e+02 2.091425000000000000e+04
3.710000000000000000e+02 2.091500000000000000e+04
3.790000000000000000e+02 2.091735000000000218e+04
3.390000000000000000e+02 2.091815000000000146e+04
3.230000000000000000e+02 2.092050000000000000e+04
3.470000000000000000e+02 2.092535000000000218e+04
3.550000000000000000e+02 2.092725000000000000e+04
3.310000000000000000e+02 2.093195000000000073e+04
3.790000000000000000e+02 2.094040000000000146e+04
3.710000000000000000e+02 2.094215000000000146e+04
3.950000000000000000e+02 2.094485000000000218e+04
3.870000000000000000e+02 2.094879999999999927e+04
3.230000000000000000e+02 2.095075000000000000e+04
3.470000000000000000e+02 2.095140000000000146e+04
3.390000000000000000e+02 2.095629999999999927e+04
3.630000000000000000e+02 2.095625000000000000e+04
3.310000000000000000e+02 2.095740000000000146e+04
3.550000000000000000e+02 2.096585000000000218e+04
3.230000000000000000e+02 2.097840000000000146e+04
3.710000000000000000e+02 2.097954999999999927e+04
3.790000000000000000e+02 2.098000000000000000e+04
3.470000000000000000e+02 2.098165000000000146e+04
3.950000000000000000e+02 2.098375000000000000e+04
3.390000000000000000e+02 2.098700000000000000e+04
3.310000000000000000e+02 2.098820000000000073e+04
3.870000000000000000e+02 2.098904999999999927e+04
3.630000000000000000e+02 2.101315000000000146e+04
3.710000000000000000e+02 2.101435000000000218e+04
3.790000000000000000e+02 2.101735000000000218e+04
3.230000000000000000e+02 2.102070000000000073e+04
3.390000000000000000e+02 2.102195000000000073e+04
3.550000000000000000e+02 2.102210000000000218e+04
3.870000000000000000e+02 2.102225000000000000e+04
3.310000000000000000e+02 2.102325000000000000e+04
3.950000000000000000e+02 2.102354999999999927e+04
3.470000000000000000e+02 2.102470000000000073e+04
3.630000000000000000e+02 2.104445000000000073e+04
3.710000000000000000e+02 2.104604999999999927e+04
3.230000000000000000e+02 2.105335000000000218e+04
3.870000000000000000e+02 2.105379999999999927e+04
3.310000000000000000e+02 2.105450000000000000e+04
3.950000000000000000e+02 2.105700000000000000e+04
3.390000000000000000e+02 2.105740000000000146e+04
3.470000000000000000e+02 2.105765000000000146e+04
3.790000000000000000e+02 2.105940000000000146e+04
3.550000000000000000e+02 2.105950000000000000e+04
3.710000000000000000e+02 2.106590000000000146e+04
3.630000000000000000e+02 2.107079999999999927e+04
3.470000000000000000e+02 2.108700000000000000e+04
3.550000000000000000e+02 2.108850000000000000e+04
3.230000000000000000e+02 2.109015000000000146e+04
3.950000000000000000e+02 2.109020000000000073e+04
3.790000000000000000e+02 2.109035000000000218e+04
3.710000000000000000e+02 2.109110000000000218e+04
3.310000000000000000e+02 2.109125000000000000e+04
3.390000000000000000e+02 2.109229999999999927e+04
3.870000000000000000e+02 2.109225000000000000e+04
3.630000000000000000e+02 2.109400000000000000e+04
3.550000000000000000e+02 2.112140000000000146e+04
3.870000000000000000e+02 2.112245000000000073e+04
3.950000000000000000e+02 2.112260000000000218e+04
3.790000000000000000e+02 2.112410000000000218e+04
3.230000000000000000e+02 2.112450000000000000e+04
3.310000000000000000e+02 2.112495000000000073e+04
3.470000000000000000e+02 2.112560000000000218e+04
3.630000000000000000e+02 2.112590000000000146e+04
3.710000000000000000e+02 2.112604999999999927e+04
3.390000000000000000e+02 2.112650000000000000e+04
3.310000000000000000e+02 2.115550000000000000e+04
3.950000000000000000e+02 2.116090000000000146e+04
3.790000000000000000e+02 2.116104999999999927e+04
3.470000000000000000e+02 2.116129999999999927e+04
3.630000000000000000e+02 2.116175000000000000e+04
3.230000000000000000e+02 2.116215000000000146e+04
3.710000000000000000e+02 2.116290000000000146e+04
3.550000000000000000e+02 2.116295000000000073e+04
3.870000000000000000e+02 2.116325000000000000e+04
3.390000000000000000e+02 2.116350000000000000e+04
3.310000000000000000e+02 2.118754999999999927e+04
3.470000000000000000e+02 2.119185000000000218e+04
3.550000000000000000e+02 2.119304999999999927e+04
3.710000000000000000e+02 2.119404999999999927e+04
3.390000000000000000e+02 2.119475000000000000e+04
3.950000000000000000e+02 2.119504999999999927e+04
3.230000000000000000e+02 2.119570000000000073e+04
3.790000000000000000e+02 2.119565000000000146e+04
3.870000000000000000e+02 2.119565000000000146e+04
3.630000000000000000e+02 2.119650000000000000e+04
3.470000000000000000e+02 2.122279999999999927e+04
3.550000000000000000e+02 2.122340000000000146e+04
3.390000000000000000e+02 2.122404999999999927e+04
3.310000000000000000e+02 2.122795000000000073e+04
3.710000000000000000e+02 2.122990000000000146e+04
3.950000000000000000e+02 2.123015000000000146e+04
3.230000000000000000e+02 2.123050000000000000e+04
3.790000000000000000e+02 2.123070000000000073e+04
3.630000000000000000e+02 2.123115000000000146e+04
3.870000000000000000e+02 2.123170000000000073e+04
3.390000000000000000e+02 2.124965000000000146e+04
3.630000000000000000e+02 2.125885000000000218e+04
3.310000000000000000e+02 2.125945000000000073e+04
3.870000000000000000e+02 2.126035000000000218e+04
3.470000000000000000e+02 2.126115000000000146e+04
3.950000000000000000e+02 2.126135000000000218e+04
3.550000000000000000e+02 2.126215000000000146e+04
3.230000000000000000e+02 2.126315000000000146e+04
3.790000000000000000e+02 2.126345000000000073e+04
3.710000000000000000e+02 2.126450000000000000e+04
3.950000000000000000e+02 2.129554999999999927e+04
3.390000000000000000e+02 2.129590000000000146e+04
3.630000000000000000e+02 2.129585000000000218e+04
3.470000000000000000e+02 2.129604999999999927e+04
3.870000000000000000e+02 2.129615000000000146e+04
3.550000000000000000e+02 2.129679999999999927e+04
3.310000000000000000e+02 2.129765000000000146e+04
3.710000000000000000e+02 2.129765000000000146e+04
3.790000000000000000e+02 2.129775000000000000e+04
3.870000000000000000e+02 2.132095000000000073e+04
3.230000000000000000e+02 2.132379999999999927e+04
3.710000000000000000e+02 2.132379999999999927e+04
3.390000000000000000e+02 2.132765000000000146e+04
3.950000000000000000e+02 2.132779999999999927e+04
3.310000000000000000e+02 2.132790000000000146e+04
3.790000000000000000e+02 2.132820000000000073e+04
3.630000000000000000e+02 2.132875000000000000e+04
3.550000000000000000e+02 2.132890000000000146e+04
3.470000000000000000e+02 2.132900000000000000e+04
3.710000000000000000e+02 2.135020000000000073e+04
3.470000000000000000e+02 2.135470000000000073e+04
3.550000000000000000e+02 2.135754999999999927e+04
3.230000000000000000e+02 2.135775000000000000e+04
3.310000000000000000e+02 2.135779999999999927e+04
3.870000000000000000e+02 2.135810000000000218e+04
3.390000000000000000e+02 2.136054999999999927e+04
3.790000000000000000e+02 2.136054999999999927e+04
3.630000000000000000e+02 2.136104999999999927e+04
3.950000000000000000e+02 2.136245000000000073e+04
3.710000000000000000e+02 2.137029999999999927e+04
3.470000000000000000e+02 2.138095000000000073e+04
3.230000000000000000e+02 2.138545000000000073e+04
3.550000000000000000e+02 2.138995000000000073e+04
3.310000000000000000e+02 2.139179999999999927e+04
3.870000000000000000e+02 2.139215000000000146e+04
3.390000000000000000e+02 2.139240000000000146e+04
3.950000000000000000e+02 2.139265000000000146e+04
3.790000000000000000e+02 2.139275000000000000e+04
3.630000000000000000e+02 2.139415000000000146e+04
3.710000000000000000e+02 2.139504999999999927e+04
3.230000000000000000e+02 2.142110000000000218e+04
3.310000000000000000e+02 2.142475000000000000e+04
3.550000000000000000e+02 2.142510000000000218e+04
3.950000000000000000e+02 2.142515000000000146e+04
3.870000000000000000e+02 2.142540000000000146e+04
3.470000000000000000e+02 2.142560000000000218e+04
3.710000000000000000e+02 2.142560000000000218e+04
3.390000000000000000e+02 2.142590000000000146e+04
3.630000000000000000e+02 2.142604999999999927e+04
3.790000000000000000e+02 2.142650000000000000e+04
3.950000000000000000e+02 2.145470000000000073e+04
3.710000000000000000e+02 2.145525000000000000e+04
3.470000000000000000e+02 2.145729999999999927e+04
3.870000000000000000e+02 2.145829999999999927e+04
3.230000000000000000e+02 2.145860000000000218e+04
3.390000000000000000e+02 2.145915000000000146e+04
3.550000000000000000e+02 2.145935000000000218e+04
3.630000000000000000e+02 2.145960000000000218e+04
3.310000000000000000e+02 2.145965000000000146e+04
3.790000000000000000e+02 2.145965000000000146e+04
3.950000000000000000e+02 2.148015000000000146e+04
3.870000000000000000e+02 2.148740000000000146e+04
3.710000000000000000e+02 2.148865000000000146e+04
3.230000000000000000e+02 2.148904999999999927e+04
3.310000000000000000e+02 2.148990000000000146e+04
3.550000000000000000e+02 2.149040000000000146e+04
3.390000000000000000e+02 2.149050000000000000e+04
3.630000000000000000e+02 2.149090000000000146e+04
3.790000000000000000e+02 2.149125000000000000e+04
3.470000000000000000e+02 2.149210000000000218e+04
3.790000000000000000e+02 2.151554999999999927e+04
3.710000000000000000e+02 2.151920000000000073e+04
3.390000000000000000e+02 2.152104999999999927e+04
3.630000000000000000e+02 2.152120000000000073e+04
3.230000000000000000e+02 2.152140000000000146e+04
3.870000000000000000e+02 2.152135000000000218e+04
3.950000000000000000e+02 2.152145000000000073e+04
3.310000000000000000e+02 2.152215000000000146e+04
3.470000000000000000e+02 2.152240000000000146e+04
3.550000000000000000e+02 2.152250000000000000e+04
3.710000000000000000e+02 2.155290000000000146e+04
3.790000000000000000e+02 2.155300000000000000e+04
3.870000000000000000e+02 2.155354999999999927e+04
3.230000000000000000e+02 2.155370000000000073e+04
3.950000000000000000e+02 2.155375000000000000e+04
3.470000000000000000e+02 2.155435000000000218e+04
3.630000000000000000e+02 2.155470000000000073e+04
3.390000000000000000e+02 2.155510000000000218e+04
3.310000000000000000e+02 2.155515000000000146e+04
3.550000000000000000e+02 2.158365000000000146e+04
3.790000000000000000e+02 2.158525000000000000e+04
3.630000000000000000e+02 2.158550000000000000e+04
3.950000000000000000e+02 2.158660000000000218e+04
3.230000000000000000e+02 2.158700000000000000e+04
3.390000000000000000e+02 2.158710000000000218e+04
3.870000000000000000e+02 2.158720000000000073e+04
3.710000000000000000e+02 2.158729999999999927e+04
3.470000000000000000e+02 2.158740000000000146e+04
3.310000000000000000e+02 2.158820000000000073e+04
3.390000000000000000e+02 2.161404999999999927e+04
3.310000000000000000e+02 2.161754999999999927e+04
3.870000000000000000e+02 2.161795000000000073e+04
3.790000000000000000e+02 2.161825000000000000e+04
3.630000000000000000e+02 2.161865000000000146e+04
3.710000000000000000e+02 2.161910000000000218e+04
3.230000000000000000e+02 2.161925000000000000e+04
3.470000000000000000e+02 2.162000000000000000e+04
3.950000000000000000e+02 2.161995000000000073e+04
3.550000000000000000e+02 2.162029999999999927e+04
3.870000000000000000e+02 2.164400000000000000e+04
3.310000000000000000e+02 2.164625000000000000e+04
3.710000000000000000e+02 2.164715000000000146e+04
3.630000000000000000e+02 2.164825000000000000e+04
3.230000000000000000e+02 2.164850000000000000e+04
3.390000000000000000e+02 2.164860000000000218e+04
3.790000000000000000e+02 2.164885000000000218e+04
3.950000000000000000e+02 2.164900000000000000e+04
3.470000000000000000e+02 2.164929999999999927e+04
3.550000000000000000e+02 2.164985000000000218e+04
3.710000000000000000e+02 2.167260000000000218e+04
3.470000000000000000e+02 2.167460000000000218e+04
3.870000000000000000e+02 2.167775000000000000e+04
3.310000000000000000e+02 2.167810000000000218e+04
3.630000000000000000e+02 2.167820000000000073e+04
3.550000000000000000e+02 2.167829999999999927e+04
3.230000000000000000e+02 2.167895000000000073e+04
3.790000000000000000e+02 2.167945000000000073e+04
3.950000000000000000e+02 2.167954999999999927e+04
3.390000000000000000e+02 2.167965000000000146e+04
3.710000000000000000e+02 2.169000000000000000e+04
3.470000000000000000e+02 2.169475000000000000e+04
3.630000000000000000e+02 2.170145000000000073e+04
3.870000000000000000e+02 2.170495000000000073e+04
3.790000000000000000e+02 2.170760000000000218e+04
3.550000000000000000e+02 2.170804999999999927e+04
3.230000000000000000e+02 2.170815000000000146e+04
3.310000000000000000e+02 2.170825000000000000e+04
3.390000000000000000e+02 2.170885000000000218e+04
3.950000000000000000e+02 2.170920000000000073e+04
3.710000000000000000e+02 2.171004999999999927e+04
3.470000000000000000e+02 2.171195000000000073e+04
3.630000000000000000e+02 2.173535000000000218e+04
3.870000000000000000e+02 2.173685000000000218e+04
3.550000000000000000e+02 2.173775000000000000e+04
3.790000000000000000e+02 2.173845000000000073e+04
3.230000000000000000e+02 2.173879999999999927e+04
3.310000000000000000e+02 2.173875000000000000e+04
3.710000000000000000e+02 2.173910000000000218e+04
3.950000000000000000e+02 2.173979999999999927e+04
3.390000000000000000e+02 2.174000000000000000e+04
3.470000000000000000e+02 2.174070000000000073e+04
3.550000000000000000e+02 2.176620000000000073e+04
3.230000000000000000e+02 2.176785000000000218e+04
3.790000000000000000e+02 2.176945000000000073e+04
3.310000000000000000e+02 2.177054999999999927e+04
3.390000000000000000e+02 2.177095000000000073e+04
3.870000000000000000e+02 2.177235000000000218e+04
3.950000000000000000e+02 2.177265000000000146e+04
3.470000000000000000e+02 2.177345000000000073e+04
3.630000000000000000e+02 2.177360000000000218e+04
3.710000000000000000e+02 2.177395000000000073e+04
3.310000000000000000e+02 2.179985000000000218e+04
3.710000000000000000e+02 2.180025000000000000e+04
3.550000000000000000e+02 2.180065000000000146e+04
3.870000000000000000e+02 2.180260000000000218e+04
3.790000000000000000e+02 2.180265000000000146e+04
3.390000000000000000e+02 2.180325000000000000e+04
3.470000000000000000e+02 2.180365000000000146e+04
3.630000000000000000e+02 2.180429999999999927e+04
3.230000000000000000e+02 2.180435000000000218e+04
3.950000000000000000e+02 2.180504999999999927e+04
3.310000000000000000e+02 2.182360000000000218e+04
3.470000000000000000e+02 2.183360000000000218e+04
3.790000000000000000e+02 2.183410000000000218e+04
3.230000000000000000e+02 2.183460000000000218e+04
3.550000000000000000e+02 2.183554999999999927e+04
3.390000000000000000e+02 2.183565000000000146e+04
3.630000000000000000e+02 2.183600000000000000e+04
3.710000000000000000e+02 2.183595000000000073e+04
3.950000000000000000e+02 2.183679999999999927e+04
3.870000000000000000e+02 2.183765000000000146e+04
3.310000000000000000e+02 2.183825000000000000e+04
3.310000000000000000e+02 2.186235000000000218e+04
3.550000000000000000e+02 2.186279999999999927e+04
3.230000000000000000e+02 2.186304999999999927e+04
3.790000000000000000e+02 2.186520000000000073e+04
3.630000000000000000e+02 2.186529999999999927e+04
3.950000000000000000e+02 2.186545000000000073e+04
3.710000000000000000e+02 2.186570000000000073e+04
3.470000000000000000e+02 2.186579999999999927e+04
3.870000000000000000e+02 2.186625000000000000e+04
3.390000000000000000e+02 2.186635000000000218e+04
3.310000000000000000e+02 2.188350000000000000e+04
3.790000000000000000e+02 2.188754999999999927e+04
3.550000000000000000e+02 2.188995000000000073e+04
3.950000000000000000e+02 2.189075000000000000e+04
3.230000000000000000e+02 2.189110000000000218e+04
3.470000000000000000e+02 2.189340000000000146e+04
3.710000000000000000e+02 2.189410000000000218e+04
3.870000000000000000e+02 2.189415000000000146e+04
3.390000000000000000e+02 2.189435000000000218e+04
3.630000000000000000e+02 2.189440000000000146e+04
3.310000000000000000e+02 2.189560000000000218e+04
3.950000000000000000e+02 2.192245000000000073e+04
3.790000000000000000e+02 2.192265000000000146e+04
3.550000000000000000e+02 2.192340000000000146e+04
3.710000000000000000e+02 2.192335000000000218e+04
3.230000000000000000e+02 2.192345000000000073e+04
3.470000000000000000e+02 2.192465000000000146e+04
3.310000000000000000e+02 2.192560000000000218e+04
3.390000000000000000e+02 2.192610000000000218e+04
3.630000000000000000e+02 2.192645000000000073e+04
3.870000000000000000e+02 2.192645000000000073e+04
3.790000000000000000e+02 2.194860000000000218e+04
3.710000000000000000e+02 2.195185000000000218e+04
3.550000000000000000e+02 2.195315000000000146e+04
3.470000000000000000e+02 2.195350000000000000e+04
3.390000000000000000e+02 2.195415000000000146e+04
3.230000000000000000e+02 2.195465000000000146e+04
3.950000000000000000e+02 2.195475000000000000e+04
3.870000000000000000e+02 2.195615000000000146e+04
3.630000000000000000e+02 2.195625000000000000e+04
3.310000000000000000e+02 2.195660000000000218e+04
3.790000000000000000e+02 2.198304999999999927e+04
3.550000000000000000e+02 2.198590000000000146e+04
3.710000000000000000e+02 2.198654999999999927e+04
3.310000000000000000e+02 2.198665000000000146e+04
3.870000000000000000e+02 2.198779999999999927e+04
3.390000000000000000e+02 2.198854999999999927e+04
3.630000000000000000e+02 2.198870000000000073e+04
3.470000000000000000e+02 2.198900000000000000e+04
3.950000000000000000e+02 2.198925000000000000e+04
3.230000000000000000e+02 2.198945000000000073e+04
3.470000000000000000e+02 2.204929999999999927e+04
3.790000000000000000e+02 2.223640000000000146e+04
3.550000000000000000e+02 2.251150000000000000e+04
3.870000000000000000e+02 2.251870000000000073e+04
3.390000000000000000e+02 2.251890000000000146e+04
3.790000000000000000e+02 2.251940000000000146e+04
3.630000000000000000e+02 2.252015000000000146e+04
3.470000000000000000e+02 2.252060000000000218e+04
3.230000000000000000e+02 2.252065000000000146e+04
3.950000000000000000e+02 2.252065000000000146e+04
3.310000000000000000e+02 2.252125000000000000e+04
3.710000000000000000e+02 2.252215000000000146e+04
3.310000000000000000e+02 2.264129999999999927e+04
3.400000000000000000e+02 2.581499999999999773e+02
3.960000000000000000e+02 2.731999999999999886e+02
3.800000000000000000e+02 4.097500000000000000e+02
3.560000000000000000e+02 4.484499999999999886e+02
3.480000000000000000e+02 1.137200000000000045e+03
3.880000000000000000e+02 1.190350000000000136e+03
3.800000000000000000e+02 1.306400000000000091e+03
3.640000000000000000e+02 1.624049999999999955e+03
3.400000000000000000e+02 1.783049999999999955e+03
3.320000000000000000e+02 1.853200000000000045e+03
3.800000000000000000e+02 1.956400000000000091e+03
3.480000000000000000e+02 1.997299999999999955e+03
3.400000000000000000e+02 2.246500000000000000e+03
3.320000000000000000e+02 2.307450000000000273e+03
3.240000000000000000e+02 2.578849999999999909e+03
3.320000000000000000e+02 2.704300000000000182e+03
3.720000000000000000e+02 3.348349999999999909e+03
3.480000000000000000e+02 3.366050000000000182e+03
3.800000000000000000e+02 3.577099999999999909e+03
3.960000000000000000e+02 3.654849999999999909e+03
3.320000000000000000e+02 3.733550000000000182e+03
3.720000000000000000e+02 4.083400000000000091e+03
3.800000000000000000e+02 4.224550000000000182e+03
3.320000000000000000e+02 4.529300000000000182e+03
3.320000000000000000e+02 4.596000000000000000e+03
3.320000000000000000e+02 5.070550000000000182e+03
3.960000000000000000e+02 5.402150000000000546e+03
3.640000000000000000e+02 6.147000000000000000e+03
3.320000000000000000e+02 6.195949999999999818e+03
3.960000000000000000e+02 6.287100000000000364e+03
3.240000000000000000e+02 6.563850000000000364e+03
3.400000000000000000e+02 6.665550000000000182e+03
3.800000000000000000e+02 6.716100000000000364e+03
3.640000000000000000e+02 6.867250000000000000e+03
3.240000000000000000e+02 6.892500000000000000e+03
3.720000000000000000e+02 6.915199999999999818e+03
3.880000000000000000e+02 7.401850000000000364e+03
3.880000000000000000e+02 7.840800000000000182e+03
3.880000000000000000e+02 8.443049999999999272e+03
3.560000000000000000e+02 1.029870000000000073e+04
3.400000000000000000e+02 1.035395000000000073e+04
3.880000000000000000e+02 1.043295000000000073e+04
3.880000000000000000e+02 1.064830000000000109e+04
3.720000000000000000e+02 1.066589999999999964e+04
3.240000000000000000e+02 1.088605000000000109e+04
3.400000000000000000e+02 1.093075000000000000e+04
3.320000000000000000e+02 1.156435000000000036e+04
3.640000000000000000e+02 1.191914999999999964e+04
3.800000000000000000e+02 1.236075000000000000e+04
3.320000000000000000e+02 1.463789999999999964e+04
3.320000000000000000e+02 1.486480000000000109e+04
3.880000000000000000e+02 1.497310000000000036e+04
3.640000000000000000e+02 1.502650000000000000e+04
3.800000000000000000e+02 1.532530000000000109e+04
3.640000000000000000e+02 1.723134999999999854e+04
3.560000000000000000e+02 1.789179999999999927e+04
3.560000000000000000e+02 1.807845000000000073e+04
3.480000000000000000e+02 1.853375000000000000e+04
3.960000000000000000e+02 1.867845000000000073e+04
3.320000000000000000e+02 1.872460000000000218e+04
3.800000000000000000e+02 1.892729999999999927e+04
3.960000000000000000e+02 1.900729999999999927e+04
3.240000000000000000e+02 1.900845000000000073e+04
3.400000000000000000e+02 1.901120000000000073e+04
3.720000000000000000e+02 1.901825000000000000e+04
3.880000000000000000e+02 1.903100000000000000e+04
3.320000000000000000e+02 1.903335000000000218e+04
3.640000000000000000e+02 1.903615000000000146e+04
3.960000000000000000e+02 1.903954999999999927e+04
3.800000000000000000e+02 1.904704999999999927e+04
3.480000000000000000e+02 1.904995000000000073e+04
3.240000000000000000e+02 1.905300000000000000e+04
3.720000000000000000e+02 1.907254999999999927e+04
3.400000000000000000e+02 1.907370000000000073e+04
3.640000000000000000e+02 1.907900000000000000e+04
3.960000000000000000e+02 1.908395000000000073e+04
3.560000000000000000e+02 1.908679999999999927e+04
3.800000000000000000e+02 1.908804999999999927e+04
3.480000000000000000e+02 1.909410000000000218e+04
3.320000000000000000e+02 1.910770000000000073e+04
3.240000000000000000e+02 1.911045000000000073e+04
3.400000000000000000e+02 1.911754999999999927e+04
3.800000000000000000e+02 1.913229999999999927e+04
3.880000000000000000e+02 1.915140000000000146e+04
3.320000000000000000e+02 1.915904999999999927e+04
3.400000000000000000e+02 1.916125000000000000e+04
3.960000000000000000e+02 1.916375000000000000e+04
3.720000000000000000e+02 1.916540000000000146e+04
3.560000000000000000e+02 1.919475000000000000e+04
3.800000000000000000e+02 1.919529999999999927e+04
3.640000000000000000e+02 1.919700000000000000e+04
3.240000000000000000e+02 1.919710000000000218e+04
3.960000000000000000e+02 1.920985000000000218e+04
3.480000000000000000e+02 1.921620000000000073e+04
3.320000000000000000e+02 1.922245000000000073e+04
3.720000000000000000e+02 1.922610000000000218e+04
3.640000000000000000e+02 1.924629999999999927e+04
3.240000000000000000e+02 1.925429999999999927e+04
3.720000000000000000e+02 1.925545000000000073e+04
3.960000000000000000e+02 1.925835000000000218e+04
3.480000000000000000e+02 1.926690000000000146e+04
3.800000000000000000e+02 1.927775000000000000e+04
3.720000000000000000e+02 1.928329999999999927e+04
3.560000000000000000e+02 1.928560000000000218e+04
3.640000000000000000e+02 1.929265000000000146e+04
3.960000000000000000e+02 1.930270000000000073e+04
3.400000000000000000e+02 1.930420000000000073e+04
3.800000000000000000e+02 1.933895000000000073e+04
3.480000000000000000e+02 1.934979999999999927e+04
3.320000000000000000e+02 1.937235000000000218e+04
3.880000000000000000e+02 1.937629999999999927e+04
3.400000000000000000e+02 1.939204999999999927e+04
3.960000000000000000e+02 1.939925000000000000e+04
3.800000000000000000e+02 1.939975000000000000e+04
3.640000000000000000e+02 1.940179999999999927e+04
3.480000000000000000e+02 1.940940000000000146e+04
3.720000000000000000e+02 1.941545000000000073e+04
3.560000000000000000e+02 1.941600000000000000e+04
3.240000000000000000e+02 1.943329999999999927e+04
3.880000000000000000e+02 1.943404999999999927e+04
3.640000000000000000e+02 1.943535000000000218e+04
3.400000000000000000e+02 1.943629999999999927e+04
3.560000000000000000e+02 1.945915000000000146e+04
3.480000000000000000e+02 1.946429999999999927e+04
3.800000000000000000e+02 1.946665000000000146e+04
3.880000000000000000e+02 1.947410000000000218e+04
3.640000000000000000e+02 1.948070000000000073e+04
3.240000000000000000e+02 1.948265000000000146e+04
3.400000000000000000e+02 1.948265000000000146e+04
3.960000000000000000e+02 1.948340000000000146e+04
3.320000000000000000e+02 1.950420000000000073e+04
3.560000000000000000e+02 1.951090000000000146e+04
3.800000000000000000e+02 1.951879999999999927e+04
3.400000000000000000e+02 1.952765000000000146e+04
3.880000000000000000e+02 1.952835000000000218e+04
3.240000000000000000e+02 1.954270000000000073e+04
3.720000000000000000e+02 1.954285000000000218e+04
3.640000000000000000e+02 1.954450000000000000e+04
3.960000000000000000e+02 1.956004999999999927e+04
3.320000000000000000e+02 1.956395000000000073e+04
3.800000000000000000e+02 1.956720000000000073e+04
3.400000000000000000e+02 1.957175000000000000e+04
3.480000000000000000e+02 1.957325000000000000e+04
3.240000000000000000e+02 1.958660000000000218e+04
3.560000000000000000e+02 1.958710000000000218e+04
3.640000000000000000e+02 1.959135000000000218e+04
3.720000000000000000e+02 1.959275000000000000e+04
3.960000000000000000e+02 1.959770000000000073e+04
3.480000000000000000e+02 1.960165000000000146e+04
3.320000000000000000e+02 1.961365000000000146e+04
3.800000000000000000e+02 1.962429999999999927e+04
3.640000000000000000e+02 1.963000000000000000e+04
3.880000000000000000e+02 1.964745000000000073e+04
3.320000000000000000e+02 1.965315000000000146e+04
3.720000000000000000e+02 1.965654999999999927e+04
3.400000000000000000e+02 1.965740000000000146e+04
3.960000000000000000e+02 1.965954999999999927e+04
3.480000000000000000e+02 1.966990000000000146e+04
3.800000000000000000e+02 1.967095000000000073e+04
3.240000000000000000e+02 1.968054999999999927e+04
3.640000000000000000e+02 1.968600000000000000e+04
3.400000000000000000e+02 1.969270000000000073e+04
3.320000000000000000e+02 1.971375000000000000e+04
3.800000000000000000e+02 1.971560000000000218e+04
3.640000000000000000e+02 1.971904999999999927e+04
3.240000000000000000e+02 1.972085000000000218e+04
3.560000000000000000e+02 1.973254999999999927e+04
3.960000000000000000e+02 1.973295000000000073e+04
3.480000000000000000e+02 1.973454999999999927e+04
3.720000000000000000e+02 1.973479999999999927e+04
3.400000000000000000e+02 1.974985000000000218e+04
3.880000000000000000e+02 1.976065000000000146e+04
3.960000000000000000e+02 1.976420000000000073e+04
3.320000000000000000e+02 1.976500000000000000e+04
3.480000000000000000e+02 1.978025000000000000e+04
3.880000000000000000e+02 1.979750000000000000e+04
3.240000000000000000e+02 1.980260000000000218e+04
3.640000000000000000e+02 1.980260000000000218e+04
3.560000000000000000e+02 1.980810000000000218e+04
3.400000000000000000e+02 1.981150000000000000e+04
3.320000000000000000e+02 1.982845000000000073e+04
3.720000000000000000e+02 1.983045000000000073e+04
3.800000000000000000e+02 1.983195000000000073e+04
3.240000000000000000e+02 1.985729999999999927e+04
3.560000000000000000e+02 1.986015000000000146e+04
3.640000000000000000e+02 1.986229999999999927e+04
3.960000000000000000e+02 1.986250000000000000e+04
3.720000000000000000e+02 1.986440000000000146e+04
3.480000000000000000e+02 1.987040000000000146e+04
3.400000000000000000e+02 1.987710000000000218e+04
3.240000000000000000e+02 1.988985000000000218e+04
3.640000000000000000e+02 1.989560000000000218e+04
3.720000000000000000e+02 1.989570000000000073e+04
3.320000000000000000e+02 1.989754999999999927e+04
3.880000000000000000e+02 1.990360000000000218e+04
3.400000000000000000e+02 1.990970000000000073e+04
3.480000000000000000e+02 1.992940000000000146e+04
3.640000000000000000e+02 1.993660000000000218e+04
3.720000000000000000e+02 1.993865000000000146e+04
3.880000000000000000e+02 1.994229999999999927e+04
3.400000000000000000e+02 1.995460000000000218e+04
3.960000000000000000e+02 1.996095000000000073e+04
3.240000000000000000e+02 1.996120000000000073e+04
3.480000000000000000e+02 1.997160000000000218e+04
3.800000000000000000e+02 1.997210000000000218e+04
3.640000000000000000e+02 1.997345000000000073e+04
3.320000000000000000e+02 1.998154999999999927e+04
3.720000000000000000e+02 1.998375000000000000e+04
3.560000000000000000e+02 2.000885000000000218e+04
3.880000000000000000e+02 2.001090000000000146e+04
3.400000000000000000e+02 2.001340000000000146e+04
3.960000000000000000e+02 2.001350000000000000e+04
3.640000000000000000e+02 2.001795000000000073e+04
3.320000000000000000e+02 2.003170000000000073e+04
3.240000000000000000e+02 2.003260000000000218e+04
3.800000000000000000e+02 2.003540000000000146e+04
3.560000000000000000e+02 2.004060000000000218e+04
3.960000000000000000e+02 2.004354999999999927e+04
3.720000000000000000e+02 2.004679999999999927e+04
3.640000000000000000e+02 2.005604999999999927e+04
3.400000000000000000e+02 2.006850000000000000e+04
3.720000000000000000e+02 2.007485000000000218e+04
3.320000000000000000e+02 2.007825000000000000e+04
3.560000000000000000e+02 2.007910000000000218e+04
3.880000000000000000e+02 2.008565000000000146e+04
3.960000000000000000e+02 2.008895000000000073e+04
3.480000000000000000e+02 2.009479999999999927e+04
3.800000000000000000e+02 2.010210000000000218e+04
3.720000000000000000e+02 2.012329999999999927e+04
3.960000000000000000e+02 2.012765000000000146e+04
3.480000000000000000e+02 2.013200000000000000e+04
3.320000000000000000e+02 2.013235000000000218e+04
3.560000000000000000e+02 2.014029999999999927e+04
3.800000000000000000e+02 2.014029999999999927e+04
3.640000000000000000e+02 2.015095000000000073e+04
3.400000000000000000e+02 2.015190000000000146e+04
3.720000000000000000e+02 2.016265000000000146e+04
3.320000000000000000e+02 2.016465000000000146e+04
3.800000000000000000e+02 2.016585000000000218e+04
3.240000000000000000e+02 2.018020000000000073e+04
3.880000000000000000e+02 2.019020000000000073e+04
3.560000000000000000e+02 2.019260000000000218e+04
3.960000000000000000e+02 2.019260000000000218e+04
3.720000000000000000e+02 2.020460000000000218e+04
3.480000000000000000e+02 2.020715000000000146e+04
3.320000000000000000e+02 2.020750000000000000e+04
3.240000000000000000e+02 2.021650000000000000e+04
3.640000000000000000e+02 2.021995000000000073e+04
3.880000000000000000e+02 2.022985000000000218e+04
3.560000000000000000e+02 2.024200000000000000e+04
3.480000000000000000e+02 2.024340000000000146e+04
3.800000000000000000e+02 2.024615000000000146e+04
3.400000000000000000e+02 2.024970000000000073e+04
3.720000000000000000e+02 2.025010000000000218e+04
3.320000000000000000e+02 2.025300000000000000e+04
3.960000000000000000e+02 2.026450000000000000e+04
3.640000000000000000e+02 2.026825000000000000e+04
3.720000000000000000e+02 2.026960000000000218e+04
3.240000000000000000e+02 2.027495000000000073e+04
3.800000000000000000e+02 2.028179999999999927e+04
3.400000000000000000e+02 2.028860000000000218e+04
3.480000000000000000e+02 2.029329999999999927e+04
3.320000000000000000e+02 2.029365000000000146e+04
3.880000000000000000e+02 2.029729999999999927e+04
3.240000000000000000e+02 2.031795000000000073e+04
3.640000000000000000e+02 2.032370000000000073e+04
3.720000000000000000e+02 2.032365000000000146e+04
3.800000000000000000e+02 2.032554999999999927e+04
3.480000000000000000e+02 2.032665000000000146e+04
3.560000000000000000e+02 2.033690000000000146e+04
3.960000000000000000e+02 2.034640000000000146e+04
3.320000000000000000e+02 2.035010000000000218e+04
3.880000000000000000e+02 2.035004999999999927e+04
3.720000000000000000e+02 2.035745000000000073e+04
3.480000000000000000e+02 2.035895000000000073e+04
3.240000000000000000e+02 2.036075000000000000e+04
3.640000000000000000e+02 2.036835000000000218e+04
3.400000000000000000e+02 2.037150000000000000e+04
3.800000000000000000e+02 2.038140000000000146e+04
3.720000000000000000e+02 2.038985000000000218e+04
3.320000000000000000e+02 2.039304999999999927e+04
3.880000000000000000e+02 2.039860000000000218e+04
3.960000000000000000e+02 2.040779999999999927e+04
3.400000000000000000e+02 2.041150000000000000e+04
3.480000000000000000e+02 2.041350000000000000e+04
3.640000000000000000e+02 2.041600000000000000e+04
3.560000000000000000e+02 2.041700000000000000e+04
3.720000000000000000e+02 2.041870000000000073e+04
3.320000000000000000e+02 2.041995000000000073e+04
3.800000000000000000e+02 2.042385000000000218e+04
3.240000000000000000e+02 2.042779999999999927e+04
3.880000000000000000e+02 2.044425000000000000e+04
3.720000000000000000e+02 2.044670000000000073e+04
3.960000000000000000e+02 2.044840000000000146e+04
3.400000000000000000e+02 2.044895000000000073e+04
3.640000000000000000e+02 2.045410000000000218e+04
3.480000000000000000e+02 2.045425000000000000e+04
3.560000000000000000e+02 2.045635000000000218e+04
3.800000000000000000e+02 2.046125000000000000e+04
3.320000000000000000e+02 2.046579999999999927e+04
3.240000000000000000e+02 2.047700000000000000e+04
3.400000000000000000e+02 2.050129999999999927e+04
3.240000000000000000e+02 2.050210000000000218e+04
3.720000000000000000e+02 2.050225000000000000e+04
3.480000000000000000e+02 2.050410000000000218e+04
3.960000000000000000e+02 2.050475000000000000e+04
3.640000000000000000e+02 2.050510000000000218e+04
3.880000000000000000e+02 2.050790000000000146e+04
3.800000000000000000e+02 2.050810000000000218e+04
3.320000000000000000e+02 2.051140000000000146e+04
3.560000000000000000e+02 2.051960000000000218e+04
3.400000000000000000e+02 2.053300000000000000e+04
3.240000000000000000e+02 2.053325000000000000e+04
3.480000000000000000e+02 2.053590000000000146e+04
3.960000000000000000e+02 2.053960000000000218e+04
3.800000000000000000e+02 2.054120000000000073e+04
3.720000000000000000e+02 2.054279999999999927e+04
3.320000000000000000e+02 2.054625000000000000e+04
3.640000000000000000e+02 2.054665000000000146e+04
3.880000000000000000e+02 2.055050000000000000e+04
3.240000000000000000e+02 2.057575000000000000e+04
3.720000000000000000e+02 2.057670000000000073e+04
3.880000000000000000e+02 2.057695000000000073e+04
3.960000000000000000e+02 2.057720000000000073e+04
3.400000000000000000e+02 2.057879999999999927e+04
3.480000000000000000e+02 2.057925000000000000e+04
3.320000000000000000e+02 2.058525000000000000e+04
3.640000000000000000e+02 2.059165000000000146e+04
3.800000000000000000e+02 2.059354999999999927e+04
3.320000000000000000e+02 2.060760000000000218e+04
3.880000000000000000e+02 2.061775000000000000e+04
3.560000000000000000e+02 2.061865000000000146e+04
3.400000000000000000e+02 2.062210000000000218e+04
3.240000000000000000e+02 2.062295000000000073e+04
3.640000000000000000e+02 2.062460000000000218e+04
3.720000000000000000e+02 2.062590000000000146e+04
3.960000000000000000e+02 2.062620000000000073e+04
3.800000000000000000e+02 2.063525000000000000e+04
3.320000000000000000e+02 2.063815000000000146e+04
3.480000000000000000e+02 2.063860000000000218e+04
3.560000000000000000e+02 2.065510000000000218e+04
3.400000000000000000e+02 2.065620000000000073e+04
3.880000000000000000e+02 2.065825000000000000e+04
3.240000000000000000e+02 2.065854999999999927e+04
3.480000000000000000e+02 2.066110000000000218e+04
3.720000000000000000e+02 2.066145000000000073e+04
3.960000000000000000e+02 2.066175000000000000e+04
3.640000000000000000e+02 2.066890000000000146e+04
3.960000000000000000e+02 2.068875000000000000e+04
3.800000000000000000e+02 2.069304999999999927e+04
3.240000000000000000e+02 2.069379999999999927e+04
3.480000000000000000e+02 2.069379999999999927e+04
3.560000000000000000e+02 2.069604999999999927e+04
3.720000000000000000e+02 2.069670000000000073e+04
3.320000000000000000e+02 2.069975000000000000e+04
3.400000000000000000e+02 2.070040000000000146e+04
3.640000000000000000e+02 2.070845000000000073e+04
3.880000000000000000e+02 2.072395000000000073e+04
3.480000000000000000e+02 2.072960000000000218e+04
3.960000000000000000e+02 2.073065000000000146e+04
3.560000000000000000e+02 2.073079999999999927e+04
3.800000000000000000e+02 2.073500000000000000e+04
3.720000000000000000e+02 2.073565000000000146e+04
3.320000000000000000e+02 2.073575000000000000e+04
3.240000000000000000e+02 2.073735000000000218e+04
3.400000000000000000e+02 2.074054999999999927e+04
3.640000000000000000e+02 2.074310000000000218e+04
3.800000000000000000e+02 2.076795000000000073e+04
3.480000000000000000e+02 2.077045000000000073e+04
3.560000000000000000e+02 2.077045000000000073e+04
3.880000000000000000e+02 2.077090000000000146e+04
3.960000000000000000e+02 2.077204999999999927e+04
3.720000000000000000e+02 2.077285000000000218e+04
3.240000000000000000e+02 2.077429999999999927e+04
3.640000000000000000e+02 2.077840000000000146e+04
3.400000000000000000e+02 2.077875000000000000e+04
3.320000000000000000e+02 2.077950000000000000e+04
3.800000000000000000e+02 2.080495000000000073e+04
3.880000000000000000e+02 2.080590000000000146e+04
3.240000000000000000e+02 2.080600000000000000e+04
3.320000000000000000e+02 2.080810000000000218e+04
3.480000000000000000e+02 2.080885000000000218e+04
3.560000000000000000e+02 2.080985000000000218e+04
3.960000000000000000e+02 2.080995000000000073e+04
3.640000000000000000e+02 2.081054999999999927e+04
3.720000000000000000e+02 2.081100000000000000e+04
3.400000000000000000e+02 2.081329999999999927e+04
3.320000000000000000e+02 2.083440000000000146e+04
3.960000000000000000e+02 2.084340000000000146e+04
3.560000000000000000e+02 2.084700000000000000e+04
3.880000000000000000e+02 2.084740000000000146e+04
3.400000000000000000e+02 2.084785000000000218e+04
3.640000000000000000e+02 2.084960000000000218e+04
3.240000000000000000e+02 2.085115000000000146e+04
3.480000000000000000e+02 2.085540000000000146e+04
3.800000000000000000e+02 2.085604999999999927e+04
3.320000000000000000e+02 2.085729999999999927e+04
3.720000000000000000e+02 2.085810000000000218e+04
3.640000000000000000e+02 2.087390000000000146e+04
3.400000000000000000e+02 2.087825000000000000e+04
3.560000000000000000e+02 2.087875000000000000e+04
3.960000000000000000e+02 2.087885000000000218e+04
3.240000000000000000e+02 2.088179999999999927e+04
3.480000000000000000e+02 2.088304999999999927e+04
3.880000000000000000e+02 2.088429999999999927e+04
3.800000000000000000e+02 2.088454999999999927e+04
3.320000000000000000e+02 2.088525000000000000e+04
3.720000000000000000e+02 2.088610000000000218e+04
3.560000000000000000e+02 2.091145000000000073e+04
3.960000000000000000e+02 2.091320000000000073e+04
3.640000000000000000e+02 2.091670000000000073e+04
3.480000000000000000e+02 2.091685000000000218e+04
3.880000000000000000e+02 2.091835000000000218e+04
3.240000000000000000e+02 2.091845000000000073e+04
3.320000000000000000e+02 2.091879999999999927e+04
3.400000000000000000e+02 2.091979999999999927e+04
3.800000000000000000e+02 2.091979999999999927e+04
3.720000000000000000e+02 2.092110000000000218e+04
3.400000000000000000e+02 2.094654999999999927e+04
3.240000000000000000e+02 2.094795000000000073e+04
3.800000000000000000e+02 2.094900000000000000e+04
3.320000000000000000e+02 2.095079999999999927e+04
3.480000000000000000e+02 2.095110000000000218e+04
3.720000000000000000e+02 2.095145000000000073e+04
3.560000000000000000e+02 2.095175000000000000e+04
3.960000000000000000e+02 2.095175000000000000e+04
3.640000000000000000e+02 2.095370000000000073e+04
3.880000000000000000e+02 2.095740000000000146e+04
3.480000000000000000e+02 2.097810000000000218e+04
3.240000000000000000e+02 2.098020000000000073e+04
3.400000000000000000e+02 2.098065000000000146e+04
3.640000000000000000e+02 2.098210000000000218e+04
3.960000000000000000e+02 2.098235000000000218e+04
3.880000000000000000e+02 2.098350000000000000e+04
3.320000000000000000e+02 2.098510000000000218e+04
3.800000000000000000e+02 2.098625000000000000e+04
3.720000000000000000e+02 2.098670000000000073e+04
3.560000000000000000e+02 2.099050000000000000e+04
3.800000000000000000e+02 2.101210000000000218e+04
3.400000000000000000e+02 2.101829999999999927e+04
3.640000000000000000e+02 2.101900000000000000e+04
3.480000000000000000e+02 2.101910000000000218e+04
3.320000000000000000e+02 2.102075000000000000e+04
3.720000000000000000e+02 2.102090000000000146e+04
3.240000000000000000e+02 2.102215000000000146e+04
3.960000000000000000e+02 2.102245000000000073e+04
3.560000000000000000e+02 2.102304999999999927e+04
3.880000000000000000e+02 2.102435000000000218e+04
3.560000000000000000e+02 2.105275000000000000e+04
3.960000000000000000e+02 2.105390000000000146e+04
3.800000000000000000e+02 2.105520000000000073e+04
3.640000000000000000e+02 2.105790000000000146e+04
3.880000000000000000e+02 2.105785000000000218e+04
3.720000000000000000e+02 2.105800000000000000e+04
3.320000000000000000e+02 2.105820000000000073e+04
3.400000000000000000e+02 2.105890000000000146e+04
3.480000000000000000e+02 2.105890000000000146e+04
3.240000000000000000e+02 2.105900000000000000e+04
3.960000000000000000e+02 2.108375000000000000e+04
3.800000000000000000e+02 2.108529999999999927e+04
3.480000000000000000e+02 2.108804999999999927e+04
3.320000000000000000e+02 2.108960000000000218e+04
3.560000000000000000e+02 2.108960000000000218e+04
3.640000000000000000e+02 2.109045000000000073e+04
3.400000000000000000e+02 2.109154999999999927e+04
3.240000000000000000e+02 2.109240000000000146e+04
3.720000000000000000e+02 2.109295000000000073e+04
3.880000000000000000e+02 2.109350000000000000e+04
3.960000000000000000e+02 2.112004999999999927e+04
3.400000000000000000e+02 2.112050000000000000e+04
3.240000000000000000e+02 2.112375000000000000e+04
3.800000000000000000e+02 2.112375000000000000e+04
3.320000000000000000e+02 2.112450000000000000e+04
3.720000000000000000e+02 2.112450000000000000e+04
3.880000000000000000e+02 2.112460000000000218e+04
3.480000000000000000e+02 2.112570000000000073e+04
3.560000000000000000e+02 2.112565000000000146e+04
3.640000000000000000e+02 2.112729999999999927e+04
3.800000000000000000e+02 2.115279999999999927e+04
3.320000000000000000e+02 2.115660000000000218e+04
3.240000000000000000e+02 2.115795000000000073e+04
3.560000000000000000e+02 2.115900000000000000e+04
3.880000000000000000e+02 2.116100000000000000e+04
3.640000000000000000e+02 2.116145000000000073e+04
3.960000000000000000e+02 2.116170000000000073e+04
3.480000000000000000e+02 2.116225000000000000e+04
3.720000000000000000e+02 2.116250000000000000e+04
3.400000000000000000e+02 2.116310000000000218e+04
3.800000000000000000e+02 2.119260000000000218e+04
3.400000000000000000e+02 2.119315000000000146e+04
3.320000000000000000e+02 2.119475000000000000e+04
3.720000000000000000e+02 2.119560000000000218e+04
3.880000000000000000e+02 2.119554999999999927e+04
3.560000000000000000e+02 2.119629999999999927e+04
3.480000000000000000e+02 2.119650000000000000e+04
3.240000000000000000e+02 2.119660000000000218e+04
3.640000000000000000e+02 2.119685000000000218e+04
3.960000000000000000e+02 2.119710000000000218e+04
3.880000000000000000e+02 2.122475000000000000e+04
3.960000000000000000e+02 2.122870000000000073e+04
3.400000000000000000e+02 2.122879999999999927e+04
3.800000000000000000e+02 2.122925000000000000e+04
3.240000000000000000e+02 2.122950000000000000e+04
3.480000000000000000e+02 2.122960000000000218e+04
3.640000000000000000e+02 2.122975000000000000e+04
3.320000000000000000e+02 2.122985000000000218e+04
3.720000000000000000e+02 2.123004999999999927e+04
3.560000000000000000e+02 2.123040000000000146e+04
3.720000000000000000e+02 2.125690000000000146e+04
3.800000000000000000e+02 2.125925000000000000e+04
3.240000000000000000e+02 2.126010000000000218e+04
3.560000000000000000e+02 2.126145000000000073e+04
3.480000000000000000e+02 2.126325000000000000e+04
3.640000000000000000e+02 2.126325000000000000e+04
3.880000000000000000e+02 2.126329999999999927e+04
3.320000000000000000e+02 2.126340000000000146e+04
3.960000000000000000e+02 2.126360000000000218e+04
3.400000000000000000e+02 2.126365000000000146e+04
3.800000000000000000e+02 2.129470000000000073e+04
3.720000000000000000e+02 2.129495000000000073e+04
3.240000000000000000e+02 2.129585000000000218e+04
3.960000000000000000e+02 2.129645000000000073e+04
3.560000000000000000e+02 2.129670000000000073e+04
3.320000000000000000e+02 2.129704999999999927e+04
3.640000000000000000e+02 2.129760000000000218e+04
3.880000000000000000e+02 2.129795000000000073e+04
3.480000000000000000e+02 2.129870000000000073e+04
3.400000000000000000e+02 2.129890000000000146e+04
3.240000000000000000e+02 2.132485000000000218e+04
3.880000000000000000e+02 2.132654999999999927e+04
3.320000000000000000e+02 2.132760000000000218e+04
3.480000000000000000e+02 2.132760000000000218e+04
3.560000000000000000e+02 2.132804999999999927e+04
3.400000000000000000e+02 2.132840000000000146e+04
3.800000000000000000e+02 2.132854999999999927e+04
3.640000000000000000e+02 2.132895000000000073e+04
3.720000000000000000e+02 2.132910000000000218e+04
3.960000000000000000e+02 2.132935000000000218e+04
3.400000000000000000e+02 2.135825000000000000e+04
3.560000000000000000e+02 2.135825000000000000e+04
3.880000000000000000e+02 2.135890000000000146e+04
3.640000000000000000e+02 2.135895000000000073e+04
3.240000000000000000e+02 2.135935000000000218e+04
3.320000000000000000e+02 2.135995000000000073e+04
3.720000000000000000e+02 2.136120000000000073e+04
3.960000000000000000e+02 2.136154999999999927e+04
3.800000000000000000e+02 2.136165000000000146e+04
3.480000000000000000e+02 2.136229999999999927e+04
3.640000000000000000e+02 2.138870000000000073e+04
3.560000000000000000e+02 2.139029999999999927e+04
3.720000000000000000e+02 2.139090000000000146e+04
3.880000000000000000e+02 2.139110000000000218e+04
3.240000000000000000e+02 2.139240000000000146e+04
3.400000000000000000e+02 2.139295000000000073e+04
3.480000000000000000e+02 2.139300000000000000e+04
3.960000000000000000e+02 2.139325000000000000e+04
3.800000000000000000e+02 2.139375000000000000e+04
3.320000000000000000e+02 2.139395000000000073e+04
3.560000000000000000e+02 2.141390000000000146e+04
3.880000000000000000e+02 2.142225000000000000e+04
3.480000000000000000e+02 2.142275000000000000e+04
3.640000000000000000e+02 2.142379999999999927e+04
3.720000000000000000e+02 2.142415000000000146e+04
3.400000000000000000e+02 2.142485000000000218e+04
3.240000000000000000e+02 2.142585000000000218e+04
3.800000000000000000e+02 2.142600000000000000e+04
3.960000000000000000e+02 2.142645000000000073e+04
3.320000000000000000e+02 2.142729999999999927e+04
3.480000000000000000e+02 2.144485000000000218e+04
3.960000000000000000e+02 2.145265000000000146e+04
3.880000000000000000e+02 2.145654999999999927e+04
3.560000000000000000e+02 2.145720000000000073e+04
3.400000000000000000e+02 2.145770000000000073e+04
3.240000000000000000e+02 2.145790000000000146e+04
3.720000000000000000e+02 2.145785000000000218e+04
3.640000000000000000e+02 2.145925000000000000e+04
3.800000000000000000e+02 2.146050000000000000e+04
3.320000000000000000e+02 2.146060000000000218e+04
3.480000000000000000e+02 2.146200000000000000e+04
3.960000000000000000e+02 2.147925000000000000e+04
3.400000000000000000e+02 2.148465000000000146e+04
3.240000000000000000e+02 2.148865000000000146e+04
3.720000000000000000e+02 2.148929999999999927e+04
3.320000000000000000e+02 2.148985000000000218e+04
3.880000000000000000e+02 2.149000000000000000e+04
3.480000000000000000e+02 2.149020000000000073e+04
3.640000000000000000e+02 2.149035000000000218e+04
3.560000000000000000e+02 2.149075000000000000e+04
3.800000000000000000e+02 2.149175000000000000e+04
3.880000000000000000e+02 2.151595000000000073e+04
3.400000000000000000e+02 2.151654999999999927e+04
3.640000000000000000e+02 2.152015000000000146e+04
3.960000000000000000e+02 2.152020000000000073e+04
3.320000000000000000e+02 2.152035000000000218e+04
3.720000000000000000e+02 2.152079999999999927e+04
3.480000000000000000e+02 2.152129999999999927e+04
3.800000000000000000e+02 2.152175000000000000e+04
3.240000000000000000e+02 2.152210000000000218e+04
3.560000000000000000e+02 2.152295000000000073e+04
3.880000000000000000e+02 2.155065000000000146e+04
3.240000000000000000e+02 2.155225000000000000e+04
3.480000000000000000e+02 2.155265000000000146e+04
3.640000000000000000e+02 2.155350000000000000e+04
3.400000000000000000e+02 2.155360000000000218e+04
3.560000000000000000e+02 2.155375000000000000e+04
3.720000000000000000e+02 2.155400000000000000e+04
3.960000000000000000e+02 2.155420000000000073e+04
3.320000000000000000e+02 2.155440000000000146e+04
3.800000000000000000e+02 2.155635000000000218e+04
3.240000000000000000e+02 2.157529999999999927e+04
3.720000000000000000e+02 2.158200000000000000e+04
3.880000000000000000e+02 2.158440000000000146e+04
3.640000000000000000e+02 2.158625000000000000e+04
3.560000000000000000e+02 2.158665000000000146e+04
3.800000000000000000e+02 2.158740000000000146e+04
3.400000000000000000e+02 2.158750000000000000e+04
3.960000000000000000e+02 2.158770000000000073e+04
3.320000000000000000e+02 2.158775000000000000e+04
3.480000000000000000e+02 2.158850000000000000e+04
3.240000000000000000e+02 2.161410000000000218e+04
3.400000000000000000e+02 2.161465000000000146e+04
3.640000000000000000e+02 2.161510000000000218e+04
3.800000000000000000e+02 2.161654999999999927e+04
3.720000000000000000e+02 2.161665000000000146e+04
3.880000000000000000e+02 2.161704999999999927e+04
3.480000000000000000e+02 2.161750000000000000e+04
3.320000000000000000e+02 2.161829999999999927e+04
3.560000000000000000e+02 2.161925000000000000e+04
3.960000000000000000e+02 2.161970000000000073e+04
3.480000000000000000e+02 2.164425000000000000e+04
3.400000000000000000e+02 2.164529999999999927e+04
3.560000000000000000e+02 2.164735000000000218e+04
3.800000000000000000e+02 2.164740000000000146e+04
3.720000000000000000e+02 2.164745000000000073e+04
3.880000000000000000e+02 2.164790000000000146e+04
3.240000000000000000e+02 2.164795000000000073e+04
3.320000000000000000e+02 2.164815000000000146e+04
3.640000000000000000e+02 2.164915000000000146e+04
3.960000000000000000e+02 2.164925000000000000e+04
3.720000000000000000e+02 2.167360000000000218e+04
3.480000000000000000e+02 2.167450000000000000e+04
3.240000000000000000e+02 2.167570000000000073e+04
3.960000000000000000e+02 2.167690000000000146e+04
3.880000000000000000e+02 2.167754999999999927e+04
3.800000000000000000e+02 2.167879999999999927e+04
3.560000000000000000e+02 2.167940000000000146e+04
3.400000000000000000e+02 2.167954999999999927e+04
3.640000000000000000e+02 2.167954999999999927e+04
3.320000000000000000e+02 2.167970000000000073e+04
3.240000000000000000e+02 2.170300000000000000e+04
3.880000000000000000e+02 2.170404999999999927e+04
3.480000000000000000e+02 2.170565000000000146e+04
3.720000000000000000e+02 2.170670000000000073e+04
3.320000000000000000e+02 2.170835000000000218e+04
3.640000000000000000e+02 2.170835000000000218e+04
3.560000000000000000e+02 2.170904999999999927e+04
3.960000000000000000e+02 2.170950000000000000e+04
3.400000000000000000e+02 2.170985000000000218e+04
3.800000000000000000e+02 2.171004999999999927e+04
3.240000000000000000e+02 2.173125000000000000e+04
3.640000000000000000e+02 2.173645000000000073e+04
3.720000000000000000e+02 2.173735000000000218e+04
3.880000000000000000e+02 2.173920000000000073e+04
3.560000000000000000e+02 2.173925000000000000e+04
3.320000000000000000e+02 2.173960000000000218e+04
3.960000000000000000e+02 2.173954999999999927e+04
3.400000000000000000e+02 2.173975000000000000e+04
3.480000000000000000e+02 2.174000000000000000e+04
3.800000000000000000e+02 2.174029999999999927e+04
3.640000000000000000e+02 2.176675000000000000e+04
3.560000000000000000e+02 2.176804999999999927e+04
3.880000000000000000e+02 2.176965000000000146e+04
3.320000000000000000e+02 2.177154999999999927e+04
3.720000000000000000e+02 2.177210000000000218e+04
3.800000000000000000e+02 2.177260000000000218e+04
3.240000000000000000e+02 2.177290000000000146e+04
3.960000000000000000e+02 2.177304999999999927e+04
3.400000000000000000e+02 2.177340000000000146e+04
3.480000000000000000e+02 2.177475000000000000e+04
3.800000000000000000e+02 2.180195000000000073e+04
3.560000000000000000e+02 2.180350000000000000e+04
3.320000000000000000e+02 2.180354999999999927e+04
3.880000000000000000e+02 2.180354999999999927e+04
3.240000000000000000e+02 2.180404999999999927e+04
3.400000000000000000e+02 2.180410000000000218e+04
3.640000000000000000e+02 2.180415000000000146e+04
3.960000000000000000e+02 2.180450000000000000e+04
3.720000000000000000e+02 2.180490000000000146e+04
3.480000000000000000e+02 2.180510000000000218e+04
3.560000000000000000e+02 2.183179999999999927e+04
3.480000000000000000e+02 2.183354999999999927e+04
3.880000000000000000e+02 2.183440000000000146e+04
3.720000000000000000e+02 2.183465000000000146e+04
3.320000000000000000e+02 2.183554999999999927e+04
3.960000000000000000e+02 2.183615000000000146e+04
3.240000000000000000e+02 2.183675000000000000e+04
3.800000000000000000e+02 2.183679999999999927e+04
3.400000000000000000e+02 2.183685000000000218e+04
3.640000000000000000e+02 2.183765000000000146e+04
3.560000000000000000e+02 2.186029999999999927e+04
3.960000000000000000e+02 2.186135000000000218e+04
3.880000000000000000e+02 2.186279999999999927e+04
3.320000000000000000e+02 2.186460000000000218e+04
3.480000000000000000e+02 2.186475000000000000e+04
3.720000000000000000e+02 2.186500000000000000e+04
3.640000000000000000e+02 2.186535000000000218e+04
3.240000000000000000e+02 2.186565000000000146e+04
3.800000000000000000e+02 2.186604999999999927e+04
3.400000000000000000e+02 2.186650000000000000e+04
3.960000000000000000e+02 2.188765000000000146e+04
3.800000000000000000e+02 2.189104999999999927e+04
3.560000000000000000e+02 2.189145000000000073e+04
3.400000000000000000e+02 2.189175000000000000e+04
3.480000000000000000e+02 2.189179999999999927e+04
3.880000000000000000e+02 2.189175000000000000e+04
3.240000000000000000e+02 2.189220000000000073e+04
3.640000000000000000e+02 2.189229999999999927e+04
3.320000000000000000e+02 2.189270000000000073e+04
3.720000000000000000e+02 2.189310000000000218e+04
3.400000000000000000e+02 2.192170000000000073e+04
3.320000000000000000e+02 2.192245000000000073e+04
3.640000000000000000e+02 2.192275000000000000e+04
3.480000000000000000e+02 2.192350000000000000e+04
3.960000000000000000e+02 2.192400000000000000e+04
3.880000000000000000e+02 2.192429999999999927e+04
3.560000000000000000e+02 2.192460000000000218e+04
3.800000000000000000e+02 2.192465000000000146e+04
3.720000000000000000e+02 2.192535000000000218e+04
3.240000000000000000e+02 2.192610000000000218e+04
3.640000000000000000e+02 2.194970000000000073e+04
3.800000000000000000e+02 2.194979999999999927e+04
3.400000000000000000e+02 2.195090000000000146e+04
3.320000000000000000e+02 2.195220000000000073e+04
3.480000000000000000e+02 2.195320000000000073e+04
3.720000000000000000e+02 2.195329999999999927e+04
3.880000000000000000e+02 2.195500000000000000e+04
3.560000000000000000e+02 2.195540000000000146e+04
3.960000000000000000e+02 2.195579999999999927e+04
3.240000000000000000e+02 2.195650000000000000e+04
3.640000000000000000e+02 2.198115000000000146e+04
3.400000000000000000e+02 2.198175000000000000e+04
3.320000000000000000e+02 2.198210000000000218e+04
3.480000000000000000e+02 2.198810000000000218e+04
3.800000000000000000e+02 2.198804999999999927e+04
3.560000000000000000e+02 2.198815000000000146e+04
3.720000000000000000e+02 2.198885000000000218e+04
3.240000000000000000e+02 2.198900000000000000e+04
3.960000000000000000e+02 2.198900000000000000e+04
3.880000000000000000e+02 2.198929999999999927e+04
3.640000000000000000e+02 2.213910000000000218e+04
3.880000000000000000e+02 2.250320000000000073e+04
3.640000000000000000e+02 2.251679999999999927e+04
3.800000000000000000e+02 2.251740000000000146e+04
3.480000000000000000e+02 2.251850000000000000e+04
3.320000000000000000e+02 2.252020000000000073e+04
3.560000000000000000e+02 2.252025000000000000e+04
3.400000000000000000e+02 2.252129999999999927e+04
3.240000000000000000e+02 2.252135000000000218e+04
3.960000000000000000e+02 2.252170000000000073e+04
3.720000000000000000e+02 2.252195000000000073e+04
3.240000000000000000e+02 2.264579999999999927e+04
3.640000000000000000e+02 2.265395000000000073e+04
3.560000000000000000e+02 2.292100000000000000e+04
3.880000000000000000e+02 2.297025000000000000e+04
3.800000000000000000e+02 2.299445000000000073e+04
3.810000000000000000e+02 3.273500000000000227e+02
3.650000000000000000e+02 5.064000000000000341e+02
3.810000000000000000e+02 5.744500000000000455e+02
3.490000000000000000e+02 6.228999999999999773e+02
3.890000000000000000e+02 1.026049999999999955e+03
3.490000000000000000e+02 1.118150000000000091e+03
3.890000000000000000e+02 1.277750000000000000e+03
3.570000000000000000e+02 1.464150000000000091e+03
3.730000000000000000e+02 1.514950000000000045e+03
3.890000000000000000e+02 1.635750000000000000e+03
3.650000000000000000e+02 1.693049999999999955e+03
3.970000000000000000e+02 1.719799999999999955e+03
3.730000000000000000e+02 1.798150000000000091e+03
3.890000000000000000e+02 1.881650000000000091e+03
3.250000000000000000e+02 1.944799999999999955e+03
3.330000000000000000e+02 2.060500000000000000e+03
3.650000000000000000e+02 2.089300000000000182e+03
3.890000000000000000e+02 2.294250000000000000e+03
3.410000000000000000e+02 2.715650000000000091e+03
3.330000000000000000e+02 3.002550000000000182e+03
3.890000000000000000e+02 3.028250000000000000e+03
3.650000000000000000e+02 3.163099999999999909e+03
3.890000000000000000e+02 4.138300000000000182e+03
3.650000000000000000e+02 6.405150000000000546e+03
3.810000000000000000e+02 6.587250000000000000e+03
3.810000000000000000e+02 8.690100000000000364e+03
3.250000000000000000e+02 1.009139999999999964e+04
3.970000000000000000e+02 1.020289999999999964e+04
3.650000000000000000e+02 1.044275000000000000e+04
3.410000000000000000e+02 1.048700000000000000e+04
3.330000000000000000e+02 1.051180000000000109e+04
3.970000000000000000e+02 1.083310000000000036e+04
3.970000000000000000e+02 1.097005000000000109e+04
3.330000000000000000e+02 1.104505000000000109e+04
3.970000000000000000e+02 1.109130000000000109e+04
3.810000000000000000e+02 1.176825000000000000e+04
3.730000000000000000e+02 1.445820000000000073e+04
3.810000000000000000e+02 1.478255000000000109e+04
3.810000000000000000e+02 1.498410000000000036e+04
3.410000000000000000e+02 1.514430000000000109e+04
3.490000000000000000e+02 1.584155000000000109e+04
3.570000000000000000e+02 1.593450000000000000e+04
3.810000000000000000e+02 1.626145000000000073e+04
3.890000000000000000e+02 1.709759999999999854e+04
3.490000000000000000e+02 1.748845000000000073e+04
3.810000000000000000e+02 1.858875000000000000e+04
3.570000000000000000e+02 1.891204999999999927e+04
3.650000000000000000e+02 1.900300000000000000e+04
3.330000000000000000e+02 1.900670000000000073e+04
3.250000000000000000e+02 1.901060000000000218e+04
3.810000000000000000e+02 1.902635000000000218e+04
3.570000000000000000e+02 1.902779999999999927e+04
3.890000000000000000e+02 1.902865000000000146e+04
3.970000000000000000e+02 1.905090000000000146e+04
3.330000000000000000e+02 1.905670000000000073e+04
3.490000000000000000e+02 1.906454999999999927e+04
3.730000000000000000e+02 1.906560000000000218e+04
3.570000000000000000e+02 1.907579999999999927e+04
3.250000000000000000e+02 1.907960000000000218e+04
3.730000000000000000e+02 1.910065000000000146e+04
3.490000000000000000e+02 1.910095000000000073e+04
3.410000000000000000e+02 1.910245000000000073e+04
3.810000000000000000e+02 1.910865000000000146e+04
3.970000000000000000e+02 1.910920000000000073e+04
3.570000000000000000e+02 1.911650000000000000e+04
3.250000000000000000e+02 1.912170000000000073e+04
3.330000000000000000e+02 1.912554999999999927e+04
3.890000000000000000e+02 1.913325000000000000e+04
3.730000000000000000e+02 1.916170000000000073e+04
3.570000000000000000e+02 1.916379999999999927e+04
3.490000000000000000e+02 1.916495000000000073e+04
3.250000000000000000e+02 1.916515000000000146e+04
3.650000000000000000e+02 1.916925000000000000e+04
3.810000000000000000e+02 1.917504999999999927e+04
3.890000000000000000e+02 1.917779999999999927e+04
3.490000000000000000e+02 1.919854999999999927e+04
3.410000000000000000e+02 1.920204999999999927e+04
3.730000000000000000e+02 1.920354999999999927e+04
3.570000000000000000e+02 1.920935000000000218e+04
3.650000000000000000e+02 1.921029999999999927e+04
3.330000000000000000e+02 1.921725000000000000e+04
3.970000000000000000e+02 1.923070000000000073e+04
3.810000000000000000e+02 1.923320000000000073e+04
3.730000000000000000e+02 1.926550000000000000e+04
3.330000000000000000e+02 1.926600000000000000e+04
3.650000000000000000e+02 1.926740000000000146e+04
3.570000000000000000e+02 1.927504999999999927e+04
3.970000000000000000e+02 1.927629999999999927e+04
3.250000000000000000e+02 1.928895000000000073e+04
3.810000000000000000e+02 1.930415000000000146e+04
3.730000000000000000e+02 1.930770000000000073e+04
3.410000000000000000e+02 1.931490000000000146e+04
3.490000000000000000e+02 1.932075000000000000e+04
3.330000000000000000e+02 1.932975000000000000e+04
3.570000000000000000e+02 1.933175000000000000e+04
3.650000000000000000e+02 1.934935000000000218e+04
3.810000000000000000e+02 1.935060000000000218e+04
3.250000000000000000e+02 1.935075000000000000e+04
3.970000000000000000e+02 1.937145000000000073e+04
3.650000000000000000e+02 1.938595000000000073e+04
3.330000000000000000e+02 1.939425000000000000e+04
3.810000000000000000e+02 1.939860000000000218e+04
3.890000000000000000e+02 1.940135000000000218e+04
3.250000000000000000e+02 1.940485000000000218e+04
3.490000000000000000e+02 1.940490000000000146e+04
3.570000000000000000e+02 1.942504999999999927e+04
3.970000000000000000e+02 1.942550000000000000e+04
3.650000000000000000e+02 1.943025000000000000e+04
3.730000000000000000e+02 1.943885000000000218e+04
3.570000000000000000e+02 1.946415000000000146e+04
3.650000000000000000e+02 1.946460000000000218e+04
3.250000000000000000e+02 1.946545000000000073e+04
3.810000000000000000e+02 1.947820000000000073e+04
3.730000000000000000e+02 1.948600000000000000e+04
3.890000000000000000e+02 1.949115000000000146e+04
3.490000000000000000e+02 1.949850000000000000e+04
3.570000000000000000e+02 1.950800000000000000e+04
3.970000000000000000e+02 1.950835000000000218e+04
3.650000000000000000e+02 1.951395000000000073e+04
3.330000000000000000e+02 1.953700000000000000e+04
3.810000000000000000e+02 1.954350000000000000e+04
3.730000000000000000e+02 1.954820000000000073e+04
3.250000000000000000e+02 1.955365000000000146e+04
3.650000000000000000e+02 1.955565000000000146e+04
3.890000000000000000e+02 1.955895000000000073e+04
3.970000000000000000e+02 1.956475000000000000e+04
3.410000000000000000e+02 1.956760000000000218e+04
3.650000000000000000e+02 1.959025000000000000e+04
3.330000000000000000e+02 1.960129999999999927e+04
3.250000000000000000e+02 1.960340000000000146e+04
3.730000000000000000e+02 1.960745000000000073e+04
3.810000000000000000e+02 1.960750000000000000e+04
3.570000000000000000e+02 1.961025000000000000e+04
3.890000000000000000e+02 1.962329999999999927e+04
3.490000000000000000e+02 1.962879999999999927e+04
3.650000000000000000e+02 1.963229999999999927e+04
3.970000000000000000e+02 1.963529999999999927e+04
3.410000000000000000e+02 1.964304999999999927e+04
3.570000000000000000e+02 1.965185000000000218e+04
3.810000000000000000e+02 1.965335000000000218e+04
3.330000000000000000e+02 1.966879999999999927e+04
3.890000000000000000e+02 1.966925000000000000e+04
3.490000000000000000e+02 1.967910000000000218e+04
3.410000000000000000e+02 1.968079999999999927e+04
3.810000000000000000e+02 1.968345000000000073e+04
3.250000000000000000e+02 1.968465000000000146e+04
3.970000000000000000e+02 1.969045000000000073e+04
3.570000000000000000e+02 1.969500000000000000e+04
3.730000000000000000e+02 1.969665000000000146e+04
3.890000000000000000e+02 1.970985000000000218e+04
3.650000000000000000e+02 1.971275000000000000e+04
3.490000000000000000e+02 1.972715000000000146e+04
3.810000000000000000e+02 1.973535000000000218e+04
3.970000000000000000e+02 1.974704999999999927e+04
3.730000000000000000e+02 1.975425000000000000e+04
3.890000000000000000e+02 1.975604999999999927e+04
3.650000000000000000e+02 1.975665000000000146e+04
3.330000000000000000e+02 1.975935000000000218e+04
3.570000000000000000e+02 1.976190000000000146e+04
3.490000000000000000e+02 1.977504999999999927e+04
3.410000000000000000e+02 1.978090000000000146e+04
3.890000000000000000e+02 1.978245000000000073e+04
3.250000000000000000e+02 1.978410000000000218e+04
3.970000000000000000e+02 1.979245000000000073e+04
3.650000000000000000e+02 1.979585000000000218e+04
3.810000000000000000e+02 1.979735000000000218e+04
3.570000000000000000e+02 1.982075000000000000e+04
3.490000000000000000e+02 1.982145000000000073e+04
3.250000000000000000e+02 1.982265000000000146e+04
3.890000000000000000e+02 1.983070000000000073e+04
3.650000000000000000e+02 1.984165000000000146e+04
3.810000000000000000e+02 1.984229999999999927e+04
3.410000000000000000e+02 1.985525000000000000e+04
3.570000000000000000e+02 1.985775000000000000e+04
3.490000000000000000e+02 1.985915000000000146e+04
3.250000000000000000e+02 1.985925000000000000e+04
3.970000000000000000e+02 1.987120000000000073e+04
3.810000000000000000e+02 1.987975000000000000e+04
3.890000000000000000e+02 1.988160000000000218e+04
3.330000000000000000e+02 1.988910000000000218e+04
3.570000000000000000e+02 1.989090000000000146e+04
3.250000000000000000e+02 1.989379999999999927e+04
3.730000000000000000e+02 1.990145000000000073e+04
3.650000000000000000e+02 1.990745000000000073e+04
3.410000000000000000e+02 1.991165000000000146e+04
3.970000000000000000e+02 1.991650000000000000e+04
3.490000000000000000e+02 1.991715000000000146e+04
3.330000000000000000e+02 1.993054999999999927e+04
3.890000000000000000e+02 1.993160000000000218e+04
3.250000000000000000e+02 1.993479999999999927e+04
3.570000000000000000e+02 1.994900000000000000e+04
3.650000000000000000e+02 1.995170000000000073e+04
3.810000000000000000e+02 1.996429999999999927e+04
3.890000000000000000e+02 1.996720000000000073e+04
3.410000000000000000e+02 1.996915000000000146e+04
3.250000000000000000e+02 1.997985000000000218e+04
3.330000000000000000e+02 1.998279999999999927e+04
3.810000000000000000e+02 1.999235000000000218e+04
3.570000000000000000e+02 2.000710000000000218e+04
3.970000000000000000e+02 2.000990000000000146e+04
3.650000000000000000e+02 2.001790000000000146e+04
3.730000000000000000e+02 2.001865000000000146e+04
3.810000000000000000e+02 2.002865000000000146e+04
3.250000000000000000e+02 2.003090000000000146e+04
3.890000000000000000e+02 2.003525000000000000e+04
3.490000000000000000e+02 2.003779999999999927e+04
3.730000000000000000e+02 2.005375000000000000e+04
3.810000000000000000e+02 2.007529999999999927e+04
3.250000000000000000e+02 2.007629999999999927e+04
3.570000000000000000e+02 2.007654999999999927e+04
3.650000000000000000e+02 2.007754999999999927e+04
3.330000000000000000e+02 2.007815000000000146e+04
3.410000000000000000e+02 2.008415000000000146e+04
3.890000000000000000e+02 2.008704999999999927e+04
3.730000000000000000e+02 2.009725000000000000e+04
3.490000000000000000e+02 2.011775000000000000e+04
3.250000000000000000e+02 2.012270000000000073e+04
3.810000000000000000e+02 2.012450000000000000e+04
3.890000000000000000e+02 2.012529999999999927e+04
3.330000000000000000e+02 2.013195000000000073e+04
3.410000000000000000e+02 2.013420000000000073e+04
3.970000000000000000e+02 2.014235000000000218e+04
3.730000000000000000e+02 2.014425000000000000e+04
3.650000000000000000e+02 2.015125000000000000e+04
3.890000000000000000e+02 2.016104999999999927e+04
3.490000000000000000e+02 2.016285000000000218e+04
3.810000000000000000e+02 2.017495000000000073e+04
3.250000000000000000e+02 2.017765000000000146e+04
3.730000000000000000e+02 2.018165000000000146e+04
3.890000000000000000e+02 2.019560000000000218e+04
3.410000000000000000e+02 2.019865000000000146e+04
3.330000000000000000e+02 2.019954999999999927e+04
3.970000000000000000e+02 2.020504999999999927e+04
3.490000000000000000e+02 2.020604999999999927e+04
3.810000000000000000e+02 2.021504999999999927e+04
3.570000000000000000e+02 2.021860000000000218e+04
3.730000000000000000e+02 2.022025000000000000e+04
3.650000000000000000e+02 2.022465000000000146e+04
3.490000000000000000e+02 2.024285000000000218e+04
3.810000000000000000e+02 2.024865000000000146e+04
3.570000000000000000e+02 2.025065000000000146e+04
3.890000000000000000e+02 2.025135000000000218e+04
3.250000000000000000e+02 2.025275000000000000e+04
3.330000000000000000e+02 2.025785000000000218e+04
3.970000000000000000e+02 2.027035000000000218e+04
3.490000000000000000e+02 2.027379999999999927e+04
3.570000000000000000e+02 2.027985000000000218e+04
3.650000000000000000e+02 2.028620000000000073e+04
3.410000000000000000e+02 2.028650000000000000e+04
3.810000000000000000e+02 2.028800000000000000e+04
3.330000000000000000e+02 2.029090000000000146e+04
3.250000000000000000e+02 2.029415000000000146e+04
3.730000000000000000e+02 2.029604999999999927e+04
3.890000000000000000e+02 2.029604999999999927e+04
3.490000000000000000e+02 2.031465000000000146e+04
3.730000000000000000e+02 2.032750000000000000e+04
3.570000000000000000e+02 2.032879999999999927e+04
3.970000000000000000e+02 2.033279999999999927e+04
3.650000000000000000e+02 2.033950000000000000e+04
3.330000000000000000e+02 2.033979999999999927e+04
3.890000000000000000e+02 2.034715000000000146e+04
3.810000000000000000e+02 2.034965000000000146e+04
3.490000000000000000e+02 2.035575000000000000e+04
3.650000000000000000e+02 2.037245000000000073e+04
3.570000000000000000e+02 2.037260000000000218e+04
3.330000000000000000e+02 2.037385000000000218e+04
3.970000000000000000e+02 2.037650000000000000e+04
3.410000000000000000e+02 2.037654999999999927e+04
3.730000000000000000e+02 2.038295000000000073e+04
3.810000000000000000e+02 2.038804999999999927e+04
3.890000000000000000e+02 2.039790000000000146e+04
3.410000000000000000e+02 2.040550000000000000e+04
3.650000000000000000e+02 2.041485000000000218e+04
3.570000000000000000e+02 2.041590000000000146e+04
3.810000000000000000e+02 2.041860000000000218e+04
3.330000000000000000e+02 2.041945000000000073e+04
3.490000000000000000e+02 2.041950000000000000e+04
3.890000000000000000e+02 2.042265000000000146e+04
3.250000000000000000e+02 2.042620000000000073e+04
3.970000000000000000e+02 2.042715000000000146e+04
3.730000000000000000e+02 2.042865000000000146e+04
3.410000000000000000e+02 2.044004999999999927e+04
3.650000000000000000e+02 2.044785000000000218e+04
3.890000000000000000e+02 2.045310000000000218e+04
3.970000000000000000e+02 2.045625000000000000e+04
3.490000000000000000e+02 2.046010000000000218e+04
3.730000000000000000e+02 2.046390000000000146e+04
3.810000000000000000e+02 2.046995000000000073e+04
3.570000000000000000e+02 2.047440000000000146e+04
3.410000000000000000e+02 2.048654999999999927e+04
3.330000000000000000e+02 2.049304999999999927e+04
3.970000000000000000e+02 2.049754999999999927e+04
3.650000000000000000e+02 2.050070000000000073e+04
3.250000000000000000e+02 2.050435000000000218e+04
3.730000000000000000e+02 2.050440000000000146e+04
3.890000000000000000e+02 2.050515000000000146e+04
3.810000000000000000e+02 2.050615000000000146e+04
3.490000000000000000e+02 2.050665000000000146e+04
3.570000000000000000e+02 2.051404999999999927e+04
3.410000000000000000e+02 2.051640000000000146e+04
3.970000000000000000e+02 2.051670000000000073e+04
3.650000000000000000e+02 2.052395000000000073e+04
3.330000000000000000e+02 2.052910000000000218e+04
3.890000000000000000e+02 2.053375000000000000e+04
3.810000000000000000e+02 2.054400000000000000e+04
3.410000000000000000e+02 2.054745000000000073e+04
3.490000000000000000e+02 2.054815000000000146e+04
3.730000000000000000e+02 2.054820000000000073e+04
3.570000000000000000e+02 2.054845000000000073e+04
3.970000000000000000e+02 2.055700000000000000e+04
3.650000000000000000e+02 2.057075000000000000e+04
3.250000000000000000e+02 2.057625000000000000e+04
3.330000000000000000e+02 2.057645000000000073e+04
3.570000000000000000e+02 2.057935000000000218e+04
3.410000000000000000e+02 2.057985000000000218e+04
3.890000000000000000e+02 2.058170000000000073e+04
3.730000000000000000e+02 2.058320000000000073e+04
3.810000000000000000e+02 2.058354999999999927e+04
3.650000000000000000e+02 2.060015000000000146e+04
3.330000000000000000e+02 2.060400000000000000e+04
3.410000000000000000e+02 2.060904999999999927e+04
3.490000000000000000e+02 2.061175000000000000e+04
3.570000000000000000e+02 2.061370000000000073e+04
3.890000000000000000e+02 2.061565000000000146e+04
3.250000000000000000e+02 2.061775000000000000e+04
3.970000000000000000e+02 2.061820000000000073e+04
3.810000000000000000e+02 2.061979999999999927e+04
3.730000000000000000e+02 2.062215000000000146e+04
3.650000000000000000e+02 2.063204999999999927e+04
3.890000000000000000e+02 2.064770000000000073e+04
3.490000000000000000e+02 2.064795000000000073e+04
3.330000000000000000e+02 2.065075000000000000e+04
3.250000000000000000e+02 2.065620000000000073e+04
3.410000000000000000e+02 2.065715000000000146e+04
3.970000000000000000e+02 2.065820000000000073e+04
3.570000000000000000e+02 2.065865000000000146e+04
3.810000000000000000e+02 2.066020000000000073e+04
3.730000000000000000e+02 2.066620000000000073e+04
3.650000000000000000e+02 2.068565000000000146e+04
3.330000000000000000e+02 2.068810000000000218e+04
3.890000000000000000e+02 2.068900000000000000e+04
3.970000000000000000e+02 2.069120000000000073e+04
3.810000000000000000e+02 2.069515000000000146e+04
3.490000000000000000e+02 2.069645000000000073e+04
3.250000000000000000e+02 2.069700000000000000e+04
3.410000000000000000e+02 2.069750000000000000e+04
3.730000000000000000e+02 2.069800000000000000e+04
3.570000000000000000e+02 2.069995000000000073e+04
3.650000000000000000e+02 2.072620000000000073e+04
3.890000000000000000e+02 2.072940000000000146e+04
3.810000000000000000e+02 2.073145000000000073e+04
3.570000000000000000e+02 2.073165000000000146e+04
3.490000000000000000e+02 2.073179999999999927e+04
3.330000000000000000e+02 2.073235000000000218e+04
3.410000000000000000e+02 2.073250000000000000e+04
3.970000000000000000e+02 2.073610000000000218e+04
3.250000000000000000e+02 2.073804999999999927e+04
3.730000000000000000e+02 2.073965000000000146e+04
3.330000000000000000e+02 2.076340000000000146e+04
3.650000000000000000e+02 2.076560000000000218e+04
3.570000000000000000e+02 2.076590000000000146e+04
3.410000000000000000e+02 2.076715000000000146e+04
3.970000000000000000e+02 2.076995000000000073e+04
3.810000000000000000e+02 2.077100000000000000e+04
3.490000000000000000e+02 2.077185000000000218e+04
3.250000000000000000e+02 2.077454999999999927e+04
3.730000000000000000e+02 2.077835000000000218e+04
3.570000000000000000e+02 2.079265000000000146e+04
3.410000000000000000e+02 2.080570000000000073e+04
3.650000000000000000e+02 2.080654999999999927e+04
3.890000000000000000e+02 2.080740000000000146e+04
3.810000000000000000e+02 2.080875000000000000e+04
3.330000000000000000e+02 2.080900000000000000e+04
3.250000000000000000e+02 2.080920000000000073e+04
3.970000000000000000e+02 2.081015000000000146e+04
3.490000000000000000e+02 2.081070000000000073e+04
3.730000000000000000e+02 2.081120000000000073e+04
3.570000000000000000e+02 2.081479999999999927e+04
3.890000000000000000e+02 2.084054999999999927e+04
3.650000000000000000e+02 2.084690000000000146e+04
3.250000000000000000e+02 2.084700000000000000e+04
3.730000000000000000e+02 2.084695000000000073e+04
3.970000000000000000e+02 2.084695000000000073e+04
3.330000000000000000e+02 2.084845000000000073e+04
3.410000000000000000e+02 2.084990000000000146e+04
3.570000000000000000e+02 2.085054999999999927e+04
3.810000000000000000e+02 2.085075000000000000e+04
3.490000000000000000e+02 2.085235000000000218e+04
3.890000000000000000e+02 2.087295000000000073e+04
3.730000000000000000e+02 2.088079999999999927e+04
3.410000000000000000e+02 2.088090000000000146e+04
3.810000000000000000e+02 2.088300000000000000e+04
3.970000000000000000e+02 2.088350000000000000e+04
3.250000000000000000e+02 2.088390000000000146e+04
3.650000000000000000e+02 2.088385000000000218e+04
3.330000000000000000e+02 2.088535000000000218e+04
3.490000000000000000e+02 2.089035000000000218e+04
3.570000000000000000e+02 2.089125000000000000e+04
3.730000000000000000e+02 2.090560000000000218e+04
3.970000000000000000e+02 2.091479999999999927e+04
3.410000000000000000e+02 2.091575000000000000e+04
3.650000000000000000e+02 2.091685000000000218e+04
3.890000000000000000e+02 2.091710000000000218e+04
3.570000000000000000e+02 2.091770000000000073e+04
3.810000000000000000e+02 2.091820000000000073e+04
3.330000000000000000e+02 2.091904999999999927e+04
3.250000000000000000e+02 2.092004999999999927e+04
3.490000000000000000e+02 2.092300000000000000e+04
3.730000000000000000e+02 2.093770000000000073e+04
3.570000000000000000e+02 2.095000000000000000e+04
3.650000000000000000e+02 2.095060000000000218e+04
3.490000000000000000e+02 2.095100000000000000e+04
3.250000000000000000e+02 2.095165000000000146e+04
3.810000000000000000e+02 2.095195000000000073e+04
3.970000000000000000e+02 2.095485000000000218e+04
3.330000000000000000e+02 2.095540000000000146e+04
3.410000000000000000e+02 2.095865000000000146e+04
3.730000000000000000e+02 2.098000000000000000e+04
3.570000000000000000e+02 2.098229999999999927e+04
3.250000000000000000e+02 2.098495000000000073e+04
3.650000000000000000e+02 2.098595000000000073e+04
3.890000000000000000e+02 2.098629999999999927e+04
3.330000000000000000e+02 2.098775000000000000e+04
3.810000000000000000e+02 2.098860000000000218e+04
3.410000000000000000e+02 2.098865000000000146e+04
3.970000000000000000e+02 2.098960000000000218e+04
3.490000000000000000e+02 2.099040000000000146e+04
3.730000000000000000e+02 2.101820000000000073e+04
3.570000000000000000e+02 2.101875000000000000e+04
3.490000000000000000e+02 2.102060000000000218e+04
3.330000000000000000e+02 2.102115000000000146e+04
3.970000000000000000e+02 2.102185000000000218e+04
3.890000000000000000e+02 2.102210000000000218e+04
3.250000000000000000e+02 2.102229999999999927e+04
3.810000000000000000e+02 2.102235000000000218e+04
3.410000000000000000e+02 2.102365000000000146e+04
3.650000000000000000e+02 2.102429999999999927e+04
3.490000000000000000e+02 2.104620000000000073e+04
3.890000000000000000e+02 2.105170000000000073e+04
3.730000000000000000e+02 2.105640000000000146e+04
3.410000000000000000e+02 2.105735000000000218e+04
3.650000000000000000e+02 2.105800000000000000e+04
3.250000000000000000e+02 2.105870000000000073e+04
3.570000000000000000e+02 2.105915000000000146e+04
3.810000000000000000e+02 2.105920000000000073e+04
3.330000000000000000e+02 2.105935000000000218e+04
3.970000000000000000e+02 2.105975000000000000e+04
3.490000000000000000e+02 2.108810000000000218e+04
3.890000000000000000e+02 2.108920000000000073e+04
3.970000000000000000e+02 2.108970000000000073e+04
3.650000000000000000e+02 2.109054999999999927e+04
3.810000000000000000e+02 2.109075000000000000e+04
3.570000000000000000e+02 2.109135000000000218e+04
3.410000000000000000e+02 2.109165000000000146e+04
3.330000000000000000e+02 2.109200000000000000e+04
3.730000000000000000e+02 2.109225000000000000e+04
3.250000000000000000e+02 2.109325000000000000e+04
3.890000000000000000e+02 2.111865000000000146e+04
3.410000000000000000e+02 2.112090000000000146e+04
3.490000000000000000e+02 2.112195000000000073e+04
3.650000000000000000e+02 2.112385000000000218e+04
3.730000000000000000e+02 2.112450000000000000e+04
3.250000000000000000e+02 2.112520000000000073e+04
3.330000000000000000e+02 2.112540000000000146e+04
3.970000000000000000e+02 2.112535000000000218e+04
3.570000000000000000e+02 2.112610000000000218e+04
3.810000000000000000e+02 2.112645000000000073e+04
3.650000000000000000e+02 2.115890000000000146e+04
3.570000000000000000e+02 2.115970000000000073e+04
3.890000000000000000e+02 2.116085000000000218e+04
3.330000000000000000e+02 2.116225000000000000e+04
3.250000000000000000e+02 2.116285000000000218e+04
3.410000000000000000e+02 2.116304999999999927e+04
3.970000000000000000e+02 2.116315000000000146e+04
3.730000000000000000e+02 2.116335000000000218e+04
3.490000000000000000e+02 2.116345000000000073e+04
3.810000000000000000e+02 2.116370000000000073e+04
3.570000000000000000e+02 2.119195000000000073e+04
3.650000000000000000e+02 2.119285000000000218e+04
3.810000000000000000e+02 2.119370000000000073e+04
3.730000000000000000e+02 2.119450000000000000e+04
3.330000000000000000e+02 2.119529999999999927e+04
3.890000000000000000e+02 2.119600000000000000e+04
3.490000000000000000e+02 2.119645000000000073e+04
3.250000000000000000e+02 2.119670000000000073e+04
3.970000000000000000e+02 2.119720000000000073e+04
3.410000000000000000e+02 2.119729999999999927e+04
3.650000000000000000e+02 2.122585000000000218e+04
3.730000000000000000e+02 2.122735000000000218e+04
3.330000000000000000e+02 2.122775000000000000e+04
3.810000000000000000e+02 2.122804999999999927e+04
3.490000000000000000e+02 2.122925000000000000e+04
3.890000000000000000e+02 2.122935000000000218e+04
3.570000000000000000e+02 2.122945000000000073e+04
3.250000000000000000e+02 2.123015000000000146e+04
3.410000000000000000e+02 2.123079999999999927e+04
3.970000000000000000e+02 2.123115000000000146e+04
3.410000000000000000e+02 2.125954999999999927e+04
3.250000000000000000e+02 2.126065000000000146e+04
3.490000000000000000e+02 2.126210000000000218e+04
3.650000000000000000e+02 2.126204999999999927e+04
3.810000000000000000e+02 2.126210000000000218e+04
3.730000000000000000e+02 2.126225000000000000e+04
3.890000000000000000e+02 2.126260000000000218e+04
3.330000000000000000e+02 2.126285000000000218e+04
3.970000000000000000e+02 2.126290000000000146e+04
3.570000000000000000e+02 2.126315000000000146e+04
3.410000000000000000e+02 2.128990000000000146e+04
3.730000000000000000e+02 2.129335000000000218e+04
3.570000000000000000e+02 2.129550000000000000e+04
3.970000000000000000e+02 2.129554999999999927e+04
3.650000000000000000e+02 2.129595000000000073e+04
3.490000000000000000e+02 2.129650000000000000e+04
3.330000000000000000e+02 2.129670000000000073e+04
3.890000000000000000e+02 2.129715000000000146e+04
3.810000000000000000e+02 2.129829999999999927e+04
3.250000000000000000e+02 2.129845000000000073e+04
3.970000000000000000e+02 2.131985000000000218e+04
3.410000000000000000e+02 2.132529999999999927e+04
3.730000000000000000e+02 2.132604999999999927e+04
3.890000000000000000e+02 2.132604999999999927e+04
3.570000000000000000e+02 2.132629999999999927e+04
3.650000000000000000e+02 2.132654999999999927e+04
3.810000000000000000e+02 2.132735000000000218e+04
3.250000000000000000e+02 2.132800000000000000e+04
3.490000000000000000e+02 2.132800000000000000e+04
3.330000000000000000e+02 2.132829999999999927e+04
3.890000000000000000e+02 2.135545000000000073e+04
3.410000000000000000e+02 2.135560000000000218e+04
3.490000000000000000e+02 2.135685000000000218e+04
3.650000000000000000e+02 2.135695000000000073e+04
3.250000000000000000e+02 2.135729999999999927e+04
3.330000000000000000e+02 2.135915000000000146e+04
3.810000000000000000e+02 2.135950000000000000e+04
3.570000000000000000e+02 2.135985000000000218e+04
3.730000000000000000e+02 2.136000000000000000e+04
3.970000000000000000e+02 2.136025000000000000e+04
3.410000000000000000e+02 2.137920000000000073e+04
3.490000000000000000e+02 2.137929999999999927e+04
3.890000000000000000e+02 2.138225000000000000e+04
3.250000000000000000e+02 2.138850000000000000e+04
3.330000000000000000e+02 2.139015000000000146e+04
3.650000000000000000e+02 2.139085000000000218e+04
3.730000000000000000e+02 2.139145000000000073e+04
3.970000000000000000e+02 2.139229999999999927e+04
3.570000000000000000e+02 2.139250000000000000e+04
3.810000000000000000e+02 2.139325000000000000e+04
3.490000000000000000e+02 2.140520000000000073e+04
3.410000000000000000e+02 2.140620000000000073e+04
3.890000000000000000e+02 2.142075000000000000e+04
3.250000000000000000e+02 2.142300000000000000e+04
3.330000000000000000e+02 2.142335000000000218e+04
3.570000000000000000e+02 2.142375000000000000e+04
3.650000000000000000e+02 2.142490000000000146e+04
3.970000000000000000e+02 2.142504999999999927e+04
3.810000000000000000e+02 2.142600000000000000e+04
3.490000000000000000e+02 2.142654999999999927e+04
3.730000000000000000e+02 2.142670000000000073e+04
3.410000000000000000e+02 2.142895000000000073e+04
3.490000000000000000e+02 2.145720000000000073e+04
3.250000000000000000e+02 2.145750000000000000e+04
3.890000000000000000e+02 2.145825000000000000e+04
3.330000000000000000e+02 2.145840000000000146e+04
3.810000000000000000e+02 2.145854999999999927e+04
3.970000000000000000e+02 2.145854999999999927e+04
3.410000000000000000e+02 2.145935000000000218e+04
3.570000000000000000e+02 2.145945000000000073e+04
3.650000000000000000e+02 2.145960000000000218e+04
3.730000000000000000e+02 2.146015000000000146e+04
3.410000000000000000e+02 2.148310000000000218e+04
3.570000000000000000e+02 2.148395000000000073e+04
3.250000000000000000e+02 2.148500000000000000e+04
3.890000000000000000e+02 2.148750000000000000e+04
3.810000000000000000e+02 2.148945000000000073e+04
3.330000000000000000e+02 2.148985000000000218e+04
3.490000000000000000e+02 2.149035000000000218e+04
3.730000000000000000e+02 2.149070000000000073e+04
3.970000000000000000e+02 2.149085000000000218e+04
3.650000000000000000e+02 2.149100000000000000e+04
3.410000000000000000e+02 2.149885000000000218e+04
3.890000000000000000e+02 2.151315000000000146e+04
3.570000000000000000e+02 2.151685000000000218e+04
3.970000000000000000e+02 2.151754999999999927e+04
3.650000000000000000e+02 2.152025000000000000e+04
3.730000000000000000e+02 2.152054999999999927e+04
3.810000000000000000e+02 2.152090000000000146e+04
3.250000000000000000e+02 2.152170000000000073e+04
3.490000000000000000e+02 2.152170000000000073e+04
3.330000000000000000e+02 2.152225000000000000e+04
3.410000000000000000e+02 2.152335000000000218e+04
3.570000000000000000e+02 2.154595000000000073e+04
3.890000000000000000e+02 2.154990000000000146e+04
3.810000000000000000e+02 2.155085000000000218e+04
3.410000000000000000e+02 2.155125000000000000e+04
3.490000000000000000e+02 2.155265000000000146e+04
3.970000000000000000e+02 2.155329999999999927e+04
3.330000000000000000e+02 2.155450000000000000e+04
3.250000000000000000e+02 2.155454999999999927e+04
3.650000000000000000e+02 2.155485000000000218e+04
3.730000000000000000e+02 2.155515000000000146e+04
3.810000000000000000e+02 2.157485000000000218e+04
3.970000000000000000e+02 2.158429999999999927e+04
3.650000000000000000e+02 2.158635000000000218e+04
3.250000000000000000e+02 2.158670000000000073e+04
3.410000000000000000e+02 2.158695000000000073e+04
3.330000000000000000e+02 2.158729999999999927e+04
3.570000000000000000e+02 2.158765000000000146e+04
3.730000000000000000e+02 2.158810000000000218e+04
3.490000000000000000e+02 2.158860000000000218e+04
3.890000000000000000e+02 2.158990000000000146e+04
3.970000000000000000e+02 2.161050000000000000e+04
3.810000000000000000e+02 2.161354999999999927e+04
3.490000000000000000e+02 2.161510000000000218e+04
3.250000000000000000e+02 2.161685000000000218e+04
3.570000000000000000e+02 2.161754999999999927e+04
3.890000000000000000e+02 2.161865000000000146e+04
3.410000000000000000e+02 2.161925000000000000e+04
3.650000000000000000e+02 2.161940000000000146e+04
3.730000000000000000e+02 2.161940000000000146e+04
3.330000000000000000e+02 2.161960000000000218e+04
3.810000000000000000e+02 2.163865000000000146e+04
3.970000000000000000e+02 2.164579999999999927e+04
3.330000000000000000e+02 2.164675000000000000e+04
3.410000000000000000e+02 2.164740000000000146e+04
3.490000000000000000e+02 2.164845000000000073e+04
3.570000000000000000e+02 2.164904999999999927e+04
3.250000000000000000e+02 2.164940000000000146e+04
3.890000000000000000e+02 2.164950000000000000e+04
3.650000000000000000e+02 2.164979999999999927e+04
3.730000000000000000e+02 2.164995000000000073e+04
3.410000000000000000e+02 2.167465000000000146e+04
3.810000000000000000e+02 2.167575000000000000e+04
3.250000000000000000e+02 2.167600000000000000e+04
3.330000000000000000e+02 2.167615000000000146e+04
3.570000000000000000e+02 2.167795000000000073e+04
3.970000000000000000e+02 2.167815000000000146e+04
3.890000000000000000e+02 2.167840000000000146e+04
3.490000000000000000e+02 2.167845000000000073e+04
3.730000000000000000e+02 2.167879999999999927e+04
3.650000000000000000e+02 2.167935000000000218e+04
3.250000000000000000e+02 2.169770000000000073e+04
3.410000000000000000e+02 2.169920000000000073e+04
3.890000000000000000e+02 2.170340000000000146e+04
3.570000000000000000e+02 2.170485000000000218e+04
3.810000000000000000e+02 2.170610000000000218e+04
3.970000000000000000e+02 2.170604999999999927e+04
3.490000000000000000e+02 2.170635000000000218e+04
3.650000000000000000e+02 2.170665000000000146e+04
3.330000000000000000e+02 2.170720000000000073e+04
3.730000000000000000e+02 2.170725000000000000e+04
3.250000000000000000e+02 2.171304999999999927e+04
3.410000000000000000e+02 2.171475000000000000e+04
3.490000000000000000e+02 2.173090000000000146e+04
3.890000000000000000e+02 2.173175000000000000e+04
3.730000000000000000e+02 2.173754999999999927e+04
3.330000000000000000e+02 2.173779999999999927e+04
3.970000000000000000e+02 2.173875000000000000e+04
3.410000000000000000e+02 2.173910000000000218e+04
3.650000000000000000e+02 2.173910000000000218e+04
3.570000000000000000e+02 2.173929999999999927e+04
3.810000000000000000e+02 2.173965000000000146e+04
3.250000000000000000e+02 2.174015000000000146e+04
3.650000000000000000e+02 2.176950000000000000e+04
3.250000000000000000e+02 2.176975000000000000e+04
3.330000000000000000e+02 2.177115000000000146e+04
3.730000000000000000e+02 2.177170000000000073e+04
3.570000000000000000e+02 2.177240000000000146e+04
3.970000000000000000e+02 2.177245000000000073e+04
3.410000000000000000e+02 2.177260000000000218e+04
3.490000000000000000e+02 2.177354999999999927e+04
3.810000000000000000e+02 2.177354999999999927e+04
3.890000000000000000e+02 2.177395000000000073e+04
3.250000000000000000e+02 2.180060000000000218e+04
3.570000000000000000e+02 2.180175000000000000e+04
3.330000000000000000e+02 2.180215000000000146e+04
3.810000000000000000e+02 2.180329999999999927e+04
3.650000000000000000e+02 2.180360000000000218e+04
3.490000000000000000e+02 2.180365000000000146e+04
3.970000000000000000e+02 2.180375000000000000e+04
3.730000000000000000e+02 2.180429999999999927e+04
3.410000000000000000e+02 2.180440000000000146e+04
3.890000000000000000e+02 2.180450000000000000e+04
3.810000000000000000e+02 2.183170000000000073e+04
3.490000000000000000e+02 2.183315000000000146e+04
3.330000000000000000e+02 2.183400000000000000e+04
3.650000000000000000e+02 2.183465000000000146e+04
3.730000000000000000e+02 2.183529999999999927e+04
3.250000000000000000e+02 2.183540000000000146e+04
3.570000000000000000e+02 2.183560000000000218e+04
3.410000000000000000e+02 2.183610000000000218e+04
3.890000000000000000e+02 2.183604999999999927e+04
3.970000000000000000e+02 2.183645000000000073e+04
3.810000000000000000e+02 2.186125000000000000e+04
3.730000000000000000e+02 2.186279999999999927e+04
3.890000000000000000e+02 2.186370000000000073e+04
3.410000000000000000e+02 2.186425000000000000e+04
3.250000000000000000e+02 2.186515000000000146e+04
3.330000000000000000e+02 2.186615000000000146e+04
3.570000000000000000e+02 2.186615000000000146e+04
3.650000000000000000e+02 2.186615000000000146e+04
3.490000000000000000e+02 2.186675000000000000e+04
3.970000000000000000e+02 2.186710000000000218e+04
3.410000000000000000e+02 2.189075000000000000e+04
3.810000000000000000e+02 2.189254999999999927e+04
3.730000000000000000e+02 2.189295000000000073e+04
3.250000000000000000e+02 2.189315000000000146e+04
3.570000000000000000e+02 2.189315000000000146e+04
3.650000000000000000e+02 2.189329999999999927e+04
3.330000000000000000e+02 2.189440000000000146e+04
3.890000000000000000e+02 2.189450000000000000e+04
3.970000000000000000e+02 2.189485000000000218e+04
3.490000000000000000e+02 2.189520000000000073e+04
3.970000000000000000e+02 2.192070000000000073e+04
3.410000000000000000e+02 2.192410000000000218e+04
3.730000000000000000e+02 2.192425000000000000e+04
3.490000000000000000e+02 2.192445000000000073e+04
3.570000000000000000e+02 2.192470000000000073e+04
3.650000000000000000e+02 2.192525000000000000e+04
3.810000000000000000e+02 2.192540000000000146e+04
3.890000000000000000e+02 2.192540000000000146e+04
3.330000000000000000e+02 2.192554999999999927e+04
3.250000000000000000e+02 2.192595000000000073e+04
3.970000000000000000e+02 2.194740000000000146e+04
3.490000000000000000e+02 2.195250000000000000e+04
3.730000000000000000e+02 2.195410000000000218e+04
3.410000000000000000e+02 2.195435000000000218e+04
3.890000000000000000e+02 2.195515000000000146e+04
3.570000000000000000e+02 2.195529999999999927e+04
3.650000000000000000e+02 2.195570000000000073e+04
3.330000000000000000e+02 2.195585000000000218e+04
3.810000000000000000e+02 2.195595000000000073e+04
3.250000000000000000e+02 2.195610000000000218e+04
3.970000000000000000e+02 2.196090000000000146e+04
3.330000000000000000e+02 2.198740000000000146e+04
3.570000000000000000e+02 2.198735000000000218e+04
3.410000000000000000e+02 2.198765000000000146e+04
3.650000000000000000e+02 2.198765000000000146e+04
3.810000000000000000e+02 2.198815000000000146e+04
3.490000000000000000e+02 2.198879999999999927e+04
3.970000000000000000e+02 2.198875000000000000e+04
3.730000000000000000e+02 2.198929999999999927e+04
3.250000000000000000e+02 2.198975000000000000e+04
3.890000000000000000e+02 2.198975000000000000e+04
3.250000000000000000e+02 2.212829999999999927e+04
3.810000000000000000e+02 2.214829999999999927e+04
3.570000000000000000e+02 2.217275000000000000e+04
3.970000000000000000e+02 2.243500000000000000e+04
3.410000000000000000e+02 2.247410000000000218e+04
3.490000000000000000e+02 2.251690000000000146e+04
3.810000000000000000e+02 2.251904999999999927e+04
3.250000000000000000e+02 2.252095000000000073e+04
3.330000000000000000e+02 2.252140000000000146e+04
3.650000000000000000e+02 2.252135000000000218e+04
3.570000000000000000e+02 2.252150000000000000e+04
3.410000000000000000e+02 2.252185000000000218e+04
3.970000000000000000e+02 2.252195000000000073e+04
3.890000000000000000e+02 2.252210000000000218e+04
3.730000000000000000e+02 2.252254999999999927e+04
3.970000000000000000e+02 2.263715000000000146e+04
3.490000000000000000e+02 2.264004999999999927e+04
3.730000000000000000e+02 2.264725000000000000e+04
3.650000000000000000e+02 2.264935000000000218e+04
3.730000000000000000e+02 2.273165000000000146e+04
3.490000000000000000e+02 2.273325000000000000e+04
3.570000000000000000e+02 2.288910000000000218e+04
3.650000000000000000e+02 2.297629999999999927e+04
3.900000000000000000e+02 5.357999999999999545e+02
3.820000000000000000e+02 7.539500000000000455e+02
3.260000000000000000e+02 9.948500000000000227e+02
3.900000000000000000e+02 1.013250000000000000e+03
3.900000000000000000e+02 1.127799999999999955e+03
3.260000000000000000e+02 2.186400000000000091e+03
3.340000000000000000e+02 2.386349999999999909e+03
3.580000000000000000e+02 2.735849999999999909e+03
3.900000000000000000e+02 2.772849999999999909e+03
3.260000000000000000e+02 3.186550000000000182e+03
3.900000000000000000e+02 3.899500000000000000e+03
3.740000000000000000e+02 4.331300000000000182e+03
3.660000000000000000e+02 6.116199999999999818e+03
3.580000000000000000e+02 6.144900000000000546e+03
3.740000000000000000e+02 6.272000000000000000e+03
3.660000000000000000e+02 6.897800000000000182e+03
3.260000000000000000e+02 7.499949999999999818e+03
3.420000000000000000e+02 8.207549999999999272e+03
3.740000000000000000e+02 8.345600000000000364e+03
3.260000000000000000e+02 1.011695000000000073e+04
3.420000000000000000e+02 1.068510000000000036e+04
3.740000000000000000e+02 1.094470000000000073e+04
3.420000000000000000e+02 1.144505000000000109e+04
3.900000000000000000e+02 1.160580000000000109e+04
3.420000000000000000e+02 1.403489999999999964e+04
3.740000000000000000e+02 1.422820000000000073e+04
3.260000000000000000e+02 1.425735000000000036e+04
3.420000000000000000e+02 1.459585000000000036e+04
3.900000000000000000e+02 1.475910000000000036e+04
3.500000000000000000e+02 1.535975000000000000e+04
3.420000000000000000e+02 1.564655000000000109e+04
3.340000000000000000e+02 1.656700000000000000e+04
3.340000000000000000e+02 1.696509999999999854e+04
3.660000000000000000e+02 1.767250000000000000e+04
3.980000000000000000e+02 1.815840000000000146e+04
3.660000000000000000e+02 1.858145000000000073e+04
3.980000000000000000e+02 1.900804999999999927e+04
3.500000000000000000e+02 1.901300000000000000e+04
3.260000000000000000e+02 1.901710000000000218e+04
3.900000000000000000e+02 1.902860000000000218e+04
3.340000000000000000e+02 1.903795000000000073e+04
3.580000000000000000e+02 1.904500000000000000e+04
3.820000000000000000e+02 1.905070000000000073e+04
3.740000000000000000e+02 1.905979999999999927e+04
3.500000000000000000e+02 1.906520000000000073e+04
3.900000000000000000e+02 1.907070000000000073e+04
3.420000000000000000e+02 1.908575000000000000e+04
3.260000000000000000e+02 1.908585000000000218e+04
3.980000000000000000e+02 1.908845000000000073e+04
3.580000000000000000e+02 1.910470000000000073e+04
3.820000000000000000e+02 1.912854999999999927e+04
3.740000000000000000e+02 1.913020000000000073e+04
3.420000000000000000e+02 1.913704999999999927e+04
3.660000000000000000e+02 1.914029999999999927e+04
3.260000000000000000e+02 1.914054999999999927e+04
3.500000000000000000e+02 1.914865000000000146e+04
3.900000000000000000e+02 1.915104999999999927e+04
3.740000000000000000e+02 1.916329999999999927e+04
3.820000000000000000e+02 1.917190000000000146e+04
3.580000000000000000e+02 1.917290000000000146e+04
3.260000000000000000e+02 1.917820000000000073e+04
3.340000000000000000e+02 1.918075000000000000e+04
3.980000000000000000e+02 1.919015000000000146e+04
3.420000000000000000e+02 1.919975000000000000e+04
3.660000000000000000e+02 1.922040000000000146e+04
3.820000000000000000e+02 1.922220000000000073e+04
3.500000000000000000e+02 1.922300000000000000e+04
3.740000000000000000e+02 1.922375000000000000e+04
3.340000000000000000e+02 1.922510000000000218e+04
3.900000000000000000e+02 1.923545000000000073e+04
3.580000000000000000e+02 1.924425000000000000e+04
3.980000000000000000e+02 1.925425000000000000e+04
3.740000000000000000e+02 1.926695000000000073e+04
3.820000000000000000e+02 1.927860000000000218e+04
3.420000000000000000e+02 1.928085000000000218e+04
3.900000000000000000e+02 1.928235000000000218e+04
3.580000000000000000e+02 1.928990000000000146e+04
3.340000000000000000e+02 1.931050000000000000e+04
3.420000000000000000e+02 1.931375000000000000e+04
3.900000000000000000e+02 1.931504999999999927e+04
3.660000000000000000e+02 1.931750000000000000e+04
3.740000000000000000e+02 1.931960000000000218e+04
3.580000000000000000e+02 1.932735000000000218e+04
3.980000000000000000e+02 1.934700000000000000e+04
3.660000000000000000e+02 1.934715000000000146e+04
3.820000000000000000e+02 1.934740000000000146e+04
3.900000000000000000e+02 1.935150000000000000e+04
3.500000000000000000e+02 1.935860000000000218e+04
3.260000000000000000e+02 1.936360000000000218e+04
3.420000000000000000e+02 1.936515000000000146e+04
3.580000000000000000e+02 1.937145000000000073e+04
3.740000000000000000e+02 1.937715000000000146e+04
3.660000000000000000e+02 1.939485000000000218e+04
3.820000000000000000e+02 1.940945000000000073e+04
3.900000000000000000e+02 1.941704999999999927e+04
3.740000000000000000e+02 1.942160000000000218e+04
3.980000000000000000e+02 1.943500000000000000e+04
3.420000000000000000e+02 1.943525000000000000e+04
3.660000000000000000e+02 1.944579999999999927e+04
3.580000000000000000e+02 1.944854999999999927e+04
3.260000000000000000e+02 1.945825000000000000e+04
3.980000000000000000e+02 1.946554999999999927e+04
3.420000000000000000e+02 1.947825000000000000e+04
3.820000000000000000e+02 1.947945000000000073e+04
3.580000000000000000e+02 1.948145000000000073e+04
3.660000000000000000e+02 1.948370000000000073e+04
3.340000000000000000e+02 1.948650000000000000e+04
3.740000000000000000e+02 1.949170000000000073e+04
3.900000000000000000e+02 1.950295000000000073e+04
3.260000000000000000e+02 1.950329999999999927e+04
3.980000000000000000e+02 1.952000000000000000e+04
3.820000000000000000e+02 1.953400000000000000e+04
3.580000000000000000e+02 1.954110000000000218e+04
3.660000000000000000e+02 1.954125000000000000e+04
3.260000000000000000e+02 1.954420000000000073e+04
3.340000000000000000e+02 1.954440000000000146e+04
3.740000000000000000e+02 1.954740000000000146e+04
3.900000000000000000e+02 1.955025000000000000e+04
3.420000000000000000e+02 1.955229999999999927e+04
3.980000000000000000e+02 1.955840000000000146e+04
3.500000000000000000e+02 1.956810000000000218e+04
3.740000000000000000e+02 1.957540000000000146e+04
3.340000000000000000e+02 1.958900000000000000e+04
3.660000000000000000e+02 1.958965000000000146e+04
3.580000000000000000e+02 1.959650000000000000e+04
3.980000000000000000e+02 1.959920000000000073e+04
3.420000000000000000e+02 1.960365000000000146e+04
3.820000000000000000e+02 1.960670000000000073e+04
3.260000000000000000e+02 1.960779999999999927e+04
3.740000000000000000e+02 1.961535000000000218e+04
3.580000000000000000e+02 1.962845000000000073e+04
3.500000000000000000e+02 1.964065000000000146e+04
3.420000000000000000e+02 1.964365000000000146e+04
3.900000000000000000e+02 1.965365000000000146e+04
3.740000000000000000e+02 1.965525000000000000e+04
3.980000000000000000e+02 1.966540000000000146e+04
3.660000000000000000e+02 1.966640000000000146e+04
3.260000000000000000e+02 1.967915000000000146e+04
3.340000000000000000e+02 1.968660000000000218e+04
3.420000000000000000e+02 1.968765000000000146e+04
3.580000000000000000e+02 1.970695000000000073e+04
3.500000000000000000e+02 1.971100000000000000e+04
3.340000000000000000e+02 1.972260000000000218e+04
3.820000000000000000e+02 1.972390000000000146e+04
3.420000000000000000e+02 1.972829999999999927e+04
3.900000000000000000e+02 1.973665000000000146e+04
3.740000000000000000e+02 1.973704999999999927e+04
3.980000000000000000e+02 1.973750000000000000e+04
3.500000000000000000e+02 1.975295000000000073e+04
3.660000000000000000e+02 1.975660000000000218e+04
3.740000000000000000e+02 1.977050000000000000e+04
3.580000000000000000e+02 1.977110000000000218e+04
3.340000000000000000e+02 1.977225000000000000e+04
3.420000000000000000e+02 1.977945000000000073e+04
3.260000000000000000e+02 1.979075000000000000e+04
3.900000000000000000e+02 1.979285000000000218e+04
3.500000000000000000e+02 1.980895000000000073e+04
3.580000000000000000e+02 1.981590000000000146e+04
3.340000000000000000e+02 1.981750000000000000e+04
3.980000000000000000e+02 1.982004999999999927e+04
3.740000000000000000e+02 1.983045000000000073e+04
3.820000000000000000e+02 1.983175000000000000e+04
3.900000000000000000e+02 1.983715000000000146e+04
3.420000000000000000e+02 1.984150000000000000e+04
3.660000000000000000e+02 1.984490000000000146e+04
3.260000000000000000e+02 1.985465000000000146e+04
3.500000000000000000e+02 1.986500000000000000e+04
3.340000000000000000e+02 1.986815000000000146e+04
3.580000000000000000e+02 1.987729999999999927e+04
3.740000000000000000e+02 1.988615000000000146e+04
3.420000000000000000e+02 1.988935000000000218e+04
3.900000000000000000e+02 1.988945000000000073e+04
3.820000000000000000e+02 1.990810000000000218e+04
3.340000000000000000e+02 1.990979999999999927e+04
3.740000000000000000e+02 1.991500000000000000e+04
3.900000000000000000e+02 1.992545000000000073e+04
3.580000000000000000e+02 1.992760000000000218e+04
3.660000000000000000e+02 1.994165000000000146e+04
3.980000000000000000e+02 1.994595000000000073e+04
3.260000000000000000e+02 1.994629999999999927e+04
3.420000000000000000e+02 1.994645000000000073e+04
3.740000000000000000e+02 1.994645000000000073e+04
3.500000000000000000e+02 1.994890000000000146e+04
3.900000000000000000e+02 1.995879999999999927e+04
3.820000000000000000e+02 1.996045000000000073e+04
3.340000000000000000e+02 1.997290000000000146e+04
3.740000000000000000e+02 1.998210000000000218e+04
3.500000000000000000e+02 1.998550000000000000e+04
3.660000000000000000e+02 1.998729999999999927e+04
3.820000000000000000e+02 1.999479999999999927e+04
3.900000000000000000e+02 2.000035000000000218e+04
3.580000000000000000e+02 2.000145000000000073e+04
3.340000000000000000e+02 2.001150000000000000e+04
3.260000000000000000e+02 2.001295000000000073e+04
3.420000000000000000e+02 2.001510000000000218e+04
3.740000000000000000e+02 2.002470000000000073e+04
3.820000000000000000e+02 2.002565000000000146e+04
3.660000000000000000e+02 2.002950000000000000e+04
3.500000000000000000e+02 2.003865000000000146e+04
3.980000000000000000e+02 2.004145000000000073e+04
3.340000000000000000e+02 2.004179999999999927e+04
3.260000000000000000e+02 2.005035000000000218e+04
3.900000000000000000e+02 2.005120000000000073e+04
3.740000000000000000e+02 2.007779999999999927e+04
3.500000000000000000e+02 2.007875000000000000e+04
3.900000000000000000e+02 2.008115000000000146e+04
3.980000000000000000e+02 2.008375000000000000e+04
3.340000000000000000e+02 2.009065000000000146e+04
3.260000000000000000e+02 2.009600000000000000e+04
3.420000000000000000e+02 2.009740000000000146e+04
3.820000000000000000e+02 2.010695000000000073e+04
3.500000000000000000e+02 2.012220000000000073e+04
3.580000000000000000e+02 2.012365000000000146e+04
3.740000000000000000e+02 2.012529999999999927e+04
3.340000000000000000e+02 2.013160000000000218e+04
3.740000000000000000e+02 2.015635000000000218e+04
3.900000000000000000e+02 2.015900000000000000e+04
3.980000000000000000e+02 2.016115000000000146e+04
3.580000000000000000e+02 2.016875000000000000e+04
3.500000000000000000e+02 2.016895000000000073e+04
3.340000000000000000e+02 2.017104999999999927e+04
3.260000000000000000e+02 2.017429999999999927e+04
3.420000000000000000e+02 2.018035000000000218e+04
3.820000000000000000e+02 2.018335000000000218e+04
3.660000000000000000e+02 2.019854999999999927e+04
3.900000000000000000e+02 2.020570000000000073e+04
3.340000000000000000e+02 2.020915000000000146e+04
3.260000000000000000e+02 2.021120000000000073e+04
3.420000000000000000e+02 2.021245000000000073e+04
3.980000000000000000e+02 2.022975000000000000e+04
3.580000000000000000e+02 2.023085000000000218e+04
3.260000000000000000e+02 2.024290000000000146e+04
3.740000000000000000e+02 2.024295000000000073e+04
3.820000000000000000e+02 2.024595000000000073e+04
3.340000000000000000e+02 2.024945000000000073e+04
3.660000000000000000e+02 2.024950000000000000e+04
3.420000000000000000e+02 2.025050000000000000e+04
3.500000000000000000e+02 2.025579999999999927e+04
3.900000000000000000e+02 2.025915000000000146e+04
3.820000000000000000e+02 2.028195000000000073e+04
3.740000000000000000e+02 2.028625000000000000e+04
3.340000000000000000e+02 2.028660000000000218e+04
3.900000000000000000e+02 2.028745000000000073e+04
3.660000000000000000e+02 2.029000000000000000e+04
3.260000000000000000e+02 2.029079999999999927e+04
3.420000000000000000e+02 2.029360000000000218e+04
3.500000000000000000e+02 2.030585000000000218e+04
3.980000000000000000e+02 2.030945000000000073e+04
3.740000000000000000e+02 2.031390000000000146e+04
3.900000000000000000e+02 2.032129999999999927e+04
3.820000000000000000e+02 2.032275000000000000e+04
3.340000000000000000e+02 2.032370000000000073e+04
3.420000000000000000e+02 2.032985000000000218e+04
3.580000000000000000e+02 2.033385000000000218e+04
3.660000000000000000e+02 2.033765000000000146e+04
3.980000000000000000e+02 2.035065000000000146e+04
3.260000000000000000e+02 2.035435000000000218e+04
3.500000000000000000e+02 2.035729999999999927e+04
3.420000000000000000e+02 2.036865000000000146e+04
3.340000000000000000e+02 2.037065000000000146e+04
3.900000000000000000e+02 2.037400000000000000e+04
3.740000000000000000e+02 2.038235000000000218e+04
3.820000000000000000e+02 2.038350000000000000e+04
3.660000000000000000e+02 2.038385000000000218e+04
3.980000000000000000e+02 2.038500000000000000e+04
3.260000000000000000e+02 2.038779999999999927e+04
3.580000000000000000e+02 2.039460000000000218e+04
3.420000000000000000e+02 2.040915000000000146e+04
3.900000000000000000e+02 2.041420000000000073e+04
3.740000000000000000e+02 2.042365000000000146e+04
3.980000000000000000e+02 2.042535000000000218e+04
3.340000000000000000e+02 2.042754999999999927e+04
3.820000000000000000e+02 2.042800000000000000e+04
3.500000000000000000e+02 2.042815000000000146e+04
3.580000000000000000e+02 2.042935000000000218e+04
3.420000000000000000e+02 2.043400000000000000e+04
3.660000000000000000e+02 2.043850000000000000e+04
3.260000000000000000e+02 2.044470000000000073e+04
3.900000000000000000e+02 2.045370000000000073e+04
3.740000000000000000e+02 2.045575000000000000e+04
3.820000000000000000e+02 2.045765000000000146e+04
3.340000000000000000e+02 2.046165000000000146e+04
3.580000000000000000e+02 2.046829999999999927e+04
3.420000000000000000e+02 2.046904999999999927e+04
3.660000000000000000e+02 2.047210000000000218e+04
3.500000000000000000e+02 2.047404999999999927e+04
3.260000000000000000e+02 2.050315000000000146e+04
3.980000000000000000e+02 2.050395000000000073e+04
3.340000000000000000e+02 2.050560000000000218e+04
3.500000000000000000e+02 2.050685000000000218e+04
3.420000000000000000e+02 2.050790000000000146e+04
3.580000000000000000e+02 2.050915000000000146e+04
3.900000000000000000e+02 2.050990000000000146e+04
3.660000000000000000e+02 2.051000000000000000e+04
3.820000000000000000e+02 2.051165000000000146e+04
3.740000000000000000e+02 2.052779999999999927e+04
3.340000000000000000e+02 2.054110000000000218e+04
3.580000000000000000e+02 2.054304999999999927e+04
3.980000000000000000e+02 2.054765000000000146e+04
3.660000000000000000e+02 2.054885000000000218e+04
3.260000000000000000e+02 2.055000000000000000e+04
3.500000000000000000e+02 2.055000000000000000e+04
3.420000000000000000e+02 2.055495000000000073e+04
3.820000000000000000e+02 2.055570000000000073e+04
3.740000000000000000e+02 2.055770000000000073e+04
3.340000000000000000e+02 2.058290000000000146e+04
3.420000000000000000e+02 2.058435000000000218e+04
3.260000000000000000e+02 2.058470000000000073e+04
3.820000000000000000e+02 2.058625000000000000e+04
3.660000000000000000e+02 2.058800000000000000e+04
3.900000000000000000e+02 2.059229999999999927e+04
3.980000000000000000e+02 2.059585000000000218e+04
3.580000000000000000e+02 2.060115000000000146e+04
3.740000000000000000e+02 2.061145000000000073e+04
3.500000000000000000e+02 2.061295000000000073e+04
3.340000000000000000e+02 2.061560000000000218e+04
3.900000000000000000e+02 2.061915000000000146e+04
3.820000000000000000e+02 2.062765000000000146e+04
3.980000000000000000e+02 2.063225000000000000e+04
3.420000000000000000e+02 2.063654999999999927e+04
3.580000000000000000e+02 2.063875000000000000e+04
3.660000000000000000e+02 2.063970000000000073e+04
3.340000000000000000e+02 2.064295000000000073e+04
3.740000000000000000e+02 2.064929999999999927e+04
3.260000000000000000e+02 2.065090000000000146e+04
3.500000000000000000e+02 2.065395000000000073e+04
3.900000000000000000e+02 2.065810000000000218e+04
3.820000000000000000e+02 2.066025000000000000e+04
3.980000000000000000e+02 2.066195000000000073e+04
3.420000000000000000e+02 2.066790000000000146e+04
3.660000000000000000e+02 2.067785000000000218e+04
3.740000000000000000e+02 2.068050000000000000e+04
3.580000000000000000e+02 2.068185000000000218e+04
3.340000000000000000e+02 2.069160000000000218e+04
3.260000000000000000e+02 2.069500000000000000e+04
3.820000000000000000e+02 2.069510000000000218e+04
3.900000000000000000e+02 2.069620000000000073e+04
3.500000000000000000e+02 2.069654999999999927e+04
3.980000000000000000e+02 2.069960000000000218e+04
3.740000000000000000e+02 2.070404999999999927e+04
3.420000000000000000e+02 2.070495000000000073e+04
3.660000000000000000e+02 2.070679999999999927e+04
3.900000000000000000e+02 2.071740000000000146e+04
3.260000000000000000e+02 2.073079999999999927e+04
3.500000000000000000e+02 2.073260000000000218e+04
3.340000000000000000e+02 2.073390000000000146e+04
3.420000000000000000e+02 2.073454999999999927e+04
3.580000000000000000e+02 2.073510000000000218e+04
3.980000000000000000e+02 2.073550000000000000e+04
3.740000000000000000e+02 2.073745000000000073e+04
3.820000000000000000e+02 2.073829999999999927e+04
3.660000000000000000e+02 2.074315000000000146e+04
3.420000000000000000e+02 2.076535000000000218e+04
3.900000000000000000e+02 2.076535000000000218e+04
3.260000000000000000e+02 2.076840000000000146e+04
3.740000000000000000e+02 2.077070000000000073e+04
3.340000000000000000e+02 2.077090000000000146e+04
3.820000000000000000e+02 2.077100000000000000e+04
3.660000000000000000e+02 2.077254999999999927e+04
3.500000000000000000e+02 2.077529999999999927e+04
3.980000000000000000e+02 2.077565000000000146e+04
3.580000000000000000e+02 2.079200000000000000e+04
3.900000000000000000e+02 2.080065000000000146e+04
3.980000000000000000e+02 2.080260000000000218e+04
3.420000000000000000e+02 2.080670000000000073e+04
3.820000000000000000e+02 2.080890000000000146e+04
3.340000000000000000e+02 2.080895000000000073e+04
3.660000000000000000e+02 2.080900000000000000e+04
3.740000000000000000e+02 2.080940000000000146e+04
3.260000000000000000e+02 2.081010000000000218e+04
3.500000000000000000e+02 2.083470000000000073e+04
3.580000000000000000e+02 2.083785000000000218e+04
3.340000000000000000e+02 2.083890000000000146e+04
3.740000000000000000e+02 2.083950000000000000e+04
3.980000000000000000e+02 2.084075000000000000e+04
3.420000000000000000e+02 2.084550000000000000e+04
3.660000000000000000e+02 2.084675000000000000e+04
3.820000000000000000e+02 2.084725000000000000e+04
3.900000000000000000e+02 2.084725000000000000e+04
3.260000000000000000e+02 2.084995000000000073e+04
3.340000000000000000e+02 2.086904999999999927e+04
3.900000000000000000e+02 2.088000000000000000e+04
3.820000000000000000e+02 2.088020000000000073e+04
3.260000000000000000e+02 2.088115000000000146e+04
3.980000000000000000e+02 2.088315000000000146e+04
3.500000000000000000e+02 2.088365000000000146e+04
3.740000000000000000e+02 2.088370000000000073e+04
3.660000000000000000e+02 2.088404999999999927e+04
3.420000000000000000e+02 2.088485000000000218e+04
3.580000000000000000e+02 2.088610000000000218e+04
3.340000000000000000e+02 2.089495000000000073e+04
3.820000000000000000e+02 2.091090000000000146e+04
3.900000000000000000e+02 2.091615000000000146e+04
3.260000000000000000e+02 2.091654999999999927e+04
3.580000000000000000e+02 2.091665000000000146e+04
3.980000000000000000e+02 2.091679999999999927e+04
3.660000000000000000e+02 2.091745000000000073e+04
3.340000000000000000e+02 2.091865000000000146e+04
3.740000000000000000e+02 2.092179999999999927e+04
3.500000000000000000e+02 2.092185000000000218e+04
3.420000000000000000e+02 2.093195000000000073e+04
3.820000000000000000e+02 2.094725000000000000e+04
3.260000000000000000e+02 2.095054999999999927e+04
3.980000000000000000e+02 2.095120000000000073e+04
3.740000000000000000e+02 2.095175000000000000e+04
3.660000000000000000e+02 2.095235000000000218e+04
3.900000000000000000e+02 2.095260000000000218e+04
3.580000000000000000e+02 2.095379999999999927e+04
3.500000000000000000e+02 2.095385000000000218e+04
3.340000000000000000e+02 2.095479999999999927e+04
3.420000000000000000e+02 2.096854999999999927e+04
3.900000000000000000e+02 2.098215000000000146e+04
3.820000000000000000e+02 2.098540000000000146e+04
3.740000000000000000e+02 2.098560000000000218e+04
3.660000000000000000e+02 2.098620000000000073e+04
3.340000000000000000e+02 2.098625000000000000e+04
3.260000000000000000e+02 2.098650000000000000e+04
3.980000000000000000e+02 2.098765000000000146e+04
3.500000000000000000e+02 2.098820000000000073e+04
3.580000000000000000e+02 2.099110000000000218e+04
3.420000000000000000e+02 2.100440000000000146e+04
3.820000000000000000e+02 2.101710000000000218e+04
3.500000000000000000e+02 2.101860000000000218e+04
3.340000000000000000e+02 2.102075000000000000e+04
3.900000000000000000e+02 2.102090000000000146e+04
3.740000000000000000e+02 2.102179999999999927e+04
3.260000000000000000e+02 2.102225000000000000e+04
3.660000000000000000e+02 2.102225000000000000e+04
3.980000000000000000e+02 2.102225000000000000e+04
3.580000000000000000e+02 2.104165000000000146e+04
3.660000000000000000e+02 2.105004999999999927e+04
3.820000000000000000e+02 2.105120000000000073e+04
3.260000000000000000e+02 2.105425000000000000e+04
3.740000000000000000e+02 2.105545000000000073e+04
3.340000000000000000e+02 2.105650000000000000e+04
3.420000000000000000e+02 2.105790000000000146e+04
3.900000000000000000e+02 2.105835000000000218e+04
3.980000000000000000e+02 2.105835000000000218e+04
3.500000000000000000e+02 2.105960000000000218e+04
3.580000000000000000e+02 2.106025000000000000e+04
3.660000000000000000e+02 2.108910000000000218e+04
3.260000000000000000e+02 2.108929999999999927e+04
3.340000000000000000e+02 2.108935000000000218e+04
3.740000000000000000e+02 2.109010000000000218e+04
3.900000000000000000e+02 2.109035000000000218e+04
3.980000000000000000e+02 2.109040000000000146e+04
3.500000000000000000e+02 2.109210000000000218e+04
3.820000000000000000e+02 2.109245000000000073e+04
3.580000000000000000e+02 2.109315000000000146e+04
3.420000000000000000e+02 2.109490000000000146e+04
3.580000000000000000e+02 2.112220000000000073e+04
3.900000000000000000e+02 2.112265000000000146e+04
3.340000000000000000e+02 2.112345000000000073e+04
3.500000000000000000e+02 2.112360000000000218e+04
3.980000000000000000e+02 2.112454999999999927e+04
3.740000000000000000e+02 2.112515000000000146e+04
3.260000000000000000e+02 2.112590000000000146e+04
3.420000000000000000e+02 2.112650000000000000e+04
3.820000000000000000e+02 2.112670000000000073e+04
3.660000000000000000e+02 2.112675000000000000e+04
3.740000000000000000e+02 2.115790000000000146e+04
3.900000000000000000e+02 2.116020000000000073e+04
3.340000000000000000e+02 2.116170000000000073e+04
3.660000000000000000e+02 2.116215000000000146e+04
3.260000000000000000e+02 2.116275000000000000e+04
3.580000000000000000e+02 2.116295000000000073e+04
3.820000000000000000e+02 2.116329999999999927e+04
3.980000000000000000e+02 2.116335000000000218e+04
3.420000000000000000e+02 2.116360000000000218e+04
3.500000000000000000e+02 2.116395000000000073e+04
3.660000000000000000e+02 2.118985000000000218e+04
3.740000000000000000e+02 2.119010000000000218e+04
3.260000000000000000e+02 2.119375000000000000e+04
3.980000000000000000e+02 2.119410000000000218e+04
3.580000000000000000e+02 2.119450000000000000e+04
3.900000000000000000e+02 2.119545000000000073e+04
3.340000000000000000e+02 2.119554999999999927e+04
3.500000000000000000e+02 2.119670000000000073e+04
3.420000000000000000e+02 2.119715000000000146e+04
3.820000000000000000e+02 2.119810000000000218e+04
3.740000000000000000e+02 2.122229999999999927e+04
3.260000000000000000e+02 2.122240000000000146e+04
3.500000000000000000e+02 2.122375000000000000e+04
3.420000000000000000e+02 2.122890000000000146e+04
3.580000000000000000e+02 2.122904999999999927e+04
3.900000000000000000e+02 2.122985000000000218e+04
3.980000000000000000e+02 2.123029999999999927e+04
3.340000000000000000e+02 2.123054999999999927e+04
3.820000000000000000e+02 2.123095000000000073e+04
3.660000000000000000e+02 2.123120000000000073e+04
3.580000000000000000e+02 2.126104999999999927e+04
3.980000000000000000e+02 2.126104999999999927e+04
3.740000000000000000e+02 2.126150000000000000e+04
3.820000000000000000e+02 2.126179999999999927e+04
3.500000000000000000e+02 2.126225000000000000e+04
3.420000000000000000e+02 2.126240000000000146e+04
3.900000000000000000e+02 2.126254999999999927e+04
3.660000000000000000e+02 2.126265000000000146e+04
3.340000000000000000e+02 2.126285000000000218e+04
3.260000000000000000e+02 2.126335000000000218e+04
3.660000000000000000e+02 2.129185000000000218e+04
3.340000000000000000e+02 2.129279999999999927e+04
3.820000000000000000e+02 2.129510000000000218e+04
3.980000000000000000e+02 2.129525000000000000e+04
3.740000000000000000e+02 2.129540000000000146e+04
3.900000000000000000e+02 2.129690000000000146e+04
3.420000000000000000e+02 2.129720000000000073e+04
3.580000000000000000e+02 2.129745000000000073e+04
3.500000000000000000e+02 2.129754999999999927e+04
3.260000000000000000e+02 2.129810000000000218e+04
3.660000000000000000e+02 2.132295000000000073e+04
3.340000000000000000e+02 2.132445000000000073e+04
3.260000000000000000e+02 2.132535000000000218e+04
3.820000000000000000e+02 2.132579999999999927e+04
3.900000000000000000e+02 2.132610000000000218e+04
3.420000000000000000e+02 2.132640000000000146e+04
3.580000000000000000e+02 2.132700000000000000e+04
3.740000000000000000e+02 2.132750000000000000e+04
3.500000000000000000e+02 2.132845000000000073e+04
3.980000000000000000e+02 2.132940000000000146e+04
3.820000000000000000e+02 2.135650000000000000e+04
3.980000000000000000e+02 2.135870000000000073e+04
3.660000000000000000e+02 2.135910000000000218e+04
3.420000000000000000e+02 2.135954999999999927e+04
3.580000000000000000e+02 2.136065000000000146e+04
3.340000000000000000e+02 2.136100000000000000e+04
3.740000000000000000e+02 2.136140000000000146e+04
3.260000000000000000e+02 2.136165000000000146e+04
3.900000000000000000e+02 2.136165000000000146e+04
3.500000000000000000e+02 2.136250000000000000e+04
3.980000000000000000e+02 2.138895000000000073e+04
3.420000000000000000e+02 2.139060000000000218e+04
3.660000000000000000e+02 2.139179999999999927e+04
3.260000000000000000e+02 2.139220000000000073e+04
3.500000000000000000e+02 2.139225000000000000e+04
3.820000000000000000e+02 2.139229999999999927e+04
3.900000000000000000e+02 2.139265000000000146e+04
3.580000000000000000e+02 2.139275000000000000e+04
3.740000000000000000e+02 2.139279999999999927e+04
3.340000000000000000e+02 2.139329999999999927e+04
3.900000000000000000e+02 2.142254999999999927e+04
3.660000000000000000e+02 2.142345000000000073e+04
3.260000000000000000e+02 2.142415000000000146e+04
3.340000000000000000e+02 2.142440000000000146e+04
3.740000000000000000e+02 2.142435000000000218e+04
3.980000000000000000e+02 2.142485000000000218e+04
3.500000000000000000e+02 2.142635000000000218e+04
3.420000000000000000e+02 2.142645000000000073e+04
3.820000000000000000e+02 2.142645000000000073e+04
3.580000000000000000e+02 2.142654999999999927e+04
3.900000000000000000e+02 2.145629999999999927e+04
3.820000000000000000e+02 2.145715000000000146e+04
3.980000000000000000e+02 2.145825000000000000e+04
3.740000000000000000e+02 2.145895000000000073e+04
3.500000000000000000e+02 2.145929999999999927e+04
3.580000000000000000e+02 2.145929999999999927e+04
3.260000000000000000e+02 2.145935000000000218e+04
3.660000000000000000e+02 2.145940000000000146e+04
3.340000000000000000e+02 2.145954999999999927e+04
3.420000000000000000e+02 2.145979999999999927e+04
3.260000000000000000e+02 2.148100000000000000e+04
3.900000000000000000e+02 2.148635000000000218e+04
3.660000000000000000e+02 2.148725000000000000e+04
3.980000000000000000e+02 2.148815000000000146e+04
3.580000000000000000e+02 2.148985000000000218e+04
3.820000000000000000e+02 2.149025000000000000e+04
3.340000000000000000e+02 2.149040000000000146e+04
3.420000000000000000e+02 2.149100000000000000e+04
3.740000000000000000e+02 2.149100000000000000e+04
3.500000000000000000e+02 2.149120000000000073e+04
3.260000000000000000e+02 2.150079999999999927e+04
3.980000000000000000e+02 2.152000000000000000e+04
3.900000000000000000e+02 2.152015000000000146e+04
3.340000000000000000e+02 2.152070000000000073e+04
3.740000000000000000e+02 2.152079999999999927e+04
3.580000000000000000e+02 2.152140000000000146e+04
3.500000000000000000e+02 2.152165000000000146e+04
3.820000000000000000e+02 2.152250000000000000e+04
3.420000000000000000e+02 2.152265000000000146e+04
3.660000000000000000e+02 2.152265000000000146e+04
3.260000000000000000e+02 2.152395000000000073e+04
3.340000000000000000e+02 2.155170000000000073e+04
3.900000000000000000e+02 2.155170000000000073e+04
3.820000000000000000e+02 2.155265000000000146e+04
3.420000000000000000e+02 2.155279999999999927e+04
3.980000000000000000e+02 2.155310000000000218e+04
3.740000000000000000e+02 2.155400000000000000e+04
3.580000000000000000e+02 2.155410000000000218e+04
3.260000000000000000e+02 2.155445000000000073e+04
3.500000000000000000e+02 2.155445000000000073e+04
3.660000000000000000e+02 2.155470000000000073e+04
3.900000000000000000e+02 2.158579999999999927e+04
3.420000000000000000e+02 2.158625000000000000e+04
3.740000000000000000e+02 2.158640000000000146e+04
3.980000000000000000e+02 2.158650000000000000e+04
3.260000000000000000e+02 2.158670000000000073e+04
3.340000000000000000e+02 2.158670000000000073e+04
3.660000000000000000e+02 2.158715000000000146e+04
3.580000000000000000e+02 2.158735000000000218e+04
3.500000000000000000e+02 2.158790000000000146e+04
3.820000000000000000e+02 2.158795000000000073e+04
3.260000000000000000e+02 2.161570000000000073e+04
3.500000000000000000e+02 2.161650000000000000e+04
3.900000000000000000e+02 2.161670000000000073e+04
3.660000000000000000e+02 2.161679999999999927e+04
3.340000000000000000e+02 2.161765000000000146e+04
3.820000000000000000e+02 2.161860000000000218e+04
3.740000000000000000e+02 2.161900000000000000e+04
3.980000000000000000e+02 2.161925000000000000e+04
3.420000000000000000e+02 2.161979999999999927e+04
3.580000000000000000e+02 2.162040000000000146e+04
3.660000000000000000e+02 2.164290000000000146e+04
3.420000000000000000e+02 2.164460000000000218e+04
3.260000000000000000e+02 2.164560000000000218e+04
3.820000000000000000e+02 2.164654999999999927e+04
3.500000000000000000e+02 2.164729999999999927e+04
3.980000000000000000e+02 2.164745000000000073e+04
3.340000000000000000e+02 2.164770000000000073e+04
3.580000000000000000e+02 2.164850000000000000e+04
3.900000000000000000e+02 2.164895000000000073e+04
3.740000000000000000e+02 2.164910000000000218e+04
3.660000000000000000e+02 2.167600000000000000e+04
3.260000000000000000e+02 2.167650000000000000e+04
3.900000000000000000e+02 2.167650000000000000e+04
3.980000000000000000e+02 2.167654999999999927e+04
3.820000000000000000e+02 2.167729999999999927e+04
3.500000000000000000e+02 2.167750000000000000e+04
3.340000000000000000e+02 2.167800000000000000e+04
3.420000000000000000e+02 2.167825000000000000e+04
3.580000000000000000e+02 2.167870000000000073e+04
3.740000000000000000e+02 2.167885000000000218e+04
3.260000000000000000e+02 2.170495000000000073e+04
3.740000000000000000e+02 2.170670000000000073e+04
3.500000000000000000e+02 2.170675000000000000e+04
3.900000000000000000e+02 2.170735000000000218e+04
3.340000000000000000e+02 2.170765000000000146e+04
3.980000000000000000e+02 2.170770000000000073e+04
3.820000000000000000e+02 2.170795000000000073e+04
3.660000000000000000e+02 2.170840000000000146e+04
3.580000000000000000e+02 2.170860000000000218e+04
3.420000000000000000e+02 2.170960000000000218e+04
3.260000000000000000e+02 2.173550000000000000e+04
3.500000000000000000e+02 2.173835000000000218e+04
3.660000000000000000e+02 2.173910000000000218e+04
3.420000000000000000e+02 2.173940000000000146e+04
3.740000000000000000e+02 2.173950000000000000e+04
3.820000000000000000e+02 2.173945000000000073e+04
3.900000000000000000e+02 2.173945000000000073e+04
3.980000000000000000e+02 2.173979999999999927e+04
3.580000000000000000e+02 2.173995000000000073e+04
3.340000000000000000e+02 2.174020000000000073e+04
3.740000000000000000e+02 2.176660000000000218e+04
3.900000000000000000e+02 2.176765000000000146e+04
3.820000000000000000e+02 2.176960000000000218e+04
3.660000000000000000e+02 2.177050000000000000e+04
3.580000000000000000e+02 2.177140000000000146e+04
3.260000000000000000e+02 2.177210000000000218e+04
3.420000000000000000e+02 2.177220000000000073e+04
3.340000000000000000e+02 2.177260000000000218e+04
3.980000000000000000e+02 2.177270000000000073e+04
3.500000000000000000e+02 2.177290000000000146e+04
3.340000000000000000e+02 2.180104999999999927e+04
3.580000000000000000e+02 2.180154999999999927e+04
3.820000000000000000e+02 2.180154999999999927e+04
3.980000000000000000e+02 2.180200000000000000e+04
3.420000000000000000e+02 2.180235000000000218e+04
3.740000000000000000e+02 2.180295000000000073e+04
3.900000000000000000e+02 2.180300000000000000e+04
3.500000000000000000e+02 2.180379999999999927e+04
3.660000000000000000e+02 2.180390000000000146e+04
3.260000000000000000e+02 2.180454999999999927e+04
3.500000000000000000e+02 2.183100000000000000e+04
3.740000000000000000e+02 2.183295000000000073e+04
3.900000000000000000e+02 2.183345000000000073e+04
3.820000000000000000e+02 2.183370000000000073e+04
3.340000000000000000e+02 2.183470000000000073e+04
3.580000000000000000e+02 2.183485000000000218e+04
3.420000000000000000e+02 2.183525000000000000e+04
3.660000000000000000e+02 2.183585000000000218e+04
3.980000000000000000e+02 2.183585000000000218e+04
3.260000000000000000e+02 2.183690000000000146e+04
3.900000000000000000e+02 2.186075000000000000e+04
3.740000000000000000e+02 2.186425000000000000e+04
3.820000000000000000e+02 2.186450000000000000e+04
3.660000000000000000e+02 2.186465000000000146e+04
3.500000000000000000e+02 2.186495000000000073e+04
3.580000000000000000e+02 2.186500000000000000e+04
3.420000000000000000e+02 2.186510000000000218e+04
3.340000000000000000e+02 2.186545000000000073e+04
3.980000000000000000e+02 2.186610000000000218e+04
3.260000000000000000e+02 2.186670000000000073e+04
3.660000000000000000e+02 2.188875000000000000e+04
3.420000000000000000e+02 2.188929999999999927e+04
3.900000000000000000e+02 2.189150000000000000e+04
3.500000000000000000e+02 2.189315000000000146e+04
3.820000000000000000e+02 2.189320000000000073e+04
3.580000000000000000e+02 2.189325000000000000e+04
3.260000000000000000e+02 2.189354999999999927e+04
3.980000000000000000e+02 2.189375000000000000e+04
3.340000000000000000e+02 2.189385000000000218e+04
3.740000000000000000e+02 2.189440000000000146e+04
3.660000000000000000e+02 2.190520000000000073e+04
3.260000000000000000e+02 2.192345000000000073e+04
3.900000000000000000e+02 2.192435000000000218e+04
3.740000000000000000e+02 2.192465000000000146e+04
3.820000000000000000e+02 2.192475000000000000e+04
3.580000000000000000e+02 2.192500000000000000e+04
3.420000000000000000e+02 2.192529999999999927e+04
3.500000000000000000e+02 2.192540000000000146e+04
3.340000000000000000e+02 2.192570000000000073e+04
3.980000000000000000e+02 2.192590000000000146e+04
3.660000000000000000e+02 2.192654999999999927e+04
3.260000000000000000e+02 2.195420000000000073e+04
3.660000000000000000e+02 2.195429999999999927e+04
3.820000000000000000e+02 2.195500000000000000e+04
3.420000000000000000e+02 2.195515000000000146e+04
3.500000000000000000e+02 2.195525000000000000e+04
3.980000000000000000e+02 2.195540000000000146e+04
3.740000000000000000e+02 2.195554999999999927e+04
3.580000000000000000e+02 2.195585000000000218e+04
3.340000000000000000e+02 2.195615000000000146e+04
3.900000000000000000e+02 2.195620000000000073e+04
3.340000000000000000e+02 2.198704999999999927e+04
3.260000000000000000e+02 2.198765000000000146e+04
3.660000000000000000e+02 2.198770000000000073e+04
3.500000000000000000e+02 2.198779999999999927e+04
3.820000000000000000e+02 2.198779999999999927e+04
3.980000000000000000e+02 2.198775000000000000e+04
3.420000000000000000e+02 2.198829999999999927e+04
3.740000000000000000e+02 2.198879999999999927e+04
3.900000000000000000e+02 2.198885000000000218e+04
3.580000000000000000e+02 2.198900000000000000e+04
3.500000000000000000e+02 2.235345000000000073e+04
3.900000000000000000e+02 2.251665000000000146e+04
3.500000000000000000e+02 2.251804999999999927e+04
3.580000000000000000e+02 2.251970000000000073e+04
3.740000000000000000e+02 2.251975000000000000e+04
3.820000000000000000e+02 2.252040000000000146e+04
3.260000000000000000e+02 2.252104999999999927e+04
3.660000000000000000e+02 2.252115000000000146e+04
3.340000000000000000e+02 2.252145000000000073e+04
3.420000000000000000e+02 2.252145000000000073e+04
3.980000000000000000e+02 2.252145000000000073e+04
3.340000000000000000e+02 2.264435000000000218e+04
3.900000000000000000e+02 2.278129999999999927e+04
3.820000000000000000e+02 2.278610000000000218e+04
3.580000000000000000e+02 2.292385000000000218e+04
3.420000000000000000e+02 2.294670000000000073e+04
3.500000000000000000e+02 2.296860000000000218e+04
3.740000000000000000e+02 2.299290000000000146e+04
3.910000000000000000e+02 4.344000000000000341e+02
3.590000000000000000e+02 4.446500000000000341e+02
3.910000000000000000e+02 5.560000000000000000e+02
3.350000000000000000e+02 8.288000000000000682e+02
3.990000000000000000e+02 8.716499999999999773e+02
3.830000000000000000e+02 1.151049999999999955e+03
3.830000000000000000e+02 1.547100000000000136e+03
3.430000000000000000e+02 1.610950000000000045e+03
3.510000000000000000e+02 1.652150000000000091e+03
3.590000000000000000e+02 2.022200000000000045e+03
3.990000000000000000e+02 2.379300000000000182e+03
3.270000000000000000e+02 2.395800000000000182e+03
3.590000000000000000e+02 2.473150000000000091e+03
3.350000000000000000e+02 2.598000000000000000e+03
3.430000000000000000e+02 2.982700000000000273e+03
3.350000000000000000e+02 3.154650000000000091e+03
3.830000000000000000e+02 4.496000000000000000e+03
3.670000000000000000e+02 4.592000000000000000e+03
3.590000000000000000e+02 6.231250000000000000e+03
3.670000000000000000e+02 6.705199999999999818e+03
3.510000000000000000e+02 6.943150000000000546e+03
3.990000000000000000e+02 7.071100000000000364e+03
3.990000000000000000e+02 7.406949999999999818e+03
3.990000000000000000e+02 7.873800000000000182e+03
3.270000000000000000e+02 7.985250000000000000e+03
3.430000000000000000e+02 8.034050000000000182e+03
3.590000000000000000e+02 8.075500000000000000e+03
3.430000000000000000e+02 9.544750000000000000e+03
3.350000000000000000e+02 9.777750000000000000e+03
3.990000000000000000e+02 1.036760000000000036e+04
3.510000000000000000e+02 1.111570000000000073e+04
3.750000000000000000e+02 1.132789999999999964e+04
3.350000000000000000e+02 1.140580000000000109e+04
3.750000000000000000e+02 1.183980000000000109e+04
3.510000000000000000e+02 1.214445000000000073e+04
3.510000000000000000e+02 1.349350000000000000e+04
3.510000000000000000e+02 1.422680000000000109e+04
3.590000000000000000e+02 1.452785000000000036e+04
3.270000000000000000e+02 1.486870000000000073e+04
3.830000000000000000e+02 1.598239999999999964e+04
3.510000000000000000e+02 1.612900000000000000e+04
3.830000000000000000e+02 1.662729999999999927e+04
3.430000000000000000e+02 1.732684999999999854e+04
3.830000000000000000e+02 1.802350000000000000e+04
3.510000000000000000e+02 1.815470000000000073e+04
3.270000000000000000e+02 1.835875000000000000e+04
3.670000000000000000e+02 1.876815000000000146e+04
3.830000000000000000e+02 1.901335000000000218e+04
3.350000000000000000e+02 1.902300000000000000e+04
3.430000000000000000e+02 1.902535000000000218e+04
3.510000000000000000e+02 1.902840000000000146e+04
3.990000000000000000e+02 1.906060000000000218e+04
3.670000000000000000e+02 1.907529999999999927e+04
3.350000000000000000e+02 1.907635000000000218e+04
3.510000000000000000e+02 1.908204999999999927e+04
3.830000000000000000e+02 1.908379999999999927e+04
3.990000000000000000e+02 1.910029999999999927e+04
3.270000000000000000e+02 1.910440000000000146e+04
3.670000000000000000e+02 1.910690000000000146e+04
3.430000000000000000e+02 1.910965000000000146e+04
3.510000000000000000e+02 1.912800000000000000e+04
3.350000000000000000e+02 1.912879999999999927e+04
3.830000000000000000e+02 1.913404999999999927e+04
3.430000000000000000e+02 1.914929999999999927e+04
3.590000000000000000e+02 1.915615000000000146e+04
3.910000000000000000e+02 1.915725000000000000e+04
3.830000000000000000e+02 1.916470000000000073e+04
3.990000000000000000e+02 1.917015000000000146e+04
3.750000000000000000e+02 1.919110000000000218e+04
3.590000000000000000e+02 1.919395000000000073e+04
3.510000000000000000e+02 1.920270000000000073e+04
3.670000000000000000e+02 1.920329999999999927e+04
3.270000000000000000e+02 1.921075000000000000e+04
3.830000000000000000e+02 1.921179999999999927e+04
3.910000000000000000e+02 1.921370000000000073e+04
3.430000000000000000e+02 1.921760000000000218e+04
3.990000000000000000e+02 1.923225000000000000e+04
3.670000000000000000e+02 1.923700000000000000e+04
3.750000000000000000e+02 1.926429999999999927e+04
3.510000000000000000e+02 1.926545000000000073e+04
3.830000000000000000e+02 1.926595000000000073e+04
3.590000000000000000e+02 1.926765000000000146e+04
3.270000000000000000e+02 1.926845000000000073e+04
3.990000000000000000e+02 1.927229999999999927e+04
3.430000000000000000e+02 1.927665000000000146e+04
3.350000000000000000e+02 1.928785000000000218e+04
3.910000000000000000e+02 1.929750000000000000e+04
3.830000000000000000e+02 1.931860000000000218e+04
3.750000000000000000e+02 1.931920000000000073e+04
3.590000000000000000e+02 1.933395000000000073e+04
3.270000000000000000e+02 1.933875000000000000e+04
3.510000000000000000e+02 1.934929999999999927e+04
3.910000000000000000e+02 1.935200000000000000e+04
3.430000000000000000e+02 1.935915000000000146e+04
3.590000000000000000e+02 1.936750000000000000e+04
3.350000000000000000e+02 1.937265000000000146e+04
3.990000000000000000e+02 1.937340000000000146e+04
3.750000000000000000e+02 1.937675000000000000e+04
3.830000000000000000e+02 1.939275000000000000e+04
3.270000000000000000e+02 1.939900000000000000e+04
3.990000000000000000e+02 1.941700000000000000e+04
3.670000000000000000e+02 1.943035000000000218e+04
3.510000000000000000e+02 1.943504999999999927e+04
3.590000000000000000e+02 1.943510000000000218e+04
3.830000000000000000e+02 1.943520000000000073e+04
3.750000000000000000e+02 1.943775000000000000e+04
3.910000000000000000e+02 1.944570000000000073e+04
3.430000000000000000e+02 1.946260000000000218e+04
3.350000000000000000e+02 1.946485000000000218e+04
3.830000000000000000e+02 1.947690000000000146e+04
3.670000000000000000e+02 1.947829999999999927e+04
3.270000000000000000e+02 1.948300000000000000e+04
3.910000000000000000e+02 1.949615000000000146e+04
3.350000000000000000e+02 1.949970000000000073e+04
3.750000000000000000e+02 1.951704999999999927e+04
3.990000000000000000e+02 1.953045000000000073e+04
3.670000000000000000e+02 1.953690000000000146e+04
3.590000000000000000e+02 1.954570000000000073e+04
3.270000000000000000e+02 1.955310000000000218e+04
3.510000000000000000e+02 1.955779999999999927e+04
3.750000000000000000e+02 1.956320000000000073e+04
3.430000000000000000e+02 1.956440000000000146e+04
3.830000000000000000e+02 1.957820000000000073e+04
3.910000000000000000e+02 1.958820000000000073e+04
3.350000000000000000e+02 1.958845000000000073e+04
3.670000000000000000e+02 1.959315000000000146e+04
3.590000000000000000e+02 1.960929999999999927e+04
3.750000000000000000e+02 1.961290000000000146e+04
3.510000000000000000e+02 1.961295000000000073e+04
3.270000000000000000e+02 1.961810000000000218e+04
3.990000000000000000e+02 1.961850000000000000e+04
3.830000000000000000e+02 1.962225000000000000e+04
3.670000000000000000e+02 1.963195000000000073e+04
3.350000000000000000e+02 1.963629999999999927e+04
3.430000000000000000e+02 1.964870000000000073e+04
3.910000000000000000e+02 1.966440000000000146e+04
3.750000000000000000e+02 1.966525000000000000e+04
3.670000000000000000e+02 1.967010000000000218e+04
3.350000000000000000e+02 1.967610000000000218e+04
3.590000000000000000e+02 1.968379999999999927e+04
3.510000000000000000e+02 1.969400000000000000e+04
3.990000000000000000e+02 1.969700000000000000e+04
3.270000000000000000e+02 1.970510000000000218e+04
3.750000000000000000e+02 1.970890000000000146e+04
3.430000000000000000e+02 1.971115000000000146e+04
3.910000000000000000e+02 1.971695000000000073e+04
3.990000000000000000e+02 1.974070000000000073e+04
3.750000000000000000e+02 1.974179999999999927e+04
3.910000000000000000e+02 1.974504999999999927e+04
3.590000000000000000e+02 1.974670000000000073e+04
3.830000000000000000e+02 1.974970000000000073e+04
3.670000000000000000e+02 1.976575000000000000e+04
3.430000000000000000e+02 1.976810000000000218e+04
3.750000000000000000e+02 1.977635000000000218e+04
3.590000000000000000e+02 1.977790000000000146e+04
3.910000000000000000e+02 1.978945000000000073e+04
3.510000000000000000e+02 1.978954999999999927e+04
3.830000000000000000e+02 1.979115000000000146e+04
3.430000000000000000e+02 1.979125000000000000e+04
3.990000000000000000e+02 1.983554999999999927e+04
3.430000000000000000e+02 1.983804999999999927e+04
3.910000000000000000e+02 1.985550000000000000e+04
3.350000000000000000e+02 1.985715000000000146e+04
3.510000000000000000e+02 1.985804999999999927e+04
3.270000000000000000e+02 1.986004999999999927e+04
3.830000000000000000e+02 1.986790000000000146e+04
3.990000000000000000e+02 1.987025000000000000e+04
3.670000000000000000e+02 1.987704999999999927e+04
3.430000000000000000e+02 1.988745000000000073e+04
3.750000000000000000e+02 1.988765000000000146e+04
3.270000000000000000e+02 1.988920000000000073e+04
3.350000000000000000e+02 1.989290000000000146e+04
3.510000000000000000e+02 1.989310000000000218e+04
3.990000000000000000e+02 1.991050000000000000e+04
3.670000000000000000e+02 1.991954999999999927e+04
3.510000000000000000e+02 1.993285000000000218e+04
3.750000000000000000e+02 1.993285000000000218e+04
3.350000000000000000e+02 1.993500000000000000e+04
3.270000000000000000e+02 1.995085000000000218e+04
3.990000000000000000e+02 1.995150000000000000e+04
3.430000000000000000e+02 1.995170000000000073e+04
3.830000000000000000e+02 1.995400000000000000e+04
3.510000000000000000e+02 1.996779999999999927e+04
3.590000000000000000e+02 1.996935000000000218e+04
3.670000000000000000e+02 1.997110000000000218e+04
3.910000000000000000e+02 1.997350000000000000e+04
3.750000000000000000e+02 1.998625000000000000e+04
3.350000000000000000e+02 1.999310000000000218e+04
3.990000000000000000e+02 1.999854999999999927e+04
3.430000000000000000e+02 2.000415000000000146e+04
3.590000000000000000e+02 2.001035000000000218e+04
3.510000000000000000e+02 2.001575000000000000e+04
3.270000000000000000e+02 2.002885000000000218e+04
3.910000000000000000e+02 2.003279999999999927e+04
3.750000000000000000e+02 2.003450000000000000e+04
3.670000000000000000e+02 2.003490000000000146e+04
3.430000000000000000e+02 2.003865000000000146e+04
3.350000000000000000e+02 2.004704999999999927e+04
3.270000000000000000e+02 2.006454999999999927e+04
3.990000000000000000e+02 2.006729999999999927e+04
3.430000000000000000e+02 2.007515000000000146e+04
3.510000000000000000e+02 2.007779999999999927e+04
3.350000000000000000e+02 2.008265000000000146e+04
3.750000000000000000e+02 2.008660000000000218e+04
3.590000000000000000e+02 2.008879999999999927e+04
3.910000000000000000e+02 2.009154999999999927e+04
3.990000000000000000e+02 2.009400000000000000e+04
3.670000000000000000e+02 2.009750000000000000e+04
3.270000000000000000e+02 2.012540000000000146e+04
3.510000000000000000e+02 2.013110000000000218e+04
3.830000000000000000e+02 2.013125000000000000e+04
3.670000000000000000e+02 2.013310000000000218e+04
3.910000000000000000e+02 2.013515000000000146e+04
3.430000000000000000e+02 2.013970000000000073e+04
3.750000000000000000e+02 2.014050000000000000e+04
3.990000000000000000e+02 2.014145000000000073e+04
3.590000000000000000e+02 2.014295000000000073e+04
3.350000000000000000e+02 2.016025000000000000e+04
3.750000000000000000e+02 2.016190000000000146e+04
3.830000000000000000e+02 2.016215000000000146e+04
3.510000000000000000e+02 2.018000000000000000e+04
3.430000000000000000e+02 2.018170000000000073e+04
3.990000000000000000e+02 2.018515000000000146e+04
3.670000000000000000e+02 2.018815000000000146e+04
3.270000000000000000e+02 2.019690000000000146e+04
3.590000000000000000e+02 2.020050000000000000e+04
3.830000000000000000e+02 2.021210000000000218e+04
3.990000000000000000e+02 2.021695000000000073e+04
3.910000000000000000e+02 2.021750000000000000e+04
3.750000000000000000e+02 2.022785000000000218e+04
3.670000000000000000e+02 2.024125000000000000e+04
3.510000000000000000e+02 2.024660000000000218e+04
3.350000000000000000e+02 2.024735000000000218e+04
3.270000000000000000e+02 2.025054999999999927e+04
3.430000000000000000e+02 2.025385000000000218e+04
3.590000000000000000e+02 2.025429999999999927e+04
3.830000000000000000e+02 2.025515000000000146e+04
3.750000000000000000e+02 2.027650000000000000e+04
3.510000000000000000e+02 2.028375000000000000e+04
3.670000000000000000e+02 2.028679999999999927e+04
3.270000000000000000e+02 2.028750000000000000e+04
3.990000000000000000e+02 2.028810000000000218e+04
3.830000000000000000e+02 2.028815000000000146e+04
3.910000000000000000e+02 2.028895000000000073e+04
3.430000000000000000e+02 2.030325000000000000e+04
3.830000000000000000e+02 2.031979999999999927e+04
3.590000000000000000e+02 2.032300000000000000e+04
3.750000000000000000e+02 2.032415000000000146e+04
3.910000000000000000e+02 2.032629999999999927e+04
3.670000000000000000e+02 2.032935000000000218e+04
3.510000000000000000e+02 2.033045000000000073e+04
3.430000000000000000e+02 2.033929999999999927e+04
3.270000000000000000e+02 2.034835000000000218e+04
3.990000000000000000e+02 2.034895000000000073e+04
3.670000000000000000e+02 2.035400000000000000e+04
3.910000000000000000e+02 2.037175000000000000e+04
3.750000000000000000e+02 2.037260000000000218e+04
3.510000000000000000e+02 2.037375000000000000e+04
3.830000000000000000e+02 2.037779999999999927e+04
3.350000000000000000e+02 2.038329999999999927e+04
3.590000000000000000e+02 2.038675000000000000e+04
3.270000000000000000e+02 2.039260000000000218e+04
3.430000000000000000e+02 2.039725000000000000e+04
3.750000000000000000e+02 2.041335000000000218e+04
3.510000000000000000e+02 2.041485000000000218e+04
3.590000000000000000e+02 2.041540000000000146e+04
3.670000000000000000e+02 2.041570000000000073e+04
3.910000000000000000e+02 2.041595000000000073e+04
3.990000000000000000e+02 2.042090000000000146e+04
3.350000000000000000e+02 2.042675000000000000e+04
3.270000000000000000e+02 2.042815000000000146e+04
3.750000000000000000e+02 2.044615000000000146e+04
3.430000000000000000e+02 2.044915000000000146e+04
3.350000000000000000e+02 2.045254999999999927e+04
3.670000000000000000e+02 2.045395000000000073e+04
3.910000000000000000e+02 2.045645000000000073e+04
3.990000000000000000e+02 2.046260000000000218e+04
3.590000000000000000e+02 2.046525000000000000e+04
3.830000000000000000e+02 2.047965000000000146e+04
3.750000000000000000e+02 2.048115000000000146e+04
3.350000000000000000e+02 2.049279999999999927e+04
3.670000000000000000e+02 2.050265000000000146e+04
3.590000000000000000e+02 2.050665000000000146e+04
3.430000000000000000e+02 2.050715000000000146e+04
3.270000000000000000e+02 2.050760000000000218e+04
3.750000000000000000e+02 2.051050000000000000e+04
3.990000000000000000e+02 2.051054999999999927e+04
3.510000000000000000e+02 2.051254999999999927e+04
3.830000000000000000e+02 2.052865000000000146e+04
3.350000000000000000e+02 2.052915000000000146e+04
3.670000000000000000e+02 2.053704999999999927e+04
3.990000000000000000e+02 2.054235000000000218e+04
3.910000000000000000e+02 2.054340000000000146e+04
3.270000000000000000e+02 2.054404999999999927e+04
3.430000000000000000e+02 2.054529999999999927e+04
3.750000000000000000e+02 2.055140000000000146e+04
3.590000000000000000e+02 2.055204999999999927e+04
3.510000000000000000e+02 2.055475000000000000e+04
3.830000000000000000e+02 2.057179999999999927e+04
3.670000000000000000e+02 2.057595000000000073e+04
3.910000000000000000e+02 2.058079999999999927e+04
3.350000000000000000e+02 2.058340000000000146e+04
3.270000000000000000e+02 2.058470000000000073e+04
3.750000000000000000e+02 2.058665000000000146e+04
3.430000000000000000e+02 2.058740000000000146e+04
3.990000000000000000e+02 2.059240000000000146e+04
3.590000000000000000e+02 2.059500000000000000e+04
3.510000000000000000e+02 2.061060000000000218e+04
3.830000000000000000e+02 2.061565000000000146e+04
3.670000000000000000e+02 2.061685000000000218e+04
3.350000000000000000e+02 2.061870000000000073e+04
3.270000000000000000e+02 2.061995000000000073e+04
3.750000000000000000e+02 2.062029999999999927e+04
3.990000000000000000e+02 2.062954999999999927e+04
3.590000000000000000e+02 2.064260000000000218e+04
3.670000000000000000e+02 2.065229999999999927e+04
3.430000000000000000e+02 2.065500000000000000e+04
3.750000000000000000e+02 2.065600000000000000e+04
3.270000000000000000e+02 2.065610000000000218e+04
3.910000000000000000e+02 2.065700000000000000e+04
3.510000000000000000e+02 2.065750000000000000e+04
3.350000000000000000e+02 2.066000000000000000e+04
3.830000000000000000e+02 2.067225000000000000e+04
3.990000000000000000e+02 2.067679999999999927e+04
3.670000000000000000e+02 2.068620000000000073e+04
3.590000000000000000e+02 2.069040000000000146e+04
3.510000000000000000e+02 2.069065000000000146e+04
3.750000000000000000e+02 2.069350000000000000e+04
3.430000000000000000e+02 2.069804999999999927e+04
3.910000000000000000e+02 2.070325000000000000e+04
3.270000000000000000e+02 2.070440000000000146e+04
3.990000000000000000e+02 2.070850000000000000e+04
3.350000000000000000e+02 2.070860000000000218e+04
3.750000000000000000e+02 2.072704999999999927e+04
3.590000000000000000e+02 2.072879999999999927e+04
3.430000000000000000e+02 2.072960000000000218e+04
3.670000000000000000e+02 2.073070000000000073e+04
3.510000000000000000e+02 2.073100000000000000e+04
3.270000000000000000e+02 2.073285000000000218e+04
3.830000000000000000e+02 2.073440000000000146e+04
3.990000000000000000e+02 2.074740000000000146e+04
3.350000000000000000e+02 2.075245000000000073e+04
3.910000000000000000e+02 2.075910000000000218e+04
3.430000000000000000e+02 2.076335000000000218e+04
3.590000000000000000e+02 2.076479999999999927e+04
3.750000000000000000e+02 2.076620000000000073e+04
3.670000000000000000e+02 2.076679999999999927e+04
3.510000000000000000e+02 2.076729999999999927e+04
3.270000000000000000e+02 2.077225000000000000e+04
3.830000000000000000e+02 2.077275000000000000e+04
3.990000000000000000e+02 2.077320000000000073e+04
3.430000000000000000e+02 2.078695000000000073e+04
3.670000000000000000e+02 2.080785000000000218e+04
3.910000000000000000e+02 2.080810000000000218e+04
3.270000000000000000e+02 2.080890000000000146e+04
3.990000000000000000e+02 2.080945000000000073e+04
3.590000000000000000e+02 2.081000000000000000e+04
3.750000000000000000e+02 2.081025000000000000e+04
3.350000000000000000e+02 2.081050000000000000e+04
3.510000000000000000e+02 2.081079999999999927e+04
3.830000000000000000e+02 2.081204999999999927e+04
3.430000000000000000e+02 2.081435000000000218e+04
3.270000000000000000e+02 2.084235000000000218e+04
3.670000000000000000e+02 2.084504999999999927e+04
3.830000000000000000e+02 2.084620000000000073e+04
3.750000000000000000e+02 2.084650000000000000e+04
3.590000000000000000e+02 2.084820000000000073e+04
3.510000000000000000e+02 2.084835000000000218e+04
3.990000000000000000e+02 2.084865000000000146e+04
3.430000000000000000e+02 2.084885000000000218e+04
3.910000000000000000e+02 2.084900000000000000e+04
3.350000000000000000e+02 2.085429999999999927e+04
3.830000000000000000e+02 2.087510000000000218e+04
3.750000000000000000e+02 2.087950000000000000e+04
3.990000000000000000e+02 2.088154999999999927e+04
3.670000000000000000e+02 2.088270000000000073e+04
3.270000000000000000e+02 2.088354999999999927e+04
3.430000000000000000e+02 2.088354999999999927e+04
3.910000000000000000e+02 2.088450000000000000e+04
3.350000000000000000e+02 2.088504999999999927e+04
3.510000000000000000e+02 2.088535000000000218e+04
3.590000000000000000e+02 2.088570000000000073e+04
3.830000000000000000e+02 2.091190000000000146e+04
3.990000000000000000e+02 2.091240000000000146e+04
3.910000000000000000e+02 2.091320000000000073e+04
3.590000000000000000e+02 2.091400000000000000e+04
3.430000000000000000e+02 2.091460000000000218e+04
3.750000000000000000e+02 2.091585000000000218e+04
3.510000000000000000e+02 2.091600000000000000e+04
3.670000000000000000e+02 2.091740000000000146e+04
3.350000000000000000e+02 2.091770000000000073e+04
3.270000000000000000e+02 2.091815000000000146e+04
3.830000000000000000e+02 2.094010000000000218e+04
3.990000000000000000e+02 2.094475000000000000e+04
3.750000000000000000e+02 2.094545000000000073e+04
3.910000000000000000e+02 2.094685000000000218e+04
3.430000000000000000e+02 2.094860000000000218e+04
3.510000000000000000e+02 2.094979999999999927e+04
3.590000000000000000e+02 2.095040000000000146e+04
3.670000000000000000e+02 2.095070000000000073e+04
3.270000000000000000e+02 2.095079999999999927e+04
3.350000000000000000e+02 2.095275000000000000e+04
3.910000000000000000e+02 2.097100000000000000e+04
3.670000000000000000e+02 2.098020000000000073e+04
3.830000000000000000e+02 2.098040000000000146e+04
3.270000000000000000e+02 2.098085000000000218e+04
3.990000000000000000e+02 2.098250000000000000e+04
3.590000000000000000e+02 2.098445000000000073e+04
3.430000000000000000e+02 2.098800000000000000e+04
3.510000000000000000e+02 2.098840000000000146e+04
3.750000000000000000e+02 2.099015000000000146e+04
3.910000000000000000e+02 2.099125000000000000e+04
3.350000000000000000e+02 2.099295000000000073e+04
3.350000000000000000e+02 2.101754999999999927e+04
3.670000000000000000e+02 2.101985000000000218e+04
3.910000000000000000e+02 2.101985000000000218e+04
3.510000000000000000e+02 2.101995000000000073e+04
3.590000000000000000e+02 2.102065000000000146e+04
3.270000000000000000e+02 2.102154999999999927e+04
3.750000000000000000e+02 2.102179999999999927e+04
3.830000000000000000e+02 2.102270000000000073e+04
3.990000000000000000e+02 2.102279999999999927e+04
3.430000000000000000e+02 2.102300000000000000e+04
3.510000000000000000e+02 2.104904999999999927e+04
3.270000000000000000e+02 2.105200000000000000e+04
3.350000000000000000e+02 2.105385000000000218e+04
3.590000000000000000e+02 2.105495000000000073e+04
3.750000000000000000e+02 2.105640000000000146e+04
3.430000000000000000e+02 2.105770000000000073e+04
3.830000000000000000e+02 2.105804999999999927e+04
3.990000000000000000e+02 2.105840000000000146e+04
3.910000000000000000e+02 2.105865000000000146e+04
3.670000000000000000e+02 2.106125000000000000e+04
3.830000000000000000e+02 2.108275000000000000e+04
3.510000000000000000e+02 2.108504999999999927e+04
3.750000000000000000e+02 2.108620000000000073e+04
3.910000000000000000e+02 2.108720000000000073e+04
3.990000000000000000e+02 2.108845000000000073e+04
3.350000000000000000e+02 2.109075000000000000e+04
3.670000000000000000e+02 2.109075000000000000e+04
3.270000000000000000e+02 2.109115000000000146e+04
3.430000000000000000e+02 2.109170000000000073e+04
3.590000000000000000e+02 2.109210000000000218e+04
3.830000000000000000e+02 2.111635000000000218e+04
3.430000000000000000e+02 2.112360000000000218e+04
3.510000000000000000e+02 2.112400000000000000e+04
3.590000000000000000e+02 2.112470000000000073e+04
3.750000000000000000e+02 2.112510000000000218e+04
3.350000000000000000e+02 2.112520000000000073e+04
3.270000000000000000e+02 2.112554999999999927e+04
3.910000000000000000e+02 2.112554999999999927e+04
3.990000000000000000e+02 2.112554999999999927e+04
3.670000000000000000e+02 2.112679999999999927e+04
3.910000000000000000e+02 2.115165000000000146e+04
3.510000000000000000e+02 2.115400000000000000e+04
3.830000000000000000e+02 2.116090000000000146e+04
3.270000000000000000e+02 2.116185000000000218e+04
3.430000000000000000e+02 2.116185000000000218e+04
3.350000000000000000e+02 2.116270000000000073e+04
3.750000000000000000e+02 2.116310000000000218e+04
3.590000000000000000e+02 2.116315000000000146e+04
3.990000000000000000e+02 2.116425000000000000e+04
3.670000000000000000e+02 2.116440000000000146e+04
3.910000000000000000e+02 2.118765000000000146e+04
3.590000000000000000e+02 2.119279999999999927e+04
3.750000000000000000e+02 2.119454999999999927e+04
3.510000000000000000e+02 2.119500000000000000e+04
3.350000000000000000e+02 2.119650000000000000e+04
3.270000000000000000e+02 2.119679999999999927e+04
3.670000000000000000e+02 2.119704999999999927e+04
3.990000000000000000e+02 2.119725000000000000e+04
3.430000000000000000e+02 2.119775000000000000e+04
3.830000000000000000e+02 2.120765000000000146e+04
3.750000000000000000e+02 2.122660000000000218e+04
3.270000000000000000e+02 2.122754999999999927e+04
3.910000000000000000e+02 2.122885000000000218e+04
3.430000000000000000e+02 2.122950000000000000e+04
3.590000000000000000e+02 2.122979999999999927e+04
3.830000000000000000e+02 2.123029999999999927e+04
3.990000000000000000e+02 2.123025000000000000e+04
3.350000000000000000e+02 2.123060000000000218e+04
3.670000000000000000e+02 2.123054999999999927e+04
3.510000000000000000e+02 2.123200000000000000e+04
3.590000000000000000e+02 2.126120000000000073e+04
3.430000000000000000e+02 2.126125000000000000e+04
3.750000000000000000e+02 2.126150000000000000e+04
3.670000000000000000e+02 2.126200000000000000e+04
3.510000000000000000e+02 2.126250000000000000e+04
3.270000000000000000e+02 2.126315000000000146e+04
3.350000000000000000e+02 2.126365000000000146e+04
3.830000000000000000e+02 2.126400000000000000e+04
3.910000000000000000e+02 2.126429999999999927e+04
3.990000000000000000e+02 2.126450000000000000e+04
3.430000000000000000e+02 2.129295000000000073e+04
3.510000000000000000e+02 2.129540000000000146e+04
3.830000000000000000e+02 2.129554999999999927e+04
3.670000000000000000e+02 2.129585000000000218e+04
3.270000000000000000e+02 2.129729999999999927e+04
3.750000000000000000e+02 2.129750000000000000e+04
3.990000000000000000e+02 2.129775000000000000e+04
3.350000000000000000e+02 2.129785000000000218e+04
3.590000000000000000e+02 2.129895000000000073e+04
3.910000000000000000e+02 2.129920000000000073e+04
3.430000000000000000e+02 2.131279999999999927e+04
3.830000000000000000e+02 2.132245000000000073e+04
3.670000000000000000e+02 2.132535000000000218e+04
3.590000000000000000e+02 2.132629999999999927e+04
3.910000000000000000e+02 2.132715000000000146e+04
3.990000000000000000e+02 2.132804999999999927e+04
3.270000000000000000e+02 2.132815000000000146e+04
3.350000000000000000e+02 2.132865000000000146e+04
3.750000000000000000e+02 2.132929999999999927e+04
3.510000000000000000e+02 2.132954999999999927e+04
3.430000000000000000e+02 2.133060000000000218e+04
3.830000000000000000e+02 2.134854999999999927e+04
3.590000000000000000e+02 2.135835000000000218e+04
3.350000000000000000e+02 2.135979999999999927e+04
3.670000000000000000e+02 2.136015000000000146e+04
3.990000000000000000e+02 2.136020000000000073e+04
3.270000000000000000e+02 2.136065000000000146e+04
3.510000000000000000e+02 2.136070000000000073e+04
3.910000000000000000e+02 2.136154999999999927e+04
3.750000000000000000e+02 2.136200000000000000e+04
3.430000000000000000e+02 2.136240000000000146e+04
3.830000000000000000e+02 2.137045000000000073e+04
3.350000000000000000e+02 2.137985000000000218e+04
3.670000000000000000e+02 2.138840000000000146e+04
3.430000000000000000e+02 2.139125000000000000e+04
3.750000000000000000e+02 2.139220000000000073e+04
3.270000000000000000e+02 2.139290000000000146e+04
3.910000000000000000e+02 2.139300000000000000e+04
3.510000000000000000e+02 2.139304999999999927e+04
3.990000000000000000e+02 2.139329999999999927e+04
3.590000000000000000e+02 2.139375000000000000e+04
3.350000000000000000e+02 2.139775000000000000e+04
3.830000000000000000e+02 2.140404999999999927e+04
3.750000000000000000e+02 2.142229999999999927e+04
3.270000000000000000e+02 2.142250000000000000e+04
3.670000000000000000e+02 2.142420000000000073e+04
3.910000000000000000e+02 2.142535000000000218e+04
3.510000000000000000e+02 2.142595000000000073e+04
3.590000000000000000e+02 2.142600000000000000e+04
3.990000000000000000e+02 2.142600000000000000e+04
3.430000000000000000e+02 2.142620000000000073e+04
3.350000000000000000e+02 2.142679999999999927e+04
3.270000000000000000e+02 2.144860000000000218e+04
3.990000000000000000e+02 2.145370000000000073e+04
3.510000000000000000e+02 2.145550000000000000e+04
3.430000000000000000e+02 2.145565000000000146e+04
3.910000000000000000e+02 2.145770000000000073e+04
3.830000000000000000e+02 2.145779999999999927e+04
3.670000000000000000e+02 2.145815000000000146e+04
3.750000000000000000e+02 2.145835000000000218e+04
3.350000000000000000e+02 2.145845000000000073e+04
3.590000000000000000e+02 2.146129999999999927e+04
3.270000000000000000e+02 2.146275000000000000e+04
3.990000000000000000e+02 2.147345000000000073e+04
3.430000000000000000e+02 2.148154999999999927e+04
3.590000000000000000e+02 2.148504999999999927e+04
3.510000000000000000e+02 2.148625000000000000e+04
3.910000000000000000e+02 2.148675000000000000e+04
3.670000000000000000e+02 2.148929999999999927e+04
3.350000000000000000e+02 2.149004999999999927e+04
3.270000000000000000e+02 2.149020000000000073e+04
3.750000000000000000e+02 2.149029999999999927e+04
3.830000000000000000e+02 2.149035000000000218e+04
3.990000000000000000e+02 2.149300000000000000e+04
3.430000000000000000e+02 2.151170000000000073e+04
3.510000000000000000e+02 2.151679999999999927e+04
3.350000000000000000e+02 2.151975000000000000e+04
3.830000000000000000e+02 2.152010000000000218e+04
3.670000000000000000e+02 2.152045000000000073e+04
3.750000000000000000e+02 2.152200000000000000e+04
3.590000000000000000e+02 2.152204999999999927e+04
3.910000000000000000e+02 2.152204999999999927e+04
3.990000000000000000e+02 2.152220000000000073e+04
3.270000000000000000e+02 2.152265000000000146e+04
3.430000000000000000e+02 2.154454999999999927e+04
3.350000000000000000e+02 2.155075000000000000e+04
3.750000000000000000e+02 2.155195000000000073e+04
3.910000000000000000e+02 2.155245000000000073e+04
3.990000000000000000e+02 2.155260000000000218e+04
3.270000000000000000e+02 2.155379999999999927e+04
3.670000000000000000e+02 2.155375000000000000e+04
3.830000000000000000e+02 2.155479999999999927e+04
3.510000000000000000e+02 2.155510000000000218e+04
3.590000000000000000e+02 2.155570000000000073e+04
3.510000000000000000e+02 2.158465000000000146e+04
3.350000000000000000e+02 2.158579999999999927e+04
3.830000000000000000e+02 2.158610000000000218e+04
3.430000000000000000e+02 2.158700000000000000e+04
3.750000000000000000e+02 2.158754999999999927e+04
3.590000000000000000e+02 2.158779999999999927e+04
3.910000000000000000e+02 2.158775000000000000e+04
3.990000000000000000e+02 2.158795000000000073e+04
3.670000000000000000e+02 2.158835000000000218e+04
3.270000000000000000e+02 2.158860000000000218e+04
3.910000000000000000e+02 2.161329999999999927e+04
3.990000000000000000e+02 2.161395000000000073e+04
3.510000000000000000e+02 2.161615000000000146e+04
3.350000000000000000e+02 2.161735000000000218e+04
3.750000000000000000e+02 2.161775000000000000e+04
3.830000000000000000e+02 2.161865000000000146e+04
3.270000000000000000e+02 2.161875000000000000e+04
3.430000000000000000e+02 2.161915000000000146e+04
3.670000000000000000e+02 2.161965000000000146e+04
3.590000000000000000e+02 2.162015000000000146e+04
3.990000000000000000e+02 2.164065000000000146e+04
3.910000000000000000e+02 2.164290000000000146e+04
3.750000000000000000e+02 2.164325000000000000e+04
3.270000000000000000e+02 2.164535000000000218e+04
3.350000000000000000e+02 2.164665000000000146e+04
3.430000000000000000e+02 2.164760000000000218e+04
3.510000000000000000e+02 2.164790000000000146e+04
3.830000000000000000e+02 2.164840000000000146e+04
3.590000000000000000e+02 2.164845000000000073e+04
3.670000000000000000e+02 2.164845000000000073e+04
3.350000000000000000e+02 2.167204999999999927e+04
3.670000000000000000e+02 2.167610000000000218e+04
3.910000000000000000e+02 2.167650000000000000e+04
3.430000000000000000e+02 2.167679999999999927e+04
3.750000000000000000e+02 2.167795000000000073e+04
3.270000000000000000e+02 2.167840000000000146e+04
3.590000000000000000e+02 2.167835000000000218e+04
3.990000000000000000e+02 2.167870000000000073e+04
3.510000000000000000e+02 2.167900000000000000e+04
3.830000000000000000e+02 2.167945000000000073e+04
3.430000000000000000e+02 2.170304999999999927e+04
3.350000000000000000e+02 2.170345000000000073e+04
3.670000000000000000e+02 2.170585000000000218e+04
3.910000000000000000e+02 2.170670000000000073e+04
3.590000000000000000e+02 2.170679999999999927e+04
3.990000000000000000e+02 2.170745000000000073e+04
3.750000000000000000e+02 2.170800000000000000e+04
3.270000000000000000e+02 2.170904999999999927e+04
3.510000000000000000e+02 2.170920000000000073e+04
3.830000000000000000e+02 2.170965000000000146e+04
3.350000000000000000e+02 2.172735000000000218e+04
3.590000000000000000e+02 2.173575000000000000e+04
3.670000000000000000e+02 2.173660000000000218e+04
3.430000000000000000e+02 2.173710000000000218e+04
3.830000000000000000e+02 2.173779999999999927e+04
3.910000000000000000e+02 2.173845000000000073e+04
3.750000000000000000e+02 2.173890000000000146e+04
3.510000000000000000e+02 2.173929999999999927e+04
3.990000000000000000e+02 2.173950000000000000e+04
3.270000000000000000e+02 2.173990000000000146e+04
3.350000000000000000e+02 2.174640000000000146e+04
3.270000000000000000e+02 2.176879999999999927e+04
3.830000000000000000e+02 2.176925000000000000e+04
3.910000000000000000e+02 2.176950000000000000e+04
3.430000000000000000e+02 2.177135000000000218e+04
3.590000000000000000e+02 2.177285000000000218e+04
3.510000000000000000e+02 2.177295000000000073e+04
3.350000000000000000e+02 2.177340000000000146e+04
3.670000000000000000e+02 2.177340000000000146e+04
3.750000000000000000e+02 2.177354999999999927e+04
3.990000000000000000e+02 2.177379999999999927e+04
3.350000000000000000e+02 2.180254999999999927e+04
3.590000000000000000e+02 2.180310000000000218e+04
3.830000000000000000e+02 2.180354999999999927e+04
3.910000000000000000e+02 2.180395000000000073e+04
3.270000000000000000e+02 2.180404999999999927e+04
3.510000000000000000e+02 2.180404999999999927e+04
3.670000000000000000e+02 2.180415000000000146e+04
3.990000000000000000e+02 2.180415000000000146e+04
3.750000000000000000e+02 2.180479999999999927e+04
3.430000000000000000e+02 2.180495000000000073e+04
3.350000000000000000e+02 2.183029999999999927e+04
3.910000000000000000e+02 2.183425000000000000e+04
3.270000000000000000e+02 2.183520000000000073e+04
3.830000000000000000e+02 2.183540000000000146e+04
3.990000000000000000e+02 2.183535000000000218e+04
3.670000000000000000e+02 2.183590000000000146e+04
3.750000000000000000e+02 2.183620000000000073e+04
3.510000000000000000e+02 2.183650000000000000e+04
3.430000000000000000e+02 2.183679999999999927e+04
3.590000000000000000e+02 2.183704999999999927e+04
3.270000000000000000e+02 2.186254999999999927e+04
3.510000000000000000e+02 2.186260000000000218e+04
3.830000000000000000e+02 2.186260000000000218e+04
3.590000000000000000e+02 2.186310000000000218e+04
3.750000000000000000e+02 2.186450000000000000e+04
3.990000000000000000e+02 2.186525000000000000e+04
3.350000000000000000e+02 2.186570000000000073e+04
3.430000000000000000e+02 2.186600000000000000e+04
3.670000000000000000e+02 2.186600000000000000e+04
3.910000000000000000e+02 2.186625000000000000e+04
3.590000000000000000e+02 2.188675000000000000e+04
3.510000000000000000e+02 2.188700000000000000e+04
3.830000000000000000e+02 2.188760000000000218e+04
3.270000000000000000e+02 2.189210000000000218e+04
3.750000000000000000e+02 2.189265000000000146e+04
3.430000000000000000e+02 2.189310000000000218e+04
3.670000000000000000e+02 2.189429999999999927e+04
3.990000000000000000e+02 2.189429999999999927e+04
3.350000000000000000e+02 2.189450000000000000e+04
3.910000000000000000e+02 2.189500000000000000e+04
3.510000000000000000e+02 2.190350000000000000e+04
3.830000000000000000e+02 2.191240000000000146e+04
3.590000000000000000e+02 2.191840000000000146e+04
3.990000000000000000e+02 2.192040000000000146e+04
3.270000000000000000e+02 2.192379999999999927e+04
3.910000000000000000e+02 2.192470000000000073e+04
3.350000000000000000e+02 2.192529999999999927e+04
3.430000000000000000e+02 2.192565000000000146e+04
3.750000000000000000e+02 2.192600000000000000e+04
3.670000000000000000e+02 2.192615000000000146e+04
3.510000000000000000e+02 2.192725000000000000e+04
3.830000000000000000e+02 2.192750000000000000e+04
3.590000000000000000e+02 2.193495000000000073e+04
3.910000000000000000e+02 2.195175000000000000e+04
3.270000000000000000e+02 2.195254999999999927e+04
3.990000000000000000e+02 2.195329999999999927e+04
3.350000000000000000e+02 2.195440000000000146e+04
3.670000000000000000e+02 2.195460000000000218e+04
3.750000000000000000e+02 2.195500000000000000e+04
3.430000000000000000e+02 2.195525000000000000e+04
3.510000000000000000e+02 2.195535000000000218e+04
3.830000000000000000e+02 2.195625000000000000e+04
3.590000000000000000e+02 2.195760000000000218e+04
3.430000000000000000e+02 2.198495000000000073e+04
3.510000000000000000e+02 2.198585000000000218e+04
3.750000000000000000e+02 2.198685000000000218e+04
3.910000000000000000e+02 2.198710000000000218e+04
3.830000000000000000e+02 2.198800000000000000e+04
3.350000000000000000e+02 2.198829999999999927e+04
3.990000000000000000e+02 2.198850000000000000e+04
3.270000000000000000e+02 2.198865000000000146e+04
3.590000000000000000e+02 2.198904999999999927e+04
3.670000000000000000e+02 2.198915000000000146e+04
3.990000000000000000e+02 2.202935000000000218e+04
3.590000000000000000e+02 2.240275000000000000e+04
3.750000000000000000e+02 2.251290000000000146e+04
3.510000000000000000e+02 2.251475000000000000e+04
3.910000000000000000e+02 2.251929999999999927e+04
3.270000000000000000e+02 2.252040000000000146e+04
3.990000000000000000e+02 2.252050000000000000e+04
3.670000000000000000e+02 2.252075000000000000e+04
3.430000000000000000e+02 2.252160000000000218e+04
3.830000000000000000e+02 2.252215000000000146e+04
3.590000000000000000e+02 2.252250000000000000e+04
3.350000000000000000e+02 2.252265000000000146e+04
3.990000000000000000e+02 2.264304999999999927e+04
3.830000000000000000e+02 2.264650000000000000e+04
3.990000000000000000e+02 2.273820000000000073e+04
3.750000000000000000e+02 2.291204999999999927e+04
3.590000000000000000e+02 2.298690000000000146e+04
3.670000000000000000e+02 2.298754999999999927e+04
3.350000000000000000e+02 2.299775000000000000e+04
