1.600000000000000000e+01 6.114500000000000455e+02
4.000000000000000000e+01 1.264549999999999955e+03
4.800000000000000000e+01 1.729950000000000045e+03
4.000000000000000000e+01 1.909750000000000000e+03
6.400000000000000000e+01 2.141500000000000000e+03
4.800000000000000000e+01 2.453250000000000000e+03
3.200000000000000000e+01 2.724800000000000182e+03
4.000000000000000000e+01 3.008099999999999909e+03
7.200000000000000000e+01 3.015849999999999909e+03
6.400000000000000000e+01 3.022599999999999909e+03
5.600000000000000000e+01 3.024950000000000273e+03
3.200000000000000000e+01 3.028450000000000273e+03
4.800000000000000000e+01 3.037300000000000182e+03
2.400000000000000000e+01 3.059349999999999909e+03
7.200000000000000000e+01 3.063400000000000091e+03
8.000000000000000000e+00 3.065000000000000000e+03
4.000000000000000000e+01 3.068800000000000182e+03
6.400000000000000000e+01 3.080700000000000273e+03
8.000000000000000000e+01 3.089950000000000273e+03
4.800000000000000000e+01 3.091150000000000091e+03
1.600000000000000000e+01 3.099849999999999909e+03
2.400000000000000000e+01 3.129700000000000273e+03
4.800000000000000000e+01 3.132000000000000000e+03
6.400000000000000000e+01 3.134700000000000273e+03
8.000000000000000000e+00 3.136950000000000273e+03
7.200000000000000000e+01 3.155599999999999909e+03
5.600000000000000000e+01 3.156550000000000182e+03
4.000000000000000000e+01 3.157700000000000273e+03
8.000000000000000000e+01 3.170400000000000091e+03
1.600000000000000000e+01 3.184550000000000182e+03
3.200000000000000000e+01 3.203700000000000273e+03
2.400000000000000000e+01 3.207500000000000000e+03
4.000000000000000000e+01 3.209300000000000182e+03
6.400000000000000000e+01 3.214950000000000273e+03
4.800000000000000000e+01 3.219650000000000091e+03
7.200000000000000000e+01 3.221849999999999909e+03
1.600000000000000000e+01 3.233500000000000000e+03
8.000000000000000000e+01 3.248099999999999909e+03
4.000000000000000000e+01 3.255050000000000182e+03
8.000000000000000000e+00 3.258750000000000000e+03
5.600000000000000000e+01 3.265099999999999909e+03
7.200000000000000000e+01 3.273550000000000182e+03
6.400000000000000000e+01 3.276500000000000000e+03
2.400000000000000000e+01 3.279750000000000000e+03
3.200000000000000000e+01 3.291000000000000000e+03
4.000000000000000000e+01 3.298050000000000182e+03
7.200000000000000000e+01 3.310200000000000273e+03
6.400000000000000000e+01 3.313800000000000182e+03
4.800000000000000000e+01 3.315950000000000273e+03
3.200000000000000000e+01 3.317650000000000091e+03
8.000000000000000000e+00 3.320599999999999909e+03
5.600000000000000000e+01 3.328099999999999909e+03
2.400000000000000000e+01 3.340000000000000000e+03
1.600000000000000000e+01 3.343750000000000000e+03
8.000000000000000000e+01 3.351400000000000091e+03
7.200000000000000000e+01 3.354000000000000000e+03
3.200000000000000000e+01 3.364900000000000091e+03
4.800000000000000000e+01 3.366450000000000273e+03
8.000000000000000000e+00 3.370800000000000182e+03
6.400000000000000000e+01 3.371800000000000182e+03
2.400000000000000000e+01 3.381349999999999909e+03
1.600000000000000000e+01 3.392599999999999909e+03
5.600000000000000000e+01 3.393900000000000091e+03
7.200000000000000000e+01 3.409849999999999909e+03
4.000000000000000000e+01 3.426200000000000273e+03
1.600000000000000000e+01 3.430000000000000000e+03
3.200000000000000000e+01 3.441200000000000273e+03
2.400000000000000000e+01 3.445700000000000273e+03
6.400000000000000000e+01 3.451849999999999909e+03
7.200000000000000000e+01 3.456150000000000091e+03
8.000000000000000000e+00 3.459550000000000182e+03
1.600000000000000000e+01 3.467200000000000273e+03
5.600000000000000000e+01 3.470849999999999909e+03
7.200000000000000000e+01 3.495700000000000273e+03
8.000000000000000000e+00 3.496150000000000091e+03
3.200000000000000000e+01 3.499700000000000273e+03
5.600000000000000000e+01 3.510200000000000273e+03
4.000000000000000000e+01 3.510650000000000091e+03
4.800000000000000000e+01 3.536500000000000000e+03
1.600000000000000000e+01 3.537150000000000091e+03
7.200000000000000000e+01 3.538099999999999909e+03
2.400000000000000000e+01 3.541200000000000273e+03
8.000000000000000000e+00 3.553150000000000091e+03
5.600000000000000000e+01 3.574150000000000091e+03
4.000000000000000000e+01 3.574300000000000182e+03
8.000000000000000000e+01 3.581200000000000273e+03
3.200000000000000000e+01 3.592500000000000000e+03
1.600000000000000000e+01 3.607950000000000273e+03
5.600000000000000000e+01 3.611000000000000000e+03
6.400000000000000000e+01 3.614349999999999909e+03
4.800000000000000000e+01 3.618400000000000091e+03
8.000000000000000000e+00 3.621250000000000000e+03
4.000000000000000000e+01 3.639800000000000182e+03
3.200000000000000000e+01 3.653349999999999909e+03
7.200000000000000000e+01 3.658950000000000273e+03
6.400000000000000000e+01 3.660700000000000273e+03
2.400000000000000000e+01 3.661000000000000000e+03
8.000000000000000000e+01 3.670400000000000091e+03
4.800000000000000000e+01 3.677800000000000182e+03
5.600000000000000000e+01 3.682650000000000091e+03
8.000000000000000000e+00 3.689150000000000091e+03
3.200000000000000000e+01 3.690000000000000000e+03
4.000000000000000000e+01 3.695200000000000273e+03
8.000000000000000000e+01 3.720050000000000182e+03
5.600000000000000000e+01 3.721000000000000000e+03
4.800000000000000000e+01 3.722800000000000182e+03
2.400000000000000000e+01 3.726400000000000091e+03
7.200000000000000000e+01 3.729700000000000273e+03
6.400000000000000000e+01 3.736400000000000091e+03
3.200000000000000000e+01 3.736650000000000091e+03
1.600000000000000000e+01 3.746099999999999909e+03
3.200000000000000000e+01 3.774050000000000182e+03
7.200000000000000000e+01 3.784150000000000091e+03
5.600000000000000000e+01 3.788500000000000000e+03
4.000000000000000000e+01 3.789650000000000091e+03
4.800000000000000000e+01 3.796250000000000000e+03
6.400000000000000000e+01 3.797950000000000273e+03
8.000000000000000000e+00 3.808250000000000000e+03
7.200000000000000000e+01 3.815000000000000000e+03
3.200000000000000000e+01 3.818300000000000182e+03
8.000000000000000000e+01 3.834200000000000273e+03
1.600000000000000000e+01 3.840800000000000182e+03
8.000000000000000000e+00 3.845500000000000000e+03
4.800000000000000000e+01 3.848849999999999909e+03
4.000000000000000000e+01 3.862700000000000273e+03
7.200000000000000000e+01 3.869900000000000091e+03
2.400000000000000000e+01 3.871349999999999909e+03
6.400000000000000000e+01 3.881800000000000182e+03
5.600000000000000000e+01 3.893150000000000091e+03
3.200000000000000000e+01 3.894050000000000182e+03
4.800000000000000000e+01 3.904800000000000182e+03
1.600000000000000000e+01 3.905000000000000000e+03
2.400000000000000000e+01 3.913250000000000000e+03
4.000000000000000000e+01 3.914200000000000273e+03
6.400000000000000000e+01 3.928849999999999909e+03
7.200000000000000000e+01 3.939000000000000000e+03
8.000000000000000000e+01 3.947500000000000000e+03
3.200000000000000000e+01 3.948349999999999909e+03
8.000000000000000000e+00 3.952950000000000273e+03
5.600000000000000000e+01 3.961450000000000273e+03
2.400000000000000000e+01 3.962849999999999909e+03
4.000000000000000000e+01 3.976800000000000182e+03
6.400000000000000000e+01 3.977150000000000091e+03
7.200000000000000000e+01 3.996650000000000091e+03
3.200000000000000000e+01 4.009050000000000182e+03
8.000000000000000000e+00 4.017400000000000091e+03
5.600000000000000000e+01 4.017800000000000182e+03
2.400000000000000000e+01 4.028849999999999909e+03
8.000000000000000000e+01 4.031250000000000000e+03
1.600000000000000000e+01 4.033700000000000273e+03
4.800000000000000000e+01 4.037150000000000091e+03
4.000000000000000000e+01 4.047450000000000273e+03
3.200000000000000000e+01 4.052000000000000000e+03
7.200000000000000000e+01 4.055400000000000091e+03
2.400000000000000000e+01 4.071700000000000273e+03
6.400000000000000000e+01 4.074400000000000091e+03
8.000000000000000000e+01 4.079200000000000273e+03
1.600000000000000000e+01 4.079700000000000273e+03
8.000000000000000000e+00 4.081250000000000000e+03
4.800000000000000000e+01 4.081250000000000000e+03
5.600000000000000000e+01 4.092200000000000273e+03
7.200000000000000000e+01 4.102399999999999636e+03
1.600000000000000000e+01 4.109649999999999636e+03
2.400000000000000000e+01 4.110500000000000000e+03
3.200000000000000000e+01 4.116350000000000364e+03
6.400000000000000000e+01 4.127600000000000364e+03
4.000000000000000000e+01 4.132250000000000000e+03
8.000000000000000000e+01 4.144050000000000182e+03
3.200000000000000000e+01 4.152350000000000364e+03
2.400000000000000000e+01 4.157699999999999818e+03
7.200000000000000000e+01 4.158250000000000000e+03
4.800000000000000000e+01 4.173699999999999818e+03
6.400000000000000000e+01 4.180800000000000182e+03
1.600000000000000000e+01 4.182149999999999636e+03
8.000000000000000000e+00 4.194500000000000000e+03
3.200000000000000000e+01 4.197350000000000364e+03
8.000000000000000000e+01 4.201850000000000364e+03
7.200000000000000000e+01 4.204449999999999818e+03
2.400000000000000000e+01 4.206449999999999818e+03
4.000000000000000000e+01 4.218100000000000364e+03
7.200000000000000000e+01 4.234449999999999818e+03
6.400000000000000000e+01 4.242949999999999818e+03
4.800000000000000000e+01 4.249000000000000000e+03
2.400000000000000000e+01 4.252000000000000000e+03
1.600000000000000000e+01 4.254300000000000182e+03
3.200000000000000000e+01 4.254300000000000182e+03
4.000000000000000000e+01 4.258899999999999636e+03
5.600000000000000000e+01 4.259250000000000000e+03
8.000000000000000000e+00 4.263750000000000000e+03
7.200000000000000000e+01 4.281699999999999818e+03
8.000000000000000000e+01 4.284500000000000000e+03
4.000000000000000000e+01 4.286000000000000000e+03
4.800000000000000000e+01 4.290600000000000364e+03
6.400000000000000000e+01 4.303050000000000182e+03
5.600000000000000000e+01 4.306949999999999818e+03
3.200000000000000000e+01 4.313050000000000182e+03
8.000000000000000000e+00 4.313149999999999636e+03
8.000000000000000000e+01 4.317300000000000182e+03
7.200000000000000000e+01 4.318600000000000364e+03
4.800000000000000000e+01 4.321050000000000182e+03
2.400000000000000000e+01 4.330399999999999636e+03
8.000000000000000000e+00 4.351050000000000182e+03
3.200000000000000000e+01 4.353800000000000182e+03
4.000000000000000000e+01 4.359350000000000364e+03
6.400000000000000000e+01 4.374250000000000000e+03
8.000000000000000000e+01 4.383449999999999818e+03
4.800000000000000000e+01 4.385850000000000364e+03
8.000000000000000000e+00 4.408800000000000182e+03
2.400000000000000000e+01 4.412850000000000364e+03
6.400000000000000000e+01 4.413750000000000000e+03
7.200000000000000000e+01 4.426600000000000364e+03
8.000000000000000000e+01 4.426900000000000546e+03
3.200000000000000000e+01 4.428250000000000000e+03
5.600000000000000000e+01 4.430750000000000000e+03
1.600000000000000000e+01 4.436300000000000182e+03
4.800000000000000000e+01 4.452150000000000546e+03
4.000000000000000000e+01 4.460150000000000546e+03
8.000000000000000000e+00 4.466000000000000000e+03
6.400000000000000000e+01 4.477300000000000182e+03
2.400000000000000000e+01 4.478400000000000546e+03
5.600000000000000000e+01 4.480949999999999818e+03
8.000000000000000000e+01 4.484250000000000000e+03
7.200000000000000000e+01 4.490100000000000364e+03
4.000000000000000000e+01 4.491600000000000364e+03
3.200000000000000000e+01 4.493100000000000364e+03
1.600000000000000000e+01 4.514449999999999818e+03
5.600000000000000000e+01 4.515750000000000000e+03
2.400000000000000000e+01 4.518250000000000000e+03
8.000000000000000000e+00 4.523250000000000000e+03
7.200000000000000000e+01 4.532850000000000364e+03
4.800000000000000000e+01 4.539050000000000182e+03
6.400000000000000000e+01 4.539350000000000364e+03
8.000000000000000000e+00 4.554350000000000364e+03
4.000000000000000000e+01 4.557949999999999818e+03
5.600000000000000000e+01 4.568300000000000182e+03
8.000000000000000000e+01 4.571650000000000546e+03
4.800000000000000000e+01 4.573949999999999818e+03
2.400000000000000000e+01 4.576050000000000182e+03
3.200000000000000000e+01 4.576750000000000000e+03
8.000000000000000000e+00 4.582650000000000546e+03
6.400000000000000000e+01 4.596750000000000000e+03
1.600000000000000000e+01 4.608250000000000000e+03
7.200000000000000000e+01 4.608250000000000000e+03
8.000000000000000000e+01 4.611400000000000546e+03
5.600000000000000000e+01 4.624150000000000546e+03
8.000000000000000000e+00 4.629250000000000000e+03
2.400000000000000000e+01 4.644550000000000182e+03
4.800000000000000000e+01 4.646000000000000000e+03
6.400000000000000000e+01 4.648800000000000182e+03
4.000000000000000000e+01 4.663350000000000364e+03
7.200000000000000000e+01 4.684900000000000546e+03
8.000000000000000000e+01 4.690400000000000546e+03
1.600000000000000000e+01 4.691400000000000546e+03
5.600000000000000000e+01 4.701850000000000364e+03
6.400000000000000000e+01 4.706050000000000182e+03
4.000000000000000000e+01 4.712550000000000182e+03
8.000000000000000000e+00 4.715500000000000000e+03
2.400000000000000000e+01 4.718300000000000182e+03
3.200000000000000000e+01 4.718350000000000364e+03
7.200000000000000000e+01 4.729350000000000364e+03
4.800000000000000000e+01 4.732150000000000546e+03
1.600000000000000000e+01 4.735300000000000182e+03
3.200000000000000000e+01 4.744100000000000364e+03
4.000000000000000000e+01 4.745600000000000364e+03
5.600000000000000000e+01 4.745800000000000182e+03
8.000000000000000000e+01 4.747100000000000364e+03
2.400000000000000000e+01 4.758900000000000546e+03
8.000000000000000000e+00 4.761150000000000546e+03
6.400000000000000000e+01 4.778150000000000546e+03
4.800000000000000000e+01 4.784400000000000546e+03
5.600000000000000000e+01 4.789600000000000364e+03
4.000000000000000000e+01 4.791150000000000546e+03
3.200000000000000000e+01 4.795699999999999818e+03
7.200000000000000000e+01 4.801550000000000182e+03
1.600000000000000000e+01 4.804650000000000546e+03
8.000000000000000000e+01 4.810250000000000000e+03
8.000000000000000000e+00 4.812100000000000364e+03
4.800000000000000000e+01 4.834300000000000182e+03
3.200000000000000000e+01 4.837350000000000364e+03
5.600000000000000000e+01 4.840199999999999818e+03
2.400000000000000000e+01 4.842800000000000182e+03
8.000000000000000000e+00 4.842900000000000546e+03
7.200000000000000000e+01 4.850900000000000546e+03
1.600000000000000000e+01 4.859949999999999818e+03
8.000000000000000000e+01 4.870449999999999818e+03
4.000000000000000000e+01 4.871449999999999818e+03
6.400000000000000000e+01 4.879800000000000182e+03
4.800000000000000000e+01 4.880250000000000000e+03
5.600000000000000000e+01 4.888050000000000182e+03
7.200000000000000000e+01 4.901500000000000000e+03
3.200000000000000000e+01 4.902150000000000546e+03
8.000000000000000000e+00 4.902500000000000000e+03
4.000000000000000000e+01 4.910949999999999818e+03
2.400000000000000000e+01 4.914949999999999818e+03
5.600000000000000000e+01 4.919250000000000000e+03
1.600000000000000000e+01 4.924300000000000182e+03
6.400000000000000000e+01 4.929949999999999818e+03
8.000000000000000000e+01 4.930900000000000546e+03
4.800000000000000000e+01 4.934400000000000546e+03
4.000000000000000000e+01 4.946400000000000546e+03
5.600000000000000000e+01 4.953350000000000364e+03
2.400000000000000000e+01 4.961350000000000364e+03
7.200000000000000000e+01 4.961650000000000546e+03
3.200000000000000000e+01 4.964300000000000182e+03
1.600000000000000000e+01 4.966900000000000546e+03
6.400000000000000000e+01 4.971250000000000000e+03
2.400000000000000000e+01 5.003300000000000182e+03
4.000000000000000000e+01 5.015300000000000182e+03
8.000000000000000000e+00 5.018300000000000182e+03
5.600000000000000000e+01 5.027150000000000546e+03
4.800000000000000000e+01 5.034550000000000182e+03
2.400000000000000000e+01 5.039550000000000182e+03
7.200000000000000000e+01 5.041949999999999818e+03
6.400000000000000000e+01 5.046850000000000364e+03
3.200000000000000000e+01 5.052900000000000546e+03
8.000000000000000000e+01 5.055250000000000000e+03
8.000000000000000000e+00 5.056699999999999818e+03
4.000000000000000000e+01 5.058350000000000364e+03
7.200000000000000000e+01 5.074000000000000000e+03
1.600000000000000000e+01 5.078800000000000182e+03
4.800000000000000000e+01 5.081750000000000000e+03
2.400000000000000000e+01 5.083449999999999818e+03
8.000000000000000000e+01 5.086350000000000364e+03
6.400000000000000000e+01 5.091949999999999818e+03
8.000000000000000000e+00 5.100500000000000000e+03
5.600000000000000000e+01 5.109900000000000546e+03
3.200000000000000000e+01 5.117550000000000182e+03
4.800000000000000000e+01 5.128400000000000546e+03
2.400000000000000000e+01 5.130100000000000364e+03
7.200000000000000000e+01 5.136100000000000364e+03
6.400000000000000000e+01 5.137100000000000364e+03
1.600000000000000000e+01 5.137600000000000364e+03
8.000000000000000000e+01 5.138300000000000182e+03
3.200000000000000000e+01 5.154250000000000000e+03
4.000000000000000000e+01 5.157100000000000364e+03
5.600000000000000000e+01 5.172949999999999818e+03
2.400000000000000000e+01 5.173350000000000364e+03
7.200000000000000000e+01 5.175300000000000182e+03
4.000000000000000000e+01 5.196400000000000546e+03
8.000000000000000000e+00 5.196750000000000000e+03
8.000000000000000000e+01 5.201250000000000000e+03
1.600000000000000000e+01 5.201900000000000546e+03
2.400000000000000000e+01 5.203550000000000182e+03
4.800000000000000000e+01 5.211100000000000364e+03
6.400000000000000000e+01 5.211750000000000000e+03
3.200000000000000000e+01 5.227100000000000364e+03
5.600000000000000000e+01 5.234650000000000546e+03
8.000000000000000000e+00 5.238199999999999818e+03
8.000000000000000000e+01 5.244050000000000182e+03
7.200000000000000000e+01 5.252750000000000000e+03
4.800000000000000000e+01 5.253300000000000182e+03
6.400000000000000000e+01 5.255400000000000546e+03
4.000000000000000000e+01 5.256650000000000546e+03
1.600000000000000000e+01 5.257400000000000546e+03
2.400000000000000000e+01 5.261650000000000546e+03
3.200000000000000000e+01 5.276600000000000364e+03
5.600000000000000000e+01 5.281850000000000364e+03
4.800000000000000000e+01 5.284699999999999818e+03
7.200000000000000000e+01 5.295699999999999818e+03
8.000000000000000000e+00 5.298150000000000546e+03
8.000000000000000000e+01 5.298949999999999818e+03
2.400000000000000000e+01 5.299050000000000182e+03
4.000000000000000000e+01 5.301100000000000364e+03
1.600000000000000000e+01 5.309800000000000182e+03
6.400000000000000000e+01 5.312150000000000546e+03
5.600000000000000000e+01 5.312350000000000364e+03
4.800000000000000000e+01 5.328100000000000364e+03
8.000000000000000000e+00 5.331300000000000182e+03
4.000000000000000000e+01 5.341449999999999818e+03
7.200000000000000000e+01 5.343500000000000000e+03
3.200000000000000000e+01 5.343949999999999818e+03
5.600000000000000000e+01 5.344100000000000364e+03
8.000000000000000000e+01 5.346250000000000000e+03
2.400000000000000000e+01 5.347100000000000364e+03
4.000000000000000000e+01 5.375850000000000364e+03
7.200000000000000000e+01 5.376750000000000000e+03
8.000000000000000000e+00 5.380600000000000364e+03
3.200000000000000000e+01 5.386449999999999818e+03
8.000000000000000000e+01 5.387500000000000000e+03
5.600000000000000000e+01 5.391150000000000546e+03
4.800000000000000000e+01 5.393449999999999818e+03
1.600000000000000000e+01 5.399199999999999818e+03
8.000000000000000000e+01 5.418400000000000546e+03
7.200000000000000000e+01 5.418850000000000364e+03
3.200000000000000000e+01 5.419500000000000000e+03
2.400000000000000000e+01 5.423900000000000546e+03
4.000000000000000000e+01 5.424100000000000364e+03
8.000000000000000000e+00 5.428500000000000000e+03
5.600000000000000000e+01 5.429650000000000546e+03
1.600000000000000000e+01 5.434949999999999818e+03
4.800000000000000000e+01 5.453500000000000000e+03
8.000000000000000000e+01 5.456949999999999818e+03
6.400000000000000000e+01 5.460000000000000000e+03
1.600000000000000000e+01 5.470100000000000364e+03
8.000000000000000000e+00 5.470400000000000546e+03
7.200000000000000000e+01 5.471300000000000182e+03
2.400000000000000000e+01 5.477199999999999818e+03
4.000000000000000000e+01 5.477850000000000364e+03
4.800000000000000000e+01 5.488500000000000000e+03
8.000000000000000000e+01 5.490350000000000364e+03
3.200000000000000000e+01 5.497150000000000546e+03
6.400000000000000000e+01 5.504400000000000546e+03
2.400000000000000000e+01 5.518699999999999818e+03
7.200000000000000000e+01 5.519300000000000182e+03
8.000000000000000000e+00 5.521600000000000364e+03
5.600000000000000000e+01 5.529650000000000546e+03
4.000000000000000000e+01 5.531500000000000000e+03
1.600000000000000000e+01 5.535500000000000000e+03
8.000000000000000000e+01 5.535900000000000546e+03
3.200000000000000000e+01 5.543650000000000546e+03
4.800000000000000000e+01 5.545300000000000182e+03
6.400000000000000000e+01 5.546050000000000182e+03
8.000000000000000000e+00 5.562850000000000364e+03
2.400000000000000000e+01 5.564699999999999818e+03
5.600000000000000000e+01 5.565000000000000000e+03
1.600000000000000000e+01 5.569400000000000546e+03
8.000000000000000000e+01 5.577100000000000364e+03
7.200000000000000000e+01 5.578199999999999818e+03
4.000000000000000000e+01 5.585550000000000182e+03
3.200000000000000000e+01 5.588150000000000546e+03
6.400000000000000000e+01 5.602850000000000364e+03
2.400000000000000000e+01 5.603150000000000546e+03
4.800000000000000000e+01 5.606850000000000364e+03
4.000000000000000000e+01 5.613850000000000364e+03
1.600000000000000000e+01 5.616650000000000546e+03
8.000000000000000000e+01 5.616900000000000546e+03
7.200000000000000000e+01 5.631100000000000364e+03
6.400000000000000000e+01 5.645500000000000000e+03
8.000000000000000000e+00 5.651500000000000000e+03
5.600000000000000000e+01 5.655100000000000364e+03
2.400000000000000000e+01 5.660350000000000364e+03
4.000000000000000000e+01 5.660650000000000546e+03
7.200000000000000000e+01 5.667150000000000546e+03
3.200000000000000000e+01 5.668300000000000182e+03
8.000000000000000000e+01 5.670750000000000000e+03
1.600000000000000000e+01 5.677850000000000364e+03
4.800000000000000000e+01 5.678900000000000546e+03
4.000000000000000000e+01 5.690850000000000364e+03
8.000000000000000000e+00 5.695000000000000000e+03
5.600000000000000000e+01 5.695449999999999818e+03
8.000000000000000000e+01 5.703850000000000364e+03
1.600000000000000000e+01 5.705800000000000182e+03
6.400000000000000000e+01 5.706850000000000364e+03
4.800000000000000000e+01 5.707600000000000364e+03
2.400000000000000000e+01 5.712800000000000182e+03
3.200000000000000000e+01 5.716100000000000364e+03
1.600000000000000000e+01 5.729000000000000000e+03
5.600000000000000000e+01 5.732250000000000000e+03
4.000000000000000000e+01 5.736100000000000364e+03
8.000000000000000000e+00 5.737350000000000364e+03
6.400000000000000000e+01 5.744750000000000000e+03
7.200000000000000000e+01 5.748050000000000182e+03
3.200000000000000000e+01 5.752050000000000182e+03
2.400000000000000000e+01 5.763650000000000546e+03
5.600000000000000000e+01 5.764400000000000546e+03
8.000000000000000000e+00 5.768350000000000364e+03
4.000000000000000000e+01 5.770150000000000546e+03
1.600000000000000000e+01 5.773199999999999818e+03
6.400000000000000000e+01 5.773500000000000000e+03
4.800000000000000000e+01 5.775300000000000182e+03
8.000000000000000000e+01 5.783650000000000546e+03
2.400000000000000000e+01 5.801150000000000546e+03
7.200000000000000000e+01 5.807350000000000364e+03
4.000000000000000000e+01 5.808800000000000182e+03
5.600000000000000000e+01 5.808800000000000182e+03
4.800000000000000000e+01 5.814550000000000182e+03
3.200000000000000000e+01 5.827550000000000182e+03
8.000000000000000000e+01 5.827650000000000546e+03
8.000000000000000000e+00 5.834900000000000546e+03
1.600000000000000000e+01 5.836550000000000182e+03
5.600000000000000000e+01 5.844949999999999818e+03
6.400000000000000000e+01 5.851199999999999818e+03
7.200000000000000000e+01 5.859850000000000364e+03
2.400000000000000000e+01 5.860500000000000000e+03
1.600000000000000000e+01 5.867699999999999818e+03
4.000000000000000000e+01 5.869550000000000182e+03
3.200000000000000000e+01 5.875699999999999818e+03
4.800000000000000000e+01 5.877500000000000000e+03
8.000000000000000000e+01 5.880300000000000182e+03
5.600000000000000000e+01 5.881199999999999818e+03
6.400000000000000000e+01 5.882699999999999818e+03
8.000000000000000000e+00 5.883850000000000364e+03
7.200000000000000000e+01 5.910199999999999818e+03
2.400000000000000000e+01 5.911699999999999818e+03
8.000000000000000000e+00 5.918550000000000182e+03
3.200000000000000000e+01 5.929199999999999818e+03
1.600000000000000000e+01 5.935400000000000546e+03
7.200000000000000000e+01 5.935750000000000000e+03
5.600000000000000000e+01 5.937150000000000546e+03
8.000000000000000000e+01 5.937400000000000546e+03
4.000000000000000000e+01 5.941449999999999818e+03
2.400000000000000000e+01 5.952050000000000182e+03
8.000000000000000000e+00 5.952500000000000000e+03
6.400000000000000000e+01 5.960500000000000000e+03
4.800000000000000000e+01 5.962949999999999818e+03
5.600000000000000000e+01 5.979300000000000182e+03
3.200000000000000000e+01 5.990100000000000364e+03
4.000000000000000000e+01 5.992199999999999818e+03
8.000000000000000000e+00 5.998050000000000182e+03
6.400000000000000000e+01 5.998199999999999818e+03
7.200000000000000000e+01 6.002800000000000182e+03
4.800000000000000000e+01 6.003250000000000000e+03
8.000000000000000000e+01 6.006949999999999818e+03
2.400000000000000000e+01 6.012300000000000182e+03
5.600000000000000000e+01 6.021850000000000364e+03
6.400000000000000000e+01 6.031500000000000000e+03
1.600000000000000000e+01 6.031699999999999818e+03
7.200000000000000000e+01 6.033000000000000000e+03
3.200000000000000000e+01 6.033050000000000182e+03
4.800000000000000000e+01 6.035350000000000364e+03
4.000000000000000000e+01 6.036900000000000546e+03
8.000000000000000000e+00 6.039650000000000546e+03
2.400000000000000000e+01 6.043949999999999818e+03
8.000000000000000000e+01 6.044350000000000364e+03
5.600000000000000000e+01 6.061550000000000182e+03
7.200000000000000000e+01 6.064699999999999818e+03
6.400000000000000000e+01 6.069300000000000182e+03
1.600000000000000000e+01 6.070949999999999818e+03
4.000000000000000000e+01 6.080000000000000000e+03
4.800000000000000000e+01 6.080400000000000546e+03
3.200000000000000000e+01 6.086199999999999818e+03
8.000000000000000000e+00 6.086500000000000000e+03
2.400000000000000000e+01 6.095050000000000182e+03
7.200000000000000000e+01 6.101350000000000364e+03
5.600000000000000000e+01 6.104750000000000000e+03
1.600000000000000000e+01 6.105800000000000182e+03
6.400000000000000000e+01 6.108000000000000000e+03
4.000000000000000000e+01 6.120400000000000546e+03
8.000000000000000000e+00 6.127800000000000182e+03
8.000000000000000000e+01 6.129400000000000546e+03
4.800000000000000000e+01 6.129949999999999818e+03
3.200000000000000000e+01 6.134449999999999818e+03
5.600000000000000000e+01 6.136100000000000364e+03
7.200000000000000000e+01 6.136850000000000364e+03
6.400000000000000000e+01 6.145750000000000000e+03
1.600000000000000000e+01 6.160949999999999818e+03
3.200000000000000000e+01 6.164350000000000364e+03
6.400000000000000000e+01 6.167050000000000182e+03
4.800000000000000000e+01 6.167800000000000182e+03
2.400000000000000000e+01 6.168300000000000182e+03
7.200000000000000000e+01 6.172150000000000546e+03
8.000000000000000000e+00 6.175500000000000000e+03
4.000000000000000000e+01 6.178350000000000364e+03
8.000000000000000000e+01 6.188250000000000000e+03
5.600000000000000000e+01 6.193199999999999818e+03
1.600000000000000000e+01 6.200199999999999818e+03
6.400000000000000000e+01 6.201300000000000182e+03
2.400000000000000000e+01 6.202800000000000182e+03
4.800000000000000000e+01 6.203000000000000000e+03
7.200000000000000000e+01 6.205750000000000000e+03
8.000000000000000000e+00 6.210750000000000000e+03
4.000000000000000000e+01 6.219000000000000000e+03
8.000000000000000000e+01 6.223250000000000000e+03
3.200000000000000000e+01 6.234350000000000364e+03
1.600000000000000000e+01 6.239050000000000182e+03
4.800000000000000000e+01 6.240750000000000000e+03
5.600000000000000000e+01 6.242750000000000000e+03
7.200000000000000000e+01 6.245900000000000546e+03
6.400000000000000000e+01 6.247600000000000364e+03
2.400000000000000000e+01 6.248199999999999818e+03
4.000000000000000000e+01 6.253199999999999818e+03
8.000000000000000000e+00 6.273900000000000546e+03
1.600000000000000000e+01 6.285550000000000182e+03
4.000000000000000000e+01 6.285850000000000364e+03
2.400000000000000000e+01 6.286550000000000182e+03
5.600000000000000000e+01 6.286900000000000546e+03
7.200000000000000000e+01 6.287350000000000364e+03
8.000000000000000000e+01 6.287750000000000000e+03
6.400000000000000000e+01 6.295050000000000182e+03
3.200000000000000000e+01 6.310199999999999818e+03
4.000000000000000000e+01 6.321000000000000000e+03
8.000000000000000000e+00 6.322300000000000182e+03
5.600000000000000000e+01 6.329300000000000182e+03
7.200000000000000000e+01 6.336199999999999818e+03
8.000000000000000000e+01 6.337199999999999818e+03
3.200000000000000000e+01 6.340699999999999818e+03
2.400000000000000000e+01 6.343500000000000000e+03
4.000000000000000000e+01 6.355449999999999818e+03
4.800000000000000000e+01 6.357850000000000364e+03
1.600000000000000000e+01 6.359550000000000182e+03
6.400000000000000000e+01 6.361100000000000364e+03
8.000000000000000000e+00 6.364150000000000546e+03
5.600000000000000000e+01 6.367650000000000546e+03
2.400000000000000000e+01 6.380400000000000546e+03
3.200000000000000000e+01 6.388500000000000000e+03
7.200000000000000000e+01 6.390650000000000546e+03
4.800000000000000000e+01 6.390850000000000364e+03
8.000000000000000000e+01 6.392400000000000546e+03
5.600000000000000000e+01 6.393350000000000364e+03
1.600000000000000000e+01 6.393500000000000000e+03
4.000000000000000000e+01 6.394449999999999818e+03
6.400000000000000000e+01 6.395100000000000364e+03
2.400000000000000000e+01 6.407750000000000000e+03
7.200000000000000000e+01 6.416600000000000364e+03
3.200000000000000000e+01 6.424800000000000182e+03
4.800000000000000000e+01 6.426949999999999818e+03
6.400000000000000000e+01 6.440800000000000182e+03
1.600000000000000000e+01 6.441850000000000364e+03
5.600000000000000000e+01 6.442400000000000546e+03
2.400000000000000000e+01 6.445300000000000182e+03
4.000000000000000000e+01 6.445400000000000546e+03
8.000000000000000000e+01 6.446750000000000000e+03
7.200000000000000000e+01 6.448449999999999818e+03
8.000000000000000000e+00 6.450550000000000182e+03
6.400000000000000000e+01 6.468800000000000182e+03
4.800000000000000000e+01 6.471850000000000364e+03
4.000000000000000000e+01 6.473050000000000182e+03
5.600000000000000000e+01 6.478150000000000546e+03
8.000000000000000000e+01 6.494949999999999818e+03
2.400000000000000000e+01 6.498449999999999818e+03
7.200000000000000000e+01 6.498650000000000546e+03
3.200000000000000000e+01 6.500000000000000000e+03
6.400000000000000000e+01 6.501500000000000000e+03
4.800000000000000000e+01 6.506949999999999818e+03
8.000000000000000000e+00 6.509350000000000364e+03
1.600000000000000000e+01 6.521150000000000546e+03
5.600000000000000000e+01 6.528750000000000000e+03
7.200000000000000000e+01 6.532949999999999818e+03
2.400000000000000000e+01 6.533900000000000546e+03
4.000000000000000000e+01 6.534650000000000546e+03
3.200000000000000000e+01 6.535050000000000182e+03
8.000000000000000000e+00 6.539350000000000364e+03
4.800000000000000000e+01 6.542000000000000000e+03
8.000000000000000000e+01 6.544100000000000364e+03
6.400000000000000000e+01 6.553850000000000364e+03
1.600000000000000000e+01 6.558800000000000182e+03
5.600000000000000000e+01 6.564350000000000364e+03
3.200000000000000000e+01 6.570650000000000546e+03
7.200000000000000000e+01 6.571600000000000364e+03
2.400000000000000000e+01 6.574000000000000000e+03
4.800000000000000000e+01 6.588100000000000364e+03
8.000000000000000000e+01 6.590600000000000364e+03
6.400000000000000000e+01 6.601550000000000182e+03
4.000000000000000000e+01 6.604300000000000182e+03
5.600000000000000000e+01 6.605949999999999818e+03
1.600000000000000000e+01 6.608100000000000364e+03
8.000000000000000000e+00 6.610750000000000000e+03
3.200000000000000000e+01 6.614350000000000364e+03
7.200000000000000000e+01 6.615000000000000000e+03
2.400000000000000000e+01 6.617699999999999818e+03
4.800000000000000000e+01 6.624350000000000364e+03
4.000000000000000000e+01 6.639350000000000364e+03
5.600000000000000000e+01 6.644550000000000182e+03
7.200000000000000000e+01 6.647449999999999818e+03
2.400000000000000000e+01 6.650400000000000546e+03
1.600000000000000000e+01 6.660500000000000000e+03
6.400000000000000000e+01 6.661550000000000182e+03
3.200000000000000000e+01 6.662449999999999818e+03
8.000000000000000000e+01 6.671500000000000000e+03
7.200000000000000000e+01 6.674250000000000000e+03
4.000000000000000000e+01 6.685699999999999818e+03
4.800000000000000000e+01 6.690000000000000000e+03
2.400000000000000000e+01 6.692949999999999818e+03
1.600000000000000000e+01 6.697350000000000364e+03
5.600000000000000000e+01 6.701300000000000182e+03
8.000000000000000000e+00 6.703199999999999818e+03
7.200000000000000000e+01 6.705650000000000546e+03
8.000000000000000000e+01 6.713449999999999818e+03
2.400000000000000000e+01 6.722400000000000546e+03
3.200000000000000000e+01 6.725650000000000546e+03
6.400000000000000000e+01 6.726150000000000546e+03
4.800000000000000000e+01 6.726500000000000000e+03
1.600000000000000000e+01 6.732949999999999818e+03
4.000000000000000000e+01 6.733250000000000000e+03
5.600000000000000000e+01 6.738750000000000000e+03
7.200000000000000000e+01 6.741000000000000000e+03
8.000000000000000000e+00 6.754250000000000000e+03
8.000000000000000000e+01 6.755000000000000000e+03
6.400000000000000000e+01 6.758050000000000182e+03
3.200000000000000000e+01 6.760250000000000000e+03
4.000000000000000000e+01 6.767900000000000546e+03
1.600000000000000000e+01 6.774050000000000182e+03
7.200000000000000000e+01 6.778250000000000000e+03
4.800000000000000000e+01 6.779800000000000182e+03
8.000000000000000000e+01 6.781449999999999818e+03
2.400000000000000000e+01 6.784600000000000364e+03
6.400000000000000000e+01 6.784650000000000546e+03
5.600000000000000000e+01 6.795850000000000364e+03
4.000000000000000000e+01 6.809650000000000546e+03
1.600000000000000000e+01 6.812800000000000182e+03
4.800000000000000000e+01 6.813449999999999818e+03
8.000000000000000000e+01 6.823600000000000364e+03
8.000000000000000000e+00 6.823800000000000182e+03
2.400000000000000000e+01 6.824449999999999818e+03
5.600000000000000000e+01 6.832150000000000546e+03
7.200000000000000000e+01 6.834800000000000182e+03
4.000000000000000000e+01 6.835699999999999818e+03
3.200000000000000000e+01 6.836199999999999818e+03
4.800000000000000000e+01 6.840400000000000546e+03
6.400000000000000000e+01 6.841150000000000546e+03
8.000000000000000000e+00 6.857800000000000182e+03
8.000000000000000000e+01 6.861500000000000000e+03
2.400000000000000000e+01 6.865750000000000000e+03
1.600000000000000000e+01 6.870300000000000182e+03
5.600000000000000000e+01 6.871000000000000000e+03
7.200000000000000000e+01 6.872350000000000364e+03
4.000000000000000000e+01 6.880850000000000364e+03
6.400000000000000000e+01 6.888449999999999818e+03
3.200000000000000000e+01 6.889050000000000182e+03
8.000000000000000000e+00 6.892699999999999818e+03
5.600000000000000000e+01 6.904350000000000364e+03
1.600000000000000000e+01 6.906500000000000000e+03
2.400000000000000000e+01 6.909350000000000364e+03
3.200000000000000000e+01 6.915449999999999818e+03
4.000000000000000000e+01 6.918000000000000000e+03
4.800000000000000000e+01 6.918100000000000364e+03
8.000000000000000000e+01 6.929699999999999818e+03
6.400000000000000000e+01 6.931550000000000182e+03
8.000000000000000000e+00 6.931949999999999818e+03
7.200000000000000000e+01 6.936000000000000000e+03
2.400000000000000000e+01 6.947000000000000000e+03
5.600000000000000000e+01 6.948449999999999818e+03
3.200000000000000000e+01 6.950750000000000000e+03
4.000000000000000000e+01 6.952350000000000364e+03
7.200000000000000000e+01 6.965500000000000000e+03
1.600000000000000000e+01 6.966350000000000364e+03
8.000000000000000000e+00 6.969449999999999818e+03
6.400000000000000000e+01 6.969449999999999818e+03
4.800000000000000000e+01 6.971949999999999818e+03
4.000000000000000000e+01 6.982600000000000364e+03
5.600000000000000000e+01 6.987650000000000546e+03
3.200000000000000000e+01 6.988300000000000182e+03
8.000000000000000000e+01 6.990750000000000000e+03
1.600000000000000000e+01 6.991850000000000364e+03
2.400000000000000000e+01 6.994050000000000182e+03
6.400000000000000000e+01 7.000850000000000364e+03
4.800000000000000000e+01 7.002300000000000182e+03
7.200000000000000000e+01 7.003050000000000182e+03
8.000000000000000000e+00 7.016850000000000364e+03
1.600000000000000000e+01 7.017100000000000364e+03
4.000000000000000000e+01 7.022949999999999818e+03
3.200000000000000000e+01 7.024150000000000546e+03
5.600000000000000000e+01 7.026300000000000182e+03
8.000000000000000000e+01 7.032650000000000546e+03
2.400000000000000000e+01 7.032850000000000364e+03
4.800000000000000000e+01 7.032949999999999818e+03
7.200000000000000000e+01 7.038000000000000000e+03
6.400000000000000000e+01 7.038650000000000546e+03
8.000000000000000000e+00 7.046650000000000546e+03
1.600000000000000000e+01 7.048250000000000000e+03
4.000000000000000000e+01 7.056150000000000546e+03
2.400000000000000000e+01 7.065100000000000364e+03
4.800000000000000000e+01 7.072150000000000546e+03
3.200000000000000000e+01 7.074850000000000364e+03
5.600000000000000000e+01 7.081300000000000182e+03
8.000000000000000000e+01 7.086100000000000364e+03
7.200000000000000000e+01 7.089350000000000364e+03
8.000000000000000000e+00 7.091600000000000364e+03
4.000000000000000000e+01 7.099949999999999818e+03
1.600000000000000000e+01 7.104699999999999818e+03
2.400000000000000000e+01 7.109300000000000182e+03
6.400000000000000000e+01 7.112600000000000364e+03
7.200000000000000000e+01 7.115300000000000182e+03
3.200000000000000000e+01 7.116699999999999818e+03
5.600000000000000000e+01 7.121300000000000182e+03
8.000000000000000000e+00 7.131449999999999818e+03
4.000000000000000000e+01 7.135750000000000000e+03
4.800000000000000000e+01 7.137350000000000364e+03
1.600000000000000000e+01 7.139250000000000000e+03
8.000000000000000000e+01 7.141350000000000364e+03
3.200000000000000000e+01 7.148550000000000182e+03
6.400000000000000000e+01 7.148600000000000364e+03
7.200000000000000000e+01 7.150600000000000364e+03
2.400000000000000000e+01 7.153500000000000000e+03
5.600000000000000000e+01 7.154350000000000364e+03
8.000000000000000000e+00 7.166550000000000182e+03
7.200000000000000000e+01 7.179750000000000000e+03
4.800000000000000000e+01 7.180050000000000182e+03
8.000000000000000000e+01 7.181150000000000546e+03
3.200000000000000000e+01 7.184699999999999818e+03
1.600000000000000000e+01 7.185550000000000182e+03
6.400000000000000000e+01 7.185850000000000364e+03
2.400000000000000000e+01 7.188400000000000546e+03
4.000000000000000000e+01 7.194050000000000182e+03
5.600000000000000000e+01 7.205150000000000546e+03
8.000000000000000000e+00 7.207800000000000182e+03
2.400000000000000000e+01 7.213500000000000000e+03
3.200000000000000000e+01 7.214150000000000546e+03
7.200000000000000000e+01 7.214199999999999818e+03
8.000000000000000000e+01 7.215750000000000000e+03
4.800000000000000000e+01 7.225100000000000364e+03
6.400000000000000000e+01 7.225699999999999818e+03
1.600000000000000000e+01 7.236250000000000000e+03
4.000000000000000000e+01 7.242449999999999818e+03
5.600000000000000000e+01 7.243150000000000546e+03
3.200000000000000000e+01 7.244650000000000546e+03
7.200000000000000000e+01 7.247750000000000000e+03
8.000000000000000000e+01 7.252900000000000546e+03
8.000000000000000000e+00 7.267900000000000546e+03
2.400000000000000000e+01 7.267850000000000364e+03
4.800000000000000000e+01 7.268150000000000546e+03
6.400000000000000000e+01 7.268350000000000364e+03
5.600000000000000000e+01 7.273500000000000000e+03
1.600000000000000000e+01 7.277949999999999818e+03
3.200000000000000000e+01 7.283400000000000546e+03
8.000000000000000000e+01 7.286750000000000000e+03
7.200000000000000000e+01 7.295449999999999818e+03
4.000000000000000000e+01 7.297800000000000182e+03
2.400000000000000000e+01 7.302400000000000546e+03
8.000000000000000000e+00 7.302900000000000546e+03
6.400000000000000000e+01 7.305400000000000546e+03
4.800000000000000000e+01 7.308949999999999818e+03
5.600000000000000000e+01 7.310000000000000000e+03
1.600000000000000000e+01 7.315500000000000000e+03
3.200000000000000000e+01 7.329949999999999818e+03
8.000000000000000000e+01 7.333000000000000000e+03
6.400000000000000000e+01 7.335800000000000182e+03
8.000000000000000000e+00 7.340350000000000364e+03
7.200000000000000000e+01 7.341400000000000546e+03
2.400000000000000000e+01 7.343850000000000364e+03
1.600000000000000000e+01 7.343949999999999818e+03
4.000000000000000000e+01 7.357050000000000182e+03
8.000000000000000000e+00 7.364500000000000000e+03
6.400000000000000000e+01 7.365699999999999818e+03
3.200000000000000000e+01 7.370500000000000000e+03
4.800000000000000000e+01 7.374550000000000182e+03
1.600000000000000000e+01 7.379500000000000000e+03
5.600000000000000000e+01 7.383550000000000182e+03
2.400000000000000000e+01 7.384000000000000000e+03
4.000000000000000000e+01 7.384600000000000364e+03
8.000000000000000000e+01 7.384750000000000000e+03
7.200000000000000000e+01 7.387449999999999818e+03
8.000000000000000000e+00 7.396900000000000546e+03
5.600000000000000000e+01 7.409949999999999818e+03
7.200000000000000000e+01 7.418150000000000546e+03
3.200000000000000000e+01 7.426650000000000546e+03
8.000000000000000000e+01 7.427500000000000000e+03
6.400000000000000000e+01 7.427800000000000182e+03
4.800000000000000000e+01 7.428900000000000546e+03
2.400000000000000000e+01 7.428949999999999818e+03
1.600000000000000000e+01 7.435850000000000364e+03
5.600000000000000000e+01 7.436850000000000364e+03
4.000000000000000000e+01 7.439699999999999818e+03
6.400000000000000000e+01 7.458449999999999818e+03
5.600000000000000000e+01 7.467500000000000000e+03
7.200000000000000000e+01 7.470750000000000000e+03
1.600000000000000000e+01 7.471750000000000000e+03
8.000000000000000000e+00 7.472100000000000364e+03
2.400000000000000000e+01 7.473100000000000364e+03
3.200000000000000000e+01 7.476800000000000182e+03
8.000000000000000000e+01 7.478300000000000182e+03
4.000000000000000000e+01 7.492350000000000364e+03
5.600000000000000000e+01 7.498949999999999818e+03
2.400000000000000000e+01 7.506300000000000182e+03
6.400000000000000000e+01 7.515550000000000182e+03
8.000000000000000000e+00 7.517600000000000364e+03
4.800000000000000000e+01 7.519550000000000182e+03
5.600000000000000000e+01 7.521750000000000000e+03
3.200000000000000000e+01 7.522699999999999818e+03
8.000000000000000000e+01 7.524400000000000546e+03
1.600000000000000000e+01 7.524600000000000364e+03
7.200000000000000000e+01 7.527350000000000364e+03
4.000000000000000000e+01 7.537550000000000182e+03
2.400000000000000000e+01 7.541600000000000364e+03
5.600000000000000000e+01 7.562699999999999818e+03
7.200000000000000000e+01 7.562900000000000546e+03
3.200000000000000000e+01 7.567800000000000182e+03
8.000000000000000000e+00 7.568500000000000000e+03
1.600000000000000000e+01 7.569850000000000364e+03
2.400000000000000000e+01 7.570949999999999818e+03
4.000000000000000000e+01 7.576650000000000546e+03
4.800000000000000000e+01 7.584300000000000182e+03
6.400000000000000000e+01 7.590050000000000182e+03
8.000000000000000000e+01 7.590400000000000546e+03
3.200000000000000000e+01 7.606650000000000546e+03
8.000000000000000000e+00 7.607500000000000000e+03
2.400000000000000000e+01 7.612750000000000000e+03
7.200000000000000000e+01 7.615350000000000364e+03
5.600000000000000000e+01 7.617600000000000364e+03
4.000000000000000000e+01 7.636600000000000364e+03
8.000000000000000000e+01 7.637600000000000364e+03
3.200000000000000000e+01 7.637650000000000546e+03
1.600000000000000000e+01 7.644100000000000364e+03
4.800000000000000000e+01 7.644350000000000364e+03
6.400000000000000000e+01 7.644949999999999818e+03
7.200000000000000000e+01 7.647550000000000182e+03
2.400000000000000000e+01 7.650900000000000546e+03
5.600000000000000000e+01 7.653199999999999818e+03
8.000000000000000000e+01 7.661600000000000364e+03
3.200000000000000000e+01 7.669850000000000364e+03
8.000000000000000000e+00 7.671500000000000000e+03
7.200000000000000000e+01 7.672300000000000182e+03
4.800000000000000000e+01 7.677150000000000546e+03
1.600000000000000000e+01 7.679150000000000546e+03
2.400000000000000000e+01 7.701300000000000182e+03
5.600000000000000000e+01 7.701750000000000000e+03
3.200000000000000000e+01 7.703750000000000000e+03
7.200000000000000000e+01 7.704650000000000546e+03
4.000000000000000000e+01 7.714550000000000182e+03
8.000000000000000000e+00 7.719250000000000000e+03
6.400000000000000000e+01 7.723800000000000182e+03
4.800000000000000000e+01 7.724949999999999818e+03
8.000000000000000000e+01 7.725650000000000546e+03
1.600000000000000000e+01 7.731449999999999818e+03
7.200000000000000000e+01 7.739850000000000364e+03
2.400000000000000000e+01 7.740500000000000000e+03
5.600000000000000000e+01 7.744000000000000000e+03
4.000000000000000000e+01 7.750449999999999818e+03
8.000000000000000000e+00 7.753100000000000364e+03
4.800000000000000000e+01 7.759199999999999818e+03
1.600000000000000000e+01 7.759650000000000546e+03
3.200000000000000000e+01 7.762350000000000364e+03
8.000000000000000000e+01 7.763550000000000182e+03
7.200000000000000000e+01 7.768800000000000182e+03
2.400000000000000000e+01 7.774449999999999818e+03
6.400000000000000000e+01 7.778000000000000000e+03
4.000000000000000000e+01 7.778750000000000000e+03
5.600000000000000000e+01 7.781699999999999818e+03
1.600000000000000000e+01 7.786400000000000546e+03
8.000000000000000000e+00 7.786650000000000546e+03
3.200000000000000000e+01 7.793449999999999818e+03
4.000000000000000000e+01 7.807699999999999818e+03
8.000000000000000000e+01 7.808449999999999818e+03
6.400000000000000000e+01 7.817400000000000546e+03
7.200000000000000000e+01 7.818350000000000364e+03
1.600000000000000000e+01 7.819199999999999818e+03
5.600000000000000000e+01 7.819199999999999818e+03
4.800000000000000000e+01 7.830600000000000364e+03
3.200000000000000000e+01 7.836900000000000546e+03
4.000000000000000000e+01 7.843100000000000364e+03
8.000000000000000000e+00 7.843699999999999818e+03
2.400000000000000000e+01 7.844150000000000546e+03
1.600000000000000000e+01 7.849300000000000182e+03
8.000000000000000000e+01 7.852199999999999818e+03
7.200000000000000000e+01 7.855550000000000182e+03
6.400000000000000000e+01 7.856300000000000182e+03
3.200000000000000000e+01 7.867600000000000364e+03
4.800000000000000000e+01 7.871300000000000182e+03
2.400000000000000000e+01 7.880500000000000000e+03
8.000000000000000000e+01 7.882699999999999818e+03
8.000000000000000000e+00 7.884949999999999818e+03
7.200000000000000000e+01 7.886400000000000546e+03
6.400000000000000000e+01 7.893150000000000546e+03
4.000000000000000000e+01 7.895350000000000364e+03
3.200000000000000000e+01 7.906449999999999818e+03
4.800000000000000000e+01 7.907000000000000000e+03
8.000000000000000000e+01 7.909600000000000364e+03
1.600000000000000000e+01 7.910750000000000000e+03
5.600000000000000000e+01 7.916100000000000364e+03
2.400000000000000000e+01 7.916300000000000182e+03
8.000000000000000000e+00 7.923550000000000182e+03
7.200000000000000000e+01 7.923650000000000546e+03
6.400000000000000000e+01 7.926250000000000000e+03
4.800000000000000000e+01 7.938949999999999818e+03
8.000000000000000000e+01 7.940949999999999818e+03
3.200000000000000000e+01 7.947400000000000546e+03
4.000000000000000000e+01 7.949900000000000546e+03
1.600000000000000000e+01 7.957250000000000000e+03
5.600000000000000000e+01 7.964750000000000000e+03
6.400000000000000000e+01 7.965600000000000364e+03
8.000000000000000000e+00 7.966500000000000000e+03
2.400000000000000000e+01 7.969650000000000546e+03
7.200000000000000000e+01 7.971699999999999818e+03
4.800000000000000000e+01 7.983000000000000000e+03
8.000000000000000000e+01 7.984150000000000546e+03
4.000000000000000000e+01 7.986100000000000364e+03
1.600000000000000000e+01 7.988250000000000000e+03
1.600000000000000000e+01 8.565850000000000364e+03
7.200000000000000000e+01 8.594649999999999636e+03
7.200000000000000000e+01 8.940899999999999636e+03
5.600000000000000000e+01 9.256950000000000728e+03
5.600000000000000000e+01 1.033155000000000109e+04
4.800000000000000000e+01 1.129920000000000073e+04
1.600000000000000000e+01 1.168089999999999964e+04
6.400000000000000000e+01 1.191320000000000073e+04
5.600000000000000000e+01 1.215600000000000000e+04
1.600000000000000000e+01 1.242260000000000036e+04
5.600000000000000000e+01 1.337564999999999964e+04
6.400000000000000000e+01 1.361275000000000000e+04
7.200000000000000000e+01 1.409020000000000073e+04
4.000000000000000000e+01 1.415080000000000109e+04
8.000000000000000000e+00 1.426680000000000109e+04
4.800000000000000000e+01 1.458220000000000073e+04
2.400000000000000000e+01 1.658009999999999854e+04
1.600000000000000000e+01 1.726515000000000146e+04
6.400000000000000000e+01 1.727209999999999854e+04
4.800000000000000000e+01 1.780560000000000218e+04
1.600000000000000000e+01 1.851165000000000146e+04
8.000000000000000000e+01 1.917260000000000218e+04
6.400000000000000000e+01 1.958540000000000146e+04
3.200000000000000000e+01 1.961790000000000146e+04
8.000000000000000000e+00 1.985179999999999927e+04
4.800000000000000000e+01 2.014254999999999927e+04
5.600000000000000000e+01 2.046025000000000000e+04
1.600000000000000000e+01 2.085500000000000000e+04
5.600000000000000000e+01 2.090745000000000073e+04
6.400000000000000000e+01 2.096835000000000218e+04
8.000000000000000000e+01 2.143675000000000000e+04
3.200000000000000000e+01 2.288920000000000073e+04
6.400000000000000000e+01 2.328050000000000000e+04
6.400000000000000000e+01 2.522965000000000146e+04
2.400000000000000000e+01 2.535785000000000218e+04
7.200000000000000000e+01 2.537129999999999927e+04
4.800000000000000000e+01 2.543415000000000146e+04
8.000000000000000000e+00 2.568465000000000146e+04
8.000000000000000000e+01 2.596145000000000073e+04
4.000000000000000000e+01 2.616095000000000073e+04
7.200000000000000000e+01 2.618775000000000000e+04
5.600000000000000000e+01 2.642429999999999927e+04
7.200000000000000000e+01 2.817975000000000000e+04
7.200000000000000000e+01 2.851570000000000073e+04
7.200000000000000000e+01 2.932320000000000073e+04
5.600000000000000000e+01 2.936785000000000218e+04
7.200000000000000000e+01 2.979004999999999927e+04
8.000000000000000000e+00 3.018095000000000073e+04
2.400000000000000000e+01 3.055225000000000000e+04
2.400000000000000000e+01 3.068420000000000073e+04
4.800000000000000000e+01 3.072200000000000000e+04
4.000000000000000000e+01 3.077204999999999927e+04
8.000000000000000000e+00 3.096435000000000218e+04
3.200000000000000000e+01 3.101965000000000146e+04
5.600000000000000000e+01 3.107485000000000218e+04
6.400000000000000000e+01 3.115054999999999927e+04
8.000000000000000000e+00 3.118820000000000073e+04
3.300000000000000000e+01 3.257500000000000000e+02
4.100000000000000000e+01 1.167900000000000091e+03
3.300000000000000000e+01 1.488700000000000045e+03
4.900000000000000000e+01 1.642049999999999955e+03
4.100000000000000000e+01 3.010750000000000000e+03
5.700000000000000000e+01 3.021750000000000000e+03
1.700000000000000000e+01 3.023000000000000000e+03
8.100000000000000000e+01 3.025750000000000000e+03
2.500000000000000000e+01 3.038500000000000000e+03
6.500000000000000000e+01 3.040849999999999909e+03
3.300000000000000000e+01 3.042450000000000273e+03
9.000000000000000000e+00 3.047750000000000000e+03
7.300000000000000000e+01 3.048849999999999909e+03
5.700000000000000000e+01 3.053700000000000273e+03
4.900000000000000000e+01 3.054550000000000182e+03
1.700000000000000000e+01 3.069400000000000091e+03
4.100000000000000000e+01 3.079099999999999909e+03
6.500000000000000000e+01 3.082450000000000273e+03
1.700000000000000000e+01 3.113400000000000091e+03
7.300000000000000000e+01 3.116250000000000000e+03
8.100000000000000000e+01 3.118250000000000000e+03
6.500000000000000000e+01 3.126099999999999909e+03
5.700000000000000000e+01 3.127650000000000091e+03
9.000000000000000000e+00 3.129400000000000091e+03
4.100000000000000000e+01 3.133050000000000182e+03
2.500000000000000000e+01 3.143250000000000000e+03
3.300000000000000000e+01 3.147300000000000182e+03
4.900000000000000000e+01 3.148950000000000273e+03
8.100000000000000000e+01 3.160150000000000091e+03
5.700000000000000000e+01 3.167450000000000273e+03
7.300000000000000000e+01 3.174050000000000182e+03
3.300000000000000000e+01 3.181349999999999909e+03
2.500000000000000000e+01 3.201450000000000273e+03
1.700000000000000000e+01 3.203050000000000182e+03
9.000000000000000000e+00 3.208950000000000273e+03
6.500000000000000000e+01 3.213550000000000182e+03
4.100000000000000000e+01 3.215400000000000091e+03
7.300000000000000000e+01 3.217450000000000273e+03
4.900000000000000000e+01 3.229400000000000091e+03
3.300000000000000000e+01 3.235450000000000273e+03
5.700000000000000000e+01 3.236500000000000000e+03
2.500000000000000000e+01 3.242700000000000273e+03
9.000000000000000000e+00 3.262099999999999909e+03
6.500000000000000000e+01 3.269950000000000273e+03
3.300000000000000000e+01 3.275050000000000182e+03
4.900000000000000000e+01 3.275099999999999909e+03
7.300000000000000000e+01 3.281550000000000182e+03
4.100000000000000000e+01 3.283450000000000273e+03
1.700000000000000000e+01 3.286099999999999909e+03
8.100000000000000000e+01 3.301400000000000091e+03
5.700000000000000000e+01 3.301500000000000000e+03
9.000000000000000000e+00 3.311650000000000091e+03
4.100000000000000000e+01 3.317599999999999909e+03
6.500000000000000000e+01 3.322000000000000000e+03
7.300000000000000000e+01 3.332800000000000182e+03
3.300000000000000000e+01 3.335500000000000000e+03
4.900000000000000000e+01 3.337300000000000182e+03
1.700000000000000000e+01 3.354200000000000273e+03
4.100000000000000000e+01 3.356450000000000273e+03
5.700000000000000000e+01 3.361800000000000182e+03
7.300000000000000000e+01 3.364800000000000182e+03
8.100000000000000000e+01 3.369000000000000000e+03
6.500000000000000000e+01 3.389750000000000000e+03
4.900000000000000000e+01 3.397900000000000091e+03
9.000000000000000000e+00 3.407300000000000182e+03
2.500000000000000000e+01 3.408450000000000273e+03
3.300000000000000000e+01 3.412200000000000273e+03
4.100000000000000000e+01 3.438750000000000000e+03
5.700000000000000000e+01 3.447200000000000273e+03
2.500000000000000000e+01 3.456550000000000182e+03
1.700000000000000000e+01 3.461099999999999909e+03
6.500000000000000000e+01 3.466050000000000182e+03
4.900000000000000000e+01 3.472250000000000000e+03
8.100000000000000000e+01 3.476250000000000000e+03
3.300000000000000000e+01 3.476500000000000000e+03
7.300000000000000000e+01 3.495849999999999909e+03
2.500000000000000000e+01 3.513700000000000273e+03
9.000000000000000000e+00 3.515800000000000182e+03
1.700000000000000000e+01 3.523750000000000000e+03
8.100000000000000000e+01 3.527450000000000273e+03
3.300000000000000000e+01 3.534400000000000091e+03
6.500000000000000000e+01 3.536450000000000273e+03
7.300000000000000000e+01 3.548450000000000273e+03
4.100000000000000000e+01 3.551000000000000000e+03
9.000000000000000000e+00 3.557300000000000182e+03
5.700000000000000000e+01 3.563500000000000000e+03
1.700000000000000000e+01 3.564050000000000182e+03
2.500000000000000000e+01 3.575450000000000273e+03
8.100000000000000000e+01 3.586349999999999909e+03
9.000000000000000000e+00 3.588050000000000182e+03
4.100000000000000000e+01 3.590000000000000000e+03
4.900000000000000000e+01 3.600000000000000000e+03
6.500000000000000000e+01 3.604849999999999909e+03
7.300000000000000000e+01 3.605450000000000273e+03
4.100000000000000000e+01 3.628700000000000273e+03
8.100000000000000000e+01 3.629800000000000182e+03
3.300000000000000000e+01 3.632900000000000091e+03
5.700000000000000000e+01 3.633000000000000000e+03
9.000000000000000000e+00 3.653550000000000182e+03
6.500000000000000000e+01 3.659450000000000273e+03
4.900000000000000000e+01 3.665150000000000091e+03
3.300000000000000000e+01 3.667150000000000091e+03
7.300000000000000000e+01 3.680900000000000091e+03
5.700000000000000000e+01 3.685450000000000273e+03
1.700000000000000000e+01 3.686150000000000091e+03
2.500000000000000000e+01 3.686250000000000000e+03
4.100000000000000000e+01 3.693849999999999909e+03
6.500000000000000000e+01 3.697000000000000000e+03
4.900000000000000000e+01 3.716400000000000091e+03
2.500000000000000000e+01 3.724150000000000091e+03
3.300000000000000000e+01 3.724450000000000273e+03
8.100000000000000000e+01 3.733550000000000182e+03
7.300000000000000000e+01 3.734599999999999909e+03
1.700000000000000000e+01 3.741500000000000000e+03
5.700000000000000000e+01 3.751800000000000182e+03
6.500000000000000000e+01 3.752599999999999909e+03
3.300000000000000000e+01 3.764550000000000182e+03
9.000000000000000000e+00 3.764800000000000182e+03
1.700000000000000000e+01 3.768599999999999909e+03
4.900000000000000000e+01 3.773099999999999909e+03
4.100000000000000000e+01 3.788150000000000091e+03
5.700000000000000000e+01 3.790000000000000000e+03
2.500000000000000000e+01 3.797000000000000000e+03
8.100000000000000000e+01 3.802750000000000000e+03
7.300000000000000000e+01 3.832550000000000182e+03
4.900000000000000000e+01 3.835550000000000182e+03
5.700000000000000000e+01 3.839950000000000273e+03
2.500000000000000000e+01 3.843150000000000091e+03
9.000000000000000000e+00 3.851250000000000000e+03
8.100000000000000000e+01 3.855200000000000273e+03
4.100000000000000000e+01 3.859700000000000273e+03
3.300000000000000000e+01 3.860900000000000091e+03
1.700000000000000000e+01 3.867250000000000000e+03
7.300000000000000000e+01 3.883650000000000091e+03
4.100000000000000000e+01 3.896099999999999909e+03
6.500000000000000000e+01 3.897950000000000273e+03
5.700000000000000000e+01 3.899450000000000273e+03
9.000000000000000000e+00 3.906650000000000091e+03
4.900000000000000000e+01 3.916300000000000182e+03
7.300000000000000000e+01 3.916800000000000182e+03
3.300000000000000000e+01 3.930550000000000182e+03
6.500000000000000000e+01 3.940450000000000273e+03
8.100000000000000000e+01 3.947599999999999909e+03
4.100000000000000000e+01 3.949099999999999909e+03
2.500000000000000000e+01 3.957300000000000182e+03
1.700000000000000000e+01 3.970700000000000273e+03
6.500000000000000000e+01 3.975500000000000000e+03
4.900000000000000000e+01 3.977200000000000273e+03
8.100000000000000000e+01 3.983700000000000273e+03
5.700000000000000000e+01 3.991650000000000091e+03
7.300000000000000000e+01 3.992750000000000000e+03
2.500000000000000000e+01 4.005450000000000273e+03
9.000000000000000000e+00 4.019950000000000273e+03
1.700000000000000000e+01 4.026950000000000273e+03
5.700000000000000000e+01 4.047500000000000000e+03
2.500000000000000000e+01 4.058200000000000273e+03
7.300000000000000000e+01 4.068050000000000182e+03
1.700000000000000000e+01 4.070750000000000000e+03
8.100000000000000000e+01 4.074550000000000182e+03
6.500000000000000000e+01 4.075900000000000091e+03
4.100000000000000000e+01 4.077800000000000182e+03
3.300000000000000000e+01 4.080349999999999909e+03
5.700000000000000000e+01 4.108399999999999636e+03
9.000000000000000000e+00 4.116100000000000364e+03
3.300000000000000000e+01 4.126949999999999818e+03
4.900000000000000000e+01 4.136899999999999636e+03
7.300000000000000000e+01 4.136899999999999636e+03
1.700000000000000000e+01 4.144949999999999818e+03
6.500000000000000000e+01 4.150949999999999818e+03
4.100000000000000000e+01 4.160449999999999818e+03
5.700000000000000000e+01 4.164949999999999818e+03
9.000000000000000000e+00 4.172899999999999636e+03
4.900000000000000000e+01 4.177899999999999636e+03
2.500000000000000000e+01 4.182500000000000000e+03
3.300000000000000000e+01 4.184850000000000364e+03
8.100000000000000000e+01 4.192600000000000364e+03
1.700000000000000000e+01 4.195850000000000364e+03
4.100000000000000000e+01 4.204399999999999636e+03
4.900000000000000000e+01 4.216850000000000364e+03
2.500000000000000000e+01 4.224399999999999636e+03
7.300000000000000000e+01 4.227000000000000000e+03
9.000000000000000000e+00 4.233300000000000182e+03
8.100000000000000000e+01 4.246199999999999818e+03
3.300000000000000000e+01 4.261199999999999818e+03
6.500000000000000000e+01 4.273850000000000364e+03
4.900000000000000000e+01 4.275500000000000000e+03
5.700000000000000000e+01 4.276449999999999818e+03
1.700000000000000000e+01 4.283199999999999818e+03
4.100000000000000000e+01 4.284949999999999818e+03
2.500000000000000000e+01 4.299000000000000000e+03
8.100000000000000000e+01 4.301050000000000182e+03
4.900000000000000000e+01 4.306500000000000000e+03
9.000000000000000000e+00 4.306750000000000000e+03
7.300000000000000000e+01 4.316350000000000364e+03
6.500000000000000000e+01 4.327850000000000364e+03
5.700000000000000000e+01 4.327949999999999818e+03
3.300000000000000000e+01 4.351250000000000000e+03
2.500000000000000000e+01 4.355699999999999818e+03
4.100000000000000000e+01 4.356699999999999818e+03
5.700000000000000000e+01 4.357350000000000364e+03
7.300000000000000000e+01 4.361100000000000364e+03
4.900000000000000000e+01 4.369199999999999818e+03
9.000000000000000000e+00 4.373500000000000000e+03
1.700000000000000000e+01 4.376400000000000546e+03
6.500000000000000000e+01 4.376650000000000546e+03
8.100000000000000000e+01 4.381699999999999818e+03
7.300000000000000000e+01 4.387650000000000546e+03
3.300000000000000000e+01 4.402400000000000546e+03
5.700000000000000000e+01 4.403449999999999818e+03
6.500000000000000000e+01 4.417449999999999818e+03
7.300000000000000000e+01 4.425400000000000546e+03
4.900000000000000000e+01 4.427449999999999818e+03
1.700000000000000000e+01 4.428449999999999818e+03
2.500000000000000000e+01 4.435900000000000546e+03
5.700000000000000000e+01 4.445600000000000364e+03
3.300000000000000000e+01 4.452800000000000182e+03
4.100000000000000000e+01 4.463699999999999818e+03
8.100000000000000000e+01 4.464699999999999818e+03
6.500000000000000000e+01 4.470699999999999818e+03
9.000000000000000000e+00 4.471500000000000000e+03
2.500000000000000000e+01 4.479500000000000000e+03
7.300000000000000000e+01 4.481500000000000000e+03
1.700000000000000000e+01 4.501800000000000182e+03
9.000000000000000000e+00 4.504449999999999818e+03
8.100000000000000000e+01 4.516300000000000182e+03
5.700000000000000000e+01 4.516550000000000182e+03
4.900000000000000000e+01 4.516650000000000546e+03
2.500000000000000000e+01 4.520900000000000546e+03
3.300000000000000000e+01 4.522300000000000182e+03
7.300000000000000000e+01 4.528949999999999818e+03
6.500000000000000000e+01 4.530350000000000364e+03
4.100000000000000000e+01 4.530600000000000364e+03
5.700000000000000000e+01 4.559050000000000182e+03
1.700000000000000000e+01 4.562250000000000000e+03
7.300000000000000000e+01 4.569000000000000000e+03
2.500000000000000000e+01 4.570699999999999818e+03
8.100000000000000000e+01 4.576449999999999818e+03
9.000000000000000000e+00 4.581100000000000364e+03
3.300000000000000000e+01 4.584550000000000182e+03
4.900000000000000000e+01 4.594449999999999818e+03
4.100000000000000000e+01 4.598100000000000364e+03
2.500000000000000000e+01 4.607550000000000182e+03
5.700000000000000000e+01 4.614300000000000182e+03
7.300000000000000000e+01 4.618650000000000546e+03
1.700000000000000000e+01 4.631949999999999818e+03
6.500000000000000000e+01 4.632900000000000546e+03
9.000000000000000000e+00 4.642250000000000000e+03
7.300000000000000000e+01 4.654449999999999818e+03
5.700000000000000000e+01 4.657350000000000364e+03
2.500000000000000000e+01 4.660050000000000182e+03
3.300000000000000000e+01 4.661300000000000182e+03
1.700000000000000000e+01 4.669150000000000546e+03
8.100000000000000000e+01 4.673050000000000182e+03
6.500000000000000000e+01 4.690350000000000364e+03
7.300000000000000000e+01 4.696050000000000182e+03
4.100000000000000000e+01 4.698650000000000546e+03
9.000000000000000000e+00 4.699100000000000364e+03
2.500000000000000000e+01 4.704900000000000546e+03
4.900000000000000000e+01 4.705650000000000546e+03
5.700000000000000000e+01 4.710150000000000546e+03
3.300000000000000000e+01 4.713699999999999818e+03
8.100000000000000000e+01 4.717000000000000000e+03
5.700000000000000000e+01 4.737449999999999818e+03
4.900000000000000000e+01 4.746100000000000364e+03
4.100000000000000000e+01 4.751050000000000182e+03
8.100000000000000000e+01 4.751449999999999818e+03
7.300000000000000000e+01 4.766750000000000000e+03
6.500000000000000000e+01 4.774150000000000546e+03
1.700000000000000000e+01 4.776050000000000182e+03
3.300000000000000000e+01 4.787300000000000182e+03
4.900000000000000000e+01 4.787650000000000546e+03
5.700000000000000000e+01 4.791500000000000000e+03
2.500000000000000000e+01 4.791650000000000546e+03
9.000000000000000000e+00 4.792449999999999818e+03
4.100000000000000000e+01 4.793850000000000364e+03
8.100000000000000000e+01 4.798050000000000182e+03
6.500000000000000000e+01 4.814550000000000182e+03
7.300000000000000000e+01 4.823199999999999818e+03
1.700000000000000000e+01 4.824750000000000000e+03
4.100000000000000000e+01 4.837199999999999818e+03
2.500000000000000000e+01 4.838050000000000182e+03
8.100000000000000000e+01 4.842400000000000546e+03
3.300000000000000000e+01 4.858250000000000000e+03
4.900000000000000000e+01 4.858500000000000000e+03
6.500000000000000000e+01 4.864400000000000546e+03
4.100000000000000000e+01 4.870600000000000364e+03
1.700000000000000000e+01 4.882400000000000546e+03
8.100000000000000000e+01 4.882850000000000364e+03
9.000000000000000000e+00 4.883250000000000000e+03
2.500000000000000000e+01 4.884750000000000000e+03
3.300000000000000000e+01 4.895000000000000000e+03
4.900000000000000000e+01 4.903050000000000182e+03
9.000000000000000000e+00 4.915650000000000546e+03
8.100000000000000000e+01 4.920400000000000546e+03
4.100000000000000000e+01 4.921350000000000364e+03
2.500000000000000000e+01 4.927449999999999818e+03
1.700000000000000000e+01 4.929250000000000000e+03
3.300000000000000000e+01 4.930050000000000182e+03
7.300000000000000000e+01 4.952199999999999818e+03
4.100000000000000000e+01 4.960550000000000182e+03
8.100000000000000000e+01 4.963350000000000364e+03
1.700000000000000000e+01 4.967500000000000000e+03
2.500000000000000000e+01 4.968900000000000546e+03
9.000000000000000000e+00 4.969050000000000182e+03
6.500000000000000000e+01 4.979449999999999818e+03
5.700000000000000000e+01 4.979650000000000546e+03
7.300000000000000000e+01 4.985300000000000182e+03
8.100000000000000000e+01 5.006949999999999818e+03
1.700000000000000000e+01 5.010250000000000000e+03
3.300000000000000000e+01 5.012500000000000000e+03
5.700000000000000000e+01 5.016250000000000000e+03
9.000000000000000000e+00 5.024949999999999818e+03
2.500000000000000000e+01 5.025600000000000364e+03
6.500000000000000000e+01 5.035750000000000000e+03
1.700000000000000000e+01 5.043699999999999818e+03
7.300000000000000000e+01 5.044000000000000000e+03
4.100000000000000000e+01 5.048800000000000182e+03
3.300000000000000000e+01 5.065150000000000546e+03
8.100000000000000000e+01 5.065949999999999818e+03
6.500000000000000000e+01 5.066150000000000546e+03
9.000000000000000000e+00 5.067050000000000182e+03
2.500000000000000000e+01 5.080550000000000182e+03
5.700000000000000000e+01 5.087800000000000182e+03
7.300000000000000000e+01 5.094400000000000546e+03
3.300000000000000000e+01 5.102449999999999818e+03
1.700000000000000000e+01 5.104750000000000000e+03
9.000000000000000000e+00 5.104850000000000364e+03
4.900000000000000000e+01 5.107900000000000546e+03
8.100000000000000000e+01 5.112900000000000546e+03
6.500000000000000000e+01 5.113300000000000182e+03
2.500000000000000000e+01 5.120050000000000182e+03
4.100000000000000000e+01 5.120900000000000546e+03
3.300000000000000000e+01 5.144350000000000364e+03
1.700000000000000000e+01 5.147350000000000364e+03
4.900000000000000000e+01 5.155550000000000182e+03
5.700000000000000000e+01 5.161199999999999818e+03
2.500000000000000000e+01 5.173900000000000546e+03
6.500000000000000000e+01 5.174550000000000182e+03
9.000000000000000000e+00 5.176900000000000546e+03
7.300000000000000000e+01 5.181699999999999818e+03
4.100000000000000000e+01 5.191449999999999818e+03
5.700000000000000000e+01 5.206199999999999818e+03
1.700000000000000000e+01 5.211949999999999818e+03
4.900000000000000000e+01 5.217949999999999818e+03
7.300000000000000000e+01 5.221650000000000546e+03
9.000000000000000000e+00 5.227199999999999818e+03
6.500000000000000000e+01 5.235000000000000000e+03
1.700000000000000000e+01 5.236850000000000364e+03
8.100000000000000000e+01 5.256600000000000364e+03
2.500000000000000000e+01 5.263150000000000546e+03
5.700000000000000000e+01 5.265699999999999818e+03
4.100000000000000000e+01 5.267250000000000000e+03
7.300000000000000000e+01 5.267949999999999818e+03
6.500000000000000000e+01 5.269600000000000364e+03
3.300000000000000000e+01 5.269800000000000182e+03
9.000000000000000000e+00 5.273300000000000182e+03
4.900000000000000000e+01 5.277250000000000000e+03
1.700000000000000000e+01 5.299199999999999818e+03
7.300000000000000000e+01 5.300050000000000182e+03
8.100000000000000000e+01 5.303100000000000364e+03
2.500000000000000000e+01 5.303750000000000000e+03
6.500000000000000000e+01 5.304050000000000182e+03
5.700000000000000000e+01 5.306750000000000000e+03
3.300000000000000000e+01 5.310500000000000000e+03
4.900000000000000000e+01 5.313949999999999818e+03
4.100000000000000000e+01 5.327850000000000364e+03
7.300000000000000000e+01 5.337949999999999818e+03
9.000000000000000000e+00 5.344250000000000000e+03
6.500000000000000000e+01 5.346449999999999818e+03
1.700000000000000000e+01 5.348050000000000182e+03
4.100000000000000000e+01 5.358300000000000182e+03
2.500000000000000000e+01 5.361300000000000182e+03
3.300000000000000000e+01 5.367699999999999818e+03
8.100000000000000000e+01 5.384100000000000364e+03
7.300000000000000000e+01 5.385900000000000546e+03
4.900000000000000000e+01 5.387199999999999818e+03
6.500000000000000000e+01 5.389000000000000000e+03
9.000000000000000000e+00 5.391850000000000364e+03
5.700000000000000000e+01 5.393100000000000364e+03
1.700000000000000000e+01 5.396800000000000182e+03
4.100000000000000000e+01 5.402500000000000000e+03
2.500000000000000000e+01 5.407600000000000364e+03
4.900000000000000000e+01 5.430500000000000000e+03
3.300000000000000000e+01 5.432600000000000364e+03
5.700000000000000000e+01 5.435100000000000364e+03
8.100000000000000000e+01 5.439400000000000546e+03
7.300000000000000000e+01 5.441750000000000000e+03
1.700000000000000000e+01 5.443949999999999818e+03
9.000000000000000000e+00 5.445000000000000000e+03
2.500000000000000000e+01 5.455050000000000182e+03
4.100000000000000000e+01 5.456250000000000000e+03
9.000000000000000000e+00 5.472650000000000546e+03
7.300000000000000000e+01 5.478050000000000182e+03
5.700000000000000000e+01 5.481699999999999818e+03
6.500000000000000000e+01 5.483199999999999818e+03
1.700000000000000000e+01 5.484199999999999818e+03
4.900000000000000000e+01 5.491550000000000182e+03
4.100000000000000000e+01 5.509600000000000364e+03
8.100000000000000000e+01 5.513750000000000000e+03
9.000000000000000000e+00 5.517150000000000546e+03
6.500000000000000000e+01 5.519449999999999818e+03
1.700000000000000000e+01 5.526300000000000182e+03
5.700000000000000000e+01 5.526449999999999818e+03
2.500000000000000000e+01 5.529550000000000182e+03
4.900000000000000000e+01 5.531850000000000364e+03
3.300000000000000000e+01 5.547300000000000182e+03
8.100000000000000000e+01 5.550449999999999818e+03
2.500000000000000000e+01 5.566250000000000000e+03
6.500000000000000000e+01 5.571500000000000000e+03
9.000000000000000000e+00 5.572699999999999818e+03
4.100000000000000000e+01 5.579550000000000182e+03
7.300000000000000000e+01 5.581350000000000364e+03
5.700000000000000000e+01 5.582000000000000000e+03
4.900000000000000000e+01 5.583150000000000546e+03
8.100000000000000000e+01 5.598900000000000546e+03
1.700000000000000000e+01 5.601350000000000364e+03
3.300000000000000000e+01 5.603699999999999818e+03
2.500000000000000000e+01 5.610250000000000000e+03
6.500000000000000000e+01 5.612699999999999818e+03
5.700000000000000000e+01 5.614000000000000000e+03
4.100000000000000000e+01 5.614199999999999818e+03
7.300000000000000000e+01 5.619750000000000000e+03
4.900000000000000000e+01 5.633300000000000182e+03
9.000000000000000000e+00 5.643400000000000546e+03
2.500000000000000000e+01 5.650449999999999818e+03
7.300000000000000000e+01 5.655300000000000182e+03
6.500000000000000000e+01 5.655600000000000364e+03
1.700000000000000000e+01 5.663650000000000546e+03
5.700000000000000000e+01 5.664449999999999818e+03
4.100000000000000000e+01 5.668550000000000182e+03
4.900000000000000000e+01 5.668750000000000000e+03
8.100000000000000000e+01 5.675900000000000546e+03
9.000000000000000000e+00 5.680300000000000182e+03
3.300000000000000000e+01 5.682250000000000000e+03
7.300000000000000000e+01 5.694300000000000182e+03
2.500000000000000000e+01 5.694650000000000546e+03
6.500000000000000000e+01 5.694900000000000546e+03
4.900000000000000000e+01 5.702600000000000364e+03
1.700000000000000000e+01 5.708449999999999818e+03
5.700000000000000000e+01 5.712350000000000364e+03
9.000000000000000000e+00 5.713350000000000364e+03
3.300000000000000000e+01 5.718199999999999818e+03
8.100000000000000000e+01 5.722150000000000546e+03
4.100000000000000000e+01 5.723900000000000546e+03
5.700000000000000000e+01 5.734400000000000546e+03
7.300000000000000000e+01 5.737000000000000000e+03
2.500000000000000000e+01 5.737500000000000000e+03
9.000000000000000000e+00 5.739350000000000364e+03
1.700000000000000000e+01 5.749199999999999818e+03
6.500000000000000000e+01 5.751550000000000182e+03
8.100000000000000000e+01 5.752250000000000000e+03
4.100000000000000000e+01 5.754300000000000182e+03
4.900000000000000000e+01 5.758800000000000182e+03
3.300000000000000000e+01 5.765500000000000000e+03
2.500000000000000000e+01 5.781900000000000546e+03
7.300000000000000000e+01 5.783400000000000546e+03
9.000000000000000000e+00 5.786699999999999818e+03
8.100000000000000000e+01 5.788900000000000546e+03
5.700000000000000000e+01 5.793650000000000546e+03
4.100000000000000000e+01 5.796750000000000000e+03
1.700000000000000000e+01 5.798699999999999818e+03
6.500000000000000000e+01 5.799550000000000182e+03
4.900000000000000000e+01 5.807850000000000364e+03
3.300000000000000000e+01 5.808300000000000182e+03
2.500000000000000000e+01 5.820150000000000546e+03
9.000000000000000000e+00 5.827699999999999818e+03
6.500000000000000000e+01 5.829500000000000000e+03
1.700000000000000000e+01 5.830100000000000364e+03
8.100000000000000000e+01 5.835500000000000000e+03
4.100000000000000000e+01 5.839400000000000546e+03
5.700000000000000000e+01 5.847250000000000000e+03
3.300000000000000000e+01 5.859850000000000364e+03
1.700000000000000000e+01 5.865350000000000364e+03
4.900000000000000000e+01 5.866350000000000364e+03
7.300000000000000000e+01 5.867800000000000182e+03
2.500000000000000000e+01 5.871150000000000546e+03
6.500000000000000000e+01 5.874100000000000364e+03
9.000000000000000000e+00 5.879500000000000000e+03
4.100000000000000000e+01 5.892449999999999818e+03
4.900000000000000000e+01 5.906050000000000182e+03
8.100000000000000000e+01 5.908699999999999818e+03
9.000000000000000000e+00 5.914750000000000000e+03
3.300000000000000000e+01 5.918949999999999818e+03
6.500000000000000000e+01 5.924800000000000182e+03
7.300000000000000000e+01 5.928100000000000364e+03
5.700000000000000000e+01 5.928250000000000000e+03
1.700000000000000000e+01 5.935850000000000364e+03
4.100000000000000000e+01 5.936449999999999818e+03
2.500000000000000000e+01 5.945250000000000000e+03
4.900000000000000000e+01 5.946699999999999818e+03
9.000000000000000000e+00 5.950350000000000364e+03
3.300000000000000000e+01 5.961400000000000546e+03
5.700000000000000000e+01 5.962500000000000000e+03
7.300000000000000000e+01 5.977500000000000000e+03
2.500000000000000000e+01 5.977949999999999818e+03
6.500000000000000000e+01 5.979199999999999818e+03
9.000000000000000000e+00 5.983699999999999818e+03
8.100000000000000000e+01 5.984250000000000000e+03
4.900000000000000000e+01 5.992199999999999818e+03
3.300000000000000000e+01 5.999400000000000546e+03
4.100000000000000000e+01 6.008300000000000182e+03
5.700000000000000000e+01 6.010449999999999818e+03
8.100000000000000000e+01 6.018750000000000000e+03
1.700000000000000000e+01 6.020350000000000364e+03
2.500000000000000000e+01 6.020500000000000000e+03
6.500000000000000000e+01 6.022000000000000000e+03
7.300000000000000000e+01 6.024449999999999818e+03
9.000000000000000000e+00 6.032100000000000364e+03
3.300000000000000000e+01 6.034350000000000364e+03
4.900000000000000000e+01 6.039449999999999818e+03
5.700000000000000000e+01 6.044850000000000364e+03
8.100000000000000000e+01 6.047400000000000546e+03
2.500000000000000000e+01 6.048199999999999818e+03
9.000000000000000000e+00 6.056300000000000182e+03
6.500000000000000000e+01 6.057900000000000546e+03
1.700000000000000000e+01 6.061400000000000546e+03
2.500000000000000000e+01 6.076900000000000546e+03
4.100000000000000000e+01 6.078699999999999818e+03
7.300000000000000000e+01 6.079550000000000182e+03
3.300000000000000000e+01 6.081199999999999818e+03
4.900000000000000000e+01 6.081800000000000182e+03
8.100000000000000000e+01 6.084850000000000364e+03
6.500000000000000000e+01 6.087850000000000364e+03
5.700000000000000000e+01 6.095100000000000364e+03
1.700000000000000000e+01 6.103050000000000182e+03
2.500000000000000000e+01 6.107800000000000182e+03
3.300000000000000000e+01 6.115449999999999818e+03
8.100000000000000000e+01 6.115600000000000364e+03
7.300000000000000000e+01 6.121300000000000182e+03
6.500000000000000000e+01 6.121750000000000000e+03
4.100000000000000000e+01 6.124650000000000546e+03
9.000000000000000000e+00 6.125650000000000546e+03
4.900000000000000000e+01 6.129000000000000000e+03
1.700000000000000000e+01 6.139250000000000000e+03
2.500000000000000000e+01 6.141150000000000546e+03
3.300000000000000000e+01 6.145650000000000546e+03
7.300000000000000000e+01 6.153050000000000182e+03
6.500000000000000000e+01 6.165250000000000000e+03
5.700000000000000000e+01 6.166100000000000364e+03
8.100000000000000000e+01 6.166650000000000546e+03
9.000000000000000000e+00 6.168750000000000000e+03
4.100000000000000000e+01 6.177449999999999818e+03
1.700000000000000000e+01 6.184100000000000364e+03
7.300000000000000000e+01 6.186449999999999818e+03
2.500000000000000000e+01 6.191449999999999818e+03
6.500000000000000000e+01 6.191449999999999818e+03
3.300000000000000000e+01 6.194400000000000546e+03
4.900000000000000000e+01 6.194350000000000364e+03
4.100000000000000000e+01 6.212000000000000000e+03
5.700000000000000000e+01 6.218350000000000364e+03
4.900000000000000000e+01 6.220350000000000364e+03
2.500000000000000000e+01 6.222600000000000364e+03
8.100000000000000000e+01 6.223300000000000182e+03
9.000000000000000000e+00 6.223800000000000182e+03
7.300000000000000000e+01 6.229900000000000546e+03
1.700000000000000000e+01 6.234500000000000000e+03
6.500000000000000000e+01 6.238750000000000000e+03
3.300000000000000000e+01 6.239600000000000364e+03
4.100000000000000000e+01 6.257750000000000000e+03
2.500000000000000000e+01 6.258600000000000364e+03
4.900000000000000000e+01 6.264350000000000364e+03
1.700000000000000000e+01 6.264550000000000182e+03
9.000000000000000000e+00 6.267100000000000364e+03
7.300000000000000000e+01 6.276100000000000364e+03
5.700000000000000000e+01 6.276900000000000546e+03
6.500000000000000000e+01 6.278400000000000546e+03
2.500000000000000000e+01 6.285900000000000546e+03
3.300000000000000000e+01 6.287650000000000546e+03
4.100000000000000000e+01 6.289199999999999818e+03
1.700000000000000000e+01 6.290150000000000546e+03
9.000000000000000000e+00 6.293600000000000364e+03
4.900000000000000000e+01 6.312650000000000546e+03
5.700000000000000000e+01 6.313750000000000000e+03
7.300000000000000000e+01 6.321050000000000182e+03
9.000000000000000000e+00 6.322400000000000546e+03
6.500000000000000000e+01 6.324050000000000182e+03
3.300000000000000000e+01 6.326699999999999818e+03
8.100000000000000000e+01 6.327350000000000364e+03
2.500000000000000000e+01 6.328050000000000182e+03
5.700000000000000000e+01 6.340150000000000546e+03
4.100000000000000000e+01 6.351250000000000000e+03
4.900000000000000000e+01 6.353449999999999818e+03
7.300000000000000000e+01 6.354750000000000000e+03
2.500000000000000000e+01 6.362800000000000182e+03
9.000000000000000000e+00 6.367000000000000000e+03
6.500000000000000000e+01 6.369250000000000000e+03
8.100000000000000000e+01 6.371550000000000182e+03
3.300000000000000000e+01 6.374000000000000000e+03
4.100000000000000000e+01 6.388150000000000546e+03
7.300000000000000000e+01 6.388600000000000364e+03
5.700000000000000000e+01 6.389699999999999818e+03
2.500000000000000000e+01 6.391949999999999818e+03
4.900000000000000000e+01 6.393050000000000182e+03
3.300000000000000000e+01 6.407449999999999818e+03
8.100000000000000000e+01 6.409650000000000546e+03
9.000000000000000000e+00 6.411000000000000000e+03
6.500000000000000000e+01 6.417550000000000182e+03
4.900000000000000000e+01 6.421050000000000182e+03
7.300000000000000000e+01 6.434300000000000182e+03
4.100000000000000000e+01 6.439750000000000000e+03
5.700000000000000000e+01 6.439800000000000182e+03
2.500000000000000000e+01 6.443699999999999818e+03
3.300000000000000000e+01 6.444750000000000000e+03
1.700000000000000000e+01 6.447000000000000000e+03
9.000000000000000000e+00 6.447100000000000364e+03
6.500000000000000000e+01 6.449600000000000364e+03
4.900000000000000000e+01 6.453850000000000364e+03
8.100000000000000000e+01 6.464150000000000546e+03
5.700000000000000000e+01 6.465400000000000546e+03
4.100000000000000000e+01 6.466949999999999818e+03
3.300000000000000000e+01 6.473800000000000182e+03
9.000000000000000000e+00 6.477250000000000000e+03
1.700000000000000000e+01 6.493250000000000000e+03
7.300000000000000000e+01 6.497650000000000546e+03
2.500000000000000000e+01 6.498350000000000364e+03
4.100000000000000000e+01 6.499750000000000000e+03
4.900000000000000000e+01 6.500100000000000364e+03
3.300000000000000000e+01 6.501250000000000000e+03
8.100000000000000000e+01 6.503550000000000182e+03
6.500000000000000000e+01 6.505699999999999818e+03
5.700000000000000000e+01 6.519650000000000546e+03
9.000000000000000000e+00 6.523600000000000364e+03
1.700000000000000000e+01 6.531250000000000000e+03
4.100000000000000000e+01 6.532550000000000182e+03
3.300000000000000000e+01 6.533050000000000182e+03
7.300000000000000000e+01 6.533800000000000182e+03
2.500000000000000000e+01 6.538850000000000364e+03
6.500000000000000000e+01 6.557150000000000546e+03
1.700000000000000000e+01 6.560150000000000546e+03
5.700000000000000000e+01 6.564199999999999818e+03
7.300000000000000000e+01 6.565850000000000364e+03
8.100000000000000000e+01 6.570800000000000182e+03
4.900000000000000000e+01 6.571850000000000364e+03
3.300000000000000000e+01 6.575150000000000546e+03
2.500000000000000000e+01 6.579000000000000000e+03
7.300000000000000000e+01 6.598949999999999818e+03
4.100000000000000000e+01 6.601400000000000546e+03
9.000000000000000000e+00 6.601600000000000364e+03
6.500000000000000000e+01 6.602250000000000000e+03
1.700000000000000000e+01 6.604600000000000364e+03
5.700000000000000000e+01 6.609850000000000364e+03
3.300000000000000000e+01 6.612250000000000000e+03
4.900000000000000000e+01 6.613699999999999818e+03
2.500000000000000000e+01 6.616750000000000000e+03
8.100000000000000000e+01 6.618000000000000000e+03
4.100000000000000000e+01 6.636650000000000546e+03
7.300000000000000000e+01 6.638350000000000364e+03
9.000000000000000000e+00 6.641699999999999818e+03
6.500000000000000000e+01 6.646600000000000364e+03
3.300000000000000000e+01 6.647699999999999818e+03
1.700000000000000000e+01 6.647750000000000000e+03
4.900000000000000000e+01 6.649199999999999818e+03
2.500000000000000000e+01 6.666300000000000182e+03
8.100000000000000000e+01 6.667600000000000364e+03
4.100000000000000000e+01 6.679800000000000182e+03
4.900000000000000000e+01 6.680449999999999818e+03
5.700000000000000000e+01 6.683500000000000000e+03
9.000000000000000000e+00 6.690949999999999818e+03
1.700000000000000000e+01 6.692350000000000364e+03
3.300000000000000000e+01 6.699500000000000000e+03
2.500000000000000000e+01 6.705949999999999818e+03
7.300000000000000000e+01 6.714949999999999818e+03
8.100000000000000000e+01 6.716650000000000546e+03
6.500000000000000000e+01 6.720750000000000000e+03
4.900000000000000000e+01 6.724500000000000000e+03
5.700000000000000000e+01 6.725600000000000364e+03
9.000000000000000000e+00 6.729650000000000546e+03
1.700000000000000000e+01 6.731850000000000364e+03
2.500000000000000000e+01 6.735850000000000364e+03
4.100000000000000000e+01 6.742550000000000182e+03
3.300000000000000000e+01 6.742699999999999818e+03
8.100000000000000000e+01 6.753000000000000000e+03
7.300000000000000000e+01 6.754900000000000546e+03
4.900000000000000000e+01 6.755150000000000546e+03
5.700000000000000000e+01 6.760650000000000546e+03
2.500000000000000000e+01 6.765150000000000546e+03
9.000000000000000000e+00 6.772550000000000182e+03
4.100000000000000000e+01 6.777600000000000364e+03
7.300000000000000000e+01 6.791350000000000364e+03
1.700000000000000000e+01 6.796300000000000182e+03
6.500000000000000000e+01 6.796800000000000182e+03
8.100000000000000000e+01 6.797699999999999818e+03
4.900000000000000000e+01 6.800000000000000000e+03
2.500000000000000000e+01 6.800449999999999818e+03
3.300000000000000000e+01 6.800750000000000000e+03
5.700000000000000000e+01 6.801750000000000000e+03
4.100000000000000000e+01 6.818650000000000546e+03
6.500000000000000000e+01 6.825449999999999818e+03
9.000000000000000000e+00 6.825900000000000546e+03
4.900000000000000000e+01 6.830800000000000182e+03
7.300000000000000000e+01 6.831650000000000546e+03
5.700000000000000000e+01 6.834350000000000364e+03
8.100000000000000000e+01 6.835400000000000546e+03
1.700000000000000000e+01 6.838949999999999818e+03
2.500000000000000000e+01 6.847699999999999818e+03
9.000000000000000000e+00 6.850400000000000546e+03
3.300000000000000000e+01 6.856850000000000364e+03
8.100000000000000000e+01 6.867850000000000364e+03
4.100000000000000000e+01 6.868449999999999818e+03
6.500000000000000000e+01 6.869550000000000182e+03
7.300000000000000000e+01 6.871650000000000546e+03
1.700000000000000000e+01 6.873550000000000182e+03
4.900000000000000000e+01 6.874400000000000546e+03
5.700000000000000000e+01 6.886350000000000364e+03
9.000000000000000000e+00 6.887650000000000546e+03
2.500000000000000000e+01 6.888800000000000182e+03
7.300000000000000000e+01 6.896650000000000546e+03
4.100000000000000000e+01 6.902900000000000546e+03
6.500000000000000000e+01 6.905550000000000182e+03
4.900000000000000000e+01 6.907699999999999818e+03
1.700000000000000000e+01 6.908050000000000182e+03
3.300000000000000000e+01 6.915850000000000364e+03
8.100000000000000000e+01 6.915949999999999818e+03
5.700000000000000000e+01 6.925699999999999818e+03
9.000000000000000000e+00 6.925900000000000546e+03
2.500000000000000000e+01 6.928850000000000364e+03
4.100000000000000000e+01 6.937800000000000182e+03
6.500000000000000000e+01 6.938800000000000182e+03
7.300000000000000000e+01 6.938900000000000546e+03
5.700000000000000000e+01 6.951800000000000182e+03
8.100000000000000000e+01 6.959100000000000364e+03
2.500000000000000000e+01 6.959900000000000546e+03
4.900000000000000000e+01 6.969550000000000182e+03
1.700000000000000000e+01 6.971850000000000364e+03
7.300000000000000000e+01 6.973449999999999818e+03
9.000000000000000000e+00 6.974050000000000182e+03
6.500000000000000000e+01 6.977800000000000182e+03
5.700000000000000000e+01 6.989750000000000000e+03
8.100000000000000000e+01 6.990850000000000364e+03
4.100000000000000000e+01 6.991300000000000182e+03
3.300000000000000000e+01 6.992650000000000546e+03
9.000000000000000000e+00 7.001050000000000182e+03
1.700000000000000000e+01 7.002650000000000546e+03
7.300000000000000000e+01 7.005900000000000546e+03
4.900000000000000000e+01 7.006600000000000364e+03
2.500000000000000000e+01 7.006650000000000546e+03
5.700000000000000000e+01 7.012650000000000546e+03
8.100000000000000000e+01 7.017699999999999818e+03
6.500000000000000000e+01 7.018250000000000000e+03
3.300000000000000000e+01 7.023250000000000000e+03
1.700000000000000000e+01 7.031900000000000546e+03
2.500000000000000000e+01 7.033400000000000546e+03
4.900000000000000000e+01 7.038350000000000364e+03
9.000000000000000000e+00 7.038650000000000546e+03
7.300000000000000000e+01 7.041949999999999818e+03
3.300000000000000000e+01 7.047100000000000364e+03
8.100000000000000000e+01 7.048400000000000546e+03
4.100000000000000000e+01 7.051900000000000546e+03
5.700000000000000000e+01 7.055100000000000364e+03
6.500000000000000000e+01 7.060199999999999818e+03
9.000000000000000000e+00 7.068500000000000000e+03
7.300000000000000000e+01 7.074850000000000364e+03
2.500000000000000000e+01 7.080900000000000546e+03
3.300000000000000000e+01 7.083650000000000546e+03
4.900000000000000000e+01 7.084949999999999818e+03
6.500000000000000000e+01 7.090949999999999818e+03
1.700000000000000000e+01 7.091650000000000546e+03
5.700000000000000000e+01 7.098850000000000364e+03
9.000000000000000000e+00 7.101150000000000546e+03
4.100000000000000000e+01 7.111449999999999818e+03
3.300000000000000000e+01 7.118699999999999818e+03
8.100000000000000000e+01 7.122250000000000000e+03
2.500000000000000000e+01 7.123550000000000182e+03
6.500000000000000000e+01 7.133949999999999818e+03
7.300000000000000000e+01 7.135100000000000364e+03
4.900000000000000000e+01 7.136900000000000546e+03
1.700000000000000000e+01 7.138199999999999818e+03
9.000000000000000000e+00 7.138350000000000364e+03
8.100000000000000000e+01 7.147199999999999818e+03
3.300000000000000000e+01 7.149350000000000364e+03
5.700000000000000000e+01 7.150550000000000182e+03
2.500000000000000000e+01 7.150949999999999818e+03
4.100000000000000000e+01 7.159500000000000000e+03
6.500000000000000000e+01 7.171150000000000546e+03
7.300000000000000000e+01 7.171449999999999818e+03
4.900000000000000000e+01 7.182250000000000000e+03
8.100000000000000000e+01 7.185300000000000182e+03
1.700000000000000000e+01 7.186300000000000182e+03
3.300000000000000000e+01 7.186300000000000182e+03
5.700000000000000000e+01 7.188800000000000182e+03
9.000000000000000000e+00 7.189050000000000182e+03
4.100000000000000000e+01 7.193449999999999818e+03
7.300000000000000000e+01 7.200250000000000000e+03
6.500000000000000000e+01 7.216400000000000546e+03
9.000000000000000000e+00 7.221150000000000546e+03
8.100000000000000000e+01 7.222500000000000000e+03
2.500000000000000000e+01 7.227500000000000000e+03
4.900000000000000000e+01 7.229199999999999818e+03
3.300000000000000000e+01 7.230699999999999818e+03
5.700000000000000000e+01 7.233750000000000000e+03
1.700000000000000000e+01 7.234650000000000546e+03
4.100000000000000000e+01 7.234949999999999818e+03
7.300000000000000000e+01 7.236800000000000182e+03
4.900000000000000000e+01 7.253150000000000546e+03
9.000000000000000000e+00 7.257000000000000000e+03
3.300000000000000000e+01 7.264949999999999818e+03
5.700000000000000000e+01 7.266500000000000000e+03
2.500000000000000000e+01 7.270199999999999818e+03
4.100000000000000000e+01 7.271100000000000364e+03
7.300000000000000000e+01 7.274100000000000364e+03
8.100000000000000000e+01 7.274250000000000000e+03
1.700000000000000000e+01 7.277600000000000364e+03
6.500000000000000000e+01 7.278550000000000182e+03
4.900000000000000000e+01 7.282449999999999818e+03
9.000000000000000000e+00 7.295949999999999818e+03
7.300000000000000000e+01 7.303699999999999818e+03
3.300000000000000000e+01 7.305750000000000000e+03
5.700000000000000000e+01 7.306800000000000182e+03
6.500000000000000000e+01 7.309699999999999818e+03
2.500000000000000000e+01 7.311949999999999818e+03
8.100000000000000000e+01 7.313300000000000182e+03
1.700000000000000000e+01 7.314550000000000182e+03
4.100000000000000000e+01 7.314650000000000546e+03
9.000000000000000000e+00 7.329050000000000182e+03
4.900000000000000000e+01 7.333150000000000546e+03
5.700000000000000000e+01 7.335650000000000546e+03
3.300000000000000000e+01 7.336350000000000364e+03
7.300000000000000000e+01 7.336600000000000364e+03
1.700000000000000000e+01 7.341900000000000546e+03
4.100000000000000000e+01 7.342250000000000000e+03
2.500000000000000000e+01 7.342650000000000546e+03
6.500000000000000000e+01 7.345400000000000546e+03
8.100000000000000000e+01 7.358150000000000546e+03
4.900000000000000000e+01 7.361150000000000546e+03
9.000000000000000000e+00 7.366449999999999818e+03
3.300000000000000000e+01 7.366449999999999818e+03
5.700000000000000000e+01 7.368750000000000000e+03
6.500000000000000000e+01 7.380600000000000364e+03
1.700000000000000000e+01 7.380650000000000546e+03
7.300000000000000000e+01 7.382000000000000000e+03
4.100000000000000000e+01 7.383449999999999818e+03
2.500000000000000000e+01 7.384000000000000000e+03
8.100000000000000000e+01 7.385750000000000000e+03
4.900000000000000000e+01 7.391199999999999818e+03
9.000000000000000000e+00 7.401250000000000000e+03
3.300000000000000000e+01 7.408199999999999818e+03
1.700000000000000000e+01 7.414400000000000546e+03
7.300000000000000000e+01 7.417800000000000182e+03
4.100000000000000000e+01 7.421750000000000000e+03
8.100000000000000000e+01 7.429400000000000546e+03
4.900000000000000000e+01 7.430050000000000182e+03
2.500000000000000000e+01 7.432550000000000182e+03
3.300000000000000000e+01 7.442750000000000000e+03
5.700000000000000000e+01 7.443100000000000364e+03
4.100000000000000000e+01 7.445850000000000364e+03
6.500000000000000000e+01 7.447300000000000182e+03
9.000000000000000000e+00 7.448250000000000000e+03
1.700000000000000000e+01 7.450550000000000182e+03
2.500000000000000000e+01 7.463750000000000000e+03
8.100000000000000000e+01 7.465800000000000182e+03
7.300000000000000000e+01 7.474900000000000546e+03
6.500000000000000000e+01 7.478400000000000546e+03
5.700000000000000000e+01 7.479000000000000000e+03
9.000000000000000000e+00 7.481100000000000364e+03
2.500000000000000000e+01 7.486100000000000364e+03
4.100000000000000000e+01 7.488300000000000182e+03
1.700000000000000000e+01 7.491600000000000364e+03
6.500000000000000000e+01 7.502400000000000546e+03
4.900000000000000000e+01 7.505150000000000546e+03
8.100000000000000000e+01 7.509150000000000546e+03
7.300000000000000000e+01 7.515050000000000182e+03
9.000000000000000000e+00 7.517350000000000364e+03
2.500000000000000000e+01 7.522050000000000182e+03
4.100000000000000000e+01 7.522650000000000546e+03
5.700000000000000000e+01 7.526350000000000364e+03
3.300000000000000000e+01 7.527400000000000546e+03
6.500000000000000000e+01 7.534000000000000000e+03
4.900000000000000000e+01 7.535699999999999818e+03
1.700000000000000000e+01 7.536500000000000000e+03
2.500000000000000000e+01 7.553699999999999818e+03
4.100000000000000000e+01 7.554100000000000364e+03
8.100000000000000000e+01 7.560949999999999818e+03
9.000000000000000000e+00 7.563850000000000364e+03
6.500000000000000000e+01 7.564449999999999818e+03
5.700000000000000000e+01 7.567150000000000546e+03
7.300000000000000000e+01 7.568949999999999818e+03
1.700000000000000000e+01 7.575100000000000364e+03
3.300000000000000000e+01 7.579199999999999818e+03
4.900000000000000000e+01 7.582300000000000182e+03
4.100000000000000000e+01 7.594800000000000182e+03
8.100000000000000000e+01 7.599550000000000182e+03
6.500000000000000000e+01 7.609050000000000182e+03
9.000000000000000000e+00 7.610500000000000000e+03
7.300000000000000000e+01 7.616949999999999818e+03
2.500000000000000000e+01 7.619850000000000364e+03
1.700000000000000000e+01 7.622500000000000000e+03
4.900000000000000000e+01 7.624199999999999818e+03
3.300000000000000000e+01 7.626449999999999818e+03
5.700000000000000000e+01 7.628150000000000546e+03
8.100000000000000000e+01 7.635550000000000182e+03
9.000000000000000000e+00 7.648050000000000182e+03
4.100000000000000000e+01 7.649699999999999818e+03
7.300000000000000000e+01 7.649750000000000000e+03
6.500000000000000000e+01 7.653850000000000364e+03
1.700000000000000000e+01 7.660300000000000182e+03
2.500000000000000000e+01 7.664750000000000000e+03
8.100000000000000000e+01 7.669650000000000546e+03
4.900000000000000000e+01 7.671949999999999818e+03
5.700000000000000000e+01 7.673250000000000000e+03
4.100000000000000000e+01 7.693699999999999818e+03
6.500000000000000000e+01 7.694750000000000000e+03
7.300000000000000000e+01 7.694750000000000000e+03
9.000000000000000000e+00 7.696850000000000364e+03
2.500000000000000000e+01 7.698449999999999818e+03
3.300000000000000000e+01 7.701900000000000546e+03
5.700000000000000000e+01 7.712300000000000182e+03
4.900000000000000000e+01 7.715850000000000364e+03
8.100000000000000000e+01 7.727300000000000182e+03
1.700000000000000000e+01 7.729650000000000546e+03
3.300000000000000000e+01 7.731150000000000546e+03
7.300000000000000000e+01 7.734449999999999818e+03
9.000000000000000000e+00 7.739650000000000546e+03
4.100000000000000000e+01 7.740100000000000364e+03
4.900000000000000000e+01 7.747750000000000000e+03
5.700000000000000000e+01 7.749750000000000000e+03
2.500000000000000000e+01 7.751300000000000182e+03
4.100000000000000000e+01 7.761199999999999818e+03
6.500000000000000000e+01 7.761300000000000182e+03
8.100000000000000000e+01 7.764900000000000546e+03
7.300000000000000000e+01 7.768300000000000182e+03
3.300000000000000000e+01 7.768800000000000182e+03
1.700000000000000000e+01 7.771600000000000364e+03
9.000000000000000000e+00 7.777949999999999818e+03
2.500000000000000000e+01 7.782500000000000000e+03
5.700000000000000000e+01 7.795550000000000182e+03
4.100000000000000000e+01 7.795900000000000546e+03
4.900000000000000000e+01 7.797949999999999818e+03
8.100000000000000000e+01 7.798500000000000000e+03
7.300000000000000000e+01 7.798600000000000364e+03
6.500000000000000000e+01 7.802800000000000182e+03
3.300000000000000000e+01 7.804199999999999818e+03
9.000000000000000000e+00 7.808550000000000182e+03
2.500000000000000000e+01 7.817449999999999818e+03
1.700000000000000000e+01 7.818800000000000182e+03
5.700000000000000000e+01 7.819100000000000364e+03
4.100000000000000000e+01 7.837550000000000182e+03
4.900000000000000000e+01 7.841949999999999818e+03
7.300000000000000000e+01 7.842050000000000182e+03
5.700000000000000000e+01 7.843449999999999818e+03
8.100000000000000000e+01 7.843850000000000364e+03
3.300000000000000000e+01 7.848600000000000364e+03
2.500000000000000000e+01 7.849600000000000364e+03
9.000000000000000000e+00 7.861150000000000546e+03
6.500000000000000000e+01 7.863900000000000546e+03
4.100000000000000000e+01 7.870150000000000546e+03
7.300000000000000000e+01 7.871350000000000364e+03
1.700000000000000000e+01 7.872100000000000364e+03
5.700000000000000000e+01 7.874900000000000546e+03
2.500000000000000000e+01 7.885449999999999818e+03
6.500000000000000000e+01 7.886550000000000182e+03
3.300000000000000000e+01 7.886699999999999818e+03
8.100000000000000000e+01 7.897600000000000364e+03
7.300000000000000000e+01 7.904650000000000546e+03
4.900000000000000000e+01 7.908150000000000546e+03
1.700000000000000000e+01 7.909449999999999818e+03
9.000000000000000000e+00 7.910750000000000000e+03
5.700000000000000000e+01 7.914050000000000182e+03
4.100000000000000000e+01 7.917900000000000546e+03
2.500000000000000000e+01 7.921550000000000182e+03
6.500000000000000000e+01 7.925500000000000000e+03
3.300000000000000000e+01 7.925949999999999818e+03
9.000000000000000000e+00 7.942900000000000546e+03
4.900000000000000000e+01 7.943100000000000364e+03
7.300000000000000000e+01 7.950000000000000000e+03
2.500000000000000000e+01 7.951150000000000546e+03
5.700000000000000000e+01 7.951300000000000182e+03
1.700000000000000000e+01 7.951750000000000000e+03
4.100000000000000000e+01 7.951900000000000546e+03
8.100000000000000000e+01 7.956300000000000182e+03
6.500000000000000000e+01 7.961550000000000182e+03
3.300000000000000000e+01 7.971150000000000546e+03
9.000000000000000000e+00 7.982400000000000546e+03
4.100000000000000000e+01 7.985600000000000364e+03
1.700000000000000000e+01 7.986900000000000546e+03
2.500000000000000000e+01 7.992650000000000546e+03
3.300000000000000000e+01 8.000900000000000546e+03
4.900000000000000000e+01 8.001400000000000546e+03
7.300000000000000000e+01 8.034250000000000000e+03
7.300000000000000000e+01 8.242950000000000728e+03
9.000000000000000000e+00 8.364149999999999636e+03
6.500000000000000000e+01 8.457149999999999636e+03
2.500000000000000000e+01 8.524299999999999272e+03
9.000000000000000000e+00 8.623600000000000364e+03
9.000000000000000000e+00 8.976550000000001091e+03
7.300000000000000000e+01 9.728649999999999636e+03
1.700000000000000000e+01 1.007820000000000073e+04
7.300000000000000000e+01 1.057364999999999964e+04
8.100000000000000000e+01 1.129020000000000073e+04
3.300000000000000000e+01 1.215014999999999964e+04
4.900000000000000000e+01 1.369689999999999964e+04
9.000000000000000000e+00 1.399850000000000000e+04
7.300000000000000000e+01 1.416710000000000036e+04
4.900000000000000000e+01 1.431635000000000036e+04
6.500000000000000000e+01 1.553580000000000109e+04
4.900000000000000000e+01 1.560650000000000000e+04
4.100000000000000000e+01 1.695559999999999854e+04
1.700000000000000000e+01 1.822065000000000146e+04
4.900000000000000000e+01 1.850060000000000218e+04
4.900000000000000000e+01 2.021975000000000000e+04
2.500000000000000000e+01 2.044845000000000073e+04
8.100000000000000000e+01 2.056420000000000073e+04
4.900000000000000000e+01 2.146790000000000146e+04
9.000000000000000000e+00 2.226920000000000073e+04
2.500000000000000000e+01 2.306400000000000000e+04
7.300000000000000000e+01 2.313810000000000218e+04
4.100000000000000000e+01 2.396529999999999927e+04
4.900000000000000000e+01 2.509610000000000218e+04
7.300000000000000000e+01 2.536920000000000073e+04
1.700000000000000000e+01 2.547000000000000000e+04
2.500000000000000000e+01 2.570790000000000146e+04
4.900000000000000000e+01 2.581635000000000218e+04
1.700000000000000000e+01 2.621504999999999927e+04
4.900000000000000000e+01 2.715410000000000218e+04
9.000000000000000000e+00 2.776420000000000073e+04
9.000000000000000000e+00 2.909554999999999927e+04
9.000000000000000000e+00 2.958070000000000073e+04
2.500000000000000000e+01 3.011385000000000218e+04
4.100000000000000000e+01 3.034504999999999927e+04
2.500000000000000000e+01 3.083285000000000218e+04
4.100000000000000000e+01 3.101850000000000000e+04
8.100000000000000000e+01 3.105454999999999927e+04
1.700000000000000000e+01 3.105570000000000073e+04
3.300000000000000000e+01 3.105745000000000073e+04
1.000000000000000000e+01 2.712500000000000000e+02
2.000000000000000000e+00 5.515500000000000682e+02
7.400000000000000000e+01 5.658500000000000227e+02
3.400000000000000000e+01 6.387000000000000455e+02
1.800000000000000000e+01 7.927500000000000000e+02
6.600000000000000000e+01 8.844500000000000455e+02
1.000000000000000000e+01 1.274549999999999955e+03
6.600000000000000000e+01 1.771049999999999955e+03
7.400000000000000000e+01 1.846650000000000091e+03
3.400000000000000000e+01 2.090650000000000091e+03
1.800000000000000000e+01 2.279950000000000273e+03
2.000000000000000000e+00 3.011900000000000091e+03
2.600000000000000000e+01 3.018500000000000000e+03
1.800000000000000000e+01 3.030900000000000091e+03
6.600000000000000000e+01 3.033550000000000182e+03
5.000000000000000000e+01 3.040900000000000091e+03
2.000000000000000000e+00 3.067599999999999909e+03
5.000000000000000000e+01 3.074650000000000091e+03
7.400000000000000000e+01 3.078099999999999909e+03
1.800000000000000000e+01 3.086849999999999909e+03
3.400000000000000000e+01 3.089250000000000000e+03
5.800000000000000000e+01 3.099700000000000273e+03
2.000000000000000000e+00 3.100800000000000182e+03
6.600000000000000000e+01 3.113950000000000273e+03
2.600000000000000000e+01 3.130000000000000000e+03
1.800000000000000000e+01 3.134300000000000182e+03
6.600000000000000000e+01 3.145500000000000000e+03
3.400000000000000000e+01 3.148300000000000182e+03
2.000000000000000000e+00 3.156900000000000091e+03
4.200000000000000000e+01 3.172450000000000273e+03
5.000000000000000000e+01 3.172500000000000000e+03
1.800000000000000000e+01 3.183599999999999909e+03
3.400000000000000000e+01 3.188900000000000091e+03
1.000000000000000000e+01 3.193550000000000182e+03
7.400000000000000000e+01 3.195250000000000000e+03
2.600000000000000000e+01 3.200050000000000182e+03
2.000000000000000000e+00 3.208900000000000091e+03
5.800000000000000000e+01 3.221300000000000182e+03
5.000000000000000000e+01 3.225800000000000182e+03
3.400000000000000000e+01 3.233000000000000000e+03
4.200000000000000000e+01 3.237000000000000000e+03
2.000000000000000000e+00 3.244599999999999909e+03
5.800000000000000000e+01 3.253950000000000273e+03
6.600000000000000000e+01 3.254349999999999909e+03
7.400000000000000000e+01 3.257200000000000273e+03
1.000000000000000000e+01 3.278450000000000273e+03
1.800000000000000000e+01 3.285650000000000091e+03
2.600000000000000000e+01 3.290200000000000273e+03
5.000000000000000000e+01 3.300550000000000182e+03
3.400000000000000000e+01 3.301250000000000000e+03
6.600000000000000000e+01 3.301599999999999909e+03
5.800000000000000000e+01 3.309650000000000091e+03
1.000000000000000000e+01 3.320500000000000000e+03
1.800000000000000000e+01 3.350849999999999909e+03
3.400000000000000000e+01 3.360099999999999909e+03
6.600000000000000000e+01 3.372400000000000091e+03
2.000000000000000000e+00 3.384550000000000182e+03
1.000000000000000000e+01 3.390599999999999909e+03
5.800000000000000000e+01 3.395700000000000273e+03
2.600000000000000000e+01 3.395900000000000091e+03
1.800000000000000000e+01 3.397650000000000091e+03
7.400000000000000000e+01 3.414050000000000182e+03
3.400000000000000000e+01 3.415300000000000182e+03
5.000000000000000000e+01 3.425250000000000000e+03
2.000000000000000000e+00 3.425349999999999909e+03
1.800000000000000000e+01 3.427250000000000000e+03
2.600000000000000000e+01 3.449450000000000273e+03
6.600000000000000000e+01 3.449700000000000273e+03
5.800000000000000000e+01 3.461000000000000000e+03
3.400000000000000000e+01 3.466099999999999909e+03
1.800000000000000000e+01 3.476750000000000000e+03
6.600000000000000000e+01 3.477900000000000091e+03
7.400000000000000000e+01 3.494650000000000091e+03
3.400000000000000000e+01 3.496849999999999909e+03
2.600000000000000000e+01 3.502150000000000091e+03
1.000000000000000000e+01 3.510050000000000182e+03
2.000000000000000000e+00 3.516950000000000273e+03
5.800000000000000000e+01 3.517150000000000091e+03
1.800000000000000000e+01 3.527599999999999909e+03
6.600000000000000000e+01 3.529599999999999909e+03
5.000000000000000000e+01 3.538400000000000091e+03
7.400000000000000000e+01 3.542800000000000182e+03
2.600000000000000000e+01 3.547150000000000091e+03
2.000000000000000000e+00 3.547400000000000091e+03
3.400000000000000000e+01 3.551099999999999909e+03
1.800000000000000000e+01 3.558000000000000000e+03
5.800000000000000000e+01 3.582849999999999909e+03
4.200000000000000000e+01 3.589950000000000273e+03
6.600000000000000000e+01 3.592300000000000182e+03
3.400000000000000000e+01 3.595900000000000091e+03
2.600000000000000000e+01 3.597400000000000091e+03
5.000000000000000000e+01 3.611650000000000091e+03
7.400000000000000000e+01 3.613150000000000091e+03
3.400000000000000000e+01 3.627000000000000000e+03
1.800000000000000000e+01 3.627849999999999909e+03
2.000000000000000000e+00 3.632750000000000000e+03
5.000000000000000000e+01 3.658550000000000182e+03
4.200000000000000000e+01 3.661400000000000091e+03
1.800000000000000000e+01 3.664950000000000273e+03
6.600000000000000000e+01 3.666550000000000182e+03
2.600000000000000000e+01 3.672650000000000091e+03
7.400000000000000000e+01 3.676800000000000182e+03
5.800000000000000000e+01 3.682050000000000182e+03
2.000000000000000000e+00 3.694099999999999909e+03
1.000000000000000000e+01 3.694700000000000273e+03
3.400000000000000000e+01 3.709550000000000182e+03
6.600000000000000000e+01 3.716400000000000091e+03
2.600000000000000000e+01 3.720250000000000000e+03
1.800000000000000000e+01 3.735500000000000000e+03
7.400000000000000000e+01 3.735700000000000273e+03
5.000000000000000000e+01 3.740000000000000000e+03
2.000000000000000000e+00 3.754000000000000000e+03
4.200000000000000000e+01 3.758200000000000273e+03
6.600000000000000000e+01 3.762900000000000091e+03
3.400000000000000000e+01 3.763500000000000000e+03
5.000000000000000000e+01 3.774000000000000000e+03
1.000000000000000000e+01 3.780349999999999909e+03
2.600000000000000000e+01 3.790000000000000000e+03
2.000000000000000000e+00 3.792700000000000273e+03
7.400000000000000000e+01 3.796349999999999909e+03
5.800000000000000000e+01 3.799000000000000000e+03
3.400000000000000000e+01 3.807200000000000273e+03
5.000000000000000000e+01 3.812950000000000273e+03
4.200000000000000000e+01 3.817050000000000182e+03
1.800000000000000000e+01 3.817500000000000000e+03
6.600000000000000000e+01 3.822000000000000000e+03
2.000000000000000000e+00 3.833550000000000182e+03
1.000000000000000000e+01 3.834950000000000273e+03
3.400000000000000000e+01 3.842050000000000182e+03
5.800000000000000000e+01 3.848349999999999909e+03
7.400000000000000000e+01 3.852349999999999909e+03
1.800000000000000000e+01 3.862450000000000273e+03
5.000000000000000000e+01 3.862950000000000273e+03
6.600000000000000000e+01 3.865950000000000273e+03
2.600000000000000000e+01 3.878700000000000273e+03
1.000000000000000000e+01 3.878950000000000273e+03
3.400000000000000000e+01 3.888099999999999909e+03
2.000000000000000000e+00 3.894750000000000000e+03
1.800000000000000000e+01 3.895349999999999909e+03
4.200000000000000000e+01 3.907700000000000273e+03
7.400000000000000000e+01 3.913000000000000000e+03
5.000000000000000000e+01 3.917800000000000182e+03
5.800000000000000000e+01 3.924599999999999909e+03
1.000000000000000000e+01 3.927050000000000182e+03
3.400000000000000000e+01 3.937450000000000273e+03
4.200000000000000000e+01 3.938099999999999909e+03
2.000000000000000000e+00 3.946150000000000091e+03
1.800000000000000000e+01 3.948599999999999909e+03
5.000000000000000000e+01 3.984300000000000182e+03
1.800000000000000000e+01 3.987849999999999909e+03
6.600000000000000000e+01 3.993099999999999909e+03
1.000000000000000000e+01 3.997450000000000273e+03
2.600000000000000000e+01 4.001200000000000273e+03
2.000000000000000000e+00 4.003300000000000182e+03
4.200000000000000000e+01 4.010849999999999909e+03
1.800000000000000000e+01 4.029099999999999909e+03
6.600000000000000000e+01 4.030550000000000182e+03
7.400000000000000000e+01 4.045400000000000091e+03
5.800000000000000000e+01 4.046200000000000273e+03
4.200000000000000000e+01 4.050950000000000273e+03
1.000000000000000000e+01 4.060599999999999909e+03
3.400000000000000000e+01 4.062150000000000091e+03
1.800000000000000000e+01 4.078750000000000000e+03
7.400000000000000000e+01 4.082400000000000091e+03
5.800000000000000000e+01 4.091300000000000182e+03
2.600000000000000000e+01 4.095349999999999909e+03
5.000000000000000000e+01 4.096699999999999818e+03
3.400000000000000000e+01 4.099949999999999818e+03
2.000000000000000000e+00 4.100100000000000364e+03
4.200000000000000000e+01 4.110100000000000364e+03
1.000000000000000000e+01 4.120050000000000182e+03
6.600000000000000000e+01 4.134000000000000000e+03
1.800000000000000000e+01 4.134050000000000182e+03
2.000000000000000000e+00 4.138000000000000000e+03
5.800000000000000000e+01 4.140949999999999818e+03
2.600000000000000000e+01 4.151000000000000000e+03
3.400000000000000000e+01 4.152199999999999818e+03
7.400000000000000000e+01 4.153399999999999636e+03
1.000000000000000000e+01 4.158000000000000000e+03
4.200000000000000000e+01 4.168399999999999636e+03
1.800000000000000000e+01 4.175850000000000364e+03
5.000000000000000000e+01 4.177949999999999818e+03
2.600000000000000000e+01 4.200399999999999636e+03
7.400000000000000000e+01 4.201699999999999818e+03
3.400000000000000000e+01 4.202350000000000364e+03
2.000000000000000000e+00 4.203300000000000182e+03
6.600000000000000000e+01 4.203399999999999636e+03
5.800000000000000000e+01 4.212550000000000182e+03
5.000000000000000000e+01 4.215250000000000000e+03
1.000000000000000000e+01 4.232750000000000000e+03
1.800000000000000000e+01 4.232800000000000182e+03
2.600000000000000000e+01 4.237699999999999818e+03
4.200000000000000000e+01 4.239050000000000182e+03
7.400000000000000000e+01 4.253899999999999636e+03
5.800000000000000000e+01 4.258199999999999818e+03
2.000000000000000000e+00 4.266250000000000000e+03
6.600000000000000000e+01 4.268750000000000000e+03
5.000000000000000000e+01 4.276149999999999636e+03
4.200000000000000000e+01 4.284199999999999818e+03
1.800000000000000000e+01 4.299850000000000364e+03
5.800000000000000000e+01 4.308050000000000182e+03
1.000000000000000000e+01 4.310699999999999818e+03
2.000000000000000000e+00 4.312350000000000364e+03
6.600000000000000000e+01 4.326550000000000182e+03
4.200000000000000000e+01 4.334000000000000000e+03
7.400000000000000000e+01 4.341649999999999636e+03
2.600000000000000000e+01 4.350699999999999818e+03
5.000000000000000000e+01 4.359449999999999818e+03
6.600000000000000000e+01 4.367600000000000364e+03
1.800000000000000000e+01 4.371150000000000546e+03
2.000000000000000000e+00 4.375199999999999818e+03
7.400000000000000000e+01 4.384050000000000182e+03
1.000000000000000000e+01 4.389750000000000000e+03
5.800000000000000000e+01 4.396750000000000000e+03
4.200000000000000000e+01 4.401350000000000364e+03
5.000000000000000000e+01 4.404800000000000182e+03
6.600000000000000000e+01 4.405500000000000000e+03
2.600000000000000000e+01 4.406600000000000364e+03
1.800000000000000000e+01 4.423800000000000182e+03
3.400000000000000000e+01 4.425449999999999818e+03
1.000000000000000000e+01 4.431100000000000364e+03
2.000000000000000000e+00 4.446699999999999818e+03
6.600000000000000000e+01 4.451050000000000182e+03
5.000000000000000000e+01 4.455100000000000364e+03
7.400000000000000000e+01 4.458199999999999818e+03
2.600000000000000000e+01 4.460500000000000000e+03
5.800000000000000000e+01 4.462150000000000546e+03
1.000000000000000000e+01 4.465949999999999818e+03
1.800000000000000000e+01 4.466400000000000546e+03
4.200000000000000000e+01 4.469250000000000000e+03
3.400000000000000000e+01 4.470850000000000364e+03
2.000000000000000000e+00 4.473300000000000182e+03
7.400000000000000000e+01 4.498500000000000000e+03
1.000000000000000000e+01 4.499300000000000182e+03
5.000000000000000000e+01 4.506350000000000364e+03
4.200000000000000000e+01 4.509750000000000000e+03
2.000000000000000000e+00 4.515250000000000000e+03
3.400000000000000000e+01 4.516750000000000000e+03
6.600000000000000000e+01 4.527199999999999818e+03
5.800000000000000000e+01 4.535000000000000000e+03
1.800000000000000000e+01 4.542949999999999818e+03
7.400000000000000000e+01 4.551250000000000000e+03
1.000000000000000000e+01 4.554050000000000182e+03
2.600000000000000000e+01 4.556800000000000182e+03
2.000000000000000000e+00 4.559750000000000000e+03
3.400000000000000000e+01 4.568500000000000000e+03
5.000000000000000000e+01 4.586300000000000182e+03
1.800000000000000000e+01 4.589350000000000364e+03
5.800000000000000000e+01 4.595850000000000364e+03
2.600000000000000000e+01 4.600400000000000546e+03
1.000000000000000000e+01 4.604150000000000546e+03
2.000000000000000000e+00 4.605800000000000182e+03
4.200000000000000000e+01 4.613500000000000000e+03
7.400000000000000000e+01 4.617699999999999818e+03
6.600000000000000000e+01 4.626699999999999818e+03
5.800000000000000000e+01 4.631400000000000546e+03
1.800000000000000000e+01 4.634600000000000364e+03
2.600000000000000000e+01 4.636000000000000000e+03
1.000000000000000000e+01 4.642600000000000364e+03
7.400000000000000000e+01 4.658500000000000000e+03
2.000000000000000000e+00 4.665350000000000364e+03
4.200000000000000000e+01 4.666750000000000000e+03
2.600000000000000000e+01 4.669650000000000546e+03
5.800000000000000000e+01 4.671350000000000364e+03
5.000000000000000000e+01 4.685949999999999818e+03
3.400000000000000000e+01 4.693699999999999818e+03
4.200000000000000000e+01 4.701350000000000364e+03
2.000000000000000000e+00 4.701900000000000546e+03
1.800000000000000000e+01 4.703650000000000546e+03
5.800000000000000000e+01 4.703800000000000182e+03
2.600000000000000000e+01 4.716600000000000364e+03
7.400000000000000000e+01 4.718800000000000182e+03
1.000000000000000000e+01 4.723699999999999818e+03
6.600000000000000000e+01 4.738250000000000000e+03
5.000000000000000000e+01 4.748500000000000000e+03
3.400000000000000000e+01 4.758650000000000546e+03
5.800000000000000000e+01 4.761350000000000364e+03
4.200000000000000000e+01 4.765750000000000000e+03
7.400000000000000000e+01 4.767050000000000182e+03
2.600000000000000000e+01 4.767850000000000364e+03
6.600000000000000000e+01 4.775300000000000182e+03
2.000000000000000000e+00 4.788350000000000364e+03
1.800000000000000000e+01 4.792300000000000182e+03
7.400000000000000000e+01 4.796350000000000364e+03
3.400000000000000000e+01 4.797400000000000546e+03
1.000000000000000000e+01 4.799850000000000364e+03
5.000000000000000000e+01 4.800600000000000364e+03
2.600000000000000000e+01 4.808150000000000546e+03
6.600000000000000000e+01 4.813350000000000364e+03
2.000000000000000000e+00 4.826800000000000182e+03
4.200000000000000000e+01 4.829199999999999818e+03
7.400000000000000000e+01 4.830449999999999818e+03
1.800000000000000000e+01 4.831150000000000546e+03
3.400000000000000000e+01 4.838100000000000364e+03
1.000000000000000000e+01 4.838550000000000182e+03
5.800000000000000000e+01 4.851050000000000182e+03
2.600000000000000000e+01 4.851550000000000182e+03
6.600000000000000000e+01 4.864050000000000182e+03
3.400000000000000000e+01 4.883449999999999818e+03
2.000000000000000000e+00 4.883900000000000546e+03
1.800000000000000000e+01 4.885449999999999818e+03
7.400000000000000000e+01 4.887150000000000546e+03
2.600000000000000000e+01 4.891949999999999818e+03
5.800000000000000000e+01 4.894550000000000182e+03
4.200000000000000000e+01 4.900650000000000546e+03
1.800000000000000000e+01 4.915400000000000546e+03
1.000000000000000000e+01 4.920100000000000364e+03
5.000000000000000000e+01 4.922650000000000546e+03
2.600000000000000000e+01 4.930050000000000182e+03
7.400000000000000000e+01 4.932050000000000182e+03
3.400000000000000000e+01 4.932400000000000546e+03
2.000000000000000000e+00 4.952900000000000546e+03
6.600000000000000000e+01 4.963850000000000364e+03
5.800000000000000000e+01 4.964900000000000546e+03
1.800000000000000000e+01 4.966250000000000000e+03
4.200000000000000000e+01 4.978300000000000182e+03
5.000000000000000000e+01 4.985449999999999818e+03
2.000000000000000000e+00 4.989199999999999818e+03
1.800000000000000000e+01 4.995850000000000364e+03
2.600000000000000000e+01 4.996900000000000546e+03
7.400000000000000000e+01 4.999800000000000182e+03
1.000000000000000000e+01 5.003699999999999818e+03
3.400000000000000000e+01 5.023400000000000546e+03
2.000000000000000000e+00 5.024900000000000546e+03
6.600000000000000000e+01 5.027949999999999818e+03
2.600000000000000000e+01 5.031449999999999818e+03
1.000000000000000000e+01 5.034100000000000364e+03
4.200000000000000000e+01 5.034100000000000364e+03
5.000000000000000000e+01 5.039850000000000364e+03
7.400000000000000000e+01 5.052449999999999818e+03
5.800000000000000000e+01 5.054850000000000364e+03
6.600000000000000000e+01 5.058650000000000546e+03
2.000000000000000000e+00 5.059650000000000546e+03
1.800000000000000000e+01 5.062600000000000364e+03
3.400000000000000000e+01 5.066500000000000000e+03
1.000000000000000000e+01 5.074350000000000364e+03
2.600000000000000000e+01 5.086650000000000546e+03
5.800000000000000000e+01 5.095199999999999818e+03
5.000000000000000000e+01 5.096449999999999818e+03
2.000000000000000000e+00 5.102600000000000364e+03
6.600000000000000000e+01 5.111699999999999818e+03
1.800000000000000000e+01 5.131550000000000182e+03
1.000000000000000000e+01 5.132900000000000546e+03
7.400000000000000000e+01 5.140100000000000364e+03
5.000000000000000000e+01 5.141350000000000364e+03
3.400000000000000000e+01 5.141500000000000000e+03
2.600000000000000000e+01 5.142000000000000000e+03
6.600000000000000000e+01 5.144250000000000000e+03
5.800000000000000000e+01 5.149900000000000546e+03
2.000000000000000000e+00 5.161550000000000182e+03
1.000000000000000000e+01 5.171850000000000364e+03
2.600000000000000000e+01 5.174850000000000364e+03
1.800000000000000000e+01 5.177949999999999818e+03
4.200000000000000000e+01 5.181750000000000000e+03
5.800000000000000000e+01 5.183750000000000000e+03
7.400000000000000000e+01 5.193449999999999818e+03
5.000000000000000000e+01 5.194850000000000364e+03
6.600000000000000000e+01 5.196000000000000000e+03
3.400000000000000000e+01 5.217650000000000546e+03
2.600000000000000000e+01 5.224300000000000182e+03
6.600000000000000000e+01 5.235150000000000546e+03
5.800000000000000000e+01 5.240500000000000000e+03
4.200000000000000000e+01 5.245400000000000546e+03
1.000000000000000000e+01 5.248500000000000000e+03
1.800000000000000000e+01 5.252400000000000546e+03
2.000000000000000000e+00 5.260050000000000182e+03
3.400000000000000000e+01 5.277100000000000364e+03
2.600000000000000000e+01 5.278250000000000000e+03
5.000000000000000000e+01 5.278650000000000546e+03
4.200000000000000000e+01 5.286750000000000000e+03
1.800000000000000000e+01 5.290900000000000546e+03
6.600000000000000000e+01 5.299350000000000364e+03
1.000000000000000000e+01 5.300650000000000546e+03
2.000000000000000000e+00 5.301449999999999818e+03
5.000000000000000000e+01 5.312400000000000546e+03
3.400000000000000000e+01 5.326850000000000364e+03
4.200000000000000000e+01 5.329949999999999818e+03
7.400000000000000000e+01 5.330449999999999818e+03
1.800000000000000000e+01 5.344199999999999818e+03
2.000000000000000000e+00 5.345050000000000182e+03
6.600000000000000000e+01 5.345300000000000182e+03
5.800000000000000000e+01 5.348150000000000546e+03
2.600000000000000000e+01 5.355550000000000182e+03
1.000000000000000000e+01 5.355850000000000364e+03
5.000000000000000000e+01 5.362300000000000182e+03
4.200000000000000000e+01 5.372850000000000364e+03
3.400000000000000000e+01 5.375949999999999818e+03
2.000000000000000000e+00 5.385350000000000364e+03
5.800000000000000000e+01 5.385400000000000546e+03
1.800000000000000000e+01 5.391250000000000000e+03
7.400000000000000000e+01 5.395800000000000182e+03
1.000000000000000000e+01 5.397449999999999818e+03
6.600000000000000000e+01 5.404000000000000000e+03
2.600000000000000000e+01 5.405550000000000182e+03
3.400000000000000000e+01 5.407300000000000182e+03
4.200000000000000000e+01 5.421050000000000182e+03
5.000000000000000000e+01 5.432550000000000182e+03
2.000000000000000000e+00 5.432850000000000364e+03
2.600000000000000000e+01 5.434199999999999818e+03
7.400000000000000000e+01 5.436750000000000000e+03
6.600000000000000000e+01 5.442550000000000182e+03
1.800000000000000000e+01 5.458050000000000182e+03
5.800000000000000000e+01 5.461699999999999818e+03
4.200000000000000000e+01 5.461900000000000546e+03
1.000000000000000000e+01 5.463800000000000182e+03
2.600000000000000000e+01 5.473150000000000546e+03
3.400000000000000000e+01 5.473949999999999818e+03
2.000000000000000000e+00 5.480000000000000000e+03
5.000000000000000000e+01 5.481750000000000000e+03
6.600000000000000000e+01 5.498150000000000546e+03
4.200000000000000000e+01 5.501850000000000364e+03
1.800000000000000000e+01 5.502250000000000000e+03
5.800000000000000000e+01 5.508800000000000182e+03
1.000000000000000000e+01 5.508850000000000364e+03
2.600000000000000000e+01 5.509550000000000182e+03
3.400000000000000000e+01 5.510000000000000000e+03
7.400000000000000000e+01 5.510050000000000182e+03
1.800000000000000000e+01 5.531750000000000000e+03
5.000000000000000000e+01 5.534550000000000182e+03
2.000000000000000000e+00 5.534800000000000182e+03
5.800000000000000000e+01 5.541750000000000000e+03
1.000000000000000000e+01 5.553800000000000182e+03
6.600000000000000000e+01 5.559500000000000000e+03
3.400000000000000000e+01 5.562400000000000546e+03
7.400000000000000000e+01 5.563600000000000364e+03
4.200000000000000000e+01 5.565100000000000364e+03
2.600000000000000000e+01 5.571850000000000364e+03
5.800000000000000000e+01 5.582350000000000364e+03
1.800000000000000000e+01 5.589150000000000546e+03
3.400000000000000000e+01 5.605350000000000364e+03
5.000000000000000000e+01 5.606250000000000000e+03
2.600000000000000000e+01 5.608650000000000546e+03
7.400000000000000000e+01 5.610500000000000000e+03
2.000000000000000000e+00 5.613100000000000364e+03
4.200000000000000000e+01 5.613250000000000000e+03
5.800000000000000000e+01 5.614400000000000546e+03
1.000000000000000000e+01 5.631800000000000182e+03
1.800000000000000000e+01 5.632199999999999818e+03
6.600000000000000000e+01 5.653250000000000000e+03
4.200000000000000000e+01 5.653900000000000546e+03
2.000000000000000000e+00 5.655199999999999818e+03
5.000000000000000000e+01 5.656949999999999818e+03
2.600000000000000000e+01 5.660150000000000546e+03
7.400000000000000000e+01 5.663699999999999818e+03
6.600000000000000000e+01 5.683050000000000182e+03
3.400000000000000000e+01 5.687750000000000000e+03
2.600000000000000000e+01 5.696949999999999818e+03
7.400000000000000000e+01 5.697300000000000182e+03
2.000000000000000000e+00 5.698800000000000182e+03
1.800000000000000000e+01 5.703400000000000546e+03
5.800000000000000000e+01 5.706150000000000546e+03
1.000000000000000000e+01 5.714900000000000546e+03
5.000000000000000000e+01 5.720300000000000182e+03
2.600000000000000000e+01 5.720350000000000364e+03
4.200000000000000000e+01 5.724199999999999818e+03
6.600000000000000000e+01 5.733449999999999818e+03
2.000000000000000000e+00 5.735850000000000364e+03
5.800000000000000000e+01 5.738750000000000000e+03
7.400000000000000000e+01 5.747199999999999818e+03
5.000000000000000000e+01 5.755800000000000182e+03
4.200000000000000000e+01 5.759900000000000546e+03
3.400000000000000000e+01 5.761449999999999818e+03
6.600000000000000000e+01 5.769949999999999818e+03
1.800000000000000000e+01 5.772350000000000364e+03
2.600000000000000000e+01 5.784600000000000364e+03
5.800000000000000000e+01 5.786000000000000000e+03
1.000000000000000000e+01 5.792949999999999818e+03
4.200000000000000000e+01 5.794699999999999818e+03
1.800000000000000000e+01 5.800750000000000000e+03
3.400000000000000000e+01 5.802000000000000000e+03
7.400000000000000000e+01 5.803300000000000182e+03
2.600000000000000000e+01 5.817750000000000000e+03
5.000000000000000000e+01 5.818500000000000000e+03
4.200000000000000000e+01 5.822100000000000364e+03
5.800000000000000000e+01 5.826449999999999818e+03
6.600000000000000000e+01 5.827050000000000182e+03
1.800000000000000000e+01 5.834600000000000364e+03
3.400000000000000000e+01 5.834550000000000182e+03
7.400000000000000000e+01 5.837500000000000000e+03
1.000000000000000000e+01 5.852000000000000000e+03
5.000000000000000000e+01 5.856699999999999818e+03
2.000000000000000000e+00 5.857900000000000546e+03
1.800000000000000000e+01 5.865300000000000182e+03
7.400000000000000000e+01 5.870650000000000546e+03
3.400000000000000000e+01 5.871449999999999818e+03
2.600000000000000000e+01 5.871900000000000546e+03
6.600000000000000000e+01 5.873650000000000546e+03
5.800000000000000000e+01 5.875550000000000182e+03
4.200000000000000000e+01 5.877350000000000364e+03
1.000000000000000000e+01 5.882750000000000000e+03
1.800000000000000000e+01 5.896100000000000364e+03
5.000000000000000000e+01 5.896500000000000000e+03
2.000000000000000000e+00 5.896750000000000000e+03
5.800000000000000000e+01 5.910350000000000364e+03
1.000000000000000000e+01 5.915500000000000000e+03
2.000000000000000000e+00 5.929600000000000364e+03
5.000000000000000000e+01 5.930250000000000000e+03
3.400000000000000000e+01 5.942600000000000364e+03
7.400000000000000000e+01 5.943600000000000364e+03
1.000000000000000000e+01 5.944449999999999818e+03
5.800000000000000000e+01 5.949100000000000364e+03
1.800000000000000000e+01 5.954699999999999818e+03
4.200000000000000000e+01 5.957800000000000182e+03
6.600000000000000000e+01 5.959199999999999818e+03
2.600000000000000000e+01 5.971850000000000364e+03
7.400000000000000000e+01 5.972300000000000182e+03
2.000000000000000000e+00 5.975949999999999818e+03
5.000000000000000000e+01 5.978150000000000546e+03
5.800000000000000000e+01 5.980199999999999818e+03
1.000000000000000000e+01 5.994400000000000546e+03
3.400000000000000000e+01 6.001400000000000546e+03
2.000000000000000000e+00 6.006550000000000182e+03
4.200000000000000000e+01 6.007949999999999818e+03
1.800000000000000000e+01 6.012350000000000364e+03
6.600000000000000000e+01 6.013150000000000546e+03
2.600000000000000000e+01 6.021150000000000546e+03
5.000000000000000000e+01 6.023300000000000182e+03
1.000000000000000000e+01 6.034650000000000546e+03
6.600000000000000000e+01 6.043449999999999818e+03
2.000000000000000000e+00 6.044850000000000364e+03
4.200000000000000000e+01 6.051850000000000364e+03
5.800000000000000000e+01 6.054500000000000000e+03
5.000000000000000000e+01 6.061050000000000182e+03
3.400000000000000000e+01 6.061699999999999818e+03
2.600000000000000000e+01 6.063550000000000182e+03
7.400000000000000000e+01 6.064100000000000364e+03
1.800000000000000000e+01 6.070050000000000182e+03
2.000000000000000000e+00 6.081199999999999818e+03
5.800000000000000000e+01 6.083600000000000364e+03
1.800000000000000000e+01 6.089650000000000546e+03
4.200000000000000000e+01 6.090050000000000182e+03
5.000000000000000000e+01 6.095699999999999818e+03
1.000000000000000000e+01 6.097350000000000364e+03
7.400000000000000000e+01 6.104500000000000000e+03
3.400000000000000000e+01 6.106750000000000000e+03
6.600000000000000000e+01 6.109600000000000364e+03
2.000000000000000000e+00 6.112050000000000182e+03
2.600000000000000000e+01 6.118550000000000182e+03
5.800000000000000000e+01 6.123850000000000364e+03
4.200000000000000000e+01 6.128949999999999818e+03
5.000000000000000000e+01 6.129800000000000182e+03
7.400000000000000000e+01 6.134150000000000546e+03
3.400000000000000000e+01 6.136199999999999818e+03
1.000000000000000000e+01 6.142699999999999818e+03
2.000000000000000000e+00 6.148699999999999818e+03
1.800000000000000000e+01 6.152050000000000182e+03
2.600000000000000000e+01 6.155100000000000364e+03
6.600000000000000000e+01 6.155449999999999818e+03
5.000000000000000000e+01 6.161900000000000546e+03
7.400000000000000000e+01 6.166550000000000182e+03
3.400000000000000000e+01 6.166699999999999818e+03
4.200000000000000000e+01 6.166650000000000546e+03
5.800000000000000000e+01 6.169800000000000182e+03
1.000000000000000000e+01 6.191300000000000182e+03
2.600000000000000000e+01 6.191900000000000546e+03
1.800000000000000000e+01 6.199500000000000000e+03
2.000000000000000000e+00 6.203100000000000364e+03
3.400000000000000000e+01 6.203400000000000546e+03
5.800000000000000000e+01 6.205949999999999818e+03
5.000000000000000000e+01 6.206600000000000364e+03
6.600000000000000000e+01 6.207750000000000000e+03
2.600000000000000000e+01 6.226150000000000546e+03
7.400000000000000000e+01 6.228850000000000364e+03
1.800000000000000000e+01 6.231199999999999818e+03
5.000000000000000000e+01 6.237250000000000000e+03
4.200000000000000000e+01 6.239850000000000364e+03
1.000000000000000000e+01 6.244500000000000000e+03
3.400000000000000000e+01 6.247300000000000182e+03
6.600000000000000000e+01 6.250850000000000364e+03
5.800000000000000000e+01 6.251800000000000182e+03
2.000000000000000000e+00 6.253250000000000000e+03
7.400000000000000000e+01 6.280550000000000182e+03
5.000000000000000000e+01 6.283850000000000364e+03
2.600000000000000000e+01 6.285500000000000000e+03
6.600000000000000000e+01 6.286000000000000000e+03
1.800000000000000000e+01 6.286650000000000546e+03
5.800000000000000000e+01 6.286699999999999818e+03
1.000000000000000000e+01 6.292150000000000546e+03
3.400000000000000000e+01 6.295800000000000182e+03
1.800000000000000000e+01 6.313949999999999818e+03
2.600000000000000000e+01 6.318600000000000364e+03
1.000000000000000000e+01 6.320699999999999818e+03
4.200000000000000000e+01 6.322300000000000182e+03
6.600000000000000000e+01 6.325699999999999818e+03
2.000000000000000000e+00 6.326050000000000182e+03
5.000000000000000000e+01 6.344250000000000000e+03
3.400000000000000000e+01 6.346449999999999818e+03
5.800000000000000000e+01 6.348150000000000546e+03
2.600000000000000000e+01 6.352250000000000000e+03
6.600000000000000000e+01 6.357050000000000182e+03
4.200000000000000000e+01 6.364350000000000364e+03
2.000000000000000000e+00 6.369850000000000364e+03
1.800000000000000000e+01 6.371550000000000182e+03
5.800000000000000000e+01 6.376550000000000182e+03
1.000000000000000000e+01 6.379650000000000546e+03
2.600000000000000000e+01 6.380949999999999818e+03
3.400000000000000000e+01 6.389850000000000364e+03
4.200000000000000000e+01 6.392850000000000364e+03
6.600000000000000000e+01 6.403000000000000000e+03
5.800000000000000000e+01 6.408250000000000000e+03
5.000000000000000000e+01 6.409550000000000182e+03
2.000000000000000000e+00 6.410300000000000182e+03
7.400000000000000000e+01 6.410850000000000364e+03
1.800000000000000000e+01 6.417500000000000000e+03
3.400000000000000000e+01 6.419900000000000546e+03
2.600000000000000000e+01 6.425900000000000546e+03
1.000000000000000000e+01 6.426050000000000182e+03
4.200000000000000000e+01 6.441350000000000364e+03
7.400000000000000000e+01 6.442699999999999818e+03
5.000000000000000000e+01 6.445150000000000546e+03
5.800000000000000000e+01 6.445300000000000182e+03
6.600000000000000000e+01 6.449150000000000546e+03
2.600000000000000000e+01 6.450199999999999818e+03
2.000000000000000000e+00 6.456199999999999818e+03
4.200000000000000000e+01 6.468000000000000000e+03
3.400000000000000000e+01 6.469600000000000364e+03
1.800000000000000000e+01 6.473550000000000182e+03
5.800000000000000000e+01 6.476100000000000364e+03
7.400000000000000000e+01 6.476500000000000000e+03
2.600000000000000000e+01 6.482050000000000182e+03
1.000000000000000000e+01 6.496350000000000364e+03
3.400000000000000000e+01 6.496750000000000000e+03
2.000000000000000000e+00 6.497150000000000546e+03
5.000000000000000000e+01 6.503199999999999818e+03
6.600000000000000000e+01 6.503400000000000546e+03
4.200000000000000000e+01 6.508449999999999818e+03
5.800000000000000000e+01 6.521199999999999818e+03
2.600000000000000000e+01 6.530850000000000364e+03
7.400000000000000000e+01 6.531800000000000182e+03
5.000000000000000000e+01 6.531900000000000546e+03
3.400000000000000000e+01 6.534750000000000000e+03
1.800000000000000000e+01 6.535699999999999818e+03
4.200000000000000000e+01 6.536100000000000364e+03
1.000000000000000000e+01 6.544800000000000182e+03
6.600000000000000000e+01 6.544949999999999818e+03
2.000000000000000000e+00 6.545500000000000000e+03
2.600000000000000000e+01 6.564900000000000546e+03
7.400000000000000000e+01 6.564949999999999818e+03
5.800000000000000000e+01 6.567350000000000364e+03
4.200000000000000000e+01 6.569500000000000000e+03
1.800000000000000000e+01 6.570600000000000364e+03
5.000000000000000000e+01 6.572900000000000546e+03
3.400000000000000000e+01 6.575800000000000182e+03
2.000000000000000000e+00 6.579500000000000000e+03
1.000000000000000000e+01 6.596300000000000182e+03
6.600000000000000000e+01 6.599900000000000546e+03
7.400000000000000000e+01 6.602100000000000364e+03
4.200000000000000000e+01 6.603800000000000182e+03
5.800000000000000000e+01 6.605750000000000000e+03
2.600000000000000000e+01 6.610100000000000364e+03
3.400000000000000000e+01 6.612550000000000182e+03
1.800000000000000000e+01 6.619449999999999818e+03
2.000000000000000000e+00 6.626199999999999818e+03
1.000000000000000000e+01 6.627050000000000182e+03
4.200000000000000000e+01 6.638800000000000182e+03
5.800000000000000000e+01 6.639750000000000000e+03
7.400000000000000000e+01 6.645400000000000546e+03
5.000000000000000000e+01 6.648650000000000546e+03
1.800000000000000000e+01 6.652050000000000182e+03
2.600000000000000000e+01 6.653850000000000364e+03
1.000000000000000000e+01 6.657550000000000182e+03
6.600000000000000000e+01 6.659300000000000182e+03
2.000000000000000000e+00 6.666449999999999818e+03
3.400000000000000000e+01 6.672449999999999818e+03
7.400000000000000000e+01 6.684199999999999818e+03
4.200000000000000000e+01 6.688250000000000000e+03
1.000000000000000000e+01 6.689900000000000546e+03
6.600000000000000000e+01 6.690199999999999818e+03
1.800000000000000000e+01 6.694300000000000182e+03
2.600000000000000000e+01 6.701199999999999818e+03
2.000000000000000000e+00 6.705449999999999818e+03
5.000000000000000000e+01 6.705500000000000000e+03
5.800000000000000000e+01 6.705850000000000364e+03
3.400000000000000000e+01 6.707750000000000000e+03
7.400000000000000000e+01 6.726500000000000000e+03
4.200000000000000000e+01 6.728949999999999818e+03
6.600000000000000000e+01 6.730250000000000000e+03
3.400000000000000000e+01 6.739600000000000364e+03
5.800000000000000000e+01 6.740100000000000364e+03
1.000000000000000000e+01 6.744199999999999818e+03
2.000000000000000000e+00 6.751900000000000546e+03
2.600000000000000000e+01 6.753750000000000000e+03
6.600000000000000000e+01 6.763300000000000182e+03
5.000000000000000000e+01 6.765100000000000364e+03
1.800000000000000000e+01 6.766199999999999818e+03
3.400000000000000000e+01 6.773800000000000182e+03
4.200000000000000000e+01 6.779100000000000364e+03
7.400000000000000000e+01 6.781150000000000546e+03
1.000000000000000000e+01 6.783500000000000000e+03
2.000000000000000000e+00 6.792650000000000546e+03
1.800000000000000000e+01 6.793350000000000364e+03
2.600000000000000000e+01 6.797949999999999818e+03
5.800000000000000000e+01 6.798750000000000000e+03
5.000000000000000000e+01 6.801300000000000182e+03
3.400000000000000000e+01 6.803699999999999818e+03
1.000000000000000000e+01 6.810650000000000546e+03
6.600000000000000000e+01 6.813550000000000182e+03
4.200000000000000000e+01 6.815600000000000364e+03
2.000000000000000000e+00 6.829150000000000546e+03
5.000000000000000000e+01 6.832699999999999818e+03
7.400000000000000000e+01 6.835350000000000364e+03
3.400000000000000000e+01 6.837850000000000364e+03
1.800000000000000000e+01 6.838000000000000000e+03
2.600000000000000000e+01 6.839900000000000546e+03
5.800000000000000000e+01 6.844900000000000546e+03
6.600000000000000000e+01 6.847000000000000000e+03
1.000000000000000000e+01 6.862449999999999818e+03
5.000000000000000000e+01 6.868250000000000000e+03
4.200000000000000000e+01 6.869300000000000182e+03
2.000000000000000000e+00 6.878750000000000000e+03
5.800000000000000000e+01 6.885150000000000546e+03
1.800000000000000000e+01 6.886449999999999818e+03
7.400000000000000000e+01 6.888300000000000182e+03
3.400000000000000000e+01 6.890000000000000000e+03
2.600000000000000000e+01 6.891050000000000182e+03
6.600000000000000000e+01 6.898600000000000364e+03
4.200000000000000000e+01 6.904100000000000364e+03
5.000000000000000000e+01 6.905800000000000182e+03
1.000000000000000000e+01 6.907250000000000000e+03
2.000000000000000000e+00 6.920300000000000182e+03
1.800000000000000000e+01 6.928750000000000000e+03
7.400000000000000000e+01 6.929800000000000182e+03
6.600000000000000000e+01 6.930650000000000546e+03
3.400000000000000000e+01 6.934250000000000000e+03
5.800000000000000000e+01 6.937949999999999818e+03
5.000000000000000000e+01 6.938400000000000546e+03
2.600000000000000000e+01 6.938500000000000000e+03
1.000000000000000000e+01 6.943350000000000364e+03
4.200000000000000000e+01 6.950250000000000000e+03
6.600000000000000000e+01 6.964500000000000000e+03
2.000000000000000000e+00 6.968949999999999818e+03
1.800000000000000000e+01 6.971699999999999818e+03
5.800000000000000000e+01 6.973050000000000182e+03
7.400000000000000000e+01 6.979100000000000364e+03
2.600000000000000000e+01 6.979850000000000364e+03
5.000000000000000000e+01 6.979900000000000546e+03
4.200000000000000000e+01 6.980900000000000546e+03
3.400000000000000000e+01 6.989000000000000000e+03
1.000000000000000000e+01 6.989500000000000000e+03
2.000000000000000000e+00 7.001850000000000364e+03
2.600000000000000000e+01 7.004449999999999818e+03
1.800000000000000000e+01 7.004750000000000000e+03
5.800000000000000000e+01 7.013449999999999818e+03
6.600000000000000000e+01 7.013449999999999818e+03
5.000000000000000000e+01 7.015350000000000364e+03
7.400000000000000000e+01 7.017100000000000364e+03
3.400000000000000000e+01 7.023350000000000364e+03
1.000000000000000000e+01 7.023800000000000182e+03
4.200000000000000000e+01 7.030250000000000000e+03
5.000000000000000000e+01 7.037550000000000182e+03
2.600000000000000000e+01 7.040850000000000364e+03
2.000000000000000000e+00 7.044300000000000182e+03
1.800000000000000000e+01 7.044300000000000182e+03
3.400000000000000000e+01 7.056250000000000000e+03
7.400000000000000000e+01 7.061850000000000364e+03
4.200000000000000000e+01 7.066800000000000182e+03
5.800000000000000000e+01 7.066750000000000000e+03
6.600000000000000000e+01 7.071949999999999818e+03
5.000000000000000000e+01 7.074500000000000000e+03
2.000000000000000000e+00 7.075199999999999818e+03
1.000000000000000000e+01 7.079850000000000364e+03
2.600000000000000000e+01 7.085900000000000546e+03
1.800000000000000000e+01 7.092300000000000182e+03
7.400000000000000000e+01 7.095750000000000000e+03
1.000000000000000000e+01 7.099100000000000364e+03
3.400000000000000000e+01 7.107100000000000364e+03
5.800000000000000000e+01 7.111850000000000364e+03
6.600000000000000000e+01 7.116699999999999818e+03
5.000000000000000000e+01 7.117250000000000000e+03
4.200000000000000000e+01 7.118500000000000000e+03
2.600000000000000000e+01 7.119350000000000364e+03
1.800000000000000000e+01 7.136400000000000546e+03
1.000000000000000000e+01 7.138900000000000546e+03
2.000000000000000000e+00 7.140050000000000182e+03
7.400000000000000000e+01 7.143949999999999818e+03
3.400000000000000000e+01 7.149650000000000546e+03
4.200000000000000000e+01 7.151850000000000364e+03
5.000000000000000000e+01 7.154949999999999818e+03
5.800000000000000000e+01 7.157650000000000546e+03
6.600000000000000000e+01 7.167250000000000000e+03
2.600000000000000000e+01 7.168449999999999818e+03
1.000000000000000000e+01 7.176400000000000546e+03
2.000000000000000000e+00 7.178850000000000364e+03
1.800000000000000000e+01 7.181000000000000000e+03
5.000000000000000000e+01 7.183949999999999818e+03
7.400000000000000000e+01 7.185600000000000364e+03
3.400000000000000000e+01 7.186850000000000364e+03
5.800000000000000000e+01 7.193800000000000182e+03
4.200000000000000000e+01 7.197500000000000000e+03
6.600000000000000000e+01 7.203850000000000364e+03
1.000000000000000000e+01 7.207000000000000000e+03
3.400000000000000000e+01 7.211750000000000000e+03
7.400000000000000000e+01 7.213000000000000000e+03
2.000000000000000000e+00 7.216500000000000000e+03
5.800000000000000000e+01 7.223300000000000182e+03
6.600000000000000000e+01 7.226400000000000546e+03
5.000000000000000000e+01 7.227150000000000546e+03
2.600000000000000000e+01 7.233350000000000364e+03
4.200000000000000000e+01 7.242250000000000000e+03
3.400000000000000000e+01 7.243650000000000546e+03
1.800000000000000000e+01 7.250750000000000000e+03
1.000000000000000000e+01 7.254150000000000546e+03
5.800000000000000000e+01 7.254650000000000546e+03
7.400000000000000000e+01 7.255199999999999818e+03
6.600000000000000000e+01 7.263949999999999818e+03
2.600000000000000000e+01 7.266650000000000546e+03
2.000000000000000000e+00 7.270600000000000364e+03
5.000000000000000000e+01 7.273600000000000364e+03
4.200000000000000000e+01 7.279650000000000546e+03
1.800000000000000000e+01 7.280600000000000364e+03
3.400000000000000000e+01 7.284199999999999818e+03
7.400000000000000000e+01 7.288800000000000182e+03
5.800000000000000000e+01 7.292650000000000546e+03
2.600000000000000000e+01 7.300850000000000364e+03
6.600000000000000000e+01 7.306100000000000364e+03
2.000000000000000000e+00 7.307600000000000364e+03
5.000000000000000000e+01 7.307750000000000000e+03
1.000000000000000000e+01 7.308000000000000000e+03
1.800000000000000000e+01 7.315449999999999818e+03
4.200000000000000000e+01 7.315750000000000000e+03
7.400000000000000000e+01 7.316699999999999818e+03
3.400000000000000000e+01 7.317699999999999818e+03
5.800000000000000000e+01 7.327600000000000364e+03
2.600000000000000000e+01 7.328400000000000546e+03
6.600000000000000000e+01 7.336650000000000546e+03
1.000000000000000000e+01 7.337300000000000182e+03
1.800000000000000000e+01 7.340250000000000000e+03
5.000000000000000000e+01 7.343449999999999818e+03
2.000000000000000000e+00 7.350400000000000546e+03
4.200000000000000000e+01 7.353699999999999818e+03
3.400000000000000000e+01 7.357550000000000182e+03
7.400000000000000000e+01 7.359350000000000364e+03
6.600000000000000000e+01 7.360100000000000364e+03
2.600000000000000000e+01 7.362100000000000364e+03
1.800000000000000000e+01 7.363500000000000000e+03
5.800000000000000000e+01 7.363850000000000364e+03
5.000000000000000000e+01 7.377100000000000364e+03
2.000000000000000000e+00 7.383449999999999818e+03
4.200000000000000000e+01 7.391199999999999818e+03
1.000000000000000000e+01 7.391850000000000364e+03
7.400000000000000000e+01 7.397100000000000364e+03
3.400000000000000000e+01 7.399050000000000182e+03
5.800000000000000000e+01 7.399050000000000182e+03
1.800000000000000000e+01 7.403650000000000546e+03
2.000000000000000000e+00 7.413350000000000364e+03
6.600000000000000000e+01 7.419300000000000182e+03
5.000000000000000000e+01 7.426000000000000000e+03
1.000000000000000000e+01 7.429500000000000000e+03
2.600000000000000000e+01 7.429750000000000000e+03
3.400000000000000000e+01 7.444350000000000364e+03
4.200000000000000000e+01 7.444449999999999818e+03
1.800000000000000000e+01 7.446199999999999818e+03
5.800000000000000000e+01 7.447199999999999818e+03
6.600000000000000000e+01 7.452949999999999818e+03
7.400000000000000000e+01 7.453800000000000182e+03
2.600000000000000000e+01 7.459350000000000364e+03
5.000000000000000000e+01 7.472949999999999818e+03
3.400000000000000000e+01 7.473050000000000182e+03
4.200000000000000000e+01 7.473850000000000364e+03
2.000000000000000000e+00 7.478050000000000182e+03
2.600000000000000000e+01 7.479500000000000000e+03
5.800000000000000000e+01 7.479900000000000546e+03
1.000000000000000000e+01 7.480300000000000182e+03
7.400000000000000000e+01 7.496199999999999818e+03
2.000000000000000000e+00 7.509350000000000364e+03
3.400000000000000000e+01 7.513600000000000364e+03
6.600000000000000000e+01 7.518250000000000000e+03
4.200000000000000000e+01 7.524449999999999818e+03
5.800000000000000000e+01 7.526400000000000546e+03
1.000000000000000000e+01 7.526699999999999818e+03
2.600000000000000000e+01 7.528449999999999818e+03
5.000000000000000000e+01 7.533350000000000364e+03
1.800000000000000000e+01 7.537000000000000000e+03
3.400000000000000000e+01 7.540000000000000000e+03
7.400000000000000000e+01 7.542600000000000364e+03
6.600000000000000000e+01 7.548000000000000000e+03
5.800000000000000000e+01 7.563500000000000000e+03
4.200000000000000000e+01 7.564949999999999818e+03
1.000000000000000000e+01 7.567050000000000182e+03
7.400000000000000000e+01 7.569050000000000182e+03
6.600000000000000000e+01 7.569449999999999818e+03
5.000000000000000000e+01 7.579250000000000000e+03
1.800000000000000000e+01 7.588199999999999818e+03
3.400000000000000000e+01 7.591500000000000000e+03
2.600000000000000000e+01 7.595850000000000364e+03
7.400000000000000000e+01 7.598600000000000364e+03
2.000000000000000000e+00 7.601699999999999818e+03
6.600000000000000000e+01 7.606449999999999818e+03
4.200000000000000000e+01 7.607400000000000546e+03
5.800000000000000000e+01 7.608250000000000000e+03
1.000000000000000000e+01 7.609250000000000000e+03
5.000000000000000000e+01 7.628400000000000546e+03
7.400000000000000000e+01 7.628550000000000182e+03
3.400000000000000000e+01 7.629050000000000182e+03
2.600000000000000000e+01 7.629150000000000546e+03
1.800000000000000000e+01 7.644250000000000000e+03
1.000000000000000000e+01 7.645050000000000182e+03
5.800000000000000000e+01 7.646150000000000546e+03
2.000000000000000000e+00 7.649000000000000000e+03
5.000000000000000000e+01 7.650800000000000182e+03
4.200000000000000000e+01 7.651350000000000364e+03
7.400000000000000000e+01 7.652750000000000000e+03
3.400000000000000000e+01 7.653750000000000000e+03
6.600000000000000000e+01 7.662800000000000182e+03
2.600000000000000000e+01 7.667150000000000546e+03
1.000000000000000000e+01 7.676350000000000364e+03
1.800000000000000000e+01 7.677600000000000364e+03
5.800000000000000000e+01 7.678000000000000000e+03
5.000000000000000000e+01 7.691500000000000000e+03
4.200000000000000000e+01 7.696000000000000000e+03
7.400000000000000000e+01 7.696150000000000546e+03
3.400000000000000000e+01 7.701550000000000182e+03
2.600000000000000000e+01 7.708350000000000364e+03
5.800000000000000000e+01 7.708949999999999818e+03
6.600000000000000000e+01 7.719250000000000000e+03
2.000000000000000000e+00 7.721050000000000182e+03
1.000000000000000000e+01 7.725150000000000546e+03
4.200000000000000000e+01 7.729250000000000000e+03
5.000000000000000000e+01 7.736000000000000000e+03
7.400000000000000000e+01 7.735949999999999818e+03
3.400000000000000000e+01 7.738300000000000182e+03
5.800000000000000000e+01 7.741449999999999818e+03
1.800000000000000000e+01 7.741650000000000546e+03
6.600000000000000000e+01 7.750050000000000182e+03
2.000000000000000000e+00 7.751800000000000182e+03
1.000000000000000000e+01 7.754150000000000546e+03
2.600000000000000000e+01 7.760550000000000182e+03
4.200000000000000000e+01 7.761850000000000364e+03
7.400000000000000000e+01 7.768250000000000000e+03
5.000000000000000000e+01 7.775850000000000364e+03
1.800000000000000000e+01 7.776800000000000182e+03
5.800000000000000000e+01 7.777150000000000546e+03
1.000000000000000000e+01 7.781000000000000000e+03
3.400000000000000000e+01 7.781100000000000364e+03
6.600000000000000000e+01 7.790500000000000000e+03
2.600000000000000000e+01 7.791949999999999818e+03
4.200000000000000000e+01 7.794500000000000000e+03
5.800000000000000000e+01 7.807400000000000546e+03
1.000000000000000000e+01 7.809600000000000364e+03
2.000000000000000000e+00 7.814500000000000000e+03
1.800000000000000000e+01 7.815750000000000000e+03
3.400000000000000000e+01 7.818600000000000364e+03
7.400000000000000000e+01 7.820300000000000182e+03
6.600000000000000000e+01 7.833350000000000364e+03
4.200000000000000000e+01 7.835750000000000000e+03
2.600000000000000000e+01 7.839000000000000000e+03
5.000000000000000000e+01 7.840000000000000000e+03
2.000000000000000000e+00 7.842800000000000182e+03
5.800000000000000000e+01 7.843150000000000546e+03
1.000000000000000000e+01 7.847100000000000364e+03
1.800000000000000000e+01 7.850400000000000546e+03
7.400000000000000000e+01 7.850850000000000364e+03
3.400000000000000000e+01 7.851550000000000182e+03
6.600000000000000000e+01 7.856500000000000000e+03
5.000000000000000000e+01 7.869300000000000182e+03
2.600000000000000000e+01 7.883150000000000546e+03
3.400000000000000000e+01 7.883250000000000000e+03
2.000000000000000000e+00 7.883550000000000182e+03
1.000000000000000000e+01 7.883800000000000182e+03
4.200000000000000000e+01 7.886000000000000000e+03
5.800000000000000000e+01 7.887050000000000182e+03
6.600000000000000000e+01 7.890250000000000000e+03
1.800000000000000000e+01 7.900850000000000364e+03
7.400000000000000000e+01 7.905750000000000000e+03
5.000000000000000000e+01 7.907350000000000364e+03
3.400000000000000000e+01 7.915150000000000546e+03
1.000000000000000000e+01 7.915900000000000546e+03
2.000000000000000000e+00 7.916550000000000182e+03
5.800000000000000000e+01 7.917850000000000364e+03
2.600000000000000000e+01 7.918050000000000182e+03
4.200000000000000000e+01 7.926400000000000546e+03
6.600000000000000000e+01 7.930350000000000364e+03
7.400000000000000000e+01 7.931250000000000000e+03
1.800000000000000000e+01 7.937750000000000000e+03
5.000000000000000000e+01 7.942600000000000364e+03
5.800000000000000000e+01 7.947800000000000182e+03
2.000000000000000000e+00 7.949000000000000000e+03
1.000000000000000000e+01 7.949900000000000546e+03
3.400000000000000000e+01 7.950900000000000546e+03
2.600000000000000000e+01 7.958400000000000546e+03
4.200000000000000000e+01 7.958699999999999818e+03
6.600000000000000000e+01 7.968199999999999818e+03
5.800000000000000000e+01 7.971650000000000546e+03
5.000000000000000000e+01 7.973500000000000000e+03
7.400000000000000000e+01 7.973850000000000364e+03
2.000000000000000000e+00 7.978600000000000364e+03
1.000000000000000000e+01 7.991000000000000000e+03
3.400000000000000000e+01 7.992300000000000182e+03
1.800000000000000000e+01 7.992550000000000182e+03
2.600000000000000000e+01 8.001650000000000546e+03
4.200000000000000000e+01 8.010550000000000182e+03
1.000000000000000000e+01 8.135550000000000182e+03
7.400000000000000000e+01 8.501149999999999636e+03
5.800000000000000000e+01 8.678899999999999636e+03
6.600000000000000000e+01 8.957600000000000364e+03
1.800000000000000000e+01 9.577050000000001091e+03
6.600000000000000000e+01 9.909750000000000000e+03
2.600000000000000000e+01 1.027270000000000073e+04
1.800000000000000000e+01 1.223305000000000109e+04
4.200000000000000000e+01 1.278675000000000000e+04
1.000000000000000000e+01 1.407950000000000000e+04
5.000000000000000000e+01 1.419235000000000036e+04
5.800000000000000000e+01 1.445764999999999964e+04
2.600000000000000000e+01 1.474685000000000036e+04
3.400000000000000000e+01 1.478495000000000073e+04
5.000000000000000000e+01 1.531864999999999964e+04
2.000000000000000000e+00 1.622910000000000036e+04
1.800000000000000000e+01 1.699350000000000000e+04
2.000000000000000000e+00 1.708179999999999927e+04
3.400000000000000000e+01 1.737775000000000000e+04
2.600000000000000000e+01 1.786545000000000073e+04
5.800000000000000000e+01 1.984915000000000146e+04
4.200000000000000000e+01 1.986975000000000000e+04
7.400000000000000000e+01 1.994910000000000218e+04
2.600000000000000000e+01 2.032275000000000000e+04
5.800000000000000000e+01 2.057465000000000146e+04
1.000000000000000000e+01 2.079610000000000218e+04
1.800000000000000000e+01 2.111979999999999927e+04
3.400000000000000000e+01 2.113729999999999927e+04
3.400000000000000000e+01 2.129260000000000218e+04
7.400000000000000000e+01 2.188490000000000146e+04
2.600000000000000000e+01 2.206670000000000073e+04
5.800000000000000000e+01 2.213204999999999927e+04
1.000000000000000000e+01 2.336195000000000073e+04
3.400000000000000000e+01 2.494245000000000073e+04
2.000000000000000000e+00 2.603479999999999927e+04
2.600000000000000000e+01 2.652425000000000000e+04
2.000000000000000000e+00 2.747254999999999927e+04
7.400000000000000000e+01 2.797035000000000218e+04
7.400000000000000000e+01 2.823545000000000073e+04
2.000000000000000000e+00 2.919729999999999927e+04
3.400000000000000000e+01 2.996079999999999927e+04
3.400000000000000000e+01 3.046204999999999927e+04
5.000000000000000000e+01 3.088604999999999927e+04
2.600000000000000000e+01 3.125010000000000218e+04
1.800000000000000000e+01 3.136635000000000218e+04
3.000000000000000000e+00 2.440000000000000000e+02
3.500000000000000000e+01 2.883500000000000227e+02
5.100000000000000000e+01 4.096500000000000341e+02
5.900000000000000000e+01 1.353400000000000091e+03
5.100000000000000000e+01 1.567700000000000045e+03
3.000000000000000000e+00 2.131750000000000000e+03
3.500000000000000000e+01 2.720800000000000182e+03
1.900000000000000000e+01 2.820500000000000000e+03
5.100000000000000000e+01 2.837750000000000000e+03
1.900000000000000000e+01 3.010650000000000091e+03
5.900000000000000000e+01 3.012599999999999909e+03
5.100000000000000000e+01 3.024050000000000182e+03
3.000000000000000000e+00 3.031099999999999909e+03
6.700000000000000000e+01 3.036500000000000000e+03
3.500000000000000000e+01 3.042450000000000273e+03
1.900000000000000000e+01 3.053349999999999909e+03
2.700000000000000000e+01 3.056950000000000273e+03
5.100000000000000000e+01 3.060200000000000273e+03
7.500000000000000000e+01 3.060500000000000000e+03
4.300000000000000000e+01 3.069300000000000182e+03
1.100000000000000000e+01 3.078050000000000182e+03
3.000000000000000000e+00 3.100050000000000182e+03
3.500000000000000000e+01 3.109550000000000182e+03
5.100000000000000000e+01 3.110200000000000273e+03
2.700000000000000000e+01 3.114250000000000000e+03
4.300000000000000000e+01 3.116950000000000273e+03
6.700000000000000000e+01 3.126099999999999909e+03
1.100000000000000000e+01 3.136099999999999909e+03
2.700000000000000000e+01 3.152200000000000273e+03
5.100000000000000000e+01 3.163000000000000000e+03
7.500000000000000000e+01 3.173099999999999909e+03
3.500000000000000000e+01 3.189950000000000273e+03
7.500000000000000000e+01 3.208500000000000000e+03
1.900000000000000000e+01 3.210950000000000273e+03
3.000000000000000000e+00 3.212450000000000273e+03
1.100000000000000000e+01 3.213099999999999909e+03
5.100000000000000000e+01 3.214099999999999909e+03
4.300000000000000000e+01 3.225500000000000000e+03
2.700000000000000000e+01 3.226450000000000273e+03
1.900000000000000000e+01 3.247700000000000273e+03
5.900000000000000000e+01 3.252650000000000091e+03
5.100000000000000000e+01 3.257150000000000091e+03
3.000000000000000000e+00 3.258599999999999909e+03
4.300000000000000000e+01 3.266650000000000091e+03
3.500000000000000000e+01 3.268349999999999909e+03
2.700000000000000000e+01 3.269950000000000273e+03
5.900000000000000000e+01 3.280500000000000000e+03
7.500000000000000000e+01 3.281849999999999909e+03
3.000000000000000000e+00 3.302450000000000273e+03
5.100000000000000000e+01 3.302500000000000000e+03
2.700000000000000000e+01 3.313250000000000000e+03
6.700000000000000000e+01 3.314900000000000091e+03
3.500000000000000000e+01 3.319250000000000000e+03
7.500000000000000000e+01 3.335849999999999909e+03
1.100000000000000000e+01 3.335950000000000273e+03
1.900000000000000000e+01 3.340500000000000000e+03
5.100000000000000000e+01 3.341450000000000273e+03
4.300000000000000000e+01 3.345200000000000273e+03
5.900000000000000000e+01 3.361200000000000273e+03
3.000000000000000000e+00 3.361300000000000182e+03
6.700000000000000000e+01 3.365450000000000273e+03
3.500000000000000000e+01 3.376300000000000182e+03
4.300000000000000000e+01 3.381400000000000091e+03
7.500000000000000000e+01 3.394849999999999909e+03
3.000000000000000000e+00 3.396500000000000000e+03
5.100000000000000000e+01 3.405800000000000182e+03
2.700000000000000000e+01 3.417599999999999909e+03
1.100000000000000000e+01 3.417900000000000091e+03
4.300000000000000000e+01 3.423900000000000091e+03
3.000000000000000000e+00 3.426300000000000182e+03
6.700000000000000000e+01 3.437450000000000273e+03
3.500000000000000000e+01 3.443700000000000273e+03
1.900000000000000000e+01 3.451500000000000000e+03
5.900000000000000000e+01 3.453950000000000273e+03
4.300000000000000000e+01 3.479349999999999909e+03
2.700000000000000000e+01 3.487849999999999909e+03
1.100000000000000000e+01 3.488300000000000182e+03
3.000000000000000000e+00 3.489650000000000091e+03
1.900000000000000000e+01 3.491750000000000000e+03
7.500000000000000000e+01 3.504950000000000273e+03
5.100000000000000000e+01 3.512800000000000182e+03
5.900000000000000000e+01 3.515599999999999909e+03
6.700000000000000000e+01 3.516099999999999909e+03
4.300000000000000000e+01 3.521349999999999909e+03
3.500000000000000000e+01 3.525650000000000091e+03
3.000000000000000000e+00 3.529900000000000091e+03
1.900000000000000000e+01 3.543550000000000182e+03
7.500000000000000000e+01 3.549150000000000091e+03
5.100000000000000000e+01 3.550000000000000000e+03
4.300000000000000000e+01 3.560050000000000182e+03
3.500000000000000000e+01 3.561250000000000000e+03
6.700000000000000000e+01 3.567050000000000182e+03
5.900000000000000000e+01 3.579099999999999909e+03
5.100000000000000000e+01 3.580800000000000182e+03
2.700000000000000000e+01 3.581700000000000273e+03
3.000000000000000000e+00 3.595800000000000182e+03
1.900000000000000000e+01 3.609550000000000182e+03
2.700000000000000000e+01 3.616250000000000000e+03
6.700000000000000000e+01 3.618450000000000273e+03
5.900000000000000000e+01 3.626300000000000182e+03
5.100000000000000000e+01 3.631000000000000000e+03
4.300000000000000000e+01 3.634900000000000091e+03
3.000000000000000000e+00 3.635750000000000000e+03
1.100000000000000000e+01 3.639050000000000182e+03
3.500000000000000000e+01 3.640599999999999909e+03
7.500000000000000000e+01 3.663900000000000091e+03
1.100000000000000000e+01 3.668700000000000273e+03
6.700000000000000000e+01 3.669000000000000000e+03
3.500000000000000000e+01 3.692349999999999909e+03
5.100000000000000000e+01 3.699550000000000182e+03
1.900000000000000000e+01 3.704700000000000273e+03
7.500000000000000000e+01 3.714500000000000000e+03
6.700000000000000000e+01 3.716300000000000182e+03
1.100000000000000000e+01 3.724200000000000273e+03
2.700000000000000000e+01 3.737000000000000000e+03
4.300000000000000000e+01 3.749050000000000182e+03
6.700000000000000000e+01 3.758349999999999909e+03
3.000000000000000000e+00 3.758450000000000273e+03
3.500000000000000000e+01 3.774450000000000273e+03
5.100000000000000000e+01 3.775599999999999909e+03
1.900000000000000000e+01 3.777700000000000273e+03
5.900000000000000000e+01 3.785950000000000273e+03
1.100000000000000000e+01 3.803500000000000000e+03
3.500000000000000000e+01 3.807800000000000182e+03
4.300000000000000000e+01 3.809500000000000000e+03
2.700000000000000000e+01 3.823400000000000091e+03
1.900000000000000000e+01 3.844150000000000091e+03
3.000000000000000000e+00 3.845450000000000273e+03
5.100000000000000000e+01 3.846200000000000273e+03
5.900000000000000000e+01 3.847500000000000000e+03
7.500000000000000000e+01 3.862150000000000091e+03
3.500000000000000000e+01 3.864300000000000182e+03
4.300000000000000000e+01 3.875849999999999909e+03
5.100000000000000000e+01 3.878500000000000000e+03
2.700000000000000000e+01 3.894650000000000091e+03
6.700000000000000000e+01 3.908050000000000182e+03
5.100000000000000000e+01 3.915300000000000182e+03
5.900000000000000000e+01 3.917050000000000182e+03
4.300000000000000000e+01 3.929900000000000091e+03
1.900000000000000000e+01 3.930550000000000182e+03
3.000000000000000000e+00 3.933349999999999909e+03
3.500000000000000000e+01 3.936050000000000182e+03
1.100000000000000000e+01 3.947900000000000091e+03
7.500000000000000000e+01 3.968849999999999909e+03
6.700000000000000000e+01 3.974500000000000000e+03
5.100000000000000000e+01 3.978000000000000000e+03
5.900000000000000000e+01 3.978250000000000000e+03
2.700000000000000000e+01 3.985300000000000182e+03
3.000000000000000000e+00 3.990300000000000182e+03
3.500000000000000000e+01 3.994900000000000091e+03
4.300000000000000000e+01 4.002950000000000273e+03
1.100000000000000000e+01 4.008800000000000182e+03
6.700000000000000000e+01 4.018000000000000000e+03
5.100000000000000000e+01 4.024750000000000000e+03
5.900000000000000000e+01 4.028950000000000273e+03
3.000000000000000000e+00 4.035900000000000091e+03
4.300000000000000000e+01 4.038400000000000091e+03
7.500000000000000000e+01 4.039650000000000091e+03
1.100000000000000000e+01 4.056000000000000000e+03
3.500000000000000000e+01 4.060800000000000182e+03
5.900000000000000000e+01 4.064700000000000273e+03
6.700000000000000000e+01 4.068400000000000091e+03
7.500000000000000000e+01 4.078349999999999909e+03
2.700000000000000000e+01 4.079300000000000182e+03
4.300000000000000000e+01 4.080650000000000091e+03
5.100000000000000000e+01 4.081150000000000091e+03
1.900000000000000000e+01 4.082450000000000273e+03
3.000000000000000000e+00 4.094200000000000273e+03
1.100000000000000000e+01 4.103649999999999636e+03
3.500000000000000000e+01 4.118600000000000364e+03
5.900000000000000000e+01 4.130100000000000364e+03
5.100000000000000000e+01 4.130149999999999636e+03
2.700000000000000000e+01 4.134149999999999636e+03
3.000000000000000000e+00 4.137649999999999636e+03
6.700000000000000000e+01 4.150850000000000364e+03
1.100000000000000000e+01 4.165800000000000182e+03
5.900000000000000000e+01 4.167649999999999636e+03
4.300000000000000000e+01 4.170750000000000000e+03
3.000000000000000000e+00 4.177750000000000000e+03
2.700000000000000000e+01 4.181300000000000182e+03
7.500000000000000000e+01 4.181399999999999636e+03
1.900000000000000000e+01 4.199850000000000364e+03
6.700000000000000000e+01 4.205250000000000000e+03
5.900000000000000000e+01 4.215550000000000182e+03
5.100000000000000000e+01 4.218500000000000000e+03
3.000000000000000000e+00 4.224350000000000364e+03
4.300000000000000000e+01 4.231149999999999636e+03
3.500000000000000000e+01 4.233350000000000364e+03
1.100000000000000000e+01 4.236750000000000000e+03
7.500000000000000000e+01 4.242250000000000000e+03
5.100000000000000000e+01 4.252550000000000182e+03
6.700000000000000000e+01 4.261399999999999636e+03
2.700000000000000000e+01 4.263100000000000364e+03
5.900000000000000000e+01 4.271800000000000182e+03
3.000000000000000000e+00 4.283199999999999818e+03
1.100000000000000000e+01 4.292850000000000364e+03
3.500000000000000000e+01 4.300050000000000182e+03
1.900000000000000000e+01 4.303800000000000182e+03
5.100000000000000000e+01 4.304050000000000182e+03
2.700000000000000000e+01 4.304500000000000000e+03
3.000000000000000000e+00 4.314750000000000000e+03
6.700000000000000000e+01 4.317949999999999818e+03
5.900000000000000000e+01 4.321649999999999636e+03
4.300000000000000000e+01 4.331199999999999818e+03
2.700000000000000000e+01 4.332050000000000182e+03
3.500000000000000000e+01 4.343800000000000182e+03
1.100000000000000000e+01 4.351600000000000364e+03
5.100000000000000000e+01 4.353500000000000000e+03
6.700000000000000000e+01 4.354399999999999636e+03
5.900000000000000000e+01 4.354949999999999818e+03
7.500000000000000000e+01 4.375600000000000364e+03
3.000000000000000000e+00 4.377449999999999818e+03
1.900000000000000000e+01 4.381300000000000182e+03
2.700000000000000000e+01 4.385500000000000000e+03
4.300000000000000000e+01 4.390050000000000182e+03
3.500000000000000000e+01 4.391000000000000000e+03
5.900000000000000000e+01 4.393550000000000182e+03
1.100000000000000000e+01 4.407750000000000000e+03
7.500000000000000000e+01 4.417100000000000364e+03
2.700000000000000000e+01 4.428650000000000546e+03
3.000000000000000000e+00 4.441199999999999818e+03
6.700000000000000000e+01 4.444550000000000182e+03
3.500000000000000000e+01 4.454050000000000182e+03
5.100000000000000000e+01 4.454650000000000546e+03
4.300000000000000000e+01 4.456600000000000364e+03
1.900000000000000000e+01 4.457050000000000182e+03
2.700000000000000000e+01 4.465800000000000182e+03
1.100000000000000000e+01 4.467850000000000364e+03
5.900000000000000000e+01 4.482000000000000000e+03
5.100000000000000000e+01 4.483400000000000546e+03
3.000000000000000000e+00 4.483900000000000546e+03
3.500000000000000000e+01 4.493100000000000364e+03
7.500000000000000000e+01 4.497400000000000546e+03
4.300000000000000000e+01 4.510900000000000546e+03
1.900000000000000000e+01 4.515750000000000000e+03
6.700000000000000000e+01 4.520199999999999818e+03
1.100000000000000000e+01 4.525800000000000182e+03
3.000000000000000000e+00 4.537600000000000364e+03
2.700000000000000000e+01 4.540250000000000000e+03
3.500000000000000000e+01 4.552850000000000364e+03
4.300000000000000000e+01 4.560400000000000546e+03
1.100000000000000000e+01 4.566600000000000364e+03
5.100000000000000000e+01 4.569449999999999818e+03
1.900000000000000000e+01 4.572300000000000182e+03
6.700000000000000000e+01 4.576350000000000364e+03
2.700000000000000000e+01 4.579000000000000000e+03
5.900000000000000000e+01 4.579850000000000364e+03
4.300000000000000000e+01 4.581000000000000000e+03
7.500000000000000000e+01 4.597350000000000364e+03
3.000000000000000000e+00 4.603550000000000182e+03
1.100000000000000000e+01 4.604000000000000000e+03
6.700000000000000000e+01 4.609150000000000546e+03
1.900000000000000000e+01 4.617699999999999818e+03
5.100000000000000000e+01 4.624350000000000364e+03
5.900000000000000000e+01 4.627199999999999818e+03
3.500000000000000000e+01 4.637100000000000364e+03
2.700000000000000000e+01 4.638800000000000182e+03
3.000000000000000000e+00 4.644250000000000000e+03
4.300000000000000000e+01 4.645350000000000364e+03
7.500000000000000000e+01 4.656150000000000546e+03
1.900000000000000000e+01 4.658050000000000182e+03
1.100000000000000000e+01 4.658550000000000182e+03
6.700000000000000000e+01 4.658800000000000182e+03
5.900000000000000000e+01 4.662699999999999818e+03
3.500000000000000000e+01 4.680800000000000182e+03
5.100000000000000000e+01 4.682949999999999818e+03
2.700000000000000000e+01 4.689850000000000364e+03
4.300000000000000000e+01 4.697650000000000546e+03
5.900000000000000000e+01 4.702600000000000364e+03
6.700000000000000000e+01 4.704800000000000182e+03
1.100000000000000000e+01 4.716000000000000000e+03
3.000000000000000000e+00 4.720400000000000546e+03
1.900000000000000000e+01 4.721800000000000182e+03
2.700000000000000000e+01 4.730400000000000546e+03
7.500000000000000000e+01 4.731100000000000364e+03
3.500000000000000000e+01 4.751150000000000546e+03
3.000000000000000000e+00 4.767150000000000546e+03
5.100000000000000000e+01 4.767500000000000000e+03
5.900000000000000000e+01 4.776350000000000364e+03
2.700000000000000000e+01 4.778650000000000546e+03
1.100000000000000000e+01 4.787699999999999818e+03
6.700000000000000000e+01 4.790250000000000000e+03
4.300000000000000000e+01 4.793800000000000182e+03
1.900000000000000000e+01 4.807550000000000182e+03
7.500000000000000000e+01 4.807699999999999818e+03
3.000000000000000000e+00 4.813300000000000182e+03
1.100000000000000000e+01 4.821250000000000000e+03
6.700000000000000000e+01 4.827350000000000364e+03
2.700000000000000000e+01 4.828100000000000364e+03
4.300000000000000000e+01 4.838300000000000182e+03
5.100000000000000000e+01 4.839050000000000182e+03
3.500000000000000000e+01 4.848750000000000000e+03
3.000000000000000000e+00 4.852350000000000364e+03
1.900000000000000000e+01 4.853350000000000364e+03
7.500000000000000000e+01 4.855300000000000182e+03
5.100000000000000000e+01 4.859600000000000364e+03
4.300000000000000000e+01 4.872400000000000546e+03
5.900000000000000000e+01 4.874250000000000000e+03
1.900000000000000000e+01 4.885400000000000546e+03
7.500000000000000000e+01 4.888850000000000364e+03
1.100000000000000000e+01 4.896500000000000000e+03
6.700000000000000000e+01 4.917150000000000546e+03
2.700000000000000000e+01 4.918650000000000546e+03
4.300000000000000000e+01 4.921400000000000546e+03
5.100000000000000000e+01 4.923050000000000182e+03
1.900000000000000000e+01 4.923449999999999818e+03
5.900000000000000000e+01 4.925100000000000364e+03
3.500000000000000000e+01 4.942550000000000182e+03
1.100000000000000000e+01 4.951250000000000000e+03
7.500000000000000000e+01 4.951500000000000000e+03
2.700000000000000000e+01 4.954600000000000364e+03
1.900000000000000000e+01 4.967650000000000546e+03
4.300000000000000000e+01 4.968500000000000000e+03
5.100000000000000000e+01 4.969050000000000182e+03
5.900000000000000000e+01 4.971800000000000182e+03
3.500000000000000000e+01 4.986949999999999818e+03
6.700000000000000000e+01 4.995400000000000546e+03
2.700000000000000000e+01 4.996250000000000000e+03
4.300000000000000000e+01 5.003800000000000182e+03
1.100000000000000000e+01 5.004199999999999818e+03
3.000000000000000000e+00 5.007750000000000000e+03
1.900000000000000000e+01 5.014949999999999818e+03
7.500000000000000000e+01 5.022850000000000364e+03
3.500000000000000000e+01 5.026100000000000364e+03
5.100000000000000000e+01 5.027150000000000546e+03
6.700000000000000000e+01 5.031500000000000000e+03
3.000000000000000000e+00 5.040100000000000364e+03
5.900000000000000000e+01 5.045550000000000182e+03
1.100000000000000000e+01 5.048000000000000000e+03
1.900000000000000000e+01 5.054900000000000546e+03
6.700000000000000000e+01 5.065800000000000182e+03
5.100000000000000000e+01 5.067500000000000000e+03
3.500000000000000000e+01 5.071650000000000546e+03
4.300000000000000000e+01 5.077150000000000546e+03
7.500000000000000000e+01 5.077800000000000182e+03
2.700000000000000000e+01 5.082199999999999818e+03
5.900000000000000000e+01 5.085050000000000182e+03
1.900000000000000000e+01 5.091050000000000182e+03
3.000000000000000000e+00 5.096650000000000546e+03
3.500000000000000000e+01 5.105949999999999818e+03
6.700000000000000000e+01 5.106100000000000364e+03
1.100000000000000000e+01 5.110050000000000182e+03
5.100000000000000000e+01 5.112550000000000182e+03
4.300000000000000000e+01 5.118900000000000546e+03
7.500000000000000000e+01 5.129350000000000364e+03
1.900000000000000000e+01 5.135050000000000182e+03
5.900000000000000000e+01 5.137850000000000364e+03
6.700000000000000000e+01 5.154100000000000364e+03
2.700000000000000000e+01 5.156000000000000000e+03
4.300000000000000000e+01 5.162000000000000000e+03
7.500000000000000000e+01 5.162400000000000546e+03
3.500000000000000000e+01 5.180000000000000000e+03
3.000000000000000000e+00 5.193150000000000546e+03
5.900000000000000000e+01 5.194449999999999818e+03
6.700000000000000000e+01 5.201050000000000182e+03
1.100000000000000000e+01 5.204350000000000364e+03
5.100000000000000000e+01 5.208600000000000364e+03
2.700000000000000000e+01 5.216750000000000000e+03
3.000000000000000000e+00 5.226699999999999818e+03
4.300000000000000000e+01 5.234100000000000364e+03
7.500000000000000000e+01 5.235900000000000546e+03
5.100000000000000000e+01 5.238100000000000364e+03
6.700000000000000000e+01 5.239949999999999818e+03
1.100000000000000000e+01 5.242650000000000546e+03
3.500000000000000000e+01 5.251150000000000546e+03
1.900000000000000000e+01 5.258100000000000364e+03
5.900000000000000000e+01 5.261300000000000182e+03
2.700000000000000000e+01 5.276750000000000000e+03
1.100000000000000000e+01 5.279449999999999818e+03
5.100000000000000000e+01 5.281050000000000182e+03
7.500000000000000000e+01 5.296800000000000182e+03
4.300000000000000000e+01 5.299600000000000364e+03
3.500000000000000000e+01 5.301850000000000364e+03
3.000000000000000000e+00 5.302800000000000182e+03
6.700000000000000000e+01 5.311850000000000364e+03
5.100000000000000000e+01 5.329350000000000364e+03
1.100000000000000000e+01 5.331500000000000000e+03
5.900000000000000000e+01 5.342150000000000546e+03
2.700000000000000000e+01 5.343300000000000182e+03
3.000000000000000000e+00 5.343699999999999818e+03
7.500000000000000000e+01 5.345500000000000000e+03
4.300000000000000000e+01 5.359199999999999818e+03
1.100000000000000000e+01 5.360000000000000000e+03
1.900000000000000000e+01 5.363000000000000000e+03
3.000000000000000000e+00 5.368800000000000182e+03
6.700000000000000000e+01 5.378600000000000364e+03
2.700000000000000000e+01 5.379300000000000182e+03
3.500000000000000000e+01 5.379500000000000000e+03
7.500000000000000000e+01 5.384650000000000546e+03
5.900000000000000000e+01 5.386500000000000000e+03
5.100000000000000000e+01 5.387449999999999818e+03
1.900000000000000000e+01 5.395100000000000364e+03
1.100000000000000000e+01 5.395150000000000546e+03
3.000000000000000000e+00 5.399600000000000364e+03
4.300000000000000000e+01 5.414949999999999818e+03
7.500000000000000000e+01 5.417300000000000182e+03
2.700000000000000000e+01 5.418800000000000182e+03
3.500000000000000000e+01 5.426800000000000182e+03
3.000000000000000000e+00 5.433699999999999818e+03
6.700000000000000000e+01 5.439800000000000182e+03
1.900000000000000000e+01 5.443900000000000546e+03
5.900000000000000000e+01 5.447800000000000182e+03
5.100000000000000000e+01 5.460250000000000000e+03
4.300000000000000000e+01 5.469449999999999818e+03
3.000000000000000000e+00 5.470500000000000000e+03
3.500000000000000000e+01 5.472250000000000000e+03
1.100000000000000000e+01 5.484400000000000546e+03
1.900000000000000000e+01 5.488750000000000000e+03
7.500000000000000000e+01 5.489500000000000000e+03
2.700000000000000000e+01 5.500150000000000546e+03
5.900000000000000000e+01 5.502449999999999818e+03
6.700000000000000000e+01 5.503300000000000182e+03
5.100000000000000000e+01 5.507250000000000000e+03
4.300000000000000000e+01 5.513050000000000182e+03
3.000000000000000000e+00 5.522650000000000546e+03
7.500000000000000000e+01 5.534100000000000364e+03
1.100000000000000000e+01 5.534350000000000364e+03
6.700000000000000000e+01 5.539400000000000546e+03
2.700000000000000000e+01 5.557300000000000182e+03
5.900000000000000000e+01 5.558250000000000000e+03
1.900000000000000000e+01 5.561600000000000364e+03
5.100000000000000000e+01 5.562050000000000182e+03
3.500000000000000000e+01 5.567699999999999818e+03
7.500000000000000000e+01 5.573750000000000000e+03
3.000000000000000000e+00 5.575550000000000182e+03
6.700000000000000000e+01 5.581650000000000546e+03
4.300000000000000000e+01 5.584750000000000000e+03
1.900000000000000000e+01 5.598850000000000364e+03
5.100000000000000000e+01 5.601850000000000364e+03
5.900000000000000000e+01 5.604199999999999818e+03
3.500000000000000000e+01 5.606949999999999818e+03
3.000000000000000000e+00 5.609449999999999818e+03
7.500000000000000000e+01 5.609500000000000000e+03
6.700000000000000000e+01 5.623150000000000546e+03
1.900000000000000000e+01 5.628750000000000000e+03
4.300000000000000000e+01 5.629300000000000182e+03
1.100000000000000000e+01 5.631500000000000000e+03
2.700000000000000000e+01 5.642250000000000000e+03
5.100000000000000000e+01 5.649100000000000364e+03
1.900000000000000000e+01 5.662400000000000546e+03
3.500000000000000000e+01 5.662500000000000000e+03
3.000000000000000000e+00 5.665699999999999818e+03
7.500000000000000000e+01 5.666600000000000364e+03
2.700000000000000000e+01 5.674850000000000364e+03
5.900000000000000000e+01 5.676800000000000182e+03
1.100000000000000000e+01 5.681449999999999818e+03
5.100000000000000000e+01 5.683449999999999818e+03
3.000000000000000000e+00 5.694150000000000546e+03
6.700000000000000000e+01 5.695550000000000182e+03
4.300000000000000000e+01 5.697500000000000000e+03
1.900000000000000000e+01 5.701900000000000546e+03
7.500000000000000000e+01 5.704050000000000182e+03
5.100000000000000000e+01 5.713550000000000182e+03
2.700000000000000000e+01 5.716199999999999818e+03
3.500000000000000000e+01 5.717000000000000000e+03
5.900000000000000000e+01 5.720100000000000364e+03
6.700000000000000000e+01 5.724750000000000000e+03
1.100000000000000000e+01 5.745350000000000364e+03
4.300000000000000000e+01 5.745900000000000546e+03
3.500000000000000000e+01 5.746850000000000364e+03
7.500000000000000000e+01 5.748850000000000364e+03
2.700000000000000000e+01 5.749650000000000546e+03
3.000000000000000000e+00 5.751949999999999818e+03
1.900000000000000000e+01 5.754449999999999818e+03
5.100000000000000000e+01 5.754949999999999818e+03
5.900000000000000000e+01 5.766400000000000546e+03
6.700000000000000000e+01 5.784199999999999818e+03
7.500000000000000000e+01 5.786050000000000182e+03
3.500000000000000000e+01 5.791300000000000182e+03
5.100000000000000000e+01 5.799750000000000000e+03
1.100000000000000000e+01 5.803500000000000000e+03
1.900000000000000000e+01 5.803650000000000546e+03
3.000000000000000000e+00 5.811750000000000000e+03
7.500000000000000000e+01 5.816750000000000000e+03
4.300000000000000000e+01 5.820000000000000000e+03
5.900000000000000000e+01 5.826800000000000182e+03
3.500000000000000000e+01 5.836550000000000182e+03
6.700000000000000000e+01 5.845949999999999818e+03
2.700000000000000000e+01 5.848850000000000364e+03
1.900000000000000000e+01 5.849500000000000000e+03
3.000000000000000000e+00 5.860250000000000000e+03
1.100000000000000000e+01 5.860750000000000000e+03
4.300000000000000000e+01 5.864500000000000000e+03
7.500000000000000000e+01 5.866800000000000182e+03
5.900000000000000000e+01 5.869949999999999818e+03
6.700000000000000000e+01 5.877199999999999818e+03
5.100000000000000000e+01 5.881949999999999818e+03
1.100000000000000000e+01 5.890650000000000546e+03
4.300000000000000000e+01 5.906750000000000000e+03
7.500000000000000000e+01 5.909750000000000000e+03
5.900000000000000000e+01 5.916300000000000182e+03
3.000000000000000000e+00 5.921800000000000182e+03
6.700000000000000000e+01 5.927150000000000546e+03
1.100000000000000000e+01 5.928400000000000546e+03
2.700000000000000000e+01 5.935150000000000546e+03
5.100000000000000000e+01 5.938500000000000000e+03
3.500000000000000000e+01 5.948150000000000546e+03
1.900000000000000000e+01 5.949000000000000000e+03
3.000000000000000000e+00 5.957100000000000364e+03
6.700000000000000000e+01 5.957250000000000000e+03
7.500000000000000000e+01 5.960750000000000000e+03
1.100000000000000000e+01 5.972400000000000546e+03
4.300000000000000000e+01 5.973300000000000182e+03
5.900000000000000000e+01 5.991050000000000182e+03
6.700000000000000000e+01 5.994650000000000546e+03
2.700000000000000000e+01 6.002250000000000000e+03
3.000000000000000000e+00 6.007199999999999818e+03
7.500000000000000000e+01 6.012650000000000546e+03
1.100000000000000000e+01 6.021050000000000182e+03
3.500000000000000000e+01 6.022500000000000000e+03
4.300000000000000000e+01 6.031050000000000182e+03
1.900000000000000000e+01 6.032500000000000000e+03
5.900000000000000000e+01 6.033500000000000000e+03
5.100000000000000000e+01 6.034000000000000000e+03
6.700000000000000000e+01 6.039050000000000182e+03
3.000000000000000000e+00 6.042100000000000364e+03
2.700000000000000000e+01 6.045000000000000000e+03
7.500000000000000000e+01 6.049199999999999818e+03
1.100000000000000000e+01 6.055550000000000182e+03
1.900000000000000000e+01 6.063350000000000364e+03
5.900000000000000000e+01 6.074350000000000364e+03
7.500000000000000000e+01 6.083000000000000000e+03
3.500000000000000000e+01 6.084050000000000182e+03
4.300000000000000000e+01 6.084050000000000182e+03
1.100000000000000000e+01 6.085300000000000182e+03
3.000000000000000000e+00 6.088350000000000364e+03
2.700000000000000000e+01 6.088400000000000546e+03
6.700000000000000000e+01 6.095949999999999818e+03
5.100000000000000000e+01 6.106500000000000000e+03
1.900000000000000000e+01 6.107500000000000000e+03
5.900000000000000000e+01 6.119199999999999818e+03
3.500000000000000000e+01 6.119250000000000000e+03
7.500000000000000000e+01 6.120150000000000546e+03
4.300000000000000000e+01 6.121500000000000000e+03
6.700000000000000000e+01 6.127949999999999818e+03
1.100000000000000000e+01 6.128500000000000000e+03
3.000000000000000000e+00 6.132400000000000546e+03
2.700000000000000000e+01 6.141350000000000364e+03
1.900000000000000000e+01 6.146900000000000546e+03
3.500000000000000000e+01 6.164600000000000364e+03
1.100000000000000000e+01 6.166949999999999818e+03
5.100000000000000000e+01 6.169400000000000546e+03
7.500000000000000000e+01 6.170900000000000546e+03
3.000000000000000000e+00 6.173699999999999818e+03
6.700000000000000000e+01 6.181699999999999818e+03
1.900000000000000000e+01 6.181850000000000364e+03
5.900000000000000000e+01 6.183250000000000000e+03
4.300000000000000000e+01 6.187000000000000000e+03
7.500000000000000000e+01 6.202000000000000000e+03
2.700000000000000000e+01 6.203800000000000182e+03
5.100000000000000000e+01 6.213199999999999818e+03
3.000000000000000000e+00 6.216000000000000000e+03
6.700000000000000000e+01 6.216500000000000000e+03
1.100000000000000000e+01 6.220949999999999818e+03
5.900000000000000000e+01 6.223750000000000000e+03
1.900000000000000000e+01 6.233650000000000546e+03
3.000000000000000000e+00 6.242650000000000546e+03
7.500000000000000000e+01 6.244250000000000000e+03
3.500000000000000000e+01 6.246550000000000182e+03
5.900000000000000000e+01 6.246650000000000546e+03
5.100000000000000000e+01 6.248000000000000000e+03
4.300000000000000000e+01 6.250500000000000000e+03
2.700000000000000000e+01 6.257550000000000182e+03
1.100000000000000000e+01 6.258900000000000546e+03
6.700000000000000000e+01 6.260650000000000546e+03
3.000000000000000000e+00 6.267050000000000182e+03
1.900000000000000000e+01 6.277150000000000546e+03
7.500000000000000000e+01 6.283699999999999818e+03
2.700000000000000000e+01 6.287400000000000546e+03
4.300000000000000000e+01 6.288250000000000000e+03
3.500000000000000000e+01 6.290000000000000000e+03
1.100000000000000000e+01 6.292650000000000546e+03
5.100000000000000000e+01 6.295650000000000546e+03
6.700000000000000000e+01 6.309900000000000546e+03
1.900000000000000000e+01 6.322100000000000364e+03
3.000000000000000000e+00 6.323300000000000182e+03
5.900000000000000000e+01 6.328900000000000546e+03
7.500000000000000000e+01 6.329250000000000000e+03
1.100000000000000000e+01 6.338500000000000000e+03
5.100000000000000000e+01 6.339650000000000546e+03
2.700000000000000000e+01 6.342550000000000182e+03
3.500000000000000000e+01 6.345750000000000000e+03
5.900000000000000000e+01 6.357650000000000546e+03
1.900000000000000000e+01 6.362000000000000000e+03
4.300000000000000000e+01 6.365699999999999818e+03
6.700000000000000000e+01 6.366449999999999818e+03
5.100000000000000000e+01 6.370699999999999818e+03
2.700000000000000000e+01 6.370800000000000182e+03
3.000000000000000000e+00 6.376500000000000000e+03
3.500000000000000000e+01 6.377550000000000182e+03
1.100000000000000000e+01 6.381150000000000546e+03
7.500000000000000000e+01 6.390650000000000546e+03
3.000000000000000000e+00 6.410100000000000364e+03
1.100000000000000000e+01 6.418550000000000182e+03
2.700000000000000000e+01 6.422050000000000182e+03
4.300000000000000000e+01 6.423800000000000182e+03
5.100000000000000000e+01 6.428449999999999818e+03
1.900000000000000000e+01 6.430500000000000000e+03
6.700000000000000000e+01 6.434350000000000364e+03
5.900000000000000000e+01 6.445199999999999818e+03
7.500000000000000000e+01 6.445750000000000000e+03
2.700000000000000000e+01 6.457300000000000182e+03
6.700000000000000000e+01 6.459350000000000364e+03
3.000000000000000000e+00 6.460050000000000182e+03
4.300000000000000000e+01 6.461449999999999818e+03
5.100000000000000000e+01 6.467000000000000000e+03
1.900000000000000000e+01 6.468900000000000546e+03
3.500000000000000000e+01 6.469600000000000364e+03
1.100000000000000000e+01 6.470300000000000182e+03
7.500000000000000000e+01 6.474100000000000364e+03
4.300000000000000000e+01 6.494900000000000546e+03
3.000000000000000000e+00 6.501050000000000182e+03
2.700000000000000000e+01 6.501050000000000182e+03
5.900000000000000000e+01 6.502300000000000182e+03
1.900000000000000000e+01 6.510750000000000000e+03
6.700000000000000000e+01 6.517400000000000546e+03
7.500000000000000000e+01 6.517900000000000546e+03
5.100000000000000000e+01 6.522350000000000364e+03
3.500000000000000000e+01 6.525300000000000182e+03
3.000000000000000000e+00 6.528800000000000182e+03
5.900000000000000000e+01 6.533500000000000000e+03
1.100000000000000000e+01 6.535449999999999818e+03
1.900000000000000000e+01 6.538650000000000546e+03
2.700000000000000000e+01 6.544400000000000546e+03
7.500000000000000000e+01 6.560750000000000000e+03
4.300000000000000000e+01 6.564500000000000000e+03
5.100000000000000000e+01 6.565800000000000182e+03
3.500000000000000000e+01 6.568550000000000182e+03
1.100000000000000000e+01 6.572850000000000364e+03
5.900000000000000000e+01 6.580050000000000182e+03
6.700000000000000000e+01 6.580400000000000546e+03
2.700000000000000000e+01 6.584350000000000364e+03
3.000000000000000000e+00 6.592550000000000182e+03
4.300000000000000000e+01 6.599000000000000000e+03
1.900000000000000000e+01 6.599050000000000182e+03
7.500000000000000000e+01 6.603400000000000546e+03
5.100000000000000000e+01 6.609449999999999818e+03
6.700000000000000000e+01 6.609750000000000000e+03
5.900000000000000000e+01 6.613250000000000000e+03
3.500000000000000000e+01 6.615150000000000546e+03
1.100000000000000000e+01 6.627199999999999818e+03
4.300000000000000000e+01 6.633050000000000182e+03
3.000000000000000000e+00 6.641650000000000546e+03
7.500000000000000000e+01 6.648300000000000182e+03
6.700000000000000000e+01 6.649750000000000000e+03
2.700000000000000000e+01 6.650150000000000546e+03
1.100000000000000000e+01 6.650600000000000364e+03
1.900000000000000000e+01 6.651500000000000000e+03
5.900000000000000000e+01 6.656850000000000364e+03
5.100000000000000000e+01 6.665600000000000364e+03
3.000000000000000000e+00 6.671650000000000546e+03
4.300000000000000000e+01 6.675250000000000000e+03
1.900000000000000000e+01 6.681850000000000364e+03
6.700000000000000000e+01 6.682250000000000000e+03
5.900000000000000000e+01 6.683600000000000364e+03
1.100000000000000000e+01 6.688650000000000546e+03
3.500000000000000000e+01 6.688900000000000546e+03
7.500000000000000000e+01 6.690300000000000182e+03
2.700000000000000000e+01 6.690949999999999818e+03
5.100000000000000000e+01 6.696100000000000364e+03
4.300000000000000000e+01 6.703900000000000546e+03
3.000000000000000000e+00 6.717500000000000000e+03
1.100000000000000000e+01 6.718150000000000546e+03
5.900000000000000000e+01 6.719300000000000182e+03
6.700000000000000000e+01 6.725500000000000000e+03
7.500000000000000000e+01 6.727449999999999818e+03
1.900000000000000000e+01 6.727650000000000546e+03
2.700000000000000000e+01 6.731250000000000000e+03
5.100000000000000000e+01 6.733949999999999818e+03
3.500000000000000000e+01 6.735449999999999818e+03
3.000000000000000000e+00 6.750199999999999818e+03
4.300000000000000000e+01 6.750900000000000546e+03
5.900000000000000000e+01 6.754199999999999818e+03
2.700000000000000000e+01 6.760400000000000546e+03
1.100000000000000000e+01 6.761449999999999818e+03
1.900000000000000000e+01 6.763900000000000546e+03
6.700000000000000000e+01 6.764850000000000364e+03
7.500000000000000000e+01 6.767150000000000546e+03
5.100000000000000000e+01 6.777949999999999818e+03
3.500000000000000000e+01 6.782150000000000546e+03
3.000000000000000000e+00 6.786800000000000182e+03
4.300000000000000000e+01 6.788699999999999818e+03
1.900000000000000000e+01 6.793900000000000546e+03
5.900000000000000000e+01 6.797300000000000182e+03
6.700000000000000000e+01 6.797400000000000546e+03
2.700000000000000000e+01 6.799350000000000364e+03
1.100000000000000000e+01 6.801199999999999818e+03
4.300000000000000000e+01 6.818250000000000000e+03
3.500000000000000000e+01 6.824850000000000364e+03
6.700000000000000000e+01 6.828250000000000000e+03
2.700000000000000000e+01 6.830300000000000182e+03
5.100000000000000000e+01 6.834400000000000546e+03
1.900000000000000000e+01 6.835000000000000000e+03
3.000000000000000000e+00 6.837650000000000546e+03
7.500000000000000000e+01 6.839250000000000000e+03
1.100000000000000000e+01 6.849050000000000182e+03
5.900000000000000000e+01 6.849250000000000000e+03
2.700000000000000000e+01 6.866350000000000364e+03
4.300000000000000000e+01 6.871050000000000182e+03
3.500000000000000000e+01 6.874000000000000000e+03
3.000000000000000000e+00 6.881150000000000546e+03
6.700000000000000000e+01 6.886449999999999818e+03
1.100000000000000000e+01 6.886850000000000364e+03
1.900000000000000000e+01 6.887750000000000000e+03
5.100000000000000000e+01 6.889600000000000364e+03
5.900000000000000000e+01 6.890449999999999818e+03
7.500000000000000000e+01 6.905350000000000364e+03
2.700000000000000000e+01 6.908000000000000000e+03
4.300000000000000000e+01 6.915100000000000364e+03
3.500000000000000000e+01 6.917400000000000546e+03
1.900000000000000000e+01 6.926550000000000182e+03
1.100000000000000000e+01 6.927050000000000182e+03
5.900000000000000000e+01 6.928000000000000000e+03
3.000000000000000000e+00 6.936500000000000000e+03
5.100000000000000000e+01 6.938100000000000364e+03
7.500000000000000000e+01 6.941100000000000364e+03
6.700000000000000000e+01 6.941199999999999818e+03
4.300000000000000000e+01 6.951100000000000364e+03
3.500000000000000000e+01 6.957050000000000182e+03
2.700000000000000000e+01 6.958850000000000364e+03
1.900000000000000000e+01 6.969199999999999818e+03
3.000000000000000000e+00 6.970449999999999818e+03
7.500000000000000000e+01 6.972550000000000182e+03
5.900000000000000000e+01 6.973800000000000182e+03
1.100000000000000000e+01 6.976400000000000546e+03
5.100000000000000000e+01 6.978300000000000182e+03
6.700000000000000000e+01 6.986350000000000364e+03
7.500000000000000000e+01 6.997900000000000546e+03
3.500000000000000000e+01 6.999449999999999818e+03
2.700000000000000000e+01 7.000500000000000000e+03
1.900000000000000000e+01 7.002350000000000364e+03
3.000000000000000000e+00 7.003350000000000364e+03
1.100000000000000000e+01 7.005500000000000000e+03
5.900000000000000000e+01 7.013900000000000546e+03
5.100000000000000000e+01 7.022949999999999818e+03
2.700000000000000000e+01 7.023750000000000000e+03
4.300000000000000000e+01 7.028800000000000182e+03
7.500000000000000000e+01 7.031199999999999818e+03
6.700000000000000000e+01 7.033400000000000546e+03
3.500000000000000000e+01 7.039199999999999818e+03
1.100000000000000000e+01 7.039350000000000364e+03
3.000000000000000000e+00 7.045000000000000000e+03
5.900000000000000000e+01 7.046000000000000000e+03
1.900000000000000000e+01 7.046150000000000546e+03
2.700000000000000000e+01 7.055800000000000182e+03
5.100000000000000000e+01 7.059699999999999818e+03
7.500000000000000000e+01 7.064250000000000000e+03
4.300000000000000000e+01 7.067300000000000182e+03
1.100000000000000000e+01 7.068949999999999818e+03
5.900000000000000000e+01 7.075000000000000000e+03
1.900000000000000000e+01 7.079199999999999818e+03
2.700000000000000000e+01 7.087150000000000546e+03
3.500000000000000000e+01 7.095449999999999818e+03
6.700000000000000000e+01 7.108500000000000000e+03
5.100000000000000000e+01 7.109800000000000182e+03
3.000000000000000000e+00 7.109900000000000546e+03
1.100000000000000000e+01 7.113550000000000182e+03
7.500000000000000000e+01 7.113550000000000182e+03
4.300000000000000000e+01 7.114800000000000182e+03
5.900000000000000000e+01 7.115850000000000364e+03
1.900000000000000000e+01 7.117750000000000000e+03
3.500000000000000000e+01 7.136550000000000182e+03
2.700000000000000000e+01 7.141550000000000182e+03
4.300000000000000000e+01 7.144900000000000546e+03
1.100000000000000000e+01 7.146350000000000364e+03
6.700000000000000000e+01 7.146949999999999818e+03
3.000000000000000000e+00 7.149949999999999818e+03
5.900000000000000000e+01 7.150000000000000000e+03
7.500000000000000000e+01 7.151300000000000182e+03
1.900000000000000000e+01 7.151449999999999818e+03
3.500000000000000000e+01 7.161100000000000364e+03
5.100000000000000000e+01 7.165300000000000182e+03
2.700000000000000000e+01 7.178100000000000364e+03
1.900000000000000000e+01 7.179750000000000000e+03
1.100000000000000000e+01 7.182250000000000000e+03
6.700000000000000000e+01 7.185550000000000182e+03
5.100000000000000000e+01 7.190300000000000182e+03
7.500000000000000000e+01 7.192600000000000364e+03
4.300000000000000000e+01 7.196900000000000546e+03
3.500000000000000000e+01 7.197650000000000546e+03
5.900000000000000000e+01 7.198150000000000546e+03
3.000000000000000000e+00 7.214949999999999818e+03
1.900000000000000000e+01 7.225750000000000000e+03
1.100000000000000000e+01 7.226900000000000546e+03
6.700000000000000000e+01 7.232699999999999818e+03
4.300000000000000000e+01 7.234650000000000546e+03
7.500000000000000000e+01 7.235300000000000182e+03
2.700000000000000000e+01 7.245100000000000364e+03
5.900000000000000000e+01 7.246900000000000546e+03
3.500000000000000000e+01 7.251550000000000182e+03
1.900000000000000000e+01 7.260150000000000546e+03
5.100000000000000000e+01 7.261100000000000364e+03
3.000000000000000000e+00 7.262800000000000182e+03
1.100000000000000000e+01 7.269900000000000546e+03
6.700000000000000000e+01 7.269949999999999818e+03
4.300000000000000000e+01 7.271949999999999818e+03
3.500000000000000000e+01 7.283949999999999818e+03
2.700000000000000000e+01 7.286850000000000364e+03
3.000000000000000000e+00 7.288650000000000546e+03
5.100000000000000000e+01 7.295699999999999818e+03
7.500000000000000000e+01 7.296800000000000182e+03
5.900000000000000000e+01 7.298750000000000000e+03
1.100000000000000000e+01 7.309150000000000546e+03
4.300000000000000000e+01 7.316500000000000000e+03
3.000000000000000000e+00 7.317650000000000546e+03
2.700000000000000000e+01 7.323199999999999818e+03
6.700000000000000000e+01 7.325199999999999818e+03
1.900000000000000000e+01 7.326100000000000364e+03
3.500000000000000000e+01 7.337500000000000000e+03
7.500000000000000000e+01 7.341350000000000364e+03
1.100000000000000000e+01 7.344100000000000364e+03
4.300000000000000000e+01 7.351050000000000182e+03
6.700000000000000000e+01 7.351400000000000546e+03
5.100000000000000000e+01 7.353550000000000182e+03
2.700000000000000000e+01 7.354050000000000182e+03
5.900000000000000000e+01 7.356550000000000182e+03
3.000000000000000000e+00 7.360449999999999818e+03
3.500000000000000000e+01 7.368000000000000000e+03
1.900000000000000000e+01 7.377650000000000546e+03
6.700000000000000000e+01 7.381449999999999818e+03
1.100000000000000000e+01 7.387050000000000182e+03
4.300000000000000000e+01 7.392550000000000182e+03
7.500000000000000000e+01 7.394350000000000364e+03
3.500000000000000000e+01 7.395449999999999818e+03
3.000000000000000000e+00 7.397550000000000182e+03
5.900000000000000000e+01 7.416699999999999818e+03
1.900000000000000000e+01 7.419100000000000364e+03
2.700000000000000000e+01 7.428449999999999818e+03
6.700000000000000000e+01 7.429150000000000546e+03
1.100000000000000000e+01 7.430750000000000000e+03
4.300000000000000000e+01 7.441900000000000546e+03
1.900000000000000000e+01 7.443949999999999818e+03
7.500000000000000000e+01 7.444300000000000182e+03
3.500000000000000000e+01 7.444850000000000364e+03
5.100000000000000000e+01 7.445250000000000000e+03
5.900000000000000000e+01 7.448850000000000364e+03
1.100000000000000000e+01 7.469300000000000182e+03
3.000000000000000000e+00 7.472449999999999818e+03
4.300000000000000000e+01 7.473600000000000364e+03
1.900000000000000000e+01 7.478350000000000364e+03
2.700000000000000000e+01 7.479500000000000000e+03
6.700000000000000000e+01 7.480050000000000182e+03
5.100000000000000000e+01 7.489650000000000546e+03
7.500000000000000000e+01 7.490699999999999818e+03
3.500000000000000000e+01 7.491100000000000364e+03
4.300000000000000000e+01 7.503800000000000182e+03
1.100000000000000000e+01 7.512250000000000000e+03
2.700000000000000000e+01 7.513000000000000000e+03
5.900000000000000000e+01 7.517850000000000364e+03
6.700000000000000000e+01 7.518949999999999818e+03
3.000000000000000000e+00 7.521350000000000364e+03
1.900000000000000000e+01 7.524699999999999818e+03
5.100000000000000000e+01 7.525850000000000364e+03
7.500000000000000000e+01 7.528250000000000000e+03
1.100000000000000000e+01 7.542900000000000546e+03
6.700000000000000000e+01 7.555000000000000000e+03
4.300000000000000000e+01 7.561949999999999818e+03
3.000000000000000000e+00 7.563400000000000546e+03
3.500000000000000000e+01 7.564800000000000182e+03
5.900000000000000000e+01 7.566250000000000000e+03
5.100000000000000000e+01 7.567500000000000000e+03
1.900000000000000000e+01 7.568699999999999818e+03
7.500000000000000000e+01 7.570199999999999818e+03
2.700000000000000000e+01 7.583100000000000364e+03
1.100000000000000000e+01 7.584900000000000546e+03
3.500000000000000000e+01 7.600100000000000364e+03
5.900000000000000000e+01 7.600250000000000000e+03
4.300000000000000000e+01 7.601900000000000546e+03
5.100000000000000000e+01 7.603400000000000546e+03
1.900000000000000000e+01 7.606100000000000364e+03
6.700000000000000000e+01 7.610699999999999818e+03
7.500000000000000000e+01 7.622150000000000546e+03
1.100000000000000000e+01 7.624400000000000546e+03
3.000000000000000000e+00 7.626949999999999818e+03
2.700000000000000000e+01 7.628050000000000182e+03
4.300000000000000000e+01 7.632199999999999818e+03
5.900000000000000000e+01 7.643250000000000000e+03
3.500000000000000000e+01 7.644750000000000000e+03
1.900000000000000000e+01 7.645500000000000000e+03
5.100000000000000000e+01 7.652900000000000546e+03
6.700000000000000000e+01 7.655199999999999818e+03
2.700000000000000000e+01 7.658699999999999818e+03
4.300000000000000000e+01 7.661800000000000182e+03
1.100000000000000000e+01 7.663150000000000546e+03
3.000000000000000000e+00 7.664699999999999818e+03
7.500000000000000000e+01 7.672250000000000000e+03
5.900000000000000000e+01 7.677699999999999818e+03
5.100000000000000000e+01 7.682250000000000000e+03
6.700000000000000000e+01 7.686850000000000364e+03
2.700000000000000000e+01 7.690050000000000182e+03
1.900000000000000000e+01 7.693350000000000364e+03
1.100000000000000000e+01 7.696100000000000364e+03
4.300000000000000000e+01 7.702400000000000546e+03
3.500000000000000000e+01 7.704250000000000000e+03
5.900000000000000000e+01 7.716300000000000182e+03
1.100000000000000000e+01 7.727050000000000182e+03
5.100000000000000000e+01 7.727050000000000182e+03
6.700000000000000000e+01 7.731000000000000000e+03
3.000000000000000000e+00 7.731600000000000364e+03
2.700000000000000000e+01 7.731949999999999818e+03
4.300000000000000000e+01 7.735150000000000546e+03
3.500000000000000000e+01 7.736449999999999818e+03
1.900000000000000000e+01 7.737150000000000546e+03
7.500000000000000000e+01 7.742050000000000182e+03
5.900000000000000000e+01 7.752900000000000546e+03
4.300000000000000000e+01 7.758350000000000364e+03
5.100000000000000000e+01 7.761300000000000182e+03
2.700000000000000000e+01 7.763350000000000364e+03
6.700000000000000000e+01 7.764550000000000182e+03
3.000000000000000000e+00 7.766699999999999818e+03
1.900000000000000000e+01 7.769850000000000364e+03
7.500000000000000000e+01 7.773300000000000182e+03
3.500000000000000000e+01 7.773750000000000000e+03
1.100000000000000000e+01 7.779400000000000546e+03
5.900000000000000000e+01 7.788600000000000364e+03
3.000000000000000000e+00 7.796250000000000000e+03
2.700000000000000000e+01 7.796449999999999818e+03
6.700000000000000000e+01 7.803550000000000182e+03
4.300000000000000000e+01 7.806100000000000364e+03
3.500000000000000000e+01 7.806199999999999818e+03
1.900000000000000000e+01 7.807150000000000546e+03
5.100000000000000000e+01 7.810250000000000000e+03
7.500000000000000000e+01 7.817699999999999818e+03
5.900000000000000000e+01 7.821600000000000364e+03
2.700000000000000000e+01 7.833650000000000546e+03
5.100000000000000000e+01 7.837600000000000364e+03
4.300000000000000000e+01 7.842949999999999818e+03
3.000000000000000000e+00 7.843550000000000182e+03
6.700000000000000000e+01 7.844850000000000364e+03
1.900000000000000000e+01 7.846550000000000182e+03
7.500000000000000000e+01 7.846949999999999818e+03
3.500000000000000000e+01 7.849699999999999818e+03
1.100000000000000000e+01 7.857400000000000546e+03
5.900000000000000000e+01 7.859300000000000182e+03
2.700000000000000000e+01 7.873500000000000000e+03
5.100000000000000000e+01 7.881000000000000000e+03
6.700000000000000000e+01 7.881900000000000546e+03
4.300000000000000000e+01 7.885750000000000000e+03
3.500000000000000000e+01 7.886550000000000182e+03
7.500000000000000000e+01 7.887600000000000364e+03
3.000000000000000000e+00 7.887699999999999818e+03
5.900000000000000000e+01 7.888400000000000546e+03
1.900000000000000000e+01 7.903949999999999818e+03
1.100000000000000000e+01 7.907900000000000546e+03
6.700000000000000000e+01 7.914150000000000546e+03
3.500000000000000000e+01 7.916850000000000364e+03
2.700000000000000000e+01 7.921500000000000000e+03
5.100000000000000000e+01 7.921600000000000364e+03
3.000000000000000000e+00 7.922600000000000364e+03
4.300000000000000000e+01 7.923600000000000364e+03
7.500000000000000000e+01 7.924600000000000364e+03
5.900000000000000000e+01 7.929699999999999818e+03
1.900000000000000000e+01 7.935650000000000546e+03
6.700000000000000000e+01 7.948850000000000364e+03
1.100000000000000000e+01 7.950850000000000364e+03
7.500000000000000000e+01 7.952150000000000546e+03
2.700000000000000000e+01 7.953550000000000182e+03
5.100000000000000000e+01 7.960150000000000546e+03
5.900000000000000000e+01 7.962250000000000000e+03
4.300000000000000000e+01 7.962900000000000546e+03
3.500000000000000000e+01 7.969150000000000546e+03
3.000000000000000000e+00 7.970550000000000182e+03
1.100000000000000000e+01 7.981949999999999818e+03
1.900000000000000000e+01 7.982050000000000182e+03
7.500000000000000000e+01 7.984699999999999818e+03
6.700000000000000000e+01 7.990500000000000000e+03
3.500000000000000000e+01 8.007850000000000364e+03
4.300000000000000000e+01 8.104850000000000364e+03
1.900000000000000000e+01 8.520600000000000364e+03
6.700000000000000000e+01 8.521850000000000364e+03
3.000000000000000000e+00 8.638799999999999272e+03
1.100000000000000000e+01 8.669250000000000000e+03
5.900000000000000000e+01 1.061300000000000000e+04
5.100000000000000000e+01 1.076250000000000000e+04
6.700000000000000000e+01 1.366305000000000109e+04
5.100000000000000000e+01 1.435785000000000036e+04
5.100000000000000000e+01 1.584900000000000000e+04
6.700000000000000000e+01 1.590680000000000109e+04
3.000000000000000000e+00 1.646915000000000146e+04
5.900000000000000000e+01 1.647084999999999854e+04
7.500000000000000000e+01 1.849390000000000146e+04
5.100000000000000000e+01 1.851775000000000000e+04
1.100000000000000000e+01 1.985660000000000218e+04
5.100000000000000000e+01 2.004500000000000000e+04
3.500000000000000000e+01 2.007895000000000073e+04
3.500000000000000000e+01 2.032745000000000073e+04
1.100000000000000000e+01 2.057460000000000218e+04
3.500000000000000000e+01 2.078835000000000218e+04
4.300000000000000000e+01 2.182920000000000073e+04
5.100000000000000000e+01 2.205360000000000218e+04
5.100000000000000000e+01 2.212345000000000073e+04
5.100000000000000000e+01 2.224679999999999927e+04
3.500000000000000000e+01 2.226915000000000146e+04
5.900000000000000000e+01 2.396595000000000073e+04
5.100000000000000000e+01 2.396904999999999927e+04
5.900000000000000000e+01 2.510060000000000218e+04
1.100000000000000000e+01 2.539820000000000073e+04
5.100000000000000000e+01 2.625065000000000146e+04
3.500000000000000000e+01 2.736885000000000218e+04
5.100000000000000000e+01 2.771995000000000073e+04
1.100000000000000000e+01 2.933175000000000000e+04
1.900000000000000000e+01 2.995265000000000146e+04
2.700000000000000000e+01 3.047095000000000073e+04
7.500000000000000000e+01 3.049090000000000146e+04
7.500000000000000000e+01 3.053290000000000146e+04
5.900000000000000000e+01 3.078165000000000146e+04
6.700000000000000000e+01 3.097620000000000073e+04
3.500000000000000000e+01 3.100920000000000073e+04
3.000000000000000000e+00 3.101250000000000000e+04
5.900000000000000000e+01 3.107279999999999927e+04
5.900000000000000000e+01 3.111010000000000218e+04
3.600000000000000000e+01 1.881500000000000057e+02
7.600000000000000000e+01 2.031500000000000057e+02
5.200000000000000000e+01 2.944000000000000341e+02
2.800000000000000000e+01 3.834000000000000341e+02
6.800000000000000000e+01 7.255000000000000000e+02
5.200000000000000000e+01 1.299600000000000136e+03
4.400000000000000000e+01 1.468299999999999955e+03
4.400000000000000000e+01 1.655650000000000091e+03
6.800000000000000000e+01 1.717750000000000000e+03
6.000000000000000000e+01 2.062199999999999818e+03
5.200000000000000000e+01 2.340250000000000000e+03
4.000000000000000000e+00 2.471000000000000000e+03
2.000000000000000000e+01 2.869800000000000182e+03
2.800000000000000000e+01 3.015050000000000182e+03
1.200000000000000000e+01 3.017599999999999909e+03
5.200000000000000000e+01 3.024400000000000091e+03
2.000000000000000000e+01 3.027300000000000182e+03
7.600000000000000000e+01 3.045849999999999909e+03
3.600000000000000000e+01 3.048500000000000000e+03
6.000000000000000000e+01 3.049099999999999909e+03
2.000000000000000000e+01 3.065650000000000091e+03
4.000000000000000000e+00 3.067200000000000273e+03
1.200000000000000000e+01 3.087950000000000273e+03
6.800000000000000000e+01 3.090849999999999909e+03
2.800000000000000000e+01 3.092849999999999909e+03
4.400000000000000000e+01 3.099400000000000091e+03
7.600000000000000000e+01 3.107400000000000091e+03
5.200000000000000000e+01 3.116000000000000000e+03
4.000000000000000000e+00 3.121700000000000273e+03
2.000000000000000000e+01 3.124450000000000273e+03
6.000000000000000000e+01 3.135700000000000273e+03
1.200000000000000000e+01 3.137849999999999909e+03
3.600000000000000000e+01 3.152599999999999909e+03
4.400000000000000000e+01 3.160900000000000091e+03
7.600000000000000000e+01 3.170250000000000000e+03
4.000000000000000000e+00 3.174200000000000273e+03
1.200000000000000000e+01 3.186050000000000182e+03
2.000000000000000000e+01 3.189200000000000273e+03
7.600000000000000000e+01 3.198550000000000182e+03
2.800000000000000000e+01 3.199900000000000091e+03
3.600000000000000000e+01 3.202700000000000273e+03
5.200000000000000000e+01 3.203500000000000000e+03
4.400000000000000000e+01 3.227750000000000000e+03
1.200000000000000000e+01 3.229500000000000000e+03
6.800000000000000000e+01 3.231750000000000000e+03
2.000000000000000000e+01 3.233000000000000000e+03
5.200000000000000000e+01 3.245000000000000000e+03
2.800000000000000000e+01 3.246900000000000091e+03
6.000000000000000000e+01 3.249099999999999909e+03
7.600000000000000000e+01 3.259250000000000000e+03
3.600000000000000000e+01 3.266250000000000000e+03
1.200000000000000000e+01 3.268250000000000000e+03
4.400000000000000000e+01 3.285050000000000182e+03
2.800000000000000000e+01 3.294849999999999909e+03
7.600000000000000000e+01 3.299950000000000273e+03
5.200000000000000000e+01 3.302750000000000000e+03
4.000000000000000000e+00 3.322250000000000000e+03
6.000000000000000000e+01 3.332250000000000000e+03
1.200000000000000000e+01 3.334000000000000000e+03
6.800000000000000000e+01 3.334750000000000000e+03
2.800000000000000000e+01 3.335950000000000273e+03
5.200000000000000000e+01 3.359150000000000091e+03
4.400000000000000000e+01 3.373750000000000000e+03
3.600000000000000000e+01 3.374150000000000091e+03
4.000000000000000000e+00 3.375750000000000000e+03
1.200000000000000000e+01 3.376750000000000000e+03
6.800000000000000000e+01 3.382250000000000000e+03
2.000000000000000000e+01 3.394650000000000091e+03
7.600000000000000000e+01 3.395250000000000000e+03
4.400000000000000000e+01 3.410950000000000273e+03
6.000000000000000000e+01 3.411500000000000000e+03
4.000000000000000000e+00 3.414550000000000182e+03
3.600000000000000000e+01 3.421250000000000000e+03
2.800000000000000000e+01 3.425400000000000091e+03
5.200000000000000000e+01 3.426200000000000273e+03
2.000000000000000000e+01 3.442450000000000273e+03
4.400000000000000000e+01 3.456650000000000091e+03
7.600000000000000000e+01 3.461550000000000182e+03
2.800000000000000000e+01 3.462849999999999909e+03
1.200000000000000000e+01 3.464800000000000182e+03
4.000000000000000000e+00 3.474400000000000091e+03
3.600000000000000000e+01 3.483849999999999909e+03
6.800000000000000000e+01 3.494950000000000273e+03
6.000000000000000000e+01 3.497450000000000273e+03
2.000000000000000000e+01 3.497550000000000182e+03
1.200000000000000000e+01 3.497900000000000091e+03
4.400000000000000000e+01 3.502849999999999909e+03
5.200000000000000000e+01 3.504650000000000091e+03
2.800000000000000000e+01 3.504750000000000000e+03
7.600000000000000000e+01 3.518650000000000091e+03
1.200000000000000000e+01 3.528500000000000000e+03
3.600000000000000000e+01 3.536650000000000091e+03
6.000000000000000000e+01 3.552550000000000182e+03
4.000000000000000000e+00 3.556650000000000091e+03
6.800000000000000000e+01 3.562250000000000000e+03
3.600000000000000000e+01 3.573500000000000000e+03
5.200000000000000000e+01 3.574800000000000182e+03
4.400000000000000000e+01 3.575800000000000182e+03
2.800000000000000000e+01 3.583150000000000091e+03
7.600000000000000000e+01 3.587349999999999909e+03
2.000000000000000000e+01 3.592650000000000091e+03
4.000000000000000000e+00 3.594099999999999909e+03
5.200000000000000000e+01 3.604150000000000091e+03
1.200000000000000000e+01 3.604400000000000091e+03
6.800000000000000000e+01 3.624650000000000091e+03
4.400000000000000000e+01 3.629500000000000000e+03
2.800000000000000000e+01 3.633750000000000000e+03
6.000000000000000000e+01 3.638250000000000000e+03
2.000000000000000000e+01 3.638450000000000273e+03
3.600000000000000000e+01 3.654250000000000000e+03
7.600000000000000000e+01 3.656750000000000000e+03
4.400000000000000000e+01 3.666800000000000182e+03
1.200000000000000000e+01 3.669849999999999909e+03
6.800000000000000000e+01 3.670500000000000000e+03
2.000000000000000000e+01 3.672900000000000091e+03
4.000000000000000000e+00 3.674900000000000091e+03
5.200000000000000000e+01 3.682300000000000182e+03
7.600000000000000000e+01 3.700300000000000182e+03
6.000000000000000000e+01 3.700849999999999909e+03
2.800000000000000000e+01 3.701150000000000091e+03
1.200000000000000000e+01 3.710050000000000182e+03
3.600000000000000000e+01 3.710050000000000182e+03
2.000000000000000000e+01 3.711599999999999909e+03
2.800000000000000000e+01 3.725900000000000091e+03
6.000000000000000000e+01 3.736900000000000091e+03
4.000000000000000000e+00 3.738200000000000273e+03
7.600000000000000000e+01 3.750900000000000091e+03
6.800000000000000000e+01 3.755849999999999909e+03
5.200000000000000000e+01 3.762599999999999909e+03
4.000000000000000000e+00 3.774950000000000273e+03
1.200000000000000000e+01 3.780950000000000273e+03
6.800000000000000000e+01 3.788750000000000000e+03
2.800000000000000000e+01 3.796000000000000000e+03
6.000000000000000000e+01 3.800349999999999909e+03
7.600000000000000000e+01 3.804500000000000000e+03
3.600000000000000000e+01 3.809349999999999909e+03
5.200000000000000000e+01 3.811000000000000000e+03
1.200000000000000000e+01 3.815000000000000000e+03
4.400000000000000000e+01 3.835500000000000000e+03
2.800000000000000000e+01 3.838800000000000182e+03
2.000000000000000000e+01 3.850250000000000000e+03
6.000000000000000000e+01 3.853950000000000273e+03
3.600000000000000000e+01 3.860400000000000091e+03
1.200000000000000000e+01 3.861599999999999909e+03
7.600000000000000000e+01 3.863900000000000091e+03
5.200000000000000000e+01 3.867300000000000182e+03
4.400000000000000000e+01 3.871400000000000091e+03
6.800000000000000000e+01 3.891150000000000091e+03
2.800000000000000000e+01 3.894700000000000273e+03
4.400000000000000000e+01 3.898099999999999909e+03
2.000000000000000000e+01 3.898349999999999909e+03
4.000000000000000000e+00 3.898900000000000091e+03
1.200000000000000000e+01 3.922450000000000273e+03
3.600000000000000000e+01 3.929400000000000091e+03
5.200000000000000000e+01 3.930250000000000000e+03
6.800000000000000000e+01 3.931300000000000182e+03
6.000000000000000000e+01 3.936450000000000273e+03
4.000000000000000000e+00 3.943300000000000182e+03
7.600000000000000000e+01 3.945550000000000182e+03
2.800000000000000000e+01 3.953950000000000273e+03
2.000000000000000000e+01 3.961400000000000091e+03
5.200000000000000000e+01 3.978400000000000091e+03
3.600000000000000000e+01 3.985050000000000182e+03
4.000000000000000000e+00 3.990200000000000273e+03
7.600000000000000000e+01 4.002050000000000182e+03
6.000000000000000000e+01 4.011400000000000091e+03
2.000000000000000000e+01 4.014950000000000273e+03
6.800000000000000000e+01 4.021400000000000091e+03
1.200000000000000000e+01 4.022050000000000182e+03
4.400000000000000000e+01 4.022200000000000273e+03
5.200000000000000000e+01 4.028400000000000091e+03
2.800000000000000000e+01 4.061550000000000182e+03
6.800000000000000000e+01 4.061550000000000182e+03
4.400000000000000000e+01 4.062849999999999909e+03
7.600000000000000000e+01 4.063050000000000182e+03
4.000000000000000000e+00 4.079700000000000273e+03
3.600000000000000000e+01 4.084000000000000000e+03
2.000000000000000000e+01 4.086500000000000000e+03
1.200000000000000000e+01 4.093849999999999909e+03
6.800000000000000000e+01 4.098449999999999818e+03
6.000000000000000000e+01 4.100600000000000364e+03
4.400000000000000000e+01 4.105600000000000364e+03
2.800000000000000000e+01 4.118649999999999636e+03
3.600000000000000000e+01 4.121300000000000182e+03
5.200000000000000000e+01 4.128300000000000182e+03
4.000000000000000000e+00 4.129600000000000364e+03
2.000000000000000000e+01 4.137550000000000182e+03
6.800000000000000000e+01 4.147649999999999636e+03
1.200000000000000000e+01 4.149850000000000364e+03
3.600000000000000000e+01 4.160149999999999636e+03
6.000000000000000000e+01 4.171199999999999818e+03
1.200000000000000000e+01 4.180250000000000000e+03
2.800000000000000000e+01 4.180800000000000182e+03
5.200000000000000000e+01 4.181500000000000000e+03
7.600000000000000000e+01 4.181850000000000364e+03
6.800000000000000000e+01 4.197949999999999818e+03
2.000000000000000000e+01 4.199600000000000364e+03
1.200000000000000000e+01 4.216399999999999636e+03
4.000000000000000000e+00 4.227199999999999818e+03
3.600000000000000000e+01 4.237449999999999818e+03
7.600000000000000000e+01 4.243649999999999636e+03
2.000000000000000000e+01 4.255949999999999818e+03
4.400000000000000000e+01 4.257750000000000000e+03
6.000000000000000000e+01 4.258300000000000182e+03
2.800000000000000000e+01 4.265500000000000000e+03
5.200000000000000000e+01 4.282449999999999818e+03
4.000000000000000000e+00 4.283000000000000000e+03
6.000000000000000000e+01 4.292000000000000000e+03
6.800000000000000000e+01 4.311000000000000000e+03
2.000000000000000000e+01 4.313699999999999818e+03
2.800000000000000000e+01 4.317300000000000182e+03
7.600000000000000000e+01 4.317600000000000364e+03
1.200000000000000000e+01 4.323750000000000000e+03
3.600000000000000000e+01 4.330600000000000364e+03
5.200000000000000000e+01 4.343149999999999636e+03
4.000000000000000000e+00 4.345600000000000364e+03
6.000000000000000000e+01 4.357699999999999818e+03
2.000000000000000000e+01 4.358800000000000182e+03
2.800000000000000000e+01 4.362199999999999818e+03
1.200000000000000000e+01 4.370800000000000182e+03
5.200000000000000000e+01 4.371100000000000364e+03
6.800000000000000000e+01 4.375800000000000182e+03
7.600000000000000000e+01 4.376400000000000546e+03
2.000000000000000000e+01 4.389900000000000546e+03
4.400000000000000000e+01 4.391449999999999818e+03
2.800000000000000000e+01 4.396350000000000364e+03
4.000000000000000000e+00 4.401000000000000000e+03
6.000000000000000000e+01 4.403449999999999818e+03
3.600000000000000000e+01 4.422100000000000364e+03
6.800000000000000000e+01 4.429050000000000182e+03
2.800000000000000000e+01 4.430949999999999818e+03
7.600000000000000000e+01 4.431650000000000546e+03
5.200000000000000000e+01 4.439350000000000364e+03
2.000000000000000000e+01 4.441250000000000000e+03
6.000000000000000000e+01 4.442400000000000546e+03
4.000000000000000000e+00 4.454449999999999818e+03
7.600000000000000000e+01 4.469550000000000182e+03
5.200000000000000000e+01 4.473199999999999818e+03
4.400000000000000000e+01 4.474449999999999818e+03
1.200000000000000000e+01 4.480000000000000000e+03
3.600000000000000000e+01 4.484250000000000000e+03
6.800000000000000000e+01 4.486400000000000546e+03
2.000000000000000000e+01 4.492350000000000364e+03
2.800000000000000000e+01 4.500449999999999818e+03
6.000000000000000000e+01 4.505600000000000364e+03
4.400000000000000000e+01 4.518199999999999818e+03
7.600000000000000000e+01 4.532600000000000364e+03
4.000000000000000000e+00 4.533000000000000000e+03
5.200000000000000000e+01 4.536250000000000000e+03
3.600000000000000000e+01 4.540000000000000000e+03
1.200000000000000000e+01 4.551650000000000546e+03
6.000000000000000000e+01 4.561400000000000546e+03
6.800000000000000000e+01 4.566300000000000182e+03
4.000000000000000000e+00 4.567400000000000546e+03
2.800000000000000000e+01 4.567900000000000546e+03
3.600000000000000000e+01 4.574600000000000364e+03
2.000000000000000000e+01 4.577150000000000546e+03
7.600000000000000000e+01 4.588500000000000000e+03
5.200000000000000000e+01 4.588650000000000546e+03
1.200000000000000000e+01 4.596750000000000000e+03
4.400000000000000000e+01 4.601150000000000546e+03
6.800000000000000000e+01 4.605800000000000182e+03
2.800000000000000000e+01 4.607699999999999818e+03
3.600000000000000000e+01 4.616900000000000546e+03
2.000000000000000000e+01 4.617150000000000546e+03
4.000000000000000000e+00 4.622199999999999818e+03
6.000000000000000000e+01 4.633500000000000000e+03
1.200000000000000000e+01 4.656100000000000364e+03
2.800000000000000000e+01 4.666600000000000364e+03
3.600000000000000000e+01 4.672350000000000364e+03
6.000000000000000000e+01 4.687750000000000000e+03
1.200000000000000000e+01 4.687850000000000364e+03
4.000000000000000000e+00 4.688100000000000364e+03
4.400000000000000000e+01 4.689150000000000546e+03
7.600000000000000000e+01 4.691750000000000000e+03
6.800000000000000000e+01 4.692000000000000000e+03
2.000000000000000000e+01 4.692100000000000364e+03
5.200000000000000000e+01 4.692850000000000364e+03
2.800000000000000000e+01 4.718199999999999818e+03
1.200000000000000000e+01 4.728300000000000182e+03
6.800000000000000000e+01 4.735350000000000364e+03
2.000000000000000000e+01 4.735550000000000182e+03
6.000000000000000000e+01 4.738699999999999818e+03
3.600000000000000000e+01 4.749000000000000000e+03
2.800000000000000000e+01 4.755850000000000364e+03
5.200000000000000000e+01 4.762000000000000000e+03
4.400000000000000000e+01 4.763900000000000546e+03
4.000000000000000000e+00 4.774600000000000364e+03
2.000000000000000000e+01 4.778400000000000546e+03
7.600000000000000000e+01 4.784650000000000546e+03
5.200000000000000000e+01 4.788949999999999818e+03
1.200000000000000000e+01 4.789900000000000546e+03
6.800000000000000000e+01 4.791400000000000546e+03
3.600000000000000000e+01 4.792100000000000364e+03
4.400000000000000000e+01 4.806199999999999818e+03
2.800000000000000000e+01 4.806350000000000364e+03
1.200000000000000000e+01 4.825199999999999818e+03
2.800000000000000000e+01 4.838750000000000000e+03
3.600000000000000000e+01 4.839850000000000364e+03
6.000000000000000000e+01 4.843699999999999818e+03
2.000000000000000000e+01 4.848150000000000546e+03
7.600000000000000000e+01 4.856100000000000364e+03
6.800000000000000000e+01 4.857750000000000000e+03
4.000000000000000000e+00 4.864850000000000364e+03
1.200000000000000000e+01 4.881650000000000546e+03
6.000000000000000000e+01 4.882500000000000000e+03
4.400000000000000000e+01 4.888900000000000546e+03
2.800000000000000000e+01 4.889800000000000182e+03
5.200000000000000000e+01 4.893100000000000364e+03
3.600000000000000000e+01 4.901500000000000000e+03
6.800000000000000000e+01 4.907600000000000364e+03
2.000000000000000000e+01 4.918750000000000000e+03
4.000000000000000000e+00 4.921000000000000000e+03
1.200000000000000000e+01 4.928199999999999818e+03
4.400000000000000000e+01 4.928600000000000364e+03
5.200000000000000000e+01 4.930699999999999818e+03
2.800000000000000000e+01 4.941150000000000546e+03
6.000000000000000000e+01 4.945800000000000182e+03
3.600000000000000000e+01 4.955800000000000182e+03
7.600000000000000000e+01 4.956100000000000364e+03
1.200000000000000000e+01 4.958449999999999818e+03
6.800000000000000000e+01 4.958449999999999818e+03
2.000000000000000000e+01 4.960250000000000000e+03
4.000000000000000000e+00 4.962850000000000364e+03
4.400000000000000000e+01 4.962949999999999818e+03
2.800000000000000000e+01 4.965750000000000000e+03
5.200000000000000000e+01 4.970850000000000364e+03
6.000000000000000000e+01 4.971100000000000364e+03
2.000000000000000000e+01 4.992350000000000364e+03
2.800000000000000000e+01 5.004550000000000182e+03
4.000000000000000000e+00 5.005850000000000364e+03
6.800000000000000000e+01 5.014550000000000182e+03
4.400000000000000000e+01 5.027100000000000364e+03
1.200000000000000000e+01 5.029600000000000364e+03
7.600000000000000000e+01 5.031600000000000364e+03
5.200000000000000000e+01 5.033300000000000182e+03
3.600000000000000000e+01 5.036199999999999818e+03
6.000000000000000000e+01 5.041600000000000364e+03
2.000000000000000000e+01 5.041900000000000546e+03
4.000000000000000000e+00 5.049500000000000000e+03
6.800000000000000000e+01 5.051900000000000546e+03
2.800000000000000000e+01 5.053449999999999818e+03
5.200000000000000000e+01 5.065750000000000000e+03
4.000000000000000000e+00 5.079350000000000364e+03
2.000000000000000000e+01 5.083000000000000000e+03
1.200000000000000000e+01 5.085850000000000364e+03
6.000000000000000000e+01 5.092100000000000364e+03
7.600000000000000000e+01 5.092100000000000364e+03
3.600000000000000000e+01 5.093750000000000000e+03
2.800000000000000000e+01 5.105199999999999818e+03
6.800000000000000000e+01 5.107550000000000182e+03
5.200000000000000000e+01 5.116949999999999818e+03
2.000000000000000000e+01 5.125699999999999818e+03
3.600000000000000000e+01 5.125750000000000000e+03
4.000000000000000000e+00 5.134550000000000182e+03
4.400000000000000000e+01 5.136199999999999818e+03
7.600000000000000000e+01 5.136900000000000546e+03
5.200000000000000000e+01 5.144449999999999818e+03
2.800000000000000000e+01 5.146250000000000000e+03
1.200000000000000000e+01 5.152150000000000546e+03
2.000000000000000000e+01 5.165850000000000364e+03
5.200000000000000000e+01 5.173100000000000364e+03
6.800000000000000000e+01 5.175500000000000000e+03
2.800000000000000000e+01 5.178949999999999818e+03
7.600000000000000000e+01 5.179600000000000364e+03
6.000000000000000000e+01 5.181350000000000364e+03
1.200000000000000000e+01 5.182850000000000364e+03
3.600000000000000000e+01 5.196699999999999818e+03
2.000000000000000000e+01 5.217150000000000546e+03
2.800000000000000000e+01 5.222699999999999818e+03
4.400000000000000000e+01 5.223000000000000000e+03
5.200000000000000000e+01 5.224600000000000364e+03
6.000000000000000000e+01 5.229000000000000000e+03
6.800000000000000000e+01 5.233850000000000364e+03
1.200000000000000000e+01 5.235300000000000182e+03
3.600000000000000000e+01 5.237650000000000546e+03
4.000000000000000000e+00 5.251350000000000364e+03
5.200000000000000000e+01 5.266100000000000364e+03
6.000000000000000000e+01 5.266300000000000182e+03
4.400000000000000000e+01 5.276949999999999818e+03
7.600000000000000000e+01 5.278949999999999818e+03
2.800000000000000000e+01 5.280650000000000546e+03
2.000000000000000000e+01 5.281449999999999818e+03
6.800000000000000000e+01 5.283600000000000364e+03
3.600000000000000000e+01 5.300150000000000546e+03
1.200000000000000000e+01 5.303250000000000000e+03
2.000000000000000000e+01 5.313150000000000546e+03
5.200000000000000000e+01 5.314000000000000000e+03
6.000000000000000000e+01 5.333500000000000000e+03
3.600000000000000000e+01 5.336300000000000182e+03
4.400000000000000000e+01 5.337000000000000000e+03
2.800000000000000000e+01 5.337750000000000000e+03
4.000000000000000000e+00 5.345300000000000182e+03
6.800000000000000000e+01 5.345550000000000182e+03
5.200000000000000000e+01 5.352949999999999818e+03
2.000000000000000000e+01 5.353300000000000182e+03
4.400000000000000000e+01 5.381300000000000182e+03
2.800000000000000000e+01 5.382650000000000546e+03
1.200000000000000000e+01 5.385650000000000546e+03
4.000000000000000000e+00 5.386199999999999818e+03
6.000000000000000000e+01 5.398550000000000182e+03
2.000000000000000000e+01 5.403449999999999818e+03
7.600000000000000000e+01 5.404400000000000546e+03
5.200000000000000000e+01 5.405800000000000182e+03
1.200000000000000000e+01 5.416000000000000000e+03
4.400000000000000000e+01 5.420350000000000364e+03
6.800000000000000000e+01 5.425699999999999818e+03
3.600000000000000000e+01 5.426850000000000364e+03
2.800000000000000000e+01 5.427400000000000546e+03
4.000000000000000000e+00 5.430699999999999818e+03
7.600000000000000000e+01 5.435300000000000182e+03
2.000000000000000000e+01 5.441250000000000000e+03
4.400000000000000000e+01 5.454949999999999818e+03
1.200000000000000000e+01 5.463400000000000546e+03
6.800000000000000000e+01 5.464900000000000546e+03
2.800000000000000000e+01 5.466350000000000364e+03
4.000000000000000000e+00 5.468500000000000000e+03
2.000000000000000000e+01 5.470300000000000182e+03
5.200000000000000000e+01 5.474350000000000364e+03
6.000000000000000000e+01 5.478800000000000182e+03
7.600000000000000000e+01 5.481100000000000364e+03
3.600000000000000000e+01 5.483949999999999818e+03
4.400000000000000000e+01 5.494300000000000182e+03
2.800000000000000000e+01 5.506850000000000364e+03
6.800000000000000000e+01 5.506850000000000364e+03
4.000000000000000000e+00 5.508300000000000182e+03
3.600000000000000000e+01 5.517949999999999818e+03
7.600000000000000000e+01 5.520400000000000546e+03
6.000000000000000000e+01 5.522350000000000364e+03
5.200000000000000000e+01 5.523199999999999818e+03
1.200000000000000000e+01 5.526949999999999818e+03
4.400000000000000000e+01 5.533300000000000182e+03
2.000000000000000000e+01 5.539250000000000000e+03
2.800000000000000000e+01 5.539949999999999818e+03
7.600000000000000000e+01 5.560750000000000000e+03
6.800000000000000000e+01 5.562350000000000364e+03
4.400000000000000000e+01 5.563449999999999818e+03
6.000000000000000000e+01 5.565600000000000364e+03
5.200000000000000000e+01 5.569250000000000000e+03
1.200000000000000000e+01 5.571500000000000000e+03
3.600000000000000000e+01 5.575150000000000546e+03
4.000000000000000000e+00 5.584400000000000546e+03
2.000000000000000000e+01 5.589449999999999818e+03
7.600000000000000000e+01 5.602449999999999818e+03
6.000000000000000000e+01 5.603500000000000000e+03
2.800000000000000000e+01 5.606400000000000546e+03
4.400000000000000000e+01 5.611900000000000546e+03
6.800000000000000000e+01 5.612400000000000546e+03
3.600000000000000000e+01 5.616350000000000364e+03
2.000000000000000000e+01 5.624850000000000364e+03
7.600000000000000000e+01 5.631350000000000364e+03
5.200000000000000000e+01 5.631699999999999818e+03
6.800000000000000000e+01 5.643900000000000546e+03
2.800000000000000000e+01 5.648949999999999818e+03
1.200000000000000000e+01 5.656699999999999818e+03
4.000000000000000000e+00 5.657050000000000182e+03
2.000000000000000000e+01 5.657100000000000364e+03
4.400000000000000000e+01 5.662400000000000546e+03
5.200000000000000000e+01 5.664699999999999818e+03
3.600000000000000000e+01 5.667600000000000364e+03
7.600000000000000000e+01 5.684900000000000546e+03
5.200000000000000000e+01 5.697850000000000364e+03
4.400000000000000000e+01 5.698500000000000000e+03
6.000000000000000000e+01 5.699300000000000182e+03
2.800000000000000000e+01 5.699750000000000000e+03
2.000000000000000000e+01 5.707650000000000546e+03
7.600000000000000000e+01 5.713400000000000546e+03
4.000000000000000000e+00 5.713850000000000364e+03
1.200000000000000000e+01 5.720800000000000182e+03
3.600000000000000000e+01 5.720949999999999818e+03
6.800000000000000000e+01 5.721150000000000546e+03
2.800000000000000000e+01 5.738699999999999818e+03
2.000000000000000000e+01 5.743100000000000364e+03
5.200000000000000000e+01 5.745650000000000546e+03
4.400000000000000000e+01 5.747100000000000364e+03
3.600000000000000000e+01 5.751600000000000364e+03
6.800000000000000000e+01 5.755199999999999818e+03
4.000000000000000000e+00 5.758900000000000546e+03
7.600000000000000000e+01 5.763199999999999818e+03
2.800000000000000000e+01 5.776850000000000364e+03
5.200000000000000000e+01 5.777650000000000546e+03
3.600000000000000000e+01 5.784800000000000182e+03
1.200000000000000000e+01 5.785300000000000182e+03
4.400000000000000000e+01 5.785750000000000000e+03
6.800000000000000000e+01 5.793949999999999818e+03
6.000000000000000000e+01 5.796100000000000364e+03
2.000000000000000000e+01 5.800699999999999818e+03
7.600000000000000000e+01 5.803850000000000364e+03
4.000000000000000000e+00 5.804100000000000364e+03
5.200000000000000000e+01 5.807199999999999818e+03
1.200000000000000000e+01 5.825699999999999818e+03
6.800000000000000000e+01 5.836500000000000000e+03
6.000000000000000000e+01 5.836900000000000546e+03
2.800000000000000000e+01 5.837100000000000364e+03
7.600000000000000000e+01 5.837699999999999818e+03
4.400000000000000000e+01 5.837850000000000364e+03
3.600000000000000000e+01 5.838750000000000000e+03
5.200000000000000000e+01 5.859199999999999818e+03
1.200000000000000000e+01 5.867350000000000364e+03
2.000000000000000000e+01 5.869150000000000546e+03
7.600000000000000000e+01 5.873550000000000182e+03
4.000000000000000000e+00 5.874250000000000000e+03
6.000000000000000000e+01 5.876250000000000000e+03
3.600000000000000000e+01 5.877300000000000182e+03
4.400000000000000000e+01 5.878250000000000000e+03
5.200000000000000000e+01 5.879850000000000364e+03
6.800000000000000000e+01 5.881850000000000364e+03
2.800000000000000000e+01 5.882250000000000000e+03
4.000000000000000000e+00 5.913750000000000000e+03
6.000000000000000000e+01 5.915449999999999818e+03
5.200000000000000000e+01 5.916400000000000546e+03
2.800000000000000000e+01 5.926550000000000182e+03
7.600000000000000000e+01 5.929750000000000000e+03
1.200000000000000000e+01 5.932900000000000546e+03
6.800000000000000000e+01 5.933650000000000546e+03
2.000000000000000000e+01 5.937650000000000546e+03
5.200000000000000000e+01 5.940400000000000546e+03
4.400000000000000000e+01 5.943650000000000546e+03
6.000000000000000000e+01 5.947500000000000000e+03
3.600000000000000000e+01 5.962949999999999818e+03
2.800000000000000000e+01 5.967900000000000546e+03
5.200000000000000000e+01 5.971650000000000546e+03
6.800000000000000000e+01 5.979199999999999818e+03
1.200000000000000000e+01 5.979750000000000000e+03
4.000000000000000000e+00 5.980300000000000182e+03
4.400000000000000000e+01 5.995500000000000000e+03
7.600000000000000000e+01 5.996850000000000364e+03
6.000000000000000000e+01 5.997800000000000182e+03
5.200000000000000000e+01 6.006300000000000182e+03
3.600000000000000000e+01 6.007350000000000364e+03
4.000000000000000000e+00 6.017000000000000000e+03
1.200000000000000000e+01 6.018100000000000364e+03
2.000000000000000000e+01 6.021850000000000364e+03
2.800000000000000000e+01 6.027449999999999818e+03
6.800000000000000000e+01 6.028650000000000546e+03
6.000000000000000000e+01 6.032199999999999818e+03
5.200000000000000000e+01 6.039100000000000364e+03
7.600000000000000000e+01 6.041949999999999818e+03
4.400000000000000000e+01 6.043300000000000182e+03
1.200000000000000000e+01 6.045800000000000182e+03
3.600000000000000000e+01 6.053050000000000182e+03
2.800000000000000000e+01 6.054449999999999818e+03
2.000000000000000000e+01 6.056850000000000364e+03
6.000000000000000000e+01 6.067449999999999818e+03
7.600000000000000000e+01 6.073449999999999818e+03
4.000000000000000000e+00 6.082800000000000182e+03
6.800000000000000000e+01 6.083250000000000000e+03
1.200000000000000000e+01 6.084699999999999818e+03
3.600000000000000000e+01 6.086800000000000182e+03
5.200000000000000000e+01 6.087449999999999818e+03
2.000000000000000000e+01 6.089949999999999818e+03
4.400000000000000000e+01 6.101000000000000000e+03
2.800000000000000000e+01 6.104199999999999818e+03
6.000000000000000000e+01 6.108949999999999818e+03
6.800000000000000000e+01 6.123699999999999818e+03
4.400000000000000000e+01 6.125199999999999818e+03
2.000000000000000000e+01 6.128000000000000000e+03
4.000000000000000000e+00 6.131850000000000364e+03
7.600000000000000000e+01 6.138500000000000000e+03
1.200000000000000000e+01 6.139750000000000000e+03
6.000000000000000000e+01 6.140550000000000182e+03
2.800000000000000000e+01 6.144800000000000182e+03
3.600000000000000000e+01 6.149850000000000364e+03
5.200000000000000000e+01 6.151600000000000364e+03
6.800000000000000000e+01 6.152300000000000182e+03
2.000000000000000000e+01 6.156600000000000364e+03
4.400000000000000000e+01 6.159250000000000000e+03
7.600000000000000000e+01 6.165850000000000364e+03
6.000000000000000000e+01 6.173449999999999818e+03
4.000000000000000000e+00 6.173750000000000000e+03
2.000000000000000000e+01 6.181050000000000182e+03
5.200000000000000000e+01 6.181699999999999818e+03
1.200000000000000000e+01 6.184199999999999818e+03
3.600000000000000000e+01 6.190650000000000546e+03
4.400000000000000000e+01 6.190900000000000546e+03
6.800000000000000000e+01 6.196250000000000000e+03
2.800000000000000000e+01 6.200900000000000546e+03
7.600000000000000000e+01 6.206000000000000000e+03
4.000000000000000000e+00 6.214350000000000364e+03
2.000000000000000000e+01 6.217050000000000182e+03
5.200000000000000000e+01 6.220050000000000182e+03
3.600000000000000000e+01 6.226449999999999818e+03
1.200000000000000000e+01 6.231199999999999818e+03
6.000000000000000000e+01 6.231400000000000546e+03
4.400000000000000000e+01 6.235400000000000546e+03
6.800000000000000000e+01 6.236900000000000546e+03
7.600000000000000000e+01 6.246550000000000182e+03
2.800000000000000000e+01 6.256550000000000182e+03
4.000000000000000000e+00 6.264600000000000364e+03
3.600000000000000000e+01 6.267150000000000546e+03
5.200000000000000000e+01 6.267550000000000182e+03
6.000000000000000000e+01 6.268000000000000000e+03
4.400000000000000000e+01 6.277400000000000546e+03
2.000000000000000000e+01 6.279750000000000000e+03
6.800000000000000000e+01 6.280500000000000000e+03
7.600000000000000000e+01 6.283400000000000546e+03
1.200000000000000000e+01 6.285300000000000182e+03
5.200000000000000000e+01 6.293100000000000364e+03
6.000000000000000000e+01 6.309100000000000364e+03
3.600000000000000000e+01 6.311300000000000182e+03
1.200000000000000000e+01 6.313650000000000546e+03
6.800000000000000000e+01 6.315100000000000364e+03
2.000000000000000000e+01 6.316000000000000000e+03
4.000000000000000000e+00 6.320550000000000182e+03
7.600000000000000000e+01 6.321750000000000000e+03
2.800000000000000000e+01 6.325750000000000000e+03
4.400000000000000000e+01 6.334400000000000546e+03
1.200000000000000000e+01 6.345400000000000546e+03
6.800000000000000000e+01 6.345750000000000000e+03
3.600000000000000000e+01 6.351199999999999818e+03
2.000000000000000000e+01 6.351300000000000182e+03
5.200000000000000000e+01 6.356800000000000182e+03
6.000000000000000000e+01 6.363949999999999818e+03
2.800000000000000000e+01 6.371500000000000000e+03
4.000000000000000000e+00 6.371650000000000546e+03
4.400000000000000000e+01 6.386600000000000364e+03
5.200000000000000000e+01 6.386600000000000364e+03
1.200000000000000000e+01 6.387650000000000546e+03
6.800000000000000000e+01 6.389949999999999818e+03
3.600000000000000000e+01 6.393949999999999818e+03
2.000000000000000000e+01 6.399250000000000000e+03
4.000000000000000000e+00 6.400000000000000000e+03
2.800000000000000000e+01 6.400699999999999818e+03
7.600000000000000000e+01 6.405300000000000182e+03
6.000000000000000000e+01 6.411600000000000364e+03
6.800000000000000000e+01 6.416550000000000182e+03
4.400000000000000000e+01 6.423800000000000182e+03
4.000000000000000000e+00 6.427250000000000000e+03
1.200000000000000000e+01 6.428300000000000182e+03
5.200000000000000000e+01 6.435400000000000546e+03
2.000000000000000000e+01 6.442400000000000546e+03
7.600000000000000000e+01 6.443050000000000182e+03
3.600000000000000000e+01 6.446350000000000364e+03
2.800000000000000000e+01 6.446600000000000364e+03
6.000000000000000000e+01 6.447000000000000000e+03
4.400000000000000000e+01 6.453449999999999818e+03
6.800000000000000000e+01 6.464900000000000546e+03
1.200000000000000000e+01 6.478350000000000364e+03
2.000000000000000000e+01 6.493050000000000182e+03
5.200000000000000000e+01 6.494600000000000364e+03
7.600000000000000000e+01 6.497400000000000546e+03
4.000000000000000000e+00 6.498050000000000182e+03
2.800000000000000000e+01 6.498650000000000546e+03
6.800000000000000000e+01 6.498750000000000000e+03
3.600000000000000000e+01 6.499699999999999818e+03
6.000000000000000000e+01 6.510750000000000000e+03
4.400000000000000000e+01 6.520250000000000000e+03
4.000000000000000000e+00 6.520400000000000546e+03
2.800000000000000000e+01 6.521150000000000546e+03
2.000000000000000000e+01 6.531600000000000364e+03
1.200000000000000000e+01 6.534300000000000182e+03
6.800000000000000000e+01 6.545900000000000546e+03
5.200000000000000000e+01 6.550600000000000364e+03
2.800000000000000000e+01 6.551600000000000364e+03
3.600000000000000000e+01 6.556000000000000000e+03
6.000000000000000000e+01 6.560949999999999818e+03
4.400000000000000000e+01 6.565699999999999818e+03
7.600000000000000000e+01 6.566650000000000546e+03
4.000000000000000000e+00 6.567550000000000182e+03
2.000000000000000000e+01 6.572000000000000000e+03
1.200000000000000000e+01 6.581300000000000182e+03
5.200000000000000000e+01 6.581500000000000000e+03
3.600000000000000000e+01 6.598750000000000000e+03
2.800000000000000000e+01 6.599949999999999818e+03
6.000000000000000000e+01 6.603449999999999818e+03
1.200000000000000000e+01 6.610800000000000182e+03
2.000000000000000000e+01 6.611949999999999818e+03
4.000000000000000000e+00 6.612050000000000182e+03
7.600000000000000000e+01 6.612949999999999818e+03
4.400000000000000000e+01 6.613600000000000364e+03
5.200000000000000000e+01 6.614250000000000000e+03
6.800000000000000000e+01 6.630900000000000546e+03
3.600000000000000000e+01 6.631750000000000000e+03
2.000000000000000000e+01 6.643350000000000364e+03
6.000000000000000000e+01 6.646300000000000182e+03
1.200000000000000000e+01 6.649150000000000546e+03
4.000000000000000000e+00 6.651050000000000182e+03
6.800000000000000000e+01 6.658699999999999818e+03
5.200000000000000000e+01 6.664300000000000182e+03
7.600000000000000000e+01 6.665350000000000364e+03
2.800000000000000000e+01 6.667800000000000182e+03
3.600000000000000000e+01 6.670650000000000546e+03
6.000000000000000000e+01 6.676850000000000364e+03
2.000000000000000000e+01 6.682050000000000182e+03
4.400000000000000000e+01 6.683550000000000182e+03
4.000000000000000000e+00 6.689850000000000364e+03
1.200000000000000000e+01 6.692750000000000000e+03
6.800000000000000000e+01 6.698449999999999818e+03
2.800000000000000000e+01 6.704550000000000182e+03
5.200000000000000000e+01 6.718449999999999818e+03
4.400000000000000000e+01 6.718800000000000182e+03
3.600000000000000000e+01 6.719100000000000364e+03
7.600000000000000000e+01 6.725250000000000000e+03
6.000000000000000000e+01 6.729350000000000364e+03
4.000000000000000000e+00 6.732150000000000546e+03
1.200000000000000000e+01 6.735050000000000182e+03
2.000000000000000000e+01 6.736300000000000182e+03
2.800000000000000000e+01 6.736250000000000000e+03
4.400000000000000000e+01 6.752850000000000364e+03
3.600000000000000000e+01 6.753350000000000364e+03
6.800000000000000000e+01 6.754150000000000546e+03
5.200000000000000000e+01 6.758600000000000364e+03
7.600000000000000000e+01 6.763150000000000546e+03
2.800000000000000000e+01 6.765000000000000000e+03
2.000000000000000000e+01 6.774300000000000182e+03
4.000000000000000000e+00 6.774900000000000546e+03
1.200000000000000000e+01 6.776900000000000546e+03
6.000000000000000000e+01 6.785500000000000000e+03
3.600000000000000000e+01 6.786050000000000182e+03
2.800000000000000000e+01 6.791150000000000546e+03
7.600000000000000000e+01 6.800199999999999818e+03
4.400000000000000000e+01 6.802949999999999818e+03
6.800000000000000000e+01 6.806050000000000182e+03
1.200000000000000000e+01 6.812600000000000364e+03
2.000000000000000000e+01 6.814300000000000182e+03
4.000000000000000000e+00 6.824449999999999818e+03
5.200000000000000000e+01 6.829050000000000182e+03
2.800000000000000000e+01 6.831000000000000000e+03
4.400000000000000000e+01 6.833550000000000182e+03
7.600000000000000000e+01 6.837199999999999818e+03
6.000000000000000000e+01 6.841300000000000182e+03
3.600000000000000000e+01 6.850050000000000182e+03
4.000000000000000000e+00 6.852550000000000182e+03
1.200000000000000000e+01 6.860500000000000000e+03
6.800000000000000000e+01 6.867350000000000364e+03
2.800000000000000000e+01 6.880699999999999818e+03
5.200000000000000000e+01 6.885949999999999818e+03
7.600000000000000000e+01 6.888050000000000182e+03
4.400000000000000000e+01 6.889300000000000182e+03
4.000000000000000000e+00 6.889350000000000364e+03
6.000000000000000000e+01 6.891050000000000182e+03
2.000000000000000000e+01 6.891199999999999818e+03
6.800000000000000000e+01 6.898699999999999818e+03
1.200000000000000000e+01 6.899050000000000182e+03
3.600000000000000000e+01 6.901300000000000182e+03
5.200000000000000000e+01 6.907949999999999818e+03
2.800000000000000000e+01 6.921350000000000364e+03
7.600000000000000000e+01 6.927800000000000182e+03
2.000000000000000000e+01 6.928100000000000364e+03
6.000000000000000000e+01 6.930750000000000000e+03
4.000000000000000000e+00 6.933000000000000000e+03
5.200000000000000000e+01 6.934050000000000182e+03
1.200000000000000000e+01 6.940300000000000182e+03
4.400000000000000000e+01 6.940699999999999818e+03
6.800000000000000000e+01 6.948449999999999818e+03
3.600000000000000000e+01 6.959650000000000546e+03
7.600000000000000000e+01 6.963150000000000546e+03
2.800000000000000000e+01 6.967400000000000546e+03
5.200000000000000000e+01 6.970949999999999818e+03
6.800000000000000000e+01 6.977650000000000546e+03
4.000000000000000000e+00 6.981100000000000364e+03
3.600000000000000000e+01 6.993350000000000364e+03
2.000000000000000000e+01 6.994150000000000546e+03
7.600000000000000000e+01 6.996850000000000364e+03
6.000000000000000000e+01 7.002350000000000364e+03
1.200000000000000000e+01 7.003300000000000182e+03
2.800000000000000000e+01 7.003600000000000364e+03
5.200000000000000000e+01 7.005000000000000000e+03
4.000000000000000000e+00 7.012550000000000182e+03
6.800000000000000000e+01 7.016949999999999818e+03
4.400000000000000000e+01 7.024650000000000546e+03
7.600000000000000000e+01 7.028949999999999818e+03
2.000000000000000000e+01 7.032250000000000000e+03
2.800000000000000000e+01 7.032650000000000546e+03
1.200000000000000000e+01 7.035550000000000182e+03
5.200000000000000000e+01 7.036900000000000546e+03
4.000000000000000000e+00 7.044650000000000546e+03
4.400000000000000000e+01 7.059300000000000182e+03
6.000000000000000000e+01 7.062850000000000364e+03
2.800000000000000000e+01 7.064300000000000182e+03
2.000000000000000000e+01 7.068750000000000000e+03
1.200000000000000000e+01 7.069300000000000182e+03
5.200000000000000000e+01 7.074199999999999818e+03
6.800000000000000000e+01 7.075750000000000000e+03
3.600000000000000000e+01 7.083199999999999818e+03
7.600000000000000000e+01 7.087550000000000182e+03
4.400000000000000000e+01 7.092199999999999818e+03
4.000000000000000000e+00 7.095050000000000182e+03
6.000000000000000000e+01 7.100500000000000000e+03
2.800000000000000000e+01 7.104150000000000546e+03
2.000000000000000000e+01 7.114949999999999818e+03
6.800000000000000000e+01 7.116300000000000182e+03
3.600000000000000000e+01 7.119600000000000364e+03
1.200000000000000000e+01 7.123650000000000546e+03
4.000000000000000000e+00 7.134300000000000182e+03
7.600000000000000000e+01 7.137050000000000182e+03
4.400000000000000000e+01 7.139550000000000182e+03
2.800000000000000000e+01 7.140000000000000000e+03
5.200000000000000000e+01 7.139949999999999818e+03
6.000000000000000000e+01 7.140400000000000546e+03
6.800000000000000000e+01 7.156500000000000000e+03
1.200000000000000000e+01 7.159300000000000182e+03
2.000000000000000000e+01 7.162750000000000000e+03
3.600000000000000000e+01 7.163050000000000182e+03
2.800000000000000000e+01 7.167550000000000182e+03
4.000000000000000000e+00 7.171199999999999818e+03
7.600000000000000000e+01 7.180750000000000000e+03
5.200000000000000000e+01 7.181000000000000000e+03
4.400000000000000000e+01 7.182400000000000546e+03
6.000000000000000000e+01 7.186900000000000546e+03
6.800000000000000000e+01 7.192900000000000546e+03
1.200000000000000000e+01 7.195150000000000546e+03
4.000000000000000000e+00 7.209650000000000546e+03
4.400000000000000000e+01 7.211000000000000000e+03
2.000000000000000000e+01 7.211250000000000000e+03
7.600000000000000000e+01 7.213500000000000000e+03
5.200000000000000000e+01 7.214050000000000182e+03
6.000000000000000000e+01 7.221250000000000000e+03
2.800000000000000000e+01 7.231449999999999818e+03
6.800000000000000000e+01 7.233350000000000364e+03
3.600000000000000000e+01 7.240250000000000000e+03
5.200000000000000000e+01 7.248949999999999818e+03
4.400000000000000000e+01 7.250650000000000546e+03
7.600000000000000000e+01 7.252250000000000000e+03
2.000000000000000000e+01 7.257350000000000364e+03
4.000000000000000000e+00 7.258199999999999818e+03
2.800000000000000000e+01 7.258199999999999818e+03
6.000000000000000000e+01 7.268199999999999818e+03
1.200000000000000000e+01 7.270400000000000546e+03
5.200000000000000000e+01 7.283449999999999818e+03
6.800000000000000000e+01 7.288050000000000182e+03
4.400000000000000000e+01 7.290900000000000546e+03
7.600000000000000000e+01 7.293650000000000546e+03
3.600000000000000000e+01 7.297350000000000364e+03
4.000000000000000000e+00 7.301800000000000182e+03
2.800000000000000000e+01 7.303350000000000364e+03
6.000000000000000000e+01 7.308699999999999818e+03
1.200000000000000000e+01 7.310850000000000364e+03
2.000000000000000000e+01 7.316300000000000182e+03
5.200000000000000000e+01 7.317850000000000364e+03
2.800000000000000000e+01 7.329949999999999818e+03
6.800000000000000000e+01 7.330449999999999818e+03
4.400000000000000000e+01 7.332250000000000000e+03
3.600000000000000000e+01 7.338750000000000000e+03
6.000000000000000000e+01 7.339250000000000000e+03
7.600000000000000000e+01 7.340550000000000182e+03
1.200000000000000000e+01 7.347449999999999818e+03
4.000000000000000000e+00 7.354000000000000000e+03
2.000000000000000000e+01 7.357750000000000000e+03
6.800000000000000000e+01 7.358800000000000182e+03
5.200000000000000000e+01 7.360750000000000000e+03
6.000000000000000000e+01 7.365699999999999818e+03
4.400000000000000000e+01 7.368750000000000000e+03
2.800000000000000000e+01 7.372300000000000182e+03
7.600000000000000000e+01 7.383500000000000000e+03
1.200000000000000000e+01 7.385800000000000182e+03
3.600000000000000000e+01 7.386150000000000546e+03
4.000000000000000000e+00 7.386800000000000182e+03
2.000000000000000000e+01 7.392550000000000182e+03
5.200000000000000000e+01 7.393699999999999818e+03
4.400000000000000000e+01 7.397550000000000182e+03
6.800000000000000000e+01 7.404650000000000546e+03
2.800000000000000000e+01 7.407650000000000546e+03
6.000000000000000000e+01 7.410000000000000000e+03
1.200000000000000000e+01 7.415850000000000364e+03
7.600000000000000000e+01 7.421199999999999818e+03
3.600000000000000000e+01 7.428199999999999818e+03
4.000000000000000000e+00 7.432000000000000000e+03
2.000000000000000000e+01 7.432449999999999818e+03
4.400000000000000000e+01 7.439400000000000546e+03
2.800000000000000000e+01 7.441550000000000182e+03
6.800000000000000000e+01 7.443000000000000000e+03
1.200000000000000000e+01 7.447500000000000000e+03
6.000000000000000000e+01 7.449300000000000182e+03
4.000000000000000000e+00 7.461550000000000182e+03
7.600000000000000000e+01 7.465100000000000364e+03
5.200000000000000000e+01 7.468750000000000000e+03
1.200000000000000000e+01 7.472000000000000000e+03
2.000000000000000000e+01 7.473650000000000546e+03
6.800000000000000000e+01 7.481900000000000546e+03
2.800000000000000000e+01 7.481949999999999818e+03
4.400000000000000000e+01 7.482449999999999818e+03
4.000000000000000000e+00 7.489800000000000182e+03
6.000000000000000000e+01 7.498199999999999818e+03
7.600000000000000000e+01 7.500050000000000182e+03
5.200000000000000000e+01 7.509800000000000182e+03
3.600000000000000000e+01 7.512150000000000546e+03
2.800000000000000000e+01 7.512850000000000364e+03
6.800000000000000000e+01 7.518699999999999818e+03
4.000000000000000000e+00 7.519600000000000364e+03
4.400000000000000000e+01 7.522350000000000364e+03
1.200000000000000000e+01 7.523900000000000546e+03
6.000000000000000000e+01 7.529250000000000000e+03
3.600000000000000000e+01 7.531300000000000182e+03
7.600000000000000000e+01 7.532150000000000546e+03
2.000000000000000000e+01 7.536500000000000000e+03
5.200000000000000000e+01 7.536650000000000546e+03
6.800000000000000000e+01 7.559699999999999818e+03
1.200000000000000000e+01 7.560449999999999818e+03
4.400000000000000000e+01 7.562300000000000182e+03
2.800000000000000000e+01 7.563350000000000364e+03
4.000000000000000000e+00 7.566650000000000546e+03
2.000000000000000000e+01 7.567900000000000546e+03
7.600000000000000000e+01 7.578699999999999818e+03
5.200000000000000000e+01 7.581050000000000182e+03
3.600000000000000000e+01 7.596550000000000182e+03
1.200000000000000000e+01 7.604800000000000182e+03
2.800000000000000000e+01 7.605350000000000364e+03
6.000000000000000000e+01 7.607199999999999818e+03
6.800000000000000000e+01 7.607650000000000546e+03
2.000000000000000000e+01 7.609949999999999818e+03
4.000000000000000000e+00 7.611150000000000546e+03
5.200000000000000000e+01 7.624750000000000000e+03
4.400000000000000000e+01 7.627100000000000364e+03
1.200000000000000000e+01 7.629650000000000546e+03
7.600000000000000000e+01 7.639900000000000546e+03
6.000000000000000000e+01 7.642000000000000000e+03
2.000000000000000000e+01 7.645250000000000000e+03
6.800000000000000000e+01 7.648449999999999818e+03
4.000000000000000000e+00 7.649350000000000364e+03
2.800000000000000000e+01 7.657400000000000546e+03
5.200000000000000000e+01 7.657949999999999818e+03
3.600000000000000000e+01 7.659150000000000546e+03
4.000000000000000000e+00 7.668550000000000182e+03
1.200000000000000000e+01 7.670600000000000364e+03
4.400000000000000000e+01 7.673199999999999818e+03
7.600000000000000000e+01 7.677250000000000000e+03
6.000000000000000000e+01 7.677900000000000546e+03
3.600000000000000000e+01 7.691449999999999818e+03
2.800000000000000000e+01 7.691800000000000182e+03
6.800000000000000000e+01 7.692150000000000546e+03
5.200000000000000000e+01 7.695300000000000182e+03
2.000000000000000000e+01 7.698949999999999818e+03
1.200000000000000000e+01 7.701400000000000546e+03
6.000000000000000000e+01 7.721750000000000000e+03
4.000000000000000000e+00 7.726850000000000364e+03
3.600000000000000000e+01 7.727949999999999818e+03
6.800000000000000000e+01 7.728199999999999818e+03
4.400000000000000000e+01 7.729600000000000364e+03
2.800000000000000000e+01 7.730150000000000546e+03
2.000000000000000000e+01 7.737250000000000000e+03
7.600000000000000000e+01 7.739100000000000364e+03
1.200000000000000000e+01 7.741350000000000364e+03
5.200000000000000000e+01 7.741350000000000364e+03
6.000000000000000000e+01 7.751150000000000546e+03
4.000000000000000000e+00 7.757500000000000000e+03
6.800000000000000000e+01 7.757949999999999818e+03
4.400000000000000000e+01 7.758750000000000000e+03
2.800000000000000000e+01 7.759449999999999818e+03
3.600000000000000000e+01 7.761850000000000364e+03
2.000000000000000000e+01 7.763100000000000364e+03
7.600000000000000000e+01 7.772250000000000000e+03
1.200000000000000000e+01 7.780900000000000546e+03
5.200000000000000000e+01 7.781650000000000546e+03
4.000000000000000000e+00 7.785699999999999818e+03
6.800000000000000000e+01 7.790100000000000364e+03
6.000000000000000000e+01 7.791800000000000182e+03
4.400000000000000000e+01 7.792000000000000000e+03
3.600000000000000000e+01 7.796550000000000182e+03
2.800000000000000000e+01 7.800699999999999818e+03
2.000000000000000000e+01 7.814850000000000364e+03
7.600000000000000000e+01 7.815600000000000364e+03
5.200000000000000000e+01 7.816199999999999818e+03
6.800000000000000000e+01 7.816800000000000182e+03
4.000000000000000000e+00 7.819600000000000364e+03
1.200000000000000000e+01 7.832949999999999818e+03
6.000000000000000000e+01 7.835300000000000182e+03
4.400000000000000000e+01 7.846699999999999818e+03
2.800000000000000000e+01 7.848350000000000364e+03
3.600000000000000000e+01 7.849350000000000364e+03
2.000000000000000000e+01 7.850500000000000000e+03
1.200000000000000000e+01 7.854600000000000364e+03
7.600000000000000000e+01 7.855650000000000546e+03
5.200000000000000000e+01 7.857699999999999818e+03
4.000000000000000000e+00 7.865750000000000000e+03
6.800000000000000000e+01 7.866500000000000000e+03
2.000000000000000000e+01 7.876250000000000000e+03
6.000000000000000000e+01 7.881800000000000182e+03
1.200000000000000000e+01 7.884650000000000546e+03
2.800000000000000000e+01 7.886000000000000000e+03
7.600000000000000000e+01 7.891050000000000182e+03
5.200000000000000000e+01 7.892250000000000000e+03
3.600000000000000000e+01 7.896150000000000546e+03
6.800000000000000000e+01 7.911050000000000182e+03
4.400000000000000000e+01 7.912550000000000182e+03
6.000000000000000000e+01 7.912850000000000364e+03
5.200000000000000000e+01 7.920449999999999818e+03
4.000000000000000000e+00 7.921750000000000000e+03
2.800000000000000000e+01 7.922949999999999818e+03
2.000000000000000000e+01 7.927500000000000000e+03
7.600000000000000000e+01 7.933199999999999818e+03
1.200000000000000000e+01 7.934750000000000000e+03
6.000000000000000000e+01 7.944550000000000182e+03
3.600000000000000000e+01 7.944750000000000000e+03
4.400000000000000000e+01 7.949350000000000364e+03
6.800000000000000000e+01 7.949600000000000364e+03
5.200000000000000000e+01 7.950550000000000182e+03
2.000000000000000000e+01 7.954400000000000546e+03
4.000000000000000000e+00 7.960199999999999818e+03
2.800000000000000000e+01 7.961650000000000546e+03
7.600000000000000000e+01 7.970600000000000364e+03
6.800000000000000000e+01 7.983100000000000364e+03
3.600000000000000000e+01 7.988900000000000546e+03
6.000000000000000000e+01 7.994650000000000546e+03
5.200000000000000000e+01 7.995500000000000000e+03
7.600000000000000000e+01 7.997900000000000546e+03
4.400000000000000000e+01 7.997949999999999818e+03
2.000000000000000000e+01 7.999000000000000000e+03
1.200000000000000000e+01 7.999449999999999818e+03
2.800000000000000000e+01 7.999449999999999818e+03
4.000000000000000000e+00 8.036650000000000546e+03
5.200000000000000000e+01 8.222000000000000000e+03
4.400000000000000000e+01 8.505350000000000364e+03
6.000000000000000000e+01 8.820850000000000364e+03
4.400000000000000000e+01 8.995500000000000000e+03
2.000000000000000000e+01 9.074800000000001091e+03
2.000000000000000000e+01 1.043210000000000036e+04
1.200000000000000000e+01 1.043975000000000000e+04
2.000000000000000000e+01 1.056480000000000109e+04
6.800000000000000000e+01 1.129125000000000000e+04
4.400000000000000000e+01 1.244135000000000036e+04
2.000000000000000000e+01 1.335589999999999964e+04
4.400000000000000000e+01 1.407870000000000073e+04
2.000000000000000000e+01 1.408489999999999964e+04
7.600000000000000000e+01 1.408655000000000109e+04
4.000000000000000000e+00 1.411020000000000073e+04
6.800000000000000000e+01 1.473050000000000000e+04
5.200000000000000000e+01 1.641775000000000000e+04
7.600000000000000000e+01 1.645170000000000073e+04
7.600000000000000000e+01 1.679070000000000073e+04
2.800000000000000000e+01 1.808475000000000000e+04
4.400000000000000000e+01 1.824529999999999927e+04
4.000000000000000000e+00 1.966004999999999927e+04
3.600000000000000000e+01 1.986390000000000146e+04
3.600000000000000000e+01 1.999665000000000146e+04
2.800000000000000000e+01 2.045915000000000146e+04
6.000000000000000000e+01 2.073879999999999927e+04
4.000000000000000000e+00 2.078335000000000218e+04
1.200000000000000000e+01 2.086679999999999927e+04
7.600000000000000000e+01 2.101245000000000073e+04
4.000000000000000000e+00 2.118165000000000146e+04
3.600000000000000000e+01 2.146720000000000073e+04
3.600000000000000000e+01 2.179295000000000073e+04
6.000000000000000000e+01 2.252365000000000146e+04
4.000000000000000000e+00 2.268065000000000146e+04
2.000000000000000000e+01 2.289160000000000218e+04
2.000000000000000000e+01 2.299045000000000073e+04
6.000000000000000000e+01 2.336675000000000000e+04
7.600000000000000000e+01 2.388000000000000000e+04
4.000000000000000000e+00 2.409945000000000073e+04
6.800000000000000000e+01 2.539910000000000218e+04
4.400000000000000000e+01 2.543360000000000218e+04
3.600000000000000000e+01 2.612700000000000000e+04
6.000000000000000000e+01 2.615585000000000218e+04
7.600000000000000000e+01 2.773740000000000146e+04
2.800000000000000000e+01 2.801710000000000218e+04
2.800000000000000000e+01 3.012450000000000000e+04
4.400000000000000000e+01 3.091275000000000000e+04
2.800000000000000000e+01 3.124570000000000073e+04
6.800000000000000000e+01 3.141060000000000218e+04
3.700000000000000000e+01 2.363000000000000114e+02
5.300000000000000000e+01 2.835500000000000114e+02
3.700000000000000000e+01 3.059000000000000341e+02
5.300000000000000000e+01 5.818500000000000227e+02
6.100000000000000000e+01 1.128850000000000136e+03
2.900000000000000000e+01 1.555950000000000045e+03
6.900000000000000000e+01 1.916450000000000045e+03
3.700000000000000000e+01 2.506099999999999909e+03
5.300000000000000000e+01 2.550650000000000091e+03
7.700000000000000000e+01 2.581200000000000273e+03
5.300000000000000000e+01 2.630700000000000273e+03
7.700000000000000000e+01 2.826650000000000091e+03
3.700000000000000000e+01 2.957099999999999909e+03
5.300000000000000000e+01 2.981300000000000182e+03
4.500000000000000000e+01 3.013599999999999909e+03
3.700000000000000000e+01 3.014099999999999909e+03
6.900000000000000000e+01 3.019900000000000091e+03
6.100000000000000000e+01 3.023599999999999909e+03
1.300000000000000000e+01 3.025250000000000000e+03
7.700000000000000000e+01 3.027700000000000273e+03
2.900000000000000000e+01 3.042000000000000000e+03
5.300000000000000000e+01 3.057099999999999909e+03
4.500000000000000000e+01 3.074150000000000091e+03
5.000000000000000000e+00 3.075950000000000273e+03
7.700000000000000000e+01 3.076000000000000000e+03
6.100000000000000000e+01 3.079200000000000273e+03
2.100000000000000000e+01 3.088700000000000273e+03
6.900000000000000000e+01 3.089650000000000091e+03
7.700000000000000000e+01 3.109750000000000000e+03
1.300000000000000000e+01 3.129849999999999909e+03
6.900000000000000000e+01 3.135500000000000000e+03
6.100000000000000000e+01 3.138500000000000000e+03
2.900000000000000000e+01 3.146450000000000273e+03
2.100000000000000000e+01 3.152950000000000273e+03
7.700000000000000000e+01 3.160000000000000000e+03
5.000000000000000000e+00 3.164599999999999909e+03
1.300000000000000000e+01 3.176550000000000182e+03
6.900000000000000000e+01 3.182849999999999909e+03
2.900000000000000000e+01 3.184599999999999909e+03
6.100000000000000000e+01 3.187000000000000000e+03
3.700000000000000000e+01 3.187150000000000091e+03
5.300000000000000000e+01 3.189650000000000091e+03
2.100000000000000000e+01 3.235200000000000273e+03
2.900000000000000000e+01 3.236700000000000273e+03
5.300000000000000000e+01 3.238300000000000182e+03
1.300000000000000000e+01 3.245500000000000000e+03
5.000000000000000000e+00 3.258800000000000182e+03
4.500000000000000000e+01 3.272599999999999909e+03
3.700000000000000000e+01 3.277200000000000273e+03
6.100000000000000000e+01 3.277800000000000182e+03
2.100000000000000000e+01 3.288950000000000273e+03
6.900000000000000000e+01 3.306200000000000273e+03
5.300000000000000000e+01 3.311000000000000000e+03
2.900000000000000000e+01 3.316599999999999909e+03
5.000000000000000000e+00 3.330650000000000091e+03
6.100000000000000000e+01 3.335250000000000000e+03
4.500000000000000000e+01 3.343250000000000000e+03
1.300000000000000000e+01 3.352099999999999909e+03
2.100000000000000000e+01 3.352700000000000273e+03
2.900000000000000000e+01 3.355349999999999909e+03
6.900000000000000000e+01 3.362050000000000182e+03
7.700000000000000000e+01 3.363950000000000273e+03
5.300000000000000000e+01 3.379599999999999909e+03
6.100000000000000000e+01 3.391550000000000182e+03
4.500000000000000000e+01 3.393000000000000000e+03
5.000000000000000000e+00 3.397500000000000000e+03
7.700000000000000000e+01 3.400900000000000091e+03
2.100000000000000000e+01 3.407000000000000000e+03
6.100000000000000000e+01 3.416300000000000182e+03
3.700000000000000000e+01 3.430200000000000273e+03
6.900000000000000000e+01 3.438150000000000091e+03
7.700000000000000000e+01 3.446500000000000000e+03
4.500000000000000000e+01 3.446550000000000182e+03
5.000000000000000000e+00 3.447800000000000182e+03
2.900000000000000000e+01 3.464000000000000000e+03
1.300000000000000000e+01 3.475000000000000000e+03
3.700000000000000000e+01 3.481250000000000000e+03
6.900000000000000000e+01 3.481599999999999909e+03
5.300000000000000000e+01 3.498099999999999909e+03
5.000000000000000000e+00 3.504700000000000273e+03
2.900000000000000000e+01 3.506000000000000000e+03
7.700000000000000000e+01 3.513450000000000273e+03
6.100000000000000000e+01 3.528099999999999909e+03
5.300000000000000000e+01 3.538700000000000273e+03
6.900000000000000000e+01 3.549550000000000182e+03
2.100000000000000000e+01 3.551050000000000182e+03
5.000000000000000000e+00 3.561050000000000182e+03
4.500000000000000000e+01 3.566400000000000091e+03
7.700000000000000000e+01 3.581750000000000000e+03
1.300000000000000000e+01 3.583099999999999909e+03
3.700000000000000000e+01 3.594500000000000000e+03
2.100000000000000000e+01 3.594800000000000182e+03
6.100000000000000000e+01 3.601000000000000000e+03
2.900000000000000000e+01 3.605750000000000000e+03
6.900000000000000000e+01 3.606750000000000000e+03
5.300000000000000000e+01 3.606849999999999909e+03
4.500000000000000000e+01 3.619450000000000273e+03
3.700000000000000000e+01 3.621000000000000000e+03
5.000000000000000000e+00 3.627750000000000000e+03
5.300000000000000000e+01 3.645050000000000182e+03
6.900000000000000000e+01 3.648400000000000091e+03
5.000000000000000000e+00 3.656650000000000091e+03
6.100000000000000000e+01 3.659950000000000273e+03
1.300000000000000000e+01 3.661550000000000182e+03
7.700000000000000000e+01 3.664150000000000091e+03
3.700000000000000000e+01 3.665750000000000000e+03
2.900000000000000000e+01 3.668500000000000000e+03
2.100000000000000000e+01 3.685599999999999909e+03
3.700000000000000000e+01 3.702000000000000000e+03
2.900000000000000000e+01 3.706450000000000273e+03
5.000000000000000000e+00 3.721950000000000273e+03
6.900000000000000000e+01 3.728050000000000182e+03
3.700000000000000000e+01 3.747450000000000273e+03
5.000000000000000000e+00 3.763550000000000182e+03
2.100000000000000000e+01 3.764750000000000000e+03
1.300000000000000000e+01 3.768750000000000000e+03
2.900000000000000000e+01 3.769400000000000091e+03
6.900000000000000000e+01 3.772500000000000000e+03
6.100000000000000000e+01 3.782050000000000182e+03
2.100000000000000000e+01 3.793800000000000182e+03
3.700000000000000000e+01 3.795550000000000182e+03
7.700000000000000000e+01 3.803300000000000182e+03
6.900000000000000000e+01 3.830050000000000182e+03
4.500000000000000000e+01 3.833300000000000182e+03
2.100000000000000000e+01 3.835450000000000273e+03
2.900000000000000000e+01 3.842400000000000091e+03
7.700000000000000000e+01 3.843750000000000000e+03
3.700000000000000000e+01 3.844550000000000182e+03
5.000000000000000000e+00 3.852750000000000000e+03
6.100000000000000000e+01 3.863700000000000273e+03
1.300000000000000000e+01 3.874349999999999909e+03
4.500000000000000000e+01 3.879200000000000273e+03
2.100000000000000000e+01 3.883300000000000182e+03
5.300000000000000000e+01 3.886750000000000000e+03
5.000000000000000000e+00 3.887250000000000000e+03
6.900000000000000000e+01 3.889650000000000091e+03
6.100000000000000000e+01 3.910849999999999909e+03
7.700000000000000000e+01 3.913000000000000000e+03
2.100000000000000000e+01 3.924800000000000182e+03
5.300000000000000000e+01 3.941349999999999909e+03
1.300000000000000000e+01 3.944500000000000000e+03
2.900000000000000000e+01 3.952849999999999909e+03
6.900000000000000000e+01 3.953000000000000000e+03
4.500000000000000000e+01 3.953500000000000000e+03
6.100000000000000000e+01 3.953599999999999909e+03
3.700000000000000000e+01 3.960550000000000182e+03
5.300000000000000000e+01 3.977849999999999909e+03
2.100000000000000000e+01 3.993300000000000182e+03
1.300000000000000000e+01 3.994700000000000273e+03
3.700000000000000000e+01 3.996900000000000091e+03
6.100000000000000000e+01 3.998050000000000182e+03
4.500000000000000000e+01 3.999200000000000273e+03
5.300000000000000000e+01 4.003099999999999909e+03
2.900000000000000000e+01 4.012599999999999909e+03
7.700000000000000000e+01 4.025500000000000000e+03
2.100000000000000000e+01 4.037550000000000182e+03
1.300000000000000000e+01 4.038950000000000273e+03
4.500000000000000000e+01 4.039849999999999909e+03
5.300000000000000000e+01 4.043150000000000091e+03
6.900000000000000000e+01 4.043400000000000091e+03
5.000000000000000000e+00 4.047000000000000000e+03
6.100000000000000000e+01 4.047550000000000182e+03
7.700000000000000000e+01 4.059800000000000182e+03
3.700000000000000000e+01 4.070900000000000091e+03
1.300000000000000000e+01 4.075050000000000182e+03
2.900000000000000000e+01 4.080500000000000000e+03
5.000000000000000000e+00 4.088349999999999909e+03
6.100000000000000000e+01 4.095599999999999909e+03
2.100000000000000000e+01 4.096050000000000182e+03
5.300000000000000000e+01 4.115300000000000182e+03
3.700000000000000000e+01 4.118500000000000000e+03
1.300000000000000000e+01 4.119199999999999818e+03
6.900000000000000000e+01 4.127649999999999636e+03
7.700000000000000000e+01 4.127800000000000182e+03
2.100000000000000000e+01 4.145800000000000182e+03
6.100000000000000000e+01 4.151050000000000182e+03
3.700000000000000000e+01 4.154050000000000182e+03
7.700000000000000000e+01 4.169899999999999636e+03
5.000000000000000000e+00 4.171350000000000364e+03
1.300000000000000000e+01 4.183000000000000000e+03
4.500000000000000000e+01 4.188350000000000364e+03
2.900000000000000000e+01 4.189199999999999818e+03
6.900000000000000000e+01 4.191850000000000364e+03
2.100000000000000000e+01 4.206100000000000364e+03
6.100000000000000000e+01 4.221449999999999818e+03
1.300000000000000000e+01 4.224100000000000364e+03
6.900000000000000000e+01 4.236899999999999636e+03
2.900000000000000000e+01 4.243199999999999818e+03
7.700000000000000000e+01 4.243699999999999818e+03
3.700000000000000000e+01 4.245649999999999636e+03
2.100000000000000000e+01 4.249000000000000000e+03
5.000000000000000000e+00 4.254199999999999818e+03
4.500000000000000000e+01 4.254399999999999636e+03
5.300000000000000000e+01 4.255449999999999818e+03
7.700000000000000000e+01 4.290399999999999636e+03
6.900000000000000000e+01 4.297000000000000000e+03
2.900000000000000000e+01 4.297649999999999636e+03
4.500000000000000000e+01 4.302500000000000000e+03
1.300000000000000000e+01 4.308399999999999636e+03
6.100000000000000000e+01 4.312050000000000182e+03
2.100000000000000000e+01 4.312550000000000182e+03
7.700000000000000000e+01 4.323050000000000182e+03
5.000000000000000000e+00 4.328000000000000000e+03
2.900000000000000000e+01 4.341350000000000364e+03
6.900000000000000000e+01 4.351100000000000364e+03
5.000000000000000000e+00 4.362100000000000364e+03
1.300000000000000000e+01 4.369350000000000364e+03
2.100000000000000000e+01 4.370100000000000364e+03
5.300000000000000000e+01 4.374949999999999818e+03
3.700000000000000000e+01 4.377750000000000000e+03
7.700000000000000000e+01 4.388650000000000546e+03
6.100000000000000000e+01 4.400199999999999818e+03
6.900000000000000000e+01 4.401550000000000182e+03
1.300000000000000000e+01 4.411199999999999818e+03
4.500000000000000000e+01 4.414150000000000546e+03
5.300000000000000000e+01 4.420949999999999818e+03
2.900000000000000000e+01 4.436350000000000364e+03
3.700000000000000000e+01 4.444949999999999818e+03
6.100000000000000000e+01 4.446600000000000364e+03
1.300000000000000000e+01 4.454350000000000364e+03
6.900000000000000000e+01 4.459000000000000000e+03
5.000000000000000000e+00 4.462900000000000546e+03
2.100000000000000000e+01 4.468550000000000182e+03
7.700000000000000000e+01 4.472500000000000000e+03
2.900000000000000000e+01 4.486800000000000182e+03
3.700000000000000000e+01 4.500699999999999818e+03
6.900000000000000000e+01 4.504850000000000364e+03
6.100000000000000000e+01 4.508449999999999818e+03
1.300000000000000000e+01 4.515550000000000182e+03
2.900000000000000000e+01 4.541150000000000546e+03
7.700000000000000000e+01 4.542250000000000000e+03
5.000000000000000000e+00 4.549400000000000546e+03
3.700000000000000000e+01 4.558350000000000364e+03
4.500000000000000000e+01 4.559550000000000182e+03
2.100000000000000000e+01 4.560900000000000546e+03
6.900000000000000000e+01 4.561550000000000182e+03
6.100000000000000000e+01 4.561650000000000546e+03
5.300000000000000000e+01 4.563000000000000000e+03
1.300000000000000000e+01 4.566800000000000182e+03
7.700000000000000000e+01 4.582699999999999818e+03
2.900000000000000000e+01 4.587650000000000546e+03
3.700000000000000000e+01 4.595699999999999818e+03
5.300000000000000000e+01 4.597350000000000364e+03
1.300000000000000000e+01 4.605199999999999818e+03
6.100000000000000000e+01 4.608150000000000546e+03
5.000000000000000000e+00 4.620500000000000000e+03
5.300000000000000000e+01 4.630850000000000364e+03
4.500000000000000000e+01 4.631850000000000364e+03
2.900000000000000000e+01 4.633449999999999818e+03
6.900000000000000000e+01 4.633650000000000546e+03
1.300000000000000000e+01 4.642350000000000364e+03
2.100000000000000000e+01 4.647800000000000182e+03
6.100000000000000000e+01 4.659900000000000546e+03
6.900000000000000000e+01 4.666800000000000182e+03
3.700000000000000000e+01 4.668300000000000182e+03
5.000000000000000000e+00 4.671400000000000546e+03
4.500000000000000000e+01 4.672050000000000182e+03
5.300000000000000000e+01 4.685900000000000546e+03
2.900000000000000000e+01 4.686000000000000000e+03
7.700000000000000000e+01 4.686900000000000546e+03
6.100000000000000000e+01 4.692850000000000364e+03
6.900000000000000000e+01 4.703949999999999818e+03
1.300000000000000000e+01 4.712600000000000364e+03
2.100000000000000000e+01 4.715199999999999818e+03
7.700000000000000000e+01 4.718300000000000182e+03
5.000000000000000000e+00 4.719449999999999818e+03
3.700000000000000000e+01 4.725150000000000546e+03
4.500000000000000000e+01 4.736449999999999818e+03
6.100000000000000000e+01 4.736900000000000546e+03
2.900000000000000000e+01 4.737350000000000364e+03
6.900000000000000000e+01 4.750800000000000182e+03
5.300000000000000000e+01 4.751600000000000364e+03
5.000000000000000000e+00 4.766300000000000182e+03
1.300000000000000000e+01 4.774400000000000546e+03
2.100000000000000000e+01 4.775850000000000364e+03
7.700000000000000000e+01 4.792449999999999818e+03
2.900000000000000000e+01 4.798750000000000000e+03
6.900000000000000000e+01 4.800500000000000000e+03
1.300000000000000000e+01 4.804500000000000000e+03
5.300000000000000000e+01 4.807250000000000000e+03
5.000000000000000000e+00 4.815100000000000364e+03
4.500000000000000000e+01 4.817350000000000364e+03
6.100000000000000000e+01 4.823449999999999818e+03
2.100000000000000000e+01 4.829949999999999818e+03
3.700000000000000000e+01 4.835300000000000182e+03
7.700000000000000000e+01 4.840300000000000182e+03
6.900000000000000000e+01 4.847199999999999818e+03
1.300000000000000000e+01 4.851100000000000364e+03
5.300000000000000000e+01 4.851500000000000000e+03
5.000000000000000000e+00 4.861600000000000364e+03
7.700000000000000000e+01 4.871750000000000000e+03
6.100000000000000000e+01 4.873850000000000364e+03
3.700000000000000000e+01 4.874850000000000364e+03
4.500000000000000000e+01 4.876150000000000546e+03
2.100000000000000000e+01 4.880250000000000000e+03
2.900000000000000000e+01 4.895250000000000000e+03
6.900000000000000000e+01 4.896949999999999818e+03
7.700000000000000000e+01 4.901650000000000546e+03
1.300000000000000000e+01 4.901800000000000182e+03
5.300000000000000000e+01 4.905400000000000546e+03
5.000000000000000000e+00 4.908199999999999818e+03
6.100000000000000000e+01 4.918550000000000182e+03
4.500000000000000000e+01 4.920250000000000000e+03
2.100000000000000000e+01 4.921600000000000364e+03
3.700000000000000000e+01 4.933949999999999818e+03
2.900000000000000000e+01 4.938350000000000364e+03
5.300000000000000000e+01 4.940050000000000182e+03
1.300000000000000000e+01 4.949350000000000364e+03
7.700000000000000000e+01 4.960100000000000364e+03
6.900000000000000000e+01 4.962000000000000000e+03
6.100000000000000000e+01 4.962800000000000182e+03
2.900000000000000000e+01 4.967750000000000000e+03
4.500000000000000000e+01 4.988050000000000182e+03
5.300000000000000000e+01 4.989150000000000546e+03
7.700000000000000000e+01 4.997350000000000364e+03
5.000000000000000000e+00 4.997850000000000364e+03
6.100000000000000000e+01 4.999000000000000000e+03
1.300000000000000000e+01 5.007100000000000364e+03
6.900000000000000000e+01 5.013050000000000182e+03
2.900000000000000000e+01 5.013150000000000546e+03
3.700000000000000000e+01 5.020300000000000182e+03
5.300000000000000000e+01 5.026050000000000182e+03
6.100000000000000000e+01 5.028150000000000546e+03
7.700000000000000000e+01 5.029300000000000182e+03
2.100000000000000000e+01 5.030600000000000364e+03
5.000000000000000000e+00 5.034800000000000182e+03
6.900000000000000000e+01 5.045699999999999818e+03
4.500000000000000000e+01 5.047050000000000182e+03
1.300000000000000000e+01 5.053800000000000182e+03
5.000000000000000000e+00 5.066350000000000364e+03
2.900000000000000000e+01 5.066750000000000000e+03
3.700000000000000000e+01 5.082650000000000546e+03
2.100000000000000000e+01 5.084199999999999818e+03
5.300000000000000000e+01 5.084850000000000364e+03
7.700000000000000000e+01 5.085100000000000364e+03
6.100000000000000000e+01 5.092400000000000546e+03
2.900000000000000000e+01 5.097750000000000000e+03
6.900000000000000000e+01 5.101500000000000000e+03
1.300000000000000000e+01 5.110949999999999818e+03
4.500000000000000000e+01 5.111000000000000000e+03
3.700000000000000000e+01 5.113100000000000364e+03
5.300000000000000000e+01 5.113100000000000364e+03
5.000000000000000000e+00 5.120199999999999818e+03
7.700000000000000000e+01 5.132199999999999818e+03
2.100000000000000000e+01 5.134900000000000546e+03
6.100000000000000000e+01 5.135900000000000546e+03
2.900000000000000000e+01 5.137500000000000000e+03
1.300000000000000000e+01 5.142850000000000364e+03
5.300000000000000000e+01 5.159699999999999818e+03
6.900000000000000000e+01 5.178250000000000000e+03
2.900000000000000000e+01 5.179400000000000546e+03
3.700000000000000000e+01 5.181400000000000546e+03
6.100000000000000000e+01 5.188650000000000546e+03
1.300000000000000000e+01 5.196449999999999818e+03
5.300000000000000000e+01 5.198699999999999818e+03
5.000000000000000000e+00 5.199050000000000182e+03
7.700000000000000000e+01 5.202699999999999818e+03
4.500000000000000000e+01 5.205150000000000546e+03
2.100000000000000000e+01 5.205850000000000364e+03
2.900000000000000000e+01 5.207750000000000000e+03
6.900000000000000000e+01 5.217150000000000546e+03
6.100000000000000000e+01 5.231000000000000000e+03
7.700000000000000000e+01 5.238400000000000546e+03
2.900000000000000000e+01 5.245100000000000364e+03
5.300000000000000000e+01 5.248100000000000364e+03
5.000000000000000000e+00 5.250350000000000364e+03
1.300000000000000000e+01 5.258250000000000000e+03
4.500000000000000000e+01 5.261150000000000546e+03
2.100000000000000000e+01 5.265400000000000546e+03
6.900000000000000000e+01 5.268050000000000182e+03
3.700000000000000000e+01 5.287050000000000182e+03
7.700000000000000000e+01 5.288199999999999818e+03
5.000000000000000000e+00 5.288550000000000182e+03
6.900000000000000000e+01 5.299199999999999818e+03
5.300000000000000000e+01 5.299250000000000000e+03
2.900000000000000000e+01 5.301600000000000364e+03
4.500000000000000000e+01 5.310199999999999818e+03
1.300000000000000000e+01 5.311550000000000182e+03
2.100000000000000000e+01 5.312650000000000546e+03
6.100000000000000000e+01 5.314150000000000546e+03
7.700000000000000000e+01 5.314900000000000546e+03
5.000000000000000000e+00 5.328000000000000000e+03
6.900000000000000000e+01 5.346250000000000000e+03
1.300000000000000000e+01 5.346850000000000364e+03
2.900000000000000000e+01 5.359650000000000546e+03
7.700000000000000000e+01 5.361650000000000546e+03
3.700000000000000000e+01 5.366000000000000000e+03
5.300000000000000000e+01 5.368199999999999818e+03
5.000000000000000000e+00 5.375650000000000546e+03
4.500000000000000000e+01 5.385850000000000364e+03
6.900000000000000000e+01 5.390300000000000182e+03
2.100000000000000000e+01 5.392600000000000364e+03
6.100000000000000000e+01 5.402850000000000364e+03
1.300000000000000000e+01 5.405050000000000182e+03
7.700000000000000000e+01 5.406350000000000364e+03
2.900000000000000000e+01 5.407050000000000182e+03
5.300000000000000000e+01 5.408050000000000182e+03
3.700000000000000000e+01 5.415350000000000364e+03
6.100000000000000000e+01 5.431550000000000182e+03
1.300000000000000000e+01 5.433650000000000546e+03
5.000000000000000000e+00 5.433750000000000000e+03
5.300000000000000000e+01 5.434449999999999818e+03
6.900000000000000000e+01 5.446449999999999818e+03
2.900000000000000000e+01 5.446550000000000182e+03
2.100000000000000000e+01 5.457800000000000182e+03
7.700000000000000000e+01 5.461050000000000182e+03
6.100000000000000000e+01 5.471000000000000000e+03
1.300000000000000000e+01 5.473050000000000182e+03
3.700000000000000000e+01 5.474250000000000000e+03
5.000000000000000000e+00 5.477100000000000364e+03
2.900000000000000000e+01 5.489050000000000182e+03
5.300000000000000000e+01 5.491500000000000000e+03
4.500000000000000000e+01 5.492949999999999818e+03
3.700000000000000000e+01 5.506900000000000546e+03
2.100000000000000000e+01 5.507449999999999818e+03
7.700000000000000000e+01 5.516900000000000546e+03
1.300000000000000000e+01 5.525250000000000000e+03
6.900000000000000000e+01 5.536300000000000182e+03
5.300000000000000000e+01 5.538150000000000546e+03
2.900000000000000000e+01 5.540350000000000364e+03
3.700000000000000000e+01 5.540350000000000364e+03
4.500000000000000000e+01 5.560900000000000546e+03
6.100000000000000000e+01 5.566250000000000000e+03
1.300000000000000000e+01 5.566699999999999818e+03
6.900000000000000000e+01 5.570449999999999818e+03
2.100000000000000000e+01 5.576300000000000182e+03
2.900000000000000000e+01 5.576449999999999818e+03
5.300000000000000000e+01 5.580699999999999818e+03
7.700000000000000000e+01 5.581400000000000546e+03
5.000000000000000000e+00 5.582600000000000364e+03
4.500000000000000000e+01 5.594400000000000546e+03
6.100000000000000000e+01 5.604400000000000546e+03
1.300000000000000000e+01 5.606050000000000182e+03
7.700000000000000000e+01 5.612900000000000546e+03
3.700000000000000000e+01 5.613000000000000000e+03
2.900000000000000000e+01 5.619850000000000364e+03
5.300000000000000000e+01 5.630850000000000364e+03
5.000000000000000000e+00 5.634000000000000000e+03
2.100000000000000000e+01 5.635550000000000182e+03
1.300000000000000000e+01 5.653550000000000182e+03
7.700000000000000000e+01 5.656900000000000546e+03
6.100000000000000000e+01 5.658699999999999818e+03
2.900000000000000000e+01 5.661550000000000182e+03
5.000000000000000000e+00 5.666500000000000000e+03
4.500000000000000000e+01 5.671050000000000182e+03
6.900000000000000000e+01 5.676650000000000546e+03
5.300000000000000000e+01 5.680750000000000000e+03
2.100000000000000000e+01 5.684050000000000182e+03
2.900000000000000000e+01 5.687550000000000182e+03
1.300000000000000000e+01 5.691600000000000364e+03
7.700000000000000000e+01 5.705050000000000182e+03
5.000000000000000000e+00 5.710699999999999818e+03
2.900000000000000000e+01 5.711850000000000364e+03
6.100000000000000000e+01 5.712050000000000182e+03
3.700000000000000000e+01 5.716449999999999818e+03
4.500000000000000000e+01 5.719150000000000546e+03
6.900000000000000000e+01 5.723800000000000182e+03
5.300000000000000000e+01 5.727100000000000364e+03
2.900000000000000000e+01 5.740850000000000364e+03
1.300000000000000000e+01 5.741550000000000182e+03
7.700000000000000000e+01 5.751850000000000364e+03
6.900000000000000000e+01 5.753150000000000546e+03
5.000000000000000000e+00 5.761699999999999818e+03
3.700000000000000000e+01 5.763800000000000182e+03
4.500000000000000000e+01 5.767000000000000000e+03
6.100000000000000000e+01 5.769199999999999818e+03
5.300000000000000000e+01 5.772350000000000364e+03
1.300000000000000000e+01 5.783000000000000000e+03
6.900000000000000000e+01 5.787650000000000546e+03
2.900000000000000000e+01 5.787750000000000000e+03
7.700000000000000000e+01 5.802850000000000364e+03
2.100000000000000000e+01 5.803400000000000546e+03
5.000000000000000000e+00 5.804250000000000000e+03
5.300000000000000000e+01 5.806650000000000546e+03
6.100000000000000000e+01 5.808000000000000000e+03
3.700000000000000000e+01 5.808800000000000182e+03
4.500000000000000000e+01 5.810100000000000364e+03
1.300000000000000000e+01 5.816650000000000546e+03
2.900000000000000000e+01 5.828449999999999818e+03
3.700000000000000000e+01 5.831900000000000546e+03
7.700000000000000000e+01 5.837000000000000000e+03
5.300000000000000000e+01 5.845850000000000364e+03
6.900000000000000000e+01 5.846150000000000546e+03
5.000000000000000000e+00 5.847850000000000364e+03
4.500000000000000000e+01 5.847850000000000364e+03
6.100000000000000000e+01 5.856000000000000000e+03
2.100000000000000000e+01 5.863900000000000546e+03
1.300000000000000000e+01 5.865750000000000000e+03
5.000000000000000000e+00 5.874750000000000000e+03
3.700000000000000000e+01 5.875449999999999818e+03
2.900000000000000000e+01 5.875550000000000182e+03
5.300000000000000000e+01 5.877650000000000546e+03
7.700000000000000000e+01 5.881800000000000182e+03
6.100000000000000000e+01 5.887900000000000546e+03
6.900000000000000000e+01 5.888600000000000364e+03
4.500000000000000000e+01 5.894100000000000364e+03
1.300000000000000000e+01 5.895650000000000546e+03
2.100000000000000000e+01 5.898699999999999818e+03
2.900000000000000000e+01 5.907650000000000546e+03
5.000000000000000000e+00 5.916300000000000182e+03
7.700000000000000000e+01 5.923050000000000182e+03
4.500000000000000000e+01 5.929600000000000364e+03
2.100000000000000000e+01 5.936550000000000182e+03
1.300000000000000000e+01 5.937199999999999818e+03
3.700000000000000000e+01 5.945300000000000182e+03
2.900000000000000000e+01 5.946300000000000182e+03
5.300000000000000000e+01 5.946750000000000000e+03
5.000000000000000000e+00 5.953650000000000546e+03
7.700000000000000000e+01 5.961900000000000546e+03
6.900000000000000000e+01 5.965350000000000364e+03
4.500000000000000000e+01 5.970550000000000182e+03
2.900000000000000000e+01 5.977100000000000364e+03
1.300000000000000000e+01 5.978900000000000546e+03
6.100000000000000000e+01 5.978949999999999818e+03
3.700000000000000000e+01 5.980600000000000364e+03
5.300000000000000000e+01 5.988350000000000364e+03
5.000000000000000000e+00 5.997600000000000364e+03
6.900000000000000000e+01 6.009199999999999818e+03
2.900000000000000000e+01 6.013900000000000546e+03
1.300000000000000000e+01 6.017650000000000546e+03
5.300000000000000000e+01 6.022650000000000546e+03
4.500000000000000000e+01 6.025900000000000546e+03
6.100000000000000000e+01 6.026650000000000546e+03
3.700000000000000000e+01 6.028100000000000364e+03
2.100000000000000000e+01 6.029600000000000364e+03
5.000000000000000000e+00 6.030550000000000182e+03
2.900000000000000000e+01 6.042500000000000000e+03
7.700000000000000000e+01 6.046500000000000000e+03
1.300000000000000000e+01 6.052050000000000182e+03
6.100000000000000000e+01 6.062050000000000182e+03
6.900000000000000000e+01 6.062900000000000546e+03
5.300000000000000000e+01 6.067199999999999818e+03
3.700000000000000000e+01 6.069600000000000364e+03
5.000000000000000000e+00 6.075100000000000364e+03
2.100000000000000000e+01 6.078550000000000182e+03
2.900000000000000000e+01 6.085449999999999818e+03
7.700000000000000000e+01 6.088800000000000182e+03
4.500000000000000000e+01 6.090550000000000182e+03
3.700000000000000000e+01 6.102800000000000182e+03
6.100000000000000000e+01 6.106550000000000182e+03
1.300000000000000000e+01 6.108750000000000000e+03
5.000000000000000000e+00 6.111199999999999818e+03
5.300000000000000000e+01 6.120400000000000546e+03
6.900000000000000000e+01 6.126500000000000000e+03
2.100000000000000000e+01 6.127800000000000182e+03
2.900000000000000000e+01 6.141900000000000546e+03
3.700000000000000000e+01 6.143300000000000182e+03
7.700000000000000000e+01 6.145449999999999818e+03
1.300000000000000000e+01 6.145699999999999818e+03
4.500000000000000000e+01 6.147050000000000182e+03
5.000000000000000000e+00 6.150300000000000182e+03
2.100000000000000000e+01 6.165650000000000546e+03
6.100000000000000000e+01 6.167100000000000364e+03
6.900000000000000000e+01 6.168800000000000182e+03
3.700000000000000000e+01 6.182100000000000364e+03
1.300000000000000000e+01 6.182199999999999818e+03
7.700000000000000000e+01 6.183600000000000364e+03
2.900000000000000000e+01 6.190850000000000364e+03
4.500000000000000000e+01 6.194199999999999818e+03
5.000000000000000000e+00 6.197800000000000182e+03
2.100000000000000000e+01 6.201699999999999818e+03
6.100000000000000000e+01 6.201750000000000000e+03
6.900000000000000000e+01 6.205350000000000364e+03
5.300000000000000000e+01 6.206600000000000364e+03
1.300000000000000000e+01 6.225000000000000000e+03
7.700000000000000000e+01 6.225800000000000182e+03
3.700000000000000000e+01 6.227300000000000182e+03
4.500000000000000000e+01 6.234550000000000182e+03
5.300000000000000000e+01 6.241699999999999818e+03
2.100000000000000000e+01 6.242750000000000000e+03
6.100000000000000000e+01 6.246449999999999818e+03
6.900000000000000000e+01 6.246949999999999818e+03
2.900000000000000000e+01 6.249500000000000000e+03
5.000000000000000000e+00 6.251600000000000364e+03
7.700000000000000000e+01 6.260800000000000182e+03
3.700000000000000000e+01 6.277699999999999818e+03
5.300000000000000000e+01 6.280350000000000364e+03
6.100000000000000000e+01 6.281500000000000000e+03
1.300000000000000000e+01 6.282000000000000000e+03
4.500000000000000000e+01 6.284050000000000182e+03
6.900000000000000000e+01 6.285750000000000000e+03
2.900000000000000000e+01 6.285900000000000546e+03
5.000000000000000000e+00 6.287550000000000182e+03
2.100000000000000000e+01 6.288150000000000546e+03
7.700000000000000000e+01 6.305300000000000182e+03
5.300000000000000000e+01 6.314100000000000364e+03
3.700000000000000000e+01 6.314199999999999818e+03
6.100000000000000000e+01 6.318100000000000364e+03
2.100000000000000000e+01 6.321199999999999818e+03
5.000000000000000000e+00 6.324199999999999818e+03
1.300000000000000000e+01 6.327150000000000546e+03
6.900000000000000000e+01 6.331449999999999818e+03
2.900000000000000000e+01 6.332100000000000364e+03
7.700000000000000000e+01 6.332150000000000546e+03
4.500000000000000000e+01 6.344850000000000364e+03
5.300000000000000000e+01 6.355750000000000000e+03
6.100000000000000000e+01 6.355750000000000000e+03
2.100000000000000000e+01 6.359750000000000000e+03
1.300000000000000000e+01 6.366199999999999818e+03
7.700000000000000000e+01 6.367900000000000546e+03
5.000000000000000000e+00 6.370100000000000364e+03
6.900000000000000000e+01 6.370900000000000546e+03
3.700000000000000000e+01 6.371000000000000000e+03
2.900000000000000000e+01 6.377199999999999818e+03
5.300000000000000000e+01 6.390100000000000364e+03
6.900000000000000000e+01 6.392850000000000364e+03
3.700000000000000000e+01 6.395400000000000546e+03
4.500000000000000000e+01 6.398699999999999818e+03
6.100000000000000000e+01 6.400699999999999818e+03
2.100000000000000000e+01 6.402750000000000000e+03
2.900000000000000000e+01 6.408800000000000182e+03
5.000000000000000000e+00 6.418350000000000364e+03
1.300000000000000000e+01 6.420350000000000364e+03
3.700000000000000000e+01 6.424750000000000000e+03
6.900000000000000000e+01 6.425350000000000364e+03
7.700000000000000000e+01 6.426000000000000000e+03
5.300000000000000000e+01 6.436600000000000364e+03
4.500000000000000000e+01 6.445100000000000364e+03
2.900000000000000000e+01 6.446449999999999818e+03
6.100000000000000000e+01 6.447199999999999818e+03
2.100000000000000000e+01 6.449550000000000182e+03
5.000000000000000000e+00 6.450400000000000546e+03
3.700000000000000000e+01 6.450699999999999818e+03
1.300000000000000000e+01 6.453550000000000182e+03
5.300000000000000000e+01 6.461949999999999818e+03
6.900000000000000000e+01 6.475350000000000364e+03
6.100000000000000000e+01 6.477350000000000364e+03
2.900000000000000000e+01 6.479000000000000000e+03
5.000000000000000000e+00 6.488550000000000182e+03
7.700000000000000000e+01 6.488900000000000546e+03
4.500000000000000000e+01 6.496800000000000182e+03
5.300000000000000000e+01 6.497500000000000000e+03
6.900000000000000000e+01 6.501050000000000182e+03
3.700000000000000000e+01 6.510000000000000000e+03
1.300000000000000000e+01 6.511400000000000546e+03
2.900000000000000000e+01 6.518350000000000364e+03
6.100000000000000000e+01 6.521800000000000182e+03
5.300000000000000000e+01 6.522449999999999818e+03
5.000000000000000000e+00 6.524100000000000364e+03
6.900000000000000000e+01 6.534400000000000546e+03
2.100000000000000000e+01 6.536350000000000364e+03
3.700000000000000000e+01 6.539949999999999818e+03
4.500000000000000000e+01 6.540800000000000182e+03
7.700000000000000000e+01 6.541300000000000182e+03
1.300000000000000000e+01 6.546199999999999818e+03
6.100000000000000000e+01 6.552800000000000182e+03
5.300000000000000000e+01 6.558250000000000000e+03
4.500000000000000000e+01 6.560699999999999818e+03
7.700000000000000000e+01 6.565900000000000546e+03
2.100000000000000000e+01 6.567449999999999818e+03
2.900000000000000000e+01 6.568400000000000546e+03
5.000000000000000000e+00 6.569000000000000000e+03
6.900000000000000000e+01 6.572949999999999818e+03
3.700000000000000000e+01 6.578150000000000546e+03
6.100000000000000000e+01 6.593100000000000364e+03
5.300000000000000000e+01 6.597550000000000182e+03
1.300000000000000000e+01 6.597699999999999818e+03
4.500000000000000000e+01 6.604150000000000546e+03
2.100000000000000000e+01 6.606850000000000364e+03
3.700000000000000000e+01 6.609550000000000182e+03
7.700000000000000000e+01 6.609900000000000546e+03
5.000000000000000000e+00 6.613300000000000182e+03
2.900000000000000000e+01 6.613500000000000000e+03
6.100000000000000000e+01 6.623100000000000364e+03
6.900000000000000000e+01 6.631600000000000364e+03
2.900000000000000000e+01 6.640500000000000000e+03
5.300000000000000000e+01 6.645199999999999818e+03
5.000000000000000000e+00 6.646650000000000546e+03
3.700000000000000000e+01 6.651350000000000364e+03
1.300000000000000000e+01 6.651600000000000364e+03
7.700000000000000000e+01 6.654650000000000546e+03
2.100000000000000000e+01 6.655750000000000000e+03
4.500000000000000000e+01 6.657350000000000364e+03
6.900000000000000000e+01 6.665100000000000364e+03
2.900000000000000000e+01 6.666650000000000546e+03
5.000000000000000000e+00 6.673800000000000182e+03
5.300000000000000000e+01 6.680100000000000364e+03
6.100000000000000000e+01 6.685050000000000182e+03
1.300000000000000000e+01 6.692100000000000364e+03
3.700000000000000000e+01 6.694600000000000364e+03
6.900000000000000000e+01 6.700800000000000182e+03
7.700000000000000000e+01 6.705750000000000000e+03
4.500000000000000000e+01 6.707100000000000364e+03
2.900000000000000000e+01 6.711300000000000182e+03
2.100000000000000000e+01 6.713900000000000546e+03
1.300000000000000000e+01 6.716150000000000546e+03
5.000000000000000000e+00 6.724949999999999818e+03
3.700000000000000000e+01 6.728550000000000182e+03
6.100000000000000000e+01 6.731400000000000546e+03
7.700000000000000000e+01 6.732050000000000182e+03
5.300000000000000000e+01 6.749449999999999818e+03
4.500000000000000000e+01 6.751350000000000364e+03
5.000000000000000000e+00 6.757449999999999818e+03
1.300000000000000000e+01 6.761699999999999818e+03
6.100000000000000000e+01 6.763500000000000000e+03
6.900000000000000000e+01 6.768150000000000546e+03
2.900000000000000000e+01 6.769550000000000182e+03
7.700000000000000000e+01 6.772000000000000000e+03
2.100000000000000000e+01 6.777250000000000000e+03
3.700000000000000000e+01 6.778900000000000546e+03
1.300000000000000000e+01 6.789050000000000182e+03
6.900000000000000000e+01 6.796000000000000000e+03
5.000000000000000000e+00 6.798850000000000364e+03
2.900000000000000000e+01 6.802050000000000182e+03
6.100000000000000000e+01 6.802800000000000182e+03
5.300000000000000000e+01 6.803650000000000546e+03
2.100000000000000000e+01 6.804650000000000546e+03
4.500000000000000000e+01 6.806900000000000546e+03
3.700000000000000000e+01 6.814050000000000182e+03
7.700000000000000000e+01 6.814699999999999818e+03
2.900000000000000000e+01 6.830050000000000182e+03
5.000000000000000000e+00 6.830350000000000364e+03
2.100000000000000000e+01 6.833350000000000364e+03
6.100000000000000000e+01 6.834250000000000000e+03
1.300000000000000000e+01 6.835199999999999818e+03
4.500000000000000000e+01 6.837850000000000364e+03
6.900000000000000000e+01 6.841050000000000182e+03
5.300000000000000000e+01 6.842500000000000000e+03
7.700000000000000000e+01 6.851800000000000182e+03
3.700000000000000000e+01 6.865000000000000000e+03
5.000000000000000000e+00 6.865350000000000364e+03
2.900000000000000000e+01 6.869199999999999818e+03
6.100000000000000000e+01 6.871000000000000000e+03
4.500000000000000000e+01 6.873050000000000182e+03
6.900000000000000000e+01 6.873400000000000546e+03
5.300000000000000000e+01 6.879550000000000182e+03
2.100000000000000000e+01 6.888550000000000182e+03
7.700000000000000000e+01 6.888900000000000546e+03
1.300000000000000000e+01 6.892850000000000364e+03
3.700000000000000000e+01 6.904699999999999818e+03
2.900000000000000000e+01 6.905949999999999818e+03
6.100000000000000000e+01 6.906750000000000000e+03
6.900000000000000000e+01 6.914600000000000364e+03
4.500000000000000000e+01 6.916100000000000364e+03
5.300000000000000000e+01 6.921100000000000364e+03
7.700000000000000000e+01 6.930850000000000364e+03
2.100000000000000000e+01 6.931449999999999818e+03
5.000000000000000000e+00 6.932100000000000364e+03
1.300000000000000000e+01 6.935000000000000000e+03
6.100000000000000000e+01 6.936900000000000546e+03
3.700000000000000000e+01 6.941850000000000364e+03
5.300000000000000000e+01 6.949800000000000182e+03
4.500000000000000000e+01 6.952449999999999818e+03
5.000000000000000000e+00 6.969100000000000364e+03
1.300000000000000000e+01 6.971000000000000000e+03
2.100000000000000000e+01 6.972600000000000364e+03
6.900000000000000000e+01 6.973800000000000182e+03
7.700000000000000000e+01 6.976199999999999818e+03
6.100000000000000000e+01 6.979900000000000546e+03
3.700000000000000000e+01 6.993000000000000000e+03
5.300000000000000000e+01 6.997900000000000546e+03
2.900000000000000000e+01 6.999400000000000546e+03
1.300000000000000000e+01 7.002050000000000182e+03
5.000000000000000000e+00 7.003600000000000364e+03
4.500000000000000000e+01 7.005100000000000364e+03
7.700000000000000000e+01 7.010100000000000364e+03
2.100000000000000000e+01 7.011199999999999818e+03
6.900000000000000000e+01 7.013650000000000546e+03
5.300000000000000000e+01 7.028650000000000546e+03
3.700000000000000000e+01 7.029150000000000546e+03
1.300000000000000000e+01 7.030800000000000182e+03
5.000000000000000000e+00 7.031750000000000000e+03
2.900000000000000000e+01 7.033850000000000364e+03
4.500000000000000000e+01 7.036600000000000364e+03
2.100000000000000000e+01 7.039300000000000182e+03
6.100000000000000000e+01 7.039500000000000000e+03
5.300000000000000000e+01 7.061250000000000000e+03
3.700000000000000000e+01 7.069000000000000000e+03
5.000000000000000000e+00 7.070199999999999818e+03
1.300000000000000000e+01 7.071550000000000182e+03
2.900000000000000000e+01 7.074850000000000364e+03
6.100000000000000000e+01 7.082500000000000000e+03
2.100000000000000000e+01 7.083350000000000364e+03
4.500000000000000000e+01 7.084949999999999818e+03
6.900000000000000000e+01 7.086050000000000182e+03
7.700000000000000000e+01 7.090500000000000000e+03
5.000000000000000000e+00 7.096100000000000364e+03
5.300000000000000000e+01 7.112699999999999818e+03
1.300000000000000000e+01 7.115350000000000364e+03
3.700000000000000000e+01 7.116550000000000182e+03
2.100000000000000000e+01 7.118050000000000182e+03
6.100000000000000000e+01 7.118400000000000546e+03
6.900000000000000000e+01 7.126449999999999818e+03
4.500000000000000000e+01 7.129150000000000546e+03
2.900000000000000000e+01 7.134949999999999818e+03
5.000000000000000000e+00 7.139250000000000000e+03
1.300000000000000000e+01 7.139699999999999818e+03
3.700000000000000000e+01 7.141600000000000364e+03
5.300000000000000000e+01 7.150449999999999818e+03
2.100000000000000000e+01 7.151949999999999818e+03
7.700000000000000000e+01 7.153150000000000546e+03
6.900000000000000000e+01 7.157850000000000364e+03
6.100000000000000000e+01 7.159300000000000182e+03
2.100000000000000000e+01 7.176500000000000000e+03
1.300000000000000000e+01 7.181650000000000546e+03
2.900000000000000000e+01 7.184400000000000546e+03
5.000000000000000000e+00 7.185400000000000546e+03
5.300000000000000000e+01 7.185400000000000546e+03
4.500000000000000000e+01 7.186300000000000182e+03
3.700000000000000000e+01 7.189949999999999818e+03
7.700000000000000000e+01 7.191500000000000000e+03
6.100000000000000000e+01 7.202300000000000182e+03
2.900000000000000000e+01 7.210000000000000000e+03
2.100000000000000000e+01 7.211600000000000364e+03
5.300000000000000000e+01 7.219650000000000546e+03
6.900000000000000000e+01 7.219800000000000182e+03
7.700000000000000000e+01 7.229150000000000546e+03
5.000000000000000000e+00 7.229699999999999818e+03
1.300000000000000000e+01 7.234150000000000546e+03
6.100000000000000000e+01 7.235500000000000000e+03
3.700000000000000000e+01 7.238050000000000182e+03
4.500000000000000000e+01 7.239900000000000546e+03
2.100000000000000000e+01 7.245350000000000364e+03
6.900000000000000000e+01 7.245850000000000364e+03
5.300000000000000000e+01 7.251500000000000000e+03
2.900000000000000000e+01 7.256050000000000182e+03
7.700000000000000000e+01 7.256199999999999818e+03
5.000000000000000000e+00 7.268949999999999818e+03
1.300000000000000000e+01 7.271500000000000000e+03
6.100000000000000000e+01 7.272250000000000000e+03
4.500000000000000000e+01 7.275199999999999818e+03
2.100000000000000000e+01 7.276250000000000000e+03
3.700000000000000000e+01 7.281250000000000000e+03
2.900000000000000000e+01 7.288699999999999818e+03
5.300000000000000000e+01 7.289550000000000182e+03
6.900000000000000000e+01 7.297750000000000000e+03
7.700000000000000000e+01 7.298550000000000182e+03
5.000000000000000000e+00 7.299850000000000364e+03
6.100000000000000000e+01 7.305150000000000546e+03
1.300000000000000000e+01 7.314050000000000182e+03
2.100000000000000000e+01 7.315250000000000000e+03
3.700000000000000000e+01 7.315699999999999818e+03
4.500000000000000000e+01 7.317400000000000546e+03
7.700000000000000000e+01 7.329199999999999818e+03
6.900000000000000000e+01 7.331550000000000182e+03
2.900000000000000000e+01 7.332500000000000000e+03
6.100000000000000000e+01 7.337000000000000000e+03
5.300000000000000000e+01 7.343850000000000364e+03
4.500000000000000000e+01 7.349750000000000000e+03
3.700000000000000000e+01 7.352850000000000364e+03
1.300000000000000000e+01 7.357100000000000364e+03
5.000000000000000000e+00 7.358150000000000546e+03
2.900000000000000000e+01 7.358150000000000546e+03
6.900000000000000000e+01 7.364750000000000000e+03
7.700000000000000000e+01 7.367250000000000000e+03
2.100000000000000000e+01 7.367449999999999818e+03
6.100000000000000000e+01 7.373400000000000546e+03
4.500000000000000000e+01 7.386050000000000182e+03
2.900000000000000000e+01 7.388150000000000546e+03
6.900000000000000000e+01 7.395949999999999818e+03
5.000000000000000000e+00 7.400800000000000182e+03
3.700000000000000000e+01 7.400949999999999818e+03
5.300000000000000000e+01 7.402800000000000182e+03
7.700000000000000000e+01 7.408000000000000000e+03
6.100000000000000000e+01 7.408750000000000000e+03
2.100000000000000000e+01 7.410400000000000546e+03
1.300000000000000000e+01 7.425500000000000000e+03
4.500000000000000000e+01 7.427350000000000364e+03
5.300000000000000000e+01 7.431199999999999818e+03
2.900000000000000000e+01 7.431850000000000364e+03
5.000000000000000000e+00 7.442300000000000182e+03
6.100000000000000000e+01 7.443900000000000546e+03
6.900000000000000000e+01 7.444550000000000182e+03
3.700000000000000000e+01 7.446250000000000000e+03
7.700000000000000000e+01 7.446400000000000546e+03
2.100000000000000000e+01 7.447449999999999818e+03
1.300000000000000000e+01 7.460350000000000364e+03
4.500000000000000000e+01 7.460850000000000364e+03
5.300000000000000000e+01 7.462400000000000546e+03
3.700000000000000000e+01 7.476650000000000546e+03
6.900000000000000000e+01 7.477500000000000000e+03
7.700000000000000000e+01 7.481050000000000182e+03
5.000000000000000000e+00 7.481650000000000546e+03
6.100000000000000000e+01 7.489000000000000000e+03
2.100000000000000000e+01 7.496350000000000364e+03
2.900000000000000000e+01 7.499150000000000546e+03
5.300000000000000000e+01 7.502800000000000182e+03
4.500000000000000000e+01 7.505250000000000000e+03
1.300000000000000000e+01 7.509449999999999818e+03
3.700000000000000000e+01 7.514300000000000182e+03
5.000000000000000000e+00 7.521449999999999818e+03
7.700000000000000000e+01 7.523250000000000000e+03
6.900000000000000000e+01 7.529850000000000364e+03
2.900000000000000000e+01 7.531699999999999818e+03
2.100000000000000000e+01 7.537800000000000182e+03
6.100000000000000000e+01 7.547550000000000182e+03
4.500000000000000000e+01 7.562750000000000000e+03
7.700000000000000000e+01 7.565750000000000000e+03
6.900000000000000000e+01 7.565900000000000546e+03
2.900000000000000000e+01 7.566650000000000546e+03
1.300000000000000000e+01 7.569350000000000364e+03
5.300000000000000000e+01 7.569600000000000364e+03
3.700000000000000000e+01 7.571900000000000546e+03
5.000000000000000000e+00 7.577850000000000364e+03
2.100000000000000000e+01 7.587949999999999818e+03
2.900000000000000000e+01 7.597900000000000546e+03
5.300000000000000000e+01 7.598250000000000000e+03
6.100000000000000000e+01 7.599850000000000364e+03
1.300000000000000000e+01 7.602900000000000546e+03
4.500000000000000000e+01 7.605800000000000182e+03
6.900000000000000000e+01 7.607050000000000182e+03
7.700000000000000000e+01 7.608050000000000182e+03
3.700000000000000000e+01 7.608449999999999818e+03
5.000000000000000000e+00 7.623250000000000000e+03
5.300000000000000000e+01 7.627050000000000182e+03
6.900000000000000000e+01 7.630050000000000182e+03
1.300000000000000000e+01 7.645650000000000546e+03
3.700000000000000000e+01 7.648050000000000182e+03
6.100000000000000000e+01 7.648949999999999818e+03
5.000000000000000000e+00 7.651650000000000546e+03
5.300000000000000000e+01 7.656650000000000546e+03
2.900000000000000000e+01 7.659900000000000546e+03
2.100000000000000000e+01 7.669000000000000000e+03
7.700000000000000000e+01 7.672500000000000000e+03
3.700000000000000000e+01 7.672949999999999818e+03
6.100000000000000000e+01 7.675150000000000546e+03
6.900000000000000000e+01 7.677000000000000000e+03
4.500000000000000000e+01 7.683000000000000000e+03
5.300000000000000000e+01 7.687550000000000182e+03
5.000000000000000000e+00 7.693350000000000364e+03
1.300000000000000000e+01 7.699250000000000000e+03
6.100000000000000000e+01 7.706000000000000000e+03
2.900000000000000000e+01 7.710500000000000000e+03
2.100000000000000000e+01 7.712699999999999818e+03
5.300000000000000000e+01 7.716850000000000364e+03
4.500000000000000000e+01 7.720699999999999818e+03
3.700000000000000000e+01 7.724850000000000364e+03
6.900000000000000000e+01 7.728199999999999818e+03
1.300000000000000000e+01 7.733250000000000000e+03
7.700000000000000000e+01 7.736150000000000546e+03
6.100000000000000000e+01 7.740300000000000182e+03
5.000000000000000000e+00 7.741350000000000364e+03
2.100000000000000000e+01 7.743199999999999818e+03
2.900000000000000000e+01 7.744699999999999818e+03
5.300000000000000000e+01 7.745150000000000546e+03
3.700000000000000000e+01 7.753400000000000546e+03
6.900000000000000000e+01 7.759250000000000000e+03
4.500000000000000000e+01 7.762800000000000182e+03
7.700000000000000000e+01 7.771350000000000364e+03
6.100000000000000000e+01 7.774150000000000546e+03
1.300000000000000000e+01 7.778550000000000182e+03
5.000000000000000000e+00 7.780250000000000000e+03
2.900000000000000000e+01 7.785250000000000000e+03
2.100000000000000000e+01 7.787400000000000546e+03
3.700000000000000000e+01 7.788650000000000546e+03
6.900000000000000000e+01 7.792600000000000364e+03
4.500000000000000000e+01 7.795000000000000000e+03
5.300000000000000000e+01 7.804699999999999818e+03
7.700000000000000000e+01 7.808500000000000000e+03
5.000000000000000000e+00 7.817650000000000546e+03
6.100000000000000000e+01 7.818100000000000364e+03
2.900000000000000000e+01 7.818150000000000546e+03
1.300000000000000000e+01 7.819800000000000182e+03
6.900000000000000000e+01 7.834500000000000000e+03
5.300000000000000000e+01 7.836800000000000182e+03
4.500000000000000000e+01 7.837600000000000364e+03
3.700000000000000000e+01 7.840600000000000364e+03
2.100000000000000000e+01 7.845650000000000546e+03
7.700000000000000000e+01 7.845900000000000546e+03
5.000000000000000000e+00 7.848199999999999818e+03
2.900000000000000000e+01 7.849100000000000364e+03
6.100000000000000000e+01 7.854949999999999818e+03
1.300000000000000000e+01 7.864350000000000364e+03
3.700000000000000000e+01 7.865100000000000364e+03
6.900000000000000000e+01 7.870400000000000546e+03
5.300000000000000000e+01 7.882550000000000182e+03
7.700000000000000000e+01 7.882949999999999818e+03
2.900000000000000000e+01 7.884400000000000546e+03
2.100000000000000000e+01 7.884800000000000182e+03
5.000000000000000000e+00 7.885100000000000364e+03
4.500000000000000000e+01 7.886100000000000364e+03
3.700000000000000000e+01 7.902600000000000364e+03
6.900000000000000000e+01 7.902800000000000182e+03
1.300000000000000000e+01 7.903000000000000000e+03
6.100000000000000000e+01 7.914300000000000182e+03
2.100000000000000000e+01 7.919449999999999818e+03
2.900000000000000000e+01 7.920449999999999818e+03
5.000000000000000000e+00 7.926650000000000546e+03
5.300000000000000000e+01 7.928199999999999818e+03
7.700000000000000000e+01 7.928400000000000546e+03
1.300000000000000000e+01 7.929350000000000364e+03
6.900000000000000000e+01 7.931150000000000546e+03
3.700000000000000000e+01 7.932600000000000364e+03
4.500000000000000000e+01 7.934750000000000000e+03
6.100000000000000000e+01 7.949050000000000182e+03
2.100000000000000000e+01 7.951850000000000364e+03
2.900000000000000000e+01 7.954699999999999818e+03
7.700000000000000000e+01 7.959650000000000546e+03
3.700000000000000000e+01 7.965050000000000182e+03
5.000000000000000000e+00 7.966150000000000546e+03
1.300000000000000000e+01 7.969750000000000000e+03
4.500000000000000000e+01 7.971050000000000182e+03
5.300000000000000000e+01 7.976400000000000546e+03
6.900000000000000000e+01 7.984400000000000546e+03
2.900000000000000000e+01 7.985550000000000182e+03
6.100000000000000000e+01 7.986900000000000546e+03
2.100000000000000000e+01 7.989850000000000364e+03
7.700000000000000000e+01 7.993800000000000182e+03
4.500000000000000000e+01 7.999900000000000546e+03
3.700000000000000000e+01 8.002050000000000182e+03
2.100000000000000000e+01 8.167800000000000182e+03
1.300000000000000000e+01 8.172400000000000546e+03
2.100000000000000000e+01 8.401549999999999272e+03
5.300000000000000000e+01 9.063850000000000364e+03
3.700000000000000000e+01 9.646850000000000364e+03
7.700000000000000000e+01 9.785649999999999636e+03
2.900000000000000000e+01 1.012450000000000000e+04
6.100000000000000000e+01 1.086189999999999964e+04
5.300000000000000000e+01 1.101670000000000073e+04
2.900000000000000000e+01 1.120200000000000000e+04
5.300000000000000000e+01 1.212450000000000000e+04
4.500000000000000000e+01 1.219014999999999964e+04
2.100000000000000000e+01 1.223600000000000000e+04
7.700000000000000000e+01 1.228864999999999964e+04
4.500000000000000000e+01 1.353205000000000109e+04
5.300000000000000000e+01 1.374020000000000073e+04
6.100000000000000000e+01 1.415139999999999964e+04
3.700000000000000000e+01 1.439214999999999964e+04
7.700000000000000000e+01 1.448175000000000000e+04
5.300000000000000000e+01 1.491850000000000000e+04
3.700000000000000000e+01 1.513270000000000073e+04
2.900000000000000000e+01 1.679195000000000073e+04
6.100000000000000000e+01 2.046275000000000000e+04
2.100000000000000000e+01 2.092100000000000000e+04
3.700000000000000000e+01 2.129415000000000146e+04
4.500000000000000000e+01 2.154954999999999927e+04
5.300000000000000000e+01 2.160660000000000218e+04
2.100000000000000000e+01 2.289879999999999927e+04
1.300000000000000000e+01 2.366125000000000000e+04
5.300000000000000000e+01 2.451065000000000146e+04
4.500000000000000000e+01 2.470395000000000073e+04
5.000000000000000000e+00 2.502595000000000073e+04
3.700000000000000000e+01 2.524335000000000218e+04
7.700000000000000000e+01 2.524554999999999927e+04
5.000000000000000000e+00 2.524910000000000218e+04
6.100000000000000000e+01 2.545000000000000000e+04
7.700000000000000000e+01 2.597845000000000073e+04
4.500000000000000000e+01 2.624645000000000073e+04
4.500000000000000000e+01 2.645840000000000146e+04
5.300000000000000000e+01 2.686529999999999927e+04
5.300000000000000000e+01 2.694845000000000073e+04
2.100000000000000000e+01 2.748040000000000146e+04
3.700000000000000000e+01 2.765245000000000073e+04
5.300000000000000000e+01 2.893879999999999927e+04
6.100000000000000000e+01 3.025495000000000073e+04
2.900000000000000000e+01 3.053500000000000000e+04
5.300000000000000000e+01 3.064300000000000000e+04
3.700000000000000000e+01 3.107050000000000000e+04
2.100000000000000000e+01 3.108429999999999927e+04
3.000000000000000000e+01 5.412500000000000000e+02
3.000000000000000000e+01 8.595000000000000000e+02
5.400000000000000000e+01 1.011550000000000068e+03
3.000000000000000000e+01 1.242500000000000000e+03
6.000000000000000000e+00 1.769900000000000091e+03
6.200000000000000000e+01 1.912950000000000045e+03
3.800000000000000000e+01 1.970950000000000045e+03
2.200000000000000000e+01 2.419200000000000273e+03
6.000000000000000000e+00 2.603950000000000273e+03
4.600000000000000000e+01 3.012349999999999909e+03
3.800000000000000000e+01 3.015200000000000273e+03
2.200000000000000000e+01 3.026099999999999909e+03
6.000000000000000000e+00 3.026500000000000000e+03
5.400000000000000000e+01 3.032849999999999909e+03
6.200000000000000000e+01 3.033950000000000273e+03
7.000000000000000000e+01 3.042050000000000182e+03
1.400000000000000000e+01 3.058700000000000273e+03
3.000000000000000000e+01 3.060349999999999909e+03
5.400000000000000000e+01 3.075800000000000182e+03
6.200000000000000000e+01 3.078099999999999909e+03
6.000000000000000000e+00 3.079599999999999909e+03
3.800000000000000000e+01 3.100500000000000000e+03
1.400000000000000000e+01 3.102950000000000273e+03
2.200000000000000000e+01 3.108250000000000000e+03
7.000000000000000000e+01 3.113250000000000000e+03
6.200000000000000000e+01 3.127000000000000000e+03
6.000000000000000000e+00 3.132099999999999909e+03
2.200000000000000000e+01 3.138750000000000000e+03
5.400000000000000000e+01 3.138849999999999909e+03
7.800000000000000000e+01 3.141650000000000091e+03
3.000000000000000000e+01 3.168200000000000273e+03
1.400000000000000000e+01 3.184150000000000091e+03
3.800000000000000000e+01 3.185500000000000000e+03
6.000000000000000000e+00 3.189650000000000091e+03
5.400000000000000000e+01 3.203099999999999909e+03
2.200000000000000000e+01 3.216300000000000182e+03
3.800000000000000000e+01 3.226000000000000000e+03
3.000000000000000000e+01 3.228200000000000273e+03
6.200000000000000000e+01 3.233150000000000091e+03
1.400000000000000000e+01 3.234500000000000000e+03
6.000000000000000000e+00 3.235300000000000182e+03
7.000000000000000000e+01 3.257650000000000091e+03
2.200000000000000000e+01 3.267800000000000182e+03
3.800000000000000000e+01 3.272400000000000091e+03
4.600000000000000000e+01 3.273750000000000000e+03
6.200000000000000000e+01 3.275300000000000182e+03
7.800000000000000000e+01 3.275750000000000000e+03
5.400000000000000000e+01 3.281000000000000000e+03
6.000000000000000000e+00 3.289849999999999909e+03
1.400000000000000000e+01 3.301450000000000273e+03
7.000000000000000000e+01 3.306150000000000091e+03
7.800000000000000000e+01 3.312349999999999909e+03
3.000000000000000000e+01 3.321349999999999909e+03
2.200000000000000000e+01 3.322349999999999909e+03
1.400000000000000000e+01 3.336200000000000273e+03
6.200000000000000000e+01 3.336750000000000000e+03
5.400000000000000000e+01 3.341250000000000000e+03
6.000000000000000000e+00 3.344950000000000273e+03
7.000000000000000000e+01 3.353000000000000000e+03
4.600000000000000000e+01 3.358750000000000000e+03
6.200000000000000000e+01 3.365599999999999909e+03
1.400000000000000000e+01 3.366200000000000273e+03
3.000000000000000000e+01 3.377349999999999909e+03
2.200000000000000000e+01 3.381000000000000000e+03
3.800000000000000000e+01 3.381750000000000000e+03
6.000000000000000000e+00 3.389000000000000000e+03
5.400000000000000000e+01 3.402250000000000000e+03
7.800000000000000000e+01 3.408700000000000273e+03
2.200000000000000000e+01 3.415000000000000000e+03
3.000000000000000000e+01 3.423050000000000182e+03
4.600000000000000000e+01 3.427000000000000000e+03
6.000000000000000000e+00 3.437349999999999909e+03
7.000000000000000000e+01 3.449750000000000000e+03
3.800000000000000000e+01 3.450950000000000273e+03
6.200000000000000000e+01 3.453599999999999909e+03
1.400000000000000000e+01 3.454099999999999909e+03
2.200000000000000000e+01 3.455500000000000000e+03
4.600000000000000000e+01 3.466750000000000000e+03
6.200000000000000000e+01 3.502450000000000273e+03
6.000000000000000000e+00 3.509599999999999909e+03
2.200000000000000000e+01 3.515550000000000182e+03
3.000000000000000000e+01 3.519650000000000091e+03
7.800000000000000000e+01 3.523700000000000273e+03
3.800000000000000000e+01 3.524500000000000000e+03
1.400000000000000000e+01 3.531650000000000091e+03
4.600000000000000000e+01 3.544250000000000000e+03
5.400000000000000000e+01 3.544750000000000000e+03
6.000000000000000000e+00 3.549750000000000000e+03
3.000000000000000000e+01 3.558750000000000000e+03
6.200000000000000000e+01 3.558900000000000091e+03
4.600000000000000000e+01 3.587050000000000182e+03
3.800000000000000000e+01 3.592950000000000273e+03
7.800000000000000000e+01 3.602250000000000000e+03
5.400000000000000000e+01 3.610750000000000000e+03
3.000000000000000000e+01 3.616250000000000000e+03
6.200000000000000000e+01 3.624300000000000182e+03
3.800000000000000000e+01 3.637800000000000182e+03
7.000000000000000000e+01 3.643450000000000273e+03
7.800000000000000000e+01 3.652800000000000182e+03
4.600000000000000000e+01 3.656250000000000000e+03
6.000000000000000000e+00 3.657900000000000091e+03
1.400000000000000000e+01 3.660250000000000000e+03
3.000000000000000000e+01 3.660400000000000091e+03
6.200000000000000000e+01 3.678500000000000000e+03
7.800000000000000000e+01 3.682200000000000273e+03
7.000000000000000000e+01 3.687500000000000000e+03
3.000000000000000000e+01 3.695200000000000273e+03
4.600000000000000000e+01 3.697700000000000273e+03
6.000000000000000000e+00 3.704250000000000000e+03
2.200000000000000000e+01 3.719300000000000182e+03
1.400000000000000000e+01 3.730400000000000091e+03
7.000000000000000000e+01 3.739150000000000091e+03
3.000000000000000000e+01 3.739700000000000273e+03
6.200000000000000000e+01 3.739950000000000273e+03
6.000000000000000000e+00 3.745849999999999909e+03
4.600000000000000000e+01 3.753050000000000182e+03
7.800000000000000000e+01 3.755150000000000091e+03
3.800000000000000000e+01 3.756849999999999909e+03
5.400000000000000000e+01 3.783550000000000182e+03
3.000000000000000000e+01 3.785599999999999909e+03
6.000000000000000000e+00 3.793000000000000000e+03
4.600000000000000000e+01 3.793200000000000273e+03
1.400000000000000000e+01 3.795000000000000000e+03
2.200000000000000000e+01 3.796950000000000273e+03
6.200000000000000000e+01 3.800500000000000000e+03
7.000000000000000000e+01 3.802800000000000182e+03
3.800000000000000000e+01 3.832050000000000182e+03
6.000000000000000000e+00 3.833900000000000091e+03
7.000000000000000000e+01 3.841950000000000273e+03
1.400000000000000000e+01 3.842900000000000091e+03
7.800000000000000000e+01 3.852000000000000000e+03
6.200000000000000000e+01 3.859450000000000273e+03
2.200000000000000000e+01 3.862300000000000182e+03
4.600000000000000000e+01 3.862849999999999909e+03
3.000000000000000000e+01 3.865400000000000091e+03
3.800000000000000000e+01 3.871550000000000182e+03
5.400000000000000000e+01 3.884000000000000000e+03
6.000000000000000000e+00 3.885050000000000182e+03
6.200000000000000000e+01 3.897300000000000182e+03
2.200000000000000000e+01 3.897849999999999909e+03
7.000000000000000000e+01 3.907349999999999909e+03
7.800000000000000000e+01 3.907550000000000182e+03
1.400000000000000000e+01 3.913200000000000273e+03
4.600000000000000000e+01 3.913750000000000000e+03
3.000000000000000000e+01 3.919300000000000182e+03
5.400000000000000000e+01 3.936550000000000182e+03
7.000000000000000000e+01 3.941700000000000273e+03
3.800000000000000000e+01 3.942250000000000000e+03
2.200000000000000000e+01 3.947400000000000091e+03
6.000000000000000000e+00 3.950400000000000091e+03
4.600000000000000000e+01 3.961849999999999909e+03
1.400000000000000000e+01 3.965349999999999909e+03
3.000000000000000000e+01 3.969250000000000000e+03
7.800000000000000000e+01 3.977400000000000091e+03
7.000000000000000000e+01 3.977450000000000273e+03
3.800000000000000000e+01 3.988800000000000182e+03
6.200000000000000000e+01 4.002550000000000182e+03
2.200000000000000000e+01 4.005000000000000000e+03
6.000000000000000000e+00 4.018050000000000182e+03
7.800000000000000000e+01 4.023500000000000000e+03
7.000000000000000000e+01 4.026200000000000273e+03
1.400000000000000000e+01 4.030800000000000182e+03
3.800000000000000000e+01 4.037950000000000273e+03
5.400000000000000000e+01 4.054750000000000000e+03
2.200000000000000000e+01 4.064950000000000273e+03
6.000000000000000000e+00 4.065450000000000273e+03
6.200000000000000000e+01 4.065550000000000182e+03
7.000000000000000000e+01 4.066500000000000000e+03
7.800000000000000000e+01 4.068200000000000273e+03
1.400000000000000000e+01 4.072849999999999909e+03
3.800000000000000000e+01 4.075750000000000000e+03
3.000000000000000000e+01 4.092050000000000182e+03
4.600000000000000000e+01 4.092750000000000000e+03
1.400000000000000000e+01 4.101899999999999636e+03
7.800000000000000000e+01 4.108000000000000000e+03
2.200000000000000000e+01 4.109050000000000182e+03
6.000000000000000000e+00 4.110949999999999818e+03
6.200000000000000000e+01 4.141649999999999636e+03
2.200000000000000000e+01 4.143850000000000364e+03
7.000000000000000000e+01 4.152500000000000000e+03
7.800000000000000000e+01 4.154800000000000182e+03
1.400000000000000000e+01 4.154949999999999818e+03
3.000000000000000000e+01 4.161350000000000364e+03
6.000000000000000000e+00 4.170699999999999818e+03
3.800000000000000000e+01 4.178449999999999818e+03
2.200000000000000000e+01 4.180850000000000364e+03
6.200000000000000000e+01 4.190100000000000364e+03
7.800000000000000000e+01 4.210250000000000000e+03
5.400000000000000000e+01 4.223199999999999818e+03
3.000000000000000000e+01 4.228250000000000000e+03
2.200000000000000000e+01 4.237550000000000182e+03
7.000000000000000000e+01 4.251899999999999636e+03
4.600000000000000000e+01 4.252149999999999636e+03
1.400000000000000000e+01 4.253550000000000182e+03
3.800000000000000000e+01 4.253899999999999636e+03
3.800000000000000000e+01 4.296449999999999818e+03
4.600000000000000000e+01 4.297750000000000000e+03
5.400000000000000000e+01 4.299350000000000364e+03
6.200000000000000000e+01 4.300899999999999636e+03
1.400000000000000000e+01 4.310750000000000000e+03
3.000000000000000000e+01 4.313500000000000000e+03
2.200000000000000000e+01 4.313600000000000364e+03
7.000000000000000000e+01 4.319300000000000182e+03
6.000000000000000000e+00 4.328300000000000182e+03
5.400000000000000000e+01 4.338800000000000182e+03
7.000000000000000000e+01 4.353899999999999636e+03
1.400000000000000000e+01 4.354500000000000000e+03
6.200000000000000000e+01 4.361100000000000364e+03
3.800000000000000000e+01 4.372199999999999818e+03
4.600000000000000000e+01 4.373949999999999818e+03
7.800000000000000000e+01 4.374050000000000182e+03
3.000000000000000000e+01 4.374500000000000000e+03
2.200000000000000000e+01 4.376000000000000000e+03
5.400000000000000000e+01 4.382400000000000546e+03
6.000000000000000000e+00 4.397699999999999818e+03
7.000000000000000000e+01 4.406449999999999818e+03
1.400000000000000000e+01 4.407300000000000182e+03
3.000000000000000000e+01 4.410400000000000546e+03
2.200000000000000000e+01 4.412050000000000182e+03
6.200000000000000000e+01 4.415350000000000364e+03
7.800000000000000000e+01 4.441250000000000000e+03
3.800000000000000000e+01 4.448100000000000364e+03
3.000000000000000000e+01 4.450750000000000000e+03
7.000000000000000000e+01 4.452500000000000000e+03
1.400000000000000000e+01 4.452850000000000364e+03
2.200000000000000000e+01 4.453800000000000182e+03
6.200000000000000000e+01 4.459400000000000546e+03
6.000000000000000000e+00 4.462449999999999818e+03
7.800000000000000000e+01 4.482850000000000364e+03
4.600000000000000000e+01 4.483550000000000182e+03
5.400000000000000000e+01 4.491699999999999818e+03
1.400000000000000000e+01 4.501850000000000364e+03
6.200000000000000000e+01 4.504350000000000364e+03
7.000000000000000000e+01 4.505400000000000546e+03
6.000000000000000000e+00 4.509250000000000000e+03
3.800000000000000000e+01 4.511050000000000182e+03
4.600000000000000000e+01 4.520100000000000364e+03
5.400000000000000000e+01 4.536000000000000000e+03
1.400000000000000000e+01 4.536100000000000364e+03
7.000000000000000000e+01 4.541400000000000546e+03
7.800000000000000000e+01 4.541500000000000000e+03
3.000000000000000000e+01 4.557449999999999818e+03
6.000000000000000000e+00 4.558699999999999818e+03
6.200000000000000000e+01 4.560949999999999818e+03
3.800000000000000000e+01 4.570350000000000364e+03
2.200000000000000000e+01 4.578850000000000364e+03
5.400000000000000000e+01 4.580500000000000000e+03
3.000000000000000000e+01 4.591050000000000182e+03
5.400000000000000000e+01 4.612150000000000546e+03
1.400000000000000000e+01 4.614000000000000000e+03
7.800000000000000000e+01 4.617400000000000546e+03
3.800000000000000000e+01 4.618449999999999818e+03
2.200000000000000000e+01 4.619400000000000546e+03
7.000000000000000000e+01 4.621050000000000182e+03
6.200000000000000000e+01 4.635350000000000364e+03
6.000000000000000000e+00 4.649400000000000546e+03
3.000000000000000000e+01 4.657400000000000546e+03
4.600000000000000000e+01 4.658750000000000000e+03
2.200000000000000000e+01 4.659900000000000546e+03
7.800000000000000000e+01 4.674850000000000364e+03
3.800000000000000000e+01 4.675949999999999818e+03
6.000000000000000000e+00 4.681000000000000000e+03
5.400000000000000000e+01 4.685100000000000364e+03
2.200000000000000000e+01 4.699150000000000546e+03
7.000000000000000000e+01 4.707600000000000364e+03
3.800000000000000000e+01 4.710250000000000000e+03
4.600000000000000000e+01 4.711100000000000364e+03
1.400000000000000000e+01 4.713300000000000182e+03
3.000000000000000000e+01 4.715050000000000182e+03
5.400000000000000000e+01 4.727199999999999818e+03
2.200000000000000000e+01 4.737449999999999818e+03
6.200000000000000000e+01 4.739900000000000546e+03
1.400000000000000000e+01 4.744900000000000546e+03
7.800000000000000000e+01 4.748199999999999818e+03
3.800000000000000000e+01 4.756949999999999818e+03
7.000000000000000000e+01 4.764000000000000000e+03
4.600000000000000000e+01 4.765699999999999818e+03
5.400000000000000000e+01 4.778199999999999818e+03
6.200000000000000000e+01 4.779199999999999818e+03
3.000000000000000000e+01 4.786900000000000546e+03
1.400000000000000000e+01 4.787100000000000364e+03
7.800000000000000000e+01 4.788900000000000546e+03
6.000000000000000000e+00 4.790400000000000546e+03
7.000000000000000000e+01 4.795000000000000000e+03
2.200000000000000000e+01 4.799550000000000182e+03
3.800000000000000000e+01 4.801750000000000000e+03
3.000000000000000000e+01 4.817000000000000000e+03
5.400000000000000000e+01 4.826150000000000546e+03
1.400000000000000000e+01 4.826400000000000546e+03
2.200000000000000000e+01 4.828050000000000182e+03
4.600000000000000000e+01 4.830750000000000000e+03
6.200000000000000000e+01 4.842250000000000000e+03
3.000000000000000000e+01 4.843400000000000546e+03
7.000000000000000000e+01 4.844449999999999818e+03
3.800000000000000000e+01 4.860750000000000000e+03
5.400000000000000000e+01 4.860900000000000546e+03
7.800000000000000000e+01 4.867949999999999818e+03
1.400000000000000000e+01 4.871250000000000000e+03
2.200000000000000000e+01 4.874400000000000546e+03
6.200000000000000000e+01 4.877400000000000546e+03
6.000000000000000000e+00 4.879800000000000182e+03
4.600000000000000000e+01 4.881000000000000000e+03
5.400000000000000000e+01 4.887699999999999818e+03
7.000000000000000000e+01 4.896650000000000546e+03
3.000000000000000000e+01 4.902000000000000000e+03
2.200000000000000000e+01 4.904300000000000182e+03
3.800000000000000000e+01 4.910449999999999818e+03
1.400000000000000000e+01 4.911600000000000364e+03
7.800000000000000000e+01 4.917500000000000000e+03
6.200000000000000000e+01 4.927550000000000182e+03
5.400000000000000000e+01 4.931800000000000182e+03
4.600000000000000000e+01 4.935199999999999818e+03
6.000000000000000000e+00 4.945699999999999818e+03
7.800000000000000000e+01 4.955850000000000364e+03
2.200000000000000000e+01 4.960699999999999818e+03
3.000000000000000000e+01 4.969500000000000000e+03
5.400000000000000000e+01 4.969650000000000546e+03
7.000000000000000000e+01 4.997650000000000546e+03
7.800000000000000000e+01 4.999699999999999818e+03
6.000000000000000000e+00 4.999850000000000364e+03
1.400000000000000000e+01 5.004150000000000546e+03
2.200000000000000000e+01 5.005350000000000364e+03
4.600000000000000000e+01 5.006949999999999818e+03
3.800000000000000000e+01 5.008900000000000546e+03
3.000000000000000000e+01 5.010000000000000000e+03
6.200000000000000000e+01 5.013900000000000546e+03
5.400000000000000000e+01 5.033250000000000000e+03
6.000000000000000000e+00 5.042350000000000364e+03
7.800000000000000000e+01 5.044850000000000364e+03
7.000000000000000000e+01 5.048100000000000364e+03
6.200000000000000000e+01 5.054150000000000546e+03
4.600000000000000000e+01 5.055949999999999818e+03
2.200000000000000000e+01 5.063550000000000182e+03
1.400000000000000000e+01 5.063949999999999818e+03
3.000000000000000000e+01 5.065750000000000000e+03
3.800000000000000000e+01 5.067300000000000182e+03
6.000000000000000000e+00 5.078600000000000364e+03
5.400000000000000000e+01 5.082250000000000000e+03
7.800000000000000000e+01 5.087949999999999818e+03
6.200000000000000000e+01 5.090600000000000364e+03
4.600000000000000000e+01 5.096900000000000546e+03
3.000000000000000000e+01 5.098900000000000546e+03
1.400000000000000000e+01 5.104600000000000364e+03
2.200000000000000000e+01 5.107000000000000000e+03
3.800000000000000000e+01 5.108650000000000546e+03
7.000000000000000000e+01 5.109350000000000364e+03
7.800000000000000000e+01 5.127000000000000000e+03
6.000000000000000000e+00 5.127350000000000364e+03
5.400000000000000000e+01 5.129050000000000182e+03
3.000000000000000000e+01 5.133800000000000182e+03
1.400000000000000000e+01 5.146150000000000546e+03
7.000000000000000000e+01 5.147300000000000182e+03
2.200000000000000000e+01 5.152400000000000546e+03
6.200000000000000000e+01 5.154400000000000546e+03
4.600000000000000000e+01 5.160400000000000546e+03
6.000000000000000000e+00 5.170550000000000182e+03
7.800000000000000000e+01 5.175449999999999818e+03
5.400000000000000000e+01 5.178400000000000546e+03
3.000000000000000000e+01 5.183199999999999818e+03
2.200000000000000000e+01 5.192699999999999818e+03
3.800000000000000000e+01 5.196949999999999818e+03
6.200000000000000000e+01 5.197699999999999818e+03
7.800000000000000000e+01 5.202550000000000182e+03
7.000000000000000000e+01 5.204900000000000546e+03
6.000000000000000000e+00 5.210750000000000000e+03
1.400000000000000000e+01 5.216500000000000000e+03
6.200000000000000000e+01 5.224300000000000182e+03
4.600000000000000000e+01 5.225050000000000182e+03
5.400000000000000000e+01 5.230650000000000546e+03
3.800000000000000000e+01 5.233650000000000546e+03
7.000000000000000000e+01 5.236400000000000546e+03
2.200000000000000000e+01 5.237250000000000000e+03
1.400000000000000000e+01 5.241650000000000546e+03
7.800000000000000000e+01 5.242850000000000364e+03
5.400000000000000000e+01 5.259300000000000182e+03
3.000000000000000000e+01 5.259650000000000546e+03
6.000000000000000000e+00 5.259949999999999818e+03
6.200000000000000000e+01 5.263400000000000546e+03
3.800000000000000000e+01 5.267050000000000182e+03
4.600000000000000000e+01 5.270150000000000546e+03
2.200000000000000000e+01 5.274500000000000000e+03
7.800000000000000000e+01 5.278100000000000364e+03
1.400000000000000000e+01 5.278550000000000182e+03
7.000000000000000000e+01 5.281750000000000000e+03
1.400000000000000000e+01 5.303250000000000000e+03
2.200000000000000000e+01 5.307550000000000182e+03
3.000000000000000000e+01 5.312500000000000000e+03
7.800000000000000000e+01 5.312699999999999818e+03
6.000000000000000000e+00 5.312750000000000000e+03
6.200000000000000000e+01 5.315199999999999818e+03
4.600000000000000000e+01 5.317150000000000546e+03
7.000000000000000000e+01 5.317850000000000364e+03
5.400000000000000000e+01 5.354699999999999818e+03
6.000000000000000000e+00 5.355350000000000364e+03
7.800000000000000000e+01 5.356199999999999818e+03
1.400000000000000000e+01 5.358000000000000000e+03
4.600000000000000000e+01 5.367800000000000182e+03
3.000000000000000000e+01 5.369600000000000364e+03
7.000000000000000000e+01 5.372199999999999818e+03
2.200000000000000000e+01 5.380250000000000000e+03
3.800000000000000000e+01 5.380500000000000000e+03
6.200000000000000000e+01 5.393750000000000000e+03
5.400000000000000000e+01 5.395199999999999818e+03
1.400000000000000000e+01 5.397850000000000364e+03
4.600000000000000000e+01 5.400699999999999818e+03
7.800000000000000000e+01 5.411050000000000182e+03
2.200000000000000000e+01 5.422750000000000000e+03
3.000000000000000000e+01 5.425300000000000182e+03
7.000000000000000000e+01 5.428949999999999818e+03
1.400000000000000000e+01 5.429800000000000182e+03
6.000000000000000000e+00 5.436150000000000546e+03
3.800000000000000000e+01 5.448949999999999818e+03
4.600000000000000000e+01 5.456900000000000546e+03
2.200000000000000000e+01 5.458850000000000364e+03
7.800000000000000000e+01 5.460949999999999818e+03
3.000000000000000000e+01 5.461150000000000546e+03
6.000000000000000000e+00 5.464750000000000000e+03
5.400000000000000000e+01 5.470699999999999818e+03
1.400000000000000000e+01 5.476100000000000364e+03
6.200000000000000000e+01 5.481750000000000000e+03
7.800000000000000000e+01 5.488449999999999818e+03
7.000000000000000000e+01 5.495800000000000182e+03
3.800000000000000000e+01 5.502750000000000000e+03
3.000000000000000000e+01 5.507199999999999818e+03
1.400000000000000000e+01 5.508750000000000000e+03
6.000000000000000000e+00 5.510949999999999818e+03
5.400000000000000000e+01 5.525850000000000364e+03
2.200000000000000000e+01 5.534900000000000546e+03
7.000000000000000000e+01 5.540650000000000546e+03
7.800000000000000000e+01 5.548199999999999818e+03
4.600000000000000000e+01 5.552050000000000182e+03
6.000000000000000000e+00 5.560150000000000546e+03
1.400000000000000000e+01 5.561750000000000000e+03
3.800000000000000000e+01 5.563800000000000182e+03
5.400000000000000000e+01 5.568850000000000364e+03
3.000000000000000000e+01 5.578800000000000182e+03
7.800000000000000000e+01 5.583900000000000546e+03
7.000000000000000000e+01 5.586900000000000546e+03
3.800000000000000000e+01 5.590550000000000182e+03
4.600000000000000000e+01 5.596150000000000546e+03
6.200000000000000000e+01 5.596750000000000000e+03
2.200000000000000000e+01 5.596900000000000546e+03
6.000000000000000000e+00 5.598350000000000364e+03
1.400000000000000000e+01 5.605000000000000000e+03
5.400000000000000000e+01 5.614449999999999818e+03
7.800000000000000000e+01 5.618850000000000364e+03
3.800000000000000000e+01 5.632300000000000182e+03
7.000000000000000000e+01 5.633000000000000000e+03
4.600000000000000000e+01 5.633350000000000364e+03
1.400000000000000000e+01 5.638800000000000182e+03
3.000000000000000000e+01 5.642850000000000364e+03
6.000000000000000000e+00 5.654150000000000546e+03
7.800000000000000000e+01 5.656350000000000364e+03
6.200000000000000000e+01 5.657000000000000000e+03
2.200000000000000000e+01 5.659800000000000182e+03
5.400000000000000000e+01 5.666100000000000364e+03
6.000000000000000000e+00 5.680850000000000364e+03
3.800000000000000000e+01 5.681050000000000182e+03
7.800000000000000000e+01 5.689400000000000546e+03
7.000000000000000000e+01 5.695600000000000364e+03
6.200000000000000000e+01 5.699900000000000546e+03
4.600000000000000000e+01 5.704750000000000000e+03
2.200000000000000000e+01 5.707300000000000182e+03
5.400000000000000000e+01 5.710199999999999818e+03
1.400000000000000000e+01 5.717750000000000000e+03
6.000000000000000000e+00 5.726800000000000182e+03
7.800000000000000000e+01 5.726800000000000182e+03
3.800000000000000000e+01 5.737050000000000182e+03
2.200000000000000000e+01 5.749600000000000364e+03
7.000000000000000000e+01 5.750050000000000182e+03
1.400000000000000000e+01 5.753250000000000000e+03
3.000000000000000000e+01 5.753250000000000000e+03
5.400000000000000000e+01 5.755000000000000000e+03
4.600000000000000000e+01 5.757050000000000182e+03
7.800000000000000000e+01 5.762400000000000546e+03
6.200000000000000000e+01 5.767900000000000546e+03
1.400000000000000000e+01 5.786949999999999818e+03
3.000000000000000000e+01 5.789800000000000182e+03
4.600000000000000000e+01 5.794300000000000182e+03
2.200000000000000000e+01 5.794699999999999818e+03
7.000000000000000000e+01 5.800350000000000364e+03
3.800000000000000000e+01 5.802000000000000000e+03
6.000000000000000000e+00 5.802150000000000546e+03
7.800000000000000000e+01 5.802699999999999818e+03
6.200000000000000000e+01 5.810800000000000182e+03
5.400000000000000000e+01 5.819100000000000364e+03
1.400000000000000000e+01 5.833250000000000000e+03
2.200000000000000000e+01 5.844449999999999818e+03
3.800000000000000000e+01 5.844850000000000364e+03
4.600000000000000000e+01 5.844850000000000364e+03
7.800000000000000000e+01 5.848850000000000364e+03
3.000000000000000000e+01 5.851400000000000546e+03
6.200000000000000000e+01 5.854600000000000364e+03
3.800000000000000000e+01 5.871600000000000364e+03
7.000000000000000000e+01 5.873100000000000364e+03
1.400000000000000000e+01 5.875699999999999818e+03
2.200000000000000000e+01 5.875900000000000546e+03
5.400000000000000000e+01 5.875900000000000546e+03
3.000000000000000000e+01 5.882699999999999818e+03
7.800000000000000000e+01 5.882750000000000000e+03
4.600000000000000000e+01 5.883100000000000364e+03
6.200000000000000000e+01 5.895699999999999818e+03
6.000000000000000000e+00 5.902350000000000364e+03
5.400000000000000000e+01 5.915300000000000182e+03
7.800000000000000000e+01 5.925850000000000364e+03
6.200000000000000000e+01 5.934050000000000182e+03
1.400000000000000000e+01 5.934350000000000364e+03
2.200000000000000000e+01 5.934500000000000000e+03
3.000000000000000000e+01 5.935699999999999818e+03
7.000000000000000000e+01 5.936449999999999818e+03
6.000000000000000000e+00 5.936600000000000364e+03
4.600000000000000000e+01 5.947500000000000000e+03
5.400000000000000000e+01 5.950850000000000364e+03
3.800000000000000000e+01 5.961400000000000546e+03
2.200000000000000000e+01 5.967900000000000546e+03
7.800000000000000000e+01 5.979100000000000364e+03
6.000000000000000000e+00 5.979800000000000182e+03
6.200000000000000000e+01 5.985800000000000182e+03
1.400000000000000000e+01 5.992900000000000546e+03
3.000000000000000000e+01 5.995600000000000364e+03
7.000000000000000000e+01 5.998800000000000182e+03
5.400000000000000000e+01 6.006050000000000182e+03
7.800000000000000000e+01 6.008800000000000182e+03
4.600000000000000000e+01 6.009600000000000364e+03
6.000000000000000000e+00 6.011150000000000546e+03
2.200000000000000000e+01 6.012699999999999818e+03
6.200000000000000000e+01 6.028949999999999818e+03
3.000000000000000000e+01 6.032150000000000546e+03
7.000000000000000000e+01 6.033250000000000000e+03
3.800000000000000000e+01 6.035449999999999818e+03
1.400000000000000000e+01 6.040400000000000546e+03
6.000000000000000000e+00 6.050449999999999818e+03
5.400000000000000000e+01 6.051050000000000182e+03
4.600000000000000000e+01 6.064449999999999818e+03
7.800000000000000000e+01 6.069600000000000364e+03
7.000000000000000000e+01 6.072050000000000182e+03
3.800000000000000000e+01 6.075850000000000364e+03
3.000000000000000000e+01 6.080699999999999818e+03
5.400000000000000000e+01 6.083250000000000000e+03
2.200000000000000000e+01 6.086800000000000182e+03
1.400000000000000000e+01 6.088500000000000000e+03
6.000000000000000000e+00 6.100900000000000546e+03
6.200000000000000000e+01 6.101400000000000546e+03
7.000000000000000000e+01 6.107050000000000182e+03
7.800000000000000000e+01 6.108300000000000182e+03
3.800000000000000000e+01 6.110300000000000182e+03
5.400000000000000000e+01 6.116449999999999818e+03
1.400000000000000000e+01 6.126000000000000000e+03
6.000000000000000000e+00 6.135100000000000364e+03
4.600000000000000000e+01 6.136699999999999818e+03
3.000000000000000000e+01 6.141949999999999818e+03
7.000000000000000000e+01 6.144400000000000546e+03
7.800000000000000000e+01 6.146800000000000182e+03
6.200000000000000000e+01 6.148949999999999818e+03
3.800000000000000000e+01 6.152900000000000546e+03
5.400000000000000000e+01 6.164300000000000182e+03
1.400000000000000000e+01 6.164949999999999818e+03
7.000000000000000000e+01 6.165350000000000364e+03
4.600000000000000000e+01 6.171500000000000000e+03
6.000000000000000000e+00 6.173250000000000000e+03
2.200000000000000000e+01 6.195250000000000000e+03
4.600000000000000000e+01 6.203100000000000364e+03
6.200000000000000000e+01 6.203199999999999818e+03
3.000000000000000000e+01 6.204150000000000546e+03
6.000000000000000000e+00 6.207750000000000000e+03
1.400000000000000000e+01 6.222050000000000182e+03
7.000000000000000000e+01 6.223900000000000546e+03
3.800000000000000000e+01 6.226650000000000546e+03
5.400000000000000000e+01 6.235750000000000000e+03
2.200000000000000000e+01 6.245900000000000546e+03
7.800000000000000000e+01 6.248350000000000364e+03
7.000000000000000000e+01 6.250900000000000546e+03
1.400000000000000000e+01 6.256949999999999818e+03
3.800000000000000000e+01 6.257750000000000000e+03
3.000000000000000000e+01 6.258000000000000000e+03
5.400000000000000000e+01 6.266250000000000000e+03
6.000000000000000000e+00 6.267650000000000546e+03
7.000000000000000000e+01 6.279949999999999818e+03
1.400000000000000000e+01 6.282750000000000000e+03
2.200000000000000000e+01 6.285900000000000546e+03
6.200000000000000000e+01 6.290050000000000182e+03
7.800000000000000000e+01 6.294150000000000546e+03
6.000000000000000000e+00 6.295449999999999818e+03
3.800000000000000000e+01 6.296600000000000364e+03
4.600000000000000000e+01 6.307850000000000364e+03
5.400000000000000000e+01 6.314699999999999818e+03
1.400000000000000000e+01 6.322949999999999818e+03
7.000000000000000000e+01 6.323550000000000182e+03
3.000000000000000000e+01 6.334650000000000546e+03
2.200000000000000000e+01 6.340100000000000364e+03
3.800000000000000000e+01 6.344100000000000364e+03
6.000000000000000000e+00 6.346600000000000364e+03
5.400000000000000000e+01 6.348949999999999818e+03
7.800000000000000000e+01 6.352250000000000000e+03
6.200000000000000000e+01 6.355600000000000364e+03
7.000000000000000000e+01 6.359400000000000546e+03
1.400000000000000000e+01 6.363650000000000546e+03
4.600000000000000000e+01 6.365300000000000182e+03
2.200000000000000000e+01 6.379199999999999818e+03
3.000000000000000000e+01 6.380650000000000546e+03
7.800000000000000000e+01 6.392400000000000546e+03
6.000000000000000000e+00 6.392600000000000364e+03
5.400000000000000000e+01 6.393850000000000364e+03
3.800000000000000000e+01 6.409900000000000546e+03
2.200000000000000000e+01 6.419550000000000182e+03
3.000000000000000000e+01 6.421550000000000182e+03
7.000000000000000000e+01 6.421699999999999818e+03
4.600000000000000000e+01 6.422750000000000000e+03
1.400000000000000000e+01 6.425050000000000182e+03
6.200000000000000000e+01 6.432300000000000182e+03
7.800000000000000000e+01 6.433199999999999818e+03
3.800000000000000000e+01 6.441050000000000182e+03
5.400000000000000000e+01 6.444449999999999818e+03
7.000000000000000000e+01 6.449199999999999818e+03
3.000000000000000000e+01 6.461949999999999818e+03
4.600000000000000000e+01 6.467400000000000546e+03
6.000000000000000000e+00 6.467949999999999818e+03
5.400000000000000000e+01 6.468300000000000182e+03
3.800000000000000000e+01 6.469000000000000000e+03
2.200000000000000000e+01 6.471300000000000182e+03
7.800000000000000000e+01 6.484150000000000546e+03
7.000000000000000000e+01 6.487500000000000000e+03
1.400000000000000000e+01 6.490699999999999818e+03
6.200000000000000000e+01 6.495250000000000000e+03
5.400000000000000000e+01 6.499100000000000364e+03
6.000000000000000000e+00 6.502600000000000364e+03
4.600000000000000000e+01 6.509850000000000364e+03
7.000000000000000000e+01 6.515150000000000546e+03
2.200000000000000000e+01 6.518900000000000546e+03
3.800000000000000000e+01 6.529150000000000546e+03
6.200000000000000000e+01 6.533100000000000364e+03
5.400000000000000000e+01 6.535150000000000546e+03
4.600000000000000000e+01 6.539449999999999818e+03
1.400000000000000000e+01 6.541449999999999818e+03
3.000000000000000000e+01 6.542900000000000546e+03
7.800000000000000000e+01 6.546500000000000000e+03
7.000000000000000000e+01 6.551900000000000546e+03
3.800000000000000000e+01 6.562300000000000182e+03
6.200000000000000000e+01 6.564100000000000364e+03
6.000000000000000000e+00 6.568650000000000546e+03
2.200000000000000000e+01 6.569650000000000546e+03
3.000000000000000000e+01 6.572350000000000364e+03
4.600000000000000000e+01 6.574449999999999818e+03
7.000000000000000000e+01 6.584949999999999818e+03
5.400000000000000000e+01 6.589449999999999818e+03
7.800000000000000000e+01 6.590949999999999818e+03
1.400000000000000000e+01 6.600699999999999818e+03
6.200000000000000000e+01 6.605199999999999818e+03
3.800000000000000000e+01 6.613050000000000182e+03
7.000000000000000000e+01 6.613900000000000546e+03
7.800000000000000000e+01 6.614150000000000546e+03
4.600000000000000000e+01 6.614600000000000364e+03
6.000000000000000000e+00 6.624350000000000364e+03
2.200000000000000000e+01 6.624699999999999818e+03
5.400000000000000000e+01 6.635100000000000364e+03
3.000000000000000000e+01 6.635400000000000546e+03
7.800000000000000000e+01 6.644150000000000546e+03
1.400000000000000000e+01 6.647550000000000182e+03
3.800000000000000000e+01 6.650000000000000000e+03
7.000000000000000000e+01 6.650750000000000000e+03
6.000000000000000000e+00 6.654699999999999818e+03
4.600000000000000000e+01 6.655650000000000546e+03
6.200000000000000000e+01 6.658400000000000546e+03
3.000000000000000000e+01 6.669199999999999818e+03
7.800000000000000000e+01 6.677350000000000364e+03
3.800000000000000000e+01 6.679000000000000000e+03
2.200000000000000000e+01 6.681250000000000000e+03
5.400000000000000000e+01 6.685000000000000000e+03
4.600000000000000000e+01 6.689500000000000000e+03
6.000000000000000000e+00 6.690850000000000364e+03
1.400000000000000000e+01 6.700900000000000546e+03
7.000000000000000000e+01 6.703900000000000546e+03
3.800000000000000000e+01 6.711850000000000364e+03
5.400000000000000000e+01 6.717350000000000364e+03
4.600000000000000000e+01 6.720250000000000000e+03
2.200000000000000000e+01 6.721449999999999818e+03
7.800000000000000000e+01 6.725650000000000546e+03
7.000000000000000000e+01 6.734750000000000000e+03
3.000000000000000000e+01 6.736949999999999818e+03
6.200000000000000000e+01 6.741449999999999818e+03
1.400000000000000000e+01 6.743400000000000546e+03
3.800000000000000000e+01 6.753550000000000182e+03
4.600000000000000000e+01 6.755050000000000182e+03
6.000000000000000000e+00 6.760600000000000364e+03
7.800000000000000000e+01 6.775150000000000546e+03
5.400000000000000000e+01 6.775250000000000000e+03
6.200000000000000000e+01 6.779900000000000546e+03
7.000000000000000000e+01 6.780000000000000000e+03
3.000000000000000000e+01 6.780350000000000364e+03
1.400000000000000000e+01 6.781800000000000182e+03
2.200000000000000000e+01 6.794800000000000182e+03
6.000000000000000000e+00 6.799449999999999818e+03
3.800000000000000000e+01 6.800500000000000000e+03
4.600000000000000000e+01 6.800949999999999818e+03
3.000000000000000000e+01 6.812800000000000182e+03
5.400000000000000000e+01 6.815699999999999818e+03
2.200000000000000000e+01 6.818000000000000000e+03
1.400000000000000000e+01 6.820949999999999818e+03
6.200000000000000000e+01 6.822750000000000000e+03
7.800000000000000000e+01 6.828800000000000182e+03
7.000000000000000000e+01 6.828850000000000364e+03
3.800000000000000000e+01 6.836100000000000364e+03
2.200000000000000000e+01 6.853949999999999818e+03
3.000000000000000000e+01 6.855300000000000182e+03
4.600000000000000000e+01 6.855650000000000546e+03
7.800000000000000000e+01 6.856100000000000364e+03
6.200000000000000000e+01 6.860100000000000364e+03
6.000000000000000000e+00 6.868500000000000000e+03
1.400000000000000000e+01 6.868650000000000546e+03
3.000000000000000000e+01 6.877000000000000000e+03
2.200000000000000000e+01 6.884100000000000364e+03
7.000000000000000000e+01 6.885449999999999818e+03
4.600000000000000000e+01 6.889800000000000182e+03
7.800000000000000000e+01 6.892449999999999818e+03
3.800000000000000000e+01 6.894699999999999818e+03
6.200000000000000000e+01 6.897600000000000364e+03
1.400000000000000000e+01 6.899500000000000000e+03
5.400000000000000000e+01 6.908250000000000000e+03
6.000000000000000000e+00 6.910199999999999818e+03
3.000000000000000000e+01 6.913050000000000182e+03
2.200000000000000000e+01 6.913350000000000364e+03
7.800000000000000000e+01 6.918800000000000182e+03
6.200000000000000000e+01 6.929500000000000000e+03
7.000000000000000000e+01 6.934150000000000546e+03
4.600000000000000000e+01 6.934500000000000000e+03
1.400000000000000000e+01 6.934800000000000182e+03
3.800000000000000000e+01 6.947350000000000364e+03
6.000000000000000000e+00 6.949350000000000364e+03
5.400000000000000000e+01 6.950600000000000364e+03
2.200000000000000000e+01 6.959400000000000546e+03
4.600000000000000000e+01 6.960400000000000546e+03
1.400000000000000000e+01 6.964699999999999818e+03
7.000000000000000000e+01 6.967550000000000182e+03
3.000000000000000000e+01 6.971100000000000364e+03
7.800000000000000000e+01 6.977199999999999818e+03
6.200000000000000000e+01 6.990000000000000000e+03
5.400000000000000000e+01 6.993449999999999818e+03
3.800000000000000000e+01 6.994400000000000546e+03
1.400000000000000000e+01 6.995900000000000546e+03
6.000000000000000000e+00 6.998250000000000000e+03
2.200000000000000000e+01 6.998900000000000546e+03
3.000000000000000000e+01 7.004100000000000364e+03
4.600000000000000000e+01 7.007400000000000546e+03
7.800000000000000000e+01 7.016100000000000364e+03
6.200000000000000000e+01 7.023000000000000000e+03
1.400000000000000000e+01 7.024800000000000182e+03
7.000000000000000000e+01 7.025100000000000364e+03
2.200000000000000000e+01 7.030199999999999818e+03
5.400000000000000000e+01 7.033150000000000546e+03
6.000000000000000000e+00 7.043449999999999818e+03
3.800000000000000000e+01 7.044300000000000182e+03
7.000000000000000000e+01 7.053800000000000182e+03
3.000000000000000000e+01 7.053850000000000364e+03
4.600000000000000000e+01 7.054250000000000000e+03
7.800000000000000000e+01 7.062949999999999818e+03
1.400000000000000000e+01 7.064100000000000364e+03
5.400000000000000000e+01 7.066500000000000000e+03
2.200000000000000000e+01 7.071900000000000546e+03
6.200000000000000000e+01 7.086199999999999818e+03
6.000000000000000000e+00 7.088000000000000000e+03
3.000000000000000000e+01 7.089400000000000546e+03
4.600000000000000000e+01 7.089500000000000000e+03
7.000000000000000000e+01 7.094000000000000000e+03
1.400000000000000000e+01 7.104750000000000000e+03
5.400000000000000000e+01 7.106150000000000546e+03
7.800000000000000000e+01 7.110250000000000000e+03
2.200000000000000000e+01 7.115800000000000182e+03
3.800000000000000000e+01 7.116500000000000000e+03
6.200000000000000000e+01 7.119100000000000364e+03
4.600000000000000000e+01 7.133050000000000182e+03
3.000000000000000000e+01 7.139600000000000364e+03
6.000000000000000000e+00 7.141199999999999818e+03
7.800000000000000000e+01 7.150000000000000000e+03
3.800000000000000000e+01 7.152150000000000546e+03
7.000000000000000000e+01 7.152699999999999818e+03
2.200000000000000000e+01 7.156449999999999818e+03
1.400000000000000000e+01 7.156800000000000182e+03
5.400000000000000000e+01 7.164300000000000182e+03
6.200000000000000000e+01 7.170250000000000000e+03
3.000000000000000000e+01 7.176699999999999818e+03
4.600000000000000000e+01 7.178500000000000000e+03
7.000000000000000000e+01 7.183050000000000182e+03
6.000000000000000000e+00 7.189300000000000182e+03
2.200000000000000000e+01 7.193500000000000000e+03
7.800000000000000000e+01 7.198550000000000182e+03
3.800000000000000000e+01 7.202000000000000000e+03
3.000000000000000000e+01 7.210300000000000182e+03
5.400000000000000000e+01 7.210650000000000546e+03
1.400000000000000000e+01 7.213199999999999818e+03
6.000000000000000000e+00 7.219350000000000364e+03
4.600000000000000000e+01 7.225150000000000546e+03
2.200000000000000000e+01 7.236500000000000000e+03
7.800000000000000000e+01 7.236949999999999818e+03
7.000000000000000000e+01 7.240199999999999818e+03
6.200000000000000000e+01 7.242199999999999818e+03
3.800000000000000000e+01 7.245000000000000000e+03
5.400000000000000000e+01 7.253550000000000182e+03
1.400000000000000000e+01 7.253949999999999818e+03
3.000000000000000000e+01 7.255400000000000546e+03
7.800000000000000000e+01 7.260600000000000364e+03
4.600000000000000000e+01 7.269650000000000546e+03
6.000000000000000000e+00 7.272550000000000182e+03
2.200000000000000000e+01 7.275400000000000546e+03
7.000000000000000000e+01 7.282150000000000546e+03
6.200000000000000000e+01 7.284150000000000546e+03
7.800000000000000000e+01 7.285050000000000182e+03
1.400000000000000000e+01 7.285850000000000364e+03
3.000000000000000000e+01 7.286199999999999818e+03
3.800000000000000000e+01 7.287449999999999818e+03
5.400000000000000000e+01 7.308900000000000546e+03
2.200000000000000000e+01 7.310949999999999818e+03
6.000000000000000000e+00 7.317449999999999818e+03
4.600000000000000000e+01 7.320150000000000546e+03
6.200000000000000000e+01 7.322199999999999818e+03
3.800000000000000000e+01 7.322850000000000364e+03
1.400000000000000000e+01 7.324650000000000546e+03
7.000000000000000000e+01 7.327400000000000546e+03
5.400000000000000000e+01 7.343500000000000000e+03
2.200000000000000000e+01 7.344600000000000364e+03
1.400000000000000000e+01 7.347500000000000000e+03
3.000000000000000000e+01 7.348050000000000182e+03
6.200000000000000000e+01 7.356850000000000364e+03
6.000000000000000000e+00 7.358250000000000000e+03
7.800000000000000000e+01 7.358550000000000182e+03
3.800000000000000000e+01 7.365100000000000364e+03
7.000000000000000000e+01 7.368199999999999818e+03
1.400000000000000000e+01 7.373699999999999818e+03
2.200000000000000000e+01 7.381650000000000546e+03
5.400000000000000000e+01 7.388400000000000546e+03
6.200000000000000000e+01 7.388449999999999818e+03
6.000000000000000000e+00 7.389800000000000182e+03
7.800000000000000000e+01 7.396949999999999818e+03
3.000000000000000000e+01 7.407500000000000000e+03
2.200000000000000000e+01 7.407850000000000364e+03
3.800000000000000000e+01 7.411500000000000000e+03
4.600000000000000000e+01 7.412100000000000364e+03
6.200000000000000000e+01 7.418000000000000000e+03
7.000000000000000000e+01 7.426850000000000364e+03
1.400000000000000000e+01 7.428949999999999818e+03
6.000000000000000000e+00 7.430300000000000182e+03
5.400000000000000000e+01 7.433650000000000546e+03
3.000000000000000000e+01 7.441650000000000546e+03
2.200000000000000000e+01 7.443949999999999818e+03
3.800000000000000000e+01 7.450300000000000182e+03
7.800000000000000000e+01 7.452500000000000000e+03
4.600000000000000000e+01 7.455900000000000546e+03
6.200000000000000000e+01 7.457300000000000182e+03
5.400000000000000000e+01 7.460449999999999818e+03
6.000000000000000000e+00 7.471850000000000364e+03
2.200000000000000000e+01 7.473949999999999818e+03
1.400000000000000000e+01 7.478250000000000000e+03
3.000000000000000000e+01 7.480050000000000182e+03
7.000000000000000000e+01 7.480650000000000546e+03
5.400000000000000000e+01 7.485400000000000546e+03
4.600000000000000000e+01 7.510199999999999818e+03
7.800000000000000000e+01 7.513199999999999818e+03
7.000000000000000000e+01 7.518449999999999818e+03
3.800000000000000000e+01 7.519699999999999818e+03
1.400000000000000000e+01 7.520150000000000546e+03
6.000000000000000000e+00 7.521400000000000546e+03
6.200000000000000000e+01 7.524300000000000182e+03
2.200000000000000000e+01 7.525199999999999818e+03
5.400000000000000000e+01 7.527100000000000364e+03
3.000000000000000000e+01 7.529000000000000000e+03
7.800000000000000000e+01 7.541050000000000182e+03
3.800000000000000000e+01 7.543000000000000000e+03
4.600000000000000000e+01 7.543199999999999818e+03
5.400000000000000000e+01 7.556300000000000182e+03
2.200000000000000000e+01 7.558850000000000364e+03
6.000000000000000000e+00 7.561600000000000364e+03
7.000000000000000000e+01 7.566100000000000364e+03
1.400000000000000000e+01 7.567250000000000000e+03
3.000000000000000000e+01 7.574350000000000364e+03
3.800000000000000000e+01 7.577199999999999818e+03
4.600000000000000000e+01 7.584750000000000000e+03
6.200000000000000000e+01 7.587449999999999818e+03
7.800000000000000000e+01 7.593750000000000000e+03
7.000000000000000000e+01 7.595100000000000364e+03
5.400000000000000000e+01 7.606150000000000546e+03
1.400000000000000000e+01 7.608750000000000000e+03
3.800000000000000000e+01 7.614850000000000364e+03
2.200000000000000000e+01 7.617300000000000182e+03
6.000000000000000000e+00 7.622800000000000182e+03
6.200000000000000000e+01 7.623800000000000182e+03
3.000000000000000000e+01 7.629350000000000364e+03
3.800000000000000000e+01 7.639699999999999818e+03
7.000000000000000000e+01 7.643350000000000364e+03
1.400000000000000000e+01 7.643949999999999818e+03
2.200000000000000000e+01 7.648600000000000364e+03
7.800000000000000000e+01 7.648550000000000182e+03
5.400000000000000000e+01 7.656100000000000364e+03
4.600000000000000000e+01 7.656449999999999818e+03
6.000000000000000000e+00 7.658250000000000000e+03
6.200000000000000000e+01 7.668449999999999818e+03
1.400000000000000000e+01 7.672850000000000364e+03
3.000000000000000000e+01 7.673850000000000364e+03
3.800000000000000000e+01 7.674850000000000364e+03
2.200000000000000000e+01 7.676199999999999818e+03
5.400000000000000000e+01 7.690949999999999818e+03
7.000000000000000000e+01 7.692100000000000364e+03
7.800000000000000000e+01 7.694949999999999818e+03
4.600000000000000000e+01 7.698449999999999818e+03
6.200000000000000000e+01 7.708949999999999818e+03
6.000000000000000000e+00 7.711949999999999818e+03
3.800000000000000000e+01 7.714100000000000364e+03
1.400000000000000000e+01 7.720500000000000000e+03
5.400000000000000000e+01 7.725949999999999818e+03
3.000000000000000000e+01 7.726100000000000364e+03
2.200000000000000000e+01 7.730600000000000364e+03
7.000000000000000000e+01 7.734400000000000546e+03
4.600000000000000000e+01 7.737699999999999818e+03
7.800000000000000000e+01 7.742600000000000364e+03
6.000000000000000000e+00 7.742750000000000000e+03
6.200000000000000000e+01 7.752300000000000182e+03
2.200000000000000000e+01 7.752550000000000182e+03
3.800000000000000000e+01 7.756400000000000546e+03
1.400000000000000000e+01 7.756449999999999818e+03
5.400000000000000000e+01 7.759400000000000546e+03
4.600000000000000000e+01 7.769250000000000000e+03
7.000000000000000000e+01 7.770350000000000364e+03
2.200000000000000000e+01 7.776400000000000546e+03
6.000000000000000000e+00 7.779050000000000182e+03
7.800000000000000000e+01 7.785650000000000546e+03
3.000000000000000000e+01 7.786600000000000364e+03
1.400000000000000000e+01 7.791650000000000546e+03
6.200000000000000000e+01 7.793550000000000182e+03
4.600000000000000000e+01 7.799050000000000182e+03
5.400000000000000000e+01 7.799400000000000546e+03
3.800000000000000000e+01 7.804300000000000182e+03
7.000000000000000000e+01 7.805449999999999818e+03
3.000000000000000000e+01 7.810550000000000182e+03
2.200000000000000000e+01 7.819449999999999818e+03
6.200000000000000000e+01 7.839800000000000182e+03
1.400000000000000000e+01 7.844199999999999818e+03
6.000000000000000000e+00 7.844250000000000000e+03
4.600000000000000000e+01 7.845900000000000546e+03
7.800000000000000000e+01 7.846650000000000546e+03
3.000000000000000000e+01 7.848050000000000182e+03
3.800000000000000000e+01 7.848300000000000182e+03
5.400000000000000000e+01 7.848949999999999818e+03
7.000000000000000000e+01 7.865800000000000182e+03
2.200000000000000000e+01 7.868900000000000546e+03
6.200000000000000000e+01 7.870250000000000000e+03
1.400000000000000000e+01 7.874500000000000000e+03
3.800000000000000000e+01 7.878350000000000364e+03
6.000000000000000000e+00 7.882750000000000000e+03
3.000000000000000000e+01 7.884050000000000182e+03
7.800000000000000000e+01 7.884449999999999818e+03
4.600000000000000000e+01 7.891550000000000182e+03
5.400000000000000000e+01 7.894500000000000000e+03
2.200000000000000000e+01 7.912850000000000364e+03
1.400000000000000000e+01 7.915250000000000000e+03
3.800000000000000000e+01 7.916150000000000546e+03
7.800000000000000000e+01 7.916300000000000182e+03
3.000000000000000000e+01 7.918300000000000182e+03
6.200000000000000000e+01 7.918800000000000182e+03
6.000000000000000000e+00 7.919800000000000182e+03
7.000000000000000000e+01 7.928600000000000364e+03
5.400000000000000000e+01 7.928800000000000182e+03
4.600000000000000000e+01 7.932750000000000000e+03
7.800000000000000000e+01 7.937199999999999818e+03
3.000000000000000000e+01 7.946500000000000000e+03
3.800000000000000000e+01 7.946449999999999818e+03
6.200000000000000000e+01 7.949449999999999818e+03
2.200000000000000000e+01 7.950199999999999818e+03
1.400000000000000000e+01 7.951449999999999818e+03
6.000000000000000000e+00 7.959199999999999818e+03
4.600000000000000000e+01 7.959600000000000364e+03
7.000000000000000000e+01 7.967750000000000000e+03
7.800000000000000000e+01 7.974850000000000364e+03
5.400000000000000000e+01 7.982850000000000364e+03
2.200000000000000000e+01 7.985199999999999818e+03
1.400000000000000000e+01 7.990850000000000364e+03
3.000000000000000000e+01 7.992050000000000182e+03
6.000000000000000000e+00 7.995350000000000364e+03
6.200000000000000000e+01 8.000900000000000546e+03
6.200000000000000000e+01 8.177100000000000364e+03
3.000000000000000000e+01 8.384549999999999272e+03
7.000000000000000000e+01 8.484799999999999272e+03
1.400000000000000000e+01 8.496799999999999272e+03
1.400000000000000000e+01 9.169250000000000000e+03
4.600000000000000000e+01 9.246100000000000364e+03
4.600000000000000000e+01 9.462300000000001091e+03
6.200000000000000000e+01 9.659700000000000728e+03
5.400000000000000000e+01 1.106360000000000036e+04
6.000000000000000000e+00 1.118930000000000109e+04
2.200000000000000000e+01 1.123375000000000000e+04
7.800000000000000000e+01 1.195545000000000073e+04
2.200000000000000000e+01 1.217645000000000073e+04
3.800000000000000000e+01 1.255230000000000109e+04
1.400000000000000000e+01 1.329170000000000073e+04
5.400000000000000000e+01 1.407925000000000000e+04
4.600000000000000000e+01 1.472300000000000000e+04
6.000000000000000000e+00 1.499560000000000036e+04
3.000000000000000000e+01 1.667609999999999854e+04
7.000000000000000000e+01 1.668200000000000000e+04
6.000000000000000000e+00 1.683120000000000073e+04
6.200000000000000000e+01 1.694450000000000000e+04
1.400000000000000000e+01 1.714100000000000000e+04
2.200000000000000000e+01 1.723115000000000146e+04
3.800000000000000000e+01 1.747129999999999927e+04
1.400000000000000000e+01 1.779954999999999927e+04
6.000000000000000000e+00 1.810504999999999927e+04
6.000000000000000000e+00 1.847140000000000146e+04
5.400000000000000000e+01 1.864950000000000000e+04
7.800000000000000000e+01 1.968854999999999927e+04
3.000000000000000000e+01 1.978485000000000218e+04
1.400000000000000000e+01 2.013525000000000000e+04
1.400000000000000000e+01 2.025670000000000073e+04
5.400000000000000000e+01 2.049925000000000000e+04
2.200000000000000000e+01 2.053690000000000146e+04
7.000000000000000000e+01 2.091800000000000000e+04
7.800000000000000000e+01 2.444060000000000218e+04
1.400000000000000000e+01 2.444325000000000000e+04
1.400000000000000000e+01 2.458625000000000000e+04
3.800000000000000000e+01 2.536225000000000000e+04
1.400000000000000000e+01 2.536429999999999927e+04
3.000000000000000000e+01 2.536685000000000218e+04
7.000000000000000000e+01 2.537395000000000073e+04
1.400000000000000000e+01 2.543110000000000218e+04
4.600000000000000000e+01 2.546050000000000000e+04
4.600000000000000000e+01 2.567004999999999927e+04
6.200000000000000000e+01 2.591500000000000000e+04
1.400000000000000000e+01 2.632135000000000218e+04
4.600000000000000000e+01 2.659560000000000218e+04
1.400000000000000000e+01 2.725785000000000218e+04
2.200000000000000000e+01 2.745400000000000000e+04
5.400000000000000000e+01 2.818870000000000073e+04
4.600000000000000000e+01 2.939675000000000000e+04
4.600000000000000000e+01 3.011545000000000073e+04
3.000000000000000000e+01 3.047460000000000218e+04
6.000000000000000000e+00 3.055470000000000073e+04
6.000000000000000000e+00 3.065860000000000218e+04
2.200000000000000000e+01 3.067945000000000073e+04
7.800000000000000000e+01 3.097150000000000000e+04
5.400000000000000000e+01 3.099885000000000218e+04
6.000000000000000000e+00 3.107290000000000146e+04
7.000000000000000000e+01 3.143395000000000073e+04
5.400000000000000000e+01 3.147395000000000073e+04
1.500000000000000000e+01 1.209000000000000057e+02
7.100000000000000000e+01 6.868999999999999773e+02
7.900000000000000000e+01 7.476499999999999773e+02
6.300000000000000000e+01 8.342000000000000455e+02
6.300000000000000000e+01 9.241499999999999773e+02
1.500000000000000000e+01 1.358850000000000136e+03
7.900000000000000000e+01 1.930700000000000045e+03
2.300000000000000000e+01 2.108500000000000000e+03
6.300000000000000000e+01 2.141900000000000091e+03
3.100000000000000000e+01 2.257500000000000000e+03
5.500000000000000000e+01 2.354250000000000000e+03
4.700000000000000000e+01 2.957450000000000273e+03
7.000000000000000000e+00 3.011200000000000273e+03
7.100000000000000000e+01 3.021050000000000182e+03
6.300000000000000000e+01 3.021849999999999909e+03
2.300000000000000000e+01 3.034900000000000091e+03
3.100000000000000000e+01 3.036250000000000000e+03
5.500000000000000000e+01 3.053599999999999909e+03
7.000000000000000000e+00 3.055500000000000000e+03
6.300000000000000000e+01 3.056950000000000273e+03
7.900000000000000000e+01 3.065349999999999909e+03
3.900000000000000000e+01 3.068550000000000182e+03
7.100000000000000000e+01 3.072750000000000000e+03
4.700000000000000000e+01 3.088200000000000273e+03
3.100000000000000000e+01 3.089849999999999909e+03
7.000000000000000000e+00 3.099650000000000091e+03
5.500000000000000000e+01 3.099700000000000273e+03
7.900000000000000000e+01 3.119750000000000000e+03
6.300000000000000000e+01 3.126200000000000273e+03
3.900000000000000000e+01 3.131349999999999909e+03
1.500000000000000000e+01 3.144099999999999909e+03
3.100000000000000000e+01 3.154250000000000000e+03
7.000000000000000000e+00 3.158300000000000182e+03
4.700000000000000000e+01 3.166900000000000091e+03
3.900000000000000000e+01 3.170250000000000000e+03
6.300000000000000000e+01 3.182349999999999909e+03
2.300000000000000000e+01 3.185050000000000182e+03
1.500000000000000000e+01 3.191000000000000000e+03
7.900000000000000000e+01 3.198849999999999909e+03
7.100000000000000000e+01 3.207300000000000182e+03
3.100000000000000000e+01 3.216450000000000273e+03
4.700000000000000000e+01 3.220800000000000182e+03
3.900000000000000000e+01 3.234700000000000273e+03
6.300000000000000000e+01 3.235750000000000000e+03
1.500000000000000000e+01 3.251349999999999909e+03
7.000000000000000000e+00 3.252349999999999909e+03
7.100000000000000000e+01 3.275700000000000273e+03
4.700000000000000000e+01 3.288550000000000182e+03
6.300000000000000000e+01 3.288650000000000091e+03
3.900000000000000000e+01 3.295099999999999909e+03
5.500000000000000000e+01 3.309450000000000273e+03
7.000000000000000000e+00 3.311150000000000091e+03
7.100000000000000000e+01 3.328250000000000000e+03
3.100000000000000000e+01 3.339099999999999909e+03
2.300000000000000000e+01 3.342650000000000091e+03
4.700000000000000000e+01 3.344450000000000273e+03
5.500000000000000000e+01 3.354300000000000182e+03
7.900000000000000000e+01 3.358000000000000000e+03
7.000000000000000000e+00 3.358550000000000182e+03
3.900000000000000000e+01 3.360200000000000273e+03
7.100000000000000000e+01 3.361349999999999909e+03
6.300000000000000000e+01 3.378700000000000273e+03
3.100000000000000000e+01 3.393599999999999909e+03
4.700000000000000000e+01 3.394750000000000000e+03
3.900000000000000000e+01 3.398700000000000273e+03
2.300000000000000000e+01 3.406349999999999909e+03
7.100000000000000000e+01 3.409550000000000182e+03
7.000000000000000000e+00 3.409950000000000273e+03
5.500000000000000000e+01 3.416349999999999909e+03
7.900000000000000000e+01 3.427450000000000273e+03
3.100000000000000000e+01 3.439900000000000091e+03
6.300000000000000000e+01 3.452099999999999909e+03
1.500000000000000000e+01 3.457000000000000000e+03
7.100000000000000000e+01 3.458050000000000182e+03
3.900000000000000000e+01 3.459800000000000182e+03
7.900000000000000000e+01 3.463750000000000000e+03
2.300000000000000000e+01 3.466900000000000091e+03
7.000000000000000000e+00 3.468450000000000273e+03
5.500000000000000000e+01 3.478400000000000091e+03
1.500000000000000000e+01 3.502099999999999909e+03
2.300000000000000000e+01 3.504950000000000273e+03
7.100000000000000000e+01 3.510599999999999909e+03
3.900000000000000000e+01 3.517050000000000182e+03
7.000000000000000000e+00 3.535650000000000091e+03
6.300000000000000000e+01 3.537150000000000091e+03
3.100000000000000000e+01 3.547050000000000182e+03
5.500000000000000000e+01 3.551200000000000273e+03
4.700000000000000000e+01 3.564000000000000000e+03
1.500000000000000000e+01 3.565050000000000182e+03
7.100000000000000000e+01 3.565400000000000091e+03
7.900000000000000000e+01 3.567800000000000182e+03
2.300000000000000000e+01 3.572099999999999909e+03
7.000000000000000000e+00 3.601800000000000182e+03
1.500000000000000000e+01 3.605750000000000000e+03
4.700000000000000000e+01 3.615599999999999909e+03
6.300000000000000000e+01 3.624099999999999909e+03
7.900000000000000000e+01 3.629099999999999909e+03
2.300000000000000000e+01 3.630250000000000000e+03
3.900000000000000000e+01 3.632400000000000091e+03
7.000000000000000000e+00 3.639349999999999909e+03
5.500000000000000000e+01 3.640099999999999909e+03
3.100000000000000000e+01 3.643500000000000000e+03
4.700000000000000000e+01 3.650700000000000273e+03
7.100000000000000000e+01 3.655200000000000273e+03
1.500000000000000000e+01 3.678900000000000091e+03
5.500000000000000000e+01 3.679150000000000091e+03
4.700000000000000000e+01 3.690500000000000000e+03
6.300000000000000000e+01 3.693250000000000000e+03
7.000000000000000000e+00 3.699500000000000000e+03
2.300000000000000000e+01 3.720599999999999909e+03
1.500000000000000000e+01 3.722800000000000182e+03
7.900000000000000000e+01 3.725700000000000273e+03
3.100000000000000000e+01 3.736000000000000000e+03
3.900000000000000000e+01 3.737650000000000091e+03
4.700000000000000000e+01 3.745000000000000000e+03
7.100000000000000000e+01 3.747250000000000000e+03
6.300000000000000000e+01 3.751650000000000091e+03
7.000000000000000000e+00 3.757450000000000273e+03
7.900000000000000000e+01 3.774050000000000182e+03
4.700000000000000000e+01 3.775500000000000000e+03
2.300000000000000000e+01 3.777599999999999909e+03
5.500000000000000000e+01 3.794599999999999909e+03
7.100000000000000000e+01 3.803650000000000091e+03
3.900000000000000000e+01 3.818650000000000091e+03
7.000000000000000000e+00 3.820800000000000182e+03
1.500000000000000000e+01 3.820900000000000091e+03
3.100000000000000000e+01 3.843950000000000273e+03
6.300000000000000000e+01 3.846950000000000273e+03
4.700000000000000000e+01 3.852900000000000091e+03
1.500000000000000000e+01 3.859599999999999909e+03
5.500000000000000000e+01 3.865000000000000000e+03
7.000000000000000000e+00 3.865300000000000182e+03
2.300000000000000000e+01 3.866200000000000273e+03
3.900000000000000000e+01 3.873200000000000273e+03
7.900000000000000000e+01 3.880599999999999909e+03
6.300000000000000000e+01 3.897400000000000091e+03
7.100000000000000000e+01 3.897400000000000091e+03
3.100000000000000000e+01 3.899650000000000091e+03
3.900000000000000000e+01 3.914099999999999909e+03
7.000000000000000000e+00 3.929250000000000000e+03
5.500000000000000000e+01 3.929250000000000000e+03
2.300000000000000000e+01 3.931550000000000182e+03
6.300000000000000000e+01 3.932050000000000182e+03
4.700000000000000000e+01 3.950849999999999909e+03
1.500000000000000000e+01 3.956450000000000273e+03
3.900000000000000000e+01 3.966250000000000000e+03
7.100000000000000000e+01 3.972950000000000273e+03
5.500000000000000000e+01 3.973650000000000091e+03
7.900000000000000000e+01 3.984800000000000182e+03
6.300000000000000000e+01 3.992750000000000000e+03
7.000000000000000000e+00 3.997150000000000091e+03
3.900000000000000000e+01 4.001099999999999909e+03
1.500000000000000000e+01 4.002099999999999909e+03
2.300000000000000000e+01 4.016650000000000091e+03
4.700000000000000000e+01 4.018200000000000273e+03
3.100000000000000000e+01 4.018349999999999909e+03
7.000000000000000000e+00 4.035500000000000000e+03
1.500000000000000000e+01 4.038550000000000182e+03
3.900000000000000000e+01 4.039700000000000273e+03
5.500000000000000000e+01 4.045099999999999909e+03
6.300000000000000000e+01 4.049750000000000000e+03
7.900000000000000000e+01 4.059150000000000091e+03
2.300000000000000000e+01 4.062599999999999909e+03
4.700000000000000000e+01 4.063900000000000091e+03
3.100000000000000000e+01 4.070900000000000091e+03
7.000000000000000000e+00 4.074099999999999909e+03
1.500000000000000000e+01 4.080150000000000091e+03
7.100000000000000000e+01 4.090250000000000000e+03
5.500000000000000000e+01 4.102000000000000000e+03
7.000000000000000000e+00 4.113199999999999818e+03
6.300000000000000000e+01 4.114050000000000182e+03
4.700000000000000000e+01 4.117800000000000182e+03
3.900000000000000000e+01 4.136399999999999636e+03
2.300000000000000000e+01 4.137100000000000364e+03
7.900000000000000000e+01 4.139850000000000364e+03
3.100000000000000000e+01 4.145000000000000000e+03
1.500000000000000000e+01 4.152750000000000000e+03
4.700000000000000000e+01 4.160550000000000182e+03
7.000000000000000000e+00 4.173600000000000364e+03
7.100000000000000000e+01 4.173550000000000182e+03
5.500000000000000000e+01 4.181500000000000000e+03
7.900000000000000000e+01 4.200000000000000000e+03
6.300000000000000000e+01 4.204550000000000182e+03
4.700000000000000000e+01 4.210649999999999636e+03
3.100000000000000000e+01 4.217649999999999636e+03
2.300000000000000000e+01 4.219750000000000000e+03
7.000000000000000000e+00 4.219850000000000364e+03
1.500000000000000000e+01 4.231350000000000364e+03
3.100000000000000000e+01 4.245100000000000364e+03
7.100000000000000000e+01 4.251050000000000182e+03
5.500000000000000000e+01 4.254949999999999818e+03
7.900000000000000000e+01 4.259750000000000000e+03
4.700000000000000000e+01 4.263750000000000000e+03
3.900000000000000000e+01 4.272350000000000364e+03
2.300000000000000000e+01 4.276250000000000000e+03
7.000000000000000000e+00 4.277600000000000364e+03
3.100000000000000000e+01 4.302750000000000000e+03
4.700000000000000000e+01 4.306550000000000182e+03
7.100000000000000000e+01 4.319449999999999818e+03
1.500000000000000000e+01 4.320949999999999818e+03
2.300000000000000000e+01 4.324500000000000000e+03
5.500000000000000000e+01 4.326199999999999818e+03
3.900000000000000000e+01 4.326649999999999636e+03
6.300000000000000000e+01 4.331399999999999636e+03
7.000000000000000000e+00 4.337500000000000000e+03
4.700000000000000000e+01 4.343649999999999636e+03
7.900000000000000000e+01 4.352149999999999636e+03
7.100000000000000000e+01 4.358600000000000364e+03
5.500000000000000000e+01 4.367100000000000364e+03
3.100000000000000000e+01 4.376000000000000000e+03
6.300000000000000000e+01 4.393100000000000364e+03
7.000000000000000000e+00 4.400300000000000182e+03
4.700000000000000000e+01 4.405100000000000364e+03
7.100000000000000000e+01 4.422699999999999818e+03
1.500000000000000000e+01 4.428449999999999818e+03
7.900000000000000000e+01 4.434600000000000364e+03
3.900000000000000000e+01 4.440400000000000546e+03
6.300000000000000000e+01 4.443100000000000364e+03
5.500000000000000000e+01 4.446600000000000364e+03
2.300000000000000000e+01 4.453050000000000182e+03
7.100000000000000000e+01 4.463500000000000000e+03
3.100000000000000000e+01 4.468150000000000546e+03
7.000000000000000000e+00 4.470900000000000546e+03
3.900000000000000000e+01 4.477050000000000182e+03
1.500000000000000000e+01 4.480100000000000364e+03
6.300000000000000000e+01 4.486050000000000182e+03
4.700000000000000000e+01 4.490600000000000364e+03
7.100000000000000000e+01 4.506400000000000546e+03
2.300000000000000000e+01 4.507150000000000546e+03
1.500000000000000000e+01 4.514350000000000364e+03
7.900000000000000000e+01 4.515949999999999818e+03
3.900000000000000000e+01 4.520949999999999818e+03
5.500000000000000000e+01 4.525100000000000364e+03
6.300000000000000000e+01 4.525449999999999818e+03
7.000000000000000000e+00 4.543750000000000000e+03
3.100000000000000000e+01 4.554199999999999818e+03
3.900000000000000000e+01 4.560449999999999818e+03
7.900000000000000000e+01 4.563449999999999818e+03
4.700000000000000000e+01 4.569400000000000546e+03
6.300000000000000000e+01 4.574600000000000364e+03
5.500000000000000000e+01 4.578449999999999818e+03
3.900000000000000000e+01 4.585699999999999818e+03
1.500000000000000000e+01 4.596050000000000182e+03
7.000000000000000000e+00 4.596800000000000182e+03
3.100000000000000000e+01 4.601500000000000000e+03
6.300000000000000000e+01 4.608500000000000000e+03
2.300000000000000000e+01 4.613050000000000182e+03
4.700000000000000000e+01 4.613449999999999818e+03
7.100000000000000000e+01 4.620250000000000000e+03
5.500000000000000000e+01 4.624350000000000364e+03
1.500000000000000000e+01 4.638949999999999818e+03
3.900000000000000000e+01 4.649000000000000000e+03
3.100000000000000000e+01 4.651300000000000182e+03
7.900000000000000000e+01 4.653449999999999818e+03
7.000000000000000000e+00 4.655900000000000546e+03
2.300000000000000000e+01 4.657100000000000364e+03
5.500000000000000000e+01 4.660000000000000000e+03
4.700000000000000000e+01 4.675650000000000546e+03
3.900000000000000000e+01 4.680199999999999818e+03
7.100000000000000000e+01 4.686000000000000000e+03
5.500000000000000000e+01 4.690600000000000364e+03
1.500000000000000000e+01 4.690800000000000182e+03
6.300000000000000000e+01 4.692300000000000182e+03
2.300000000000000000e+01 4.708850000000000364e+03
7.000000000000000000e+00 4.712100000000000364e+03
3.100000000000000000e+01 4.713699999999999818e+03
7.900000000000000000e+01 4.716550000000000182e+03
3.900000000000000000e+01 4.717449999999999818e+03
5.500000000000000000e+01 4.722199999999999818e+03
4.700000000000000000e+01 4.736550000000000182e+03
7.000000000000000000e+00 4.753250000000000000e+03
1.500000000000000000e+01 4.755500000000000000e+03
7.900000000000000000e+01 4.763199999999999818e+03
6.300000000000000000e+01 4.764750000000000000e+03
4.700000000000000000e+01 4.765050000000000182e+03
3.100000000000000000e+01 4.765800000000000182e+03
5.500000000000000000e+01 4.767400000000000546e+03
6.300000000000000000e+01 4.798949999999999818e+03
5.500000000000000000e+01 4.800800000000000182e+03
2.300000000000000000e+01 4.803850000000000364e+03
4.700000000000000000e+01 4.808650000000000546e+03
7.000000000000000000e+00 4.815699999999999818e+03
1.500000000000000000e+01 4.817150000000000546e+03
3.900000000000000000e+01 4.817900000000000546e+03
7.900000000000000000e+01 4.833949999999999818e+03
3.100000000000000000e+01 4.836449999999999818e+03
5.500000000000000000e+01 4.837000000000000000e+03
4.700000000000000000e+01 4.840650000000000546e+03
1.500000000000000000e+01 4.843250000000000000e+03
2.300000000000000000e+01 4.852199999999999818e+03
7.100000000000000000e+01 4.867300000000000182e+03
5.500000000000000000e+01 4.872150000000000546e+03
3.100000000000000000e+01 4.881750000000000000e+03
7.000000000000000000e+00 4.882050000000000182e+03
6.300000000000000000e+01 4.886300000000000182e+03
1.500000000000000000e+01 4.891500000000000000e+03
7.900000000000000000e+01 4.892300000000000182e+03
7.100000000000000000e+01 4.898300000000000182e+03
3.900000000000000000e+01 4.902699999999999818e+03
4.700000000000000000e+01 4.918150000000000546e+03
7.900000000000000000e+01 4.923650000000000546e+03
7.000000000000000000e+00 4.926650000000000546e+03
3.100000000000000000e+01 4.929250000000000000e+03
6.300000000000000000e+01 4.930650000000000546e+03
5.500000000000000000e+01 4.937000000000000000e+03
2.300000000000000000e+01 4.941949999999999818e+03
1.500000000000000000e+01 4.950400000000000546e+03
7.100000000000000000e+01 4.952150000000000546e+03
3.900000000000000000e+01 4.953449999999999818e+03
4.700000000000000000e+01 4.964699999999999818e+03
2.300000000000000000e+01 4.979600000000000364e+03
7.000000000000000000e+00 4.980050000000000182e+03
6.300000000000000000e+01 4.980350000000000364e+03
3.100000000000000000e+01 4.993750000000000000e+03
7.100000000000000000e+01 4.993900000000000546e+03
7.900000000000000000e+01 4.994949999999999818e+03
4.700000000000000000e+01 5.002350000000000364e+03
3.900000000000000000e+01 5.005449999999999818e+03
5.500000000000000000e+01 5.009600000000000364e+03
2.300000000000000000e+01 5.017699999999999818e+03
7.100000000000000000e+01 5.027250000000000000e+03
1.500000000000000000e+01 5.029150000000000546e+03
7.000000000000000000e+00 5.031150000000000546e+03
7.900000000000000000e+01 5.032850000000000364e+03
3.900000000000000000e+01 5.038750000000000000e+03
3.100000000000000000e+01 5.039400000000000546e+03
5.500000000000000000e+01 5.042100000000000364e+03
7.100000000000000000e+01 5.054150000000000546e+03
4.700000000000000000e+01 5.064300000000000182e+03
7.000000000000000000e+00 5.066300000000000182e+03
3.100000000000000000e+01 5.070100000000000364e+03
7.900000000000000000e+01 5.078500000000000000e+03
6.300000000000000000e+01 5.081600000000000364e+03
5.500000000000000000e+01 5.096100000000000364e+03
7.000000000000000000e+00 5.103000000000000000e+03
3.900000000000000000e+01 5.104500000000000000e+03
1.500000000000000000e+01 5.107600000000000364e+03
3.100000000000000000e+01 5.107949999999999818e+03
2.300000000000000000e+01 5.109699999999999818e+03
7.900000000000000000e+01 5.122850000000000364e+03
7.100000000000000000e+01 5.130449999999999818e+03
5.500000000000000000e+01 5.131050000000000182e+03
6.300000000000000000e+01 5.134750000000000000e+03
7.000000000000000000e+00 5.153199999999999818e+03
3.900000000000000000e+01 5.157550000000000182e+03
3.100000000000000000e+01 5.159100000000000364e+03
7.900000000000000000e+01 5.161600000000000364e+03
4.700000000000000000e+01 5.171300000000000182e+03
2.300000000000000000e+01 5.172300000000000182e+03
1.500000000000000000e+01 5.172400000000000546e+03
7.100000000000000000e+01 5.172500000000000000e+03
3.900000000000000000e+01 5.180699999999999818e+03
5.500000000000000000e+01 5.182550000000000182e+03
7.000000000000000000e+00 5.200199999999999818e+03
6.300000000000000000e+01 5.204600000000000364e+03
4.700000000000000000e+01 5.206250000000000000e+03
1.500000000000000000e+01 5.206600000000000364e+03
3.900000000000000000e+01 5.212300000000000182e+03
3.100000000000000000e+01 5.221750000000000000e+03
2.300000000000000000e+01 5.222699999999999818e+03
7.900000000000000000e+01 5.225600000000000364e+03
5.500000000000000000e+01 5.232949999999999818e+03
7.100000000000000000e+01 5.233050000000000182e+03
4.700000000000000000e+01 5.256699999999999818e+03
3.900000000000000000e+01 5.260500000000000000e+03
2.300000000000000000e+01 5.264750000000000000e+03
7.000000000000000000e+00 5.264949999999999818e+03
7.900000000000000000e+01 5.267699999999999818e+03
1.500000000000000000e+01 5.277949999999999818e+03
5.500000000000000000e+01 5.281100000000000364e+03
6.300000000000000000e+01 5.284100000000000364e+03
7.100000000000000000e+01 5.285949999999999818e+03
4.700000000000000000e+01 5.287600000000000364e+03
7.900000000000000000e+01 5.294750000000000000e+03
3.100000000000000000e+01 5.295550000000000182e+03
1.500000000000000000e+01 5.307699999999999818e+03
3.900000000000000000e+01 5.309100000000000364e+03
2.300000000000000000e+01 5.313300000000000182e+03
7.000000000000000000e+00 5.325800000000000182e+03
4.700000000000000000e+01 5.328400000000000546e+03
5.500000000000000000e+01 5.331100000000000364e+03
7.100000000000000000e+01 5.331600000000000364e+03
3.100000000000000000e+01 5.333699999999999818e+03
3.900000000000000000e+01 5.338699999999999818e+03
7.900000000000000000e+01 5.346400000000000546e+03
6.300000000000000000e+01 5.350300000000000182e+03
2.300000000000000000e+01 5.355100000000000364e+03
4.700000000000000000e+01 5.362100000000000364e+03
7.000000000000000000e+00 5.377100000000000364e+03
3.900000000000000000e+01 5.381449999999999818e+03
1.500000000000000000e+01 5.382199999999999818e+03
3.100000000000000000e+01 5.383600000000000364e+03
7.900000000000000000e+01 5.384900000000000546e+03
4.700000000000000000e+01 5.395400000000000546e+03
5.500000000000000000e+01 5.397600000000000364e+03
2.300000000000000000e+01 5.402500000000000000e+03
7.100000000000000000e+01 5.405300000000000182e+03
7.000000000000000000e+00 5.406949999999999818e+03
6.300000000000000000e+01 5.406949999999999818e+03
7.900000000000000000e+01 5.412800000000000182e+03
1.500000000000000000e+01 5.428400000000000546e+03
3.100000000000000000e+01 5.432850000000000364e+03
6.300000000000000000e+01 5.438199999999999818e+03
5.500000000000000000e+01 5.440800000000000182e+03
3.900000000000000000e+01 5.441300000000000182e+03
4.700000000000000000e+01 5.441350000000000364e+03
7.900000000000000000e+01 5.441650000000000546e+03
2.300000000000000000e+01 5.458750000000000000e+03
1.500000000000000000e+01 5.464800000000000182e+03
3.900000000000000000e+01 5.475350000000000364e+03
6.300000000000000000e+01 5.480400000000000546e+03
4.700000000000000000e+01 5.486500000000000000e+03
7.100000000000000000e+01 5.488350000000000364e+03
5.500000000000000000e+01 5.489300000000000182e+03
3.100000000000000000e+01 5.491449999999999818e+03
7.900000000000000000e+01 5.495550000000000182e+03
3.900000000000000000e+01 5.504600000000000364e+03
2.300000000000000000e+01 5.508050000000000182e+03
1.500000000000000000e+01 5.518699999999999818e+03
6.300000000000000000e+01 5.521250000000000000e+03
7.100000000000000000e+01 5.521300000000000182e+03
7.000000000000000000e+00 5.530449999999999818e+03
5.500000000000000000e+01 5.546199999999999818e+03
3.100000000000000000e+01 5.546850000000000364e+03
7.000000000000000000e+00 5.556699999999999818e+03
2.300000000000000000e+01 5.557650000000000546e+03
7.900000000000000000e+01 5.559699999999999818e+03
1.500000000000000000e+01 5.560600000000000364e+03
4.700000000000000000e+01 5.571699999999999818e+03
6.300000000000000000e+01 5.575100000000000364e+03
7.100000000000000000e+01 5.581250000000000000e+03
5.500000000000000000e+01 5.585100000000000364e+03
7.900000000000000000e+01 5.602449999999999818e+03
3.900000000000000000e+01 5.607850000000000364e+03
2.300000000000000000e+01 5.609699999999999818e+03
6.300000000000000000e+01 5.613900000000000546e+03
1.500000000000000000e+01 5.614400000000000546e+03
3.100000000000000000e+01 5.614900000000000546e+03
7.000000000000000000e+00 5.618050000000000182e+03
7.100000000000000000e+01 5.624550000000000182e+03
5.500000000000000000e+01 5.632449999999999818e+03
4.700000000000000000e+01 5.643699999999999818e+03
3.100000000000000000e+01 5.647350000000000364e+03
2.300000000000000000e+01 5.650949999999999818e+03
1.500000000000000000e+01 5.652699999999999818e+03
3.900000000000000000e+01 5.661900000000000546e+03
7.000000000000000000e+00 5.662750000000000000e+03
7.900000000000000000e+01 5.665050000000000182e+03
5.500000000000000000e+01 5.669250000000000000e+03
7.100000000000000000e+01 5.670500000000000000e+03
4.700000000000000000e+01 5.676900000000000546e+03
3.100000000000000000e+01 5.681000000000000000e+03
1.500000000000000000e+01 5.684050000000000182e+03
2.300000000000000000e+01 5.695600000000000364e+03
4.700000000000000000e+01 5.704250000000000000e+03
6.300000000000000000e+01 5.707350000000000364e+03
7.000000000000000000e+00 5.709650000000000546e+03
7.100000000000000000e+01 5.712150000000000546e+03
7.900000000000000000e+01 5.712699999999999818e+03
5.500000000000000000e+01 5.713100000000000364e+03
3.900000000000000000e+01 5.713400000000000546e+03
3.100000000000000000e+01 5.733600000000000364e+03
6.300000000000000000e+01 5.745100000000000364e+03
7.100000000000000000e+01 5.745100000000000364e+03
7.900000000000000000e+01 5.747800000000000182e+03
1.500000000000000000e+01 5.751949999999999818e+03
2.300000000000000000e+01 5.752900000000000546e+03
5.500000000000000000e+01 5.764600000000000364e+03
4.700000000000000000e+01 5.766300000000000182e+03
3.900000000000000000e+01 5.766600000000000364e+03
7.100000000000000000e+01 5.772949999999999818e+03
1.500000000000000000e+01 5.779900000000000546e+03
6.300000000000000000e+01 5.781850000000000364e+03
3.100000000000000000e+01 5.782199999999999818e+03
7.000000000000000000e+00 5.783949999999999818e+03
7.900000000000000000e+01 5.789300000000000182e+03
2.300000000000000000e+01 5.791850000000000364e+03
4.700000000000000000e+01 5.802850000000000364e+03
5.500000000000000000e+01 5.805949999999999818e+03
3.900000000000000000e+01 5.808150000000000546e+03
7.100000000000000000e+01 5.821150000000000546e+03
3.100000000000000000e+01 5.835500000000000000e+03
2.300000000000000000e+01 5.835850000000000364e+03
7.900000000000000000e+01 5.837750000000000000e+03
1.500000000000000000e+01 5.841949999999999818e+03
3.900000000000000000e+01 5.846000000000000000e+03
4.700000000000000000e+01 5.852699999999999818e+03
6.300000000000000000e+01 5.861300000000000182e+03
1.500000000000000000e+01 5.870150000000000546e+03
7.900000000000000000e+01 5.873850000000000364e+03
5.500000000000000000e+01 5.875449999999999818e+03
7.000000000000000000e+00 5.879699999999999818e+03
7.100000000000000000e+01 5.879949999999999818e+03
3.100000000000000000e+01 5.882400000000000546e+03
4.700000000000000000e+01 5.889550000000000182e+03
2.300000000000000000e+01 5.891050000000000182e+03
3.900000000000000000e+01 5.894050000000000182e+03
7.900000000000000000e+01 5.904750000000000000e+03
6.300000000000000000e+01 5.912550000000000182e+03
7.100000000000000000e+01 5.921150000000000546e+03
1.500000000000000000e+01 5.922650000000000546e+03
4.700000000000000000e+01 5.929100000000000364e+03
3.100000000000000000e+01 5.930750000000000000e+03
6.300000000000000000e+01 5.944949999999999818e+03
7.900000000000000000e+01 5.948449999999999818e+03
7.000000000000000000e+00 5.948750000000000000e+03
2.300000000000000000e+01 5.950000000000000000e+03
3.900000000000000000e+01 5.952949999999999818e+03
7.100000000000000000e+01 5.967300000000000182e+03
5.500000000000000000e+01 5.969550000000000182e+03
4.700000000000000000e+01 5.974900000000000546e+03
1.500000000000000000e+01 5.979300000000000182e+03
3.900000000000000000e+01 6.002250000000000000e+03
2.300000000000000000e+01 6.008050000000000182e+03
4.700000000000000000e+01 6.010250000000000000e+03
7.100000000000000000e+01 6.011850000000000364e+03
1.500000000000000000e+01 6.016150000000000546e+03
5.500000000000000000e+01 6.031150000000000546e+03
6.300000000000000000e+01 6.035400000000000546e+03
7.900000000000000000e+01 6.036000000000000000e+03
4.700000000000000000e+01 6.048500000000000000e+03
7.100000000000000000e+01 6.051800000000000182e+03
3.900000000000000000e+01 6.055449999999999818e+03
1.500000000000000000e+01 6.060750000000000000e+03
2.300000000000000000e+01 6.063800000000000182e+03
7.000000000000000000e+00 6.067000000000000000e+03
3.100000000000000000e+01 6.068500000000000000e+03
7.900000000000000000e+01 6.076050000000000182e+03
4.700000000000000000e+01 6.076750000000000000e+03
6.300000000000000000e+01 6.079250000000000000e+03
5.500000000000000000e+01 6.081250000000000000e+03
7.100000000000000000e+01 6.086000000000000000e+03
7.000000000000000000e+00 6.098600000000000364e+03
3.100000000000000000e+01 6.104199999999999818e+03
1.500000000000000000e+01 6.110300000000000182e+03
4.700000000000000000e+01 6.110449999999999818e+03
2.300000000000000000e+01 6.117600000000000364e+03
3.900000000000000000e+01 6.119350000000000364e+03
7.100000000000000000e+01 6.119600000000000364e+03
5.500000000000000000e+01 6.120900000000000546e+03
7.900000000000000000e+01 6.127150000000000546e+03
2.300000000000000000e+01 6.145250000000000000e+03
7.000000000000000000e+00 6.151300000000000182e+03
4.700000000000000000e+01 6.153199999999999818e+03
6.300000000000000000e+01 6.153500000000000000e+03
3.900000000000000000e+01 6.156100000000000364e+03
3.100000000000000000e+01 6.161750000000000000e+03
5.500000000000000000e+01 6.166150000000000546e+03
7.900000000000000000e+01 6.179550000000000182e+03
4.700000000000000000e+01 6.185100000000000364e+03
2.300000000000000000e+01 6.185150000000000546e+03
7.100000000000000000e+01 6.186400000000000546e+03
1.500000000000000000e+01 6.192050000000000182e+03
3.900000000000000000e+01 6.193550000000000182e+03
7.000000000000000000e+00 6.196199999999999818e+03
5.500000000000000000e+01 6.197750000000000000e+03
6.300000000000000000e+01 6.205949999999999818e+03
2.300000000000000000e+01 6.216199999999999818e+03
3.100000000000000000e+01 6.217449999999999818e+03
3.900000000000000000e+01 6.225150000000000546e+03
7.900000000000000000e+01 6.226650000000000546e+03
7.100000000000000000e+01 6.228850000000000364e+03
4.700000000000000000e+01 6.231000000000000000e+03
1.500000000000000000e+01 6.242050000000000182e+03
2.300000000000000000e+01 6.247600000000000364e+03
3.900000000000000000e+01 6.259650000000000546e+03
7.100000000000000000e+01 6.261300000000000182e+03
6.300000000000000000e+01 6.261949999999999818e+03
3.100000000000000000e+01 6.266500000000000000e+03
5.500000000000000000e+01 6.268600000000000364e+03
4.700000000000000000e+01 6.285199999999999818e+03
1.500000000000000000e+01 6.285600000000000364e+03
7.000000000000000000e+00 6.286650000000000546e+03
5.500000000000000000e+01 6.298750000000000000e+03
7.100000000000000000e+01 6.308150000000000546e+03
7.900000000000000000e+01 6.311800000000000182e+03
1.500000000000000000e+01 6.321600000000000364e+03
3.100000000000000000e+01 6.324600000000000364e+03
5.500000000000000000e+01 6.325449999999999818e+03
6.300000000000000000e+01 6.327550000000000182e+03
3.900000000000000000e+01 6.334449999999999818e+03
4.700000000000000000e+01 6.335550000000000182e+03
7.000000000000000000e+00 6.342550000000000182e+03
1.500000000000000000e+01 6.344600000000000364e+03
2.300000000000000000e+01 6.358699999999999818e+03
3.100000000000000000e+01 6.361949999999999818e+03
7.900000000000000000e+01 6.362650000000000546e+03
7.100000000000000000e+01 6.363949999999999818e+03
7.000000000000000000e+00 6.368449999999999818e+03
5.500000000000000000e+01 6.368500000000000000e+03
4.700000000000000000e+01 6.379250000000000000e+03
3.900000000000000000e+01 6.387250000000000000e+03
1.500000000000000000e+01 6.387600000000000364e+03
6.300000000000000000e+01 6.390900000000000546e+03
2.300000000000000000e+01 6.398300000000000182e+03
3.100000000000000000e+01 6.398699999999999818e+03
7.100000000000000000e+01 6.412000000000000000e+03
7.000000000000000000e+00 6.416050000000000182e+03
7.900000000000000000e+01 6.417199999999999818e+03
2.300000000000000000e+01 6.423550000000000182e+03
1.500000000000000000e+01 6.425949999999999818e+03
5.500000000000000000e+01 6.428650000000000546e+03
4.700000000000000000e+01 6.436500000000000000e+03
6.300000000000000000e+01 6.436500000000000000e+03
7.100000000000000000e+01 6.445650000000000546e+03
3.900000000000000000e+01 6.447900000000000546e+03
3.100000000000000000e+01 6.448100000000000364e+03
1.500000000000000000e+01 6.450600000000000364e+03
7.900000000000000000e+01 6.454400000000000546e+03
2.300000000000000000e+01 6.463449999999999818e+03
7.000000000000000000e+00 6.471400000000000546e+03
5.500000000000000000e+01 6.473300000000000182e+03
4.700000000000000000e+01 6.474100000000000364e+03
6.300000000000000000e+01 6.475550000000000182e+03
1.500000000000000000e+01 6.489550000000000182e+03
7.100000000000000000e+01 6.495250000000000000e+03
3.100000000000000000e+01 6.495949999999999818e+03
7.900000000000000000e+01 6.498949999999999818e+03
2.300000000000000000e+01 6.502400000000000546e+03
3.900000000000000000e+01 6.505600000000000364e+03
5.500000000000000000e+01 6.510500000000000000e+03
4.700000000000000000e+01 6.515949999999999818e+03
6.300000000000000000e+01 6.520900000000000546e+03
7.900000000000000000e+01 6.531850000000000364e+03
7.000000000000000000e+00 6.536150000000000546e+03
4.700000000000000000e+01 6.537350000000000364e+03
3.900000000000000000e+01 6.540699999999999818e+03
5.500000000000000000e+01 6.543800000000000182e+03
3.100000000000000000e+01 6.544949999999999818e+03
7.100000000000000000e+01 6.554750000000000000e+03
1.500000000000000000e+01 6.560600000000000364e+03
2.300000000000000000e+01 6.564350000000000364e+03
3.900000000000000000e+01 6.567300000000000182e+03
6.300000000000000000e+01 6.567550000000000182e+03
7.900000000000000000e+01 6.567949999999999818e+03
7.000000000000000000e+00 6.576650000000000546e+03
5.500000000000000000e+01 6.577350000000000364e+03
4.700000000000000000e+01 6.580900000000000546e+03
3.100000000000000000e+01 6.593500000000000000e+03
1.500000000000000000e+01 6.599800000000000182e+03
7.100000000000000000e+01 6.602500000000000000e+03
3.900000000000000000e+01 6.606800000000000182e+03
5.500000000000000000e+01 6.609150000000000546e+03
7.900000000000000000e+01 6.610800000000000182e+03
6.300000000000000000e+01 6.611250000000000000e+03
7.000000000000000000e+00 6.611699999999999818e+03
2.300000000000000000e+01 6.616449999999999818e+03
4.700000000000000000e+01 6.621449999999999818e+03
3.100000000000000000e+01 6.628350000000000364e+03
7.100000000000000000e+01 6.642900000000000546e+03
1.500000000000000000e+01 6.648699999999999818e+03
5.500000000000000000e+01 6.650250000000000000e+03
3.900000000000000000e+01 6.657100000000000364e+03
7.900000000000000000e+01 6.657750000000000000e+03
2.300000000000000000e+01 6.658750000000000000e+03
7.000000000000000000e+00 6.661900000000000546e+03
3.100000000000000000e+01 6.664199999999999818e+03
4.700000000000000000e+01 6.665199999999999818e+03
6.300000000000000000e+01 6.665800000000000182e+03
5.500000000000000000e+01 6.683400000000000546e+03
7.100000000000000000e+01 6.688100000000000364e+03
7.900000000000000000e+01 6.689550000000000182e+03
1.500000000000000000e+01 6.690850000000000364e+03
3.900000000000000000e+01 6.691500000000000000e+03
3.100000000000000000e+01 6.691900000000000546e+03
7.000000000000000000e+00 6.698199999999999818e+03
6.300000000000000000e+01 6.704600000000000364e+03
4.700000000000000000e+01 6.706300000000000182e+03
2.300000000000000000e+01 6.708800000000000182e+03
7.900000000000000000e+01 6.723900000000000546e+03
6.300000000000000000e+01 6.727650000000000546e+03
5.500000000000000000e+01 6.729300000000000182e+03
3.900000000000000000e+01 6.729550000000000182e+03
7.000000000000000000e+00 6.730949999999999818e+03
3.100000000000000000e+01 6.732400000000000546e+03
1.500000000000000000e+01 6.735850000000000364e+03
7.100000000000000000e+01 6.739550000000000182e+03
3.900000000000000000e+01 6.757750000000000000e+03
6.300000000000000000e+01 6.760050000000000182e+03
7.000000000000000000e+00 6.761400000000000546e+03
2.300000000000000000e+01 6.761699999999999818e+03
5.500000000000000000e+01 6.767300000000000182e+03
7.100000000000000000e+01 6.767800000000000182e+03
3.100000000000000000e+01 6.770400000000000546e+03
4.700000000000000000e+01 6.775100000000000364e+03
1.500000000000000000e+01 6.785199999999999818e+03
2.300000000000000000e+01 6.794250000000000000e+03
3.900000000000000000e+01 6.795850000000000364e+03
7.900000000000000000e+01 6.796949999999999818e+03
6.300000000000000000e+01 6.801699999999999818e+03
4.700000000000000000e+01 6.803100000000000364e+03
7.100000000000000000e+01 6.805550000000000182e+03
5.500000000000000000e+01 6.812550000000000182e+03
7.000000000000000000e+00 6.813900000000000546e+03
1.500000000000000000e+01 6.814350000000000364e+03
3.100000000000000000e+01 6.817250000000000000e+03
3.900000000000000000e+01 6.828300000000000182e+03
6.300000000000000000e+01 6.830199999999999818e+03
7.900000000000000000e+01 6.841650000000000546e+03
2.300000000000000000e+01 6.841949999999999818e+03
5.500000000000000000e+01 6.848150000000000546e+03
7.100000000000000000e+01 6.848550000000000182e+03
7.000000000000000000e+00 6.855900000000000546e+03
3.900000000000000000e+01 6.869250000000000000e+03
7.900000000000000000e+01 6.875100000000000364e+03
1.500000000000000000e+01 6.878800000000000182e+03
4.700000000000000000e+01 6.879250000000000000e+03
6.300000000000000000e+01 6.887300000000000182e+03
7.000000000000000000e+00 6.890600000000000364e+03
5.500000000000000000e+01 6.891449999999999818e+03
3.100000000000000000e+01 6.891750000000000000e+03
7.100000000000000000e+01 6.906000000000000000e+03
4.700000000000000000e+01 6.909250000000000000e+03
2.300000000000000000e+01 6.912900000000000546e+03
6.300000000000000000e+01 6.915800000000000182e+03
1.500000000000000000e+01 6.916100000000000364e+03
3.900000000000000000e+01 6.917699999999999818e+03
7.000000000000000000e+00 6.932050000000000182e+03
5.500000000000000000e+01 6.932600000000000364e+03
7.900000000000000000e+01 6.934350000000000364e+03
3.100000000000000000e+01 6.936500000000000000e+03
7.100000000000000000e+01 6.942300000000000182e+03
1.500000000000000000e+01 6.943900000000000546e+03
4.700000000000000000e+01 6.947699999999999818e+03
6.300000000000000000e+01 6.949400000000000546e+03
3.900000000000000000e+01 6.950449999999999818e+03
2.300000000000000000e+01 6.958500000000000000e+03
3.100000000000000000e+01 6.970449999999999818e+03
7.000000000000000000e+00 6.970699999999999818e+03
5.500000000000000000e+01 6.976650000000000546e+03
4.700000000000000000e+01 6.989750000000000000e+03
1.500000000000000000e+01 6.991150000000000546e+03
7.900000000000000000e+01 6.994100000000000364e+03
6.300000000000000000e+01 7.002150000000000546e+03
3.100000000000000000e+01 7.002449999999999818e+03
2.300000000000000000e+01 7.005000000000000000e+03
5.500000000000000000e+01 7.005449999999999818e+03
7.100000000000000000e+01 7.006000000000000000e+03
3.900000000000000000e+01 7.006050000000000182e+03
7.000000000000000000e+00 7.009550000000000182e+03
1.500000000000000000e+01 7.028150000000000546e+03
7.900000000000000000e+01 7.029800000000000182e+03
6.300000000000000000e+01 7.033699999999999818e+03
7.100000000000000000e+01 7.034600000000000364e+03
3.100000000000000000e+01 7.038199999999999818e+03
5.500000000000000000e+01 7.040650000000000546e+03
3.900000000000000000e+01 7.042350000000000364e+03
4.700000000000000000e+01 7.042949999999999818e+03
2.300000000000000000e+01 7.045449999999999818e+03
7.000000000000000000e+00 7.050850000000000364e+03
7.900000000000000000e+01 7.060400000000000546e+03
1.500000000000000000e+01 7.073050000000000182e+03
5.500000000000000000e+01 7.081400000000000546e+03
3.900000000000000000e+01 7.082300000000000182e+03
6.300000000000000000e+01 7.083050000000000182e+03
7.100000000000000000e+01 7.083750000000000000e+03
4.700000000000000000e+01 7.088000000000000000e+03
7.000000000000000000e+00 7.093000000000000000e+03
7.900000000000000000e+01 7.108699999999999818e+03
6.300000000000000000e+01 7.112500000000000000e+03
3.100000000000000000e+01 7.112750000000000000e+03
7.100000000000000000e+01 7.113750000000000000e+03
1.500000000000000000e+01 7.115100000000000364e+03
5.500000000000000000e+01 7.115600000000000364e+03
2.300000000000000000e+01 7.117550000000000182e+03
3.900000000000000000e+01 7.119650000000000546e+03
7.000000000000000000e+00 7.123199999999999818e+03
7.900000000000000000e+01 7.138650000000000546e+03
4.700000000000000000e+01 7.142500000000000000e+03
6.300000000000000000e+01 7.143449999999999818e+03
3.100000000000000000e+01 7.146750000000000000e+03
3.900000000000000000e+01 7.147800000000000182e+03
2.300000000000000000e+01 7.149650000000000546e+03
1.500000000000000000e+01 7.152500000000000000e+03
7.100000000000000000e+01 7.157699999999999818e+03
7.000000000000000000e+00 7.162000000000000000e+03
5.500000000000000000e+01 7.176600000000000364e+03
4.700000000000000000e+01 7.177250000000000000e+03
7.900000000000000000e+01 7.182150000000000546e+03
6.300000000000000000e+01 7.183900000000000546e+03
7.100000000000000000e+01 7.189600000000000364e+03
3.100000000000000000e+01 7.190449999999999818e+03
1.500000000000000000e+01 7.196650000000000546e+03
3.900000000000000000e+01 7.199150000000000546e+03
2.300000000000000000e+01 7.202500000000000000e+03
4.700000000000000000e+01 7.206800000000000182e+03
7.000000000000000000e+00 7.209400000000000546e+03
5.500000000000000000e+01 7.214350000000000364e+03
6.300000000000000000e+01 7.215050000000000182e+03
7.900000000000000000e+01 7.215500000000000000e+03
2.300000000000000000e+01 7.229400000000000546e+03
7.100000000000000000e+01 7.233949999999999818e+03
1.500000000000000000e+01 7.236550000000000182e+03
3.100000000000000000e+01 7.240400000000000546e+03
5.500000000000000000e+01 7.244750000000000000e+03
4.700000000000000000e+01 7.247250000000000000e+03
6.300000000000000000e+01 7.253150000000000546e+03
7.900000000000000000e+01 7.264250000000000000e+03
2.300000000000000000e+01 7.264800000000000182e+03
3.900000000000000000e+01 7.266000000000000000e+03
7.100000000000000000e+01 7.267699999999999818e+03
7.000000000000000000e+00 7.270750000000000000e+03
3.100000000000000000e+01 7.274600000000000364e+03
4.700000000000000000e+01 7.279000000000000000e+03
1.500000000000000000e+01 7.287600000000000364e+03
6.300000000000000000e+01 7.287550000000000182e+03
2.300000000000000000e+01 7.302750000000000000e+03
5.500000000000000000e+01 7.303000000000000000e+03
3.900000000000000000e+01 7.304750000000000000e+03
4.700000000000000000e+01 7.307550000000000182e+03
7.100000000000000000e+01 7.308949999999999818e+03
3.100000000000000000e+01 7.309199999999999818e+03
7.900000000000000000e+01 7.310650000000000546e+03
6.300000000000000000e+01 7.319199999999999818e+03
7.000000000000000000e+00 7.321050000000000182e+03
2.300000000000000000e+01 7.332850000000000364e+03
5.500000000000000000e+01 7.336000000000000000e+03
1.500000000000000000e+01 7.340400000000000546e+03
3.900000000000000000e+01 7.344100000000000364e+03
7.100000000000000000e+01 7.345600000000000364e+03
7.000000000000000000e+00 7.348350000000000364e+03
7.900000000000000000e+01 7.349949999999999818e+03
3.100000000000000000e+01 7.355000000000000000e+03
4.700000000000000000e+01 7.360150000000000546e+03
2.300000000000000000e+01 7.366250000000000000e+03
6.300000000000000000e+01 7.366350000000000364e+03
1.500000000000000000e+01 7.372050000000000182e+03
7.000000000000000000e+00 7.381050000000000182e+03
7.900000000000000000e+01 7.385150000000000546e+03
4.700000000000000000e+01 7.385500000000000000e+03
7.100000000000000000e+01 7.390650000000000546e+03
3.100000000000000000e+01 7.393750000000000000e+03
3.900000000000000000e+01 7.393800000000000182e+03
6.300000000000000000e+01 7.398750000000000000e+03
5.500000000000000000e+01 7.401750000000000000e+03
2.300000000000000000e+01 7.410949999999999818e+03
4.700000000000000000e+01 7.420199999999999818e+03
1.500000000000000000e+01 7.423050000000000182e+03
7.900000000000000000e+01 7.430900000000000546e+03
3.900000000000000000e+01 7.432400000000000546e+03
3.100000000000000000e+01 7.435500000000000000e+03
7.100000000000000000e+01 7.441250000000000000e+03
5.500000000000000000e+01 7.444400000000000546e+03
7.000000000000000000e+00 7.448150000000000546e+03
2.300000000000000000e+01 7.452550000000000182e+03
1.500000000000000000e+01 7.453300000000000182e+03
7.900000000000000000e+01 7.466100000000000364e+03
6.300000000000000000e+01 7.469199999999999818e+03
7.100000000000000000e+01 7.472449999999999818e+03
3.900000000000000000e+01 7.474650000000000546e+03
3.100000000000000000e+01 7.477250000000000000e+03
4.700000000000000000e+01 7.478800000000000182e+03
2.300000000000000000e+01 7.479150000000000546e+03
1.500000000000000000e+01 7.493000000000000000e+03
5.500000000000000000e+01 7.499100000000000364e+03
7.100000000000000000e+01 7.499850000000000364e+03
6.300000000000000000e+01 7.511100000000000364e+03
3.100000000000000000e+01 7.513750000000000000e+03
7.000000000000000000e+00 7.517050000000000182e+03
3.900000000000000000e+01 7.517400000000000546e+03
7.900000000000000000e+01 7.524449999999999818e+03
2.300000000000000000e+01 7.525949999999999818e+03
4.700000000000000000e+01 7.527000000000000000e+03
7.100000000000000000e+01 7.529250000000000000e+03
3.100000000000000000e+01 7.538900000000000546e+03
5.500000000000000000e+01 7.543050000000000182e+03
7.000000000000000000e+00 7.543800000000000182e+03
1.500000000000000000e+01 7.554949999999999818e+03
2.300000000000000000e+01 7.557100000000000364e+03
3.900000000000000000e+01 7.562949999999999818e+03
7.900000000000000000e+01 7.564050000000000182e+03
4.700000000000000000e+01 7.566350000000000364e+03
6.300000000000000000e+01 7.567150000000000546e+03
7.100000000000000000e+01 7.567449999999999818e+03
5.500000000000000000e+01 7.583199999999999818e+03
3.100000000000000000e+01 7.591100000000000364e+03
2.300000000000000000e+01 7.594250000000000000e+03
7.000000000000000000e+00 7.595600000000000364e+03
3.900000000000000000e+01 7.596750000000000000e+03
4.700000000000000000e+01 7.597500000000000000e+03
1.500000000000000000e+01 7.601900000000000546e+03
6.300000000000000000e+01 7.603650000000000546e+03
7.100000000000000000e+01 7.604600000000000364e+03
7.900000000000000000e+01 7.605350000000000364e+03
5.500000000000000000e+01 7.623300000000000182e+03
3.900000000000000000e+01 7.625650000000000546e+03
3.100000000000000000e+01 7.626000000000000000e+03
2.300000000000000000e+01 7.628400000000000546e+03
7.100000000000000000e+01 7.630800000000000182e+03
7.900000000000000000e+01 7.643199999999999818e+03
1.500000000000000000e+01 7.643500000000000000e+03
7.000000000000000000e+00 7.644449999999999818e+03
4.700000000000000000e+01 7.645449999999999818e+03
2.300000000000000000e+01 7.650100000000000364e+03
5.500000000000000000e+01 7.656949999999999818e+03
6.300000000000000000e+01 7.659750000000000000e+03
3.100000000000000000e+01 7.660199999999999818e+03
7.900000000000000000e+01 7.669199999999999818e+03
3.900000000000000000e+01 7.670300000000000182e+03
2.300000000000000000e+01 7.671100000000000364e+03
7.100000000000000000e+01 7.673750000000000000e+03
4.700000000000000000e+01 7.678449999999999818e+03
7.000000000000000000e+00 7.692300000000000182e+03
5.500000000000000000e+01 7.694600000000000364e+03
6.300000000000000000e+01 7.695199999999999818e+03
3.100000000000000000e+01 7.702699999999999818e+03
1.500000000000000000e+01 7.705300000000000182e+03
7.900000000000000000e+01 7.707800000000000182e+03
3.900000000000000000e+01 7.716699999999999818e+03
2.300000000000000000e+01 7.718900000000000546e+03
4.700000000000000000e+01 7.724400000000000546e+03
7.100000000000000000e+01 7.724650000000000546e+03
7.000000000000000000e+00 7.725500000000000000e+03
3.100000000000000000e+01 7.732449999999999818e+03
6.300000000000000000e+01 7.734350000000000364e+03
5.500000000000000000e+01 7.742800000000000182e+03
1.500000000000000000e+01 7.744150000000000546e+03
2.300000000000000000e+01 7.749400000000000546e+03
7.100000000000000000e+01 7.751100000000000364e+03
7.900000000000000000e+01 7.753600000000000364e+03
7.000000000000000000e+00 7.762350000000000364e+03
6.300000000000000000e+01 7.767400000000000546e+03
3.100000000000000000e+01 7.778449999999999818e+03
7.100000000000000000e+01 7.779550000000000182e+03
3.900000000000000000e+01 7.780949999999999818e+03
4.700000000000000000e+01 7.782750000000000000e+03
1.500000000000000000e+01 7.783250000000000000e+03
5.500000000000000000e+01 7.785400000000000546e+03
7.900000000000000000e+01 7.793150000000000546e+03
2.300000000000000000e+01 7.793850000000000364e+03
6.300000000000000000e+01 7.798699999999999818e+03
7.100000000000000000e+01 7.805550000000000182e+03
7.000000000000000000e+00 7.806900000000000546e+03
3.100000000000000000e+01 7.817000000000000000e+03
1.500000000000000000e+01 7.820850000000000364e+03
5.500000000000000000e+01 7.820949999999999818e+03
7.000000000000000000e+00 7.831449999999999818e+03
2.300000000000000000e+01 7.844699999999999818e+03
7.100000000000000000e+01 7.844850000000000364e+03
3.900000000000000000e+01 7.846050000000000182e+03
6.300000000000000000e+01 7.846300000000000182e+03
4.700000000000000000e+01 7.846650000000000546e+03
7.900000000000000000e+01 7.847699999999999818e+03
3.100000000000000000e+01 7.848400000000000546e+03
1.500000000000000000e+01 7.850449999999999818e+03
5.500000000000000000e+01 7.856699999999999818e+03
2.300000000000000000e+01 7.876050000000000182e+03
3.900000000000000000e+01 7.883400000000000546e+03
7.100000000000000000e+01 7.884000000000000000e+03
6.300000000000000000e+01 7.885850000000000364e+03
4.700000000000000000e+01 7.887449999999999818e+03
5.500000000000000000e+01 7.888050000000000182e+03
1.500000000000000000e+01 7.888550000000000182e+03
3.100000000000000000e+01 7.895350000000000364e+03
7.000000000000000000e+00 7.896100000000000364e+03
7.900000000000000000e+01 7.901949999999999818e+03
2.300000000000000000e+01 7.904050000000000182e+03
7.100000000000000000e+01 7.920400000000000546e+03
6.300000000000000000e+01 7.922949999999999818e+03
4.700000000000000000e+01 7.925350000000000364e+03
3.900000000000000000e+01 7.925500000000000000e+03
5.500000000000000000e+01 7.926400000000000546e+03
1.500000000000000000e+01 7.927250000000000000e+03
7.000000000000000000e+00 7.936650000000000546e+03
2.300000000000000000e+01 7.944500000000000000e+03
5.500000000000000000e+01 7.949650000000000546e+03
7.100000000000000000e+01 7.954850000000000364e+03
3.100000000000000000e+01 7.955100000000000364e+03
6.300000000000000000e+01 7.955750000000000000e+03
3.900000000000000000e+01 7.959900000000000546e+03
7.900000000000000000e+01 7.963500000000000000e+03
4.700000000000000000e+01 7.971400000000000546e+03
1.500000000000000000e+01 7.971800000000000182e+03
3.900000000000000000e+01 7.983050000000000182e+03
3.100000000000000000e+01 7.986900000000000546e+03
5.500000000000000000e+01 7.988199999999999818e+03
1.500000000000000000e+01 7.999550000000000182e+03
7.900000000000000000e+01 7.999699999999999818e+03
6.300000000000000000e+01 8.062900000000000546e+03
7.000000000000000000e+00 8.099350000000000364e+03
3.100000000000000000e+01 8.138650000000000546e+03
1.500000000000000000e+01 8.153650000000000546e+03
4.700000000000000000e+01 8.512149999999999636e+03
2.300000000000000000e+01 8.597350000000000364e+03
4.700000000000000000e+01 8.737100000000000364e+03
1.500000000000000000e+01 8.742149999999999636e+03
3.100000000000000000e+01 8.748600000000000364e+03
4.700000000000000000e+01 8.789950000000000728e+03
2.300000000000000000e+01 1.353230000000000109e+04
5.500000000000000000e+01 1.414775000000000000e+04
7.000000000000000000e+00 1.432439999999999964e+04
4.700000000000000000e+01 1.434970000000000073e+04
3.900000000000000000e+01 1.488925000000000000e+04
2.300000000000000000e+01 1.489220000000000073e+04
2.300000000000000000e+01 1.574480000000000109e+04
6.300000000000000000e+01 1.641865000000000146e+04
2.300000000000000000e+01 1.642175000000000000e+04
7.900000000000000000e+01 1.796910000000000218e+04
1.500000000000000000e+01 1.925175000000000000e+04
2.300000000000000000e+01 1.992704999999999927e+04
3.100000000000000000e+01 1.994870000000000073e+04
7.100000000000000000e+01 2.073275000000000000e+04
3.900000000000000000e+01 2.089754999999999927e+04
2.300000000000000000e+01 2.129445000000000073e+04
3.100000000000000000e+01 2.314545000000000073e+04
1.500000000000000000e+01 2.363220000000000073e+04
3.900000000000000000e+01 2.422895000000000073e+04
1.500000000000000000e+01 2.434250000000000000e+04
3.900000000000000000e+01 2.507025000000000000e+04
5.500000000000000000e+01 2.541690000000000146e+04
7.900000000000000000e+01 2.559585000000000218e+04
5.500000000000000000e+01 2.654229999999999927e+04
4.700000000000000000e+01 2.724890000000000146e+04
3.900000000000000000e+01 2.800700000000000000e+04
7.900000000000000000e+01 2.818425000000000000e+04
3.900000000000000000e+01 2.825810000000000218e+04
7.900000000000000000e+01 2.877004999999999927e+04
7.900000000000000000e+01 2.917170000000000073e+04
3.100000000000000000e+01 3.041929999999999927e+04
3.100000000000000000e+01 3.082850000000000000e+04
3.900000000000000000e+01 3.120785000000000218e+04
5.500000000000000000e+01 3.137840000000000146e+04
