1.136000000000000000e+03 1.299499999999999886e+02
1.144000000000000000e+03 2.323499999999999943e+02
1.008000000000000000e+03 2.929000000000000341e+02
8.640000000000000000e+02 3.117500000000000000e+02
9.840000000000000000e+02 3.454499999999999886e+02
9.040000000000000000e+02 3.896999999999999886e+02
9.120000000000000000e+02 4.051999999999999886e+02
8.800000000000000000e+02 4.628500000000000227e+02
9.520000000000000000e+02 4.935500000000000114e+02
9.360000000000000000e+02 6.216499999999999773e+02
1.120000000000000000e+03 6.331499999999999773e+02
8.640000000000000000e+02 6.511499999999999773e+02
1.144000000000000000e+03 6.763999999999999773e+02
9.760000000000000000e+02 6.798000000000000682e+02
1.040000000000000000e+03 7.121000000000000227e+02
1.120000000000000000e+03 7.179500000000000455e+02
1.072000000000000000e+03 7.403999999999999773e+02
1.088000000000000000e+03 7.893000000000000682e+02
9.680000000000000000e+02 8.260000000000000000e+02
8.560000000000000000e+02 8.938999999999999773e+02
9.040000000000000000e+02 9.910000000000000000e+02
1.176000000000000000e+03 1.003250000000000000e+03
1.200000000000000000e+03 1.049400000000000091e+03
8.880000000000000000e+02 1.152950000000000045e+03
8.960000000000000000e+02 1.181650000000000091e+03
1.024000000000000000e+03 1.260299999999999955e+03
8.480000000000000000e+02 1.338950000000000045e+03
1.040000000000000000e+03 1.374700000000000045e+03
1.088000000000000000e+03 1.398049999999999955e+03
8.320000000000000000e+02 1.502350000000000136e+03
8.160000000000000000e+02 1.559350000000000136e+03
8.800000000000000000e+02 1.574250000000000000e+03
9.840000000000000000e+02 1.715900000000000091e+03
9.040000000000000000e+02 1.789600000000000136e+03
1.080000000000000000e+03 1.851950000000000045e+03
9.040000000000000000e+02 1.878299999999999955e+03
1.048000000000000000e+03 1.904850000000000136e+03
1.128000000000000000e+03 2.003250000000000000e+03
8.400000000000000000e+02 2.064650000000000091e+03
9.280000000000000000e+02 2.095900000000000091e+03
1.144000000000000000e+03 2.167400000000000091e+03
8.240000000000000000e+02 2.181000000000000000e+03
9.360000000000000000e+02 2.240800000000000182e+03
1.080000000000000000e+03 2.292300000000000182e+03
8.080000000000000000e+02 2.306950000000000273e+03
8.800000000000000000e+02 2.345450000000000273e+03
1.136000000000000000e+03 2.394849999999999909e+03
8.240000000000000000e+02 2.454300000000000182e+03
9.200000000000000000e+02 2.458250000000000000e+03
1.000000000000000000e+03 2.464800000000000182e+03
9.760000000000000000e+02 2.483750000000000000e+03
1.032000000000000000e+03 2.511050000000000182e+03
8.400000000000000000e+02 2.560300000000000182e+03
8.240000000000000000e+02 2.560849999999999909e+03
1.152000000000000000e+03 2.591900000000000091e+03
1.104000000000000000e+03 2.627599999999999909e+03
1.080000000000000000e+03 2.710150000000000091e+03
9.760000000000000000e+02 2.807800000000000182e+03
1.024000000000000000e+03 2.846200000000000273e+03
8.720000000000000000e+02 2.861700000000000273e+03
1.128000000000000000e+03 2.931849999999999909e+03
8.320000000000000000e+02 2.941700000000000273e+03
1.104000000000000000e+03 2.960450000000000273e+03
9.760000000000000000e+02 6.125449999999999818e+03
9.040000000000000000e+02 6.162550000000000182e+03
8.880000000000000000e+02 6.256050000000000182e+03
8.560000000000000000e+02 6.263500000000000000e+03
9.440000000000000000e+02 6.306150000000000546e+03
9.520000000000000000e+02 6.342150000000000546e+03
9.200000000000000000e+02 6.380300000000000182e+03
8.880000000000000000e+02 6.401000000000000000e+03
1.000000000000000000e+03 6.424300000000000182e+03
1.144000000000000000e+03 6.438050000000000182e+03
9.680000000000000000e+02 6.472050000000000182e+03
9.520000000000000000e+02 6.559750000000000000e+03
8.720000000000000000e+02 6.600050000000000182e+03
1.168000000000000000e+03 6.610600000000000364e+03
8.480000000000000000e+02 6.629050000000000182e+03
8.480000000000000000e+02 6.719900000000000546e+03
8.240000000000000000e+02 6.733050000000000182e+03
9.200000000000000000e+02 6.733900000000000546e+03
8.560000000000000000e+02 6.848699999999999818e+03
1.160000000000000000e+03 6.856050000000000182e+03
8.320000000000000000e+02 6.914350000000000364e+03
8.480000000000000000e+02 6.945750000000000000e+03
8.800000000000000000e+02 6.952550000000000182e+03
8.400000000000000000e+02 1.004670000000000073e+04
1.048000000000000000e+03 1.009105000000000109e+04
1.168000000000000000e+03 1.019030000000000109e+04
1.088000000000000000e+03 1.020914999999999964e+04
1.168000000000000000e+03 1.024050000000000000e+04
1.032000000000000000e+03 1.027355000000000109e+04
1.168000000000000000e+03 1.031185000000000036e+04
1.088000000000000000e+03 1.039039999999999964e+04
1.168000000000000000e+03 1.039045000000000073e+04
1.032000000000000000e+03 1.041164999999999964e+04
8.400000000000000000e+02 1.041180000000000109e+04
1.104000000000000000e+03 1.046210000000000036e+04
1.200000000000000000e+03 1.052639999999999964e+04
1.016000000000000000e+03 1.054535000000000036e+04
1.152000000000000000e+03 1.055800000000000000e+04
1.056000000000000000e+03 1.060095000000000073e+04
1.144000000000000000e+03 1.060725000000000000e+04
1.008000000000000000e+03 1.062064999999999964e+04
8.400000000000000000e+02 1.064205000000000109e+04
1.040000000000000000e+03 1.064530000000000109e+04
9.040000000000000000e+02 1.064985000000000036e+04
1.168000000000000000e+03 1.065135000000000036e+04
1.088000000000000000e+03 1.073205000000000109e+04
8.960000000000000000e+02 1.075264999999999964e+04
1.120000000000000000e+03 1.085180000000000109e+04
1.144000000000000000e+03 1.086970000000000073e+04
9.680000000000000000e+02 1.089395000000000073e+04
1.032000000000000000e+03 1.095010000000000036e+04
1.176000000000000000e+03 1.100605000000000109e+04
1.160000000000000000e+03 1.100860000000000036e+04
8.320000000000000000e+02 1.101600000000000000e+04
1.104000000000000000e+03 1.101700000000000000e+04
1.144000000000000000e+03 1.101805000000000109e+04
1.168000000000000000e+03 1.102050000000000000e+04
1.056000000000000000e+03 1.102220000000000073e+04
8.400000000000000000e+02 1.102239999999999964e+04
8.880000000000000000e+02 1.102360000000000036e+04
9.840000000000000000e+02 1.102385000000000036e+04
9.680000000000000000e+02 1.102535000000000036e+04
1.000000000000000000e+03 1.103000000000000000e+04
9.920000000000000000e+02 1.103045000000000073e+04
1.040000000000000000e+03 1.103105000000000109e+04
1.088000000000000000e+03 1.103200000000000000e+04
8.560000000000000000e+02 1.103210000000000036e+04
1.064000000000000000e+03 1.103220000000000073e+04
9.120000000000000000e+02 1.103260000000000036e+04
1.192000000000000000e+03 1.103314999999999964e+04
8.480000000000000000e+02 1.103970000000000073e+04
9.520000000000000000e+02 1.104035000000000036e+04
1.136000000000000000e+03 1.104100000000000000e+04
9.280000000000000000e+02 1.104489999999999964e+04
9.200000000000000000e+02 1.105014999999999964e+04
1.016000000000000000e+03 1.105035000000000036e+04
1.184000000000000000e+03 1.105395000000000073e+04
1.152000000000000000e+03 1.105505000000000109e+04
9.680000000000000000e+02 1.105714999999999964e+04
1.056000000000000000e+03 1.105935000000000036e+04
1.080000000000000000e+03 1.106035000000000036e+04
1.160000000000000000e+03 1.106389999999999964e+04
9.760000000000000000e+02 1.106589999999999964e+04
1.104000000000000000e+03 1.106639999999999964e+04
8.320000000000000000e+02 1.106714999999999964e+04
8.960000000000000000e+02 1.106720000000000073e+04
9.120000000000000000e+02 1.106714999999999964e+04
1.040000000000000000e+03 1.107014999999999964e+04
1.176000000000000000e+03 1.107385000000000036e+04
9.040000000000000000e+02 1.107455000000000109e+04
1.000000000000000000e+03 1.108045000000000073e+04
1.016000000000000000e+03 1.108250000000000000e+04
1.144000000000000000e+03 1.108770000000000073e+04
1.032000000000000000e+03 1.108920000000000073e+04
1.152000000000000000e+03 1.109114999999999964e+04
1.008000000000000000e+03 1.109510000000000036e+04
1.168000000000000000e+03 1.109635000000000036e+04
8.080000000000000000e+02 1.109780000000000109e+04
9.920000000000000000e+02 1.109805000000000109e+04
9.280000000000000000e+02 1.109939999999999964e+04
8.160000000000000000e+02 1.110705000000000109e+04
8.880000000000000000e+02 1.110885000000000036e+04
9.840000000000000000e+02 1.110950000000000000e+04
1.200000000000000000e+03 1.110989999999999964e+04
1.040000000000000000e+03 1.111070000000000073e+04
1.072000000000000000e+03 1.111085000000000036e+04
1.112000000000000000e+03 1.111089999999999964e+04
8.800000000000000000e+02 1.111420000000000073e+04
1.104000000000000000e+03 1.111450000000000000e+04
8.240000000000000000e+02 1.111520000000000073e+04
9.040000000000000000e+02 1.111550000000000000e+04
1.152000000000000000e+03 1.111655000000000109e+04
1.160000000000000000e+03 1.112250000000000000e+04
1.192000000000000000e+03 1.112250000000000000e+04
8.400000000000000000e+02 1.112310000000000036e+04
8.560000000000000000e+02 1.113220000000000073e+04
9.520000000000000000e+02 1.113520000000000073e+04
9.840000000000000000e+02 1.113620000000000073e+04
1.184000000000000000e+03 1.113670000000000073e+04
9.200000000000000000e+02 1.113745000000000073e+04
8.480000000000000000e+02 1.113830000000000109e+04
8.080000000000000000e+02 1.114255000000000109e+04
9.120000000000000000e+02 1.114270000000000073e+04
1.080000000000000000e+03 1.114539999999999964e+04
1.144000000000000000e+03 1.114585000000000036e+04
1.008000000000000000e+03 1.114664999999999964e+04
9.600000000000000000e+02 1.114689999999999964e+04
1.136000000000000000e+03 1.115095000000000073e+04
8.160000000000000000e+02 1.115264999999999964e+04
9.680000000000000000e+02 1.115305000000000109e+04
1.024000000000000000e+03 1.115470000000000073e+04
1.072000000000000000e+03 1.115545000000000073e+04
1.176000000000000000e+03 1.115570000000000073e+04
8.400000000000000000e+02 1.115620000000000073e+04
9.360000000000000000e+02 1.115995000000000073e+04
1.040000000000000000e+03 1.116005000000000109e+04
1.104000000000000000e+03 1.116130000000000109e+04
8.240000000000000000e+02 1.116235000000000036e+04
1.112000000000000000e+03 1.116700000000000000e+04
1.120000000000000000e+03 1.116825000000000000e+04
1.160000000000000000e+03 1.117250000000000000e+04
8.720000000000000000e+02 1.117280000000000109e+04
9.520000000000000000e+02 1.117355000000000109e+04
1.016000000000000000e+03 1.117980000000000109e+04
9.040000000000000000e+02 1.118010000000000036e+04
1.056000000000000000e+03 1.118464999999999964e+04
8.880000000000000000e+02 1.118605000000000109e+04
1.096000000000000000e+03 1.118795000000000073e+04
1.088000000000000000e+03 1.119139999999999964e+04
1.152000000000000000e+03 1.119310000000000036e+04
1.000000000000000000e+03 1.119489999999999964e+04
9.600000000000000000e+02 1.119720000000000073e+04
8.560000000000000000e+02 1.119750000000000000e+04
9.840000000000000000e+02 1.120339999999999964e+04
1.168000000000000000e+03 1.120360000000000036e+04
1.008000000000000000e+03 1.120635000000000036e+04
1.144000000000000000e+03 1.120930000000000109e+04
8.480000000000000000e+02 1.121060000000000036e+04
1.136000000000000000e+03 1.121239999999999964e+04
1.120000000000000000e+03 1.121264999999999964e+04
1.184000000000000000e+03 1.121500000000000000e+04
9.760000000000000000e+02 1.121510000000000036e+04
1.040000000000000000e+03 1.121514999999999964e+04
9.120000000000000000e+02 1.121555000000000109e+04
1.024000000000000000e+03 1.121620000000000073e+04
9.040000000000000000e+02 1.121625000000000000e+04
8.800000000000000000e+02 1.121730000000000109e+04
1.200000000000000000e+03 1.121730000000000109e+04
9.440000000000000000e+02 1.122085000000000036e+04
1.104000000000000000e+03 1.122085000000000036e+04
9.520000000000000000e+02 1.122139999999999964e+04
1.176000000000000000e+03 1.122170000000000073e+04
8.320000000000000000e+02 1.122264999999999964e+04
1.064000000000000000e+03 1.122835000000000036e+04
1.000000000000000000e+03 1.122845000000000073e+04
8.400000000000000000e+02 1.122860000000000036e+04
8.080000000000000000e+02 1.123089999999999964e+04
8.960000000000000000e+02 1.123230000000000109e+04
9.200000000000000000e+02 1.123250000000000000e+04
8.560000000000000000e+02 1.123414999999999964e+04
9.280000000000000000e+02 1.123550000000000000e+04
1.072000000000000000e+03 1.123725000000000000e+04
8.240000000000000000e+02 1.123739999999999964e+04
1.096000000000000000e+03 1.123780000000000109e+04
9.360000000000000000e+02 1.123800000000000000e+04
8.720000000000000000e+02 1.123864999999999964e+04
1.112000000000000000e+03 1.124095000000000073e+04
1.056000000000000000e+03 1.124295000000000073e+04
9.120000000000000000e+02 1.124480000000000109e+04
1.152000000000000000e+03 1.124475000000000000e+04
9.920000000000000000e+02 1.124564999999999964e+04
1.120000000000000000e+03 1.124760000000000036e+04
1.136000000000000000e+03 1.124950000000000000e+04
1.016000000000000000e+03 1.124975000000000000e+04
9.840000000000000000e+02 1.124995000000000073e+04
1.128000000000000000e+03 1.125060000000000036e+04
8.640000000000000000e+02 1.125125000000000000e+04
1.168000000000000000e+03 1.125175000000000000e+04
1.144000000000000000e+03 1.125335000000000036e+04
1.184000000000000000e+03 1.125539999999999964e+04
1.008000000000000000e+03 1.125770000000000073e+04
1.040000000000000000e+03 1.125780000000000109e+04
8.160000000000000000e+02 1.126230000000000109e+04
1.056000000000000000e+03 1.126370000000000073e+04
9.600000000000000000e+02 1.126375000000000000e+04
1.024000000000000000e+03 1.127210000000000036e+04
1.104000000000000000e+03 1.127280000000000109e+04
1.192000000000000000e+03 1.127395000000000073e+04
1.160000000000000000e+03 1.127485000000000036e+04
8.400000000000000000e+02 1.127575000000000000e+04
1.136000000000000000e+03 1.127839999999999964e+04
9.440000000000000000e+02 1.127875000000000000e+04
9.120000000000000000e+02 1.128014999999999964e+04
9.840000000000000000e+02 1.128100000000000000e+04
1.128000000000000000e+03 1.128100000000000000e+04
9.280000000000000000e+02 1.128739999999999964e+04
1.088000000000000000e+03 1.129014999999999964e+04
1.016000000000000000e+03 1.129335000000000036e+04
1.008000000000000000e+03 1.129410000000000036e+04
9.680000000000000000e+02 1.129470000000000073e+04
1.176000000000000000e+03 1.129500000000000000e+04
8.240000000000000000e+02 1.129664999999999964e+04
1.200000000000000000e+03 1.129714999999999964e+04
9.200000000000000000e+02 1.129795000000000073e+04
1.120000000000000000e+03 1.129960000000000036e+04
8.960000000000000000e+02 1.130080000000000109e+04
1.056000000000000000e+03 1.130164999999999964e+04
1.104000000000000000e+03 1.130230000000000109e+04
8.480000000000000000e+02 1.130250000000000000e+04
1.064000000000000000e+03 1.130575000000000000e+04
8.560000000000000000e+02 1.130695000000000073e+04
1.152000000000000000e+03 1.130950000000000000e+04
1.096000000000000000e+03 1.130980000000000109e+04
8.400000000000000000e+02 1.131010000000000036e+04
9.520000000000000000e+02 1.131150000000000000e+04
9.440000000000000000e+02 1.131295000000000073e+04
8.640000000000000000e+02 1.131550000000000000e+04
8.320000000000000000e+02 1.131675000000000000e+04
1.032000000000000000e+03 1.132270000000000073e+04
1.000000000000000000e+03 1.132314999999999964e+04
1.024000000000000000e+03 1.132360000000000036e+04
1.184000000000000000e+03 1.132420000000000073e+04
1.112000000000000000e+03 1.132430000000000109e+04
8.800000000000000000e+02 1.132514999999999964e+04
1.168000000000000000e+03 1.132670000000000073e+04
1.144000000000000000e+03 1.132850000000000000e+04
1.160000000000000000e+03 1.133039999999999964e+04
1.072000000000000000e+03 1.133280000000000109e+04
9.920000000000000000e+02 1.133380000000000109e+04
1.088000000000000000e+03 1.133420000000000073e+04
9.600000000000000000e+02 1.133530000000000109e+04
1.008000000000000000e+03 1.133530000000000109e+04
1.200000000000000000e+03 1.134430000000000109e+04
1.128000000000000000e+03 1.134585000000000036e+04
1.048000000000000000e+03 1.134745000000000073e+04
1.056000000000000000e+03 1.135589999999999964e+04
1.104000000000000000e+03 1.135585000000000036e+04
9.040000000000000000e+02 1.135610000000000036e+04
9.120000000000000000e+02 1.135630000000000109e+04
9.760000000000000000e+02 1.135700000000000000e+04
1.152000000000000000e+03 1.135730000000000109e+04
9.440000000000000000e+02 1.135925000000000000e+04
8.160000000000000000e+02 1.136120000000000073e+04
9.200000000000000000e+02 1.136375000000000000e+04
9.840000000000000000e+02 1.136480000000000109e+04
1.064000000000000000e+03 1.136539999999999964e+04
8.080000000000000000e+02 1.136550000000000000e+04
9.920000000000000000e+02 1.136705000000000109e+04
1.096000000000000000e+03 1.136764999999999964e+04
1.176000000000000000e+03 1.137035000000000036e+04
8.560000000000000000e+02 1.137164999999999964e+04
8.480000000000000000e+02 1.137195000000000073e+04
8.960000000000000000e+02 1.137300000000000000e+04
9.520000000000000000e+02 1.137295000000000073e+04
8.800000000000000000e+02 1.137545000000000073e+04
1.072000000000000000e+03 1.137670000000000073e+04
1.008000000000000000e+03 1.137675000000000000e+04
1.000000000000000000e+03 1.137755000000000109e+04
1.088000000000000000e+03 1.137905000000000109e+04
1.144000000000000000e+03 1.137914999999999964e+04
1.192000000000000000e+03 1.138125000000000000e+04
1.200000000000000000e+03 1.138164999999999964e+04
1.160000000000000000e+03 1.138214999999999964e+04
8.240000000000000000e+02 1.138900000000000000e+04
1.024000000000000000e+03 1.138925000000000000e+04
9.280000000000000000e+02 1.139075000000000000e+04
1.184000000000000000e+03 1.139164999999999964e+04
1.032000000000000000e+03 1.139414999999999964e+04
1.136000000000000000e+03 1.139500000000000000e+04
9.680000000000000000e+02 1.139525000000000000e+04
9.120000000000000000e+02 1.139539999999999964e+04
8.640000000000000000e+02 1.140180000000000109e+04
9.760000000000000000e+02 1.140205000000000109e+04
9.840000000000000000e+02 1.140380000000000109e+04
1.096000000000000000e+03 1.140630000000000109e+04
8.400000000000000000e+02 1.140660000000000036e+04
8.560000000000000000e+02 1.140755000000000109e+04
1.040000000000000000e+03 1.141075000000000000e+04
9.520000000000000000e+02 1.141150000000000000e+04
1.064000000000000000e+03 1.141225000000000000e+04
1.152000000000000000e+03 1.141255000000000109e+04
1.056000000000000000e+03 1.141264999999999964e+04
1.176000000000000000e+03 1.141305000000000109e+04
1.168000000000000000e+03 1.141435000000000036e+04
8.080000000000000000e+02 1.141575000000000000e+04
8.320000000000000000e+02 1.141910000000000036e+04
1.088000000000000000e+03 1.141964999999999964e+04
1.000000000000000000e+03 1.142280000000000109e+04
9.280000000000000000e+02 1.142355000000000109e+04
1.184000000000000000e+03 1.142439999999999964e+04
9.200000000000000000e+02 1.142905000000000109e+04
8.720000000000000000e+02 1.142914999999999964e+04
9.360000000000000000e+02 1.142995000000000073e+04
1.016000000000000000e+03 1.143055000000000109e+04
9.040000000000000000e+02 1.143195000000000073e+04
1.128000000000000000e+03 1.143480000000000109e+04
8.240000000000000000e+02 1.143925000000000000e+04
1.160000000000000000e+03 1.143960000000000036e+04
8.560000000000000000e+02 1.144235000000000036e+04
1.136000000000000000e+03 1.144445000000000073e+04
1.080000000000000000e+03 1.144610000000000036e+04
1.040000000000000000e+03 1.144810000000000036e+04
1.096000000000000000e+03 1.144814999999999964e+04
8.880000000000000000e+02 1.145055000000000109e+04
9.120000000000000000e+02 1.145095000000000073e+04
1.000000000000000000e+03 1.145095000000000073e+04
8.800000000000000000e+02 1.145120000000000073e+04
8.960000000000000000e+02 1.145139999999999964e+04
8.640000000000000000e+02 1.145150000000000000e+04
9.760000000000000000e+02 1.145364999999999964e+04
1.072000000000000000e+03 1.145625000000000000e+04
9.440000000000000000e+02 1.145700000000000000e+04
1.024000000000000000e+03 1.145839999999999964e+04
1.032000000000000000e+03 1.145900000000000000e+04
1.168000000000000000e+03 1.146000000000000000e+04
9.840000000000000000e+02 1.146285000000000036e+04
1.192000000000000000e+03 1.146560000000000036e+04
1.064000000000000000e+03 1.146720000000000073e+04
1.112000000000000000e+03 1.146800000000000000e+04
9.920000000000000000e+02 1.146889999999999964e+04
1.088000000000000000e+03 1.147130000000000109e+04
1.104000000000000000e+03 1.147150000000000000e+04
8.080000000000000000e+02 1.147250000000000000e+04
1.048000000000000000e+03 1.147525000000000000e+04
8.480000000000000000e+02 1.147605000000000109e+04
8.720000000000000000e+02 1.147645000000000073e+04
1.144000000000000000e+03 1.147760000000000036e+04
8.240000000000000000e+02 1.148030000000000109e+04
9.040000000000000000e+02 1.148230000000000109e+04
8.320000000000000000e+02 1.148275000000000000e+04
1.008000000000000000e+03 1.148350000000000000e+04
1.136000000000000000e+03 1.148564999999999964e+04
9.520000000000000000e+02 1.148785000000000036e+04
9.120000000000000000e+02 1.148810000000000036e+04
1.160000000000000000e+03 1.148955000000000109e+04
9.600000000000000000e+02 1.149010000000000036e+04
1.000000000000000000e+03 1.149025000000000000e+04
1.168000000000000000e+03 1.149070000000000073e+04
1.120000000000000000e+03 1.149114999999999964e+04
8.160000000000000000e+02 1.149510000000000036e+04
1.104000000000000000e+03 1.149895000000000073e+04
8.800000000000000000e+02 1.149910000000000036e+04
1.128000000000000000e+03 1.150105000000000109e+04
8.640000000000000000e+02 1.150114999999999964e+04
1.184000000000000000e+03 1.150300000000000000e+04
1.056000000000000000e+03 1.150395000000000073e+04
1.016000000000000000e+03 1.151010000000000036e+04
1.064000000000000000e+03 1.151135000000000036e+04
1.152000000000000000e+03 1.151730000000000109e+04
9.440000000000000000e+02 1.151750000000000000e+04
8.960000000000000000e+02 1.151805000000000109e+04
1.000000000000000000e+03 1.151830000000000109e+04
8.480000000000000000e+02 1.151930000000000109e+04
1.096000000000000000e+03 1.152000000000000000e+04
9.760000000000000000e+02 1.152050000000000000e+04
8.240000000000000000e+02 1.152070000000000073e+04
8.880000000000000000e+02 1.152170000000000073e+04
1.008000000000000000e+03 1.152235000000000036e+04
9.680000000000000000e+02 1.152375000000000000e+04
9.040000000000000000e+02 1.152485000000000036e+04
1.192000000000000000e+03 1.152989999999999964e+04
8.400000000000000000e+02 1.153160000000000036e+04
8.160000000000000000e+02 1.153195000000000073e+04
1.144000000000000000e+03 1.153205000000000109e+04
8.720000000000000000e+02 1.153220000000000073e+04
9.840000000000000000e+02 1.153550000000000000e+04
1.072000000000000000e+03 1.153655000000000109e+04
1.024000000000000000e+03 1.153875000000000000e+04
8.320000000000000000e+02 1.154010000000000036e+04
1.136000000000000000e+03 1.154039999999999964e+04
1.120000000000000000e+03 1.154510000000000036e+04
8.800000000000000000e+02 1.154575000000000000e+04
9.120000000000000000e+02 1.154600000000000000e+04
1.088000000000000000e+03 1.154630000000000109e+04
1.056000000000000000e+03 1.154639999999999964e+04
1.032000000000000000e+03 1.154680000000000109e+04
1.048000000000000000e+03 1.154685000000000036e+04
8.960000000000000000e+02 1.154735000000000036e+04
9.440000000000000000e+02 1.155195000000000073e+04
1.176000000000000000e+03 1.155280000000000109e+04
1.104000000000000000e+03 1.155300000000000000e+04
8.560000000000000000e+02 1.155339999999999964e+04
9.840000000000000000e+02 1.155800000000000000e+04
8.880000000000000000e+02 1.155914999999999964e+04
1.080000000000000000e+03 1.156050000000000000e+04
8.160000000000000000e+02 1.156225000000000000e+04
1.168000000000000000e+03 1.156295000000000073e+04
1.200000000000000000e+03 1.156310000000000036e+04
9.120000000000000000e+02 1.156760000000000036e+04
1.040000000000000000e+03 1.156855000000000109e+04
9.600000000000000000e+02 1.156880000000000109e+04
1.160000000000000000e+03 1.157075000000000000e+04
9.520000000000000000e+02 1.157089999999999964e+04
1.000000000000000000e+03 1.157239999999999964e+04
1.128000000000000000e+03 1.157539999999999964e+04
1.096000000000000000e+03 1.157814999999999964e+04
9.920000000000000000e+02 1.157950000000000000e+04
9.360000000000000000e+02 1.157995000000000073e+04
1.176000000000000000e+03 1.158014999999999964e+04
8.640000000000000000e+02 1.158035000000000036e+04
1.184000000000000000e+03 1.158680000000000109e+04
1.144000000000000000e+03 1.158750000000000000e+04
1.112000000000000000e+03 1.158905000000000109e+04
9.280000000000000000e+02 1.159139999999999964e+04
9.200000000000000000e+02 1.159205000000000109e+04
1.016000000000000000e+03 1.159575000000000000e+04
8.480000000000000000e+02 1.159764999999999964e+04
9.600000000000000000e+02 1.159870000000000073e+04
1.064000000000000000e+03 1.159895000000000073e+04
1.024000000000000000e+03 1.159945000000000073e+04
9.120000000000000000e+02 1.160055000000000109e+04
1.136000000000000000e+03 1.160070000000000073e+04
1.200000000000000000e+03 1.160485000000000036e+04
1.056000000000000000e+03 1.160580000000000109e+04
1.080000000000000000e+03 1.160605000000000109e+04
1.104000000000000000e+03 1.160780000000000109e+04
1.120000000000000000e+03 1.160855000000000109e+04
1.072000000000000000e+03 1.161185000000000036e+04
9.680000000000000000e+02 1.161460000000000036e+04
1.168000000000000000e+03 1.161464999999999964e+04
8.640000000000000000e+02 1.161575000000000000e+04
1.032000000000000000e+03 1.161614999999999964e+04
9.360000000000000000e+02 1.162075000000000000e+04
8.880000000000000000e+02 1.162125000000000000e+04
9.040000000000000000e+02 1.162125000000000000e+04
1.088000000000000000e+03 1.162605000000000109e+04
1.176000000000000000e+03 1.162660000000000036e+04
1.000000000000000000e+03 1.162680000000000109e+04
1.184000000000000000e+03 1.163100000000000000e+04
1.192000000000000000e+03 1.163314999999999964e+04
1.128000000000000000e+03 1.163400000000000000e+04
9.440000000000000000e+02 1.163420000000000073e+04
8.240000000000000000e+02 1.163455000000000109e+04
9.760000000000000000e+02 1.163539999999999964e+04
1.144000000000000000e+03 1.163660000000000036e+04
9.520000000000000000e+02 1.163664999999999964e+04
8.160000000000000000e+02 1.163780000000000109e+04
1.040000000000000000e+03 1.164110000000000036e+04
9.120000000000000000e+02 1.164155000000000109e+04
1.160000000000000000e+03 1.164230000000000109e+04
1.016000000000000000e+03 1.164455000000000109e+04
1.024000000000000000e+03 1.164800000000000000e+04
1.136000000000000000e+03 1.164800000000000000e+04
9.920000000000000000e+02 1.164860000000000036e+04
8.800000000000000000e+02 1.165010000000000036e+04
8.720000000000000000e+02 1.165030000000000109e+04
9.280000000000000000e+02 1.165170000000000073e+04
1.104000000000000000e+03 1.165175000000000000e+04
1.048000000000000000e+03 1.165270000000000073e+04
8.960000000000000000e+02 1.165420000000000073e+04
8.560000000000000000e+02 1.165820000000000073e+04
8.640000000000000000e+02 1.165830000000000109e+04
1.112000000000000000e+03 1.166005000000000109e+04
1.152000000000000000e+03 1.166064999999999964e+04
1.056000000000000000e+03 1.166470000000000073e+04
9.200000000000000000e+02 1.166650000000000000e+04
1.176000000000000000e+03 1.166700000000000000e+04
8.880000000000000000e+02 1.166950000000000000e+04
9.360000000000000000e+02 1.167045000000000073e+04
1.080000000000000000e+03 1.167195000000000073e+04
1.128000000000000000e+03 1.167300000000000000e+04
9.920000000000000000e+02 1.167860000000000036e+04
8.480000000000000000e+02 1.168045000000000073e+04
1.072000000000000000e+03 1.168270000000000073e+04
1.040000000000000000e+03 1.168275000000000000e+04
9.600000000000000000e+02 1.168330000000000109e+04
8.320000000000000000e+02 1.168345000000000073e+04
1.008000000000000000e+03 1.168445000000000073e+04
8.640000000000000000e+02 1.168525000000000000e+04
1.000000000000000000e+03 1.168775000000000000e+04
9.440000000000000000e+02 1.168845000000000073e+04
9.120000000000000000e+02 1.169030000000000109e+04
9.520000000000000000e+02 1.169130000000000109e+04
1.096000000000000000e+03 1.169210000000000036e+04
9.840000000000000000e+02 1.169239999999999964e+04
8.560000000000000000e+02 1.169260000000000036e+04
8.960000000000000000e+02 1.169295000000000073e+04
1.120000000000000000e+03 1.169320000000000073e+04
1.168000000000000000e+03 1.169750000000000000e+04
8.080000000000000000e+02 1.170039999999999964e+04
1.160000000000000000e+03 1.170050000000000000e+04
1.112000000000000000e+03 1.170164999999999964e+04
9.040000000000000000e+02 1.170470000000000073e+04
1.064000000000000000e+03 1.170830000000000109e+04
8.400000000000000000e+02 1.170975000000000000e+04
1.192000000000000000e+03 1.171085000000000036e+04
1.136000000000000000e+03 1.171139999999999964e+04
1.104000000000000000e+03 1.171155000000000109e+04
9.280000000000000000e+02 1.171220000000000073e+04
1.016000000000000000e+03 1.171785000000000036e+04
1.024000000000000000e+03 1.171800000000000000e+04
1.056000000000000000e+03 1.172135000000000036e+04
1.040000000000000000e+03 1.172160000000000036e+04
9.600000000000000000e+02 1.172264999999999964e+04
1.008000000000000000e+03 1.172280000000000109e+04
1.088000000000000000e+03 1.172285000000000036e+04
1.176000000000000000e+03 1.172395000000000073e+04
1.048000000000000000e+03 1.172935000000000036e+04
8.240000000000000000e+02 1.173689999999999964e+04
8.160000000000000000e+02 1.173730000000000109e+04
1.080000000000000000e+03 1.173810000000000036e+04
8.480000000000000000e+02 1.174130000000000109e+04
9.120000000000000000e+02 1.174125000000000000e+04
8.640000000000000000e+02 1.174235000000000036e+04
1.168000000000000000e+03 1.174239999999999964e+04
1.000000000000000000e+03 1.174250000000000000e+04
8.800000000000000000e+02 1.174400000000000000e+04
8.720000000000000000e+02 1.174405000000000109e+04
9.760000000000000000e+02 1.174539999999999964e+04
1.120000000000000000e+03 1.174720000000000073e+04
1.104000000000000000e+03 1.174755000000000109e+04
1.144000000000000000e+03 1.174764999999999964e+04
9.280000000000000000e+02 1.175139999999999964e+04
9.920000000000000000e+02 1.175170000000000073e+04
1.024000000000000000e+03 1.175425000000000000e+04
9.520000000000000000e+02 1.175620000000000073e+04
8.880000000000000000e+02 1.176060000000000036e+04
1.152000000000000000e+03 1.176055000000000109e+04
1.096000000000000000e+03 1.176120000000000073e+04
1.128000000000000000e+03 1.176114999999999964e+04
9.840000000000000000e+02 1.176225000000000000e+04
1.184000000000000000e+03 1.176289999999999964e+04
1.112000000000000000e+03 1.176675000000000000e+04
9.200000000000000000e+02 1.176745000000000073e+04
8.320000000000000000e+02 1.176895000000000073e+04
1.176000000000000000e+03 1.176975000000000000e+04
8.480000000000000000e+02 1.177145000000000073e+04
1.192000000000000000e+03 1.177150000000000000e+04
1.200000000000000000e+03 1.177155000000000109e+04
1.064000000000000000e+03 1.177180000000000109e+04
1.040000000000000000e+03 1.177330000000000109e+04
9.760000000000000000e+02 1.177764999999999964e+04
1.016000000000000000e+03 1.177905000000000109e+04
9.600000000000000000e+02 1.178489999999999964e+04
8.800000000000000000e+02 1.178545000000000073e+04
9.120000000000000000e+02 1.178545000000000073e+04
1.032000000000000000e+03 1.178610000000000036e+04
8.640000000000000000e+02 1.178620000000000073e+04
9.440000000000000000e+02 1.178625000000000000e+04
1.104000000000000000e+03 1.178660000000000036e+04
1.072000000000000000e+03 1.178695000000000073e+04
1.136000000000000000e+03 1.178720000000000073e+04
9.520000000000000000e+02 1.178725000000000000e+04
9.680000000000000000e+02 1.178780000000000109e+04
8.240000000000000000e+02 1.179320000000000073e+04
1.168000000000000000e+03 1.179345000000000073e+04
1.088000000000000000e+03 1.179445000000000073e+04
8.400000000000000000e+02 1.179514999999999964e+04
1.008000000000000000e+03 1.180045000000000073e+04
8.480000000000000000e+02 1.180335000000000036e+04
8.080000000000000000e+02 1.180445000000000073e+04
1.152000000000000000e+03 1.180789999999999964e+04
1.200000000000000000e+03 1.180814999999999964e+04
1.040000000000000000e+03 1.180845000000000073e+04
9.280000000000000000e+02 1.181350000000000000e+04
1.176000000000000000e+03 1.181464999999999964e+04
1.104000000000000000e+03 1.181520000000000073e+04
9.360000000000000000e+02 1.181655000000000109e+04
1.056000000000000000e+03 1.181880000000000109e+04
1.160000000000000000e+03 1.181960000000000036e+04
9.920000000000000000e+02 1.182020000000000073e+04
9.840000000000000000e+02 1.182045000000000073e+04
1.120000000000000000e+03 1.182085000000000036e+04
8.320000000000000000e+02 1.182230000000000109e+04
9.120000000000000000e+02 1.182610000000000036e+04
9.600000000000000000e+02 1.182650000000000000e+04
9.760000000000000000e+02 1.182650000000000000e+04
1.136000000000000000e+03 1.182685000000000036e+04
1.088000000000000000e+03 1.182745000000000073e+04
1.048000000000000000e+03 1.182800000000000000e+04
8.640000000000000000e+02 1.182825000000000000e+04
1.144000000000000000e+03 1.182950000000000000e+04
1.072000000000000000e+03 1.183310000000000036e+04
1.024000000000000000e+03 1.183339999999999964e+04
1.112000000000000000e+03 1.183430000000000109e+04
1.000000000000000000e+03 1.183530000000000109e+04
1.184000000000000000e+03 1.183835000000000036e+04
9.040000000000000000e+02 1.183914999999999964e+04
9.360000000000000000e+02 1.184110000000000036e+04
8.880000000000000000e+02 1.184380000000000109e+04
1.008000000000000000e+03 1.184375000000000000e+04
1.168000000000000000e+03 1.184400000000000000e+04
1.096000000000000000e+03 1.184464999999999964e+04
8.480000000000000000e+02 1.184589999999999964e+04
8.240000000000000000e+02 1.184710000000000036e+04
1.016000000000000000e+03 1.184980000000000109e+04
9.440000000000000000e+02 1.185075000000000000e+04
8.320000000000000000e+02 1.185455000000000109e+04
9.840000000000000000e+02 1.185575000000000000e+04
1.032000000000000000e+03 1.185630000000000109e+04
9.120000000000000000e+02 1.185705000000000109e+04
8.720000000000000000e+02 1.185925000000000000e+04
9.920000000000000000e+02 1.186025000000000000e+04
8.160000000000000000e+02 1.186075000000000000e+04
9.760000000000000000e+02 1.186075000000000000e+04
9.200000000000000000e+02 1.186470000000000073e+04
1.128000000000000000e+03 1.186700000000000000e+04
1.000000000000000000e+03 1.186714999999999964e+04
1.088000000000000000e+03 1.186780000000000109e+04
1.144000000000000000e+03 1.187210000000000036e+04
1.176000000000000000e+03 1.187225000000000000e+04
1.040000000000000000e+03 1.187330000000000109e+04
9.520000000000000000e+02 1.187645000000000073e+04
1.160000000000000000e+03 1.187710000000000036e+04
1.072000000000000000e+03 1.187820000000000073e+04
1.008000000000000000e+03 1.187839999999999964e+04
9.680000000000000000e+02 1.188255000000000109e+04
9.760000000000000000e+02 1.188539999999999964e+04
1.080000000000000000e+03 1.188595000000000073e+04
8.320000000000000000e+02 1.188650000000000000e+04
1.064000000000000000e+03 1.188645000000000073e+04
1.200000000000000000e+03 1.188789999999999964e+04
1.168000000000000000e+03 1.188935000000000036e+04
9.840000000000000000e+02 1.189050000000000000e+04
9.360000000000000000e+02 1.189225000000000000e+04
8.960000000000000000e+02 1.189250000000000000e+04
8.240000000000000000e+02 1.189285000000000036e+04
1.048000000000000000e+03 1.189635000000000036e+04
9.040000000000000000e+02 1.189645000000000073e+04
9.920000000000000000e+02 1.189680000000000109e+04
8.480000000000000000e+02 1.189795000000000073e+04
1.000000000000000000e+03 1.189914999999999964e+04
1.024000000000000000e+03 1.190000000000000000e+04
1.016000000000000000e+03 1.190664999999999964e+04
9.600000000000000000e+02 1.190700000000000000e+04
8.800000000000000000e+02 1.190739999999999964e+04
1.040000000000000000e+03 1.190750000000000000e+04
8.880000000000000000e+02 1.190814999999999964e+04
1.032000000000000000e+03 1.190885000000000036e+04
1.104000000000000000e+03 1.191164999999999964e+04
1.192000000000000000e+03 1.191285000000000036e+04
1.056000000000000000e+03 1.191395000000000073e+04
1.144000000000000000e+03 1.191575000000000000e+04
1.120000000000000000e+03 1.191839999999999964e+04
9.440000000000000000e+02 1.191870000000000073e+04
8.400000000000000000e+02 1.191939999999999964e+04
9.120000000000000000e+02 1.191985000000000036e+04
8.320000000000000000e+02 1.192120000000000073e+04
9.760000000000000000e+02 1.192300000000000000e+04
1.008000000000000000e+03 1.192295000000000073e+04
9.520000000000000000e+02 1.192435000000000036e+04
1.072000000000000000e+03 1.192435000000000036e+04
1.096000000000000000e+03 1.192605000000000109e+04
1.080000000000000000e+03 1.192795000000000073e+04
1.168000000000000000e+03 1.192885000000000036e+04
9.920000000000000000e+02 1.192895000000000073e+04
1.136000000000000000e+03 1.192895000000000073e+04
1.112000000000000000e+03 1.193825000000000000e+04
8.960000000000000000e+02 1.193900000000000000e+04
9.360000000000000000e+02 1.194045000000000073e+04
9.040000000000000000e+02 1.194060000000000036e+04
1.192000000000000000e+03 1.194080000000000109e+04
1.048000000000000000e+03 1.194530000000000109e+04
9.600000000000000000e+02 1.194600000000000000e+04
1.160000000000000000e+03 1.194939999999999964e+04
1.184000000000000000e+03 1.195355000000000109e+04
1.040000000000000000e+03 1.195555000000000109e+04
1.200000000000000000e+03 1.195614999999999964e+04
1.024000000000000000e+03 1.195660000000000036e+04
9.920000000000000000e+02 1.195850000000000000e+04
9.520000000000000000e+02 1.195930000000000109e+04
9.280000000000000000e+02 1.196125000000000000e+04
1.080000000000000000e+03 1.196335000000000036e+04
1.144000000000000000e+03 1.196360000000000036e+04
9.680000000000000000e+02 1.196380000000000109e+04
1.120000000000000000e+03 1.196564999999999964e+04
9.440000000000000000e+02 1.196685000000000036e+04
8.480000000000000000e+02 1.196839999999999964e+04
1.096000000000000000e+03 1.196935000000000036e+04
9.120000000000000000e+02 1.196945000000000073e+04
1.176000000000000000e+03 1.197239999999999964e+04
8.560000000000000000e+02 1.197364999999999964e+04
8.160000000000000000e+02 1.197439999999999964e+04
8.960000000000000000e+02 1.197510000000000036e+04
1.168000000000000000e+03 1.197525000000000000e+04
9.200000000000000000e+02 1.197630000000000109e+04
8.880000000000000000e+02 1.198010000000000036e+04
1.008000000000000000e+03 1.198010000000000036e+04
1.056000000000000000e+03 1.198125000000000000e+04
1.104000000000000000e+03 1.198789999999999964e+04
1.120000000000000000e+03 1.199095000000000073e+04
9.440000000000000000e+02 1.199160000000000036e+04
1.136000000000000000e+03 1.199160000000000036e+04
9.360000000000000000e+02 1.199214999999999964e+04
1.072000000000000000e+03 1.199520000000000073e+04
1.064000000000000000e+03 1.199775000000000000e+04
9.920000000000000000e+02 1.199860000000000036e+04
9.520000000000000000e+02 1.200260000000000036e+04
9.040000000000000000e+02 1.200355000000000109e+04
1.016000000000000000e+03 1.200420000000000073e+04
8.640000000000000000e+02 1.200495000000000073e+04
9.600000000000000000e+02 1.200555000000000109e+04
1.032000000000000000e+03 1.200580000000000109e+04
9.840000000000000000e+02 1.200620000000000073e+04
1.040000000000000000e+03 1.200800000000000000e+04
9.280000000000000000e+02 1.200975000000000000e+04
1.088000000000000000e+03 1.201095000000000073e+04
1.048000000000000000e+03 1.201235000000000036e+04
1.144000000000000000e+03 1.201275000000000000e+04
1.000000000000000000e+03 1.201314999999999964e+04
1.024000000000000000e+03 1.201900000000000000e+04
1.184000000000000000e+03 1.202014999999999964e+04
1.112000000000000000e+03 1.202035000000000036e+04
8.720000000000000000e+02 1.202070000000000073e+04
1.152000000000000000e+03 1.202080000000000109e+04
1.056000000000000000e+03 1.202110000000000036e+04
9.360000000000000000e+02 1.202930000000000109e+04
1.200000000000000000e+03 1.202964999999999964e+04
8.960000000000000000e+02 1.203039999999999964e+04
1.128000000000000000e+03 1.203175000000000000e+04
9.200000000000000000e+02 1.203880000000000109e+04
9.520000000000000000e+02 1.203895000000000073e+04
9.760000000000000000e+02 1.203930000000000109e+04
1.120000000000000000e+03 1.204245000000000073e+04
1.176000000000000000e+03 1.204395000000000073e+04
1.184000000000000000e+03 1.204520000000000073e+04
8.240000000000000000e+02 1.204560000000000036e+04
9.920000000000000000e+02 1.204560000000000036e+04
1.136000000000000000e+03 1.204600000000000000e+04
9.440000000000000000e+02 1.204635000000000036e+04
8.880000000000000000e+02 1.204689999999999964e+04
1.024000000000000000e+03 1.204685000000000036e+04
9.120000000000000000e+02 1.204764999999999964e+04
9.680000000000000000e+02 1.204864999999999964e+04
1.008000000000000000e+03 1.205164999999999964e+04
1.000000000000000000e+03 1.205280000000000109e+04
1.168000000000000000e+03 1.205285000000000036e+04
8.560000000000000000e+02 1.205330000000000109e+04
8.800000000000000000e+02 1.205350000000000000e+04
9.280000000000000000e+02 1.205350000000000000e+04
1.032000000000000000e+03 1.205705000000000109e+04
9.040000000000000000e+02 1.205814999999999964e+04
8.320000000000000000e+02 1.206064999999999964e+04
1.096000000000000000e+03 1.206189999999999964e+04
1.056000000000000000e+03 1.206239999999999964e+04
1.192000000000000000e+03 1.206289999999999964e+04
8.160000000000000000e+02 1.206320000000000073e+04
8.720000000000000000e+02 1.206339999999999964e+04
1.112000000000000000e+03 1.206460000000000036e+04
8.640000000000000000e+02 1.207020000000000073e+04
1.176000000000000000e+03 1.207239999999999964e+04
9.600000000000000000e+02 1.207280000000000109e+04
8.080000000000000000e+02 1.207325000000000000e+04
1.064000000000000000e+03 1.207330000000000109e+04
9.840000000000000000e+02 1.207364999999999964e+04
1.048000000000000000e+03 1.207400000000000000e+04
9.680000000000000000e+02 1.207530000000000109e+04
1.128000000000000000e+03 1.207735000000000036e+04
1.184000000000000000e+03 1.207735000000000036e+04
1.144000000000000000e+03 1.207925000000000000e+04
8.480000000000000000e+02 1.208295000000000073e+04
1.152000000000000000e+03 1.208510000000000036e+04
8.960000000000000000e+02 1.208575000000000000e+04
9.200000000000000000e+02 1.208980000000000109e+04
1.104000000000000000e+03 1.209010000000000036e+04
1.024000000000000000e+03 1.209135000000000036e+04
8.720000000000000000e+02 1.209145000000000073e+04
1.008000000000000000e+03 1.209735000000000036e+04
8.240000000000000000e+02 1.209785000000000036e+04
8.160000000000000000e+02 1.209839999999999964e+04
1.088000000000000000e+03 1.209855000000000109e+04
1.192000000000000000e+03 1.209914999999999964e+04
1.120000000000000000e+03 1.210130000000000109e+04
1.040000000000000000e+03 1.210180000000000109e+04
1.160000000000000000e+03 1.210485000000000036e+04
1.176000000000000000e+03 1.210839999999999964e+04
8.560000000000000000e+02 1.211260000000000036e+04
9.440000000000000000e+02 1.211310000000000036e+04
1.136000000000000000e+03 1.211310000000000036e+04
1.168000000000000000e+03 1.211480000000000109e+04
9.360000000000000000e+02 1.211485000000000036e+04
1.112000000000000000e+03 1.211995000000000073e+04
9.280000000000000000e+02 1.212185000000000036e+04
9.920000000000000000e+02 1.212189999999999964e+04
1.096000000000000000e+03 1.212264999999999964e+04
9.520000000000000000e+02 1.212295000000000073e+04
9.760000000000000000e+02 1.212305000000000109e+04
1.024000000000000000e+03 1.213130000000000109e+04
1.016000000000000000e+03 1.213235000000000036e+04
8.240000000000000000e+02 1.213314999999999964e+04
8.960000000000000000e+02 1.213370000000000073e+04
1.064000000000000000e+03 1.213370000000000073e+04
1.200000000000000000e+03 1.213380000000000109e+04
9.200000000000000000e+02 1.213435000000000036e+04
1.032000000000000000e+03 1.213545000000000073e+04
9.600000000000000000e+02 1.214125000000000000e+04
9.040000000000000000e+02 1.214170000000000073e+04
1.056000000000000000e+03 1.214214999999999964e+04
8.640000000000000000e+02 1.214370000000000073e+04
1.000000000000000000e+03 1.214410000000000036e+04
1.144000000000000000e+03 1.214439999999999964e+04
8.800000000000000000e+02 1.214485000000000036e+04
1.128000000000000000e+03 1.214885000000000036e+04
1.168000000000000000e+03 1.214985000000000036e+04
1.104000000000000000e+03 1.215020000000000073e+04
1.120000000000000000e+03 1.215095000000000073e+04
1.184000000000000000e+03 1.215095000000000073e+04
1.080000000000000000e+03 1.215105000000000109e+04
1.160000000000000000e+03 1.215130000000000109e+04
1.176000000000000000e+03 1.215135000000000036e+04
8.320000000000000000e+02 1.215814999999999964e+04
8.080000000000000000e+02 1.215885000000000036e+04
9.360000000000000000e+02 1.216105000000000109e+04
1.096000000000000000e+03 1.216530000000000109e+04
8.560000000000000000e+02 1.217055000000000109e+04
1.072000000000000000e+03 1.217200000000000000e+04
8.240000000000000000e+02 1.217470000000000073e+04
1.032000000000000000e+03 1.217535000000000036e+04
8.960000000000000000e+02 1.217570000000000073e+04
1.016000000000000000e+03 1.217620000000000073e+04
1.176000000000000000e+03 1.218035000000000036e+04
1.160000000000000000e+03 1.218064999999999964e+04
8.720000000000000000e+02 1.218100000000000000e+04
9.040000000000000000e+02 1.218114999999999964e+04
8.400000000000000000e+02 1.218250000000000000e+04
1.200000000000000000e+03 1.218325000000000000e+04
1.056000000000000000e+03 1.218645000000000073e+04
1.128000000000000000e+03 1.218795000000000073e+04
1.144000000000000000e+03 1.218825000000000000e+04
1.008000000000000000e+03 1.218835000000000036e+04
9.760000000000000000e+02 1.218845000000000073e+04
9.920000000000000000e+02 1.218850000000000000e+04
1.152000000000000000e+03 1.218880000000000109e+04
9.840000000000000000e+02 1.218939999999999964e+04
1.088000000000000000e+03 1.219170000000000073e+04
1.080000000000000000e+03 1.219239999999999964e+04
1.112000000000000000e+03 1.219239999999999964e+04
1.120000000000000000e+03 1.219720000000000073e+04
9.520000000000000000e+02 1.220000000000000000e+04
8.080000000000000000e+02 1.220100000000000000e+04
1.168000000000000000e+03 1.220564999999999964e+04
8.560000000000000000e+02 1.221025000000000000e+04
1.184000000000000000e+03 1.221085000000000036e+04
8.240000000000000000e+02 1.221195000000000073e+04
9.600000000000000000e+02 1.221480000000000109e+04
9.040000000000000000e+02 1.221530000000000109e+04
1.040000000000000000e+03 1.221570000000000073e+04
1.072000000000000000e+03 1.221575000000000000e+04
1.160000000000000000e+03 1.221960000000000036e+04
9.200000000000000000e+02 1.222189999999999964e+04
1.088000000000000000e+03 1.222455000000000109e+04
9.360000000000000000e+02 1.222505000000000109e+04
8.160000000000000000e+02 1.222614999999999964e+04
1.104000000000000000e+03 1.222635000000000036e+04
9.120000000000000000e+02 1.222655000000000109e+04
1.176000000000000000e+03 1.222660000000000036e+04
1.200000000000000000e+03 1.222764999999999964e+04
8.400000000000000000e+02 1.222814999999999964e+04
1.056000000000000000e+03 1.223225000000000000e+04
8.640000000000000000e+02 1.223370000000000073e+04
1.144000000000000000e+03 1.223514999999999964e+04
1.008000000000000000e+03 1.223620000000000073e+04
1.000000000000000000e+03 1.223670000000000073e+04
1.136000000000000000e+03 1.223935000000000036e+04
9.920000000000000000e+02 1.223960000000000036e+04
8.480000000000000000e+02 1.224305000000000109e+04
8.240000000000000000e+02 1.224375000000000000e+04
9.520000000000000000e+02 1.224489999999999964e+04
9.440000000000000000e+02 1.224514999999999964e+04
1.016000000000000000e+03 1.224525000000000000e+04
1.064000000000000000e+03 1.224705000000000109e+04
1.024000000000000000e+03 1.224714999999999964e+04
1.128000000000000000e+03 1.225305000000000109e+04
8.160000000000000000e+02 1.225330000000000109e+04
8.960000000000000000e+02 1.225439999999999964e+04
1.096000000000000000e+03 1.225514999999999964e+04
1.152000000000000000e+03 1.225514999999999964e+04
8.560000000000000000e+02 1.225625000000000000e+04
1.032000000000000000e+03 1.225810000000000036e+04
1.112000000000000000e+03 1.225945000000000073e+04
9.600000000000000000e+02 1.226130000000000109e+04
9.280000000000000000e+02 1.226205000000000109e+04
8.720000000000000000e+02 1.226310000000000036e+04
8.080000000000000000e+02 1.227000000000000000e+04
1.184000000000000000e+03 1.227135000000000036e+04
8.640000000000000000e+02 1.227280000000000109e+04
9.200000000000000000e+02 1.227314999999999964e+04
1.040000000000000000e+03 1.227360000000000036e+04
1.056000000000000000e+03 1.227425000000000000e+04
9.760000000000000000e+02 1.227585000000000036e+04
9.840000000000000000e+02 1.227650000000000000e+04
1.200000000000000000e+03 1.227789999999999964e+04
1.064000000000000000e+03 1.227830000000000109e+04
1.088000000000000000e+03 1.227870000000000073e+04
1.120000000000000000e+03 1.227964999999999964e+04
9.920000000000000000e+02 1.227985000000000036e+04
1.160000000000000000e+03 1.228089999999999964e+04
1.168000000000000000e+03 1.228114999999999964e+04
8.480000000000000000e+02 1.228339999999999964e+04
1.048000000000000000e+03 1.228395000000000073e+04
1.136000000000000000e+03 1.228535000000000036e+04
1.176000000000000000e+03 1.228825000000000000e+04
9.040000000000000000e+02 1.228955000000000109e+04
8.880000000000000000e+02 1.229010000000000036e+04
1.112000000000000000e+03 1.229070000000000073e+04
8.240000000000000000e+02 1.229089999999999964e+04
1.192000000000000000e+03 1.229185000000000036e+04
1.096000000000000000e+03 1.229195000000000073e+04
1.000000000000000000e+03 1.229760000000000036e+04
1.104000000000000000e+03 1.229889999999999964e+04
1.024000000000000000e+03 1.229914999999999964e+04
1.144000000000000000e+03 1.230000000000000000e+04
9.520000000000000000e+02 1.230070000000000073e+04
8.160000000000000000e+02 1.230105000000000109e+04
9.600000000000000000e+02 1.230355000000000109e+04
8.560000000000000000e+02 1.230420000000000073e+04
1.040000000000000000e+03 1.230555000000000109e+04
9.680000000000000000e+02 1.230655000000000109e+04
1.008000000000000000e+03 1.230655000000000109e+04
1.128000000000000000e+03 1.230800000000000000e+04
1.168000000000000000e+03 1.231095000000000073e+04
9.120000000000000000e+02 1.231200000000000000e+04
1.056000000000000000e+03 1.231289999999999964e+04
1.072000000000000000e+03 1.231535000000000036e+04
8.320000000000000000e+02 1.231930000000000109e+04
8.800000000000000000e+02 1.232020000000000073e+04
9.760000000000000000e+02 1.232325000000000000e+04
1.088000000000000000e+03 1.232425000000000000e+04
8.960000000000000000e+02 1.232605000000000109e+04
1.096000000000000000e+03 1.232630000000000109e+04
8.400000000000000000e+02 1.232714999999999964e+04
8.240000000000000000e+02 1.232760000000000036e+04
9.360000000000000000e+02 1.232764999999999964e+04
1.120000000000000000e+03 1.232885000000000036e+04
9.040000000000000000e+02 1.232939999999999964e+04
8.640000000000000000e+02 1.232989999999999964e+04
9.920000000000000000e+02 1.233120000000000073e+04
9.840000000000000000e+02 1.233200000000000000e+04
8.880000000000000000e+02 1.233305000000000109e+04
1.112000000000000000e+03 1.233325000000000000e+04
8.080000000000000000e+02 1.233395000000000073e+04
1.024000000000000000e+03 1.233505000000000109e+04
1.200000000000000000e+03 1.233589999999999964e+04
8.480000000000000000e+02 1.233664999999999964e+04
9.600000000000000000e+02 1.233925000000000000e+04
9.200000000000000000e+02 1.234055000000000109e+04
1.144000000000000000e+03 1.234200000000000000e+04
1.040000000000000000e+03 1.235270000000000073e+04
1.016000000000000000e+03 1.235630000000000109e+04
1.048000000000000000e+03 1.235675000000000000e+04
9.440000000000000000e+02 1.235860000000000036e+04
9.920000000000000000e+02 1.236239999999999964e+04
1.008000000000000000e+03 1.236400000000000000e+04
1.000000000000000000e+03 1.236430000000000109e+04
8.160000000000000000e+02 1.236760000000000036e+04
9.360000000000000000e+02 1.236780000000000109e+04
8.960000000000000000e+02 1.237000000000000000e+04
8.800000000000000000e+02 1.237020000000000073e+04
1.192000000000000000e+03 1.237080000000000109e+04
1.136000000000000000e+03 1.237085000000000036e+04
9.840000000000000000e+02 1.237150000000000000e+04
8.720000000000000000e+02 1.237230000000000109e+04
1.200000000000000000e+03 1.237230000000000109e+04
9.520000000000000000e+02 1.237314999999999964e+04
1.064000000000000000e+03 1.237470000000000073e+04
1.184000000000000000e+03 1.237525000000000000e+04
9.760000000000000000e+02 1.237635000000000036e+04
1.176000000000000000e+03 1.237645000000000073e+04
1.112000000000000000e+03 1.237720000000000073e+04
8.560000000000000000e+02 1.237970000000000073e+04
1.160000000000000000e+03 1.238020000000000073e+04
8.080000000000000000e+02 1.238035000000000036e+04
9.200000000000000000e+02 1.238114999999999964e+04
9.680000000000000000e+02 1.238520000000000073e+04
1.144000000000000000e+03 1.238575000000000000e+04
9.040000000000000000e+02 1.238614999999999964e+04
8.640000000000000000e+02 1.238655000000000109e+04
1.056000000000000000e+03 1.239314999999999964e+04
1.072000000000000000e+03 1.239445000000000073e+04
9.280000000000000000e+02 1.239620000000000073e+04
9.840000000000000000e+02 1.239700000000000000e+04
1.120000000000000000e+03 1.239930000000000109e+04
8.320000000000000000e+02 1.240114999999999964e+04
9.440000000000000000e+02 1.240230000000000109e+04
8.800000000000000000e+02 1.240330000000000109e+04
8.720000000000000000e+02 1.240614999999999964e+04
9.600000000000000000e+02 1.240680000000000109e+04
1.104000000000000000e+03 1.240700000000000000e+04
1.048000000000000000e+03 1.240755000000000109e+04
1.088000000000000000e+03 1.240814999999999964e+04
1.096000000000000000e+03 1.241280000000000109e+04
1.032000000000000000e+03 1.241350000000000000e+04
9.120000000000000000e+02 1.241495000000000073e+04
1.144000000000000000e+03 1.241805000000000109e+04
1.184000000000000000e+03 1.241845000000000073e+04
8.560000000000000000e+02 1.241870000000000073e+04
1.160000000000000000e+03 1.241945000000000073e+04
1.080000000000000000e+03 1.241975000000000000e+04
8.480000000000000000e+02 1.242500000000000000e+04
1.192000000000000000e+03 1.242605000000000109e+04
1.040000000000000000e+03 1.242635000000000036e+04
9.920000000000000000e+02 1.242645000000000073e+04
1.000000000000000000e+03 1.242655000000000109e+04
1.176000000000000000e+03 1.242745000000000073e+04
1.152000000000000000e+03 1.242960000000000036e+04
1.008000000000000000e+03 1.242964999999999964e+04
1.064000000000000000e+03 1.243035000000000036e+04
9.520000000000000000e+02 1.243075000000000000e+04
8.640000000000000000e+02 1.243205000000000109e+04
1.056000000000000000e+03 1.243275000000000000e+04
1.136000000000000000e+03 1.243414999999999964e+04
1.120000000000000000e+03 1.243425000000000000e+04
1.024000000000000000e+03 1.243485000000000036e+04
1.168000000000000000e+03 1.243880000000000109e+04
9.760000000000000000e+02 1.243950000000000000e+04
8.800000000000000000e+02 1.243970000000000073e+04
9.200000000000000000e+02 1.244160000000000036e+04
1.112000000000000000e+03 1.244389999999999964e+04
1.096000000000000000e+03 1.244610000000000036e+04
1.160000000000000000e+03 1.244680000000000109e+04
8.880000000000000000e+02 1.244820000000000073e+04
1.200000000000000000e+03 1.245145000000000073e+04
1.144000000000000000e+03 1.245205000000000109e+04
9.280000000000000000e+02 1.245325000000000000e+04
8.080000000000000000e+02 1.245335000000000036e+04
8.160000000000000000e+02 1.245400000000000000e+04
9.040000000000000000e+02 1.245489999999999964e+04
1.128000000000000000e+03 1.245839999999999964e+04
8.640000000000000000e+02 1.245960000000000036e+04
9.440000000000000000e+02 1.245955000000000109e+04
8.560000000000000000e+02 1.245995000000000073e+04
1.048000000000000000e+03 1.246030000000000109e+04
8.960000000000000000e+02 1.246050000000000000e+04
8.320000000000000000e+02 1.246060000000000036e+04
9.600000000000000000e+02 1.246100000000000000e+04
9.360000000000000000e+02 1.246120000000000073e+04
1.072000000000000000e+03 1.246205000000000109e+04
9.840000000000000000e+02 1.246500000000000000e+04
1.104000000000000000e+03 1.246639999999999964e+04
1.152000000000000000e+03 1.246780000000000109e+04
1.000000000000000000e+03 1.246860000000000036e+04
9.120000000000000000e+02 1.246870000000000073e+04
1.168000000000000000e+03 1.246885000000000036e+04
1.016000000000000000e+03 1.247010000000000036e+04
9.200000000000000000e+02 1.247339999999999964e+04
1.088000000000000000e+03 1.247355000000000109e+04
8.240000000000000000e+02 1.247464999999999964e+04
9.920000000000000000e+02 1.247745000000000073e+04
8.480000000000000000e+02 1.247905000000000109e+04
9.680000000000000000e+02 1.247935000000000036e+04
1.008000000000000000e+03 1.248014999999999964e+04
1.056000000000000000e+03 1.248095000000000073e+04
1.064000000000000000e+03 1.248130000000000109e+04
1.176000000000000000e+03 1.248150000000000000e+04
1.080000000000000000e+03 1.248180000000000109e+04
1.032000000000000000e+03 1.248570000000000073e+04
1.136000000000000000e+03 1.248605000000000109e+04
1.144000000000000000e+03 1.248714999999999964e+04
9.280000000000000000e+02 1.248820000000000073e+04
1.112000000000000000e+03 1.248989999999999964e+04
1.160000000000000000e+03 1.248985000000000036e+04
9.840000000000000000e+02 1.249339999999999964e+04
1.096000000000000000e+03 1.249535000000000036e+04
9.760000000000000000e+02 1.249550000000000000e+04
1.200000000000000000e+03 1.249550000000000000e+04
8.960000000000000000e+02 1.249730000000000109e+04
1.168000000000000000e+03 1.249964999999999964e+04
1.016000000000000000e+03 1.250085000000000036e+04
9.440000000000000000e+02 1.250230000000000109e+04
1.128000000000000000e+03 1.250310000000000036e+04
1.184000000000000000e+03 1.250314999999999964e+04
1.000000000000000000e+03 1.250464999999999964e+04
1.024000000000000000e+03 1.250485000000000036e+04
8.560000000000000000e+02 1.250575000000000000e+04
1.120000000000000000e+03 1.250960000000000036e+04
8.080000000000000000e+02 1.250989999999999964e+04
1.032000000000000000e+03 1.251045000000000073e+04
1.152000000000000000e+03 1.251089999999999964e+04
1.056000000000000000e+03 1.251389999999999964e+04
1.176000000000000000e+03 1.251585000000000036e+04
9.920000000000000000e+02 1.251660000000000036e+04
8.480000000000000000e+02 1.251935000000000036e+04
1.112000000000000000e+03 1.252210000000000036e+04
9.200000000000000000e+02 1.252245000000000073e+04
1.088000000000000000e+03 1.252285000000000036e+04
8.800000000000000000e+02 1.252460000000000036e+04
9.040000000000000000e+02 1.252845000000000073e+04
1.064000000000000000e+03 1.252975000000000000e+04
8.240000000000000000e+02 1.253039999999999964e+04
1.200000000000000000e+03 1.253395000000000073e+04
8.880000000000000000e+02 1.253575000000000000e+04
1.040000000000000000e+03 1.253630000000000109e+04
1.016000000000000000e+03 1.253685000000000036e+04
1.144000000000000000e+03 1.253875000000000000e+04
1.008000000000000000e+03 1.253900000000000000e+04
9.680000000000000000e+02 1.254070000000000073e+04
1.168000000000000000e+03 1.254400000000000000e+04
9.120000000000000000e+02 1.254455000000000109e+04
8.160000000000000000e+02 1.254730000000000109e+04
1.192000000000000000e+03 1.255114999999999964e+04
9.280000000000000000e+02 1.255450000000000000e+04
9.760000000000000000e+02 1.255450000000000000e+04
1.056000000000000000e+03 1.255480000000000109e+04
8.480000000000000000e+02 1.255535000000000036e+04
1.000000000000000000e+03 1.255555000000000109e+04
8.400000000000000000e+02 1.255730000000000109e+04
1.080000000000000000e+03 1.255805000000000109e+04
8.560000000000000000e+02 1.255880000000000109e+04
1.128000000000000000e+03 1.255985000000000036e+04
1.176000000000000000e+03 1.256070000000000073e+04
1.136000000000000000e+03 1.256080000000000109e+04
9.200000000000000000e+02 1.256100000000000000e+04
1.048000000000000000e+03 1.256680000000000109e+04
8.720000000000000000e+02 1.256889999999999964e+04
1.040000000000000000e+03 1.256905000000000109e+04
1.112000000000000000e+03 1.257005000000000109e+04
1.200000000000000000e+03 1.257355000000000109e+04
9.600000000000000000e+02 1.257400000000000000e+04
9.360000000000000000e+02 1.257570000000000073e+04
9.920000000000000000e+02 1.257670000000000073e+04
1.024000000000000000e+03 1.257675000000000000e+04
9.520000000000000000e+02 1.257935000000000036e+04
8.800000000000000000e+02 1.258055000000000109e+04
8.240000000000000000e+02 1.258175000000000000e+04
1.008000000000000000e+03 1.258195000000000073e+04
1.088000000000000000e+03 1.258195000000000073e+04
1.160000000000000000e+03 1.258839999999999964e+04
1.016000000000000000e+03 1.258855000000000109e+04
8.160000000000000000e+02 1.258950000000000000e+04
9.680000000000000000e+02 1.258945000000000073e+04
9.840000000000000000e+02 1.258950000000000000e+04
1.032000000000000000e+03 1.258955000000000109e+04
1.064000000000000000e+03 1.259020000000000073e+04
8.480000000000000000e+02 1.259330000000000109e+04
1.096000000000000000e+03 1.259445000000000073e+04
1.176000000000000000e+03 1.259455000000000109e+04
1.104000000000000000e+03 1.259625000000000000e+04
1.040000000000000000e+03 1.259645000000000073e+04
1.128000000000000000e+03 1.259839999999999964e+04
1.168000000000000000e+03 1.259930000000000109e+04
8.560000000000000000e+02 1.260264999999999964e+04
9.200000000000000000e+02 1.260325000000000000e+04
1.072000000000000000e+03 1.260685000000000036e+04
9.280000000000000000e+02 1.260764999999999964e+04
8.880000000000000000e+02 1.261039999999999964e+04
1.136000000000000000e+03 1.261455000000000109e+04
1.144000000000000000e+03 1.261495000000000073e+04
1.152000000000000000e+03 1.261545000000000073e+04
1.000000000000000000e+03 1.261635000000000036e+04
8.960000000000000000e+02 1.261650000000000000e+04
9.040000000000000000e+02 1.261645000000000073e+04
1.192000000000000000e+03 1.261650000000000000e+04
8.320000000000000000e+02 1.261675000000000000e+04
9.920000000000000000e+02 1.261730000000000109e+04
9.760000000000000000e+02 1.261770000000000073e+04
1.200000000000000000e+03 1.262020000000000073e+04
1.048000000000000000e+03 1.262085000000000036e+04
8.640000000000000000e+02 1.262314999999999964e+04
1.088000000000000000e+03 1.262855000000000109e+04
1.024000000000000000e+03 1.262875000000000000e+04
1.096000000000000000e+03 1.263035000000000036e+04
8.160000000000000000e+02 1.263705000000000109e+04
1.112000000000000000e+03 1.263830000000000109e+04
1.016000000000000000e+03 1.263855000000000109e+04
8.800000000000000000e+02 1.263985000000000036e+04
9.520000000000000000e+02 1.264100000000000000e+04
9.840000000000000000e+02 1.264120000000000073e+04
1.008000000000000000e+03 1.264120000000000073e+04
1.056000000000000000e+03 1.264250000000000000e+04
9.600000000000000000e+02 1.264385000000000036e+04
8.080000000000000000e+02 1.264430000000000109e+04
1.168000000000000000e+03 1.264845000000000073e+04
1.032000000000000000e+03 1.264870000000000073e+04
9.920000000000000000e+02 1.264914999999999964e+04
1.040000000000000000e+03 1.265000000000000000e+04
1.144000000000000000e+03 1.265164999999999964e+04
1.176000000000000000e+03 1.265785000000000036e+04
1.064000000000000000e+03 1.265825000000000000e+04
8.880000000000000000e+02 1.265985000000000036e+04
1.120000000000000000e+03 1.266039999999999964e+04
8.320000000000000000e+02 1.266045000000000073e+04
9.120000000000000000e+02 1.266050000000000000e+04
1.160000000000000000e+03 1.266545000000000073e+04
9.680000000000000000e+02 1.266820000000000073e+04
1.000000000000000000e+03 1.266835000000000036e+04
1.152000000000000000e+03 1.266835000000000036e+04
8.960000000000000000e+02 1.266880000000000109e+04
1.184000000000000000e+03 1.266925000000000000e+04
1.200000000000000000e+03 1.266980000000000109e+04
1.056000000000000000e+03 1.267350000000000000e+04
9.760000000000000000e+02 1.267405000000000109e+04
8.240000000000000000e+02 1.267455000000000109e+04
1.192000000000000000e+03 1.267470000000000073e+04
1.080000000000000000e+03 1.268060000000000036e+04
9.840000000000000000e+02 1.268214999999999964e+04
1.008000000000000000e+03 1.268425000000000000e+04
1.112000000000000000e+03 1.268505000000000109e+04
1.048000000000000000e+03 1.268555000000000109e+04
9.600000000000000000e+02 1.268770000000000073e+04
8.640000000000000000e+02 1.268800000000000000e+04
1.016000000000000000e+03 1.268835000000000036e+04
1.104000000000000000e+03 1.268870000000000073e+04
1.088000000000000000e+03 1.269330000000000109e+04
1.136000000000000000e+03 1.269450000000000000e+04
1.000000000000000000e+03 1.269475000000000000e+04
9.120000000000000000e+02 1.269570000000000073e+04
9.280000000000000000e+02 1.269645000000000073e+04
1.152000000000000000e+03 1.269700000000000000e+04
1.056000000000000000e+03 1.269830000000000109e+04
8.400000000000000000e+02 1.270035000000000036e+04
1.120000000000000000e+03 1.270080000000000109e+04
9.440000000000000000e+02 1.270120000000000073e+04
1.192000000000000000e+03 1.270180000000000109e+04
8.480000000000000000e+02 1.270635000000000036e+04
1.072000000000000000e+03 1.270664999999999964e+04
8.960000000000000000e+02 1.270689999999999964e+04
1.168000000000000000e+03 1.270855000000000109e+04
9.520000000000000000e+02 1.270864999999999964e+04
1.064000000000000000e+03 1.270895000000000073e+04
1.024000000000000000e+03 1.270914999999999964e+04
1.144000000000000000e+03 1.270955000000000109e+04
9.680000000000000000e+02 1.270989999999999964e+04
8.800000000000000000e+02 1.271030000000000109e+04
1.080000000000000000e+03 1.271525000000000000e+04
1.184000000000000000e+03 1.271550000000000000e+04
8.560000000000000000e+02 1.271650000000000000e+04
1.016000000000000000e+03 1.272005000000000109e+04
1.160000000000000000e+03 1.272150000000000000e+04
8.080000000000000000e+02 1.272314999999999964e+04
9.040000000000000000e+02 1.272575000000000000e+04
1.032000000000000000e+03 1.272595000000000073e+04
1.096000000000000000e+03 1.272635000000000036e+04
1.104000000000000000e+03 1.272705000000000109e+04
1.176000000000000000e+03 1.272760000000000036e+04
1.128000000000000000e+03 1.272775000000000000e+04
8.880000000000000000e+02 1.272864999999999964e+04
8.480000000000000000e+02 1.273085000000000036e+04
1.168000000000000000e+03 1.273150000000000000e+04
9.600000000000000000e+02 1.273464999999999964e+04
8.160000000000000000e+02 1.273614999999999964e+04
1.040000000000000000e+03 1.273720000000000073e+04
1.112000000000000000e+03 1.273870000000000073e+04
9.440000000000000000e+02 1.274100000000000000e+04
9.360000000000000000e+02 1.274130000000000109e+04
8.640000000000000000e+02 1.274135000000000036e+04
9.200000000000000000e+02 1.274295000000000073e+04
1.088000000000000000e+03 1.274420000000000073e+04
1.200000000000000000e+03 1.274485000000000036e+04
9.840000000000000000e+02 1.274925000000000000e+04
8.560000000000000000e+02 1.274980000000000109e+04
1.000000000000000000e+03 1.275025000000000000e+04
1.048000000000000000e+03 1.275145000000000073e+04
8.800000000000000000e+02 1.275414999999999964e+04
9.280000000000000000e+02 1.275489999999999964e+04
1.080000000000000000e+03 1.276025000000000000e+04
9.760000000000000000e+02 1.276310000000000036e+04
1.128000000000000000e+03 1.276345000000000073e+04
1.152000000000000000e+03 1.276430000000000109e+04
1.072000000000000000e+03 1.276455000000000109e+04
9.680000000000000000e+02 1.276789999999999964e+04
8.240000000000000000e+02 1.276920000000000073e+04
9.920000000000000000e+02 1.277160000000000036e+04
8.720000000000000000e+02 1.277210000000000036e+04
1.096000000000000000e+03 1.277355000000000109e+04
1.136000000000000000e+03 1.277355000000000109e+04
1.040000000000000000e+03 1.277364999999999964e+04
1.144000000000000000e+03 1.277400000000000000e+04
1.056000000000000000e+03 1.277500000000000000e+04
9.120000000000000000e+02 1.277970000000000073e+04
9.520000000000000000e+02 1.278410000000000036e+04
9.440000000000000000e+02 1.278420000000000073e+04
1.168000000000000000e+03 1.278420000000000073e+04
1.008000000000000000e+03 1.278610000000000036e+04
1.024000000000000000e+03 1.278614999999999964e+04
8.960000000000000000e+02 1.278635000000000036e+04
1.000000000000000000e+03 1.278700000000000000e+04
1.176000000000000000e+03 1.278775000000000000e+04
1.120000000000000000e+03 1.278814999999999964e+04
8.560000000000000000e+02 1.279014999999999964e+04
8.800000000000000000e+02 1.279375000000000000e+04
8.320000000000000000e+02 1.279689999999999964e+04
8.480000000000000000e+02 1.279745000000000073e+04
9.040000000000000000e+02 1.279750000000000000e+04
1.192000000000000000e+03 1.279770000000000073e+04
8.640000000000000000e+02 1.279814999999999964e+04
1.200000000000000000e+03 1.279825000000000000e+04
8.240000000000000000e+02 1.279855000000000109e+04
8.080000000000000000e+02 1.280135000000000036e+04
1.016000000000000000e+03 1.280239999999999964e+04
9.200000000000000000e+02 1.280325000000000000e+04
9.600000000000000000e+02 1.280355000000000109e+04
1.112000000000000000e+03 1.280405000000000109e+04
9.120000000000000000e+02 1.280855000000000109e+04
8.160000000000000000e+02 1.280900000000000000e+04
1.096000000000000000e+03 1.281045000000000073e+04
1.040000000000000000e+03 1.281080000000000109e+04
8.880000000000000000e+02 1.281745000000000073e+04
1.064000000000000000e+03 1.281760000000000036e+04
1.048000000000000000e+03 1.281820000000000073e+04
1.072000000000000000e+03 1.281830000000000109e+04
1.056000000000000000e+03 1.281964999999999964e+04
1.152000000000000000e+03 1.282339999999999964e+04
9.760000000000000000e+02 1.282420000000000073e+04
8.640000000000000000e+02 1.282725000000000000e+04
1.104000000000000000e+03 1.282725000000000000e+04
1.032000000000000000e+03 1.282814999999999964e+04
1.128000000000000000e+03 1.282960000000000036e+04
1.168000000000000000e+03 1.283035000000000036e+04
8.560000000000000000e+02 1.283425000000000000e+04
8.960000000000000000e+02 1.283445000000000073e+04
9.040000000000000000e+02 1.283520000000000073e+04
8.320000000000000000e+02 1.283730000000000109e+04
9.840000000000000000e+02 1.283780000000000109e+04
1.080000000000000000e+03 1.283970000000000073e+04
1.184000000000000000e+03 1.283995000000000073e+04
8.480000000000000000e+02 1.284010000000000036e+04
1.008000000000000000e+03 1.284355000000000109e+04
1.144000000000000000e+03 1.284714999999999964e+04
8.400000000000000000e+02 1.284855000000000109e+04
9.920000000000000000e+02 1.284860000000000036e+04
8.160000000000000000e+02 1.284870000000000073e+04
1.048000000000000000e+03 1.284864999999999964e+04
1.000000000000000000e+03 1.285060000000000036e+04
1.200000000000000000e+03 1.285120000000000073e+04
8.080000000000000000e+02 1.285145000000000073e+04
1.192000000000000000e+03 1.285380000000000109e+04
9.680000000000000000e+02 1.285675000000000000e+04
9.120000000000000000e+02 1.285705000000000109e+04
1.016000000000000000e+03 1.285714999999999964e+04
1.112000000000000000e+03 1.285725000000000000e+04
1.136000000000000000e+03 1.285755000000000109e+04
9.440000000000000000e+02 1.286030000000000109e+04
1.040000000000000000e+03 1.286170000000000073e+04
1.128000000000000000e+03 1.286245000000000073e+04
8.560000000000000000e+02 1.286335000000000036e+04
8.880000000000000000e+02 1.286430000000000109e+04
1.104000000000000000e+03 1.286445000000000073e+04
8.240000000000000000e+02 1.286985000000000036e+04
1.144000000000000000e+03 1.287145000000000073e+04
1.064000000000000000e+03 1.287280000000000109e+04
1.008000000000000000e+03 1.287414999999999964e+04
8.480000000000000000e+02 1.287855000000000109e+04
9.280000000000000000e+02 1.287975000000000000e+04
1.024000000000000000e+03 1.287989999999999964e+04
1.056000000000000000e+03 1.288025000000000000e+04
1.096000000000000000e+03 1.288039999999999964e+04
9.520000000000000000e+02 1.288055000000000109e+04
9.840000000000000000e+02 1.288130000000000109e+04
9.360000000000000000e+02 1.288175000000000000e+04
8.080000000000000000e+02 1.288239999999999964e+04
8.400000000000000000e+02 1.288620000000000073e+04
1.168000000000000000e+03 1.288620000000000073e+04
1.000000000000000000e+03 1.288670000000000073e+04
1.192000000000000000e+03 1.288705000000000109e+04
1.080000000000000000e+03 1.288970000000000073e+04
1.112000000000000000e+03 1.289095000000000073e+04
1.200000000000000000e+03 1.289160000000000036e+04
1.136000000000000000e+03 1.289200000000000000e+04
1.040000000000000000e+03 1.289495000000000073e+04
1.176000000000000000e+03 1.289500000000000000e+04
1.016000000000000000e+03 1.289514999999999964e+04
1.072000000000000000e+03 1.289525000000000000e+04
9.120000000000000000e+02 1.289705000000000109e+04
1.152000000000000000e+03 1.289730000000000109e+04
8.880000000000000000e+02 1.289839999999999964e+04
8.960000000000000000e+02 1.289920000000000073e+04
1.104000000000000000e+03 1.290150000000000000e+04
8.800000000000000000e+02 1.290255000000000109e+04
1.128000000000000000e+03 1.290439999999999964e+04
1.024000000000000000e+03 1.290780000000000109e+04
9.280000000000000000e+02 1.290980000000000109e+04
1.144000000000000000e+03 1.290995000000000073e+04
9.040000000000000000e+02 1.291080000000000109e+04
1.168000000000000000e+03 1.291264999999999964e+04
9.760000000000000000e+02 1.291380000000000109e+04
9.360000000000000000e+02 1.291395000000000073e+04
1.160000000000000000e+03 1.291580000000000109e+04
8.640000000000000000e+02 1.291585000000000036e+04
1.008000000000000000e+03 1.291645000000000073e+04
8.240000000000000000e+02 1.291695000000000073e+04
9.440000000000000000e+02 1.291930000000000109e+04
9.920000000000000000e+02 1.291945000000000073e+04
9.200000000000000000e+02 1.292120000000000073e+04
1.120000000000000000e+03 1.292225000000000000e+04
1.080000000000000000e+03 1.292414999999999964e+04
1.200000000000000000e+03 1.292885000000000036e+04
1.072000000000000000e+03 1.292910000000000036e+04
8.800000000000000000e+02 1.293025000000000000e+04
8.400000000000000000e+02 1.293045000000000073e+04
1.056000000000000000e+03 1.293085000000000036e+04
1.128000000000000000e+03 1.293205000000000109e+04
9.840000000000000000e+02 1.293330000000000109e+04
1.112000000000000000e+03 1.293680000000000109e+04
9.520000000000000000e+02 1.293689999999999964e+04
8.480000000000000000e+02 1.293775000000000000e+04
1.016000000000000000e+03 1.293805000000000109e+04
8.080000000000000000e+02 1.293939999999999964e+04
1.104000000000000000e+03 1.294120000000000073e+04
1.144000000000000000e+03 1.294275000000000000e+04
1.136000000000000000e+03 1.294350000000000000e+04
1.088000000000000000e+03 1.294360000000000036e+04
1.184000000000000000e+03 1.294520000000000073e+04
1.008000000000000000e+03 1.294680000000000109e+04
1.048000000000000000e+03 1.295120000000000073e+04
1.176000000000000000e+03 1.295114999999999964e+04
8.960000000000000000e+02 1.295210000000000036e+04
1.168000000000000000e+03 1.295325000000000000e+04
9.200000000000000000e+02 1.295350000000000000e+04
9.680000000000000000e+02 1.295385000000000036e+04
9.040000000000000000e+02 1.295395000000000073e+04
8.400000000000000000e+02 1.295614999999999964e+04
9.760000000000000000e+02 1.295675000000000000e+04
1.024000000000000000e+03 1.295780000000000109e+04
9.440000000000000000e+02 1.296020000000000073e+04
8.560000000000000000e+02 1.296055000000000109e+04
1.056000000000000000e+03 1.296400000000000000e+04
1.040000000000000000e+03 1.296520000000000073e+04
1.072000000000000000e+03 1.296545000000000073e+04
1.160000000000000000e+03 1.296570000000000073e+04
8.320000000000000000e+02 1.296585000000000036e+04
1.032000000000000000e+03 1.296939999999999964e+04
8.720000000000000000e+02 1.297055000000000109e+04
1.120000000000000000e+03 1.297125000000000000e+04
9.520000000000000000e+02 1.297375000000000000e+04
9.360000000000000000e+02 1.297580000000000109e+04
1.136000000000000000e+03 1.297620000000000073e+04
1.200000000000000000e+03 1.297670000000000073e+04
9.840000000000000000e+02 1.297695000000000073e+04
8.240000000000000000e+02 1.297714999999999964e+04
1.008000000000000000e+03 1.297735000000000036e+04
8.080000000000000000e+02 1.297935000000000036e+04
1.064000000000000000e+03 1.298355000000000109e+04
1.184000000000000000e+03 1.298600000000000000e+04
8.560000000000000000e+02 1.298689999999999964e+04
1.048000000000000000e+03 1.298685000000000036e+04
8.960000000000000000e+02 1.298770000000000073e+04
1.096000000000000000e+03 1.298880000000000109e+04
1.168000000000000000e+03 1.298889999999999964e+04
1.192000000000000000e+03 1.298910000000000036e+04
9.600000000000000000e+02 1.298960000000000036e+04
8.480000000000000000e+02 1.299070000000000073e+04
9.920000000000000000e+02 1.299095000000000073e+04
1.160000000000000000e+03 1.299180000000000109e+04
8.160000000000000000e+02 1.299745000000000073e+04
9.680000000000000000e+02 1.299750000000000000e+04
1.016000000000000000e+03 1.299775000000000000e+04
1.080000000000000000e+03 1.299880000000000109e+04
8.880000000000000000e+02 1.299889999999999964e+04
1.000000000000000000e+03 1.299995000000000073e+04
1.128000000000000000e+03 1.300360000000000036e+04
1.104000000000000000e+03 1.300370000000000073e+04
9.280000000000000000e+02 1.300475000000000000e+04
1.056000000000000000e+03 1.300489999999999964e+04
1.072000000000000000e+03 1.300575000000000000e+04
1.144000000000000000e+03 1.300735000000000036e+04
1.008000000000000000e+03 1.301145000000000073e+04
1.088000000000000000e+03 1.301180000000000109e+04
9.200000000000000000e+02 1.301245000000000073e+04
8.320000000000000000e+02 1.301295000000000073e+04
1.040000000000000000e+03 1.301414999999999964e+04
1.200000000000000000e+03 1.301560000000000036e+04
1.064000000000000000e+03 1.301845000000000073e+04
1.136000000000000000e+03 1.301889999999999964e+04
8.560000000000000000e+02 1.301910000000000036e+04
9.120000000000000000e+02 1.301935000000000036e+04
1.024000000000000000e+03 1.301939999999999964e+04
8.800000000000000000e+02 1.302275000000000000e+04
8.720000000000000000e+02 1.302300000000000000e+04
9.440000000000000000e+02 1.302455000000000109e+04
9.600000000000000000e+02 1.302505000000000109e+04
1.192000000000000000e+03 1.302545000000000073e+04
1.160000000000000000e+03 1.302714999999999964e+04
1.016000000000000000e+03 1.302810000000000036e+04
1.168000000000000000e+03 1.303285000000000036e+04
9.520000000000000000e+02 1.303350000000000000e+04
1.176000000000000000e+03 1.303389999999999964e+04
9.840000000000000000e+02 1.303489999999999964e+04
1.120000000000000000e+03 1.303750000000000000e+04
9.920000000000000000e+02 1.304095000000000073e+04
8.480000000000000000e+02 1.304125000000000000e+04
8.160000000000000000e+02 1.304239999999999964e+04
1.152000000000000000e+03 1.304239999999999964e+04
9.360000000000000000e+02 1.304755000000000109e+04
1.048000000000000000e+03 1.304760000000000036e+04
1.144000000000000000e+03 1.304805000000000109e+04
1.088000000000000000e+03 1.304989999999999964e+04
8.080000000000000000e+02 1.305025000000000000e+04
1.000000000000000000e+03 1.305085000000000036e+04
1.096000000000000000e+03 1.305130000000000109e+04
9.120000000000000000e+02 1.305180000000000109e+04
8.240000000000000000e+02 1.305375000000000000e+04
1.008000000000000000e+03 1.305410000000000036e+04
8.960000000000000000e+02 1.305785000000000036e+04
9.040000000000000000e+02 1.305935000000000036e+04
1.032000000000000000e+03 1.306014999999999964e+04
1.016000000000000000e+03 1.306210000000000036e+04
1.024000000000000000e+03 1.306285000000000036e+04
1.056000000000000000e+03 1.306314999999999964e+04
8.880000000000000000e+02 1.306355000000000109e+04
1.104000000000000000e+03 1.306355000000000109e+04
9.200000000000000000e+02 1.306489999999999964e+04
9.280000000000000000e+02 1.306500000000000000e+04
1.200000000000000000e+03 1.306505000000000109e+04
1.080000000000000000e+03 1.306539999999999964e+04
8.800000000000000000e+02 1.306564999999999964e+04
8.320000000000000000e+02 1.306839999999999964e+04
1.128000000000000000e+03 1.307000000000000000e+04
1.152000000000000000e+03 1.307045000000000073e+04
9.600000000000000000e+02 1.307070000000000073e+04
8.480000000000000000e+02 1.307105000000000109e+04
9.520000000000000000e+02 1.307139999999999964e+04
1.112000000000000000e+03 1.307155000000000109e+04
1.184000000000000000e+03 1.307160000000000036e+04
1.040000000000000000e+03 1.308020000000000073e+04
1.072000000000000000e+03 1.308055000000000109e+04
1.096000000000000000e+03 1.308400000000000000e+04
8.160000000000000000e+02 1.308550000000000000e+04
1.064000000000000000e+03 1.308789999999999964e+04
9.760000000000000000e+02 1.308880000000000109e+04
1.104000000000000000e+03 1.308914999999999964e+04
1.160000000000000000e+03 1.308925000000000000e+04
8.720000000000000000e+02 1.309195000000000073e+04
1.080000000000000000e+03 1.309400000000000000e+04
8.480000000000000000e+02 1.309414999999999964e+04
9.920000000000000000e+02 1.309564999999999964e+04
9.040000000000000000e+02 1.309605000000000109e+04
1.056000000000000000e+03 1.309625000000000000e+04
9.360000000000000000e+02 1.309789999999999964e+04
8.880000000000000000e+02 1.310250000000000000e+04
1.008000000000000000e+03 1.310275000000000000e+04
8.800000000000000000e+02 1.310300000000000000e+04
9.520000000000000000e+02 1.310314999999999964e+04
1.192000000000000000e+03 1.310339999999999964e+04
9.280000000000000000e+02 1.310364999999999964e+04
8.640000000000000000e+02 1.310389999999999964e+04
8.240000000000000000e+02 1.310555000000000109e+04
1.016000000000000000e+03 1.310735000000000036e+04
8.560000000000000000e+02 1.310810000000000036e+04
9.840000000000000000e+02 1.310889999999999964e+04
1.144000000000000000e+03 1.310925000000000000e+04
1.024000000000000000e+03 1.310995000000000073e+04
8.960000000000000000e+02 1.311010000000000036e+04
8.080000000000000000e+02 1.311080000000000109e+04
1.096000000000000000e+03 1.311155000000000109e+04
1.048000000000000000e+03 1.311180000000000109e+04
1.184000000000000000e+03 1.311420000000000073e+04
1.040000000000000000e+03 1.311464999999999964e+04
8.160000000000000000e+02 1.311539999999999964e+04
8.400000000000000000e+02 1.311625000000000000e+04
1.160000000000000000e+03 1.311730000000000109e+04
9.440000000000000000e+02 1.311950000000000000e+04
1.168000000000000000e+03 1.312220000000000073e+04
9.120000000000000000e+02 1.312239999999999964e+04
1.128000000000000000e+03 1.312310000000000036e+04
1.200000000000000000e+03 1.312545000000000073e+04
9.360000000000000000e+02 1.312995000000000073e+04
8.480000000000000000e+02 1.313125000000000000e+04
1.136000000000000000e+03 1.313189999999999964e+04
1.112000000000000000e+03 1.313289999999999964e+04
9.200000000000000000e+02 1.313370000000000073e+04
8.640000000000000000e+02 1.313500000000000000e+04
1.144000000000000000e+03 1.313725000000000000e+04
1.056000000000000000e+03 1.313989999999999964e+04
1.032000000000000000e+03 1.314435000000000036e+04
1.096000000000000000e+03 1.314605000000000109e+04
9.040000000000000000e+02 1.314625000000000000e+04
1.048000000000000000e+03 1.314630000000000109e+04
1.040000000000000000e+03 1.314639999999999964e+04
1.120000000000000000e+03 1.314650000000000000e+04
1.104000000000000000e+03 1.314720000000000073e+04
1.000000000000000000e+03 1.314795000000000073e+04
8.800000000000000000e+02 1.315064999999999964e+04
8.960000000000000000e+02 1.315100000000000000e+04
9.520000000000000000e+02 1.315260000000000036e+04
1.016000000000000000e+03 1.315285000000000036e+04
1.176000000000000000e+03 1.315450000000000000e+04
1.064000000000000000e+03 1.315680000000000109e+04
9.920000000000000000e+02 1.316005000000000109e+04
1.136000000000000000e+03 1.316014999999999964e+04
1.008000000000000000e+03 1.316089999999999964e+04
9.280000000000000000e+02 1.316230000000000109e+04
9.600000000000000000e+02 1.316255000000000109e+04
1.128000000000000000e+03 1.316270000000000073e+04
9.200000000000000000e+02 1.316425000000000000e+04
1.160000000000000000e+03 1.316430000000000109e+04
1.184000000000000000e+03 1.316485000000000036e+04
8.160000000000000000e+02 1.316710000000000036e+04
8.320000000000000000e+02 1.317010000000000036e+04
1.024000000000000000e+03 1.317114999999999964e+04
1.032000000000000000e+03 1.317450000000000000e+04
1.056000000000000000e+03 1.317470000000000073e+04
9.840000000000000000e+02 1.317575000000000000e+04
8.880000000000000000e+02 1.317695000000000073e+04
1.088000000000000000e+03 1.317870000000000073e+04
8.960000000000000000e+02 1.317914999999999964e+04
8.240000000000000000e+02 1.318014999999999964e+04
1.192000000000000000e+03 1.318105000000000109e+04
8.480000000000000000e+02 1.318114999999999964e+04
9.440000000000000000e+02 1.318375000000000000e+04
1.000000000000000000e+03 1.318550000000000000e+04
1.072000000000000000e+03 1.318639999999999964e+04
1.144000000000000000e+03 1.318930000000000109e+04
1.120000000000000000e+03 1.319214999999999964e+04
1.176000000000000000e+03 1.319445000000000073e+04
1.104000000000000000e+03 1.319480000000000109e+04
1.016000000000000000e+03 1.319510000000000036e+04
9.520000000000000000e+02 1.319575000000000000e+04
8.560000000000000000e+02 1.320039999999999964e+04
1.096000000000000000e+03 1.320095000000000073e+04
9.280000000000000000e+02 1.320155000000000109e+04
1.160000000000000000e+03 1.320180000000000109e+04
1.008000000000000000e+03 1.320300000000000000e+04
8.320000000000000000e+02 1.320505000000000109e+04
1.200000000000000000e+03 1.320689999999999964e+04
1.080000000000000000e+03 1.320814999999999964e+04
8.160000000000000000e+02 1.321239999999999964e+04
9.040000000000000000e+02 1.321280000000000109e+04
9.920000000000000000e+02 1.321400000000000000e+04
9.120000000000000000e+02 1.321410000000000036e+04
9.200000000000000000e+02 1.321430000000000109e+04
9.840000000000000000e+02 1.321575000000000000e+04
1.040000000000000000e+03 1.321620000000000073e+04
8.080000000000000000e+02 1.321675000000000000e+04
1.144000000000000000e+03 1.321895000000000073e+04
1.168000000000000000e+03 1.321905000000000109e+04
9.680000000000000000e+02 1.321930000000000109e+04
1.112000000000000000e+03 1.321964999999999964e+04
1.000000000000000000e+03 1.322139999999999964e+04
1.024000000000000000e+03 1.322270000000000073e+04
8.480000000000000000e+02 1.322395000000000073e+04
1.152000000000000000e+03 1.322425000000000000e+04
1.072000000000000000e+03 1.322485000000000036e+04
9.360000000000000000e+02 1.322514999999999964e+04
1.096000000000000000e+03 1.322720000000000073e+04
9.440000000000000000e+02 1.322895000000000073e+04
8.880000000000000000e+02 1.322980000000000109e+04
1.064000000000000000e+03 1.323380000000000109e+04
1.056000000000000000e+03 1.323450000000000000e+04
1.136000000000000000e+03 1.323480000000000109e+04
9.600000000000000000e+02 1.323489999999999964e+04
8.560000000000000000e+02 1.323495000000000073e+04
1.008000000000000000e+03 1.323589999999999964e+04
1.016000000000000000e+03 1.323585000000000036e+04
8.960000000000000000e+02 1.323614999999999964e+04
8.800000000000000000e+02 1.323764999999999964e+04
9.200000000000000000e+02 1.324010000000000036e+04
1.048000000000000000e+03 1.324025000000000000e+04
1.088000000000000000e+03 1.324510000000000036e+04
9.520000000000000000e+02 1.324555000000000109e+04
8.400000000000000000e+02 1.324589999999999964e+04
8.640000000000000000e+02 1.324605000000000109e+04
1.128000000000000000e+03 1.324770000000000073e+04
1.176000000000000000e+03 1.324864999999999964e+04
9.280000000000000000e+02 1.324885000000000036e+04
8.320000000000000000e+02 1.324995000000000073e+04
1.032000000000000000e+03 1.325005000000000109e+04
1.040000000000000000e+03 1.325014999999999964e+04
8.240000000000000000e+02 1.325055000000000109e+04
8.720000000000000000e+02 1.325280000000000109e+04
1.200000000000000000e+03 1.325614999999999964e+04
1.000000000000000000e+03 1.325625000000000000e+04
1.104000000000000000e+03 1.325639999999999964e+04
1.144000000000000000e+03 1.326185000000000036e+04
8.480000000000000000e+02 1.326210000000000036e+04
9.120000000000000000e+02 1.326414999999999964e+04
1.168000000000000000e+03 1.326420000000000073e+04
8.080000000000000000e+02 1.326605000000000109e+04
1.080000000000000000e+03 1.326810000000000036e+04
9.040000000000000000e+02 1.326814999999999964e+04
1.072000000000000000e+03 1.326870000000000073e+04
8.160000000000000000e+02 1.326889999999999964e+04
1.096000000000000000e+03 1.327020000000000073e+04
8.560000000000000000e+02 1.327250000000000000e+04
9.600000000000000000e+02 1.327539999999999964e+04
9.520000000000000000e+02 1.327630000000000109e+04
8.800000000000000000e+02 1.327710000000000036e+04
9.680000000000000000e+02 1.328155000000000109e+04
1.008000000000000000e+03 1.328250000000000000e+04
1.112000000000000000e+03 1.328245000000000073e+04
1.200000000000000000e+03 1.328305000000000109e+04
1.184000000000000000e+03 1.328389999999999964e+04
1.024000000000000000e+03 1.328935000000000036e+04
1.120000000000000000e+03 1.328960000000000036e+04
1.152000000000000000e+03 1.328989999999999964e+04
1.136000000000000000e+03 1.329035000000000036e+04
1.040000000000000000e+03 1.329139999999999964e+04
1.168000000000000000e+03 1.329164999999999964e+04
1.144000000000000000e+03 1.329230000000000109e+04
1.016000000000000000e+03 1.329270000000000073e+04
1.064000000000000000e+03 1.329339999999999964e+04
9.440000000000000000e+02 1.329464999999999964e+04
1.056000000000000000e+03 1.329550000000000000e+04
9.280000000000000000e+02 1.330105000000000109e+04
1.176000000000000000e+03 1.330200000000000000e+04
8.880000000000000000e+02 1.330370000000000073e+04
8.080000000000000000e+02 1.330405000000000109e+04
1.096000000000000000e+03 1.330570000000000073e+04
9.200000000000000000e+02 1.330589999999999964e+04
8.960000000000000000e+02 1.330735000000000036e+04
1.072000000000000000e+03 1.330975000000000000e+04
1.160000000000000000e+03 1.330989999999999964e+04
9.040000000000000000e+02 1.331114999999999964e+04
1.000000000000000000e+03 1.331135000000000036e+04
1.184000000000000000e+03 1.331145000000000073e+04
1.008000000000000000e+03 1.331320000000000073e+04
1.104000000000000000e+03 1.331485000000000036e+04
8.560000000000000000e+02 1.331605000000000109e+04
9.680000000000000000e+02 1.331750000000000000e+04
1.192000000000000000e+03 1.331750000000000000e+04
1.088000000000000000e+03 1.331755000000000109e+04
8.480000000000000000e+02 1.331839999999999964e+04
1.144000000000000000e+03 1.332364999999999964e+04
1.168000000000000000e+03 1.332455000000000109e+04
9.120000000000000000e+02 1.332830000000000109e+04
9.760000000000000000e+02 1.333070000000000073e+04
9.360000000000000000e+02 1.333100000000000000e+04
1.048000000000000000e+03 1.333245000000000073e+04
1.056000000000000000e+03 1.333595000000000073e+04
1.008000000000000000e+03 1.333730000000000109e+04
1.128000000000000000e+03 1.333770000000000073e+04
1.000000000000000000e+03 1.333795000000000073e+04
8.160000000000000000e+02 1.333835000000000036e+04
8.320000000000000000e+02 1.333845000000000073e+04
1.120000000000000000e+03 1.333889999999999964e+04
1.080000000000000000e+03 1.334255000000000109e+04
9.920000000000000000e+02 1.334275000000000000e+04
1.032000000000000000e+03 1.334385000000000036e+04
9.040000000000000000e+02 1.334464999999999964e+04
8.960000000000000000e+02 1.334489999999999964e+04
1.072000000000000000e+03 1.334514999999999964e+04
1.176000000000000000e+03 1.334589999999999964e+04
8.080000000000000000e+02 1.334625000000000000e+04
9.520000000000000000e+02 1.334635000000000036e+04
1.160000000000000000e+03 1.334720000000000073e+04
8.880000000000000000e+02 1.334764999999999964e+04
1.096000000000000000e+03 1.334939999999999964e+04
1.112000000000000000e+03 1.335039999999999964e+04
8.560000000000000000e+02 1.335125000000000000e+04
1.168000000000000000e+03 1.335245000000000073e+04
8.480000000000000000e+02 1.335475000000000000e+04
1.184000000000000000e+03 1.335550000000000000e+04
1.200000000000000000e+03 1.335825000000000000e+04
9.280000000000000000e+02 1.335914999999999964e+04
1.136000000000000000e+03 1.336064999999999964e+04
1.088000000000000000e+03 1.336075000000000000e+04
8.240000000000000000e+02 1.336245000000000073e+04
1.024000000000000000e+03 1.336270000000000073e+04
9.200000000000000000e+02 1.336760000000000036e+04
1.104000000000000000e+03 1.336775000000000000e+04
1.000000000000000000e+03 1.337005000000000109e+04
9.600000000000000000e+02 1.337280000000000109e+04
8.080000000000000000e+02 1.337480000000000109e+04
9.360000000000000000e+02 1.337589999999999964e+04
9.840000000000000000e+02 1.337614999999999964e+04
1.040000000000000000e+03 1.337625000000000000e+04
1.016000000000000000e+03 1.337664999999999964e+04
1.056000000000000000e+03 1.337705000000000109e+04
1.144000000000000000e+03 1.337775000000000000e+04
1.152000000000000000e+03 1.337785000000000036e+04
1.120000000000000000e+03 1.337880000000000109e+04
1.096000000000000000e+03 1.338335000000000036e+04
1.008000000000000000e+03 1.338385000000000036e+04
9.120000000000000000e+02 1.338435000000000036e+04
1.048000000000000000e+03 1.338464999999999964e+04
8.880000000000000000e+02 1.338489999999999964e+04
9.440000000000000000e+02 1.338510000000000036e+04
8.960000000000000000e+02 1.338560000000000036e+04
1.200000000000000000e+03 1.338680000000000109e+04
1.168000000000000000e+03 1.338825000000000000e+04
8.160000000000000000e+02 1.339014999999999964e+04
8.800000000000000000e+02 1.339055000000000109e+04
9.760000000000000000e+02 1.339060000000000036e+04
1.184000000000000000e+03 1.339064999999999964e+04
1.088000000000000000e+03 1.339205000000000109e+04
1.192000000000000000e+03 1.339680000000000109e+04
1.112000000000000000e+03 1.339750000000000000e+04
1.160000000000000000e+03 1.339789999999999964e+04
1.128000000000000000e+03 1.339795000000000073e+04
8.240000000000000000e+02 1.339814999999999964e+04
1.024000000000000000e+03 1.340189999999999964e+04
1.120000000000000000e+03 1.340395000000000073e+04
9.680000000000000000e+02 1.340460000000000036e+04
8.720000000000000000e+02 1.340575000000000000e+04
8.320000000000000000e+02 1.340650000000000000e+04
8.400000000000000000e+02 1.340680000000000109e+04
9.280000000000000000e+02 1.340805000000000109e+04
1.032000000000000000e+03 1.340805000000000109e+04
9.360000000000000000e+02 1.341064999999999964e+04
9.920000000000000000e+02 1.341295000000000073e+04
1.056000000000000000e+03 1.341705000000000109e+04
1.152000000000000000e+03 1.341905000000000109e+04
8.560000000000000000e+02 1.341925000000000000e+04
1.168000000000000000e+03 1.341935000000000036e+04
8.080000000000000000e+02 1.342075000000000000e+04
1.136000000000000000e+03 1.342120000000000073e+04
8.960000000000000000e+02 1.342455000000000109e+04
1.000000000000000000e+03 1.342455000000000109e+04
1.016000000000000000e+03 1.342555000000000109e+04
1.072000000000000000e+03 1.343025000000000000e+04
9.040000000000000000e+02 1.343064999999999964e+04
9.440000000000000000e+02 1.343164999999999964e+04
8.480000000000000000e+02 1.343295000000000073e+04
1.192000000000000000e+03 1.343480000000000109e+04
1.024000000000000000e+03 1.343505000000000109e+04
1.032000000000000000e+03 1.343645000000000073e+04
9.520000000000000000e+02 1.343710000000000036e+04
1.144000000000000000e+03 1.343889999999999964e+04
1.120000000000000000e+03 1.343955000000000109e+04
9.280000000000000000e+02 1.344280000000000109e+04
8.800000000000000000e+02 1.344330000000000109e+04
1.200000000000000000e+03 1.344420000000000073e+04
1.128000000000000000e+03 1.344455000000000109e+04
1.064000000000000000e+03 1.344845000000000073e+04
8.160000000000000000e+02 1.345080000000000109e+04
8.240000000000000000e+02 1.345125000000000000e+04
1.104000000000000000e+03 1.345135000000000036e+04
1.160000000000000000e+03 1.345189999999999964e+04
1.112000000000000000e+03 1.345260000000000036e+04
9.920000000000000000e+02 1.345280000000000109e+04
8.080000000000000000e+02 1.345595000000000073e+04
1.168000000000000000e+03 1.345639999999999964e+04
8.320000000000000000e+02 1.345685000000000036e+04
8.960000000000000000e+02 1.345805000000000109e+04
1.088000000000000000e+03 1.345939999999999964e+04
1.184000000000000000e+03 1.345960000000000036e+04
9.760000000000000000e+02 1.346005000000000109e+04
1.056000000000000000e+03 1.346050000000000000e+04
1.000000000000000000e+03 1.346080000000000109e+04
1.032000000000000000e+03 1.346285000000000036e+04
1.016000000000000000e+03 1.346330000000000109e+04
9.200000000000000000e+02 1.346385000000000036e+04
1.176000000000000000e+03 1.346395000000000073e+04
1.144000000000000000e+03 1.346660000000000036e+04
8.400000000000000000e+02 1.346705000000000109e+04
9.440000000000000000e+02 1.346870000000000073e+04
1.200000000000000000e+03 1.346975000000000000e+04
8.880000000000000000e+02 1.347085000000000036e+04
9.280000000000000000e+02 1.347510000000000036e+04
8.560000000000000000e+02 1.347550000000000000e+04
1.152000000000000000e+03 1.347550000000000000e+04
9.840000000000000000e+02 1.347595000000000073e+04
9.680000000000000000e+02 1.347689999999999964e+04
1.120000000000000000e+03 1.347905000000000109e+04
1.096000000000000000e+03 1.348120000000000073e+04
1.008000000000000000e+03 1.348155000000000109e+04
9.920000000000000000e+02 1.348300000000000000e+04
8.640000000000000000e+02 1.348339999999999964e+04
1.072000000000000000e+03 1.348370000000000073e+04
8.960000000000000000e+02 1.348464999999999964e+04
1.024000000000000000e+03 1.348470000000000073e+04
8.800000000000000000e+02 1.348500000000000000e+04
9.600000000000000000e+02 1.348530000000000109e+04
8.080000000000000000e+02 1.348545000000000073e+04
1.040000000000000000e+03 1.348610000000000036e+04
8.480000000000000000e+02 1.348664999999999964e+04
9.040000000000000000e+02 1.348870000000000073e+04
8.160000000000000000e+02 1.348875000000000000e+04
9.120000000000000000e+02 1.348975000000000000e+04
1.168000000000000000e+03 1.349230000000000109e+04
1.160000000000000000e+03 1.349295000000000073e+04
1.136000000000000000e+03 1.349320000000000073e+04
1.104000000000000000e+03 1.349530000000000109e+04
1.192000000000000000e+03 1.349660000000000036e+04
1.184000000000000000e+03 1.349780000000000109e+04
1.000000000000000000e+03 1.349820000000000073e+04
8.560000000000000000e+02 1.349930000000000109e+04
1.144000000000000000e+03 1.350235000000000036e+04
9.440000000000000000e+02 1.350400000000000000e+04
8.960000000000000000e+02 1.350655000000000109e+04
1.120000000000000000e+03 1.350795000000000073e+04
1.128000000000000000e+03 1.350910000000000036e+04
8.240000000000000000e+02 1.351195000000000073e+04
1.168000000000000000e+03 1.351380000000000109e+04
1.200000000000000000e+03 1.351550000000000000e+04
8.480000000000000000e+02 1.351655000000000109e+04
1.056000000000000000e+03 1.351660000000000036e+04
8.880000000000000000e+02 1.351789999999999964e+04
1.144000000000000000e+03 1.352120000000000073e+04
1.008000000000000000e+03 1.352135000000000036e+04
9.920000000000000000e+02 1.352335000000000036e+04
8.080000000000000000e+02 1.352405000000000109e+04
1.192000000000000000e+03 1.352560000000000036e+04
9.360000000000000000e+02 1.352575000000000000e+04
9.840000000000000000e+02 1.352720000000000073e+04
1.112000000000000000e+03 1.352785000000000036e+04
8.560000000000000000e+02 1.352880000000000109e+04
1.064000000000000000e+03 1.353205000000000109e+04
1.152000000000000000e+03 1.353210000000000036e+04
1.024000000000000000e+03 1.353214999999999964e+04
9.520000000000000000e+02 1.353330000000000109e+04
1.088000000000000000e+03 1.353355000000000109e+04
1.000000000000000000e+03 1.353380000000000109e+04
9.760000000000000000e+02 1.353389999999999964e+04
1.136000000000000000e+03 1.353414999999999964e+04
9.600000000000000000e+02 1.353430000000000109e+04
1.016000000000000000e+03 1.353514999999999964e+04
1.072000000000000000e+03 1.353705000000000109e+04
1.040000000000000000e+03 1.353900000000000000e+04
1.056000000000000000e+03 1.354000000000000000e+04
1.032000000000000000e+03 1.354020000000000073e+04
9.120000000000000000e+02 1.354530000000000109e+04
1.184000000000000000e+03 1.354570000000000073e+04
1.048000000000000000e+03 1.354614999999999964e+04
1.096000000000000000e+03 1.354625000000000000e+04
8.480000000000000000e+02 1.354705000000000109e+04
8.960000000000000000e+02 1.354720000000000073e+04
1.128000000000000000e+03 1.354725000000000000e+04
9.040000000000000000e+02 1.354835000000000036e+04
1.104000000000000000e+03 1.354839999999999964e+04
9.280000000000000000e+02 1.354985000000000036e+04
1.168000000000000000e+03 1.355389999999999964e+04
8.880000000000000000e+02 1.355395000000000073e+04
9.200000000000000000e+02 1.355495000000000073e+04
9.440000000000000000e+02 1.355525000000000000e+04
1.144000000000000000e+03 1.356035000000000036e+04
1.112000000000000000e+03 1.356180000000000109e+04
1.120000000000000000e+03 1.356300000000000000e+04
8.080000000000000000e+02 1.356320000000000073e+04
1.056000000000000000e+03 1.356335000000000036e+04
8.560000000000000000e+02 1.356500000000000000e+04
1.080000000000000000e+03 1.356525000000000000e+04
8.320000000000000000e+02 1.356905000000000109e+04
8.800000000000000000e+02 1.356935000000000036e+04
8.640000000000000000e+02 1.356975000000000000e+04
9.920000000000000000e+02 1.357020000000000073e+04
1.176000000000000000e+03 1.357070000000000073e+04
1.192000000000000000e+03 1.357375000000000000e+04
1.000000000000000000e+03 1.357555000000000109e+04
1.008000000000000000e+03 1.357560000000000036e+04
9.840000000000000000e+02 1.357730000000000109e+04
8.720000000000000000e+02 1.357795000000000073e+04
1.096000000000000000e+03 1.358005000000000109e+04
1.128000000000000000e+03 1.358014999999999964e+04
1.040000000000000000e+03 1.358120000000000073e+04
9.280000000000000000e+02 1.358335000000000036e+04
1.032000000000000000e+03 1.358660000000000036e+04
9.360000000000000000e+02 1.358705000000000109e+04
1.144000000000000000e+03 1.358760000000000036e+04
1.136000000000000000e+03 1.358820000000000073e+04
1.160000000000000000e+03 1.358955000000000109e+04
8.160000000000000000e+02 1.358970000000000073e+04
9.440000000000000000e+02 1.358975000000000000e+04
9.760000000000000000e+02 1.359180000000000109e+04
9.200000000000000000e+02 1.359355000000000109e+04
1.048000000000000000e+03 1.359375000000000000e+04
9.600000000000000000e+02 1.359450000000000000e+04
1.168000000000000000e+03 1.359464999999999964e+04
1.056000000000000000e+03 1.359655000000000109e+04
1.112000000000000000e+03 1.359755000000000109e+04
1.152000000000000000e+03 1.360070000000000073e+04
9.680000000000000000e+02 1.360120000000000073e+04
1.016000000000000000e+03 1.360180000000000109e+04
8.800000000000000000e+02 1.360185000000000036e+04
8.880000000000000000e+02 1.360220000000000073e+04
8.480000000000000000e+02 1.360225000000000000e+04
1.072000000000000000e+03 1.360230000000000109e+04
1.184000000000000000e+03 1.360230000000000109e+04
8.560000000000000000e+02 1.360255000000000109e+04
1.000000000000000000e+03 1.360289999999999964e+04
9.040000000000000000e+02 1.360314999999999964e+04
1.144000000000000000e+03 1.360430000000000109e+04
8.240000000000000000e+02 1.360439999999999964e+04
8.320000000000000000e+02 1.360764999999999964e+04
8.640000000000000000e+02 1.361210000000000036e+04
9.520000000000000000e+02 1.361639999999999964e+04
8.720000000000000000e+02 1.361650000000000000e+04
1.128000000000000000e+03 1.361810000000000036e+04
1.160000000000000000e+03 1.361845000000000073e+04
1.120000000000000000e+03 1.361964999999999964e+04
1.176000000000000000e+03 1.361989999999999964e+04
1.040000000000000000e+03 1.362045000000000073e+04
8.400000000000000000e+02 1.362075000000000000e+04
1.096000000000000000e+03 1.362120000000000073e+04
9.840000000000000000e+02 1.362285000000000036e+04
1.088000000000000000e+03 1.362320000000000073e+04
1.024000000000000000e+03 1.362325000000000000e+04
1.008000000000000000e+03 1.362375000000000000e+04
9.280000000000000000e+02 1.362400000000000000e+04
8.480000000000000000e+02 1.362450000000000000e+04
1.104000000000000000e+03 1.362510000000000036e+04
9.360000000000000000e+02 1.362595000000000073e+04
1.168000000000000000e+03 1.362939999999999964e+04
1.032000000000000000e+03 1.363185000000000036e+04
9.600000000000000000e+02 1.363220000000000073e+04
9.920000000000000000e+02 1.363225000000000000e+04
8.560000000000000000e+02 1.363255000000000109e+04
9.120000000000000000e+02 1.363270000000000073e+04
1.112000000000000000e+03 1.363320000000000073e+04
9.440000000000000000e+02 1.363714999999999964e+04
8.080000000000000000e+02 1.363955000000000109e+04
1.200000000000000000e+03 1.364070000000000073e+04
8.880000000000000000e+02 1.364110000000000036e+04
1.080000000000000000e+03 1.364105000000000109e+04
1.136000000000000000e+03 1.364160000000000036e+04
1.048000000000000000e+03 1.364325000000000000e+04
1.192000000000000000e+03 1.364475000000000000e+04
9.040000000000000000e+02 1.364675000000000000e+04
1.104000000000000000e+03 1.364720000000000073e+04
9.200000000000000000e+02 1.364855000000000109e+04
1.008000000000000000e+03 1.364935000000000036e+04
9.840000000000000000e+02 1.364945000000000073e+04
1.144000000000000000e+03 1.365310000000000036e+04
8.800000000000000000e+02 1.365460000000000036e+04
8.160000000000000000e+02 1.365480000000000109e+04
1.128000000000000000e+03 1.365495000000000073e+04
1.000000000000000000e+03 1.365525000000000000e+04
1.056000000000000000e+03 1.365580000000000109e+04
1.032000000000000000e+03 1.365670000000000073e+04
1.176000000000000000e+03 1.365685000000000036e+04
8.240000000000000000e+02 1.365730000000000109e+04
8.960000000000000000e+02 1.366160000000000036e+04
1.168000000000000000e+03 1.366189999999999964e+04
1.040000000000000000e+03 1.366195000000000073e+04
1.016000000000000000e+03 1.366485000000000036e+04
9.280000000000000000e+02 1.366510000000000036e+04
9.760000000000000000e+02 1.366939999999999964e+04
8.880000000000000000e+02 1.366970000000000073e+04
1.184000000000000000e+03 1.367000000000000000e+04
1.096000000000000000e+03 1.367045000000000073e+04
8.320000000000000000e+02 1.367060000000000036e+04
1.120000000000000000e+03 1.367055000000000109e+04
1.064000000000000000e+03 1.367139999999999964e+04
8.480000000000000000e+02 1.367195000000000073e+04
8.560000000000000000e+02 1.367235000000000036e+04
1.024000000000000000e+03 1.367255000000000109e+04
1.200000000000000000e+03 1.367260000000000036e+04
9.920000000000000000e+02 1.367764999999999964e+04
9.600000000000000000e+02 1.367785000000000036e+04
1.072000000000000000e+03 1.367785000000000036e+04
1.112000000000000000e+03 1.367855000000000109e+04
1.080000000000000000e+03 1.368214999999999964e+04
9.120000000000000000e+02 1.368335000000000036e+04
9.520000000000000000e+02 1.368405000000000109e+04
1.160000000000000000e+03 1.368855000000000109e+04
8.080000000000000000e+02 1.368875000000000000e+04
1.144000000000000000e+03 1.369000000000000000e+04
1.040000000000000000e+03 1.369030000000000109e+04
9.680000000000000000e+02 1.369060000000000036e+04
1.136000000000000000e+03 1.369335000000000036e+04
1.088000000000000000e+03 1.369439999999999964e+04
8.800000000000000000e+02 1.369455000000000109e+04
1.056000000000000000e+03 1.369455000000000109e+04
8.960000000000000000e+02 1.369755000000000109e+04
1.192000000000000000e+03 1.370030000000000109e+04
1.128000000000000000e+03 1.370089999999999964e+04
1.008000000000000000e+03 1.370300000000000000e+04
1.024000000000000000e+03 1.370495000000000073e+04
8.400000000000000000e+02 1.370555000000000109e+04
1.168000000000000000e+03 1.370650000000000000e+04
1.104000000000000000e+03 1.370705000000000109e+04
8.640000000000000000e+02 1.370775000000000000e+04
8.160000000000000000e+02 1.370795000000000073e+04
8.720000000000000000e+02 1.370850000000000000e+04
1.112000000000000000e+03 1.371135000000000036e+04
9.600000000000000000e+02 1.371185000000000036e+04
8.880000000000000000e+02 1.371214999999999964e+04
1.096000000000000000e+03 1.371435000000000036e+04
9.120000000000000000e+02 1.371525000000000000e+04
8.240000000000000000e+02 1.371580000000000109e+04
8.480000000000000000e+02 1.371660000000000036e+04
9.280000000000000000e+02 1.371795000000000073e+04
8.080000000000000000e+02 1.371850000000000000e+04
8.320000000000000000e+02 1.371960000000000036e+04
9.360000000000000000e+02 1.372130000000000109e+04
9.760000000000000000e+02 1.372425000000000000e+04
9.920000000000000000e+02 1.372464999999999964e+04
1.136000000000000000e+03 1.372495000000000073e+04
9.440000000000000000e+02 1.372564999999999964e+04
8.960000000000000000e+02 1.372655000000000109e+04
1.144000000000000000e+03 1.372975000000000000e+04
8.560000000000000000e+02 1.373070000000000073e+04
9.040000000000000000e+02 1.373064999999999964e+04
1.200000000000000000e+03 1.373064999999999964e+04
9.680000000000000000e+02 1.373095000000000073e+04
8.800000000000000000e+02 1.373164999999999964e+04
1.000000000000000000e+03 1.373180000000000109e+04
1.008000000000000000e+03 1.373239999999999964e+04
1.088000000000000000e+03 1.373255000000000109e+04
1.160000000000000000e+03 1.373320000000000073e+04
1.040000000000000000e+03 1.373360000000000036e+04
1.192000000000000000e+03 1.373400000000000000e+04
9.200000000000000000e+02 1.373414999999999964e+04
1.104000000000000000e+03 1.373585000000000036e+04
1.176000000000000000e+03 1.373760000000000036e+04
1.016000000000000000e+03 1.374010000000000036e+04
1.056000000000000000e+03 1.374005000000000109e+04
1.168000000000000000e+03 1.374195000000000073e+04
9.520000000000000000e+02 1.374350000000000000e+04
8.640000000000000000e+02 1.374405000000000109e+04
1.024000000000000000e+03 1.374510000000000036e+04
1.080000000000000000e+03 1.374555000000000109e+04
9.840000000000000000e+02 1.374660000000000036e+04
1.072000000000000000e+03 1.374789999999999964e+04
1.064000000000000000e+03 1.374950000000000000e+04
8.240000000000000000e+02 1.375235000000000036e+04
8.720000000000000000e+02 1.375485000000000036e+04
1.136000000000000000e+03 1.375570000000000073e+04
1.144000000000000000e+03 1.375689999999999964e+04
1.200000000000000000e+03 1.375880000000000109e+04
8.480000000000000000e+02 1.375989999999999964e+04
8.880000000000000000e+02 1.375985000000000036e+04
1.120000000000000000e+03 1.376089999999999964e+04
8.080000000000000000e+02 1.376110000000000036e+04
1.096000000000000000e+03 1.376245000000000073e+04
1.048000000000000000e+03 1.376564999999999964e+04
9.920000000000000000e+02 1.376585000000000036e+04
8.320000000000000000e+02 1.376664999999999964e+04
8.400000000000000000e+02 1.376670000000000073e+04
1.152000000000000000e+03 1.376695000000000073e+04
1.168000000000000000e+03 1.376845000000000073e+04
1.032000000000000000e+03 1.376895000000000073e+04
9.360000000000000000e+02 1.376935000000000036e+04
1.008000000000000000e+03 1.377080000000000109e+04
8.960000000000000000e+02 1.377235000000000036e+04
9.440000000000000000e+02 1.377270000000000073e+04
8.160000000000000000e+02 1.377275000000000000e+04
8.560000000000000000e+02 1.377305000000000109e+04
9.600000000000000000e+02 1.377864999999999964e+04
1.024000000000000000e+03 1.377935000000000036e+04
9.840000000000000000e+02 1.377970000000000073e+04
1.144000000000000000e+03 1.378105000000000109e+04
9.520000000000000000e+02 1.378160000000000036e+04
8.640000000000000000e+02 1.378175000000000000e+04
1.000000000000000000e+03 1.378214999999999964e+04
1.104000000000000000e+03 1.378380000000000109e+04
1.192000000000000000e+03 1.378375000000000000e+04
9.200000000000000000e+02 1.378575000000000000e+04
8.800000000000000000e+02 1.378760000000000036e+04
1.016000000000000000e+03 1.378789999999999964e+04
1.184000000000000000e+03 1.378980000000000109e+04
9.120000000000000000e+02 1.379020000000000073e+04
1.136000000000000000e+03 1.379130000000000109e+04
1.160000000000000000e+03 1.379195000000000073e+04
1.080000000000000000e+03 1.379205000000000109e+04
1.056000000000000000e+03 1.379235000000000036e+04
9.680000000000000000e+02 1.379260000000000036e+04
8.480000000000000000e+02 1.379275000000000000e+04
9.920000000000000000e+02 1.379355000000000109e+04
8.240000000000000000e+02 1.379755000000000109e+04
1.096000000000000000e+03 1.379885000000000036e+04
1.176000000000000000e+03 1.379889999999999964e+04
8.880000000000000000e+02 1.379910000000000036e+04
1.168000000000000000e+03 1.379925000000000000e+04
1.032000000000000000e+03 1.379980000000000109e+04
8.080000000000000000e+02 1.380010000000000036e+04
1.128000000000000000e+03 1.380045000000000073e+04
9.280000000000000000e+02 1.380300000000000000e+04
8.720000000000000000e+02 1.380385000000000036e+04
1.112000000000000000e+03 1.380425000000000000e+04
9.600000000000000000e+02 1.380570000000000073e+04
1.048000000000000000e+03 1.381070000000000073e+04
8.400000000000000000e+02 1.381110000000000036e+04
1.152000000000000000e+03 1.381139999999999964e+04
1.088000000000000000e+03 1.381145000000000073e+04
1.120000000000000000e+03 1.381180000000000109e+04
1.200000000000000000e+03 1.381320000000000073e+04
8.320000000000000000e+02 1.381405000000000109e+04
1.024000000000000000e+03 1.381695000000000073e+04
1.072000000000000000e+03 1.381700000000000000e+04
9.040000000000000000e+02 1.381735000000000036e+04
8.960000000000000000e+02 1.381770000000000073e+04
1.056000000000000000e+03 1.382270000000000073e+04
1.160000000000000000e+03 1.382345000000000073e+04
1.040000000000000000e+03 1.382364999999999964e+04
8.240000000000000000e+02 1.382420000000000073e+04
1.128000000000000000e+03 1.382489999999999964e+04
1.144000000000000000e+03 1.382525000000000000e+04
8.800000000000000000e+02 1.382589999999999964e+04
9.840000000000000000e+02 1.382614999999999964e+04
1.168000000000000000e+03 1.382650000000000000e+04
8.560000000000000000e+02 1.382745000000000073e+04
1.096000000000000000e+03 1.382900000000000000e+04
8.640000000000000000e+02 1.382960000000000036e+04
9.280000000000000000e+02 1.383164999999999964e+04
8.160000000000000000e+02 1.383435000000000036e+04
9.680000000000000000e+02 1.383470000000000073e+04
9.920000000000000000e+02 1.383514999999999964e+04
8.480000000000000000e+02 1.383860000000000036e+04
1.088000000000000000e+03 1.383875000000000000e+04
1.064000000000000000e+03 1.384100000000000000e+04
1.176000000000000000e+03 1.384225000000000000e+04
9.520000000000000000e+02 1.384400000000000000e+04
1.136000000000000000e+03 1.384405000000000109e+04
1.000000000000000000e+03 1.384445000000000073e+04
1.160000000000000000e+03 1.384939999999999964e+04
1.080000000000000000e+03 1.384950000000000000e+04
8.960000000000000000e+02 1.385000000000000000e+04
8.080000000000000000e+02 1.385014999999999964e+04
1.016000000000000000e+03 1.385105000000000109e+04
1.200000000000000000e+03 1.385185000000000036e+04
1.056000000000000000e+03 1.385445000000000073e+04
1.008000000000000000e+03 1.385630000000000109e+04
1.168000000000000000e+03 1.385689999999999964e+04
9.600000000000000000e+02 1.385730000000000109e+04
1.024000000000000000e+03 1.385730000000000109e+04
1.072000000000000000e+03 1.385789999999999964e+04
8.560000000000000000e+02 1.385870000000000073e+04
1.144000000000000000e+03 1.385875000000000000e+04
1.048000000000000000e+03 1.386095000000000073e+04
1.104000000000000000e+03 1.386289999999999964e+04
1.040000000000000000e+03 1.386314999999999964e+04
1.112000000000000000e+03 1.386330000000000109e+04
9.200000000000000000e+02 1.386570000000000073e+04
1.096000000000000000e+03 1.386685000000000036e+04
9.120000000000000000e+02 1.386914999999999964e+04
1.152000000000000000e+03 1.386939999999999964e+04
1.184000000000000000e+03 1.387100000000000000e+04
9.920000000000000000e+02 1.387114999999999964e+04
8.240000000000000000e+02 1.387260000000000036e+04
1.176000000000000000e+03 1.387420000000000073e+04
9.840000000000000000e+02 1.387564999999999964e+04
1.136000000000000000e+03 1.387710000000000036e+04
8.480000000000000000e+02 1.387730000000000109e+04
9.360000000000000000e+02 1.387914999999999964e+04
1.144000000000000000e+03 1.388075000000000000e+04
1.088000000000000000e+03 1.388155000000000109e+04
1.128000000000000000e+03 1.388200000000000000e+04
8.160000000000000000e+02 1.388545000000000073e+04
9.040000000000000000e+02 1.388739999999999964e+04
1.120000000000000000e+03 1.388745000000000073e+04
8.960000000000000000e+02 1.388755000000000109e+04
8.320000000000000000e+02 1.388775000000000000e+04
1.072000000000000000e+03 1.388805000000000109e+04
9.520000000000000000e+02 1.388870000000000073e+04
1.032000000000000000e+03 1.388885000000000036e+04
8.400000000000000000e+02 1.388945000000000073e+04
1.064000000000000000e+03 1.389014999999999964e+04
1.056000000000000000e+03 1.389405000000000109e+04
9.280000000000000000e+02 1.389610000000000036e+04
1.024000000000000000e+03 1.389625000000000000e+04
9.440000000000000000e+02 1.389680000000000109e+04
9.760000000000000000e+02 1.389760000000000036e+04
1.000000000000000000e+03 1.389780000000000109e+04
8.560000000000000000e+02 1.389855000000000109e+04
8.080000000000000000e+02 1.390025000000000000e+04
1.112000000000000000e+03 1.390175000000000000e+04
1.160000000000000000e+03 1.390239999999999964e+04
1.168000000000000000e+03 1.390489999999999964e+04
1.144000000000000000e+03 1.390585000000000036e+04
1.104000000000000000e+03 1.390750000000000000e+04
1.016000000000000000e+03 1.390805000000000109e+04
1.184000000000000000e+03 1.390930000000000109e+04
8.240000000000000000e+02 1.390960000000000036e+04
1.040000000000000000e+03 1.390970000000000073e+04
8.960000000000000000e+02 1.391520000000000073e+04
9.840000000000000000e+02 1.391520000000000073e+04
8.800000000000000000e+02 1.391620000000000073e+04
1.128000000000000000e+03 1.391645000000000073e+04
9.600000000000000000e+02 1.391675000000000000e+04
1.192000000000000000e+03 1.391700000000000000e+04
1.176000000000000000e+03 1.391939999999999964e+04
9.680000000000000000e+02 1.391975000000000000e+04
1.136000000000000000e+03 1.391995000000000073e+04
1.008000000000000000e+03 1.392164999999999964e+04
9.120000000000000000e+02 1.392530000000000109e+04
8.640000000000000000e+02 1.392555000000000109e+04
8.480000000000000000e+02 1.392595000000000073e+04
1.112000000000000000e+03 1.392720000000000073e+04
9.200000000000000000e+02 1.393210000000000036e+04
8.320000000000000000e+02 1.393475000000000000e+04
8.400000000000000000e+02 1.393475000000000000e+04
1.064000000000000000e+03 1.393535000000000036e+04
1.200000000000000000e+03 1.393600000000000000e+04
8.240000000000000000e+02 1.393725000000000000e+04
9.040000000000000000e+02 1.393895000000000073e+04
1.088000000000000000e+03 1.393905000000000109e+04
9.600000000000000000e+02 1.393950000000000000e+04
9.280000000000000000e+02 1.393989999999999964e+04
1.120000000000000000e+03 1.394089999999999964e+04
8.080000000000000000e+02 1.394450000000000000e+04
1.168000000000000000e+03 1.394595000000000073e+04
1.160000000000000000e+03 1.394780000000000109e+04
1.000000000000000000e+03 1.394839999999999964e+04
1.056000000000000000e+03 1.395050000000000000e+04
9.440000000000000000e+02 1.395239999999999964e+04
1.136000000000000000e+03 1.395320000000000073e+04
1.040000000000000000e+03 1.395380000000000109e+04
9.840000000000000000e+02 1.395400000000000000e+04
1.016000000000000000e+03 1.395425000000000000e+04
8.960000000000000000e+02 1.395464999999999964e+04
1.104000000000000000e+03 1.395495000000000073e+04
9.520000000000000000e+02 1.395520000000000073e+04
1.080000000000000000e+03 1.395805000000000109e+04
1.128000000000000000e+03 1.396025000000000000e+04
8.800000000000000000e+02 1.396070000000000073e+04
8.160000000000000000e+02 1.396105000000000109e+04
1.008000000000000000e+03 1.396120000000000073e+04
1.096000000000000000e+03 1.396120000000000073e+04
1.144000000000000000e+03 1.396150000000000000e+04
1.024000000000000000e+03 1.396195000000000073e+04
1.176000000000000000e+03 1.396210000000000036e+04
9.120000000000000000e+02 1.396225000000000000e+04
1.192000000000000000e+03 1.396245000000000073e+04
1.072000000000000000e+03 1.396730000000000109e+04
8.560000000000000000e+02 1.396889999999999964e+04
1.088000000000000000e+03 1.396925000000000000e+04
8.640000000000000000e+02 1.397014999999999964e+04
1.200000000000000000e+03 1.397014999999999964e+04
1.112000000000000000e+03 1.397025000000000000e+04
8.320000000000000000e+02 1.397405000000000109e+04
9.200000000000000000e+02 1.397500000000000000e+04
1.032000000000000000e+03 1.397545000000000073e+04
9.040000000000000000e+02 1.397620000000000073e+04
8.960000000000000000e+02 1.397675000000000000e+04
1.152000000000000000e+03 1.397795000000000073e+04
8.240000000000000000e+02 1.397970000000000073e+04
1.104000000000000000e+03 1.398085000000000036e+04
8.800000000000000000e+02 1.398275000000000000e+04
8.880000000000000000e+02 1.398300000000000000e+04
1.000000000000000000e+03 1.398320000000000073e+04
8.480000000000000000e+02 1.398330000000000109e+04
9.280000000000000000e+02 1.398360000000000036e+04
9.840000000000000000e+02 1.398414999999999964e+04
1.080000000000000000e+03 1.398505000000000109e+04
9.920000000000000000e+02 1.398610000000000036e+04
1.040000000000000000e+03 1.398920000000000073e+04
1.184000000000000000e+03 1.398970000000000073e+04
1.168000000000000000e+03 1.399075000000000000e+04
1.008000000000000000e+03 1.399110000000000036e+04
9.360000000000000000e+02 1.399189999999999964e+04
1.048000000000000000e+03 1.399330000000000109e+04
1.144000000000000000e+03 1.399345000000000073e+04
1.096000000000000000e+03 1.399435000000000036e+04
8.320000000000000000e+02 1.399635000000000036e+04
1.120000000000000000e+03 1.399650000000000000e+04
9.120000000000000000e+02 1.399685000000000036e+04
8.560000000000000000e+02 1.399780000000000109e+04
1.192000000000000000e+03 1.399800000000000000e+04
9.440000000000000000e+02 1.399825000000000000e+04
8.080000000000000000e+02 1.399835000000000036e+04
1.072000000000000000e+03 1.399855000000000109e+04
1.136000000000000000e+03 1.399889999999999964e+04
1.160000000000000000e+03 1.399885000000000036e+04
9.760000000000000000e+02 1.399910000000000036e+04
1.016000000000000000e+03 1.400560000000000036e+04
1.128000000000000000e+03 1.401110000000000036e+04
9.600000000000000000e+02 1.401364999999999964e+04
1.112000000000000000e+03 1.401864999999999964e+04
9.520000000000000000e+02 1.403100000000000000e+04
8.400000000000000000e+02 1.404260000000000036e+04
9.840000000000000000e+02 1.404795000000000073e+04
1.104000000000000000e+03 1.407435000000000036e+04
1.008000000000000000e+03 1.411264999999999964e+04
9.360000000000000000e+02 1.428960000000000036e+04
8.800000000000000000e+02 1.431700000000000000e+04
8.320000000000000000e+02 1.433120000000000073e+04
1.032000000000000000e+03 1.433820000000000073e+04
1.152000000000000000e+03 1.435175000000000000e+04
1.088000000000000000e+03 1.436564999999999964e+04
9.440000000000000000e+02 1.437835000000000036e+04
1.056000000000000000e+03 1.440945000000000073e+04
1.016000000000000000e+03 1.443120000000000073e+04
8.160000000000000000e+02 1.447720000000000073e+04
9.440000000000000000e+02 1.448860000000000036e+04
1.120000000000000000e+03 1.449850000000000000e+04
1.200000000000000000e+03 1.450605000000000109e+04
8.960000000000000000e+02 1.454045000000000073e+04
1.056000000000000000e+03 1.459545000000000073e+04
9.360000000000000000e+02 1.464085000000000036e+04
1.088000000000000000e+03 1.467314999999999964e+04
1.120000000000000000e+03 1.468300000000000000e+04
9.760000000000000000e+02 1.476380000000000109e+04
1.184000000000000000e+03 1.480589999999999964e+04
1.064000000000000000e+03 1.483470000000000073e+04
1.024000000000000000e+03 1.486725000000000000e+04
9.840000000000000000e+02 1.487785000000000036e+04
1.192000000000000000e+03 1.490239999999999964e+04
1.200000000000000000e+03 1.491700000000000000e+04
9.600000000000000000e+02 1.493639999999999964e+04
1.104000000000000000e+03 1.497764999999999964e+04
9.050000000000000000e+02 1.522500000000000000e+02
1.049000000000000000e+03 1.767500000000000000e+02
9.930000000000000000e+02 2.063000000000000114e+02
1.081000000000000000e+03 2.923500000000000227e+02
1.113000000000000000e+03 2.933000000000000114e+02
1.097000000000000000e+03 3.162500000000000000e+02
9.610000000000000000e+02 3.464000000000000341e+02
1.153000000000000000e+03 3.621999999999999886e+02
9.930000000000000000e+02 4.068000000000000114e+02
1.057000000000000000e+03 4.785500000000000114e+02
1.153000000000000000e+03 5.282999999999999545e+02
9.050000000000000000e+02 5.486499999999999773e+02
1.121000000000000000e+03 6.016499999999999773e+02
1.049000000000000000e+03 6.770000000000000000e+02
9.610000000000000000e+02 7.361000000000000227e+02
1.017000000000000000e+03 8.508999999999999773e+02
8.490000000000000000e+02 8.609500000000000455e+02
8.810000000000000000e+02 8.612000000000000455e+02
8.650000000000000000e+02 9.037000000000000455e+02
1.137000000000000000e+03 9.042500000000000000e+02
1.073000000000000000e+03 9.047000000000000455e+02
1.193000000000000000e+03 9.198999999999999773e+02
8.890000000000000000e+02 9.202000000000000455e+02
1.025000000000000000e+03 9.453999999999999773e+02
1.161000000000000000e+03 9.827000000000000455e+02
9.210000000000000000e+02 9.922500000000000000e+02
8.090000000000000000e+02 1.267700000000000045e+03
8.730000000000000000e+02 1.269700000000000045e+03
9.930000000000000000e+02 1.289200000000000045e+03
1.033000000000000000e+03 1.322900000000000091e+03
8.890000000000000000e+02 1.459500000000000000e+03
9.530000000000000000e+02 1.488049999999999955e+03
8.730000000000000000e+02 1.520650000000000091e+03
1.153000000000000000e+03 1.537299999999999955e+03
8.970000000000000000e+02 1.577400000000000091e+03
1.001000000000000000e+03 1.580799999999999955e+03
1.169000000000000000e+03 1.645049999999999955e+03
1.089000000000000000e+03 1.777950000000000045e+03
1.113000000000000000e+03 1.818150000000000091e+03
1.057000000000000000e+03 1.826200000000000045e+03
1.137000000000000000e+03 1.848900000000000091e+03
8.970000000000000000e+02 1.908350000000000136e+03
9.930000000000000000e+02 1.944100000000000136e+03
1.033000000000000000e+03 1.980950000000000045e+03
1.169000000000000000e+03 2.129550000000000182e+03
8.970000000000000000e+02 2.145599999999999909e+03
9.690000000000000000e+02 2.173900000000000091e+03
1.129000000000000000e+03 2.229750000000000000e+03
1.169000000000000000e+03 2.264500000000000000e+03
1.033000000000000000e+03 2.346900000000000091e+03
9.050000000000000000e+02 2.388349999999999909e+03
1.089000000000000000e+03 2.449450000000000273e+03
8.890000000000000000e+02 2.534150000000000091e+03
1.153000000000000000e+03 2.556950000000000273e+03
1.001000000000000000e+03 2.618050000000000182e+03
8.090000000000000000e+02 2.636900000000000091e+03
1.153000000000000000e+03 2.692200000000000273e+03
9.850000000000000000e+02 2.712050000000000182e+03
1.001000000000000000e+03 2.741000000000000000e+03
8.570000000000000000e+02 2.752300000000000182e+03
9.050000000000000000e+02 2.753349999999999909e+03
9.530000000000000000e+02 2.862099999999999909e+03
9.930000000000000000e+02 2.885650000000000091e+03
1.073000000000000000e+03 2.891300000000000182e+03
1.057000000000000000e+03 2.893050000000000182e+03
1.145000000000000000e+03 2.962200000000000273e+03
1.161000000000000000e+03 6.137650000000000546e+03
8.570000000000000000e+02 6.227550000000000182e+03
1.089000000000000000e+03 6.340400000000000546e+03
8.490000000000000000e+02 6.340699999999999818e+03
1.001000000000000000e+03 6.341050000000000182e+03
1.105000000000000000e+03 6.411750000000000000e+03
1.041000000000000000e+03 6.539800000000000182e+03
8.490000000000000000e+02 6.598500000000000000e+03
8.410000000000000000e+02 6.635350000000000364e+03
1.089000000000000000e+03 6.706050000000000182e+03
1.057000000000000000e+03 6.715900000000000546e+03
1.073000000000000000e+03 6.749800000000000182e+03
1.097000000000000000e+03 6.837050000000000182e+03
1.169000000000000000e+03 6.842850000000000364e+03
1.001000000000000000e+03 6.865400000000000546e+03
1.009000000000000000e+03 6.876250000000000000e+03
8.570000000000000000e+02 6.928150000000000546e+03
1.137000000000000000e+03 6.974449999999999818e+03
8.170000000000000000e+02 6.998350000000000364e+03
1.105000000000000000e+03 1.002195000000000073e+04
1.041000000000000000e+03 1.010150000000000000e+04
9.450000000000000000e+02 1.015260000000000036e+04
8.570000000000000000e+02 1.017325000000000000e+04
8.650000000000000000e+02 1.019230000000000109e+04
8.170000000000000000e+02 1.020450000000000000e+04
1.105000000000000000e+03 1.022300000000000000e+04
1.201000000000000000e+03 1.023610000000000036e+04
1.193000000000000000e+03 1.026370000000000073e+04
8.090000000000000000e+02 1.029175000000000000e+04
8.330000000000000000e+02 1.030639999999999964e+04
1.129000000000000000e+03 1.034425000000000000e+04
1.201000000000000000e+03 1.037445000000000073e+04
8.970000000000000000e+02 1.044070000000000073e+04
1.065000000000000000e+03 1.048625000000000000e+04
1.049000000000000000e+03 1.059825000000000000e+04
1.121000000000000000e+03 1.060150000000000000e+04
8.250000000000000000e+02 1.070895000000000073e+04
9.050000000000000000e+02 1.071130000000000109e+04
1.025000000000000000e+03 1.072039999999999964e+04
1.049000000000000000e+03 1.074030000000000109e+04
8.170000000000000000e+02 1.075760000000000036e+04
1.041000000000000000e+03 1.076905000000000109e+04
8.330000000000000000e+02 1.078610000000000036e+04
1.193000000000000000e+03 1.080575000000000000e+04
9.130000000000000000e+02 1.084275000000000000e+04
1.185000000000000000e+03 1.085985000000000036e+04
1.073000000000000000e+03 1.086839999999999964e+04
1.201000000000000000e+03 1.088425000000000000e+04
8.890000000000000000e+02 1.090730000000000109e+04
1.009000000000000000e+03 1.093625000000000000e+04
1.041000000000000000e+03 1.096589999999999964e+04
8.650000000000000000e+02 1.096720000000000073e+04
9.130000000000000000e+02 1.100280000000000109e+04
1.161000000000000000e+03 1.100470000000000073e+04
8.890000000000000000e+02 1.100789999999999964e+04
1.137000000000000000e+03 1.100955000000000109e+04
1.129000000000000000e+03 1.100964999999999964e+04
1.201000000000000000e+03 1.101120000000000073e+04
1.193000000000000000e+03 1.101230000000000109e+04
8.090000000000000000e+02 1.101464999999999964e+04
1.097000000000000000e+03 1.101820000000000073e+04
8.490000000000000000e+02 1.101850000000000000e+04
8.810000000000000000e+02 1.101850000000000000e+04
8.570000000000000000e+02 1.101870000000000073e+04
1.105000000000000000e+03 1.101964999999999964e+04
8.650000000000000000e+02 1.102355000000000109e+04
9.690000000000000000e+02 1.102555000000000109e+04
8.410000000000000000e+02 1.102580000000000109e+04
8.250000000000000000e+02 1.102805000000000109e+04
9.450000000000000000e+02 1.103045000000000073e+04
1.033000000000000000e+03 1.103045000000000073e+04
1.153000000000000000e+03 1.103114999999999964e+04
9.930000000000000000e+02 1.103155000000000109e+04
1.057000000000000000e+03 1.103325000000000000e+04
1.121000000000000000e+03 1.103625000000000000e+04
9.530000000000000000e+02 1.103660000000000036e+04
1.185000000000000000e+03 1.103905000000000109e+04
9.770000000000000000e+02 1.103960000000000036e+04
1.177000000000000000e+03 1.104039999999999964e+04
1.073000000000000000e+03 1.104064999999999964e+04
8.970000000000000000e+02 1.104085000000000036e+04
1.041000000000000000e+03 1.104095000000000073e+04
9.850000000000000000e+02 1.104420000000000073e+04
1.065000000000000000e+03 1.104505000000000109e+04
8.730000000000000000e+02 1.104810000000000036e+04
9.370000000000000000e+02 1.104935000000000036e+04
8.170000000000000000e+02 1.104970000000000073e+04
1.201000000000000000e+03 1.105325000000000000e+04
9.290000000000000000e+02 1.105605000000000109e+04
1.001000000000000000e+03 1.105975000000000000e+04
1.153000000000000000e+03 1.106114999999999964e+04
8.650000000000000000e+02 1.106175000000000000e+04
1.081000000000000000e+03 1.106364999999999964e+04
1.193000000000000000e+03 1.106975000000000000e+04
9.210000000000000000e+02 1.107450000000000000e+04
1.089000000000000000e+03 1.107475000000000000e+04
8.490000000000000000e+02 1.107764999999999964e+04
9.850000000000000000e+02 1.107775000000000000e+04
8.090000000000000000e+02 1.107795000000000073e+04
8.810000000000000000e+02 1.107825000000000000e+04
1.161000000000000000e+03 1.108000000000000000e+04
1.137000000000000000e+03 1.108055000000000109e+04
1.169000000000000000e+03 1.108060000000000036e+04
1.025000000000000000e+03 1.108085000000000036e+04
9.610000000000000000e+02 1.108170000000000073e+04
1.017000000000000000e+03 1.108255000000000109e+04
1.065000000000000000e+03 1.108289999999999964e+04
9.690000000000000000e+02 1.108370000000000073e+04
8.570000000000000000e+02 1.108495000000000073e+04
9.450000000000000000e+02 1.108795000000000073e+04
1.009000000000000000e+03 1.109230000000000109e+04
9.370000000000000000e+02 1.109285000000000036e+04
1.049000000000000000e+03 1.110039999999999964e+04
8.650000000000000000e+02 1.110305000000000109e+04
8.170000000000000000e+02 1.110345000000000073e+04
1.177000000000000000e+03 1.110380000000000109e+04
9.770000000000000000e+02 1.110414999999999964e+04
1.081000000000000000e+03 1.110495000000000073e+04
9.130000000000000000e+02 1.110575000000000000e+04
8.410000000000000000e+02 1.110930000000000109e+04
1.185000000000000000e+03 1.110925000000000000e+04
1.193000000000000000e+03 1.110945000000000073e+04
1.001000000000000000e+03 1.111010000000000036e+04
1.025000000000000000e+03 1.111085000000000036e+04
1.097000000000000000e+03 1.111435000000000036e+04
1.017000000000000000e+03 1.111500000000000000e+04
1.129000000000000000e+03 1.111510000000000036e+04
9.050000000000000000e+02 1.111525000000000000e+04
1.073000000000000000e+03 1.112210000000000036e+04
8.730000000000000000e+02 1.112600000000000000e+04
9.930000000000000000e+02 1.112705000000000109e+04
1.041000000000000000e+03 1.113014999999999964e+04
8.090000000000000000e+02 1.113030000000000109e+04
1.161000000000000000e+03 1.113300000000000000e+04
1.065000000000000000e+03 1.113450000000000000e+04
9.690000000000000000e+02 1.113860000000000036e+04
8.490000000000000000e+02 1.113895000000000073e+04
9.450000000000000000e+02 1.113989999999999964e+04
1.169000000000000000e+03 1.114135000000000036e+04
1.121000000000000000e+03 1.114505000000000109e+04
9.850000000000000000e+02 1.114945000000000073e+04
1.089000000000000000e+03 1.114970000000000073e+04
1.113000000000000000e+03 1.114975000000000000e+04
9.050000000000000000e+02 1.115470000000000073e+04
1.145000000000000000e+03 1.115485000000000036e+04
1.137000000000000000e+03 1.115530000000000109e+04
1.025000000000000000e+03 1.115570000000000073e+04
1.177000000000000000e+03 1.115575000000000000e+04
9.370000000000000000e+02 1.115585000000000036e+04
1.009000000000000000e+03 1.115620000000000073e+04
1.185000000000000000e+03 1.116260000000000036e+04
8.410000000000000000e+02 1.116320000000000073e+04
1.097000000000000000e+03 1.116439999999999964e+04
9.610000000000000000e+02 1.116605000000000109e+04
9.210000000000000000e+02 1.116805000000000109e+04
9.530000000000000000e+02 1.116864999999999964e+04
1.153000000000000000e+03 1.116910000000000036e+04
1.129000000000000000e+03 1.116914999999999964e+04
1.033000000000000000e+03 1.117039999999999964e+04
1.017000000000000000e+03 1.117364999999999964e+04
1.193000000000000000e+03 1.117755000000000109e+04
8.330000000000000000e+02 1.117970000000000073e+04
8.810000000000000000e+02 1.118055000000000109e+04
1.073000000000000000e+03 1.118175000000000000e+04
8.970000000000000000e+02 1.118325000000000000e+04
8.090000000000000000e+02 1.118405000000000109e+04
9.290000000000000000e+02 1.118585000000000036e+04
1.145000000000000000e+03 1.118585000000000036e+04
9.130000000000000000e+02 1.118595000000000073e+04
8.890000000000000000e+02 1.118885000000000036e+04
1.065000000000000000e+03 1.118980000000000109e+04
1.049000000000000000e+03 1.119039999999999964e+04
1.057000000000000000e+03 1.119045000000000073e+04
9.850000000000000000e+02 1.119175000000000000e+04
9.930000000000000000e+02 1.119430000000000109e+04
1.169000000000000000e+03 1.119530000000000109e+04
1.089000000000000000e+03 1.119745000000000073e+04
1.201000000000000000e+03 1.120080000000000109e+04
1.009000000000000000e+03 1.120185000000000036e+04
8.650000000000000000e+02 1.120375000000000000e+04
1.113000000000000000e+03 1.120389999999999964e+04
8.810000000000000000e+02 1.120410000000000036e+04
9.530000000000000000e+02 1.120455000000000109e+04
1.025000000000000000e+03 1.120875000000000000e+04
1.073000000000000000e+03 1.121210000000000036e+04
8.410000000000000000e+02 1.121439999999999964e+04
1.121000000000000000e+03 1.122285000000000036e+04
8.490000000000000000e+02 1.122555000000000109e+04
1.185000000000000000e+03 1.122555000000000109e+04
9.210000000000000000e+02 1.122664999999999964e+04
8.890000000000000000e+02 1.122825000000000000e+04
1.177000000000000000e+03 1.123480000000000109e+04
1.145000000000000000e+03 1.123505000000000109e+04
1.041000000000000000e+03 1.123635000000000036e+04
1.049000000000000000e+03 1.123670000000000073e+04
1.065000000000000000e+03 1.124030000000000109e+04
8.730000000000000000e+02 1.124320000000000073e+04
1.057000000000000000e+03 1.124405000000000109e+04
1.073000000000000000e+03 1.124855000000000109e+04
1.081000000000000000e+03 1.125180000000000109e+04
8.170000000000000000e+02 1.125250000000000000e+04
1.017000000000000000e+03 1.125600000000000000e+04
1.137000000000000000e+03 1.125630000000000109e+04
9.770000000000000000e+02 1.125639999999999964e+04
9.130000000000000000e+02 1.125670000000000073e+04
1.105000000000000000e+03 1.125695000000000073e+04
8.810000000000000000e+02 1.125735000000000036e+04
1.121000000000000000e+03 1.125860000000000036e+04
8.970000000000000000e+02 1.125920000000000073e+04
9.290000000000000000e+02 1.126189999999999964e+04
1.001000000000000000e+03 1.126505000000000109e+04
9.530000000000000000e+02 1.126635000000000036e+04
9.050000000000000000e+02 1.126685000000000036e+04
8.490000000000000000e+02 1.126814999999999964e+04
1.193000000000000000e+03 1.127155000000000109e+04
1.201000000000000000e+03 1.127225000000000000e+04
1.129000000000000000e+03 1.127250000000000000e+04
1.009000000000000000e+03 1.127360000000000036e+04
8.890000000000000000e+02 1.127425000000000000e+04
9.690000000000000000e+02 1.127695000000000073e+04
8.650000000000000000e+02 1.127964999999999964e+04
1.049000000000000000e+03 1.128139999999999964e+04
9.210000000000000000e+02 1.128655000000000109e+04
1.017000000000000000e+03 1.128735000000000036e+04
1.161000000000000000e+03 1.128810000000000036e+04
9.850000000000000000e+02 1.128895000000000073e+04
1.145000000000000000e+03 1.128964999999999964e+04
1.073000000000000000e+03 1.129250000000000000e+04
1.177000000000000000e+03 1.129514999999999964e+04
1.041000000000000000e+03 1.130180000000000109e+04
1.057000000000000000e+03 1.130280000000000109e+04
8.410000000000000000e+02 1.130489999999999964e+04
9.290000000000000000e+02 1.130610000000000036e+04
1.065000000000000000e+03 1.130810000000000036e+04
9.770000000000000000e+02 1.131110000000000036e+04
1.025000000000000000e+03 1.131139999999999964e+04
1.185000000000000000e+03 1.131214999999999964e+04
9.530000000000000000e+02 1.131585000000000036e+04
9.690000000000000000e+02 1.131650000000000000e+04
1.193000000000000000e+03 1.131695000000000073e+04
8.330000000000000000e+02 1.131705000000000109e+04
9.370000000000000000e+02 1.131889999999999964e+04
9.610000000000000000e+02 1.132245000000000073e+04
8.970000000000000000e+02 1.132345000000000073e+04
8.650000000000000000e+02 1.132389999999999964e+04
1.057000000000000000e+03 1.133080000000000109e+04
1.129000000000000000e+03 1.133089999999999964e+04
1.137000000000000000e+03 1.133214999999999964e+04
8.490000000000000000e+02 1.133364999999999964e+04
1.161000000000000000e+03 1.133795000000000073e+04
8.890000000000000000e+02 1.133914999999999964e+04
8.810000000000000000e+02 1.133964999999999964e+04
1.097000000000000000e+03 1.133970000000000073e+04
1.049000000000000000e+03 1.133975000000000000e+04
8.170000000000000000e+02 1.134345000000000073e+04
8.570000000000000000e+02 1.134389999999999964e+04
1.169000000000000000e+03 1.134470000000000073e+04
8.250000000000000000e+02 1.134850000000000000e+04
9.130000000000000000e+02 1.134900000000000000e+04
1.193000000000000000e+03 1.134945000000000073e+04
1.177000000000000000e+03 1.134995000000000073e+04
1.121000000000000000e+03 1.135025000000000000e+04
1.017000000000000000e+03 1.135110000000000036e+04
1.153000000000000000e+03 1.135564999999999964e+04
1.201000000000000000e+03 1.135645000000000073e+04
1.073000000000000000e+03 1.135805000000000109e+04
1.009000000000000000e+03 1.136070000000000073e+04
1.137000000000000000e+03 1.136075000000000000e+04
1.033000000000000000e+03 1.136135000000000036e+04
9.210000000000000000e+02 1.136295000000000073e+04
8.330000000000000000e+02 1.136600000000000000e+04
9.450000000000000000e+02 1.136730000000000109e+04
1.145000000000000000e+03 1.136900000000000000e+04
9.050000000000000000e+02 1.137020000000000073e+04
1.113000000000000000e+03 1.137730000000000109e+04
1.025000000000000000e+03 1.138245000000000073e+04
1.041000000000000000e+03 1.138300000000000000e+04
1.057000000000000000e+03 1.138414999999999964e+04
1.065000000000000000e+03 1.138475000000000000e+04
1.089000000000000000e+03 1.138930000000000109e+04
1.177000000000000000e+03 1.138935000000000036e+04
9.130000000000000000e+02 1.139075000000000000e+04
1.105000000000000000e+03 1.139175000000000000e+04
9.610000000000000000e+02 1.139200000000000000e+04
1.185000000000000000e+03 1.139295000000000073e+04
8.090000000000000000e+02 1.139420000000000073e+04
8.570000000000000000e+02 1.139445000000000073e+04
1.017000000000000000e+03 1.139580000000000109e+04
9.770000000000000000e+02 1.139845000000000073e+04
1.169000000000000000e+03 1.140064999999999964e+04
1.153000000000000000e+03 1.140280000000000109e+04
1.049000000000000000e+03 1.140550000000000000e+04
1.201000000000000000e+03 1.140760000000000036e+04
9.530000000000000000e+02 1.140770000000000073e+04
9.370000000000000000e+02 1.141089999999999964e+04
1.057000000000000000e+03 1.141364999999999964e+04
9.690000000000000000e+02 1.141425000000000000e+04
9.050000000000000000e+02 1.141600000000000000e+04
8.970000000000000000e+02 1.141860000000000036e+04
1.065000000000000000e+03 1.141920000000000073e+04
1.129000000000000000e+03 1.142245000000000073e+04
1.193000000000000000e+03 1.142630000000000109e+04
1.145000000000000000e+03 1.142870000000000073e+04
9.850000000000000000e+02 1.142885000000000036e+04
8.490000000000000000e+02 1.142950000000000000e+04
8.730000000000000000e+02 1.143175000000000000e+04
9.930000000000000000e+02 1.143489999999999964e+04
1.089000000000000000e+03 1.143620000000000073e+04
9.210000000000000000e+02 1.143675000000000000e+04
8.170000000000000000e+02 1.143789999999999964e+04
9.610000000000000000e+02 1.143855000000000109e+04
8.090000000000000000e+02 1.143905000000000109e+04
1.073000000000000000e+03 1.143955000000000109e+04
1.033000000000000000e+03 1.143970000000000073e+04
8.890000000000000000e+02 1.144064999999999964e+04
8.330000000000000000e+02 1.144085000000000036e+04
8.650000000000000000e+02 1.144330000000000109e+04
9.290000000000000000e+02 1.144480000000000109e+04
1.081000000000000000e+03 1.145150000000000000e+04
1.201000000000000000e+03 1.145205000000000109e+04
1.137000000000000000e+03 1.145239999999999964e+04
1.185000000000000000e+03 1.145255000000000109e+04
1.097000000000000000e+03 1.145545000000000073e+04
1.113000000000000000e+03 1.145685000000000036e+04
1.049000000000000000e+03 1.146020000000000073e+04
1.041000000000000000e+03 1.146050000000000000e+04
1.025000000000000000e+03 1.146225000000000000e+04
9.450000000000000000e+02 1.146264999999999964e+04
1.057000000000000000e+03 1.146330000000000109e+04
9.370000000000000000e+02 1.146550000000000000e+04
9.050000000000000000e+02 1.146580000000000109e+04
1.177000000000000000e+03 1.146750000000000000e+04
8.810000000000000000e+02 1.146885000000000036e+04
8.570000000000000000e+02 1.147005000000000109e+04
9.130000000000000000e+02 1.147010000000000036e+04
9.770000000000000000e+02 1.147030000000000109e+04
8.410000000000000000e+02 1.147395000000000073e+04
1.105000000000000000e+03 1.147714999999999964e+04
1.121000000000000000e+03 1.148080000000000109e+04
8.170000000000000000e+02 1.148320000000000073e+04
8.250000000000000000e+02 1.148625000000000000e+04
9.930000000000000000e+02 1.149095000000000073e+04
1.065000000000000000e+03 1.149125000000000000e+04
9.210000000000000000e+02 1.149139999999999964e+04
1.201000000000000000e+03 1.149139999999999964e+04
1.089000000000000000e+03 1.149160000000000036e+04
1.161000000000000000e+03 1.149170000000000073e+04
9.450000000000000000e+02 1.149214999999999964e+04
8.650000000000000000e+02 1.149320000000000073e+04
1.169000000000000000e+03 1.149610000000000036e+04
8.890000000000000000e+02 1.149775000000000000e+04
8.970000000000000000e+02 1.150170000000000073e+04
8.090000000000000000e+02 1.150264999999999964e+04
1.041000000000000000e+03 1.150330000000000109e+04
9.290000000000000000e+02 1.150370000000000073e+04
1.097000000000000000e+03 1.150410000000000036e+04
1.009000000000000000e+03 1.150745000000000073e+04
1.001000000000000000e+03 1.150860000000000036e+04
8.330000000000000000e+02 1.150939999999999964e+04
9.050000000000000000e+02 1.151045000000000073e+04
1.177000000000000000e+03 1.151175000000000000e+04
1.129000000000000000e+03 1.151689999999999964e+04
8.730000000000000000e+02 1.152214999999999964e+04
1.057000000000000000e+03 1.152335000000000036e+04
9.210000000000000000e+02 1.152889999999999964e+04
9.130000000000000000e+02 1.152930000000000109e+04
9.690000000000000000e+02 1.152935000000000036e+04
9.850000000000000000e+02 1.153000000000000000e+04
1.145000000000000000e+03 1.153225000000000000e+04
1.017000000000000000e+03 1.153235000000000036e+04
1.153000000000000000e+03 1.153650000000000000e+04
1.113000000000000000e+03 1.153764999999999964e+04
9.370000000000000000e+02 1.153850000000000000e+04
1.065000000000000000e+03 1.153850000000000000e+04
1.105000000000000000e+03 1.153885000000000036e+04
1.161000000000000000e+03 1.154030000000000109e+04
8.490000000000000000e+02 1.154150000000000000e+04
1.193000000000000000e+03 1.154255000000000109e+04
1.073000000000000000e+03 1.154314999999999964e+04
1.049000000000000000e+03 1.154625000000000000e+04
9.530000000000000000e+02 1.154660000000000036e+04
9.770000000000000000e+02 1.154680000000000109e+04
9.450000000000000000e+02 1.154685000000000036e+04
8.890000000000000000e+02 1.154710000000000036e+04
1.009000000000000000e+03 1.154725000000000000e+04
1.081000000000000000e+03 1.154745000000000073e+04
8.650000000000000000e+02 1.154855000000000109e+04
1.169000000000000000e+03 1.155345000000000073e+04
1.201000000000000000e+03 1.155360000000000036e+04
1.097000000000000000e+03 1.155414999999999964e+04
1.041000000000000000e+03 1.155889999999999964e+04
1.033000000000000000e+03 1.155925000000000000e+04
9.610000000000000000e+02 1.155950000000000000e+04
8.970000000000000000e+02 1.156045000000000073e+04
1.057000000000000000e+03 1.156480000000000109e+04
1.121000000000000000e+03 1.156820000000000073e+04
1.065000000000000000e+03 1.156950000000000000e+04
8.090000000000000000e+02 1.157045000000000073e+04
8.250000000000000000e+02 1.157580000000000109e+04
8.330000000000000000e+02 1.157639999999999964e+04
9.050000000000000000e+02 1.157770000000000073e+04
8.810000000000000000e+02 1.157985000000000036e+04
1.009000000000000000e+03 1.158170000000000073e+04
9.770000000000000000e+02 1.158270000000000073e+04
1.201000000000000000e+03 1.158314999999999964e+04
8.170000000000000000e+02 1.158335000000000036e+04
9.290000000000000000e+02 1.158750000000000000e+04
1.145000000000000000e+03 1.158870000000000073e+04
1.081000000000000000e+03 1.159095000000000073e+04
1.177000000000000000e+03 1.159095000000000073e+04
8.890000000000000000e+02 1.159380000000000109e+04
9.930000000000000000e+02 1.159439999999999964e+04
1.041000000000000000e+03 1.159585000000000036e+04
8.730000000000000000e+02 1.159655000000000109e+04
1.185000000000000000e+03 1.159789999999999964e+04
1.193000000000000000e+03 1.159870000000000073e+04
8.650000000000000000e+02 1.159970000000000073e+04
8.570000000000000000e+02 1.160005000000000109e+04
1.169000000000000000e+03 1.160020000000000073e+04
1.105000000000000000e+03 1.160035000000000036e+04
8.810000000000000000e+02 1.160170000000000073e+04
1.073000000000000000e+03 1.160410000000000036e+04
9.370000000000000000e+02 1.160589999999999964e+04
1.121000000000000000e+03 1.160870000000000073e+04
8.090000000000000000e+02 1.160905000000000109e+04
1.001000000000000000e+03 1.161289999999999964e+04
9.210000000000000000e+02 1.161395000000000073e+04
1.057000000000000000e+03 1.161430000000000109e+04
1.017000000000000000e+03 1.161470000000000073e+04
9.530000000000000000e+02 1.161555000000000109e+04
1.089000000000000000e+03 1.162060000000000036e+04
1.201000000000000000e+03 1.162180000000000109e+04
8.250000000000000000e+02 1.162605000000000109e+04
9.850000000000000000e+02 1.162630000000000109e+04
9.690000000000000000e+02 1.162945000000000073e+04
9.050000000000000000e+02 1.163164999999999964e+04
9.770000000000000000e+02 1.163239999999999964e+04
9.130000000000000000e+02 1.163430000000000109e+04
9.610000000000000000e+02 1.163450000000000000e+04
1.185000000000000000e+03 1.163595000000000073e+04
8.730000000000000000e+02 1.163630000000000109e+04
1.161000000000000000e+03 1.163970000000000073e+04
1.081000000000000000e+03 1.164105000000000109e+04
9.370000000000000000e+02 1.164150000000000000e+04
8.650000000000000000e+02 1.164264999999999964e+04
8.330000000000000000e+02 1.164289999999999964e+04
1.169000000000000000e+03 1.164364999999999964e+04
9.450000000000000000e+02 1.164439999999999964e+04
9.210000000000000000e+02 1.164464999999999964e+04
1.137000000000000000e+03 1.164514999999999964e+04
1.041000000000000000e+03 1.164730000000000109e+04
1.049000000000000000e+03 1.164730000000000109e+04
1.057000000000000000e+03 1.165235000000000036e+04
1.177000000000000000e+03 1.165275000000000000e+04
9.930000000000000000e+02 1.165339999999999964e+04
1.073000000000000000e+03 1.165375000000000000e+04
1.097000000000000000e+03 1.165414999999999964e+04
1.025000000000000000e+03 1.165495000000000073e+04
1.033000000000000000e+03 1.165970000000000073e+04
1.113000000000000000e+03 1.165975000000000000e+04
1.129000000000000000e+03 1.166050000000000000e+04
8.090000000000000000e+02 1.166110000000000036e+04
9.530000000000000000e+02 1.166105000000000109e+04
9.770000000000000000e+02 1.166460000000000036e+04
9.610000000000000000e+02 1.166595000000000073e+04
1.201000000000000000e+03 1.166825000000000000e+04
1.145000000000000000e+03 1.167114999999999964e+04
9.370000000000000000e+02 1.167210000000000036e+04
8.170000000000000000e+02 1.167414999999999964e+04
9.290000000000000000e+02 1.167520000000000073e+04
9.690000000000000000e+02 1.167520000000000073e+04
8.410000000000000000e+02 1.167535000000000036e+04
9.050000000000000000e+02 1.167795000000000073e+04
1.153000000000000000e+03 1.168039999999999964e+04
8.490000000000000000e+02 1.168314999999999964e+04
8.970000000000000000e+02 1.168364999999999964e+04
8.810000000000000000e+02 1.168385000000000036e+04
1.193000000000000000e+03 1.168410000000000036e+04
1.073000000000000000e+03 1.168570000000000073e+04
8.650000000000000000e+02 1.168610000000000036e+04
1.017000000000000000e+03 1.168689999999999964e+04
1.097000000000000000e+03 1.168835000000000036e+04
9.530000000000000000e+02 1.169275000000000000e+04
1.009000000000000000e+03 1.169330000000000109e+04
1.081000000000000000e+03 1.169375000000000000e+04
8.330000000000000000e+02 1.169385000000000036e+04
1.185000000000000000e+03 1.169725000000000000e+04
8.090000000000000000e+02 1.170185000000000036e+04
9.210000000000000000e+02 1.170195000000000073e+04
1.105000000000000000e+03 1.170264999999999964e+04
9.050000000000000000e+02 1.170820000000000073e+04
1.145000000000000000e+03 1.171005000000000109e+04
8.570000000000000000e+02 1.171045000000000073e+04
8.890000000000000000e+02 1.171064999999999964e+04
1.001000000000000000e+03 1.171170000000000073e+04
9.850000000000000000e+02 1.171210000000000036e+04
1.033000000000000000e+03 1.171330000000000109e+04
9.290000000000000000e+02 1.171825000000000000e+04
1.025000000000000000e+03 1.172214999999999964e+04
1.201000000000000000e+03 1.172214999999999964e+04
1.161000000000000000e+03 1.172295000000000073e+04
9.370000000000000000e+02 1.172320000000000073e+04
1.177000000000000000e+03 1.172820000000000073e+04
8.810000000000000000e+02 1.172900000000000000e+04
1.097000000000000000e+03 1.173030000000000109e+04
9.450000000000000000e+02 1.173075000000000000e+04
1.081000000000000000e+03 1.173085000000000036e+04
1.121000000000000000e+03 1.173130000000000109e+04
8.410000000000000000e+02 1.173145000000000073e+04
1.137000000000000000e+03 1.173185000000000036e+04
1.065000000000000000e+03 1.173370000000000073e+04
8.170000000000000000e+02 1.173664999999999964e+04
9.130000000000000000e+02 1.174189999999999964e+04
9.610000000000000000e+02 1.174214999999999964e+04
9.690000000000000000e+02 1.174325000000000000e+04
1.089000000000000000e+03 1.174395000000000073e+04
9.770000000000000000e+02 1.174520000000000073e+04
8.650000000000000000e+02 1.174650000000000000e+04
1.049000000000000000e+03 1.174689999999999964e+04
9.210000000000000000e+02 1.174930000000000109e+04
8.730000000000000000e+02 1.175170000000000073e+04
1.033000000000000000e+03 1.175245000000000073e+04
1.041000000000000000e+03 1.175285000000000036e+04
8.970000000000000000e+02 1.175520000000000073e+04
1.081000000000000000e+03 1.176005000000000109e+04
1.017000000000000000e+03 1.176150000000000000e+04
9.530000000000000000e+02 1.176439999999999964e+04
1.113000000000000000e+03 1.176470000000000073e+04
1.169000000000000000e+03 1.176489999999999964e+04
1.105000000000000000e+03 1.176510000000000036e+04
1.193000000000000000e+03 1.176614999999999964e+04
9.450000000000000000e+02 1.177060000000000036e+04
1.073000000000000000e+03 1.177064999999999964e+04
1.201000000000000000e+03 1.177095000000000073e+04
1.129000000000000000e+03 1.177545000000000073e+04
8.810000000000000000e+02 1.177625000000000000e+04
1.097000000000000000e+03 1.177650000000000000e+04
9.290000000000000000e+02 1.177820000000000073e+04
1.121000000000000000e+03 1.177830000000000109e+04
1.153000000000000000e+03 1.177830000000000109e+04
1.161000000000000000e+03 1.177875000000000000e+04
1.009000000000000000e+03 1.177935000000000036e+04
9.210000000000000000e+02 1.178710000000000036e+04
8.970000000000000000e+02 1.178785000000000036e+04
1.177000000000000000e+03 1.179335000000000036e+04
1.089000000000000000e+03 1.179375000000000000e+04
9.370000000000000000e+02 1.179445000000000073e+04
8.170000000000000000e+02 1.179470000000000073e+04
8.650000000000000000e+02 1.179489999999999964e+04
8.490000000000000000e+02 1.179505000000000109e+04
9.770000000000000000e+02 1.179539999999999964e+04
1.137000000000000000e+03 1.179930000000000109e+04
9.050000000000000000e+02 1.179935000000000036e+04
9.610000000000000000e+02 1.179950000000000000e+04
1.017000000000000000e+03 1.180050000000000000e+04
8.090000000000000000e+02 1.180070000000000073e+04
1.041000000000000000e+03 1.180145000000000073e+04
9.530000000000000000e+02 1.180205000000000109e+04
8.410000000000000000e+02 1.180570000000000073e+04
1.169000000000000000e+03 1.180600000000000000e+04
1.057000000000000000e+03 1.180935000000000036e+04
8.730000000000000000e+02 1.181020000000000073e+04
1.105000000000000000e+03 1.181205000000000109e+04
1.113000000000000000e+03 1.181220000000000073e+04
1.153000000000000000e+03 1.181264999999999964e+04
9.930000000000000000e+02 1.181585000000000036e+04
9.850000000000000000e+02 1.181889999999999964e+04
9.450000000000000000e+02 1.181989999999999964e+04
8.170000000000000000e+02 1.182255000000000109e+04
1.065000000000000000e+03 1.182289999999999964e+04
9.690000000000000000e+02 1.182360000000000036e+04
1.121000000000000000e+03 1.182625000000000000e+04
1.049000000000000000e+03 1.182675000000000000e+04
1.073000000000000000e+03 1.182680000000000109e+04
1.193000000000000000e+03 1.182789999999999964e+04
8.810000000000000000e+02 1.182845000000000073e+04
8.330000000000000000e+02 1.183195000000000073e+04
9.770000000000000000e+02 1.183395000000000073e+04
1.097000000000000000e+03 1.183500000000000000e+04
1.081000000000000000e+03 1.183620000000000073e+04
8.650000000000000000e+02 1.183630000000000109e+04
9.210000000000000000e+02 1.183980000000000109e+04
1.129000000000000000e+03 1.184155000000000109e+04
1.169000000000000000e+03 1.184380000000000109e+04
1.153000000000000000e+03 1.184880000000000109e+04
1.033000000000000000e+03 1.185150000000000000e+04
1.137000000000000000e+03 1.185155000000000109e+04
1.185000000000000000e+03 1.185264999999999964e+04
8.410000000000000000e+02 1.185355000000000109e+04
8.970000000000000000e+02 1.185450000000000000e+04
8.170000000000000000e+02 1.185630000000000109e+04
1.193000000000000000e+03 1.186000000000000000e+04
1.121000000000000000e+03 1.186014999999999964e+04
9.610000000000000000e+02 1.186050000000000000e+04
1.001000000000000000e+03 1.186160000000000036e+04
1.177000000000000000e+03 1.186195000000000073e+04
9.370000000000000000e+02 1.186655000000000109e+04
9.450000000000000000e+02 1.186685000000000036e+04
8.090000000000000000e+02 1.186714999999999964e+04
1.089000000000000000e+03 1.186735000000000036e+04
9.690000000000000000e+02 1.187060000000000036e+04
1.057000000000000000e+03 1.187064999999999964e+04
1.073000000000000000e+03 1.187270000000000073e+04
9.050000000000000000e+02 1.187289999999999964e+04
8.810000000000000000e+02 1.187339999999999964e+04
9.530000000000000000e+02 1.187620000000000073e+04
8.330000000000000000e+02 1.187955000000000109e+04
9.290000000000000000e+02 1.188075000000000000e+04
9.850000000000000000e+02 1.188085000000000036e+04
8.490000000000000000e+02 1.188110000000000036e+04
8.650000000000000000e+02 1.188200000000000000e+04
1.033000000000000000e+03 1.188514999999999964e+04
1.129000000000000000e+03 1.189020000000000073e+04
1.041000000000000000e+03 1.189125000000000000e+04
1.049000000000000000e+03 1.189445000000000073e+04
1.161000000000000000e+03 1.189635000000000036e+04
1.201000000000000000e+03 1.189635000000000036e+04
9.610000000000000000e+02 1.189695000000000073e+04
9.210000000000000000e+02 1.189800000000000000e+04
8.170000000000000000e+02 1.189900000000000000e+04
1.121000000000000000e+03 1.189989999999999964e+04
1.105000000000000000e+03 1.190135000000000036e+04
9.450000000000000000e+02 1.190175000000000000e+04
1.153000000000000000e+03 1.190189999999999964e+04
9.770000000000000000e+02 1.190475000000000000e+04
8.250000000000000000e+02 1.190589999999999964e+04
1.025000000000000000e+03 1.190820000000000073e+04
8.090000000000000000e+02 1.191285000000000036e+04
9.370000000000000000e+02 1.191425000000000000e+04
8.330000000000000000e+02 1.191460000000000036e+04
8.570000000000000000e+02 1.191889999999999964e+04
1.097000000000000000e+03 1.192239999999999964e+04
9.690000000000000000e+02 1.192345000000000073e+04
1.041000000000000000e+03 1.192395000000000073e+04
8.650000000000000000e+02 1.192770000000000073e+04
1.193000000000000000e+03 1.192814999999999964e+04
9.930000000000000000e+02 1.192905000000000109e+04
1.049000000000000000e+03 1.192920000000000073e+04
9.610000000000000000e+02 1.193510000000000036e+04
8.410000000000000000e+02 1.193714999999999964e+04
1.129000000000000000e+03 1.193725000000000000e+04
1.161000000000000000e+03 1.193745000000000073e+04
9.450000000000000000e+02 1.193914999999999964e+04
1.081000000000000000e+03 1.193975000000000000e+04
8.890000000000000000e+02 1.194025000000000000e+04
8.730000000000000000e+02 1.194089999999999964e+04
9.290000000000000000e+02 1.194120000000000073e+04
1.089000000000000000e+03 1.194489999999999964e+04
1.033000000000000000e+03 1.194514999999999964e+04
8.170000000000000000e+02 1.194525000000000000e+04
1.137000000000000000e+03 1.194614999999999964e+04
9.210000000000000000e+02 1.195014999999999964e+04
9.770000000000000000e+02 1.195580000000000109e+04
1.097000000000000000e+03 1.195655000000000109e+04
1.185000000000000000e+03 1.195760000000000036e+04
1.161000000000000000e+03 1.195785000000000036e+04
1.169000000000000000e+03 1.195795000000000073e+04
8.570000000000000000e+02 1.195810000000000036e+04
1.017000000000000000e+03 1.195855000000000109e+04
1.113000000000000000e+03 1.195920000000000073e+04
9.930000000000000000e+02 1.196189999999999964e+04
9.690000000000000000e+02 1.196325000000000000e+04
1.057000000000000000e+03 1.196375000000000000e+04
1.121000000000000000e+03 1.196720000000000073e+04
1.193000000000000000e+03 1.197255000000000109e+04
1.145000000000000000e+03 1.197310000000000036e+04
9.850000000000000000e+02 1.197335000000000036e+04
9.450000000000000000e+02 1.198064999999999964e+04
8.730000000000000000e+02 1.198160000000000036e+04
9.370000000000000000e+02 1.198185000000000036e+04
1.049000000000000000e+03 1.198205000000000109e+04
9.210000000000000000e+02 1.198745000000000073e+04
9.530000000000000000e+02 1.198839999999999964e+04
8.170000000000000000e+02 1.198900000000000000e+04
1.033000000000000000e+03 1.199100000000000000e+04
1.177000000000000000e+03 1.199100000000000000e+04
9.610000000000000000e+02 1.199150000000000000e+04
1.009000000000000000e+03 1.199195000000000073e+04
8.330000000000000000e+02 1.199470000000000073e+04
9.050000000000000000e+02 1.199570000000000073e+04
1.113000000000000000e+03 1.199625000000000000e+04
8.570000000000000000e+02 1.199639999999999964e+04
9.770000000000000000e+02 1.199650000000000000e+04
1.017000000000000000e+03 1.199725000000000000e+04
8.490000000000000000e+02 1.199795000000000073e+04
8.090000000000000000e+02 1.199895000000000073e+04
1.185000000000000000e+03 1.199960000000000036e+04
8.650000000000000000e+02 1.200305000000000109e+04
1.089000000000000000e+03 1.200650000000000000e+04
1.105000000000000000e+03 1.200670000000000073e+04
1.065000000000000000e+03 1.200920000000000073e+04
9.930000000000000000e+02 1.200995000000000073e+04
1.081000000000000000e+03 1.201139999999999964e+04
1.121000000000000000e+03 1.201355000000000109e+04
1.153000000000000000e+03 1.201550000000000000e+04
9.370000000000000000e+02 1.201810000000000036e+04
1.073000000000000000e+03 1.201825000000000000e+04
9.130000000000000000e+02 1.201950000000000000e+04
1.193000000000000000e+03 1.202000000000000000e+04
8.250000000000000000e+02 1.202010000000000036e+04
1.137000000000000000e+03 1.202120000000000073e+04
1.001000000000000000e+03 1.202625000000000000e+04
1.097000000000000000e+03 1.202645000000000073e+04
1.017000000000000000e+03 1.202814999999999964e+04
1.129000000000000000e+03 1.202814999999999964e+04
9.450000000000000000e+02 1.202825000000000000e+04
1.025000000000000000e+03 1.202845000000000073e+04
9.850000000000000000e+02 1.202945000000000073e+04
1.009000000000000000e+03 1.203085000000000036e+04
1.145000000000000000e+03 1.203210000000000036e+04
8.410000000000000000e+02 1.203425000000000000e+04
8.970000000000000000e+02 1.204010000000000036e+04
1.121000000000000000e+03 1.204005000000000109e+04
9.210000000000000000e+02 1.204039999999999964e+04
9.770000000000000000e+02 1.204160000000000036e+04
9.610000000000000000e+02 1.204410000000000036e+04
8.330000000000000000e+02 1.204545000000000073e+04
9.690000000000000000e+02 1.205235000000000036e+04
1.049000000000000000e+03 1.205425000000000000e+04
1.185000000000000000e+03 1.206075000000000000e+04
1.177000000000000000e+03 1.206105000000000109e+04
1.009000000000000000e+03 1.206170000000000073e+04
9.050000000000000000e+02 1.206214999999999964e+04
8.890000000000000000e+02 1.206355000000000109e+04
1.193000000000000000e+03 1.206450000000000000e+04
1.057000000000000000e+03 1.206785000000000036e+04
1.113000000000000000e+03 1.207300000000000000e+04
1.105000000000000000e+03 1.207425000000000000e+04
8.250000000000000000e+02 1.207435000000000036e+04
1.161000000000000000e+03 1.207435000000000036e+04
8.810000000000000000e+02 1.207645000000000073e+04
1.121000000000000000e+03 1.207855000000000109e+04
9.610000000000000000e+02 1.207945000000000073e+04
9.290000000000000000e+02 1.208025000000000000e+04
8.490000000000000000e+02 1.208370000000000073e+04
9.770000000000000000e+02 1.208410000000000036e+04
9.530000000000000000e+02 1.208520000000000073e+04
1.065000000000000000e+03 1.208560000000000036e+04
1.129000000000000000e+03 1.209025000000000000e+04
9.370000000000000000e+02 1.209045000000000073e+04
1.153000000000000000e+03 1.209105000000000109e+04
8.650000000000000000e+02 1.209195000000000073e+04
1.169000000000000000e+03 1.209200000000000000e+04
8.090000000000000000e+02 1.209725000000000000e+04
8.410000000000000000e+02 1.209800000000000000e+04
1.089000000000000000e+03 1.209945000000000073e+04
1.081000000000000000e+03 1.209955000000000109e+04
9.450000000000000000e+02 1.210105000000000109e+04
1.097000000000000000e+03 1.210260000000000036e+04
8.730000000000000000e+02 1.210275000000000000e+04
1.137000000000000000e+03 1.210375000000000000e+04
9.930000000000000000e+02 1.210575000000000000e+04
1.017000000000000000e+03 1.210705000000000109e+04
1.201000000000000000e+03 1.210730000000000109e+04
1.121000000000000000e+03 1.210835000000000036e+04
8.330000000000000000e+02 1.210930000000000109e+04
1.041000000000000000e+03 1.211295000000000073e+04
9.210000000000000000e+02 1.211455000000000109e+04
1.025000000000000000e+03 1.211470000000000073e+04
1.193000000000000000e+03 1.212110000000000036e+04
9.370000000000000000e+02 1.212139999999999964e+04
1.009000000000000000e+03 1.212170000000000073e+04
8.170000000000000000e+02 1.212330000000000109e+04
9.290000000000000000e+02 1.212410000000000036e+04
8.250000000000000000e+02 1.212645000000000073e+04
1.169000000000000000e+03 1.213030000000000109e+04
1.185000000000000000e+03 1.213300000000000000e+04
9.850000000000000000e+02 1.213435000000000036e+04
1.161000000000000000e+03 1.213845000000000073e+04
1.081000000000000000e+03 1.213900000000000000e+04
9.050000000000000000e+02 1.213935000000000036e+04
8.890000000000000000e+02 1.214500000000000000e+04
1.201000000000000000e+03 1.214925000000000000e+04
1.145000000000000000e+03 1.214995000000000073e+04
8.090000000000000000e+02 1.215010000000000036e+04
9.450000000000000000e+02 1.215035000000000036e+04
1.033000000000000000e+03 1.215105000000000109e+04
1.137000000000000000e+03 1.215130000000000109e+04
1.073000000000000000e+03 1.215270000000000073e+04
1.089000000000000000e+03 1.215539999999999964e+04
1.113000000000000000e+03 1.215610000000000036e+04
1.065000000000000000e+03 1.215760000000000036e+04
1.105000000000000000e+03 1.215839999999999964e+04
1.001000000000000000e+03 1.215864999999999964e+04
1.193000000000000000e+03 1.215870000000000073e+04
9.690000000000000000e+02 1.215885000000000036e+04
1.153000000000000000e+03 1.215910000000000036e+04
1.097000000000000000e+03 1.216035000000000036e+04
8.970000000000000000e+02 1.216239999999999964e+04
9.530000000000000000e+02 1.216495000000000073e+04
8.650000000000000000e+02 1.216535000000000036e+04
8.170000000000000000e+02 1.216620000000000073e+04
1.025000000000000000e+03 1.216720000000000073e+04
1.169000000000000000e+03 1.216770000000000073e+04
8.250000000000000000e+02 1.216835000000000036e+04
8.490000000000000000e+02 1.217470000000000073e+04
9.450000000000000000e+02 1.217570000000000073e+04
9.850000000000000000e+02 1.217580000000000109e+04
1.041000000000000000e+03 1.217745000000000073e+04
1.121000000000000000e+03 1.218055000000000109e+04
9.930000000000000000e+02 1.218139999999999964e+04
8.330000000000000000e+02 1.218170000000000073e+04
9.370000000000000000e+02 1.218180000000000109e+04
1.185000000000000000e+03 1.218270000000000073e+04
8.890000000000000000e+02 1.218655000000000109e+04
1.009000000000000000e+03 1.218789999999999964e+04
9.290000000000000000e+02 1.218880000000000109e+04
1.145000000000000000e+03 1.218885000000000036e+04
1.057000000000000000e+03 1.219110000000000036e+04
1.193000000000000000e+03 1.219539999999999964e+04
1.177000000000000000e+03 1.219570000000000073e+04
8.970000000000000000e+02 1.219639999999999964e+04
1.153000000000000000e+03 1.219785000000000036e+04
9.770000000000000000e+02 1.219850000000000000e+04
8.250000000000000000e+02 1.219985000000000036e+04
1.081000000000000000e+03 1.220000000000000000e+04
9.530000000000000000e+02 1.220014999999999964e+04
8.490000000000000000e+02 1.220489999999999964e+04
8.810000000000000000e+02 1.220575000000000000e+04
8.650000000000000000e+02 1.220595000000000073e+04
8.570000000000000000e+02 1.220645000000000073e+04
1.161000000000000000e+03 1.220689999999999964e+04
9.690000000000000000e+02 1.220970000000000073e+04
9.210000000000000000e+02 1.221160000000000036e+04
9.610000000000000000e+02 1.221355000000000109e+04
8.410000000000000000e+02 1.221375000000000000e+04
1.113000000000000000e+03 1.221375000000000000e+04
1.073000000000000000e+03 1.221410000000000036e+04
9.370000000000000000e+02 1.221500000000000000e+04
1.105000000000000000e+03 1.221639999999999964e+04
9.050000000000000000e+02 1.221770000000000073e+04
1.057000000000000000e+03 1.222000000000000000e+04
1.049000000000000000e+03 1.222100000000000000e+04
1.121000000000000000e+03 1.222145000000000073e+04
1.089000000000000000e+03 1.222420000000000073e+04
1.129000000000000000e+03 1.222589999999999964e+04
9.450000000000000000e+02 1.222614999999999964e+04
1.145000000000000000e+03 1.222705000000000109e+04
1.065000000000000000e+03 1.222735000000000036e+04
8.170000000000000000e+02 1.222745000000000073e+04
9.930000000000000000e+02 1.222860000000000036e+04
9.770000000000000000e+02 1.223160000000000036e+04
1.025000000000000000e+03 1.223239999999999964e+04
1.009000000000000000e+03 1.223264999999999964e+04
9.850000000000000000e+02 1.223314999999999964e+04
1.169000000000000000e+03 1.223645000000000073e+04
9.290000000000000000e+02 1.223730000000000109e+04
1.097000000000000000e+03 1.224020000000000073e+04
1.201000000000000000e+03 1.224214999999999964e+04
1.041000000000000000e+03 1.224445000000000073e+04
8.250000000000000000e+02 1.224514999999999964e+04
8.730000000000000000e+02 1.224520000000000073e+04
1.017000000000000000e+03 1.224680000000000109e+04
8.970000000000000000e+02 1.224750000000000000e+04
9.210000000000000000e+02 1.224770000000000073e+04
1.033000000000000000e+03 1.224770000000000073e+04
1.081000000000000000e+03 1.224775000000000000e+04
9.370000000000000000e+02 1.225014999999999964e+04
1.105000000000000000e+03 1.225095000000000073e+04
9.690000000000000000e+02 1.225250000000000000e+04
8.810000000000000000e+02 1.225280000000000109e+04
1.073000000000000000e+03 1.225330000000000109e+04
1.113000000000000000e+03 1.225514999999999964e+04
1.137000000000000000e+03 1.225610000000000036e+04
1.193000000000000000e+03 1.225610000000000036e+04
1.185000000000000000e+03 1.225739999999999964e+04
9.930000000000000000e+02 1.225870000000000073e+04
8.410000000000000000e+02 1.226225000000000000e+04
9.050000000000000000e+02 1.226464999999999964e+04
9.530000000000000000e+02 1.226505000000000109e+04
1.057000000000000000e+03 1.226685000000000036e+04
1.169000000000000000e+03 1.227330000000000109e+04
1.121000000000000000e+03 1.227525000000000000e+04
9.450000000000000000e+02 1.227895000000000073e+04
8.330000000000000000e+02 1.227920000000000073e+04
9.130000000000000000e+02 1.228139999999999964e+04
1.185000000000000000e+03 1.228139999999999964e+04
1.097000000000000000e+03 1.228364999999999964e+04
1.161000000000000000e+03 1.228610000000000036e+04
1.201000000000000000e+03 1.228814999999999964e+04
1.129000000000000000e+03 1.228885000000000036e+04
1.033000000000000000e+03 1.228975000000000000e+04
9.290000000000000000e+02 1.229030000000000109e+04
1.153000000000000000e+03 1.229089999999999964e+04
8.250000000000000000e+02 1.229105000000000109e+04
1.017000000000000000e+03 1.229200000000000000e+04
1.089000000000000000e+03 1.229220000000000073e+04
8.170000000000000000e+02 1.229230000000000109e+04
1.049000000000000000e+03 1.229300000000000000e+04
1.065000000000000000e+03 1.229300000000000000e+04
9.370000000000000000e+02 1.229639999999999964e+04
8.890000000000000000e+02 1.229945000000000073e+04
8.490000000000000000e+02 1.229964999999999964e+04
9.690000000000000000e+02 1.229970000000000073e+04
1.041000000000000000e+03 1.230005000000000109e+04
1.009000000000000000e+03 1.230050000000000000e+04
8.730000000000000000e+02 1.230075000000000000e+04
9.450000000000000000e+02 1.230170000000000073e+04
8.570000000000000000e+02 1.230555000000000109e+04
8.090000000000000000e+02 1.230750000000000000e+04
9.210000000000000000e+02 1.231014999999999964e+04
1.177000000000000000e+03 1.231289999999999964e+04
1.025000000000000000e+03 1.231425000000000000e+04
1.057000000000000000e+03 1.231455000000000109e+04
1.145000000000000000e+03 1.231460000000000036e+04
8.810000000000000000e+02 1.231545000000000073e+04
1.073000000000000000e+03 1.231945000000000073e+04
1.161000000000000000e+03 1.231955000000000109e+04
1.097000000000000000e+03 1.232105000000000109e+04
8.650000000000000000e+02 1.232164999999999964e+04
1.169000000000000000e+03 1.232535000000000036e+04
9.530000000000000000e+02 1.232830000000000109e+04
8.970000000000000000e+02 1.232960000000000036e+04
1.081000000000000000e+03 1.233100000000000000e+04
1.129000000000000000e+03 1.233130000000000109e+04
9.130000000000000000e+02 1.233355000000000109e+04
1.089000000000000000e+03 1.233400000000000000e+04
1.049000000000000000e+03 1.233545000000000073e+04
1.185000000000000000e+03 1.233570000000000073e+04
9.770000000000000000e+02 1.233645000000000073e+04
1.201000000000000000e+03 1.233995000000000073e+04
8.090000000000000000e+02 1.234070000000000073e+04
1.017000000000000000e+03 1.234105000000000109e+04
9.450000000000000000e+02 1.234120000000000073e+04
1.137000000000000000e+03 1.234125000000000000e+04
9.050000000000000000e+02 1.234145000000000073e+04
1.041000000000000000e+03 1.234160000000000036e+04
1.193000000000000000e+03 1.234575000000000000e+04
9.850000000000000000e+02 1.234720000000000073e+04
9.610000000000000000e+02 1.234810000000000036e+04
8.410000000000000000e+02 1.235110000000000036e+04
1.153000000000000000e+03 1.235445000000000073e+04
8.810000000000000000e+02 1.235510000000000036e+04
1.033000000000000000e+03 1.235625000000000000e+04
8.890000000000000000e+02 1.236000000000000000e+04
1.177000000000000000e+03 1.236070000000000073e+04
8.730000000000000000e+02 1.236255000000000109e+04
8.570000000000000000e+02 1.236264999999999964e+04
1.009000000000000000e+03 1.236455000000000109e+04
1.113000000000000000e+03 1.236905000000000109e+04
9.530000000000000000e+02 1.237135000000000036e+04
9.290000000000000000e+02 1.237170000000000073e+04
9.690000000000000000e+02 1.237300000000000000e+04
8.650000000000000000e+02 1.237335000000000036e+04
1.017000000000000000e+03 1.237525000000000000e+04
9.210000000000000000e+02 1.237625000000000000e+04
9.130000000000000000e+02 1.238050000000000000e+04
9.450000000000000000e+02 1.238064999999999964e+04
1.121000000000000000e+03 1.238164999999999964e+04
8.090000000000000000e+02 1.238189999999999964e+04
1.137000000000000000e+03 1.238305000000000109e+04
8.170000000000000000e+02 1.238325000000000000e+04
1.105000000000000000e+03 1.238339999999999964e+04
9.770000000000000000e+02 1.238510000000000036e+04
1.097000000000000000e+03 1.238600000000000000e+04
1.201000000000000000e+03 1.238655000000000109e+04
1.185000000000000000e+03 1.238750000000000000e+04
9.370000000000000000e+02 1.238880000000000109e+04
1.081000000000000000e+03 1.239150000000000000e+04
8.410000000000000000e+02 1.239189999999999964e+04
1.169000000000000000e+03 1.239185000000000036e+04
1.129000000000000000e+03 1.239370000000000073e+04
9.930000000000000000e+02 1.239650000000000000e+04
1.057000000000000000e+03 1.239745000000000073e+04
1.065000000000000000e+03 1.239830000000000109e+04
8.490000000000000000e+02 1.240064999999999964e+04
9.850000000000000000e+02 1.240235000000000036e+04
1.025000000000000000e+03 1.240380000000000109e+04
9.050000000000000000e+02 1.240400000000000000e+04
1.089000000000000000e+03 1.240630000000000109e+04
9.130000000000000000e+02 1.240670000000000073e+04
1.073000000000000000e+03 1.241330000000000109e+04
1.049000000000000000e+03 1.241385000000000036e+04
8.970000000000000000e+02 1.241464999999999964e+04
1.001000000000000000e+03 1.241770000000000073e+04
1.153000000000000000e+03 1.241789999999999964e+04
1.033000000000000000e+03 1.241825000000000000e+04
9.290000000000000000e+02 1.241870000000000073e+04
1.041000000000000000e+03 1.241945000000000073e+04
1.161000000000000000e+03 1.242014999999999964e+04
9.210000000000000000e+02 1.242039999999999964e+04
9.450000000000000000e+02 1.242075000000000000e+04
1.097000000000000000e+03 1.242075000000000000e+04
9.530000000000000000e+02 1.242185000000000036e+04
9.690000000000000000e+02 1.242255000000000109e+04
8.890000000000000000e+02 1.242364999999999964e+04
8.090000000000000000e+02 1.242700000000000000e+04
8.810000000000000000e+02 1.242814999999999964e+04
1.193000000000000000e+03 1.242945000000000073e+04
1.201000000000000000e+03 1.243080000000000109e+04
1.177000000000000000e+03 1.243114999999999964e+04
8.170000000000000000e+02 1.243425000000000000e+04
1.065000000000000000e+03 1.243460000000000036e+04
1.185000000000000000e+03 1.243470000000000073e+04
8.570000000000000000e+02 1.244545000000000073e+04
8.970000000000000000e+02 1.244550000000000000e+04
1.081000000000000000e+03 1.244545000000000073e+04
9.850000000000000000e+02 1.244585000000000036e+04
9.770000000000000000e+02 1.244939999999999964e+04
1.121000000000000000e+03 1.245075000000000000e+04
9.050000000000000000e+02 1.245114999999999964e+04
1.089000000000000000e+03 1.245630000000000109e+04
1.033000000000000000e+03 1.245920000000000073e+04
1.009000000000000000e+03 1.245945000000000073e+04
9.450000000000000000e+02 1.246005000000000109e+04
9.130000000000000000e+02 1.246020000000000073e+04
1.193000000000000000e+03 1.246055000000000109e+04
1.041000000000000000e+03 1.246095000000000073e+04
9.610000000000000000e+02 1.246120000000000073e+04
9.210000000000000000e+02 1.246685000000000036e+04
9.690000000000000000e+02 1.246685000000000036e+04
9.850000000000000000e+02 1.246785000000000036e+04
9.930000000000000000e+02 1.246870000000000073e+04
1.137000000000000000e+03 1.247039999999999964e+04
8.490000000000000000e+02 1.247250000000000000e+04
8.330000000000000000e+02 1.247400000000000000e+04
9.370000000000000000e+02 1.247489999999999964e+04
9.530000000000000000e+02 1.247755000000000109e+04
8.730000000000000000e+02 1.247875000000000000e+04
8.890000000000000000e+02 1.248095000000000073e+04
8.410000000000000000e+02 1.248255000000000109e+04
1.057000000000000000e+03 1.248614999999999964e+04
1.049000000000000000e+03 1.248730000000000109e+04
1.097000000000000000e+03 1.248910000000000036e+04
1.129000000000000000e+03 1.248955000000000109e+04
9.290000000000000000e+02 1.249025000000000000e+04
1.033000000000000000e+03 1.249050000000000000e+04
1.201000000000000000e+03 1.249100000000000000e+04
1.153000000000000000e+03 1.249280000000000109e+04
1.073000000000000000e+03 1.249439999999999964e+04
8.810000000000000000e+02 1.249464999999999964e+04
9.450000000000000000e+02 1.249495000000000073e+04
1.041000000000000000e+03 1.249755000000000109e+04
9.770000000000000000e+02 1.249880000000000109e+04
1.089000000000000000e+03 1.250205000000000109e+04
1.169000000000000000e+03 1.250289999999999964e+04
8.650000000000000000e+02 1.250314999999999964e+04
1.001000000000000000e+03 1.250389999999999964e+04
1.193000000000000000e+03 1.250510000000000036e+04
8.730000000000000000e+02 1.250950000000000000e+04
1.145000000000000000e+03 1.250945000000000073e+04
8.250000000000000000e+02 1.251550000000000000e+04
9.530000000000000000e+02 1.251589999999999964e+04
1.113000000000000000e+03 1.251625000000000000e+04
9.130000000000000000e+02 1.251914999999999964e+04
1.201000000000000000e+03 1.252075000000000000e+04
9.050000000000000000e+02 1.252189999999999964e+04
9.610000000000000000e+02 1.252500000000000000e+04
1.025000000000000000e+03 1.252505000000000109e+04
9.210000000000000000e+02 1.252789999999999964e+04
1.065000000000000000e+03 1.252885000000000036e+04
1.121000000000000000e+03 1.252905000000000109e+04
1.129000000000000000e+03 1.252920000000000073e+04
9.850000000000000000e+02 1.253010000000000036e+04
1.081000000000000000e+03 1.253010000000000036e+04
1.177000000000000000e+03 1.253070000000000073e+04
8.490000000000000000e+02 1.253130000000000109e+04
1.049000000000000000e+03 1.253464999999999964e+04
1.089000000000000000e+03 1.253545000000000073e+04
1.057000000000000000e+03 1.253580000000000109e+04
9.450000000000000000e+02 1.253630000000000109e+04
1.097000000000000000e+03 1.253639999999999964e+04
1.033000000000000000e+03 1.253730000000000109e+04
1.137000000000000000e+03 1.253814999999999964e+04
1.185000000000000000e+03 1.253830000000000109e+04
9.290000000000000000e+02 1.253935000000000036e+04
9.690000000000000000e+02 1.254110000000000036e+04
1.041000000000000000e+03 1.254245000000000073e+04
8.890000000000000000e+02 1.254414999999999964e+04
1.193000000000000000e+03 1.254460000000000036e+04
8.810000000000000000e+02 1.254780000000000109e+04
1.001000000000000000e+03 1.255205000000000109e+04
1.113000000000000000e+03 1.255300000000000000e+04
9.770000000000000000e+02 1.255410000000000036e+04
8.570000000000000000e+02 1.255445000000000073e+04
8.330000000000000000e+02 1.255455000000000109e+04
8.170000000000000000e+02 1.255514999999999964e+04
1.073000000000000000e+03 1.255545000000000073e+04
1.201000000000000000e+03 1.255705000000000109e+04
8.650000000000000000e+02 1.255730000000000109e+04
8.970000000000000000e+02 1.255900000000000000e+04
1.145000000000000000e+03 1.255955000000000109e+04
1.017000000000000000e+03 1.256105000000000109e+04
1.049000000000000000e+03 1.256710000000000036e+04
9.370000000000000000e+02 1.256760000000000036e+04
1.105000000000000000e+03 1.256820000000000073e+04
1.161000000000000000e+03 1.256900000000000000e+04
9.850000000000000000e+02 1.256989999999999964e+04
8.090000000000000000e+02 1.257310000000000036e+04
1.169000000000000000e+03 1.257480000000000109e+04
9.450000000000000000e+02 1.257535000000000036e+04
1.121000000000000000e+03 1.257589999999999964e+04
1.065000000000000000e+03 1.257625000000000000e+04
8.730000000000000000e+02 1.257639999999999964e+04
1.009000000000000000e+03 1.258180000000000109e+04
9.290000000000000000e+02 1.258275000000000000e+04
8.250000000000000000e+02 1.258289999999999964e+04
1.097000000000000000e+03 1.258320000000000073e+04
1.113000000000000000e+03 1.258385000000000036e+04
1.041000000000000000e+03 1.258425000000000000e+04
9.690000000000000000e+02 1.258435000000000036e+04
1.025000000000000000e+03 1.259220000000000073e+04
9.050000000000000000e+02 1.259370000000000073e+04
8.810000000000000000e+02 1.259620000000000073e+04
8.330000000000000000e+02 1.260210000000000036e+04
1.073000000000000000e+03 1.260280000000000109e+04
1.169000000000000000e+03 1.260275000000000000e+04
8.570000000000000000e+02 1.260375000000000000e+04
1.089000000000000000e+03 1.260375000000000000e+04
9.210000000000000000e+02 1.260675000000000000e+04
1.177000000000000000e+03 1.260685000000000036e+04
9.450000000000000000e+02 1.260745000000000073e+04
1.057000000000000000e+03 1.260864999999999964e+04
9.130000000000000000e+02 1.260885000000000036e+04
8.090000000000000000e+02 1.260895000000000073e+04
8.410000000000000000e+02 1.261035000000000036e+04
8.650000000000000000e+02 1.261364999999999964e+04
1.201000000000000000e+03 1.261480000000000109e+04
9.290000000000000000e+02 1.261580000000000109e+04
9.370000000000000000e+02 1.261580000000000109e+04
9.610000000000000000e+02 1.261600000000000000e+04
1.185000000000000000e+03 1.262170000000000073e+04
1.081000000000000000e+03 1.262175000000000000e+04
8.250000000000000000e+02 1.262225000000000000e+04
1.065000000000000000e+03 1.262264999999999964e+04
1.033000000000000000e+03 1.262300000000000000e+04
1.049000000000000000e+03 1.262330000000000109e+04
1.121000000000000000e+03 1.262564999999999964e+04
1.041000000000000000e+03 1.262650000000000000e+04
1.009000000000000000e+03 1.262710000000000036e+04
8.970000000000000000e+02 1.262960000000000036e+04
1.193000000000000000e+03 1.262995000000000073e+04
1.161000000000000000e+03 1.263030000000000109e+04
8.810000000000000000e+02 1.263364999999999964e+04
9.690000000000000000e+02 1.263370000000000073e+04
8.490000000000000000e+02 1.263395000000000073e+04
9.530000000000000000e+02 1.263410000000000036e+04
1.089000000000000000e+03 1.263410000000000036e+04
1.129000000000000000e+03 1.263489999999999964e+04
9.770000000000000000e+02 1.263500000000000000e+04
1.017000000000000000e+03 1.263550000000000000e+04
9.210000000000000000e+02 1.263689999999999964e+04
9.130000000000000000e+02 1.263745000000000073e+04
1.169000000000000000e+03 1.264089999999999964e+04
9.930000000000000000e+02 1.264210000000000036e+04
9.370000000000000000e+02 1.264760000000000036e+04
9.850000000000000000e+02 1.264830000000000109e+04
1.073000000000000000e+03 1.265160000000000036e+04
9.290000000000000000e+02 1.265320000000000073e+04
1.001000000000000000e+03 1.265325000000000000e+04
8.890000000000000000e+02 1.265360000000000036e+04
9.450000000000000000e+02 1.265425000000000000e+04
8.570000000000000000e+02 1.265464999999999964e+04
1.105000000000000000e+03 1.265575000000000000e+04
1.185000000000000000e+03 1.265610000000000036e+04
1.041000000000000000e+03 1.265864999999999964e+04
8.730000000000000000e+02 1.265989999999999964e+04
9.930000000000000000e+02 1.266025000000000000e+04
1.033000000000000000e+03 1.266125000000000000e+04
9.610000000000000000e+02 1.266139999999999964e+04
1.025000000000000000e+03 1.266745000000000073e+04
8.810000000000000000e+02 1.266870000000000073e+04
8.970000000000000000e+02 1.266880000000000109e+04
1.201000000000000000e+03 1.266875000000000000e+04
8.410000000000000000e+02 1.267305000000000109e+04
1.049000000000000000e+03 1.267420000000000073e+04
9.370000000000000000e+02 1.267450000000000000e+04
1.097000000000000000e+03 1.267485000000000036e+04
1.137000000000000000e+03 1.267495000000000073e+04
1.009000000000000000e+03 1.267955000000000109e+04
1.081000000000000000e+03 1.268030000000000109e+04
9.210000000000000000e+02 1.268075000000000000e+04
1.089000000000000000e+03 1.268189999999999964e+04
1.177000000000000000e+03 1.268255000000000109e+04
9.290000000000000000e+02 1.268275000000000000e+04
1.121000000000000000e+03 1.268275000000000000e+04
8.570000000000000000e+02 1.268325000000000000e+04
9.050000000000000000e+02 1.268380000000000109e+04
1.065000000000000000e+03 1.268564999999999964e+04
1.185000000000000000e+03 1.269155000000000109e+04
8.170000000000000000e+02 1.269350000000000000e+04
1.025000000000000000e+03 1.269595000000000073e+04
9.690000000000000000e+02 1.269685000000000036e+04
9.530000000000000000e+02 1.269920000000000073e+04
1.001000000000000000e+03 1.270020000000000073e+04
1.169000000000000000e+03 1.270235000000000036e+04
1.193000000000000000e+03 1.270289999999999964e+04
1.073000000000000000e+03 1.270314999999999964e+04
1.041000000000000000e+03 1.270605000000000109e+04
1.017000000000000000e+03 1.271039999999999964e+04
8.810000000000000000e+02 1.271210000000000036e+04
8.490000000000000000e+02 1.271555000000000109e+04
9.610000000000000000e+02 1.271560000000000036e+04
9.210000000000000000e+02 1.271614999999999964e+04
1.177000000000000000e+03 1.271675000000000000e+04
1.049000000000000000e+03 1.271689999999999964e+04
8.570000000000000000e+02 1.271695000000000073e+04
1.033000000000000000e+03 1.271705000000000109e+04
1.121000000000000000e+03 1.271814999999999964e+04
8.330000000000000000e+02 1.271845000000000073e+04
9.450000000000000000e+02 1.271900000000000000e+04
1.201000000000000000e+03 1.272210000000000036e+04
1.097000000000000000e+03 1.272220000000000073e+04
1.057000000000000000e+03 1.272385000000000036e+04
1.089000000000000000e+03 1.272510000000000036e+04
9.370000000000000000e+02 1.272614999999999964e+04
9.050000000000000000e+02 1.272639999999999964e+04
1.009000000000000000e+03 1.272685000000000036e+04
9.930000000000000000e+02 1.273600000000000000e+04
1.145000000000000000e+03 1.273664999999999964e+04
1.113000000000000000e+03 1.273810000000000036e+04
9.770000000000000000e+02 1.274139999999999964e+04
1.033000000000000000e+03 1.274180000000000109e+04
8.410000000000000000e+02 1.274210000000000036e+04
1.121000000000000000e+03 1.274525000000000000e+04
9.290000000000000000e+02 1.274560000000000036e+04
1.073000000000000000e+03 1.274855000000000109e+04
9.210000000000000000e+02 1.274880000000000109e+04
9.530000000000000000e+02 1.274914999999999964e+04
8.090000000000000000e+02 1.275030000000000109e+04
1.105000000000000000e+03 1.275030000000000109e+04
8.170000000000000000e+02 1.275039999999999964e+04
1.193000000000000000e+03 1.275080000000000109e+04
9.690000000000000000e+02 1.275355000000000109e+04
9.450000000000000000e+02 1.275364999999999964e+04
8.570000000000000000e+02 1.275430000000000109e+04
1.041000000000000000e+03 1.275610000000000036e+04
1.017000000000000000e+03 1.275650000000000000e+04
8.730000000000000000e+02 1.275800000000000000e+04
1.185000000000000000e+03 1.276030000000000109e+04
1.201000000000000000e+03 1.276070000000000073e+04
1.025000000000000000e+03 1.276150000000000000e+04
9.610000000000000000e+02 1.276214999999999964e+04
8.810000000000000000e+02 1.276285000000000036e+04
1.097000000000000000e+03 1.276700000000000000e+04
1.089000000000000000e+03 1.276780000000000109e+04
9.050000000000000000e+02 1.276885000000000036e+04
9.130000000000000000e+02 1.276914999999999964e+04
1.129000000000000000e+03 1.276950000000000000e+04
8.890000000000000000e+02 1.276970000000000073e+04
8.650000000000000000e+02 1.277339999999999964e+04
8.250000000000000000e+02 1.277610000000000036e+04
9.850000000000000000e+02 1.277705000000000109e+04
1.161000000000000000e+03 1.277739999999999964e+04
1.153000000000000000e+03 1.277755000000000109e+04
9.370000000000000000e+02 1.277825000000000000e+04
1.033000000000000000e+03 1.278139999999999964e+04
8.570000000000000000e+02 1.278220000000000073e+04
1.121000000000000000e+03 1.278245000000000073e+04
8.330000000000000000e+02 1.278885000000000036e+04
9.930000000000000000e+02 1.278895000000000073e+04
9.770000000000000000e+02 1.278910000000000036e+04
1.081000000000000000e+03 1.279114999999999964e+04
1.201000000000000000e+03 1.279370000000000073e+04
1.177000000000000000e+03 1.279385000000000036e+04
8.730000000000000000e+02 1.279450000000000000e+04
8.810000000000000000e+02 1.279450000000000000e+04
9.210000000000000000e+02 1.279645000000000073e+04
9.290000000000000000e+02 1.279645000000000073e+04
8.410000000000000000e+02 1.279825000000000000e+04
9.530000000000000000e+02 1.280075000000000000e+04
1.057000000000000000e+03 1.280239999999999964e+04
1.129000000000000000e+03 1.280275000000000000e+04
9.370000000000000000e+02 1.280360000000000036e+04
1.113000000000000000e+03 1.280805000000000109e+04
1.049000000000000000e+03 1.280830000000000109e+04
1.105000000000000000e+03 1.280925000000000000e+04
8.090000000000000000e+02 1.280935000000000036e+04
9.850000000000000000e+02 1.280950000000000000e+04
1.161000000000000000e+03 1.280964999999999964e+04
1.033000000000000000e+03 1.281525000000000000e+04
1.121000000000000000e+03 1.281545000000000073e+04
8.490000000000000000e+02 1.281720000000000073e+04
9.450000000000000000e+02 1.281745000000000073e+04
1.137000000000000000e+03 1.281780000000000109e+04
1.097000000000000000e+03 1.281864999999999964e+04
8.650000000000000000e+02 1.282205000000000109e+04
1.193000000000000000e+03 1.282395000000000073e+04
1.169000000000000000e+03 1.282455000000000109e+04
1.025000000000000000e+03 1.282500000000000000e+04
9.930000000000000000e+02 1.282520000000000073e+04
9.130000000000000000e+02 1.282664999999999964e+04
9.210000000000000000e+02 1.282675000000000000e+04
1.065000000000000000e+03 1.282780000000000109e+04
8.330000000000000000e+02 1.283089999999999964e+04
9.050000000000000000e+02 1.283180000000000109e+04
1.041000000000000000e+03 1.283360000000000036e+04
1.201000000000000000e+03 1.283360000000000036e+04
9.370000000000000000e+02 1.283375000000000000e+04
9.610000000000000000e+02 1.283545000000000073e+04
8.410000000000000000e+02 1.283639999999999964e+04
8.730000000000000000e+02 1.283885000000000036e+04
9.850000000000000000e+02 1.284375000000000000e+04
1.073000000000000000e+03 1.284445000000000073e+04
1.113000000000000000e+03 1.284785000000000036e+04
9.130000000000000000e+02 1.285114999999999964e+04
8.490000000000000000e+02 1.285150000000000000e+04
1.161000000000000000e+03 1.285220000000000073e+04
8.970000000000000000e+02 1.285250000000000000e+04
9.770000000000000000e+02 1.285270000000000073e+04
9.690000000000000000e+02 1.285295000000000073e+04
8.810000000000000000e+02 1.285525000000000000e+04
8.890000000000000000e+02 1.285555000000000109e+04
1.177000000000000000e+03 1.285655000000000109e+04
1.049000000000000000e+03 1.285764999999999964e+04
1.193000000000000000e+03 1.285789999999999964e+04
8.090000000000000000e+02 1.285795000000000073e+04
1.089000000000000000e+03 1.286020000000000073e+04
1.001000000000000000e+03 1.286575000000000000e+04
9.450000000000000000e+02 1.286689999999999964e+04
9.210000000000000000e+02 1.286700000000000000e+04
1.033000000000000000e+03 1.286714999999999964e+04
1.105000000000000000e+03 1.286795000000000073e+04
1.057000000000000000e+03 1.287275000000000000e+04
1.129000000000000000e+03 1.287425000000000000e+04
1.041000000000000000e+03 1.287720000000000073e+04
1.201000000000000000e+03 1.287764999999999964e+04
1.121000000000000000e+03 1.287860000000000036e+04
8.570000000000000000e+02 1.287960000000000036e+04
1.177000000000000000e+03 1.287955000000000109e+04
8.170000000000000000e+02 1.288089999999999964e+04
1.009000000000000000e+03 1.288085000000000036e+04
1.153000000000000000e+03 1.288485000000000036e+04
9.050000000000000000e+02 1.288505000000000109e+04
1.097000000000000000e+03 1.288530000000000109e+04
9.850000000000000000e+02 1.288645000000000073e+04
1.017000000000000000e+03 1.288660000000000036e+04
9.530000000000000000e+02 1.288805000000000109e+04
8.490000000000000000e+02 1.288814999999999964e+04
1.193000000000000000e+03 1.288825000000000000e+04
9.210000000000000000e+02 1.288900000000000000e+04
1.081000000000000000e+03 1.289025000000000000e+04
8.410000000000000000e+02 1.289155000000000109e+04
8.090000000000000000e+02 1.289405000000000109e+04
9.290000000000000000e+02 1.289425000000000000e+04
8.330000000000000000e+02 1.289435000000000036e+04
1.065000000000000000e+03 1.289555000000000109e+04
8.650000000000000000e+02 1.289564999999999964e+04
1.025000000000000000e+03 1.289695000000000073e+04
1.161000000000000000e+03 1.290310000000000036e+04
1.089000000000000000e+03 1.290689999999999964e+04
9.450000000000000000e+02 1.290705000000000109e+04
1.033000000000000000e+03 1.290935000000000036e+04
1.073000000000000000e+03 1.290980000000000109e+04
1.041000000000000000e+03 1.291170000000000073e+04
8.970000000000000000e+02 1.291364999999999964e+04
8.890000000000000000e+02 1.291589999999999964e+04
8.170000000000000000e+02 1.291630000000000109e+04
9.050000000000000000e+02 1.291750000000000000e+04
1.057000000000000000e+03 1.292155000000000109e+04
1.001000000000000000e+03 1.292225000000000000e+04
9.210000000000000000e+02 1.292300000000000000e+04
9.770000000000000000e+02 1.292320000000000073e+04
1.105000000000000000e+03 1.292405000000000109e+04
1.097000000000000000e+03 1.292535000000000036e+04
9.690000000000000000e+02 1.292575000000000000e+04
1.129000000000000000e+03 1.292639999999999964e+04
9.370000000000000000e+02 1.293105000000000109e+04
1.049000000000000000e+03 1.293155000000000109e+04
9.610000000000000000e+02 1.293420000000000073e+04
1.145000000000000000e+03 1.293564999999999964e+04
9.290000000000000000e+02 1.293605000000000109e+04
1.089000000000000000e+03 1.293685000000000036e+04
8.330000000000000000e+02 1.294289999999999964e+04
9.930000000000000000e+02 1.294295000000000073e+04
8.730000000000000000e+02 1.294380000000000109e+04
1.201000000000000000e+03 1.294405000000000109e+04
9.450000000000000000e+02 1.294430000000000109e+04
1.073000000000000000e+03 1.294435000000000036e+04
1.169000000000000000e+03 1.294495000000000073e+04
1.185000000000000000e+03 1.294714999999999964e+04
1.121000000000000000e+03 1.295055000000000109e+04
8.250000000000000000e+02 1.295220000000000073e+04
8.650000000000000000e+02 1.295225000000000000e+04
9.210000000000000000e+02 1.295230000000000109e+04
8.490000000000000000e+02 1.295255000000000109e+04
8.170000000000000000e+02 1.295295000000000073e+04
1.193000000000000000e+03 1.295360000000000036e+04
1.081000000000000000e+03 1.295389999999999964e+04
8.970000000000000000e+02 1.295614999999999964e+04
1.001000000000000000e+03 1.295825000000000000e+04
1.177000000000000000e+03 1.296020000000000073e+04
9.610000000000000000e+02 1.296245000000000073e+04
9.850000000000000000e+02 1.296260000000000036e+04
9.690000000000000000e+02 1.296295000000000073e+04
1.009000000000000000e+03 1.296300000000000000e+04
1.033000000000000000e+03 1.296364999999999964e+04
1.129000000000000000e+03 1.296850000000000000e+04
8.410000000000000000e+02 1.297039999999999964e+04
1.025000000000000000e+03 1.297039999999999964e+04
8.570000000000000000e+02 1.297135000000000036e+04
1.089000000000000000e+03 1.297730000000000109e+04
9.530000000000000000e+02 1.297739999999999964e+04
8.810000000000000000e+02 1.297895000000000073e+04
9.450000000000000000e+02 1.297895000000000073e+04
9.290000000000000000e+02 1.298235000000000036e+04
9.050000000000000000e+02 1.298320000000000073e+04
8.330000000000000000e+02 1.298325000000000000e+04
1.169000000000000000e+03 1.298360000000000036e+04
1.137000000000000000e+03 1.298370000000000073e+04
1.049000000000000000e+03 1.298514999999999964e+04
8.090000000000000000e+02 1.298550000000000000e+04
1.041000000000000000e+03 1.298620000000000073e+04
1.121000000000000000e+03 1.298635000000000036e+04
9.370000000000000000e+02 1.298645000000000073e+04
1.153000000000000000e+03 1.298680000000000109e+04
1.145000000000000000e+03 1.298885000000000036e+04
1.193000000000000000e+03 1.299180000000000109e+04
8.170000000000000000e+02 1.299695000000000073e+04
9.210000000000000000e+02 1.299730000000000109e+04
1.105000000000000000e+03 1.299835000000000036e+04
8.490000000000000000e+02 1.299855000000000109e+04
8.890000000000000000e+02 1.299975000000000000e+04
9.610000000000000000e+02 1.300020000000000073e+04
8.410000000000000000e+02 1.300300000000000000e+04
1.097000000000000000e+03 1.300439999999999964e+04
1.177000000000000000e+03 1.300575000000000000e+04
1.017000000000000000e+03 1.300635000000000036e+04
8.570000000000000000e+02 1.300710000000000036e+04
9.690000000000000000e+02 1.301089999999999964e+04
1.033000000000000000e+03 1.301170000000000073e+04
8.650000000000000000e+02 1.301255000000000109e+04
1.201000000000000000e+03 1.301264999999999964e+04
1.001000000000000000e+03 1.301275000000000000e+04
1.161000000000000000e+03 1.301395000000000073e+04
9.930000000000000000e+02 1.301745000000000073e+04
1.057000000000000000e+03 1.301975000000000000e+04
1.049000000000000000e+03 1.302495000000000073e+04
1.073000000000000000e+03 1.302589999999999964e+04
1.145000000000000000e+03 1.302639999999999964e+04
9.210000000000000000e+02 1.302655000000000109e+04
9.450000000000000000e+02 1.302714999999999964e+04
1.121000000000000000e+03 1.303035000000000036e+04
1.089000000000000000e+03 1.303305000000000109e+04
9.050000000000000000e+02 1.303330000000000109e+04
1.169000000000000000e+03 1.303489999999999964e+04
8.250000000000000000e+02 1.303625000000000000e+04
8.810000000000000000e+02 1.303650000000000000e+04
8.970000000000000000e+02 1.303685000000000036e+04
9.370000000000000000e+02 1.303750000000000000e+04
9.530000000000000000e+02 1.303745000000000073e+04
1.033000000000000000e+03 1.304139999999999964e+04
8.890000000000000000e+02 1.304220000000000073e+04
1.113000000000000000e+03 1.304735000000000036e+04
1.137000000000000000e+03 1.304755000000000109e+04
8.730000000000000000e+02 1.304820000000000073e+04
1.081000000000000000e+03 1.304825000000000000e+04
9.770000000000000000e+02 1.304835000000000036e+04
1.177000000000000000e+03 1.305010000000000036e+04
8.170000000000000000e+02 1.305310000000000036e+04
9.610000000000000000e+02 1.305564999999999964e+04
9.450000000000000000e+02 1.305600000000000000e+04
1.129000000000000000e+03 1.305720000000000073e+04
1.121000000000000000e+03 1.306005000000000109e+04
1.193000000000000000e+03 1.306050000000000000e+04
8.090000000000000000e+02 1.306205000000000109e+04
8.570000000000000000e+02 1.306225000000000000e+04
9.690000000000000000e+02 1.306225000000000000e+04
9.050000000000000000e+02 1.306285000000000036e+04
8.970000000000000000e+02 1.306295000000000073e+04
9.850000000000000000e+02 1.306295000000000073e+04
1.105000000000000000e+03 1.306335000000000036e+04
1.041000000000000000e+03 1.306360000000000036e+04
1.185000000000000000e+03 1.306570000000000073e+04
1.073000000000000000e+03 1.306814999999999964e+04
1.201000000000000000e+03 1.307095000000000073e+04
9.210000000000000000e+02 1.307535000000000036e+04
8.410000000000000000e+02 1.307575000000000000e+04
9.930000000000000000e+02 1.307900000000000000e+04
1.089000000000000000e+03 1.308085000000000036e+04
8.170000000000000000e+02 1.308120000000000073e+04
1.049000000000000000e+03 1.308275000000000000e+04
1.161000000000000000e+03 1.308550000000000000e+04
9.290000000000000000e+02 1.308650000000000000e+04
1.153000000000000000e+03 1.308750000000000000e+04
8.810000000000000000e+02 1.308825000000000000e+04
1.025000000000000000e+03 1.308830000000000109e+04
9.530000000000000000e+02 1.308864999999999964e+04
1.065000000000000000e+03 1.309260000000000036e+04
1.121000000000000000e+03 1.309545000000000073e+04
1.097000000000000000e+03 1.309650000000000000e+04
1.001000000000000000e+03 1.309705000000000109e+04
1.033000000000000000e+03 1.309714999999999964e+04
8.330000000000000000e+02 1.310005000000000109e+04
1.145000000000000000e+03 1.310020000000000073e+04
8.970000000000000000e+02 1.310125000000000000e+04
8.650000000000000000e+02 1.310314999999999964e+04
9.930000000000000000e+02 1.310314999999999964e+04
9.450000000000000000e+02 1.310350000000000000e+04
1.129000000000000000e+03 1.310350000000000000e+04
1.169000000000000000e+03 1.310389999999999964e+04
1.081000000000000000e+03 1.310395000000000073e+04
1.113000000000000000e+03 1.310395000000000073e+04
9.050000000000000000e+02 1.310539999999999964e+04
9.370000000000000000e+02 1.310695000000000073e+04
8.490000000000000000e+02 1.310960000000000036e+04
8.570000000000000000e+02 1.311014999999999964e+04
9.850000000000000000e+02 1.311214999999999964e+04
1.041000000000000000e+03 1.311364999999999964e+04
8.410000000000000000e+02 1.311489999999999964e+04
9.610000000000000000e+02 1.311545000000000073e+04
1.017000000000000000e+03 1.311670000000000073e+04
1.025000000000000000e+03 1.311925000000000000e+04
8.810000000000000000e+02 1.312010000000000036e+04
8.890000000000000000e+02 1.312070000000000073e+04
1.057000000000000000e+03 1.312155000000000109e+04
9.530000000000000000e+02 1.312180000000000109e+04
1.121000000000000000e+03 1.312720000000000073e+04
1.089000000000000000e+03 1.312745000000000073e+04
8.090000000000000000e+02 1.312820000000000073e+04
1.105000000000000000e+03 1.312895000000000073e+04
9.210000000000000000e+02 1.313164999999999964e+04
1.073000000000000000e+03 1.313410000000000036e+04
8.170000000000000000e+02 1.313425000000000000e+04
9.290000000000000000e+02 1.313435000000000036e+04
9.130000000000000000e+02 1.313714999999999964e+04
8.730000000000000000e+02 1.313775000000000000e+04
9.850000000000000000e+02 1.313800000000000000e+04
9.050000000000000000e+02 1.313810000000000036e+04
1.113000000000000000e+03 1.313820000000000073e+04
1.049000000000000000e+03 1.314564999999999964e+04
1.097000000000000000e+03 1.314960000000000036e+04
1.161000000000000000e+03 1.314970000000000073e+04
1.145000000000000000e+03 1.315225000000000000e+04
1.033000000000000000e+03 1.315310000000000036e+04
9.370000000000000000e+02 1.315545000000000073e+04
9.450000000000000000e+02 1.315670000000000073e+04
1.169000000000000000e+03 1.315685000000000036e+04
8.890000000000000000e+02 1.315845000000000073e+04
1.201000000000000000e+03 1.316314999999999964e+04
1.009000000000000000e+03 1.316355000000000109e+04
1.193000000000000000e+03 1.316400000000000000e+04
8.810000000000000000e+02 1.316430000000000109e+04
9.610000000000000000e+02 1.316435000000000036e+04
1.129000000000000000e+03 1.316445000000000073e+04
8.970000000000000000e+02 1.316500000000000000e+04
8.170000000000000000e+02 1.316805000000000109e+04
1.185000000000000000e+03 1.316960000000000036e+04
8.570000000000000000e+02 1.317245000000000073e+04
9.690000000000000000e+02 1.317285000000000036e+04
9.530000000000000000e+02 1.317325000000000000e+04
1.065000000000000000e+03 1.317339999999999964e+04
1.153000000000000000e+03 1.317360000000000036e+04
1.121000000000000000e+03 1.317375000000000000e+04
9.450000000000000000e+02 1.317989999999999964e+04
1.025000000000000000e+03 1.318010000000000036e+04
8.330000000000000000e+02 1.318150000000000000e+04
9.210000000000000000e+02 1.318220000000000073e+04
9.930000000000000000e+02 1.318405000000000109e+04
1.049000000000000000e+03 1.318664999999999964e+04
9.850000000000000000e+02 1.318855000000000109e+04
1.113000000000000000e+03 1.319064999999999964e+04
8.090000000000000000e+02 1.319164999999999964e+04
1.129000000000000000e+03 1.319205000000000109e+04
8.890000000000000000e+02 1.320000000000000000e+04
1.105000000000000000e+03 1.319995000000000073e+04
9.770000000000000000e+02 1.320210000000000036e+04
1.169000000000000000e+03 1.320220000000000073e+04
8.970000000000000000e+02 1.320289999999999964e+04
1.145000000000000000e+03 1.320370000000000073e+04
1.033000000000000000e+03 1.320395000000000073e+04
9.290000000000000000e+02 1.320695000000000073e+04
1.177000000000000000e+03 1.320735000000000036e+04
8.570000000000000000e+02 1.320850000000000000e+04
8.730000000000000000e+02 1.320900000000000000e+04
1.121000000000000000e+03 1.320910000000000036e+04
8.810000000000000000e+02 1.320939999999999964e+04
1.041000000000000000e+03 1.320950000000000000e+04
9.130000000000000000e+02 1.320980000000000109e+04
1.049000000000000000e+03 1.321435000000000036e+04
1.097000000000000000e+03 1.321855000000000109e+04
8.330000000000000000e+02 1.322005000000000109e+04
1.201000000000000000e+03 1.322135000000000036e+04
1.081000000000000000e+03 1.322255000000000109e+04
9.050000000000000000e+02 1.322400000000000000e+04
1.089000000000000000e+03 1.322475000000000000e+04
9.690000000000000000e+02 1.322525000000000000e+04
9.450000000000000000e+02 1.322564999999999964e+04
1.057000000000000000e+03 1.322630000000000109e+04
9.370000000000000000e+02 1.322685000000000036e+04
1.161000000000000000e+03 1.322964999999999964e+04
1.025000000000000000e+03 1.323020000000000073e+04
8.170000000000000000e+02 1.323155000000000109e+04
1.073000000000000000e+03 1.323360000000000036e+04
9.290000000000000000e+02 1.323410000000000036e+04
9.530000000000000000e+02 1.323480000000000109e+04
1.129000000000000000e+03 1.323535000000000036e+04
8.650000000000000000e+02 1.323630000000000109e+04
9.610000000000000000e+02 1.323775000000000000e+04
1.105000000000000000e+03 1.323914999999999964e+04
1.121000000000000000e+03 1.323925000000000000e+04
8.090000000000000000e+02 1.323980000000000109e+04
1.193000000000000000e+03 1.323989999999999964e+04
1.113000000000000000e+03 1.324025000000000000e+04
1.153000000000000000e+03 1.324025000000000000e+04
8.490000000000000000e+02 1.324085000000000036e+04
1.001000000000000000e+03 1.324114999999999964e+04
9.770000000000000000e+02 1.324875000000000000e+04
1.009000000000000000e+03 1.324914999999999964e+04
1.041000000000000000e+03 1.325039999999999964e+04
8.970000000000000000e+02 1.325335000000000036e+04
1.017000000000000000e+03 1.325464999999999964e+04
8.890000000000000000e+02 1.325580000000000109e+04
1.033000000000000000e+03 1.325825000000000000e+04
9.530000000000000000e+02 1.326189999999999964e+04
8.250000000000000000e+02 1.326239999999999964e+04
9.130000000000000000e+02 1.326239999999999964e+04
8.730000000000000000e+02 1.326275000000000000e+04
9.370000000000000000e+02 1.326280000000000109e+04
1.201000000000000000e+03 1.326395000000000073e+04
1.097000000000000000e+03 1.326420000000000073e+04
1.169000000000000000e+03 1.326460000000000036e+04
9.050000000000000000e+02 1.326720000000000073e+04
1.121000000000000000e+03 1.326805000000000109e+04
8.570000000000000000e+02 1.326850000000000000e+04
1.049000000000000000e+03 1.326925000000000000e+04
8.810000000000000000e+02 1.326989999999999964e+04
1.185000000000000000e+03 1.327089999999999964e+04
9.210000000000000000e+02 1.327164999999999964e+04
9.610000000000000000e+02 1.327205000000000109e+04
1.145000000000000000e+03 1.327239999999999964e+04
1.105000000000000000e+03 1.327330000000000109e+04
9.930000000000000000e+02 1.327580000000000109e+04
1.081000000000000000e+03 1.327610000000000036e+04
1.129000000000000000e+03 1.327639999999999964e+04
8.170000000000000000e+02 1.327745000000000073e+04
1.137000000000000000e+03 1.327750000000000000e+04
9.450000000000000000e+02 1.327814999999999964e+04
9.290000000000000000e+02 1.328385000000000036e+04
1.073000000000000000e+03 1.328439999999999964e+04
1.161000000000000000e+03 1.328435000000000036e+04
9.850000000000000000e+02 1.328445000000000073e+04
1.089000000000000000e+03 1.328480000000000109e+04
1.153000000000000000e+03 1.328480000000000109e+04
1.041000000000000000e+03 1.328570000000000073e+04
8.490000000000000000e+02 1.328660000000000036e+04
9.690000000000000000e+02 1.328685000000000036e+04
1.193000000000000000e+03 1.328795000000000073e+04
1.033000000000000000e+03 1.329520000000000073e+04
1.057000000000000000e+03 1.329585000000000036e+04
1.113000000000000000e+03 1.329680000000000109e+04
9.370000000000000000e+02 1.330210000000000036e+04
8.810000000000000000e+02 1.330250000000000000e+04
8.650000000000000000e+02 1.330300000000000000e+04
8.090000000000000000e+02 1.330350000000000000e+04
8.250000000000000000e+02 1.330405000000000109e+04
8.410000000000000000e+02 1.330525000000000000e+04
1.049000000000000000e+03 1.330939999999999964e+04
1.105000000000000000e+03 1.330960000000000036e+04
9.770000000000000000e+02 1.330989999999999964e+04
8.570000000000000000e+02 1.331170000000000073e+04
8.890000000000000000e+02 1.331164999999999964e+04
8.330000000000000000e+02 1.331260000000000036e+04
8.730000000000000000e+02 1.331489999999999964e+04
1.193000000000000000e+03 1.331635000000000036e+04
8.490000000000000000e+02 1.331675000000000000e+04
1.169000000000000000e+03 1.332264999999999964e+04
1.017000000000000000e+03 1.332280000000000109e+04
1.025000000000000000e+03 1.332325000000000000e+04
8.170000000000000000e+02 1.332735000000000036e+04
9.690000000000000000e+02 1.332880000000000109e+04
1.185000000000000000e+03 1.332910000000000036e+04
1.065000000000000000e+03 1.332925000000000000e+04
9.130000000000000000e+02 1.332950000000000000e+04
9.370000000000000000e+02 1.332950000000000000e+04
1.177000000000000000e+03 1.332955000000000109e+04
9.530000000000000000e+02 1.332989999999999964e+04
8.970000000000000000e+02 1.333089999999999964e+04
1.129000000000000000e+03 1.333264999999999964e+04
1.073000000000000000e+03 1.333795000000000073e+04
9.050000000000000000e+02 1.333845000000000073e+04
9.850000000000000000e+02 1.333860000000000036e+04
1.009000000000000000e+03 1.333889999999999964e+04
1.113000000000000000e+03 1.333889999999999964e+04
9.610000000000000000e+02 1.334180000000000109e+04
1.097000000000000000e+03 1.334614999999999964e+04
1.041000000000000000e+03 1.334675000000000000e+04
1.033000000000000000e+03 1.334795000000000073e+04
1.193000000000000000e+03 1.335005000000000109e+04
8.810000000000000000e+02 1.335060000000000036e+04
1.161000000000000000e+03 1.335220000000000073e+04
1.089000000000000000e+03 1.335245000000000073e+04
8.650000000000000000e+02 1.335364999999999964e+04
1.145000000000000000e+03 1.335380000000000109e+04
1.081000000000000000e+03 1.335489999999999964e+04
9.930000000000000000e+02 1.335505000000000109e+04
1.001000000000000000e+03 1.335535000000000036e+04
8.090000000000000000e+02 1.335625000000000000e+04
1.201000000000000000e+03 1.335935000000000036e+04
8.970000000000000000e+02 1.336025000000000000e+04
1.137000000000000000e+03 1.336070000000000073e+04
9.210000000000000000e+02 1.336100000000000000e+04
9.450000000000000000e+02 1.336130000000000109e+04
8.170000000000000000e+02 1.336145000000000073e+04
9.130000000000000000e+02 1.336230000000000109e+04
9.370000000000000000e+02 1.336645000000000073e+04
1.057000000000000000e+03 1.336730000000000109e+04
1.049000000000000000e+03 1.336760000000000036e+04
1.017000000000000000e+03 1.336805000000000109e+04
9.530000000000000000e+02 1.336950000000000000e+04
9.050000000000000000e+02 1.337335000000000036e+04
1.073000000000000000e+03 1.337430000000000109e+04
9.290000000000000000e+02 1.337535000000000036e+04
8.330000000000000000e+02 1.337595000000000073e+04
1.113000000000000000e+03 1.337595000000000073e+04
1.169000000000000000e+03 1.337639999999999964e+04
1.185000000000000000e+03 1.337635000000000036e+04
1.121000000000000000e+03 1.337675000000000000e+04
1.065000000000000000e+03 1.337705000000000109e+04
8.650000000000000000e+02 1.338205000000000109e+04
9.610000000000000000e+02 1.338300000000000000e+04
1.009000000000000000e+03 1.338375000000000000e+04
1.177000000000000000e+03 1.338420000000000073e+04
1.153000000000000000e+03 1.338430000000000109e+04
8.410000000000000000e+02 1.338445000000000073e+04
9.690000000000000000e+02 1.338464999999999964e+04
1.193000000000000000e+03 1.338930000000000109e+04
9.850000000000000000e+02 1.338985000000000036e+04
9.930000000000000000e+02 1.339064999999999964e+04
1.033000000000000000e+03 1.339114999999999964e+04
8.730000000000000000e+02 1.339200000000000000e+04
8.570000000000000000e+02 1.339605000000000109e+04
1.097000000000000000e+03 1.339610000000000036e+04
1.041000000000000000e+03 1.339700000000000000e+04
1.129000000000000000e+03 1.339700000000000000e+04
8.490000000000000000e+02 1.339770000000000073e+04
9.770000000000000000e+02 1.339800000000000000e+04
9.210000000000000000e+02 1.339839999999999964e+04
9.450000000000000000e+02 1.339855000000000109e+04
1.105000000000000000e+03 1.339960000000000036e+04
8.810000000000000000e+02 1.340230000000000109e+04
1.073000000000000000e+03 1.340610000000000036e+04
1.201000000000000000e+03 1.340685000000000036e+04
1.089000000000000000e+03 1.341320000000000073e+04
1.185000000000000000e+03 1.341335000000000036e+04
8.170000000000000000e+02 1.341500000000000000e+04
8.250000000000000000e+02 1.341520000000000073e+04
8.090000000000000000e+02 1.341650000000000000e+04
9.370000000000000000e+02 1.341695000000000073e+04
9.050000000000000000e+02 1.341755000000000109e+04
1.009000000000000000e+03 1.341764999999999964e+04
8.330000000000000000e+02 1.341850000000000000e+04
1.161000000000000000e+03 1.341935000000000036e+04
1.017000000000000000e+03 1.342175000000000000e+04
1.113000000000000000e+03 1.342385000000000036e+04
9.530000000000000000e+02 1.342510000000000036e+04
1.033000000000000000e+03 1.342520000000000073e+04
9.610000000000000000e+02 1.343310000000000036e+04
1.105000000000000000e+03 1.343325000000000000e+04
1.049000000000000000e+03 1.343350000000000000e+04
8.490000000000000000e+02 1.343620000000000073e+04
8.410000000000000000e+02 1.343970000000000073e+04
8.650000000000000000e+02 1.343975000000000000e+04
9.850000000000000000e+02 1.344010000000000036e+04
8.570000000000000000e+02 1.344139999999999964e+04
1.057000000000000000e+03 1.344170000000000073e+04
1.097000000000000000e+03 1.344225000000000000e+04
1.169000000000000000e+03 1.344225000000000000e+04
1.193000000000000000e+03 1.344264999999999964e+04
9.690000000000000000e+02 1.344330000000000109e+04
1.001000000000000000e+03 1.344364999999999964e+04
9.770000000000000000e+02 1.344375000000000000e+04
9.930000000000000000e+02 1.344905000000000109e+04
8.890000000000000000e+02 1.344920000000000073e+04
9.210000000000000000e+02 1.344964999999999964e+04
1.017000000000000000e+03 1.345089999999999964e+04
1.065000000000000000e+03 1.345355000000000109e+04
1.089000000000000000e+03 1.345375000000000000e+04
9.450000000000000000e+02 1.345489999999999964e+04
1.081000000000000000e+03 1.345770000000000073e+04
8.810000000000000000e+02 1.345895000000000073e+04
1.161000000000000000e+03 1.345985000000000036e+04
1.041000000000000000e+03 1.346020000000000073e+04
1.185000000000000000e+03 1.346014999999999964e+04
1.129000000000000000e+03 1.346100000000000000e+04
8.410000000000000000e+02 1.346510000000000036e+04
8.970000000000000000e+02 1.346695000000000073e+04
8.490000000000000000e+02 1.347230000000000109e+04
1.153000000000000000e+03 1.347250000000000000e+04
1.193000000000000000e+03 1.347380000000000109e+04
9.610000000000000000e+02 1.347539999999999964e+04
1.113000000000000000e+03 1.347560000000000036e+04
1.121000000000000000e+03 1.347585000000000036e+04
1.057000000000000000e+03 1.347595000000000073e+04
8.170000000000000000e+02 1.347620000000000073e+04
9.050000000000000000e+02 1.347630000000000109e+04
8.570000000000000000e+02 1.347680000000000109e+04
1.025000000000000000e+03 1.347680000000000109e+04
9.530000000000000000e+02 1.347920000000000073e+04
1.033000000000000000e+03 1.348025000000000000e+04
9.210000000000000000e+02 1.348075000000000000e+04
1.009000000000000000e+03 1.348400000000000000e+04
8.890000000000000000e+02 1.348505000000000109e+04
9.370000000000000000e+02 1.348505000000000109e+04
1.001000000000000000e+03 1.348735000000000036e+04
1.097000000000000000e+03 1.348889999999999964e+04
9.450000000000000000e+02 1.349095000000000073e+04
8.410000000000000000e+02 1.349175000000000000e+04
1.049000000000000000e+03 1.349220000000000073e+04
1.089000000000000000e+03 1.349330000000000109e+04
1.145000000000000000e+03 1.349350000000000000e+04
8.650000000000000000e+02 1.349360000000000036e+04
9.690000000000000000e+02 1.349375000000000000e+04
8.330000000000000000e+02 1.349410000000000036e+04
8.730000000000000000e+02 1.349530000000000109e+04
1.129000000000000000e+03 1.349555000000000109e+04
9.850000000000000000e+02 1.349655000000000109e+04
1.121000000000000000e+03 1.349870000000000073e+04
9.290000000000000000e+02 1.350335000000000036e+04
1.033000000000000000e+03 1.350389999999999964e+04
9.770000000000000000e+02 1.350395000000000073e+04
8.170000000000000000e+02 1.350414999999999964e+04
9.930000000000000000e+02 1.350420000000000073e+04
1.177000000000000000e+03 1.351089999999999964e+04
9.210000000000000000e+02 1.351105000000000109e+04
9.050000000000000000e+02 1.351200000000000000e+04
1.073000000000000000e+03 1.351280000000000109e+04
9.610000000000000000e+02 1.351370000000000073e+04
1.161000000000000000e+03 1.351545000000000073e+04
1.057000000000000000e+03 1.351585000000000036e+04
1.193000000000000000e+03 1.351585000000000036e+04
1.113000000000000000e+03 1.351660000000000036e+04
1.081000000000000000e+03 1.351689999999999964e+04
1.105000000000000000e+03 1.351780000000000109e+04
8.890000000000000000e+02 1.351889999999999964e+04
1.041000000000000000e+03 1.351985000000000036e+04
9.290000000000000000e+02 1.351995000000000073e+04
9.690000000000000000e+02 1.352225000000000000e+04
8.330000000000000000e+02 1.352285000000000036e+04
9.130000000000000000e+02 1.352360000000000036e+04
1.025000000000000000e+03 1.352370000000000073e+04
1.017000000000000000e+03 1.352505000000000109e+04
1.145000000000000000e+03 1.352589999999999964e+04
8.090000000000000000e+02 1.353010000000000036e+04
1.089000000000000000e+03 1.353270000000000073e+04
9.450000000000000000e+02 1.353839999999999964e+04
8.650000000000000000e+02 1.353905000000000109e+04
1.121000000000000000e+03 1.354030000000000109e+04
1.153000000000000000e+03 1.354125000000000000e+04
9.530000000000000000e+02 1.354180000000000109e+04
1.185000000000000000e+03 1.354510000000000036e+04
9.370000000000000000e+02 1.354620000000000073e+04
1.193000000000000000e+03 1.354655000000000109e+04
1.177000000000000000e+03 1.354685000000000036e+04
1.009000000000000000e+03 1.354785000000000036e+04
1.129000000000000000e+03 1.354885000000000036e+04
1.073000000000000000e+03 1.354920000000000073e+04
1.049000000000000000e+03 1.355205000000000109e+04
8.730000000000000000e+02 1.355330000000000109e+04
8.570000000000000000e+02 1.355335000000000036e+04
9.850000000000000000e+02 1.355385000000000036e+04
8.170000000000000000e+02 1.355430000000000109e+04
1.113000000000000000e+03 1.355480000000000109e+04
1.161000000000000000e+03 1.355820000000000073e+04
1.097000000000000000e+03 1.355885000000000036e+04
8.970000000000000000e+02 1.356075000000000000e+04
1.169000000000000000e+03 1.356105000000000109e+04
8.890000000000000000e+02 1.356135000000000036e+04
1.065000000000000000e+03 1.356775000000000000e+04
1.121000000000000000e+03 1.356775000000000000e+04
1.145000000000000000e+03 1.356905000000000109e+04
1.041000000000000000e+03 1.356920000000000073e+04
9.930000000000000000e+02 1.356955000000000109e+04
9.770000000000000000e+02 1.356964999999999964e+04
1.201000000000000000e+03 1.356975000000000000e+04
1.017000000000000000e+03 1.357000000000000000e+04
1.129000000000000000e+03 1.357000000000000000e+04
1.033000000000000000e+03 1.357060000000000036e+04
1.025000000000000000e+03 1.357100000000000000e+04
9.610000000000000000e+02 1.357114999999999964e+04
1.057000000000000000e+03 1.357639999999999964e+04
1.001000000000000000e+03 1.357830000000000109e+04
9.370000000000000000e+02 1.357860000000000036e+04
9.450000000000000000e+02 1.357945000000000073e+04
1.073000000000000000e+03 1.358035000000000036e+04
8.810000000000000000e+02 1.358050000000000000e+04
9.210000000000000000e+02 1.358075000000000000e+04
9.690000000000000000e+02 1.358085000000000036e+04
9.290000000000000000e+02 1.358564999999999964e+04
1.185000000000000000e+03 1.358875000000000000e+04
9.130000000000000000e+02 1.358964999999999964e+04
8.410000000000000000e+02 1.358985000000000036e+04
1.161000000000000000e+03 1.359005000000000109e+04
8.730000000000000000e+02 1.359055000000000109e+04
8.570000000000000000e+02 1.359250000000000000e+04
8.330000000000000000e+02 1.359355000000000109e+04
9.530000000000000000e+02 1.359414999999999964e+04
1.193000000000000000e+03 1.359450000000000000e+04
1.121000000000000000e+03 1.359510000000000036e+04
1.105000000000000000e+03 1.360155000000000109e+04
8.090000000000000000e+02 1.360185000000000036e+04
1.097000000000000000e+03 1.360185000000000036e+04
8.170000000000000000e+02 1.360214999999999964e+04
1.129000000000000000e+03 1.360239999999999964e+04
1.169000000000000000e+03 1.360235000000000036e+04
1.049000000000000000e+03 1.360280000000000109e+04
1.153000000000000000e+03 1.360280000000000109e+04
9.370000000000000000e+02 1.360375000000000000e+04
1.041000000000000000e+03 1.360455000000000109e+04
8.650000000000000000e+02 1.360864999999999964e+04
1.201000000000000000e+03 1.361150000000000000e+04
1.089000000000000000e+03 1.361339999999999964e+04
9.050000000000000000e+02 1.361435000000000036e+04
1.145000000000000000e+03 1.361575000000000000e+04
9.530000000000000000e+02 1.362085000000000036e+04
9.290000000000000000e+02 1.362125000000000000e+04
8.970000000000000000e+02 1.362164999999999964e+04
1.185000000000000000e+03 1.362425000000000000e+04
8.490000000000000000e+02 1.362439999999999964e+04
8.570000000000000000e+02 1.362475000000000000e+04
9.450000000000000000e+02 1.362475000000000000e+04
1.137000000000000000e+03 1.362695000000000073e+04
1.129000000000000000e+03 1.363045000000000073e+04
1.169000000000000000e+03 1.363089999999999964e+04
9.850000000000000000e+02 1.363125000000000000e+04
1.065000000000000000e+03 1.363135000000000036e+04
9.930000000000000000e+02 1.363145000000000073e+04
1.025000000000000000e+03 1.363150000000000000e+04
1.033000000000000000e+03 1.363160000000000036e+04
9.690000000000000000e+02 1.363164999999999964e+04
8.890000000000000000e+02 1.363195000000000073e+04
1.001000000000000000e+03 1.363225000000000000e+04
9.370000000000000000e+02 1.363275000000000000e+04
1.081000000000000000e+03 1.363280000000000109e+04
1.073000000000000000e+03 1.363335000000000036e+04
1.121000000000000000e+03 1.363364999999999964e+04
9.130000000000000000e+02 1.363785000000000036e+04
8.330000000000000000e+02 1.363870000000000073e+04
9.210000000000000000e+02 1.364130000000000109e+04
8.730000000000000000e+02 1.364145000000000073e+04
8.810000000000000000e+02 1.364325000000000000e+04
1.177000000000000000e+03 1.364630000000000109e+04
8.970000000000000000e+02 1.364760000000000036e+04
1.009000000000000000e+03 1.364760000000000036e+04
1.193000000000000000e+03 1.364785000000000036e+04
1.153000000000000000e+03 1.364870000000000073e+04
1.057000000000000000e+03 1.364980000000000109e+04
9.610000000000000000e+02 1.365160000000000036e+04
8.650000000000000000e+02 1.365630000000000109e+04
1.161000000000000000e+03 1.365680000000000109e+04
1.089000000000000000e+03 1.366025000000000000e+04
9.450000000000000000e+02 1.366220000000000073e+04
1.017000000000000000e+03 1.366214999999999964e+04
8.570000000000000000e+02 1.366230000000000109e+04
1.121000000000000000e+03 1.366295000000000073e+04
9.530000000000000000e+02 1.366325000000000000e+04
1.113000000000000000e+03 1.366425000000000000e+04
1.073000000000000000e+03 1.366805000000000109e+04
1.129000000000000000e+03 1.367020000000000073e+04
8.250000000000000000e+02 1.367025000000000000e+04
8.490000000000000000e+02 1.367120000000000073e+04
9.370000000000000000e+02 1.367125000000000000e+04
1.185000000000000000e+03 1.367135000000000036e+04
1.145000000000000000e+03 1.367170000000000073e+04
1.097000000000000000e+03 1.367295000000000073e+04
9.210000000000000000e+02 1.367580000000000109e+04
1.041000000000000000e+03 1.367695000000000073e+04
9.770000000000000000e+02 1.367705000000000109e+04
9.290000000000000000e+02 1.367739999999999964e+04
9.850000000000000000e+02 1.367739999999999964e+04
8.810000000000000000e+02 1.367789999999999964e+04
1.153000000000000000e+03 1.367870000000000073e+04
1.201000000000000000e+03 1.367895000000000073e+04
8.330000000000000000e+02 1.367905000000000109e+04
1.033000000000000000e+03 1.367939999999999964e+04
1.049000000000000000e+03 1.368239999999999964e+04
9.690000000000000000e+02 1.368364999999999964e+04
8.730000000000000000e+02 1.368380000000000109e+04
1.169000000000000000e+03 1.368475000000000000e+04
8.090000000000000000e+02 1.368989999999999964e+04
8.890000000000000000e+02 1.369039999999999964e+04
1.121000000000000000e+03 1.369414999999999964e+04
1.057000000000000000e+03 1.369555000000000109e+04
1.161000000000000000e+03 1.369564999999999964e+04
1.041000000000000000e+03 1.369789999999999964e+04
8.170000000000000000e+02 1.369795000000000073e+04
1.065000000000000000e+03 1.370050000000000000e+04
1.113000000000000000e+03 1.370064999999999964e+04
1.105000000000000000e+03 1.370520000000000073e+04
1.081000000000000000e+03 1.370525000000000000e+04
8.570000000000000000e+02 1.370589999999999964e+04
9.370000000000000000e+02 1.370610000000000036e+04
9.450000000000000000e+02 1.370610000000000036e+04
1.185000000000000000e+03 1.370705000000000109e+04
1.089000000000000000e+03 1.370725000000000000e+04
9.290000000000000000e+02 1.371014999999999964e+04
8.410000000000000000e+02 1.371320000000000073e+04
1.033000000000000000e+03 1.371420000000000073e+04
9.850000000000000000e+02 1.371530000000000109e+04
1.073000000000000000e+03 1.371735000000000036e+04
9.770000000000000000e+02 1.371810000000000036e+04
1.097000000000000000e+03 1.371895000000000073e+04
9.130000000000000000e+02 1.372235000000000036e+04
1.201000000000000000e+03 1.372310000000000036e+04
1.129000000000000000e+03 1.372314999999999964e+04
8.730000000000000000e+02 1.372325000000000000e+04
8.650000000000000000e+02 1.372360000000000036e+04
9.930000000000000000e+02 1.372410000000000036e+04
9.050000000000000000e+02 1.372425000000000000e+04
1.169000000000000000e+03 1.372470000000000073e+04
1.017000000000000000e+03 1.372500000000000000e+04
9.690000000000000000e+02 1.372564999999999964e+04
8.090000000000000000e+02 1.372639999999999964e+04
8.970000000000000000e+02 1.373185000000000036e+04
9.210000000000000000e+02 1.373264999999999964e+04
1.177000000000000000e+03 1.373314999999999964e+04
9.450000000000000000e+02 1.373335000000000036e+04
1.193000000000000000e+03 1.373360000000000036e+04
9.530000000000000000e+02 1.373785000000000036e+04
9.610000000000000000e+02 1.373910000000000036e+04
1.041000000000000000e+03 1.373995000000000073e+04
8.330000000000000000e+02 1.374305000000000109e+04
1.105000000000000000e+03 1.374350000000000000e+04
9.370000000000000000e+02 1.374400000000000000e+04
1.113000000000000000e+03 1.374555000000000109e+04
8.410000000000000000e+02 1.374839999999999964e+04
1.145000000000000000e+03 1.374870000000000073e+04
1.033000000000000000e+03 1.375010000000000036e+04
1.049000000000000000e+03 1.375320000000000073e+04
1.153000000000000000e+03 1.375314999999999964e+04
1.073000000000000000e+03 1.375495000000000073e+04
1.081000000000000000e+03 1.375510000000000036e+04
8.170000000000000000e+02 1.375555000000000109e+04
1.121000000000000000e+03 1.375610000000000036e+04
8.090000000000000000e+02 1.375620000000000073e+04
1.089000000000000000e+03 1.375645000000000073e+04
1.001000000000000000e+03 1.375664999999999964e+04
1.161000000000000000e+03 1.375689999999999964e+04
8.810000000000000000e+02 1.375725000000000000e+04
1.025000000000000000e+03 1.375780000000000109e+04
9.690000000000000000e+02 1.375805000000000109e+04
9.290000000000000000e+02 1.375895000000000073e+04
9.770000000000000000e+02 1.375950000000000000e+04
9.450000000000000000e+02 1.376130000000000109e+04
1.169000000000000000e+03 1.376139999999999964e+04
9.850000000000000000e+02 1.376485000000000036e+04
1.033000000000000000e+03 1.376864999999999964e+04
1.009000000000000000e+03 1.377055000000000109e+04
1.185000000000000000e+03 1.377130000000000109e+04
9.050000000000000000e+02 1.377220000000000073e+04
8.490000000000000000e+02 1.377270000000000073e+04
8.330000000000000000e+02 1.377405000000000109e+04
1.041000000000000000e+03 1.377420000000000073e+04
1.201000000000000000e+03 1.377730000000000109e+04
9.210000000000000000e+02 1.377750000000000000e+04
9.930000000000000000e+02 1.377970000000000073e+04
8.570000000000000000e+02 1.378030000000000109e+04
1.113000000000000000e+03 1.378180000000000109e+04
8.090000000000000000e+02 1.378214999999999964e+04
1.097000000000000000e+03 1.378435000000000036e+04
1.129000000000000000e+03 1.378489999999999964e+04
1.145000000000000000e+03 1.378845000000000073e+04
9.370000000000000000e+02 1.378860000000000036e+04
8.170000000000000000e+02 1.379010000000000036e+04
9.770000000000000000e+02 1.379064999999999964e+04
9.610000000000000000e+02 1.379139999999999964e+04
1.017000000000000000e+03 1.379200000000000000e+04
1.121000000000000000e+03 1.379245000000000073e+04
1.177000000000000000e+03 1.379245000000000073e+04
1.065000000000000000e+03 1.379310000000000036e+04
1.057000000000000000e+03 1.379820000000000073e+04
1.193000000000000000e+03 1.379885000000000036e+04
9.690000000000000000e+02 1.379905000000000109e+04
9.290000000000000000e+02 1.379945000000000073e+04
1.089000000000000000e+03 1.380010000000000036e+04
8.330000000000000000e+02 1.380060000000000036e+04
8.810000000000000000e+02 1.380080000000000109e+04
1.073000000000000000e+03 1.380280000000000109e+04
1.033000000000000000e+03 1.380295000000000073e+04
8.730000000000000000e+02 1.380520000000000073e+04
1.169000000000000000e+03 1.381005000000000109e+04
9.050000000000000000e+02 1.381089999999999964e+04
9.530000000000000000e+02 1.381110000000000036e+04
9.210000000000000000e+02 1.381139999999999964e+04
8.490000000000000000e+02 1.381225000000000000e+04
1.185000000000000000e+03 1.381239999999999964e+04
1.041000000000000000e+03 1.381425000000000000e+04
9.850000000000000000e+02 1.381630000000000109e+04
1.065000000000000000e+03 1.381670000000000073e+04
1.201000000000000000e+03 1.381745000000000073e+04
8.890000000000000000e+02 1.381795000000000073e+04
9.450000000000000000e+02 1.381825000000000000e+04
8.170000000000000000e+02 1.382250000000000000e+04
8.970000000000000000e+02 1.382260000000000036e+04
1.161000000000000000e+03 1.382370000000000073e+04
8.090000000000000000e+02 1.382420000000000073e+04
8.810000000000000000e+02 1.382505000000000109e+04
9.770000000000000000e+02 1.382514999999999964e+04
1.001000000000000000e+03 1.382570000000000073e+04
1.121000000000000000e+03 1.382705000000000109e+04
8.410000000000000000e+02 1.382725000000000000e+04
9.370000000000000000e+02 1.382970000000000073e+04
1.089000000000000000e+03 1.383014999999999964e+04
1.073000000000000000e+03 1.383200000000000000e+04
1.105000000000000000e+03 1.383214999999999964e+04
1.017000000000000000e+03 1.383239999999999964e+04
1.129000000000000000e+03 1.383270000000000073e+04
1.145000000000000000e+03 1.383270000000000073e+04
8.250000000000000000e+02 1.383285000000000036e+04
1.113000000000000000e+03 1.383289999999999964e+04
1.097000000000000000e+03 1.383314999999999964e+04
9.530000000000000000e+02 1.383920000000000073e+04
1.153000000000000000e+03 1.383950000000000000e+04
8.650000000000000000e+02 1.384039999999999964e+04
1.049000000000000000e+03 1.384220000000000073e+04
1.169000000000000000e+03 1.384330000000000109e+04
9.610000000000000000e+02 1.384355000000000109e+04
1.025000000000000000e+03 1.384360000000000036e+04
1.081000000000000000e+03 1.384364999999999964e+04
8.570000000000000000e+02 1.384410000000000036e+04
1.009000000000000000e+03 1.384405000000000109e+04
8.330000000000000000e+02 1.384480000000000109e+04
1.161000000000000000e+03 1.384489999999999964e+04
1.001000000000000000e+03 1.384510000000000036e+04
8.090000000000000000e+02 1.384595000000000073e+04
1.041000000000000000e+03 1.384605000000000109e+04
1.033000000000000000e+03 1.384639999999999964e+04
9.450000000000000000e+02 1.384855000000000109e+04
9.290000000000000000e+02 1.384960000000000036e+04
8.490000000000000000e+02 1.385070000000000073e+04
9.210000000000000000e+02 1.385175000000000000e+04
9.930000000000000000e+02 1.385405000000000109e+04
9.370000000000000000e+02 1.385555000000000109e+04
9.130000000000000000e+02 1.385625000000000000e+04
1.121000000000000000e+03 1.385685000000000036e+04
1.201000000000000000e+03 1.385735000000000036e+04
8.410000000000000000e+02 1.386075000000000000e+04
8.730000000000000000e+02 1.386095000000000073e+04
9.850000000000000000e+02 1.386175000000000000e+04
1.057000000000000000e+03 1.386310000000000036e+04
1.041000000000000000e+03 1.386345000000000073e+04
1.137000000000000000e+03 1.386380000000000109e+04
1.185000000000000000e+03 1.386400000000000000e+04
8.810000000000000000e+02 1.386480000000000109e+04
9.690000000000000000e+02 1.386770000000000073e+04
1.105000000000000000e+03 1.387060000000000036e+04
8.170000000000000000e+02 1.387075000000000000e+04
9.450000000000000000e+02 1.387114999999999964e+04
1.017000000000000000e+03 1.387495000000000073e+04
1.073000000000000000e+03 1.387500000000000000e+04
8.330000000000000000e+02 1.387855000000000109e+04
1.097000000000000000e+03 1.387910000000000036e+04
9.370000000000000000e+02 1.387914999999999964e+04
1.129000000000000000e+03 1.387955000000000109e+04
1.121000000000000000e+03 1.388105000000000109e+04
9.050000000000000000e+02 1.388210000000000036e+04
9.930000000000000000e+02 1.388275000000000000e+04
1.049000000000000000e+03 1.388335000000000036e+04
9.210000000000000000e+02 1.388660000000000036e+04
1.161000000000000000e+03 1.388700000000000000e+04
1.089000000000000000e+03 1.388789999999999964e+04
1.033000000000000000e+03 1.388820000000000073e+04
1.193000000000000000e+03 1.388860000000000036e+04
9.290000000000000000e+02 1.388939999999999964e+04
1.001000000000000000e+03 1.389300000000000000e+04
8.570000000000000000e+02 1.389305000000000109e+04
8.410000000000000000e+02 1.389720000000000073e+04
1.041000000000000000e+03 1.389864999999999964e+04
8.730000000000000000e+02 1.390095000000000073e+04
8.810000000000000000e+02 1.390260000000000036e+04
1.153000000000000000e+03 1.390280000000000109e+04
8.090000000000000000e+02 1.390285000000000036e+04
1.177000000000000000e+03 1.390350000000000000e+04
1.073000000000000000e+03 1.390410000000000036e+04
1.169000000000000000e+03 1.390464999999999964e+04
1.129000000000000000e+03 1.390670000000000073e+04
1.105000000000000000e+03 1.390714999999999964e+04
1.185000000000000000e+03 1.390770000000000073e+04
9.690000000000000000e+02 1.390775000000000000e+04
8.170000000000000000e+02 1.390830000000000109e+04
1.057000000000000000e+03 1.390825000000000000e+04
1.097000000000000000e+03 1.390825000000000000e+04
1.113000000000000000e+03 1.390889999999999964e+04
9.610000000000000000e+02 1.390914999999999964e+04
9.450000000000000000e+02 1.390925000000000000e+04
8.890000000000000000e+02 1.390945000000000073e+04
9.370000000000000000e+02 1.391455000000000109e+04
1.145000000000000000e+03 1.391560000000000036e+04
1.025000000000000000e+03 1.391580000000000109e+04
8.250000000000000000e+02 1.391630000000000109e+04
9.210000000000000000e+02 1.391625000000000000e+04
8.330000000000000000e+02 1.391760000000000036e+04
1.201000000000000000e+03 1.391770000000000073e+04
9.050000000000000000e+02 1.392564999999999964e+04
1.033000000000000000e+03 1.392570000000000073e+04
9.930000000000000000e+02 1.392600000000000000e+04
8.810000000000000000e+02 1.392639999999999964e+04
1.049000000000000000e+03 1.392635000000000036e+04
9.850000000000000000e+02 1.392685000000000036e+04
8.970000000000000000e+02 1.392735000000000036e+04
1.121000000000000000e+03 1.392905000000000109e+04
8.090000000000000000e+02 1.393195000000000073e+04
8.730000000000000000e+02 1.393205000000000109e+04
1.193000000000000000e+03 1.393210000000000036e+04
1.161000000000000000e+03 1.393239999999999964e+04
9.530000000000000000e+02 1.393245000000000073e+04
9.450000000000000000e+02 1.393285000000000036e+04
1.129000000000000000e+03 1.393725000000000000e+04
1.105000000000000000e+03 1.393864999999999964e+04
1.065000000000000000e+03 1.393945000000000073e+04
1.089000000000000000e+03 1.393980000000000109e+04
1.057000000000000000e+03 1.394064999999999964e+04
1.001000000000000000e+03 1.394110000000000036e+04
8.490000000000000000e+02 1.394139999999999964e+04
1.017000000000000000e+03 1.394525000000000000e+04
8.570000000000000000e+02 1.394670000000000073e+04
8.410000000000000000e+02 1.394680000000000109e+04
1.041000000000000000e+03 1.394730000000000109e+04
1.169000000000000000e+03 1.394760000000000036e+04
1.073000000000000000e+03 1.394770000000000073e+04
1.081000000000000000e+03 1.394764999999999964e+04
1.113000000000000000e+03 1.394860000000000036e+04
1.137000000000000000e+03 1.394960000000000036e+04
9.770000000000000000e+02 1.395025000000000000e+04
8.330000000000000000e+02 1.395150000000000000e+04
8.650000000000000000e+02 1.395220000000000073e+04
9.370000000000000000e+02 1.395270000000000073e+04
1.033000000000000000e+03 1.395275000000000000e+04
9.130000000000000000e+02 1.395320000000000073e+04
1.201000000000000000e+03 1.395500000000000000e+04
1.097000000000000000e+03 1.395939999999999964e+04
9.610000000000000000e+02 1.396014999999999964e+04
1.185000000000000000e+03 1.396105000000000109e+04
8.170000000000000000e+02 1.396175000000000000e+04
1.145000000000000000e+03 1.396214999999999964e+04
1.089000000000000000e+03 1.396680000000000109e+04
1.025000000000000000e+03 1.396720000000000073e+04
8.730000000000000000e+02 1.396830000000000109e+04
9.450000000000000000e+02 1.396870000000000073e+04
9.530000000000000000e+02 1.396925000000000000e+04
9.050000000000000000e+02 1.397060000000000036e+04
8.410000000000000000e+02 1.397105000000000109e+04
1.033000000000000000e+03 1.397400000000000000e+04
1.041000000000000000e+03 1.397414999999999964e+04
1.129000000000000000e+03 1.397570000000000073e+04
1.073000000000000000e+03 1.397605000000000109e+04
1.161000000000000000e+03 1.397605000000000109e+04
1.193000000000000000e+03 1.397639999999999964e+04
1.121000000000000000e+03 1.397714999999999964e+04
9.690000000000000000e+02 1.397945000000000073e+04
8.810000000000000000e+02 1.398060000000000036e+04
8.090000000000000000e+02 1.398075000000000000e+04
9.370000000000000000e+02 1.398185000000000036e+04
9.930000000000000000e+02 1.398464999999999964e+04
9.850000000000000000e+02 1.398589999999999964e+04
9.290000000000000000e+02 1.398620000000000073e+04
1.089000000000000000e+03 1.398614999999999964e+04
1.201000000000000000e+03 1.398680000000000109e+04
1.169000000000000000e+03 1.398750000000000000e+04
1.017000000000000000e+03 1.398810000000000036e+04
9.130000000000000000e+02 1.399060000000000036e+04
9.610000000000000000e+02 1.399114999999999964e+04
1.065000000000000000e+03 1.399130000000000109e+04
1.097000000000000000e+03 1.399195000000000073e+04
9.530000000000000000e+02 1.399280000000000109e+04
9.210000000000000000e+02 1.399285000000000036e+04
8.490000000000000000e+02 1.399680000000000109e+04
1.153000000000000000e+03 1.399770000000000073e+04
8.170000000000000000e+02 1.399800000000000000e+04
8.330000000000000000e+02 1.399825000000000000e+04
1.081000000000000000e+03 1.399855000000000109e+04
1.145000000000000000e+03 1.399950000000000000e+04
8.570000000000000000e+02 1.400045000000000073e+04
1.113000000000000000e+03 1.400660000000000036e+04
1.041000000000000000e+03 1.400750000000000000e+04
1.129000000000000000e+03 1.402200000000000000e+04
1.073000000000000000e+03 1.403210000000000036e+04
1.089000000000000000e+03 1.403330000000000109e+04
1.113000000000000000e+03 1.408005000000000109e+04
1.201000000000000000e+03 1.416030000000000109e+04
9.530000000000000000e+02 1.416600000000000000e+04
1.193000000000000000e+03 1.417970000000000073e+04
1.081000000000000000e+03 1.418735000000000036e+04
8.250000000000000000e+02 1.427439999999999964e+04
1.185000000000000000e+03 1.432080000000000109e+04
8.410000000000000000e+02 1.435370000000000073e+04
9.210000000000000000e+02 1.436685000000000036e+04
1.081000000000000000e+03 1.440920000000000073e+04
1.169000000000000000e+03 1.443275000000000000e+04
1.177000000000000000e+03 1.444235000000000036e+04
8.570000000000000000e+02 1.449200000000000000e+04
8.090000000000000000e+02 1.450360000000000036e+04
1.153000000000000000e+03 1.451110000000000036e+04
9.530000000000000000e+02 1.453830000000000109e+04
9.290000000000000000e+02 1.463000000000000000e+04
8.810000000000000000e+02 1.470780000000000109e+04
8.650000000000000000e+02 1.471480000000000109e+04
9.450000000000000000e+02 1.476439999999999964e+04
1.153000000000000000e+03 1.479289999999999964e+04
8.330000000000000000e+02 1.480814999999999964e+04
8.170000000000000000e+02 1.484525000000000000e+04
1.153000000000000000e+03 1.486939999999999964e+04
1.162000000000000000e+03 1.093500000000000085e+02
1.154000000000000000e+03 1.245000000000000000e+02
1.042000000000000000e+03 1.689000000000000057e+02
9.220000000000000000e+02 2.242500000000000000e+02
9.700000000000000000e+02 2.817500000000000000e+02
1.074000000000000000e+03 3.457500000000000000e+02
9.940000000000000000e+02 5.058500000000000227e+02
9.060000000000000000e+02 5.642500000000000000e+02
1.162000000000000000e+03 5.889500000000000455e+02
8.340000000000000000e+02 6.055500000000000682e+02
1.146000000000000000e+03 6.171000000000000227e+02
9.940000000000000000e+02 6.195000000000000000e+02
9.140000000000000000e+02 6.256000000000000227e+02
1.034000000000000000e+03 6.436499999999999773e+02
8.020000000000000000e+02 6.555500000000000682e+02
9.300000000000000000e+02 6.631000000000000227e+02
1.050000000000000000e+03 6.738999999999999773e+02
9.540000000000000000e+02 7.243999999999999773e+02
9.140000000000000000e+02 7.895000000000000000e+02
8.420000000000000000e+02 8.554500000000000455e+02
9.540000000000000000e+02 8.671000000000000227e+02
1.010000000000000000e+03 9.726000000000000227e+02
1.178000000000000000e+03 1.035849999999999909e+03
8.420000000000000000e+02 1.056450000000000045e+03
1.146000000000000000e+03 1.143100000000000136e+03
1.194000000000000000e+03 1.193150000000000091e+03
1.090000000000000000e+03 1.232150000000000091e+03
8.260000000000000000e+02 1.260299999999999955e+03
9.380000000000000000e+02 1.296950000000000045e+03
1.066000000000000000e+03 1.386650000000000091e+03
8.660000000000000000e+02 1.406500000000000000e+03
9.540000000000000000e+02 1.409950000000000045e+03
8.180000000000000000e+02 1.426750000000000000e+03
1.034000000000000000e+03 1.508600000000000136e+03
8.740000000000000000e+02 1.534350000000000136e+03
1.106000000000000000e+03 1.624450000000000045e+03
1.010000000000000000e+03 1.625250000000000000e+03
1.178000000000000000e+03 1.661200000000000045e+03
9.300000000000000000e+02 1.696250000000000000e+03
1.138000000000000000e+03 1.804500000000000000e+03
1.066000000000000000e+03 1.826450000000000045e+03
1.074000000000000000e+03 1.899850000000000136e+03
1.154000000000000000e+03 1.918350000000000136e+03
1.178000000000000000e+03 1.951200000000000045e+03
1.042000000000000000e+03 2.020850000000000136e+03
1.050000000000000000e+03 2.088449999999999818e+03
8.580000000000000000e+02 2.219150000000000091e+03
8.020000000000000000e+02 2.230150000000000091e+03
8.900000000000000000e+02 2.362750000000000000e+03
8.660000000000000000e+02 2.365900000000000091e+03
9.060000000000000000e+02 2.411450000000000273e+03
8.260000000000000000e+02 2.440800000000000182e+03
1.002000000000000000e+03 2.451250000000000000e+03
8.500000000000000000e+02 2.474950000000000273e+03
1.170000000000000000e+03 2.544200000000000273e+03
9.620000000000000000e+02 2.629599999999999909e+03
1.066000000000000000e+03 2.657099999999999909e+03
1.106000000000000000e+03 2.678150000000000091e+03
9.460000000000000000e+02 2.790250000000000000e+03
1.146000000000000000e+03 2.821650000000000091e+03
1.002000000000000000e+03 2.868550000000000182e+03
1.010000000000000000e+03 2.871150000000000091e+03
1.130000000000000000e+03 2.878250000000000000e+03
1.034000000000000000e+03 2.914400000000000091e+03
8.900000000000000000e+02 2.923500000000000000e+03
1.154000000000000000e+03 2.928450000000000273e+03
1.042000000000000000e+03 6.073850000000000364e+03
1.178000000000000000e+03 6.110550000000000182e+03
1.010000000000000000e+03 6.281350000000000364e+03
8.740000000000000000e+02 6.295600000000000364e+03
8.820000000000000000e+02 6.320500000000000000e+03
9.620000000000000000e+02 6.361350000000000364e+03
8.340000000000000000e+02 6.362550000000000182e+03
1.186000000000000000e+03 6.454750000000000000e+03
1.122000000000000000e+03 6.507050000000000182e+03
1.082000000000000000e+03 6.608900000000000546e+03
1.186000000000000000e+03 6.642850000000000364e+03
1.162000000000000000e+03 6.649300000000000182e+03
1.034000000000000000e+03 6.658000000000000000e+03
9.060000000000000000e+02 6.671250000000000000e+03
8.580000000000000000e+02 6.728400000000000546e+03
1.002000000000000000e+03 6.775449999999999818e+03
9.380000000000000000e+02 6.817100000000000364e+03
8.260000000000000000e+02 6.947900000000000546e+03
8.260000000000000000e+02 1.005845000000000073e+04
8.820000000000000000e+02 1.006314999999999964e+04
1.066000000000000000e+03 1.006755000000000109e+04
8.420000000000000000e+02 1.015920000000000073e+04
8.260000000000000000e+02 1.019545000000000073e+04
9.700000000000000000e+02 1.020335000000000036e+04
8.180000000000000000e+02 1.022045000000000073e+04
1.154000000000000000e+03 1.022150000000000000e+04
1.178000000000000000e+03 1.023220000000000073e+04
8.500000000000000000e+02 1.031264999999999964e+04
9.860000000000000000e+02 1.031764999999999964e+04
8.260000000000000000e+02 1.036435000000000036e+04
1.106000000000000000e+03 1.036475000000000000e+04
9.140000000000000000e+02 1.039920000000000073e+04
8.740000000000000000e+02 1.040060000000000036e+04
1.194000000000000000e+03 1.055405000000000109e+04
1.026000000000000000e+03 1.059485000000000036e+04
9.460000000000000000e+02 1.062935000000000036e+04
1.074000000000000000e+03 1.063164999999999964e+04
9.620000000000000000e+02 1.065905000000000109e+04
9.860000000000000000e+02 1.067455000000000109e+04
1.090000000000000000e+03 1.070055000000000109e+04
9.540000000000000000e+02 1.073960000000000036e+04
1.098000000000000000e+03 1.074030000000000109e+04
8.340000000000000000e+02 1.075135000000000036e+04
8.420000000000000000e+02 1.080800000000000000e+04
8.740000000000000000e+02 1.086910000000000036e+04
1.122000000000000000e+03 1.087614999999999964e+04
1.106000000000000000e+03 1.090664999999999964e+04
1.146000000000000000e+03 1.091080000000000109e+04
1.170000000000000000e+03 1.096675000000000000e+04
1.090000000000000000e+03 1.098785000000000036e+04
8.660000000000000000e+02 1.100520000000000073e+04
1.002000000000000000e+03 1.100970000000000073e+04
8.500000000000000000e+02 1.101035000000000036e+04
1.098000000000000000e+03 1.101225000000000000e+04
8.340000000000000000e+02 1.101495000000000073e+04
9.060000000000000000e+02 1.101764999999999964e+04
8.740000000000000000e+02 1.101860000000000036e+04
1.114000000000000000e+03 1.102089999999999964e+04
9.540000000000000000e+02 1.102239999999999964e+04
1.018000000000000000e+03 1.102285000000000036e+04
1.106000000000000000e+03 1.102325000000000000e+04
1.066000000000000000e+03 1.102955000000000109e+04
1.058000000000000000e+03 1.103030000000000109e+04
1.026000000000000000e+03 1.103095000000000073e+04
8.900000000000000000e+02 1.103145000000000073e+04
9.620000000000000000e+02 1.103625000000000000e+04
1.042000000000000000e+03 1.104039999999999964e+04
8.660000000000000000e+02 1.104405000000000109e+04
1.002000000000000000e+03 1.104475000000000000e+04
1.178000000000000000e+03 1.104505000000000109e+04
8.180000000000000000e+02 1.104580000000000109e+04
9.860000000000000000e+02 1.104930000000000109e+04
8.740000000000000000e+02 1.105000000000000000e+04
9.060000000000000000e+02 1.105275000000000000e+04
1.146000000000000000e+03 1.105375000000000000e+04
1.074000000000000000e+03 1.105455000000000109e+04
1.114000000000000000e+03 1.105530000000000109e+04
8.580000000000000000e+02 1.105605000000000109e+04
9.460000000000000000e+02 1.105610000000000036e+04
9.140000000000000000e+02 1.105839999999999964e+04
1.082000000000000000e+03 1.105864999999999964e+04
1.010000000000000000e+03 1.105885000000000036e+04
1.186000000000000000e+03 1.105980000000000109e+04
8.820000000000000000e+02 1.105985000000000036e+04
1.018000000000000000e+03 1.105985000000000036e+04
9.700000000000000000e+02 1.106095000000000073e+04
8.100000000000000000e+02 1.106125000000000000e+04
1.162000000000000000e+03 1.106170000000000073e+04
1.034000000000000000e+03 1.106180000000000109e+04
8.260000000000000000e+02 1.106425000000000000e+04
9.940000000000000000e+02 1.106880000000000109e+04
8.340000000000000000e+02 1.106895000000000073e+04
1.170000000000000000e+03 1.106950000000000000e+04
1.106000000000000000e+03 1.107250000000000000e+04
1.130000000000000000e+03 1.107450000000000000e+04
1.138000000000000000e+03 1.107495000000000073e+04
9.300000000000000000e+02 1.107545000000000073e+04
1.154000000000000000e+03 1.107620000000000073e+04
1.098000000000000000e+03 1.107814999999999964e+04
9.220000000000000000e+02 1.108330000000000109e+04
1.066000000000000000e+03 1.108685000000000036e+04
1.194000000000000000e+03 1.108800000000000000e+04
1.026000000000000000e+03 1.108810000000000036e+04
8.180000000000000000e+02 1.108939999999999964e+04
1.034000000000000000e+03 1.109235000000000036e+04
1.090000000000000000e+03 1.109280000000000109e+04
8.980000000000000000e+02 1.109595000000000073e+04
1.058000000000000000e+03 1.109710000000000036e+04
1.042000000000000000e+03 1.109870000000000073e+04
9.860000000000000000e+02 1.110420000000000073e+04
9.540000000000000000e+02 1.110430000000000109e+04
1.162000000000000000e+03 1.110845000000000073e+04
9.940000000000000000e+02 1.111064999999999964e+04
8.100000000000000000e+02 1.111430000000000109e+04
8.900000000000000000e+02 1.111435000000000036e+04
1.082000000000000000e+03 1.111435000000000036e+04
8.740000000000000000e+02 1.111460000000000036e+04
1.098000000000000000e+03 1.111489999999999964e+04
1.146000000000000000e+03 1.111489999999999964e+04
1.074000000000000000e+03 1.111520000000000073e+04
9.140000000000000000e+02 1.111550000000000000e+04
1.170000000000000000e+03 1.111560000000000036e+04
1.138000000000000000e+03 1.111564999999999964e+04
8.020000000000000000e+02 1.111575000000000000e+04
1.050000000000000000e+03 1.111585000000000036e+04
9.460000000000000000e+02 1.111595000000000073e+04
8.660000000000000000e+02 1.111939999999999964e+04
1.002000000000000000e+03 1.112539999999999964e+04
1.178000000000000000e+03 1.112730000000000109e+04
1.114000000000000000e+03 1.112830000000000109e+04
8.980000000000000000e+02 1.112875000000000000e+04
9.700000000000000000e+02 1.112885000000000036e+04
9.780000000000000000e+02 1.112925000000000000e+04
8.580000000000000000e+02 1.113030000000000109e+04
8.180000000000000000e+02 1.113064999999999964e+04
1.018000000000000000e+03 1.113245000000000073e+04
1.122000000000000000e+03 1.113339999999999964e+04
1.034000000000000000e+03 1.113595000000000073e+04
1.130000000000000000e+03 1.113680000000000109e+04
1.186000000000000000e+03 1.113855000000000109e+04
1.010000000000000000e+03 1.113955000000000109e+04
9.620000000000000000e+02 1.113970000000000073e+04
9.380000000000000000e+02 1.113980000000000109e+04
8.340000000000000000e+02 1.114435000000000036e+04
8.820000000000000000e+02 1.114585000000000036e+04
9.140000000000000000e+02 1.114914999999999964e+04
1.002000000000000000e+03 1.115180000000000109e+04
1.026000000000000000e+03 1.115189999999999964e+04
9.300000000000000000e+02 1.115239999999999964e+04
1.162000000000000000e+03 1.115525000000000000e+04
1.082000000000000000e+03 1.115664999999999964e+04
1.154000000000000000e+03 1.116185000000000036e+04
1.050000000000000000e+03 1.116280000000000109e+04
1.138000000000000000e+03 1.116325000000000000e+04
1.194000000000000000e+03 1.116325000000000000e+04
9.780000000000000000e+02 1.116335000000000036e+04
1.074000000000000000e+03 1.116595000000000073e+04
8.180000000000000000e+02 1.116775000000000000e+04
1.098000000000000000e+03 1.116795000000000073e+04
1.114000000000000000e+03 1.116810000000000036e+04
9.060000000000000000e+02 1.116850000000000000e+04
8.900000000000000000e+02 1.116970000000000073e+04
8.660000000000000000e+02 1.117195000000000073e+04
1.090000000000000000e+03 1.117600000000000000e+04
1.018000000000000000e+03 1.117789999999999964e+04
9.300000000000000000e+02 1.117995000000000073e+04
9.380000000000000000e+02 1.118410000000000036e+04
9.460000000000000000e+02 1.118495000000000073e+04
8.260000000000000000e+02 1.118820000000000073e+04
1.042000000000000000e+03 1.118939999999999964e+04
9.700000000000000000e+02 1.118945000000000073e+04
1.106000000000000000e+03 1.119085000000000036e+04
8.580000000000000000e+02 1.119155000000000109e+04
8.100000000000000000e+02 1.119180000000000109e+04
8.820000000000000000e+02 1.119239999999999964e+04
1.170000000000000000e+03 1.119239999999999964e+04
8.020000000000000000e+02 1.119350000000000000e+04
1.002000000000000000e+03 1.119435000000000036e+04
9.220000000000000000e+02 1.119539999999999964e+04
1.162000000000000000e+03 1.119600000000000000e+04
9.860000000000000000e+02 1.119655000000000109e+04
1.146000000000000000e+03 1.119789999999999964e+04
9.140000000000000000e+02 1.120270000000000073e+04
1.010000000000000000e+03 1.120389999999999964e+04
9.780000000000000000e+02 1.120425000000000000e+04
1.026000000000000000e+03 1.120560000000000036e+04
1.154000000000000000e+03 1.120625000000000000e+04
1.194000000000000000e+03 1.120725000000000000e+04
1.058000000000000000e+03 1.121145000000000073e+04
8.980000000000000000e+02 1.121620000000000073e+04
8.340000000000000000e+02 1.121914999999999964e+04
8.660000000000000000e+02 1.121995000000000073e+04
8.420000000000000000e+02 1.122014999999999964e+04
9.060000000000000000e+02 1.122075000000000000e+04
1.074000000000000000e+03 1.122105000000000109e+04
9.940000000000000000e+02 1.122389999999999964e+04
9.460000000000000000e+02 1.122720000000000073e+04
1.114000000000000000e+03 1.123175000000000000e+04
1.018000000000000000e+03 1.123425000000000000e+04
1.066000000000000000e+03 1.123425000000000000e+04
8.020000000000000000e+02 1.123605000000000109e+04
1.010000000000000000e+03 1.123685000000000036e+04
1.106000000000000000e+03 1.123705000000000109e+04
8.180000000000000000e+02 1.123914999999999964e+04
9.700000000000000000e+02 1.123975000000000000e+04
1.162000000000000000e+03 1.124080000000000109e+04
1.170000000000000000e+03 1.124435000000000036e+04
8.820000000000000000e+02 1.124575000000000000e+04
1.186000000000000000e+03 1.124939999999999964e+04
8.260000000000000000e+02 1.124985000000000036e+04
8.740000000000000000e+02 1.125050000000000000e+04
1.026000000000000000e+03 1.125185000000000036e+04
1.002000000000000000e+03 1.125214999999999964e+04
9.220000000000000000e+02 1.125264999999999964e+04
8.500000000000000000e+02 1.125330000000000109e+04
9.460000000000000000e+02 1.125630000000000109e+04
9.300000000000000000e+02 1.125655000000000109e+04
1.042000000000000000e+03 1.125710000000000036e+04
1.146000000000000000e+03 1.125735000000000036e+04
9.140000000000000000e+02 1.126210000000000036e+04
8.580000000000000000e+02 1.126260000000000036e+04
8.340000000000000000e+02 1.126300000000000000e+04
1.138000000000000000e+03 1.126330000000000109e+04
1.034000000000000000e+03 1.126385000000000036e+04
1.082000000000000000e+03 1.126555000000000109e+04
8.900000000000000000e+02 1.126600000000000000e+04
9.620000000000000000e+02 1.126610000000000036e+04
8.980000000000000000e+02 1.126650000000000000e+04
9.540000000000000000e+02 1.126645000000000073e+04
1.058000000000000000e+03 1.126735000000000036e+04
9.060000000000000000e+02 1.126770000000000073e+04
1.090000000000000000e+03 1.127300000000000000e+04
1.098000000000000000e+03 1.127375000000000000e+04
1.074000000000000000e+03 1.127650000000000000e+04
1.178000000000000000e+03 1.127939999999999964e+04
1.114000000000000000e+03 1.127975000000000000e+04
9.940000000000000000e+02 1.128000000000000000e+04
1.106000000000000000e+03 1.128070000000000073e+04
8.660000000000000000e+02 1.128395000000000073e+04
9.380000000000000000e+02 1.128470000000000073e+04
8.180000000000000000e+02 1.128625000000000000e+04
9.220000000000000000e+02 1.128925000000000000e+04
8.820000000000000000e+02 1.129530000000000109e+04
1.146000000000000000e+03 1.129635000000000036e+04
8.020000000000000000e+02 1.129795000000000073e+04
1.018000000000000000e+03 1.129845000000000073e+04
8.900000000000000000e+02 1.129914999999999964e+04
9.460000000000000000e+02 1.130095000000000073e+04
1.170000000000000000e+03 1.130214999999999964e+04
1.026000000000000000e+03 1.130260000000000036e+04
1.162000000000000000e+03 1.130280000000000109e+04
9.300000000000000000e+02 1.130305000000000109e+04
1.194000000000000000e+03 1.131050000000000000e+04
1.034000000000000000e+03 1.131064999999999964e+04
1.138000000000000000e+03 1.131080000000000109e+04
8.980000000000000000e+02 1.131439999999999964e+04
1.154000000000000000e+03 1.131450000000000000e+04
8.500000000000000000e+02 1.131610000000000036e+04
1.074000000000000000e+03 1.131660000000000036e+04
8.340000000000000000e+02 1.131739999999999964e+04
9.620000000000000000e+02 1.131864999999999964e+04
1.082000000000000000e+03 1.132205000000000109e+04
8.020000000000000000e+02 1.132489999999999964e+04
8.660000000000000000e+02 1.132514999999999964e+04
9.540000000000000000e+02 1.133189999999999964e+04
1.066000000000000000e+03 1.133320000000000073e+04
1.186000000000000000e+03 1.133445000000000073e+04
9.220000000000000000e+02 1.133620000000000073e+04
9.060000000000000000e+02 1.133789999999999964e+04
8.900000000000000000e+02 1.133975000000000000e+04
8.820000000000000000e+02 1.134080000000000109e+04
1.162000000000000000e+03 1.134075000000000000e+04
9.460000000000000000e+02 1.134750000000000000e+04
1.098000000000000000e+03 1.134745000000000073e+04
9.140000000000000000e+02 1.134855000000000109e+04
1.082000000000000000e+03 1.134995000000000073e+04
9.780000000000000000e+02 1.135320000000000073e+04
8.740000000000000000e+02 1.135330000000000109e+04
8.980000000000000000e+02 1.135480000000000109e+04
1.146000000000000000e+03 1.135660000000000036e+04
8.260000000000000000e+02 1.135720000000000073e+04
8.100000000000000000e+02 1.136150000000000000e+04
1.050000000000000000e+03 1.136539999999999964e+04
1.010000000000000000e+03 1.136705000000000109e+04
8.660000000000000000e+02 1.136760000000000036e+04
1.002000000000000000e+03 1.136995000000000073e+04
1.066000000000000000e+03 1.137285000000000036e+04
1.058000000000000000e+03 1.137339999999999964e+04
1.154000000000000000e+03 1.137630000000000109e+04
8.020000000000000000e+02 1.137689999999999964e+04
1.074000000000000000e+03 1.137770000000000073e+04
1.018000000000000000e+03 1.137839999999999964e+04
1.026000000000000000e+03 1.138105000000000109e+04
9.540000000000000000e+02 1.138220000000000073e+04
1.090000000000000000e+03 1.138405000000000109e+04
8.740000000000000000e+02 1.138500000000000000e+04
1.186000000000000000e+03 1.138560000000000036e+04
1.082000000000000000e+03 1.138630000000000109e+04
1.138000000000000000e+03 1.138700000000000000e+04
1.178000000000000000e+03 1.138989999999999964e+04
8.340000000000000000e+02 1.139020000000000073e+04
9.860000000000000000e+02 1.139125000000000000e+04
9.300000000000000000e+02 1.139155000000000109e+04
1.034000000000000000e+03 1.139525000000000000e+04
9.460000000000000000e+02 1.140164999999999964e+04
1.146000000000000000e+03 1.140214999999999964e+04
1.042000000000000000e+03 1.140325000000000000e+04
9.780000000000000000e+02 1.140385000000000036e+04
1.194000000000000000e+03 1.140435000000000036e+04
9.940000000000000000e+02 1.140700000000000000e+04
1.162000000000000000e+03 1.141089999999999964e+04
8.260000000000000000e+02 1.141189999999999964e+04
8.980000000000000000e+02 1.141230000000000109e+04
1.010000000000000000e+03 1.141305000000000109e+04
8.180000000000000000e+02 1.141325000000000000e+04
1.098000000000000000e+03 1.142089999999999964e+04
9.700000000000000000e+02 1.142155000000000109e+04
8.500000000000000000e+02 1.142275000000000000e+04
1.114000000000000000e+03 1.142389999999999964e+04
9.540000000000000000e+02 1.142420000000000073e+04
8.740000000000000000e+02 1.143000000000000000e+04
9.220000000000000000e+02 1.143045000000000073e+04
8.660000000000000000e+02 1.143055000000000109e+04
1.090000000000000000e+03 1.143070000000000073e+04
1.138000000000000000e+03 1.143170000000000073e+04
1.154000000000000000e+03 1.143645000000000073e+04
9.380000000000000000e+02 1.143910000000000036e+04
1.082000000000000000e+03 1.143989999999999964e+04
1.026000000000000000e+03 1.144064999999999964e+04
8.580000000000000000e+02 1.144480000000000109e+04
1.186000000000000000e+03 1.144500000000000000e+04
1.130000000000000000e+03 1.144530000000000109e+04
8.340000000000000000e+02 1.144585000000000036e+04
1.010000000000000000e+03 1.144705000000000109e+04
1.058000000000000000e+03 1.144710000000000036e+04
1.034000000000000000e+03 1.144789999999999964e+04
1.178000000000000000e+03 1.144870000000000073e+04
1.170000000000000000e+03 1.145375000000000000e+04
8.980000000000000000e+02 1.145535000000000036e+04
1.106000000000000000e+03 1.145950000000000000e+04
1.122000000000000000e+03 1.145945000000000073e+04
9.620000000000000000e+02 1.146245000000000073e+04
9.460000000000000000e+02 1.146410000000000036e+04
1.050000000000000000e+03 1.146785000000000036e+04
1.074000000000000000e+03 1.146839999999999964e+04
1.114000000000000000e+03 1.146875000000000000e+04
8.900000000000000000e+02 1.146960000000000036e+04
9.140000000000000000e+02 1.147505000000000109e+04
9.300000000000000000e+02 1.147650000000000000e+04
9.860000000000000000e+02 1.147764999999999964e+04
1.026000000000000000e+03 1.148005000000000109e+04
1.146000000000000000e+03 1.148030000000000109e+04
1.186000000000000000e+03 1.148035000000000036e+04
9.940000000000000000e+02 1.148070000000000073e+04
1.042000000000000000e+03 1.148185000000000036e+04
1.106000000000000000e+03 1.148560000000000036e+04
1.066000000000000000e+03 1.148855000000000109e+04
1.010000000000000000e+03 1.148964999999999964e+04
1.194000000000000000e+03 1.149045000000000073e+04
1.018000000000000000e+03 1.149105000000000109e+04
9.060000000000000000e+02 1.149130000000000109e+04
8.100000000000000000e+02 1.149160000000000036e+04
1.138000000000000000e+03 1.149685000000000036e+04
1.098000000000000000e+03 1.150264999999999964e+04
1.058000000000000000e+03 1.150360000000000036e+04
8.740000000000000000e+02 1.150364999999999964e+04
8.340000000000000000e+02 1.150920000000000073e+04
8.580000000000000000e+02 1.151110000000000036e+04
1.122000000000000000e+03 1.151195000000000073e+04
1.114000000000000000e+03 1.151545000000000073e+04
1.074000000000000000e+03 1.151660000000000036e+04
9.380000000000000000e+02 1.151750000000000000e+04
8.260000000000000000e+02 1.151939999999999964e+04
1.050000000000000000e+03 1.151975000000000000e+04
9.700000000000000000e+02 1.152105000000000109e+04
1.178000000000000000e+03 1.152280000000000109e+04
9.460000000000000000e+02 1.152535000000000036e+04
1.106000000000000000e+03 1.152595000000000073e+04
9.940000000000000000e+02 1.152605000000000109e+04
8.980000000000000000e+02 1.152675000000000000e+04
8.420000000000000000e+02 1.152830000000000109e+04
1.146000000000000000e+03 1.152960000000000036e+04
9.300000000000000000e+02 1.152989999999999964e+04
1.194000000000000000e+03 1.153100000000000000e+04
8.180000000000000000e+02 1.153150000000000000e+04
1.186000000000000000e+03 1.153350000000000000e+04
1.018000000000000000e+03 1.153539999999999964e+04
1.162000000000000000e+03 1.154005000000000109e+04
8.020000000000000000e+02 1.154130000000000109e+04
9.220000000000000000e+02 1.154170000000000073e+04
1.010000000000000000e+03 1.154500000000000000e+04
1.138000000000000000e+03 1.154550000000000000e+04
1.034000000000000000e+03 1.155130000000000109e+04
1.066000000000000000e+03 1.155280000000000109e+04
8.100000000000000000e+02 1.155305000000000109e+04
1.042000000000000000e+03 1.155770000000000073e+04
9.940000000000000000e+02 1.155860000000000036e+04
8.500000000000000000e+02 1.155875000000000000e+04
8.900000000000000000e+02 1.155964999999999964e+04
1.170000000000000000e+03 1.156000000000000000e+04
8.740000000000000000e+02 1.156095000000000073e+04
9.460000000000000000e+02 1.156330000000000109e+04
1.058000000000000000e+03 1.156560000000000036e+04
1.002000000000000000e+03 1.156845000000000073e+04
1.194000000000000000e+03 1.156989999999999964e+04
9.140000000000000000e+02 1.157025000000000000e+04
1.018000000000000000e+03 1.157195000000000073e+04
8.100000000000000000e+02 1.157405000000000109e+04
9.540000000000000000e+02 1.157955000000000109e+04
1.154000000000000000e+03 1.158210000000000036e+04
1.114000000000000000e+03 1.158430000000000109e+04
1.146000000000000000e+03 1.158570000000000073e+04
9.300000000000000000e+02 1.158614999999999964e+04
1.090000000000000000e+03 1.158789999999999964e+04
8.020000000000000000e+02 1.158839999999999964e+04
8.420000000000000000e+02 1.158910000000000036e+04
1.186000000000000000e+03 1.159214999999999964e+04
1.170000000000000000e+03 1.159395000000000073e+04
8.180000000000000000e+02 1.159405000000000109e+04
1.138000000000000000e+03 1.159489999999999964e+04
9.060000000000000000e+02 1.159589999999999964e+04
8.660000000000000000e+02 1.159620000000000073e+04
1.050000000000000000e+03 1.159760000000000036e+04
8.900000000000000000e+02 1.159839999999999964e+04
1.106000000000000000e+03 1.159955000000000109e+04
9.780000000000000000e+02 1.160085000000000036e+04
1.018000000000000000e+03 1.160310000000000036e+04
9.220000000000000000e+02 1.160725000000000000e+04
1.074000000000000000e+03 1.160770000000000073e+04
1.010000000000000000e+03 1.161045000000000073e+04
1.162000000000000000e+03 1.161335000000000036e+04
8.260000000000000000e+02 1.161464999999999964e+04
1.058000000000000000e+03 1.161905000000000109e+04
8.580000000000000000e+02 1.161960000000000036e+04
1.042000000000000000e+03 1.161985000000000036e+04
1.178000000000000000e+03 1.162160000000000036e+04
1.082000000000000000e+03 1.162635000000000036e+04
1.034000000000000000e+03 1.162875000000000000e+04
8.100000000000000000e+02 1.163000000000000000e+04
9.620000000000000000e+02 1.163505000000000109e+04
1.130000000000000000e+03 1.163564999999999964e+04
8.340000000000000000e+02 1.163600000000000000e+04
9.460000000000000000e+02 1.163970000000000073e+04
1.162000000000000000e+03 1.164120000000000073e+04
8.500000000000000000e+02 1.164139999999999964e+04
9.380000000000000000e+02 1.164225000000000000e+04
8.980000000000000000e+02 1.164270000000000073e+04
1.122000000000000000e+03 1.164460000000000036e+04
1.090000000000000000e+03 1.164464999999999964e+04
9.940000000000000000e+02 1.165110000000000036e+04
8.660000000000000000e+02 1.165245000000000073e+04
8.420000000000000000e+02 1.165339999999999964e+04
1.178000000000000000e+03 1.165345000000000073e+04
1.186000000000000000e+03 1.165375000000000000e+04
8.180000000000000000e+02 1.165395000000000073e+04
9.300000000000000000e+02 1.165689999999999964e+04
1.010000000000000000e+03 1.165825000000000000e+04
8.580000000000000000e+02 1.165939999999999964e+04
8.820000000000000000e+02 1.166035000000000036e+04
1.002000000000000000e+03 1.166035000000000036e+04
1.026000000000000000e+03 1.166114999999999964e+04
1.154000000000000000e+03 1.166339999999999964e+04
8.260000000000000000e+02 1.166535000000000036e+04
1.138000000000000000e+03 1.166580000000000109e+04
1.170000000000000000e+03 1.166755000000000109e+04
1.034000000000000000e+03 1.166910000000000036e+04
1.194000000000000000e+03 1.167135000000000036e+04
1.018000000000000000e+03 1.167505000000000109e+04
9.140000000000000000e+02 1.167530000000000109e+04
1.114000000000000000e+03 1.167570000000000073e+04
1.162000000000000000e+03 1.167614999999999964e+04
9.380000000000000000e+02 1.167714999999999964e+04
9.860000000000000000e+02 1.167880000000000109e+04
8.500000000000000000e+02 1.167895000000000073e+04
9.700000000000000000e+02 1.168200000000000000e+04
1.066000000000000000e+03 1.168195000000000073e+04
1.146000000000000000e+03 1.168300000000000000e+04
8.900000000000000000e+02 1.168350000000000000e+04
1.042000000000000000e+03 1.168389999999999964e+04
1.010000000000000000e+03 1.168560000000000036e+04
9.780000000000000000e+02 1.168900000000000000e+04
1.186000000000000000e+03 1.169414999999999964e+04
9.620000000000000000e+02 1.169755000000000109e+04
8.660000000000000000e+02 1.170150000000000000e+04
8.740000000000000000e+02 1.170170000000000073e+04
8.980000000000000000e+02 1.170289999999999964e+04
1.090000000000000000e+03 1.170320000000000073e+04
1.074000000000000000e+03 1.170500000000000000e+04
8.820000000000000000e+02 1.170510000000000036e+04
1.034000000000000000e+03 1.170520000000000073e+04
1.178000000000000000e+03 1.170950000000000000e+04
8.180000000000000000e+02 1.171010000000000036e+04
1.162000000000000000e+03 1.171039999999999964e+04
8.580000000000000000e+02 1.171060000000000036e+04
1.170000000000000000e+03 1.171080000000000109e+04
1.114000000000000000e+03 1.171175000000000000e+04
1.154000000000000000e+03 1.171195000000000073e+04
1.058000000000000000e+03 1.171210000000000036e+04
8.340000000000000000e+02 1.171405000000000109e+04
9.460000000000000000e+02 1.172030000000000109e+04
9.940000000000000000e+02 1.172264999999999964e+04
1.106000000000000000e+03 1.172310000000000036e+04
9.300000000000000000e+02 1.172420000000000073e+04
9.620000000000000000e+02 1.172645000000000073e+04
1.130000000000000000e+03 1.172760000000000036e+04
8.260000000000000000e+02 1.172785000000000036e+04
9.780000000000000000e+02 1.172835000000000036e+04
8.900000000000000000e+02 1.172939999999999964e+04
9.700000000000000000e+02 1.172975000000000000e+04
1.002000000000000000e+03 1.173270000000000073e+04
1.194000000000000000e+03 1.173814999999999964e+04
1.098000000000000000e+03 1.173860000000000036e+04
1.186000000000000000e+03 1.174070000000000073e+04
1.010000000000000000e+03 1.174135000000000036e+04
1.178000000000000000e+03 1.174300000000000000e+04
8.340000000000000000e+02 1.174320000000000073e+04
1.146000000000000000e+03 1.174450000000000000e+04
8.020000000000000000e+02 1.174530000000000109e+04
9.220000000000000000e+02 1.174700000000000000e+04
8.100000000000000000e+02 1.174889999999999964e+04
9.540000000000000000e+02 1.175270000000000073e+04
1.138000000000000000e+03 1.175420000000000073e+04
9.860000000000000000e+02 1.175425000000000000e+04
8.980000000000000000e+02 1.175630000000000109e+04
1.122000000000000000e+03 1.175660000000000036e+04
9.380000000000000000e+02 1.175995000000000073e+04
9.300000000000000000e+02 1.176030000000000109e+04
1.170000000000000000e+03 1.176120000000000073e+04
9.140000000000000000e+02 1.176180000000000109e+04
1.114000000000000000e+03 1.176275000000000000e+04
1.074000000000000000e+03 1.176360000000000036e+04
8.260000000000000000e+02 1.176739999999999964e+04
8.820000000000000000e+02 1.176885000000000036e+04
1.106000000000000000e+03 1.177055000000000109e+04
9.460000000000000000e+02 1.177245000000000073e+04
1.066000000000000000e+03 1.177625000000000000e+04
8.900000000000000000e+02 1.177760000000000036e+04
1.090000000000000000e+03 1.177820000000000073e+04
1.050000000000000000e+03 1.177835000000000036e+04
9.220000000000000000e+02 1.177870000000000073e+04
1.026000000000000000e+03 1.177885000000000036e+04
1.154000000000000000e+03 1.177885000000000036e+04
9.620000000000000000e+02 1.177925000000000000e+04
8.340000000000000000e+02 1.178589999999999964e+04
8.740000000000000000e+02 1.178600000000000000e+04
1.162000000000000000e+03 1.178650000000000000e+04
1.130000000000000000e+03 1.178695000000000073e+04
8.180000000000000000e+02 1.178730000000000109e+04
8.500000000000000000e+02 1.178800000000000000e+04
1.002000000000000000e+03 1.178900000000000000e+04
8.020000000000000000e+02 1.178935000000000036e+04
1.042000000000000000e+03 1.179120000000000073e+04
8.980000000000000000e+02 1.179389999999999964e+04
9.060000000000000000e+02 1.179455000000000109e+04
9.700000000000000000e+02 1.179464999999999964e+04
1.074000000000000000e+03 1.179475000000000000e+04
1.146000000000000000e+03 1.179485000000000036e+04
1.170000000000000000e+03 1.179945000000000073e+04
9.380000000000000000e+02 1.180050000000000000e+04
9.140000000000000000e+02 1.180555000000000109e+04
1.178000000000000000e+03 1.180750000000000000e+04
1.034000000000000000e+03 1.180895000000000073e+04
1.026000000000000000e+03 1.181060000000000036e+04
8.740000000000000000e+02 1.181550000000000000e+04
1.194000000000000000e+03 1.181825000000000000e+04
1.010000000000000000e+03 1.182010000000000036e+04
8.100000000000000000e+02 1.182035000000000036e+04
1.082000000000000000e+03 1.182145000000000073e+04
9.780000000000000000e+02 1.182235000000000036e+04
1.138000000000000000e+03 1.182330000000000109e+04
9.060000000000000000e+02 1.182389999999999964e+04
1.058000000000000000e+03 1.182420000000000073e+04
9.220000000000000000e+02 1.182480000000000109e+04
1.162000000000000000e+03 1.182530000000000109e+04
1.170000000000000000e+03 1.182870000000000073e+04
1.186000000000000000e+03 1.183025000000000000e+04
8.500000000000000000e+02 1.183339999999999964e+04
1.042000000000000000e+03 1.183400000000000000e+04
8.660000000000000000e+02 1.183550000000000000e+04
1.026000000000000000e+03 1.183810000000000036e+04
8.260000000000000000e+02 1.183864999999999964e+04
1.098000000000000000e+03 1.183945000000000073e+04
1.050000000000000000e+03 1.183975000000000000e+04
9.940000000000000000e+02 1.184005000000000109e+04
8.340000000000000000e+02 1.184100000000000000e+04
8.020000000000000000e+02 1.184225000000000000e+04
9.460000000000000000e+02 1.184289999999999964e+04
1.002000000000000000e+03 1.184430000000000109e+04
1.106000000000000000e+03 1.184439999999999964e+04
9.700000000000000000e+02 1.184485000000000036e+04
1.082000000000000000e+03 1.184570000000000073e+04
8.820000000000000000e+02 1.184860000000000036e+04
1.074000000000000000e+03 1.184875000000000000e+04
1.146000000000000000e+03 1.184875000000000000e+04
9.220000000000000000e+02 1.185145000000000073e+04
9.060000000000000000e+02 1.185230000000000109e+04
1.018000000000000000e+03 1.185250000000000000e+04
9.620000000000000000e+02 1.185300000000000000e+04
1.154000000000000000e+03 1.185989999999999964e+04
8.900000000000000000e+02 1.186000000000000000e+04
1.130000000000000000e+03 1.186145000000000073e+04
1.034000000000000000e+03 1.186839999999999964e+04
8.980000000000000000e+02 1.187005000000000109e+04
1.162000000000000000e+03 1.187010000000000036e+04
8.660000000000000000e+02 1.187230000000000109e+04
9.940000000000000000e+02 1.187225000000000000e+04
1.114000000000000000e+03 1.187225000000000000e+04
8.580000000000000000e+02 1.187305000000000109e+04
1.178000000000000000e+03 1.187575000000000000e+04
8.340000000000000000e+02 1.187855000000000109e+04
1.058000000000000000e+03 1.188189999999999964e+04
8.820000000000000000e+02 1.188375000000000000e+04
1.194000000000000000e+03 1.188650000000000000e+04
9.060000000000000000e+02 1.189155000000000109e+04
1.090000000000000000e+03 1.189245000000000073e+04
8.740000000000000000e+02 1.189260000000000036e+04
8.260000000000000000e+02 1.189420000000000073e+04
1.018000000000000000e+03 1.189520000000000073e+04
1.098000000000000000e+03 1.189714999999999964e+04
8.980000000000000000e+02 1.190000000000000000e+04
9.540000000000000000e+02 1.190005000000000109e+04
9.700000000000000000e+02 1.190035000000000036e+04
1.162000000000000000e+03 1.190039999999999964e+04
9.300000000000000000e+02 1.190075000000000000e+04
8.900000000000000000e+02 1.190095000000000073e+04
1.122000000000000000e+03 1.190120000000000073e+04
1.082000000000000000e+03 1.190405000000000109e+04
1.146000000000000000e+03 1.190705000000000109e+04
8.020000000000000000e+02 1.190755000000000109e+04
1.178000000000000000e+03 1.190980000000000109e+04
1.186000000000000000e+03 1.191345000000000073e+04
1.002000000000000000e+03 1.191430000000000109e+04
1.154000000000000000e+03 1.191664999999999964e+04
1.074000000000000000e+03 1.191780000000000109e+04
9.940000000000000000e+02 1.192010000000000036e+04
1.138000000000000000e+03 1.192195000000000073e+04
1.090000000000000000e+03 1.192225000000000000e+04
1.130000000000000000e+03 1.192285000000000036e+04
1.066000000000000000e+03 1.192300000000000000e+04
1.010000000000000000e+03 1.192480000000000109e+04
9.620000000000000000e+02 1.192500000000000000e+04
1.170000000000000000e+03 1.192520000000000073e+04
1.050000000000000000e+03 1.192664999999999964e+04
9.860000000000000000e+02 1.192714999999999964e+04
9.140000000000000000e+02 1.192725000000000000e+04
8.180000000000000000e+02 1.192970000000000073e+04
8.500000000000000000e+02 1.193395000000000073e+04
9.300000000000000000e+02 1.193725000000000000e+04
1.026000000000000000e+03 1.193735000000000036e+04
9.060000000000000000e+02 1.193960000000000036e+04
8.980000000000000000e+02 1.194330000000000109e+04
9.540000000000000000e+02 1.194405000000000109e+04
8.020000000000000000e+02 1.194520000000000073e+04
9.380000000000000000e+02 1.194570000000000073e+04
1.058000000000000000e+03 1.194635000000000036e+04
8.260000000000000000e+02 1.194930000000000109e+04
1.178000000000000000e+03 1.194939999999999964e+04
1.018000000000000000e+03 1.194975000000000000e+04
8.580000000000000000e+02 1.195030000000000109e+04
1.186000000000000000e+03 1.195245000000000073e+04
8.900000000000000000e+02 1.195339999999999964e+04
1.194000000000000000e+03 1.195685000000000036e+04
1.002000000000000000e+03 1.195805000000000109e+04
8.340000000000000000e+02 1.195910000000000036e+04
8.100000000000000000e+02 1.196264999999999964e+04
9.220000000000000000e+02 1.196630000000000109e+04
9.780000000000000000e+02 1.196795000000000073e+04
1.114000000000000000e+03 1.196935000000000036e+04
1.146000000000000000e+03 1.197035000000000036e+04
8.500000000000000000e+02 1.197360000000000036e+04
1.138000000000000000e+03 1.197355000000000109e+04
1.154000000000000000e+03 1.197535000000000036e+04
1.186000000000000000e+03 1.197860000000000036e+04
9.380000000000000000e+02 1.197935000000000036e+04
9.940000000000000000e+02 1.198020000000000073e+04
1.026000000000000000e+03 1.198080000000000109e+04
1.130000000000000000e+03 1.198085000000000036e+04
9.620000000000000000e+02 1.198575000000000000e+04
9.700000000000000000e+02 1.198810000000000036e+04
1.050000000000000000e+03 1.199080000000000109e+04
1.034000000000000000e+03 1.199214999999999964e+04
8.180000000000000000e+02 1.199595000000000073e+04
9.780000000000000000e+02 1.199825000000000000e+04
8.980000000000000000e+02 1.199860000000000036e+04
1.194000000000000000e+03 1.199975000000000000e+04
1.130000000000000000e+03 1.200450000000000000e+04
8.820000000000000000e+02 1.200480000000000109e+04
8.740000000000000000e+02 1.200680000000000109e+04
1.082000000000000000e+03 1.201055000000000109e+04
8.420000000000000000e+02 1.201110000000000036e+04
1.074000000000000000e+03 1.201164999999999964e+04
1.002000000000000000e+03 1.201285000000000036e+04
1.018000000000000000e+03 1.201395000000000073e+04
9.540000000000000000e+02 1.201525000000000000e+04
9.860000000000000000e+02 1.201525000000000000e+04
9.460000000000000000e+02 1.201935000000000036e+04
9.380000000000000000e+02 1.202075000000000000e+04
1.042000000000000000e+03 1.202080000000000109e+04
9.220000000000000000e+02 1.202114999999999964e+04
1.066000000000000000e+03 1.202225000000000000e+04
8.580000000000000000e+02 1.202825000000000000e+04
8.660000000000000000e+02 1.202935000000000036e+04
9.140000000000000000e+02 1.202985000000000036e+04
8.340000000000000000e+02 1.203020000000000073e+04
1.194000000000000000e+03 1.203030000000000109e+04
1.058000000000000000e+03 1.203360000000000036e+04
1.162000000000000000e+03 1.203360000000000036e+04
8.260000000000000000e+02 1.203364999999999964e+04
9.940000000000000000e+02 1.203700000000000000e+04
9.300000000000000000e+02 1.203720000000000073e+04
8.500000000000000000e+02 1.204120000000000073e+04
9.700000000000000000e+02 1.204155000000000109e+04
1.106000000000000000e+03 1.204375000000000000e+04
9.620000000000000000e+02 1.204395000000000073e+04
1.114000000000000000e+03 1.204400000000000000e+04
8.020000000000000000e+02 1.204530000000000109e+04
1.090000000000000000e+03 1.204530000000000109e+04
1.082000000000000000e+03 1.204860000000000036e+04
8.740000000000000000e+02 1.205200000000000000e+04
1.138000000000000000e+03 1.205210000000000036e+04
1.122000000000000000e+03 1.205275000000000000e+04
1.146000000000000000e+03 1.205335000000000036e+04
1.010000000000000000e+03 1.205760000000000036e+04
1.026000000000000000e+03 1.205860000000000036e+04
1.186000000000000000e+03 1.206260000000000036e+04
8.660000000000000000e+02 1.206314999999999964e+04
1.074000000000000000e+03 1.206325000000000000e+04
1.066000000000000000e+03 1.206420000000000073e+04
1.154000000000000000e+03 1.206425000000000000e+04
8.180000000000000000e+02 1.206714999999999964e+04
9.460000000000000000e+02 1.206935000000000036e+04
1.018000000000000000e+03 1.207020000000000073e+04
1.002000000000000000e+03 1.207125000000000000e+04
8.900000000000000000e+02 1.207305000000000109e+04
1.170000000000000000e+03 1.207314999999999964e+04
9.300000000000000000e+02 1.207839999999999964e+04
9.060000000000000000e+02 1.207845000000000073e+04
1.026000000000000000e+03 1.207935000000000036e+04
9.780000000000000000e+02 1.208305000000000109e+04
8.260000000000000000e+02 1.208525000000000000e+04
8.340000000000000000e+02 1.208600000000000000e+04
1.130000000000000000e+03 1.208855000000000109e+04
1.162000000000000000e+03 1.209010000000000036e+04
1.114000000000000000e+03 1.209039999999999964e+04
1.058000000000000000e+03 1.209064999999999964e+04
9.220000000000000000e+02 1.209110000000000036e+04
1.010000000000000000e+03 1.209120000000000073e+04
1.138000000000000000e+03 1.209180000000000109e+04
9.700000000000000000e+02 1.209280000000000109e+04
9.380000000000000000e+02 1.209400000000000000e+04
1.066000000000000000e+03 1.209430000000000109e+04
8.420000000000000000e+02 1.209464999999999964e+04
1.042000000000000000e+03 1.209825000000000000e+04
9.140000000000000000e+02 1.209839999999999964e+04
8.740000000000000000e+02 1.210200000000000000e+04
1.090000000000000000e+03 1.210520000000000073e+04
1.178000000000000000e+03 1.210770000000000073e+04
1.018000000000000000e+03 1.211280000000000109e+04
9.940000000000000000e+02 1.211385000000000036e+04
8.020000000000000000e+02 1.211405000000000109e+04
9.460000000000000000e+02 1.211410000000000036e+04
1.186000000000000000e+03 1.211405000000000109e+04
1.082000000000000000e+03 1.211420000000000073e+04
9.540000000000000000e+02 1.211514999999999964e+04
1.034000000000000000e+03 1.211514999999999964e+04
8.180000000000000000e+02 1.211820000000000073e+04
1.194000000000000000e+03 1.211935000000000036e+04
1.010000000000000000e+03 1.212185000000000036e+04
1.002000000000000000e+03 1.212205000000000109e+04
1.098000000000000000e+03 1.212610000000000036e+04
1.058000000000000000e+03 1.212685000000000036e+04
1.026000000000000000e+03 1.212705000000000109e+04
9.700000000000000000e+02 1.212764999999999964e+04
8.660000000000000000e+02 1.212775000000000000e+04
9.620000000000000000e+02 1.212780000000000109e+04
8.580000000000000000e+02 1.212864999999999964e+04
9.780000000000000000e+02 1.212875000000000000e+04
8.340000000000000000e+02 1.213170000000000073e+04
8.900000000000000000e+02 1.213225000000000000e+04
1.090000000000000000e+03 1.213235000000000036e+04
9.380000000000000000e+02 1.213270000000000073e+04
1.170000000000000000e+03 1.213270000000000073e+04
8.980000000000000000e+02 1.213285000000000036e+04
1.106000000000000000e+03 1.213439999999999964e+04
8.260000000000000000e+02 1.213489999999999964e+04
9.300000000000000000e+02 1.213750000000000000e+04
1.050000000000000000e+03 1.213920000000000073e+04
9.140000000000000000e+02 1.214080000000000109e+04
8.500000000000000000e+02 1.214085000000000036e+04
1.042000000000000000e+03 1.214810000000000036e+04
1.034000000000000000e+03 1.214975000000000000e+04
1.114000000000000000e+03 1.214980000000000109e+04
9.060000000000000000e+02 1.215000000000000000e+04
9.940000000000000000e+02 1.215020000000000073e+04
8.180000000000000000e+02 1.215089999999999964e+04
1.146000000000000000e+03 1.215089999999999964e+04
8.100000000000000000e+02 1.215585000000000036e+04
1.186000000000000000e+03 1.215885000000000036e+04
9.860000000000000000e+02 1.215975000000000000e+04
1.130000000000000000e+03 1.216030000000000109e+04
8.820000000000000000e+02 1.216295000000000073e+04
9.220000000000000000e+02 1.216295000000000073e+04
9.540000000000000000e+02 1.216310000000000036e+04
9.700000000000000000e+02 1.216375000000000000e+04
1.026000000000000000e+03 1.216410000000000036e+04
1.058000000000000000e+03 1.216639999999999964e+04
9.460000000000000000e+02 1.216975000000000000e+04
1.090000000000000000e+03 1.217205000000000109e+04
1.154000000000000000e+03 1.217330000000000109e+04
1.114000000000000000e+03 1.217350000000000000e+04
1.170000000000000000e+03 1.217395000000000073e+04
1.162000000000000000e+03 1.217410000000000036e+04
1.018000000000000000e+03 1.217520000000000073e+04
1.178000000000000000e+03 1.217595000000000073e+04
1.194000000000000000e+03 1.217730000000000109e+04
1.082000000000000000e+03 1.217795000000000073e+04
1.122000000000000000e+03 1.217855000000000109e+04
1.106000000000000000e+03 1.218000000000000000e+04
9.780000000000000000e+02 1.218170000000000073e+04
8.260000000000000000e+02 1.218670000000000073e+04
9.140000000000000000e+02 1.218900000000000000e+04
8.500000000000000000e+02 1.219050000000000000e+04
1.130000000000000000e+03 1.219285000000000036e+04
1.090000000000000000e+03 1.219345000000000073e+04
1.042000000000000000e+03 1.219475000000000000e+04
8.980000000000000000e+02 1.219495000000000073e+04
8.660000000000000000e+02 1.219780000000000109e+04
1.074000000000000000e+03 1.219950000000000000e+04
9.380000000000000000e+02 1.220160000000000036e+04
9.620000000000000000e+02 1.220255000000000109e+04
1.082000000000000000e+03 1.220480000000000109e+04
8.820000000000000000e+02 1.220585000000000036e+04
8.340000000000000000e+02 1.220680000000000109e+04
1.146000000000000000e+03 1.220780000000000109e+04
1.194000000000000000e+03 1.220785000000000036e+04
1.106000000000000000e+03 1.221030000000000109e+04
9.860000000000000000e+02 1.221055000000000109e+04
1.026000000000000000e+03 1.221220000000000073e+04
9.540000000000000000e+02 1.221420000000000073e+04
1.138000000000000000e+03 1.221475000000000000e+04
1.018000000000000000e+03 1.221535000000000036e+04
9.460000000000000000e+02 1.221635000000000036e+04
1.154000000000000000e+03 1.222085000000000036e+04
1.162000000000000000e+03 1.222125000000000000e+04
8.740000000000000000e+02 1.222170000000000073e+04
1.002000000000000000e+03 1.222214999999999964e+04
8.980000000000000000e+02 1.222675000000000000e+04
1.074000000000000000e+03 1.223375000000000000e+04
8.180000000000000000e+02 1.223385000000000036e+04
8.660000000000000000e+02 1.223430000000000109e+04
1.058000000000000000e+03 1.223425000000000000e+04
1.098000000000000000e+03 1.223430000000000109e+04
9.380000000000000000e+02 1.223760000000000036e+04
1.050000000000000000e+03 1.223800000000000000e+04
1.066000000000000000e+03 1.223805000000000109e+04
9.220000000000000000e+02 1.223820000000000073e+04
9.060000000000000000e+02 1.223855000000000109e+04
1.042000000000000000e+03 1.223980000000000109e+04
9.140000000000000000e+02 1.224295000000000073e+04
1.170000000000000000e+03 1.224400000000000000e+04
1.114000000000000000e+03 1.224489999999999964e+04
1.178000000000000000e+03 1.224555000000000109e+04
8.340000000000000000e+02 1.224670000000000073e+04
9.540000000000000000e+02 1.224830000000000109e+04
1.002000000000000000e+03 1.225430000000000109e+04
1.090000000000000000e+03 1.225585000000000036e+04
8.980000000000000000e+02 1.225670000000000073e+04
1.194000000000000000e+03 1.225700000000000000e+04
1.122000000000000000e+03 1.226075000000000000e+04
1.106000000000000000e+03 1.226135000000000036e+04
1.186000000000000000e+03 1.226175000000000000e+04
8.740000000000000000e+02 1.226220000000000073e+04
8.580000000000000000e+02 1.226295000000000073e+04
8.100000000000000000e+02 1.226380000000000109e+04
9.620000000000000000e+02 1.226450000000000000e+04
1.130000000000000000e+03 1.226510000000000036e+04
9.700000000000000000e+02 1.226585000000000036e+04
9.780000000000000000e+02 1.226605000000000109e+04
9.460000000000000000e+02 1.226635000000000036e+04
1.162000000000000000e+03 1.226710000000000036e+04
8.900000000000000000e+02 1.227089999999999964e+04
8.020000000000000000e+02 1.227339999999999964e+04
8.500000000000000000e+02 1.227425000000000000e+04
1.058000000000000000e+03 1.227539999999999964e+04
1.114000000000000000e+03 1.227810000000000036e+04
8.820000000000000000e+02 1.227900000000000000e+04
1.018000000000000000e+03 1.228189999999999964e+04
1.122000000000000000e+03 1.228580000000000109e+04
1.026000000000000000e+03 1.228935000000000036e+04
1.074000000000000000e+03 1.229150000000000000e+04
1.042000000000000000e+03 1.229175000000000000e+04
1.194000000000000000e+03 1.229200000000000000e+04
9.380000000000000000e+02 1.229250000000000000e+04
8.420000000000000000e+02 1.229255000000000109e+04
8.580000000000000000e+02 1.229905000000000109e+04
1.138000000000000000e+03 1.229920000000000073e+04
9.460000000000000000e+02 1.229975000000000000e+04
8.180000000000000000e+02 1.230010000000000036e+04
1.170000000000000000e+03 1.230285000000000036e+04
1.066000000000000000e+03 1.230355000000000109e+04
1.034000000000000000e+03 1.230385000000000036e+04
9.540000000000000000e+02 1.230439999999999964e+04
1.114000000000000000e+03 1.230435000000000036e+04
8.660000000000000000e+02 1.230714999999999964e+04
9.220000000000000000e+02 1.230764999999999964e+04
9.860000000000000000e+02 1.230770000000000073e+04
8.340000000000000000e+02 1.230835000000000036e+04
1.010000000000000000e+03 1.230875000000000000e+04
9.140000000000000000e+02 1.230995000000000073e+04
8.020000000000000000e+02 1.231305000000000109e+04
9.300000000000000000e+02 1.231485000000000036e+04
1.082000000000000000e+03 1.231655000000000109e+04
1.026000000000000000e+03 1.231970000000000073e+04
9.700000000000000000e+02 1.231980000000000109e+04
9.940000000000000000e+02 1.231989999999999964e+04
1.162000000000000000e+03 1.232180000000000109e+04
1.154000000000000000e+03 1.232220000000000073e+04
8.260000000000000000e+02 1.232550000000000000e+04
8.980000000000000000e+02 1.233064999999999964e+04
1.090000000000000000e+03 1.233575000000000000e+04
8.820000000000000000e+02 1.233589999999999964e+04
1.186000000000000000e+03 1.233605000000000109e+04
1.018000000000000000e+03 1.234025000000000000e+04
1.002000000000000000e+03 1.234039999999999964e+04
1.106000000000000000e+03 1.234135000000000036e+04
1.058000000000000000e+03 1.234225000000000000e+04
8.740000000000000000e+02 1.234260000000000036e+04
1.114000000000000000e+03 1.234325000000000000e+04
8.100000000000000000e+02 1.234370000000000073e+04
8.420000000000000000e+02 1.234575000000000000e+04
9.860000000000000000e+02 1.234670000000000073e+04
9.940000000000000000e+02 1.234714999999999964e+04
1.194000000000000000e+03 1.235055000000000109e+04
8.340000000000000000e+02 1.235125000000000000e+04
8.020000000000000000e+02 1.235335000000000036e+04
8.660000000000000000e+02 1.235475000000000000e+04
1.034000000000000000e+03 1.235514999999999964e+04
1.074000000000000000e+03 1.235650000000000000e+04
1.138000000000000000e+03 1.235714999999999964e+04
9.380000000000000000e+02 1.235820000000000073e+04
8.900000000000000000e+02 1.235835000000000036e+04
8.500000000000000000e+02 1.236325000000000000e+04
8.580000000000000000e+02 1.236439999999999964e+04
9.540000000000000000e+02 1.236560000000000036e+04
9.700000000000000000e+02 1.236985000000000036e+04
1.026000000000000000e+03 1.237155000000000109e+04
9.060000000000000000e+02 1.237164999999999964e+04
1.170000000000000000e+03 1.237170000000000073e+04
8.980000000000000000e+02 1.237210000000000036e+04
1.042000000000000000e+03 1.237235000000000036e+04
1.130000000000000000e+03 1.237260000000000036e+04
1.154000000000000000e+03 1.237320000000000073e+04
1.122000000000000000e+03 1.237720000000000073e+04
1.050000000000000000e+03 1.237910000000000036e+04
8.180000000000000000e+02 1.238075000000000000e+04
9.460000000000000000e+02 1.238114999999999964e+04
1.106000000000000000e+03 1.238130000000000109e+04
1.146000000000000000e+03 1.238189999999999964e+04
1.010000000000000000e+03 1.238495000000000073e+04
1.178000000000000000e+03 1.238695000000000073e+04
8.260000000000000000e+02 1.239070000000000073e+04
1.034000000000000000e+03 1.239139999999999964e+04
1.066000000000000000e+03 1.239189999999999964e+04
1.082000000000000000e+03 1.239220000000000073e+04
9.220000000000000000e+02 1.239345000000000073e+04
8.820000000000000000e+02 1.239364999999999964e+04
8.100000000000000000e+02 1.239445000000000073e+04
1.186000000000000000e+03 1.239675000000000000e+04
8.340000000000000000e+02 1.239735000000000036e+04
9.380000000000000000e+02 1.240075000000000000e+04
1.194000000000000000e+03 1.240095000000000073e+04
9.300000000000000000e+02 1.240239999999999964e+04
1.090000000000000000e+03 1.240280000000000109e+04
8.020000000000000000e+02 1.240635000000000036e+04
9.140000000000000000e+02 1.240650000000000000e+04
9.620000000000000000e+02 1.241130000000000109e+04
1.162000000000000000e+03 1.241339999999999964e+04
1.114000000000000000e+03 1.241375000000000000e+04
1.018000000000000000e+03 1.241514999999999964e+04
1.170000000000000000e+03 1.241575000000000000e+04
8.180000000000000000e+02 1.241639999999999964e+04
9.700000000000000000e+02 1.242600000000000000e+04
9.860000000000000000e+02 1.242600000000000000e+04
8.500000000000000000e+02 1.242630000000000109e+04
1.074000000000000000e+03 1.242675000000000000e+04
9.060000000000000000e+02 1.242705000000000109e+04
9.460000000000000000e+02 1.242764999999999964e+04
9.220000000000000000e+02 1.242820000000000073e+04
8.740000000000000000e+02 1.242989999999999964e+04
9.940000000000000000e+02 1.242995000000000073e+04
1.130000000000000000e+03 1.243160000000000036e+04
1.034000000000000000e+03 1.243220000000000073e+04
1.146000000000000000e+03 1.243230000000000109e+04
9.540000000000000000e+02 1.243485000000000036e+04
1.114000000000000000e+03 1.243650000000000000e+04
1.058000000000000000e+03 1.243655000000000109e+04
9.300000000000000000e+02 1.243725000000000000e+04
1.042000000000000000e+03 1.243845000000000073e+04
8.340000000000000000e+02 1.243889999999999964e+04
8.100000000000000000e+02 1.243960000000000036e+04
8.980000000000000000e+02 1.244075000000000000e+04
8.580000000000000000e+02 1.244589999999999964e+04
1.026000000000000000e+03 1.245095000000000073e+04
9.220000000000000000e+02 1.245239999999999964e+04
8.660000000000000000e+02 1.245289999999999964e+04
1.138000000000000000e+03 1.245345000000000073e+04
1.002000000000000000e+03 1.245675000000000000e+04
9.140000000000000000e+02 1.246000000000000000e+04
8.500000000000000000e+02 1.246080000000000109e+04
8.740000000000000000e+02 1.246075000000000000e+04
1.018000000000000000e+03 1.246155000000000109e+04
1.146000000000000000e+03 1.246489999999999964e+04
1.066000000000000000e+03 1.246580000000000109e+04
1.154000000000000000e+03 1.246635000000000036e+04
1.178000000000000000e+03 1.246714999999999964e+04
1.106000000000000000e+03 1.246975000000000000e+04
9.380000000000000000e+02 1.247185000000000036e+04
9.860000000000000000e+02 1.247330000000000109e+04
1.034000000000000000e+03 1.247414999999999964e+04
9.780000000000000000e+02 1.247560000000000036e+04
1.130000000000000000e+03 1.247755000000000109e+04
9.620000000000000000e+02 1.247960000000000036e+04
9.940000000000000000e+02 1.248125000000000000e+04
1.082000000000000000e+03 1.248550000000000000e+04
1.074000000000000000e+03 1.248660000000000036e+04
8.100000000000000000e+02 1.248745000000000073e+04
1.042000000000000000e+03 1.248755000000000109e+04
1.114000000000000000e+03 1.248770000000000073e+04
8.980000000000000000e+02 1.248825000000000000e+04
9.460000000000000000e+02 1.248860000000000036e+04
1.098000000000000000e+03 1.248989999999999964e+04
9.540000000000000000e+02 1.249055000000000109e+04
1.170000000000000000e+03 1.249060000000000036e+04
8.340000000000000000e+02 1.249095000000000073e+04
9.300000000000000000e+02 1.249370000000000073e+04
8.900000000000000000e+02 1.249400000000000000e+04
1.138000000000000000e+03 1.249455000000000109e+04
9.060000000000000000e+02 1.249464999999999964e+04
8.820000000000000000e+02 1.249525000000000000e+04
9.140000000000000000e+02 1.249560000000000036e+04
1.010000000000000000e+03 1.249620000000000073e+04
9.700000000000000000e+02 1.250130000000000109e+04
1.106000000000000000e+03 1.250364999999999964e+04
8.660000000000000000e+02 1.250464999999999964e+04
8.420000000000000000e+02 1.250675000000000000e+04
9.220000000000000000e+02 1.250905000000000109e+04
1.090000000000000000e+03 1.250960000000000036e+04
9.380000000000000000e+02 1.251000000000000000e+04
1.146000000000000000e+03 1.251045000000000073e+04
8.500000000000000000e+02 1.251080000000000109e+04
1.122000000000000000e+03 1.251110000000000036e+04
1.082000000000000000e+03 1.251535000000000036e+04
1.186000000000000000e+03 1.251545000000000073e+04
1.034000000000000000e+03 1.251564999999999964e+04
1.194000000000000000e+03 1.251575000000000000e+04
1.074000000000000000e+03 1.251910000000000036e+04
9.860000000000000000e+02 1.251939999999999964e+04
1.026000000000000000e+03 1.252264999999999964e+04
1.178000000000000000e+03 1.252330000000000109e+04
8.020000000000000000e+02 1.252335000000000036e+04
8.340000000000000000e+02 1.252439999999999964e+04
1.050000000000000000e+03 1.252439999999999964e+04
9.540000000000000000e+02 1.252460000000000036e+04
1.058000000000000000e+03 1.252470000000000073e+04
1.002000000000000000e+03 1.252489999999999964e+04
9.460000000000000000e+02 1.252614999999999964e+04
1.154000000000000000e+03 1.252760000000000036e+04
8.980000000000000000e+02 1.252880000000000109e+04
9.940000000000000000e+02 1.253060000000000036e+04
1.018000000000000000e+03 1.253695000000000073e+04
1.138000000000000000e+03 1.253710000000000036e+04
1.042000000000000000e+03 1.253735000000000036e+04
8.180000000000000000e+02 1.253960000000000036e+04
9.780000000000000000e+02 1.254130000000000109e+04
1.106000000000000000e+03 1.254155000000000109e+04
9.220000000000000000e+02 1.254305000000000109e+04
1.090000000000000000e+03 1.254425000000000000e+04
8.580000000000000000e+02 1.254464999999999964e+04
1.130000000000000000e+03 1.254589999999999964e+04
1.194000000000000000e+03 1.254639999999999964e+04
9.140000000000000000e+02 1.254764999999999964e+04
8.900000000000000000e+02 1.255114999999999964e+04
1.098000000000000000e+03 1.255364999999999964e+04
8.740000000000000000e+02 1.255375000000000000e+04
8.660000000000000000e+02 1.255535000000000036e+04
9.620000000000000000e+02 1.255539999999999964e+04
1.186000000000000000e+03 1.255535000000000036e+04
9.380000000000000000e+02 1.255564999999999964e+04
1.002000000000000000e+03 1.255939999999999964e+04
1.074000000000000000e+03 1.255970000000000073e+04
1.058000000000000000e+03 1.256270000000000073e+04
1.178000000000000000e+03 1.256355000000000109e+04
1.010000000000000000e+03 1.256745000000000073e+04
1.066000000000000000e+03 1.256939999999999964e+04
1.026000000000000000e+03 1.256955000000000109e+04
9.300000000000000000e+02 1.257164999999999964e+04
8.420000000000000000e+02 1.257320000000000073e+04
1.146000000000000000e+03 1.257370000000000073e+04
9.460000000000000000e+02 1.257489999999999964e+04
1.194000000000000000e+03 1.257650000000000000e+04
9.540000000000000000e+02 1.257789999999999964e+04
1.162000000000000000e+03 1.257795000000000073e+04
8.820000000000000000e+02 1.258405000000000109e+04
1.122000000000000000e+03 1.258580000000000109e+04
1.002000000000000000e+03 1.258685000000000036e+04
9.140000000000000000e+02 1.258860000000000036e+04
1.074000000000000000e+03 1.258875000000000000e+04
1.090000000000000000e+03 1.258885000000000036e+04
1.170000000000000000e+03 1.258950000000000000e+04
1.050000000000000000e+03 1.258975000000000000e+04
1.042000000000000000e+03 1.259420000000000073e+04
1.138000000000000000e+03 1.259445000000000073e+04
9.940000000000000000e+02 1.259535000000000036e+04
1.034000000000000000e+03 1.259555000000000109e+04
8.740000000000000000e+02 1.259570000000000073e+04
9.060000000000000000e+02 1.259614999999999964e+04
8.180000000000000000e+02 1.259870000000000073e+04
9.620000000000000000e+02 1.260195000000000073e+04
9.780000000000000000e+02 1.260239999999999964e+04
1.154000000000000000e+03 1.260289999999999964e+04
9.700000000000000000e+02 1.260805000000000109e+04
1.114000000000000000e+03 1.260945000000000073e+04
1.018000000000000000e+03 1.260960000000000036e+04
1.098000000000000000e+03 1.260964999999999964e+04
1.146000000000000000e+03 1.261310000000000036e+04
1.106000000000000000e+03 1.261375000000000000e+04
9.380000000000000000e+02 1.261505000000000109e+04
1.130000000000000000e+03 1.261545000000000073e+04
9.460000000000000000e+02 1.261739999999999964e+04
8.900000000000000000e+02 1.261855000000000109e+04
1.050000000000000000e+03 1.262020000000000073e+04
1.010000000000000000e+03 1.262139999999999964e+04
1.026000000000000000e+03 1.262185000000000036e+04
8.820000000000000000e+02 1.262205000000000109e+04
9.220000000000000000e+02 1.262410000000000036e+04
1.138000000000000000e+03 1.262735000000000036e+04
1.194000000000000000e+03 1.262810000000000036e+04
9.860000000000000000e+02 1.262975000000000000e+04
8.500000000000000000e+02 1.263045000000000073e+04
9.140000000000000000e+02 1.263055000000000109e+04
8.420000000000000000e+02 1.263555000000000109e+04
8.340000000000000000e+02 1.263725000000000000e+04
8.260000000000000000e+02 1.264010000000000036e+04
1.042000000000000000e+03 1.264314999999999964e+04
1.018000000000000000e+03 1.264450000000000000e+04
8.180000000000000000e+02 1.264610000000000036e+04
1.162000000000000000e+03 1.264789999999999964e+04
8.740000000000000000e+02 1.264875000000000000e+04
8.980000000000000000e+02 1.264914999999999964e+04
1.106000000000000000e+03 1.264980000000000109e+04
1.082000000000000000e+03 1.265039999999999964e+04
1.034000000000000000e+03 1.265075000000000000e+04
1.098000000000000000e+03 1.265125000000000000e+04
8.020000000000000000e+02 1.265239999999999964e+04
1.186000000000000000e+03 1.265264999999999964e+04
9.700000000000000000e+02 1.265330000000000109e+04
1.058000000000000000e+03 1.265395000000000073e+04
1.050000000000000000e+03 1.265670000000000073e+04
1.002000000000000000e+03 1.265789999999999964e+04
1.090000000000000000e+03 1.265870000000000073e+04
9.140000000000000000e+02 1.265975000000000000e+04
1.074000000000000000e+03 1.266075000000000000e+04
9.300000000000000000e+02 1.266280000000000109e+04
1.130000000000000000e+03 1.266664999999999964e+04
8.100000000000000000e+02 1.266770000000000073e+04
8.900000000000000000e+02 1.267350000000000000e+04
9.540000000000000000e+02 1.267380000000000109e+04
8.580000000000000000e+02 1.267410000000000036e+04
9.860000000000000000e+02 1.267435000000000036e+04
1.026000000000000000e+03 1.267514999999999964e+04
1.106000000000000000e+03 1.267864999999999964e+04
1.194000000000000000e+03 1.267935000000000036e+04
1.114000000000000000e+03 1.268075000000000000e+04
1.018000000000000000e+03 1.268114999999999964e+04
1.010000000000000000e+03 1.268335000000000036e+04
8.340000000000000000e+02 1.268355000000000109e+04
8.180000000000000000e+02 1.268420000000000073e+04
9.780000000000000000e+02 1.268564999999999964e+04
1.066000000000000000e+03 1.268775000000000000e+04
9.220000000000000000e+02 1.268820000000000073e+04
8.420000000000000000e+02 1.268880000000000109e+04
9.140000000000000000e+02 1.268925000000000000e+04
1.154000000000000000e+03 1.268989999999999964e+04
1.186000000000000000e+03 1.269070000000000073e+04
9.060000000000000000e+02 1.269085000000000036e+04
9.460000000000000000e+02 1.269135000000000036e+04
9.380000000000000000e+02 1.269314999999999964e+04
8.500000000000000000e+02 1.269450000000000000e+04
1.146000000000000000e+03 1.269514999999999964e+04
1.098000000000000000e+03 1.269560000000000036e+04
9.620000000000000000e+02 1.269660000000000036e+04
1.162000000000000000e+03 1.269800000000000000e+04
1.122000000000000000e+03 1.269880000000000109e+04
1.050000000000000000e+03 1.270310000000000036e+04
1.074000000000000000e+03 1.270355000000000109e+04
8.980000000000000000e+02 1.270410000000000036e+04
1.018000000000000000e+03 1.270780000000000109e+04
8.580000000000000000e+02 1.270855000000000109e+04
8.260000000000000000e+02 1.270885000000000036e+04
8.660000000000000000e+02 1.270889999999999964e+04
8.020000000000000000e+02 1.270945000000000073e+04
9.940000000000000000e+02 1.270964999999999964e+04
8.820000000000000000e+02 1.271375000000000000e+04
1.034000000000000000e+03 1.271614999999999964e+04
9.300000000000000000e+02 1.271630000000000109e+04
1.138000000000000000e+03 1.271639999999999964e+04
9.860000000000000000e+02 1.271750000000000000e+04
1.106000000000000000e+03 1.271835000000000036e+04
8.180000000000000000e+02 1.271864999999999964e+04
1.002000000000000000e+03 1.271895000000000073e+04
1.042000000000000000e+03 1.272050000000000000e+04
1.194000000000000000e+03 1.272175000000000000e+04
9.380000000000000000e+02 1.272425000000000000e+04
1.170000000000000000e+03 1.272470000000000073e+04
9.460000000000000000e+02 1.272514999999999964e+04
1.154000000000000000e+03 1.272600000000000000e+04
8.100000000000000000e+02 1.273139999999999964e+04
8.340000000000000000e+02 1.273495000000000073e+04
8.420000000000000000e+02 1.273535000000000036e+04
8.740000000000000000e+02 1.273695000000000073e+04
1.162000000000000000e+03 1.273820000000000073e+04
1.058000000000000000e+03 1.273925000000000000e+04
9.220000000000000000e+02 1.273955000000000109e+04
1.114000000000000000e+03 1.274125000000000000e+04
1.002000000000000000e+03 1.274289999999999964e+04
1.146000000000000000e+03 1.274655000000000109e+04
8.980000000000000000e+02 1.274720000000000073e+04
8.020000000000000000e+02 1.274855000000000109e+04
8.500000000000000000e+02 1.274900000000000000e+04
8.260000000000000000e+02 1.274935000000000036e+04
8.660000000000000000e+02 1.275030000000000109e+04
9.140000000000000000e+02 1.275320000000000073e+04
1.130000000000000000e+03 1.275330000000000109e+04
9.940000000000000000e+02 1.275480000000000109e+04
9.860000000000000000e+02 1.275585000000000036e+04
8.580000000000000000e+02 1.275664999999999964e+04
9.380000000000000000e+02 1.275905000000000109e+04
1.010000000000000000e+03 1.275914999999999964e+04
8.900000000000000000e+02 1.276014999999999964e+04
1.114000000000000000e+03 1.276060000000000036e+04
1.018000000000000000e+03 1.276064999999999964e+04
1.154000000000000000e+03 1.276135000000000036e+04
1.074000000000000000e+03 1.276235000000000036e+04
9.620000000000000000e+02 1.276310000000000036e+04
1.194000000000000000e+03 1.276320000000000073e+04
1.050000000000000000e+03 1.276420000000000073e+04
1.082000000000000000e+03 1.276570000000000073e+04
9.460000000000000000e+02 1.276875000000000000e+04
1.066000000000000000e+03 1.276975000000000000e+04
8.180000000000000000e+02 1.277120000000000073e+04
9.780000000000000000e+02 1.277235000000000036e+04
1.106000000000000000e+03 1.277735000000000036e+04
8.740000000000000000e+02 1.278264999999999964e+04
1.178000000000000000e+03 1.278305000000000109e+04
1.146000000000000000e+03 1.278339999999999964e+04
1.002000000000000000e+03 1.278464999999999964e+04
1.162000000000000000e+03 1.278495000000000073e+04
1.090000000000000000e+03 1.278610000000000036e+04
8.020000000000000000e+02 1.278839999999999964e+04
8.980000000000000000e+02 1.278839999999999964e+04
8.420000000000000000e+02 1.278905000000000109e+04
9.220000000000000000e+02 1.278955000000000109e+04
9.700000000000000000e+02 1.279030000000000109e+04
1.074000000000000000e+03 1.279045000000000073e+04
1.130000000000000000e+03 1.279080000000000109e+04
1.138000000000000000e+03 1.279130000000000109e+04
1.170000000000000000e+03 1.279335000000000036e+04
8.340000000000000000e+02 1.279414999999999964e+04
8.900000000000000000e+02 1.279780000000000109e+04
1.018000000000000000e+03 1.280170000000000073e+04
9.940000000000000000e+02 1.280245000000000073e+04
8.100000000000000000e+02 1.280505000000000109e+04
8.580000000000000000e+02 1.280620000000000073e+04
1.106000000000000000e+03 1.280675000000000000e+04
1.082000000000000000e+03 1.280705000000000109e+04
1.034000000000000000e+03 1.280714999999999964e+04
1.114000000000000000e+03 1.280889999999999964e+04
8.260000000000000000e+02 1.280914999999999964e+04
1.146000000000000000e+03 1.280914999999999964e+04
1.026000000000000000e+03 1.280995000000000073e+04
9.300000000000000000e+02 1.281320000000000073e+04
9.780000000000000000e+02 1.281575000000000000e+04
1.122000000000000000e+03 1.281639999999999964e+04
1.194000000000000000e+03 1.281685000000000036e+04
1.090000000000000000e+03 1.281760000000000036e+04
8.660000000000000000e+02 1.281780000000000109e+04
8.180000000000000000e+02 1.281830000000000109e+04
9.060000000000000000e+02 1.282045000000000073e+04
8.820000000000000000e+02 1.282120000000000073e+04
1.170000000000000000e+03 1.282450000000000000e+04
1.066000000000000000e+03 1.282685000000000036e+04
9.220000000000000000e+02 1.282830000000000109e+04
1.074000000000000000e+03 1.282900000000000000e+04
9.860000000000000000e+02 1.282930000000000109e+04
8.020000000000000000e+02 1.282960000000000036e+04
1.010000000000000000e+03 1.283105000000000109e+04
1.002000000000000000e+03 1.283175000000000000e+04
1.130000000000000000e+03 1.283664999999999964e+04
9.700000000000000000e+02 1.283689999999999964e+04
9.940000000000000000e+02 1.283860000000000036e+04
1.026000000000000000e+03 1.283870000000000073e+04
8.980000000000000000e+02 1.284185000000000036e+04
9.540000000000000000e+02 1.284305000000000109e+04
9.620000000000000000e+02 1.284510000000000036e+04
1.098000000000000000e+03 1.284855000000000109e+04
1.114000000000000000e+03 1.284950000000000000e+04
8.420000000000000000e+02 1.285014999999999964e+04
8.900000000000000000e+02 1.285064999999999964e+04
1.178000000000000000e+03 1.285235000000000036e+04
8.580000000000000000e+02 1.285464999999999964e+04
1.034000000000000000e+03 1.285630000000000109e+04
1.138000000000000000e+03 1.285650000000000000e+04
9.460000000000000000e+02 1.285750000000000000e+04
1.162000000000000000e+03 1.285950000000000000e+04
8.260000000000000000e+02 1.286020000000000073e+04
1.146000000000000000e+03 1.286039999999999964e+04
9.300000000000000000e+02 1.286470000000000073e+04
8.340000000000000000e+02 1.286475000000000000e+04
1.066000000000000000e+03 1.286585000000000036e+04
1.010000000000000000e+03 1.286630000000000109e+04
8.100000000000000000e+02 1.286720000000000073e+04
8.020000000000000000e+02 1.286830000000000109e+04
1.106000000000000000e+03 1.287075000000000000e+04
8.980000000000000000e+02 1.287089999999999964e+04
8.820000000000000000e+02 1.287135000000000036e+04
1.090000000000000000e+03 1.287185000000000036e+04
1.194000000000000000e+03 1.287214999999999964e+04
1.170000000000000000e+03 1.287255000000000109e+04
8.500000000000000000e+02 1.287270000000000073e+04
1.058000000000000000e+03 1.287680000000000109e+04
1.186000000000000000e+03 1.287689999999999964e+04
8.740000000000000000e+02 1.287770000000000073e+04
8.180000000000000000e+02 1.287795000000000073e+04
9.860000000000000000e+02 1.288230000000000109e+04
8.420000000000000000e+02 1.288730000000000109e+04
8.660000000000000000e+02 1.288814999999999964e+04
1.114000000000000000e+03 1.289145000000000073e+04
1.090000000000000000e+03 1.289350000000000000e+04
1.018000000000000000e+03 1.289360000000000036e+04
9.220000000000000000e+02 1.289489999999999964e+04
1.082000000000000000e+03 1.289495000000000073e+04
1.138000000000000000e+03 1.289530000000000109e+04
1.154000000000000000e+03 1.289620000000000073e+04
9.140000000000000000e+02 1.289625000000000000e+04
9.460000000000000000e+02 1.289675000000000000e+04
8.900000000000000000e+02 1.290020000000000073e+04
1.194000000000000000e+03 1.290025000000000000e+04
1.002000000000000000e+03 1.290255000000000109e+04
1.130000000000000000e+03 1.290389999999999964e+04
9.300000000000000000e+02 1.290485000000000036e+04
9.700000000000000000e+02 1.290489999999999964e+04
9.060000000000000000e+02 1.290655000000000109e+04
9.780000000000000000e+02 1.290714999999999964e+04
8.340000000000000000e+02 1.290780000000000109e+04
1.074000000000000000e+03 1.290805000000000109e+04
8.660000000000000000e+02 1.290970000000000073e+04
1.042000000000000000e+03 1.291014999999999964e+04
1.178000000000000000e+03 1.291130000000000109e+04
1.146000000000000000e+03 1.291400000000000000e+04
8.980000000000000000e+02 1.291445000000000073e+04
8.020000000000000000e+02 1.291510000000000036e+04
1.050000000000000000e+03 1.291530000000000109e+04
1.010000000000000000e+03 1.291589999999999964e+04
1.058000000000000000e+03 1.292145000000000073e+04
1.186000000000000000e+03 1.292310000000000036e+04
9.140000000000000000e+02 1.292330000000000109e+04
1.082000000000000000e+03 1.292795000000000073e+04
1.114000000000000000e+03 1.292820000000000073e+04
8.500000000000000000e+02 1.292939999999999964e+04
1.162000000000000000e+03 1.292939999999999964e+04
9.460000000000000000e+02 1.292989999999999964e+04
1.018000000000000000e+03 1.293075000000000000e+04
9.620000000000000000e+02 1.293155000000000109e+04
1.122000000000000000e+03 1.293430000000000109e+04
8.580000000000000000e+02 1.293635000000000036e+04
8.900000000000000000e+02 1.293750000000000000e+04
8.820000000000000000e+02 1.293839999999999964e+04
9.220000000000000000e+02 1.293930000000000109e+04
8.020000000000000000e+02 1.294364999999999964e+04
1.154000000000000000e+03 1.294555000000000109e+04
9.940000000000000000e+02 1.294685000000000036e+04
1.106000000000000000e+03 1.294889999999999964e+04
9.860000000000000000e+02 1.295125000000000000e+04
1.002000000000000000e+03 1.295135000000000036e+04
1.010000000000000000e+03 1.295150000000000000e+04
9.540000000000000000e+02 1.295189999999999964e+04
1.058000000000000000e+03 1.295239999999999964e+04
1.074000000000000000e+03 1.295260000000000036e+04
1.146000000000000000e+03 1.295255000000000109e+04
1.178000000000000000e+03 1.295320000000000073e+04
1.170000000000000000e+03 1.295335000000000036e+04
1.130000000000000000e+03 1.295770000000000073e+04
9.700000000000000000e+02 1.295850000000000000e+04
1.042000000000000000e+03 1.295920000000000073e+04
1.194000000000000000e+03 1.296335000000000036e+04
1.082000000000000000e+03 1.296410000000000036e+04
1.114000000000000000e+03 1.296520000000000073e+04
8.260000000000000000e+02 1.296589999999999964e+04
1.026000000000000000e+03 1.296589999999999964e+04
8.980000000000000000e+02 1.296920000000000073e+04
9.060000000000000000e+02 1.297020000000000073e+04
9.140000000000000000e+02 1.297055000000000109e+04
8.900000000000000000e+02 1.297255000000000109e+04
8.740000000000000000e+02 1.297489999999999964e+04
1.162000000000000000e+03 1.297850000000000000e+04
9.620000000000000000e+02 1.297945000000000073e+04
1.074000000000000000e+03 1.298055000000000109e+04
9.940000000000000000e+02 1.298175000000000000e+04
1.098000000000000000e+03 1.298175000000000000e+04
8.820000000000000000e+02 1.298350000000000000e+04
9.460000000000000000e+02 1.298355000000000109e+04
1.106000000000000000e+03 1.298414999999999964e+04
1.154000000000000000e+03 1.298510000000000036e+04
1.138000000000000000e+03 1.298575000000000000e+04
1.002000000000000000e+03 1.298605000000000109e+04
8.340000000000000000e+02 1.298655000000000109e+04
9.540000000000000000e+02 1.298680000000000109e+04
1.194000000000000000e+03 1.298680000000000109e+04
9.380000000000000000e+02 1.298789999999999964e+04
1.034000000000000000e+03 1.298980000000000109e+04
8.660000000000000000e+02 1.299320000000000073e+04
8.020000000000000000e+02 1.299330000000000109e+04
1.066000000000000000e+03 1.299455000000000109e+04
8.500000000000000000e+02 1.299785000000000036e+04
1.090000000000000000e+03 1.299845000000000073e+04
9.140000000000000000e+02 1.299910000000000036e+04
1.018000000000000000e+03 1.299920000000000073e+04
1.042000000000000000e+03 1.299939999999999964e+04
8.580000000000000000e+02 1.300025000000000000e+04
9.700000000000000000e+02 1.300030000000000109e+04
1.074000000000000000e+03 1.300039999999999964e+04
1.114000000000000000e+03 1.300055000000000109e+04
9.780000000000000000e+02 1.300335000000000036e+04
1.082000000000000000e+03 1.300355000000000109e+04
9.220000000000000000e+02 1.300420000000000073e+04
1.010000000000000000e+03 1.300514999999999964e+04
8.980000000000000000e+02 1.300664999999999964e+04
9.860000000000000000e+02 1.301570000000000073e+04
1.130000000000000000e+03 1.301770000000000073e+04
8.740000000000000000e+02 1.301810000000000036e+04
8.260000000000000000e+02 1.301855000000000109e+04
1.178000000000000000e+03 1.301985000000000036e+04
8.900000000000000000e+02 1.302000000000000000e+04
1.194000000000000000e+03 1.302080000000000109e+04
1.154000000000000000e+03 1.302489999999999964e+04
1.138000000000000000e+03 1.302510000000000036e+04
1.098000000000000000e+03 1.302570000000000073e+04
9.380000000000000000e+02 1.302730000000000109e+04
1.162000000000000000e+03 1.302795000000000073e+04
9.540000000000000000e+02 1.303075000000000000e+04
1.106000000000000000e+03 1.303135000000000036e+04
9.060000000000000000e+02 1.303150000000000000e+04
1.058000000000000000e+03 1.303275000000000000e+04
1.026000000000000000e+03 1.303930000000000109e+04
1.034000000000000000e+03 1.304089999999999964e+04
8.340000000000000000e+02 1.304114999999999964e+04
1.002000000000000000e+03 1.304150000000000000e+04
1.010000000000000000e+03 1.304145000000000073e+04
1.114000000000000000e+03 1.304189999999999964e+04
9.620000000000000000e+02 1.304220000000000073e+04
1.018000000000000000e+03 1.304264999999999964e+04
1.042000000000000000e+03 1.304725000000000000e+04
1.082000000000000000e+03 1.304839999999999964e+04
8.180000000000000000e+02 1.304885000000000036e+04
1.186000000000000000e+03 1.304925000000000000e+04
1.090000000000000000e+03 1.305025000000000000e+04
1.050000000000000000e+03 1.305160000000000036e+04
9.780000000000000000e+02 1.305205000000000109e+04
1.074000000000000000e+03 1.305280000000000109e+04
1.066000000000000000e+03 1.305500000000000000e+04
9.140000000000000000e+02 1.305510000000000036e+04
9.940000000000000000e+02 1.305889999999999964e+04
1.194000000000000000e+03 1.306150000000000000e+04
9.300000000000000000e+02 1.306314999999999964e+04
1.162000000000000000e+03 1.306314999999999964e+04
8.420000000000000000e+02 1.306325000000000000e+04
8.900000000000000000e+02 1.306450000000000000e+04
8.100000000000000000e+02 1.306475000000000000e+04
1.058000000000000000e+03 1.306650000000000000e+04
8.340000000000000000e+02 1.306995000000000073e+04
1.130000000000000000e+03 1.306995000000000073e+04
1.170000000000000000e+03 1.307039999999999964e+04
9.860000000000000000e+02 1.307145000000000073e+04
8.820000000000000000e+02 1.307185000000000036e+04
1.178000000000000000e+03 1.307245000000000073e+04
1.018000000000000000e+03 1.307310000000000036e+04
8.660000000000000000e+02 1.307450000000000000e+04
1.114000000000000000e+03 1.307645000000000073e+04
8.500000000000000000e+02 1.307710000000000036e+04
1.154000000000000000e+03 1.307764999999999964e+04
8.020000000000000000e+02 1.307910000000000036e+04
9.700000000000000000e+02 1.308000000000000000e+04
1.138000000000000000e+03 1.308064999999999964e+04
1.002000000000000000e+03 1.308110000000000036e+04
1.146000000000000000e+03 1.308555000000000109e+04
8.180000000000000000e+02 1.308770000000000073e+04
1.026000000000000000e+03 1.308810000000000036e+04
9.060000000000000000e+02 1.308820000000000073e+04
1.106000000000000000e+03 1.308930000000000109e+04
9.380000000000000000e+02 1.309000000000000000e+04
1.042000000000000000e+03 1.309295000000000073e+04
8.900000000000000000e+02 1.309355000000000109e+04
8.420000000000000000e+02 1.309525000000000000e+04
1.170000000000000000e+03 1.309570000000000073e+04
8.820000000000000000e+02 1.309639999999999964e+04
8.740000000000000000e+02 1.309655000000000109e+04
9.540000000000000000e+02 1.309705000000000109e+04
1.074000000000000000e+03 1.309725000000000000e+04
9.940000000000000000e+02 1.310025000000000000e+04
1.082000000000000000e+03 1.310089999999999964e+04
9.140000000000000000e+02 1.310105000000000109e+04
8.580000000000000000e+02 1.310139999999999964e+04
1.018000000000000000e+03 1.310210000000000036e+04
1.090000000000000000e+03 1.310260000000000036e+04
1.010000000000000000e+03 1.310264999999999964e+04
1.066000000000000000e+03 1.310330000000000109e+04
1.050000000000000000e+03 1.310389999999999964e+04
1.186000000000000000e+03 1.310450000000000000e+04
8.340000000000000000e+02 1.310780000000000109e+04
1.114000000000000000e+03 1.310780000000000109e+04
1.122000000000000000e+03 1.310780000000000109e+04
9.300000000000000000e+02 1.310905000000000109e+04
1.098000000000000000e+03 1.311350000000000000e+04
1.042000000000000000e+03 1.311464999999999964e+04
1.162000000000000000e+03 1.311525000000000000e+04
1.074000000000000000e+03 1.312030000000000109e+04
9.780000000000000000e+02 1.312070000000000073e+04
8.820000000000000000e+02 1.312189999999999964e+04
1.002000000000000000e+03 1.312185000000000036e+04
1.130000000000000000e+03 1.312205000000000109e+04
1.178000000000000000e+03 1.312375000000000000e+04
9.540000000000000000e+02 1.312660000000000036e+04
1.050000000000000000e+03 1.313039999999999964e+04
1.082000000000000000e+03 1.313135000000000036e+04
9.700000000000000000e+02 1.313360000000000036e+04
8.980000000000000000e+02 1.313610000000000036e+04
1.090000000000000000e+03 1.313705000000000109e+04
9.460000000000000000e+02 1.313795000000000073e+04
8.340000000000000000e+02 1.313825000000000000e+04
8.020000000000000000e+02 1.313855000000000109e+04
8.260000000000000000e+02 1.313880000000000109e+04
8.900000000000000000e+02 1.313880000000000109e+04
1.098000000000000000e+03 1.314250000000000000e+04
8.660000000000000000e+02 1.314370000000000073e+04
8.740000000000000000e+02 1.314420000000000073e+04
9.220000000000000000e+02 1.314480000000000109e+04
8.580000000000000000e+02 1.314550000000000000e+04
1.042000000000000000e+03 1.314650000000000000e+04
9.940000000000000000e+02 1.314695000000000073e+04
1.146000000000000000e+03 1.314710000000000036e+04
8.180000000000000000e+02 1.315164999999999964e+04
1.074000000000000000e+03 1.315180000000000109e+04
1.066000000000000000e+03 1.315314999999999964e+04
8.100000000000000000e+02 1.315450000000000000e+04
1.162000000000000000e+03 1.315650000000000000e+04
9.140000000000000000e+02 1.315875000000000000e+04
1.170000000000000000e+03 1.315925000000000000e+04
8.340000000000000000e+02 1.316350000000000000e+04
9.620000000000000000e+02 1.316375000000000000e+04
1.034000000000000000e+03 1.316514999999999964e+04
1.018000000000000000e+03 1.316625000000000000e+04
1.114000000000000000e+03 1.316805000000000109e+04
8.820000000000000000e+02 1.316939999999999964e+04
9.300000000000000000e+02 1.317230000000000109e+04
9.940000000000000000e+02 1.317345000000000073e+04
8.500000000000000000e+02 1.317400000000000000e+04
8.260000000000000000e+02 1.317405000000000109e+04
1.002000000000000000e+03 1.317420000000000073e+04
1.154000000000000000e+03 1.317455000000000109e+04
8.740000000000000000e+02 1.317835000000000036e+04
9.380000000000000000e+02 1.317905000000000109e+04
1.106000000000000000e+03 1.318014999999999964e+04
1.146000000000000000e+03 1.318014999999999964e+04
1.058000000000000000e+03 1.318085000000000036e+04
9.540000000000000000e+02 1.318145000000000073e+04
1.042000000000000000e+03 1.318150000000000000e+04
1.186000000000000000e+03 1.318255000000000109e+04
1.138000000000000000e+03 1.318414999999999964e+04
8.580000000000000000e+02 1.318539999999999964e+04
1.178000000000000000e+03 1.318575000000000000e+04
1.010000000000000000e+03 1.318830000000000109e+04
9.060000000000000000e+02 1.319045000000000073e+04
9.780000000000000000e+02 1.319150000000000000e+04
1.018000000000000000e+03 1.319210000000000036e+04
9.460000000000000000e+02 1.319230000000000109e+04
9.220000000000000000e+02 1.319355000000000109e+04
8.900000000000000000e+02 1.319425000000000000e+04
1.026000000000000000e+03 1.319435000000000036e+04
8.020000000000000000e+02 1.319445000000000073e+04
1.130000000000000000e+03 1.319455000000000109e+04
8.180000000000000000e+02 1.319505000000000109e+04
1.162000000000000000e+03 1.319514999999999964e+04
1.074000000000000000e+03 1.319705000000000109e+04
1.194000000000000000e+03 1.319950000000000000e+04
1.002000000000000000e+03 1.320110000000000036e+04
1.170000000000000000e+03 1.320164999999999964e+04
1.114000000000000000e+03 1.320189999999999964e+04
1.082000000000000000e+03 1.320239999999999964e+04
9.620000000000000000e+02 1.320580000000000109e+04
9.860000000000000000e+02 1.320735000000000036e+04
1.154000000000000000e+03 1.320855000000000109e+04
1.098000000000000000e+03 1.321270000000000073e+04
9.940000000000000000e+02 1.321345000000000073e+04
9.380000000000000000e+02 1.321455000000000109e+04
9.140000000000000000e+02 1.321714999999999964e+04
1.090000000000000000e+03 1.321820000000000073e+04
8.820000000000000000e+02 1.321825000000000000e+04
1.106000000000000000e+03 1.321860000000000036e+04
1.186000000000000000e+03 1.321995000000000073e+04
8.500000000000000000e+02 1.322050000000000000e+04
8.660000000000000000e+02 1.322195000000000073e+04
1.058000000000000000e+03 1.322630000000000109e+04
1.034000000000000000e+03 1.322714999999999964e+04
1.130000000000000000e+03 1.322714999999999964e+04
1.194000000000000000e+03 1.322760000000000036e+04
1.138000000000000000e+03 1.322795000000000073e+04
8.980000000000000000e+02 1.322835000000000036e+04
8.340000000000000000e+02 1.323014999999999964e+04
1.074000000000000000e+03 1.323250000000000000e+04
1.066000000000000000e+03 1.323320000000000073e+04
9.460000000000000000e+02 1.323370000000000073e+04
1.170000000000000000e+03 1.323389999999999964e+04
1.010000000000000000e+03 1.323770000000000073e+04
1.162000000000000000e+03 1.323800000000000000e+04
1.114000000000000000e+03 1.323920000000000073e+04
1.050000000000000000e+03 1.323985000000000036e+04
9.700000000000000000e+02 1.324039999999999964e+04
9.780000000000000000e+02 1.324070000000000073e+04
8.900000000000000000e+02 1.324075000000000000e+04
9.300000000000000000e+02 1.324089999999999964e+04
1.082000000000000000e+03 1.324089999999999964e+04
9.060000000000000000e+02 1.324110000000000036e+04
1.122000000000000000e+03 1.324114999999999964e+04
1.002000000000000000e+03 1.324780000000000109e+04
8.260000000000000000e+02 1.324855000000000109e+04
8.820000000000000000e+02 1.324860000000000036e+04
1.154000000000000000e+03 1.324935000000000036e+04
8.180000000000000000e+02 1.324950000000000000e+04
8.100000000000000000e+02 1.325370000000000073e+04
8.580000000000000000e+02 1.325425000000000000e+04
1.034000000000000000e+03 1.325495000000000073e+04
8.420000000000000000e+02 1.325550000000000000e+04
1.098000000000000000e+03 1.325610000000000036e+04
1.186000000000000000e+03 1.325605000000000109e+04
1.018000000000000000e+03 1.325620000000000073e+04
9.380000000000000000e+02 1.325875000000000000e+04
9.140000000000000000e+02 1.326114999999999964e+04
9.460000000000000000e+02 1.326139999999999964e+04
1.074000000000000000e+03 1.326314999999999964e+04
1.194000000000000000e+03 1.326405000000000109e+04
1.026000000000000000e+03 1.326500000000000000e+04
1.178000000000000000e+03 1.326639999999999964e+04
8.340000000000000000e+02 1.326885000000000036e+04
9.860000000000000000e+02 1.327214999999999964e+04
8.660000000000000000e+02 1.327230000000000109e+04
1.114000000000000000e+03 1.327639999999999964e+04
9.540000000000000000e+02 1.327660000000000036e+04
1.122000000000000000e+03 1.327670000000000073e+04
8.020000000000000000e+02 1.327714999999999964e+04
9.060000000000000000e+02 1.327750000000000000e+04
1.082000000000000000e+03 1.327770000000000073e+04
1.146000000000000000e+03 1.328264999999999964e+04
8.980000000000000000e+02 1.328539999999999964e+04
9.780000000000000000e+02 1.328545000000000073e+04
8.260000000000000000e+02 1.328555000000000109e+04
1.018000000000000000e+03 1.328605000000000109e+04
9.300000000000000000e+02 1.328755000000000109e+04
1.042000000000000000e+03 1.329155000000000109e+04
1.066000000000000000e+03 1.329250000000000000e+04
1.162000000000000000e+03 1.329360000000000036e+04
9.940000000000000000e+02 1.329380000000000109e+04
1.106000000000000000e+03 1.329380000000000109e+04
1.130000000000000000e+03 1.329410000000000036e+04
1.194000000000000000e+03 1.329820000000000073e+04
8.820000000000000000e+02 1.329864999999999964e+04
9.140000000000000000e+02 1.330039999999999964e+04
8.340000000000000000e+02 1.330089999999999964e+04
1.074000000000000000e+03 1.330280000000000109e+04
9.620000000000000000e+02 1.330320000000000073e+04
8.500000000000000000e+02 1.330405000000000109e+04
1.138000000000000000e+03 1.330475000000000000e+04
8.740000000000000000e+02 1.330539999999999964e+04
1.058000000000000000e+03 1.330810000000000036e+04
9.700000000000000000e+02 1.330980000000000109e+04
1.090000000000000000e+03 1.331035000000000036e+04
1.026000000000000000e+03 1.331085000000000036e+04
8.580000000000000000e+02 1.331155000000000109e+04
1.002000000000000000e+03 1.331310000000000036e+04
1.154000000000000000e+03 1.331389999999999964e+04
9.460000000000000000e+02 1.331689999999999964e+04
1.114000000000000000e+03 1.331725000000000000e+04
1.098000000000000000e+03 1.331780000000000109e+04
1.082000000000000000e+03 1.332085000000000036e+04
9.860000000000000000e+02 1.332145000000000073e+04
1.146000000000000000e+03 1.332200000000000000e+04
1.170000000000000000e+03 1.332480000000000109e+04
9.060000000000000000e+02 1.332664999999999964e+04
8.260000000000000000e+02 1.332864999999999964e+04
9.540000000000000000e+02 1.332920000000000073e+04
1.122000000000000000e+03 1.332920000000000073e+04
1.050000000000000000e+03 1.332925000000000000e+04
8.660000000000000000e+02 1.333064999999999964e+04
1.162000000000000000e+03 1.333100000000000000e+04
1.106000000000000000e+03 1.333105000000000109e+04
8.980000000000000000e+02 1.333114999999999964e+04
8.900000000000000000e+02 1.333360000000000036e+04
9.140000000000000000e+02 1.333639999999999964e+04
8.820000000000000000e+02 1.333895000000000073e+04
9.700000000000000000e+02 1.334120000000000073e+04
1.002000000000000000e+03 1.334230000000000109e+04
8.500000000000000000e+02 1.334375000000000000e+04
1.186000000000000000e+03 1.334450000000000000e+04
1.034000000000000000e+03 1.334525000000000000e+04
1.194000000000000000e+03 1.334525000000000000e+04
8.180000000000000000e+02 1.334560000000000036e+04
1.018000000000000000e+03 1.334585000000000036e+04
9.620000000000000000e+02 1.334705000000000109e+04
1.074000000000000000e+03 1.334770000000000073e+04
9.380000000000000000e+02 1.335385000000000036e+04
8.020000000000000000e+02 1.335430000000000109e+04
1.130000000000000000e+03 1.335650000000000000e+04
1.026000000000000000e+03 1.336055000000000109e+04
1.106000000000000000e+03 1.336110000000000036e+04
8.420000000000000000e+02 1.336120000000000073e+04
1.138000000000000000e+03 1.336225000000000000e+04
9.220000000000000000e+02 1.336245000000000073e+04
1.042000000000000000e+03 1.336289999999999964e+04
9.460000000000000000e+02 1.336410000000000036e+04
8.340000000000000000e+02 1.336650000000000000e+04
1.002000000000000000e+03 1.336660000000000036e+04
9.940000000000000000e+02 1.336675000000000000e+04
1.066000000000000000e+03 1.336895000000000073e+04
8.580000000000000000e+02 1.337020000000000073e+04
1.098000000000000000e+03 1.337205000000000109e+04
8.660000000000000000e+02 1.337239999999999964e+04
1.018000000000000000e+03 1.337339999999999964e+04
1.178000000000000000e+03 1.337480000000000109e+04
8.900000000000000000e+02 1.337620000000000073e+04
8.100000000000000000e+02 1.337670000000000073e+04
1.154000000000000000e+03 1.337714999999999964e+04
1.082000000000000000e+03 1.338089999999999964e+04
8.180000000000000000e+02 1.338230000000000109e+04
1.074000000000000000e+03 1.338305000000000109e+04
8.740000000000000000e+02 1.338325000000000000e+04
1.194000000000000000e+03 1.338325000000000000e+04
1.170000000000000000e+03 1.338370000000000073e+04
8.820000000000000000e+02 1.338614999999999964e+04
9.540000000000000000e+02 1.338820000000000073e+04
9.860000000000000000e+02 1.338930000000000109e+04
1.114000000000000000e+03 1.338930000000000109e+04
1.162000000000000000e+03 1.338939999999999964e+04
1.186000000000000000e+03 1.338960000000000036e+04
1.010000000000000000e+03 1.338980000000000109e+04
1.146000000000000000e+03 1.338985000000000036e+04
8.420000000000000000e+02 1.339105000000000109e+04
1.106000000000000000e+03 1.339489999999999964e+04
1.122000000000000000e+03 1.339639999999999964e+04
9.620000000000000000e+02 1.339680000000000109e+04
1.042000000000000000e+03 1.339714999999999964e+04
1.130000000000000000e+03 1.339714999999999964e+04
9.140000000000000000e+02 1.339760000000000036e+04
1.002000000000000000e+03 1.339925000000000000e+04
8.340000000000000000e+02 1.339945000000000073e+04
1.058000000000000000e+03 1.340414999999999964e+04
8.580000000000000000e+02 1.340450000000000000e+04
8.020000000000000000e+02 1.340495000000000073e+04
9.380000000000000000e+02 1.340700000000000000e+04
9.300000000000000000e+02 1.340760000000000036e+04
8.500000000000000000e+02 1.341280000000000109e+04
9.780000000000000000e+02 1.341310000000000036e+04
8.740000000000000000e+02 1.341439999999999964e+04
8.980000000000000000e+02 1.341560000000000036e+04
1.114000000000000000e+03 1.341630000000000109e+04
1.034000000000000000e+03 1.341639999999999964e+04
8.660000000000000000e+02 1.341735000000000036e+04
1.066000000000000000e+03 1.341830000000000109e+04
9.700000000000000000e+02 1.341960000000000036e+04
1.026000000000000000e+03 1.342389999999999964e+04
9.220000000000000000e+02 1.342425000000000000e+04
1.178000000000000000e+03 1.342485000000000036e+04
1.186000000000000000e+03 1.342510000000000036e+04
9.860000000000000000e+02 1.342545000000000073e+04
9.460000000000000000e+02 1.342620000000000073e+04
8.100000000000000000e+02 1.342660000000000036e+04
1.194000000000000000e+03 1.342675000000000000e+04
1.018000000000000000e+03 1.342700000000000000e+04
1.098000000000000000e+03 1.342730000000000109e+04
1.074000000000000000e+03 1.342800000000000000e+04
1.138000000000000000e+03 1.342970000000000073e+04
1.090000000000000000e+03 1.343095000000000073e+04
1.170000000000000000e+03 1.343250000000000000e+04
1.010000000000000000e+03 1.343314999999999964e+04
8.260000000000000000e+02 1.343395000000000073e+04
1.130000000000000000e+03 1.343435000000000036e+04
1.106000000000000000e+03 1.343700000000000000e+04
8.180000000000000000e+02 1.343939999999999964e+04
9.380000000000000000e+02 1.344260000000000036e+04
9.620000000000000000e+02 1.344350000000000000e+04
8.340000000000000000e+02 1.344435000000000036e+04
8.820000000000000000e+02 1.344439999999999964e+04
1.082000000000000000e+03 1.344489999999999964e+04
9.140000000000000000e+02 1.344500000000000000e+04
8.740000000000000000e+02 1.344939999999999964e+04
9.460000000000000000e+02 1.344960000000000036e+04
1.162000000000000000e+03 1.345080000000000109e+04
8.580000000000000000e+02 1.345089999999999964e+04
1.114000000000000000e+03 1.345275000000000000e+04
8.900000000000000000e+02 1.345289999999999964e+04
9.700000000000000000e+02 1.345314999999999964e+04
8.660000000000000000e+02 1.345350000000000000e+04
8.980000000000000000e+02 1.345780000000000109e+04
8.020000000000000000e+02 1.345835000000000036e+04
8.260000000000000000e+02 1.345850000000000000e+04
1.042000000000000000e+03 1.345900000000000000e+04
1.010000000000000000e+03 1.345939999999999964e+04
1.178000000000000000e+03 1.345950000000000000e+04
9.940000000000000000e+02 1.345960000000000036e+04
1.154000000000000000e+03 1.346025000000000000e+04
1.050000000000000000e+03 1.346330000000000109e+04
1.074000000000000000e+03 1.346395000000000073e+04
8.340000000000000000e+02 1.346435000000000036e+04
1.066000000000000000e+03 1.346580000000000109e+04
1.194000000000000000e+03 1.346620000000000073e+04
1.002000000000000000e+03 1.346700000000000000e+04
1.090000000000000000e+03 1.347005000000000109e+04
1.058000000000000000e+03 1.347110000000000036e+04
1.106000000000000000e+03 1.347225000000000000e+04
9.300000000000000000e+02 1.347314999999999964e+04
8.100000000000000000e+02 1.347375000000000000e+04
9.780000000000000000e+02 1.347389999999999964e+04
1.034000000000000000e+03 1.347664999999999964e+04
8.500000000000000000e+02 1.348075000000000000e+04
8.180000000000000000e+02 1.348110000000000036e+04
9.380000000000000000e+02 1.348150000000000000e+04
1.018000000000000000e+03 1.348250000000000000e+04
1.130000000000000000e+03 1.348550000000000000e+04
9.700000000000000000e+02 1.348620000000000073e+04
1.162000000000000000e+03 1.348930000000000109e+04
1.114000000000000000e+03 1.348955000000000109e+04
8.900000000000000000e+02 1.349264999999999964e+04
1.122000000000000000e+03 1.349310000000000036e+04
1.146000000000000000e+03 1.349375000000000000e+04
1.066000000000000000e+03 1.349389999999999964e+04
1.186000000000000000e+03 1.349395000000000073e+04
1.002000000000000000e+03 1.349420000000000073e+04
8.420000000000000000e+02 1.349475000000000000e+04
1.050000000000000000e+03 1.349910000000000036e+04
8.020000000000000000e+02 1.350025000000000000e+04
1.082000000000000000e+03 1.350085000000000036e+04
8.340000000000000000e+02 1.350185000000000036e+04
9.860000000000000000e+02 1.350225000000000000e+04
1.154000000000000000e+03 1.350270000000000073e+04
1.042000000000000000e+03 1.350330000000000109e+04
9.540000000000000000e+02 1.350460000000000036e+04
8.980000000000000000e+02 1.350755000000000109e+04
1.194000000000000000e+03 1.350850000000000000e+04
9.140000000000000000e+02 1.350955000000000109e+04
1.058000000000000000e+03 1.351139999999999964e+04
1.018000000000000000e+03 1.351205000000000109e+04
8.740000000000000000e+02 1.351325000000000000e+04
1.090000000000000000e+03 1.351664999999999964e+04
8.660000000000000000e+02 1.351689999999999964e+04
8.500000000000000000e+02 1.351695000000000073e+04
1.138000000000000000e+03 1.351785000000000036e+04
1.074000000000000000e+03 1.351845000000000073e+04
1.170000000000000000e+03 1.351850000000000000e+04
8.820000000000000000e+02 1.351975000000000000e+04
1.106000000000000000e+03 1.352270000000000073e+04
1.186000000000000000e+03 1.352405000000000109e+04
9.620000000000000000e+02 1.352475000000000000e+04
9.940000000000000000e+02 1.352545000000000073e+04
1.130000000000000000e+03 1.352614999999999964e+04
8.580000000000000000e+02 1.352714999999999964e+04
1.114000000000000000e+03 1.352889999999999964e+04
8.340000000000000000e+02 1.353260000000000036e+04
1.026000000000000000e+03 1.353489999999999964e+04
9.780000000000000000e+02 1.353514999999999964e+04
9.700000000000000000e+02 1.354220000000000073e+04
9.140000000000000000e+02 1.354350000000000000e+04
9.220000000000000000e+02 1.354420000000000073e+04
1.162000000000000000e+03 1.354445000000000073e+04
1.066000000000000000e+03 1.354489999999999964e+04
8.980000000000000000e+02 1.354510000000000036e+04
9.380000000000000000e+02 1.354520000000000073e+04
1.098000000000000000e+03 1.354610000000000036e+04
8.900000000000000000e+02 1.354630000000000109e+04
8.500000000000000000e+02 1.354664999999999964e+04
9.460000000000000000e+02 1.354675000000000000e+04
1.018000000000000000e+03 1.354795000000000073e+04
8.420000000000000000e+02 1.355305000000000109e+04
1.082000000000000000e+03 1.355335000000000036e+04
1.002000000000000000e+03 1.355345000000000073e+04
1.106000000000000000e+03 1.355389999999999964e+04
1.178000000000000000e+03 1.355450000000000000e+04
1.074000000000000000e+03 1.355500000000000000e+04
1.138000000000000000e+03 1.355520000000000073e+04
8.180000000000000000e+02 1.355795000000000073e+04
9.860000000000000000e+02 1.355955000000000109e+04
1.058000000000000000e+03 1.355970000000000073e+04
8.340000000000000000e+02 1.356139999999999964e+04
1.042000000000000000e+03 1.356245000000000073e+04
8.020000000000000000e+02 1.356625000000000000e+04
1.130000000000000000e+03 1.356764999999999964e+04
8.740000000000000000e+02 1.356795000000000073e+04
9.300000000000000000e+02 1.356980000000000109e+04
8.660000000000000000e+02 1.356989999999999964e+04
1.034000000000000000e+03 1.357050000000000000e+04
9.940000000000000000e+02 1.357200000000000000e+04
1.002000000000000000e+03 1.357580000000000109e+04
1.154000000000000000e+03 1.357714999999999964e+04
1.186000000000000000e+03 1.357810000000000036e+04
9.540000000000000000e+02 1.357860000000000036e+04
9.140000000000000000e+02 1.358120000000000073e+04
8.580000000000000000e+02 1.358160000000000036e+04
9.460000000000000000e+02 1.358625000000000000e+04
1.114000000000000000e+03 1.358705000000000109e+04
1.194000000000000000e+03 1.358805000000000109e+04
8.980000000000000000e+02 1.358864999999999964e+04
1.162000000000000000e+03 1.358910000000000036e+04
1.066000000000000000e+03 1.358970000000000073e+04
8.260000000000000000e+02 1.359010000000000036e+04
1.170000000000000000e+03 1.359025000000000000e+04
1.018000000000000000e+03 1.359150000000000000e+04
1.010000000000000000e+03 1.359420000000000073e+04
8.420000000000000000e+02 1.359500000000000000e+04
1.138000000000000000e+03 1.359625000000000000e+04
1.090000000000000000e+03 1.360155000000000109e+04
8.180000000000000000e+02 1.360220000000000073e+04
1.146000000000000000e+03 1.360255000000000109e+04
1.058000000000000000e+03 1.360285000000000036e+04
1.106000000000000000e+03 1.360295000000000073e+04
8.740000000000000000e+02 1.360570000000000073e+04
9.140000000000000000e+02 1.360835000000000036e+04
1.002000000000000000e+03 1.360960000000000036e+04
1.074000000000000000e+03 1.361055000000000109e+04
8.340000000000000000e+02 1.361255000000000109e+04
1.026000000000000000e+03 1.361275000000000000e+04
9.620000000000000000e+02 1.361430000000000109e+04
8.020000000000000000e+02 1.361489999999999964e+04
8.820000000000000000e+02 1.361520000000000073e+04
9.780000000000000000e+02 1.361689999999999964e+04
8.660000000000000000e+02 1.361730000000000109e+04
1.042000000000000000e+03 1.361945000000000073e+04
1.050000000000000000e+03 1.362175000000000000e+04
1.194000000000000000e+03 1.362239999999999964e+04
1.082000000000000000e+03 1.362485000000000036e+04
9.460000000000000000e+02 1.362510000000000036e+04
1.178000000000000000e+03 1.362535000000000036e+04
1.098000000000000000e+03 1.362620000000000073e+04
1.066000000000000000e+03 1.362625000000000000e+04
1.018000000000000000e+03 1.363225000000000000e+04
1.034000000000000000e+03 1.363280000000000109e+04
1.106000000000000000e+03 1.363314999999999964e+04
1.138000000000000000e+03 1.363850000000000000e+04
8.900000000000000000e+02 1.364000000000000000e+04
1.114000000000000000e+03 1.364000000000000000e+04
9.940000000000000000e+02 1.364064999999999964e+04
8.500000000000000000e+02 1.364100000000000000e+04
8.980000000000000000e+02 1.364114999999999964e+04
9.700000000000000000e+02 1.364120000000000073e+04
1.026000000000000000e+03 1.364135000000000036e+04
1.002000000000000000e+03 1.364230000000000109e+04
9.300000000000000000e+02 1.364260000000000036e+04
8.580000000000000000e+02 1.364660000000000036e+04
8.180000000000000000e+02 1.364670000000000073e+04
1.154000000000000000e+03 1.364750000000000000e+04
1.130000000000000000e+03 1.364770000000000073e+04
1.146000000000000000e+03 1.364789999999999964e+04
8.340000000000000000e+02 1.364800000000000000e+04
9.540000000000000000e+02 1.364805000000000109e+04
1.058000000000000000e+03 1.364885000000000036e+04
9.220000000000000000e+02 1.365225000000000000e+04
8.740000000000000000e+02 1.365505000000000109e+04
1.034000000000000000e+03 1.365580000000000109e+04
1.074000000000000000e+03 1.365635000000000036e+04
1.082000000000000000e+03 1.365739999999999964e+04
1.090000000000000000e+03 1.365820000000000073e+04
1.162000000000000000e+03 1.365855000000000109e+04
1.194000000000000000e+03 1.365945000000000073e+04
9.140000000000000000e+02 1.366064999999999964e+04
1.002000000000000000e+03 1.366239999999999964e+04
8.100000000000000000e+02 1.366285000000000036e+04
1.026000000000000000e+03 1.366485000000000036e+04
9.460000000000000000e+02 1.366800000000000000e+04
8.660000000000000000e+02 1.366830000000000109e+04
1.042000000000000000e+03 1.367020000000000073e+04
1.018000000000000000e+03 1.367105000000000109e+04
1.114000000000000000e+03 1.367105000000000109e+04
8.260000000000000000e+02 1.367114999999999964e+04
9.700000000000000000e+02 1.367764999999999964e+04
1.138000000000000000e+03 1.367825000000000000e+04
8.020000000000000000e+02 1.367839999999999964e+04
8.500000000000000000e+02 1.367889999999999964e+04
1.050000000000000000e+03 1.368330000000000109e+04
9.300000000000000000e+02 1.368489999999999964e+04
8.340000000000000000e+02 1.368514999999999964e+04
9.380000000000000000e+02 1.368535000000000036e+04
8.820000000000000000e+02 1.368564999999999964e+04
8.980000000000000000e+02 1.368664999999999964e+04
1.194000000000000000e+03 1.368664999999999964e+04
9.780000000000000000e+02 1.368680000000000109e+04
9.860000000000000000e+02 1.368785000000000036e+04
1.154000000000000000e+03 1.368955000000000109e+04
8.900000000000000000e+02 1.369030000000000109e+04
1.170000000000000000e+03 1.369035000000000036e+04
1.186000000000000000e+03 1.369045000000000073e+04
1.090000000000000000e+03 1.369105000000000109e+04
1.066000000000000000e+03 1.369335000000000036e+04
1.130000000000000000e+03 1.369364999999999964e+04
1.058000000000000000e+03 1.369564999999999964e+04
1.106000000000000000e+03 1.369564999999999964e+04
9.140000000000000000e+02 1.369785000000000036e+04
1.074000000000000000e+03 1.369805000000000109e+04
1.162000000000000000e+03 1.369989999999999964e+04
9.620000000000000000e+02 1.370105000000000109e+04
8.260000000000000000e+02 1.370505000000000109e+04
1.114000000000000000e+03 1.370655000000000109e+04
8.180000000000000000e+02 1.370710000000000036e+04
9.940000000000000000e+02 1.370710000000000036e+04
8.580000000000000000e+02 1.370714999999999964e+04
1.018000000000000000e+03 1.370735000000000036e+04
1.082000000000000000e+03 1.370989999999999964e+04
8.340000000000000000e+02 1.371035000000000036e+04
1.146000000000000000e+03 1.371045000000000073e+04
9.060000000000000000e+02 1.371120000000000073e+04
1.034000000000000000e+03 1.371135000000000036e+04
1.098000000000000000e+03 1.371375000000000000e+04
1.186000000000000000e+03 1.371605000000000109e+04
8.820000000000000000e+02 1.371620000000000073e+04
1.010000000000000000e+03 1.371645000000000073e+04
1.106000000000000000e+03 1.371655000000000109e+04
9.700000000000000000e+02 1.371675000000000000e+04
9.380000000000000000e+02 1.371735000000000036e+04
8.100000000000000000e+02 1.371750000000000000e+04
1.042000000000000000e+03 1.371895000000000073e+04
8.980000000000000000e+02 1.371985000000000036e+04
9.300000000000000000e+02 1.372430000000000109e+04
1.138000000000000000e+03 1.372425000000000000e+04
8.900000000000000000e+02 1.372455000000000109e+04
9.460000000000000000e+02 1.372500000000000000e+04
1.130000000000000000e+03 1.372539999999999964e+04
1.026000000000000000e+03 1.372580000000000109e+04
1.002000000000000000e+03 1.372620000000000073e+04
1.178000000000000000e+03 1.372939999999999964e+04
9.860000000000000000e+02 1.373170000000000073e+04
1.090000000000000000e+03 1.373325000000000000e+04
1.162000000000000000e+03 1.373350000000000000e+04
8.340000000000000000e+02 1.373439999999999964e+04
9.940000000000000000e+02 1.373780000000000109e+04
8.740000000000000000e+02 1.373960000000000036e+04
1.194000000000000000e+03 1.374030000000000109e+04
1.114000000000000000e+03 1.374125000000000000e+04
8.020000000000000000e+02 1.374200000000000000e+04
1.066000000000000000e+03 1.374214999999999964e+04
8.260000000000000000e+02 1.374464999999999964e+04
1.074000000000000000e+03 1.374689999999999964e+04
1.018000000000000000e+03 1.374920000000000073e+04
8.420000000000000000e+02 1.375100000000000000e+04
1.050000000000000000e+03 1.375250000000000000e+04
1.170000000000000000e+03 1.375275000000000000e+04
8.820000000000000000e+02 1.375425000000000000e+04
8.980000000000000000e+02 1.375530000000000109e+04
1.154000000000000000e+03 1.375635000000000036e+04
9.540000000000000000e+02 1.375700000000000000e+04
1.106000000000000000e+03 1.375725000000000000e+04
9.060000000000000000e+02 1.375810000000000036e+04
1.090000000000000000e+03 1.375875000000000000e+04
8.180000000000000000e+02 1.375889999999999964e+04
8.900000000000000000e+02 1.375995000000000073e+04
1.058000000000000000e+03 1.376010000000000036e+04
1.026000000000000000e+03 1.376035000000000036e+04
1.002000000000000000e+03 1.376355000000000109e+04
1.194000000000000000e+03 1.376539999999999964e+04
9.460000000000000000e+02 1.376545000000000073e+04
8.500000000000000000e+02 1.376625000000000000e+04
8.660000000000000000e+02 1.376630000000000109e+04
9.140000000000000000e+02 1.376755000000000109e+04
1.130000000000000000e+03 1.376880000000000109e+04
1.186000000000000000e+03 1.377145000000000073e+04
1.082000000000000000e+03 1.377214999999999964e+04
8.340000000000000000e+02 1.377325000000000000e+04
8.580000000000000000e+02 1.377995000000000073e+04
1.018000000000000000e+03 1.378010000000000036e+04
8.740000000000000000e+02 1.378064999999999964e+04
1.010000000000000000e+03 1.378080000000000109e+04
9.700000000000000000e+02 1.378250000000000000e+04
1.114000000000000000e+03 1.378255000000000109e+04
9.620000000000000000e+02 1.378285000000000036e+04
1.170000000000000000e+03 1.378310000000000036e+04
1.042000000000000000e+03 1.378595000000000073e+04
9.860000000000000000e+02 1.378830000000000109e+04
1.002000000000000000e+03 1.379055000000000109e+04
1.058000000000000000e+03 1.379085000000000036e+04
8.100000000000000000e+02 1.379155000000000109e+04
1.194000000000000000e+03 1.379345000000000073e+04
1.098000000000000000e+03 1.379635000000000036e+04
1.034000000000000000e+03 1.379825000000000000e+04
9.380000000000000000e+02 1.379845000000000073e+04
1.074000000000000000e+03 1.379885000000000036e+04
8.820000000000000000e+02 1.379975000000000000e+04
8.900000000000000000e+02 1.380405000000000109e+04
1.066000000000000000e+03 1.380430000000000109e+04
1.082000000000000000e+03 1.380470000000000073e+04
9.300000000000000000e+02 1.380585000000000036e+04
9.940000000000000000e+02 1.380589999999999964e+04
8.260000000000000000e+02 1.380639999999999964e+04
1.026000000000000000e+03 1.380745000000000073e+04
8.340000000000000000e+02 1.380870000000000073e+04
1.186000000000000000e+03 1.380885000000000036e+04
1.138000000000000000e+03 1.381020000000000073e+04
1.154000000000000000e+03 1.381120000000000073e+04
1.002000000000000000e+03 1.381264999999999964e+04
9.060000000000000000e+02 1.381535000000000036e+04
8.580000000000000000e+02 1.381580000000000109e+04
1.114000000000000000e+03 1.381610000000000036e+04
8.020000000000000000e+02 1.381720000000000073e+04
1.050000000000000000e+03 1.381714999999999964e+04
1.130000000000000000e+03 1.381735000000000036e+04
1.106000000000000000e+03 1.381780000000000109e+04
1.162000000000000000e+03 1.381775000000000000e+04
8.660000000000000000e+02 1.381795000000000073e+04
1.170000000000000000e+03 1.381910000000000036e+04
9.700000000000000000e+02 1.382320000000000073e+04
1.178000000000000000e+03 1.382425000000000000e+04
9.140000000000000000e+02 1.382445000000000073e+04
9.540000000000000000e+02 1.382485000000000036e+04
8.100000000000000000e+02 1.382520000000000073e+04
1.194000000000000000e+03 1.382514999999999964e+04
1.090000000000000000e+03 1.382525000000000000e+04
8.740000000000000000e+02 1.382775000000000000e+04
1.058000000000000000e+03 1.383114999999999964e+04
8.420000000000000000e+02 1.383305000000000109e+04
1.034000000000000000e+03 1.383325000000000000e+04
8.980000000000000000e+02 1.383395000000000073e+04
1.074000000000000000e+03 1.383620000000000073e+04
1.018000000000000000e+03 1.383725000000000000e+04
8.340000000000000000e+02 1.384185000000000036e+04
1.194000000000000000e+03 1.384370000000000073e+04
9.460000000000000000e+02 1.384389999999999964e+04
1.170000000000000000e+03 1.384495000000000073e+04
8.820000000000000000e+02 1.384505000000000109e+04
1.002000000000000000e+03 1.384525000000000000e+04
1.106000000000000000e+03 1.384570000000000073e+04
9.220000000000000000e+02 1.384614999999999964e+04
9.380000000000000000e+02 1.384975000000000000e+04
1.146000000000000000e+03 1.385039999999999964e+04
1.122000000000000000e+03 1.385045000000000073e+04
1.186000000000000000e+03 1.385064999999999964e+04
1.114000000000000000e+03 1.385314999999999964e+04
1.042000000000000000e+03 1.385514999999999964e+04
1.130000000000000000e+03 1.385745000000000073e+04
8.500000000000000000e+02 1.385835000000000036e+04
1.010000000000000000e+03 1.385839999999999964e+04
8.180000000000000000e+02 1.385845000000000073e+04
1.018000000000000000e+03 1.385855000000000109e+04
1.034000000000000000e+03 1.386035000000000036e+04
9.700000000000000000e+02 1.386055000000000109e+04
9.940000000000000000e+02 1.386435000000000036e+04
1.098000000000000000e+03 1.386530000000000109e+04
8.020000000000000000e+02 1.386580000000000109e+04
9.780000000000000000e+02 1.386885000000000036e+04
1.026000000000000000e+03 1.386900000000000000e+04
1.194000000000000000e+03 1.387035000000000036e+04
1.154000000000000000e+03 1.387055000000000109e+04
1.162000000000000000e+03 1.387095000000000073e+04
1.106000000000000000e+03 1.387105000000000109e+04
1.074000000000000000e+03 1.387139999999999964e+04
8.660000000000000000e+02 1.387145000000000073e+04
9.300000000000000000e+02 1.387460000000000036e+04
1.130000000000000000e+03 1.387500000000000000e+04
1.050000000000000000e+03 1.387660000000000036e+04
1.002000000000000000e+03 1.387805000000000109e+04
9.620000000000000000e+02 1.387820000000000073e+04
9.860000000000000000e+02 1.387850000000000000e+04
1.058000000000000000e+03 1.387920000000000073e+04
1.066000000000000000e+03 1.388130000000000109e+04
1.042000000000000000e+03 1.388185000000000036e+04
8.580000000000000000e+02 1.388210000000000036e+04
8.420000000000000000e+02 1.388235000000000036e+04
8.740000000000000000e+02 1.388435000000000036e+04
8.980000000000000000e+02 1.388830000000000109e+04
1.018000000000000000e+03 1.388860000000000036e+04
8.260000000000000000e+02 1.388910000000000036e+04
1.114000000000000000e+03 1.388925000000000000e+04
8.820000000000000000e+02 1.389039999999999964e+04
1.186000000000000000e+03 1.389055000000000109e+04
1.138000000000000000e+03 1.389685000000000036e+04
1.090000000000000000e+03 1.389705000000000109e+04
1.082000000000000000e+03 1.389725000000000000e+04
9.460000000000000000e+02 1.389780000000000109e+04
1.010000000000000000e+03 1.389775000000000000e+04
9.140000000000000000e+02 1.390195000000000073e+04
1.170000000000000000e+03 1.390289999999999964e+04
1.162000000000000000e+03 1.390400000000000000e+04
1.130000000000000000e+03 1.390495000000000073e+04
1.074000000000000000e+03 1.390570000000000073e+04
8.500000000000000000e+02 1.390650000000000000e+04
8.900000000000000000e+02 1.390760000000000036e+04
1.002000000000000000e+03 1.390789999999999964e+04
1.034000000000000000e+03 1.390795000000000073e+04
1.114000000000000000e+03 1.390830000000000109e+04
1.050000000000000000e+03 1.390910000000000036e+04
1.146000000000000000e+03 1.390920000000000073e+04
1.178000000000000000e+03 1.391455000000000109e+04
9.300000000000000000e+02 1.391470000000000073e+04
1.194000000000000000e+03 1.391625000000000000e+04
8.180000000000000000e+02 1.391660000000000036e+04
8.420000000000000000e+02 1.391664999999999964e+04
8.340000000000000000e+02 1.391850000000000000e+04
1.018000000000000000e+03 1.391914999999999964e+04
1.082000000000000000e+03 1.392595000000000073e+04
8.980000000000000000e+02 1.392660000000000036e+04
8.820000000000000000e+02 1.392755000000000109e+04
1.186000000000000000e+03 1.392805000000000109e+04
1.026000000000000000e+03 1.392880000000000109e+04
1.162000000000000000e+03 1.392875000000000000e+04
1.130000000000000000e+03 1.393110000000000036e+04
8.580000000000000000e+02 1.393210000000000036e+04
9.620000000000000000e+02 1.393300000000000000e+04
9.380000000000000000e+02 1.393320000000000073e+04
1.122000000000000000e+03 1.393325000000000000e+04
1.034000000000000000e+03 1.393350000000000000e+04
1.058000000000000000e+03 1.393375000000000000e+04
9.860000000000000000e+02 1.393435000000000036e+04
1.106000000000000000e+03 1.393439999999999964e+04
8.260000000000000000e+02 1.394005000000000109e+04
1.114000000000000000e+03 1.394010000000000036e+04
1.154000000000000000e+03 1.394010000000000036e+04
9.460000000000000000e+02 1.394050000000000000e+04
1.194000000000000000e+03 1.394095000000000073e+04
9.700000000000000000e+02 1.394125000000000000e+04
1.066000000000000000e+03 1.394275000000000000e+04
9.140000000000000000e+02 1.394614999999999964e+04
8.500000000000000000e+02 1.394795000000000073e+04
8.340000000000000000e+02 1.394885000000000036e+04
1.146000000000000000e+03 1.394995000000000073e+04
1.090000000000000000e+03 1.395360000000000036e+04
8.180000000000000000e+02 1.395450000000000000e+04
1.002000000000000000e+03 1.395495000000000073e+04
8.020000000000000000e+02 1.395595000000000073e+04
1.082000000000000000e+03 1.395739999999999964e+04
1.018000000000000000e+03 1.395955000000000109e+04
8.900000000000000000e+02 1.396170000000000073e+04
9.300000000000000000e+02 1.396189999999999964e+04
1.026000000000000000e+03 1.396195000000000073e+04
1.010000000000000000e+03 1.396214999999999964e+04
9.620000000000000000e+02 1.396235000000000036e+04
1.194000000000000000e+03 1.396789999999999964e+04
1.186000000000000000e+03 1.396855000000000109e+04
1.162000000000000000e+03 1.396900000000000000e+04
1.130000000000000000e+03 1.396950000000000000e+04
9.220000000000000000e+02 1.396995000000000073e+04
1.042000000000000000e+03 1.396995000000000073e+04
9.940000000000000000e+02 1.397045000000000073e+04
1.154000000000000000e+03 1.397060000000000036e+04
1.050000000000000000e+03 1.397075000000000000e+04
1.058000000000000000e+03 1.397189999999999964e+04
1.002000000000000000e+03 1.397360000000000036e+04
1.034000000000000000e+03 1.397375000000000000e+04
8.820000000000000000e+02 1.397439999999999964e+04
1.074000000000000000e+03 1.397470000000000073e+04
8.340000000000000000e+02 1.397614999999999964e+04
1.106000000000000000e+03 1.397835000000000036e+04
9.460000000000000000e+02 1.397875000000000000e+04
1.090000000000000000e+03 1.397910000000000036e+04
1.138000000000000000e+03 1.398025000000000000e+04
8.660000000000000000e+02 1.398220000000000073e+04
1.018000000000000000e+03 1.398439999999999964e+04
1.114000000000000000e+03 1.398455000000000109e+04
9.700000000000000000e+02 1.398805000000000109e+04
8.740000000000000000e+02 1.398830000000000109e+04
9.380000000000000000e+02 1.398985000000000036e+04
8.260000000000000000e+02 1.399055000000000109e+04
8.580000000000000000e+02 1.399589999999999964e+04
8.100000000000000000e+02 1.399660000000000036e+04
1.082000000000000000e+03 1.399885000000000036e+04
9.140000000000000000e+02 1.399930000000000109e+04
9.540000000000000000e+02 1.399925000000000000e+04
1.098000000000000000e+03 1.399980000000000109e+04
1.066000000000000000e+03 1.400005000000000109e+04
8.980000000000000000e+02 1.400025000000000000e+04
8.340000000000000000e+02 1.402595000000000073e+04
1.114000000000000000e+03 1.406664999999999964e+04
1.066000000000000000e+03 1.408020000000000073e+04
9.460000000000000000e+02 1.409064999999999964e+04
9.780000000000000000e+02 1.409085000000000036e+04
1.010000000000000000e+03 1.412505000000000109e+04
1.090000000000000000e+03 1.414120000000000073e+04
9.220000000000000000e+02 1.419870000000000073e+04
9.060000000000000000e+02 1.420350000000000000e+04
9.380000000000000000e+02 1.431260000000000036e+04
9.860000000000000000e+02 1.439550000000000000e+04
8.500000000000000000e+02 1.440870000000000073e+04
1.162000000000000000e+03 1.444030000000000109e+04
9.460000000000000000e+02 1.444285000000000036e+04
9.780000000000000000e+02 1.453135000000000036e+04
1.106000000000000000e+03 1.458360000000000036e+04
1.146000000000000000e+03 1.461945000000000073e+04
1.034000000000000000e+03 1.465814999999999964e+04
9.460000000000000000e+02 1.468385000000000036e+04
8.100000000000000000e+02 1.471200000000000000e+04
1.178000000000000000e+03 1.471335000000000036e+04
8.180000000000000000e+02 1.488995000000000073e+04
1.098000000000000000e+03 1.489985000000000036e+04
1.130000000000000000e+03 1.491700000000000000e+04
1.106000000000000000e+03 1.497025000000000000e+04
9.540000000000000000e+02 1.499120000000000073e+04
1.186000000000000000e+03 1.499185000000000036e+04
8.590000000000000000e+02 1.009500000000000028e+02
1.107000000000000000e+03 2.998000000000000114e+02
9.390000000000000000e+02 3.224499999999999886e+02
9.310000000000000000e+02 3.466000000000000227e+02
1.083000000000000000e+03 4.063500000000000227e+02
8.190000000000000000e+02 4.175000000000000000e+02
9.070000000000000000e+02 4.678000000000000114e+02
1.091000000000000000e+03 4.813000000000000114e+02
9.310000000000000000e+02 4.979499999999999886e+02
1.155000000000000000e+03 5.903999999999999773e+02
1.035000000000000000e+03 6.736000000000000227e+02
1.171000000000000000e+03 7.139500000000000455e+02
9.150000000000000000e+02 8.191000000000000227e+02
8.910000000000000000e+02 8.517000000000000455e+02
9.070000000000000000e+02 8.551499999999999773e+02
1.059000000000000000e+03 8.804500000000000455e+02
8.590000000000000000e+02 1.020850000000000023e+03
1.067000000000000000e+03 1.067250000000000000e+03
9.070000000000000000e+02 1.100549999999999955e+03
1.131000000000000000e+03 1.128549999999999955e+03
1.099000000000000000e+03 1.170549999999999955e+03
1.179000000000000000e+03 1.184950000000000045e+03
8.430000000000000000e+02 1.259549999999999955e+03
1.003000000000000000e+03 1.325400000000000091e+03
1.107000000000000000e+03 1.335250000000000000e+03
1.115000000000000000e+03 1.336000000000000000e+03
1.179000000000000000e+03 1.500600000000000136e+03
8.110000000000000000e+02 1.501299999999999955e+03
1.067000000000000000e+03 1.558350000000000136e+03
1.059000000000000000e+03 1.623900000000000091e+03
1.139000000000000000e+03 1.641450000000000045e+03
9.390000000000000000e+02 1.643700000000000045e+03
9.870000000000000000e+02 1.644900000000000091e+03
8.910000000000000000e+02 1.776750000000000000e+03
1.107000000000000000e+03 1.804049999999999955e+03
1.115000000000000000e+03 1.806600000000000136e+03
1.059000000000000000e+03 1.807600000000000136e+03
1.155000000000000000e+03 1.809400000000000091e+03
9.070000000000000000e+02 1.851000000000000000e+03
9.790000000000000000e+02 1.853250000000000000e+03
1.003000000000000000e+03 1.861250000000000000e+03
8.990000000000000000e+02 1.877000000000000000e+03
8.670000000000000000e+02 1.909250000000000000e+03
1.107000000000000000e+03 1.915600000000000136e+03
8.270000000000000000e+02 1.985100000000000136e+03
1.075000000000000000e+03 1.992750000000000000e+03
1.155000000000000000e+03 2.256800000000000182e+03
8.590000000000000000e+02 2.273849999999999909e+03
1.059000000000000000e+03 2.326150000000000091e+03
9.550000000000000000e+02 2.404000000000000000e+03
1.187000000000000000e+03 2.411950000000000273e+03
1.195000000000000000e+03 2.430300000000000182e+03
1.147000000000000000e+03 2.480300000000000182e+03
8.590000000000000000e+02 2.491099999999999909e+03
8.030000000000000000e+02 2.497400000000000091e+03
1.115000000000000000e+03 2.517500000000000000e+03
8.350000000000000000e+02 2.570349999999999909e+03
1.075000000000000000e+03 2.595599999999999909e+03
9.390000000000000000e+02 2.611050000000000182e+03
8.270000000000000000e+02 2.631950000000000273e+03
1.195000000000000000e+03 2.639000000000000000e+03
1.115000000000000000e+03 2.712300000000000182e+03
1.075000000000000000e+03 2.713950000000000273e+03
1.195000000000000000e+03 2.784750000000000000e+03
9.390000000000000000e+02 2.799150000000000091e+03
9.870000000000000000e+02 2.931150000000000091e+03
1.035000000000000000e+03 2.958349999999999909e+03
8.350000000000000000e+02 2.977650000000000091e+03
9.150000000000000000e+02 2.991500000000000000e+03
1.195000000000000000e+03 3.003150000000000091e+03
9.870000000000000000e+02 6.053150000000000546e+03
1.155000000000000000e+03 6.170100000000000364e+03
1.091000000000000000e+03 6.180350000000000364e+03
9.310000000000000000e+02 6.199100000000000364e+03
9.950000000000000000e+02 6.254050000000000182e+03
1.051000000000000000e+03 6.270350000000000364e+03
1.131000000000000000e+03 6.274100000000000364e+03
1.067000000000000000e+03 6.292300000000000182e+03
1.083000000000000000e+03 6.320699999999999818e+03
8.670000000000000000e+02 6.396300000000000182e+03
1.123000000000000000e+03 6.408699999999999818e+03
1.011000000000000000e+03 6.508250000000000000e+03
9.950000000000000000e+02 6.519949999999999818e+03
8.350000000000000000e+02 6.578350000000000364e+03
8.510000000000000000e+02 6.602150000000000546e+03
8.670000000000000000e+02 6.613150000000000546e+03
1.067000000000000000e+03 6.641900000000000546e+03
1.107000000000000000e+03 6.663300000000000182e+03
9.710000000000000000e+02 6.670699999999999818e+03
9.870000000000000000e+02 6.707300000000000182e+03
8.910000000000000000e+02 6.823400000000000546e+03
1.027000000000000000e+03 6.883400000000000546e+03
8.670000000000000000e+02 6.945000000000000000e+03
8.910000000000000000e+02 6.946949999999999818e+03
1.027000000000000000e+03 6.971600000000000364e+03
9.950000000000000000e+02 6.973449999999999818e+03
9.790000000000000000e+02 1.014160000000000036e+04
1.059000000000000000e+03 1.018514999999999964e+04
1.187000000000000000e+03 1.025395000000000073e+04
1.163000000000000000e+03 1.032745000000000073e+04
1.067000000000000000e+03 1.036550000000000000e+04
1.171000000000000000e+03 1.040580000000000109e+04
1.003000000000000000e+03 1.045839999999999964e+04
1.171000000000000000e+03 1.046695000000000073e+04
9.070000000000000000e+02 1.048280000000000109e+04
8.590000000000000000e+02 1.055125000000000000e+04
9.630000000000000000e+02 1.066680000000000109e+04
9.070000000000000000e+02 1.071245000000000073e+04
1.123000000000000000e+03 1.074045000000000073e+04
9.470000000000000000e+02 1.075860000000000036e+04
9.070000000000000000e+02 1.083250000000000000e+04
1.171000000000000000e+03 1.093610000000000036e+04
9.470000000000000000e+02 1.100589999999999964e+04
8.910000000000000000e+02 1.100689999999999964e+04
1.083000000000000000e+03 1.100889999999999964e+04
1.099000000000000000e+03 1.100914999999999964e+04
1.147000000000000000e+03 1.100930000000000109e+04
8.990000000000000000e+02 1.101075000000000000e+04
1.027000000000000000e+03 1.101089999999999964e+04
1.091000000000000000e+03 1.101610000000000036e+04
9.790000000000000000e+02 1.101630000000000109e+04
1.019000000000000000e+03 1.101670000000000073e+04
8.350000000000000000e+02 1.101714999999999964e+04
8.750000000000000000e+02 1.101900000000000000e+04
8.270000000000000000e+02 1.102245000000000073e+04
9.230000000000000000e+02 1.102250000000000000e+04
1.179000000000000000e+03 1.102314999999999964e+04
9.070000000000000000e+02 1.102335000000000036e+04
1.059000000000000000e+03 1.102560000000000036e+04
9.310000000000000000e+02 1.102639999999999964e+04
8.430000000000000000e+02 1.103010000000000036e+04
1.011000000000000000e+03 1.103155000000000109e+04
1.155000000000000000e+03 1.103170000000000073e+04
8.110000000000000000e+02 1.103439999999999964e+04
1.115000000000000000e+03 1.103910000000000036e+04
1.083000000000000000e+03 1.103995000000000073e+04
1.163000000000000000e+03 1.104085000000000036e+04
8.830000000000000000e+02 1.104220000000000073e+04
8.510000000000000000e+02 1.104545000000000073e+04
9.710000000000000000e+02 1.104655000000000109e+04
8.590000000000000000e+02 1.104705000000000109e+04
8.350000000000000000e+02 1.104855000000000109e+04
1.195000000000000000e+03 1.105060000000000036e+04
9.230000000000000000e+02 1.105205000000000109e+04
1.091000000000000000e+03 1.105345000000000073e+04
9.790000000000000000e+02 1.105430000000000109e+04
9.870000000000000000e+02 1.105470000000000073e+04
1.139000000000000000e+03 1.106105000000000109e+04
8.030000000000000000e+02 1.106260000000000036e+04
1.131000000000000000e+03 1.106625000000000000e+04
8.750000000000000000e+02 1.106770000000000073e+04
1.147000000000000000e+03 1.106825000000000000e+04
1.059000000000000000e+03 1.107380000000000109e+04
9.230000000000000000e+02 1.107605000000000109e+04
9.470000000000000000e+02 1.107605000000000109e+04
1.051000000000000000e+03 1.107775000000000000e+04
9.310000000000000000e+02 1.107855000000000109e+04
8.990000000000000000e+02 1.108064999999999964e+04
8.110000000000000000e+02 1.108235000000000036e+04
1.099000000000000000e+03 1.108264999999999964e+04
1.083000000000000000e+03 1.108280000000000109e+04
8.270000000000000000e+02 1.108285000000000036e+04
1.027000000000000000e+03 1.108460000000000036e+04
1.075000000000000000e+03 1.109100000000000000e+04
1.171000000000000000e+03 1.109195000000000073e+04
1.187000000000000000e+03 1.109210000000000036e+04
1.131000000000000000e+03 1.109239999999999964e+04
8.590000000000000000e+02 1.109250000000000000e+04
9.790000000000000000e+02 1.109495000000000073e+04
8.510000000000000000e+02 1.109520000000000073e+04
1.179000000000000000e+03 1.109575000000000000e+04
8.030000000000000000e+02 1.109720000000000073e+04
8.430000000000000000e+02 1.109785000000000036e+04
1.155000000000000000e+03 1.109880000000000109e+04
1.043000000000000000e+03 1.109960000000000036e+04
9.550000000000000000e+02 1.109985000000000036e+04
1.123000000000000000e+03 1.110000000000000000e+04
8.190000000000000000e+02 1.110575000000000000e+04
8.830000000000000000e+02 1.110675000000000000e+04
1.019000000000000000e+03 1.111414999999999964e+04
8.270000000000000000e+02 1.111435000000000036e+04
9.470000000000000000e+02 1.111530000000000109e+04
1.067000000000000000e+03 1.111535000000000036e+04
1.163000000000000000e+03 1.111560000000000036e+04
9.870000000000000000e+02 1.111570000000000073e+04
8.750000000000000000e+02 1.112055000000000109e+04
1.003000000000000000e+03 1.112085000000000036e+04
9.310000000000000000e+02 1.112260000000000036e+04
1.075000000000000000e+03 1.112345000000000073e+04
1.099000000000000000e+03 1.112360000000000036e+04
8.670000000000000000e+02 1.112370000000000073e+04
1.107000000000000000e+03 1.112389999999999964e+04
9.710000000000000000e+02 1.112739999999999964e+04
1.035000000000000000e+03 1.112825000000000000e+04
1.043000000000000000e+03 1.113270000000000073e+04
1.147000000000000000e+03 1.113855000000000109e+04
1.195000000000000000e+03 1.113895000000000073e+04
8.350000000000000000e+02 1.113905000000000109e+04
9.950000000000000000e+02 1.114410000000000036e+04
8.830000000000000000e+02 1.114420000000000073e+04
8.110000000000000000e+02 1.114439999999999964e+04
9.390000000000000000e+02 1.114460000000000036e+04
9.230000000000000000e+02 1.114500000000000000e+04
9.630000000000000000e+02 1.114635000000000036e+04
1.123000000000000000e+03 1.114935000000000036e+04
8.430000000000000000e+02 1.115150000000000000e+04
1.155000000000000000e+03 1.115170000000000073e+04
1.059000000000000000e+03 1.115175000000000000e+04
1.011000000000000000e+03 1.115514999999999964e+04
8.590000000000000000e+02 1.115564999999999964e+04
8.750000000000000000e+02 1.115570000000000073e+04
1.091000000000000000e+03 1.115639999999999964e+04
1.027000000000000000e+03 1.116130000000000109e+04
1.131000000000000000e+03 1.116125000000000000e+04
8.990000000000000000e+02 1.116170000000000073e+04
1.067000000000000000e+03 1.116205000000000109e+04
8.670000000000000000e+02 1.116275000000000000e+04
8.910000000000000000e+02 1.116275000000000000e+04
9.150000000000000000e+02 1.116275000000000000e+04
1.163000000000000000e+03 1.116280000000000109e+04
8.270000000000000000e+02 1.117280000000000109e+04
1.171000000000000000e+03 1.117489999999999964e+04
8.030000000000000000e+02 1.117570000000000073e+04
9.870000000000000000e+02 1.117695000000000073e+04
9.230000000000000000e+02 1.117885000000000036e+04
9.310000000000000000e+02 1.118130000000000109e+04
1.179000000000000000e+03 1.118500000000000000e+04
1.123000000000000000e+03 1.118570000000000073e+04
9.470000000000000000e+02 1.118655000000000109e+04
1.139000000000000000e+03 1.118755000000000109e+04
8.510000000000000000e+02 1.118795000000000073e+04
8.430000000000000000e+02 1.118989999999999964e+04
9.710000000000000000e+02 1.119050000000000000e+04
8.190000000000000000e+02 1.119139999999999964e+04
9.790000000000000000e+02 1.119135000000000036e+04
1.195000000000000000e+03 1.119230000000000109e+04
9.390000000000000000e+02 1.119610000000000036e+04
1.091000000000000000e+03 1.119655000000000109e+04
8.990000000000000000e+02 1.119705000000000109e+04
8.830000000000000000e+02 1.120385000000000036e+04
1.003000000000000000e+03 1.120439999999999964e+04
9.630000000000000000e+02 1.120635000000000036e+04
1.099000000000000000e+03 1.121045000000000073e+04
9.870000000000000000e+02 1.121160000000000036e+04
9.950000000000000000e+02 1.121410000000000036e+04
9.070000000000000000e+02 1.121455000000000109e+04
1.107000000000000000e+03 1.121535000000000036e+04
1.155000000000000000e+03 1.121685000000000036e+04
1.011000000000000000e+03 1.121980000000000109e+04
8.670000000000000000e+02 1.122080000000000109e+04
1.163000000000000000e+03 1.122300000000000000e+04
1.083000000000000000e+03 1.122395000000000073e+04
1.195000000000000000e+03 1.122485000000000036e+04
8.110000000000000000e+02 1.122525000000000000e+04
8.270000000000000000e+02 1.122689999999999964e+04
8.750000000000000000e+02 1.122730000000000109e+04
9.550000000000000000e+02 1.122775000000000000e+04
1.139000000000000000e+03 1.122795000000000073e+04
9.790000000000000000e+02 1.122970000000000073e+04
1.019000000000000000e+03 1.123425000000000000e+04
9.230000000000000000e+02 1.123585000000000036e+04
1.035000000000000000e+03 1.123760000000000036e+04
1.043000000000000000e+03 1.123900000000000000e+04
1.075000000000000000e+03 1.124089999999999964e+04
8.990000000000000000e+02 1.124160000000000036e+04
9.150000000000000000e+02 1.124210000000000036e+04
1.147000000000000000e+03 1.124375000000000000e+04
8.430000000000000000e+02 1.124389999999999964e+04
8.910000000000000000e+02 1.124400000000000000e+04
1.067000000000000000e+03 1.124564999999999964e+04
9.390000000000000000e+02 1.124750000000000000e+04
9.310000000000000000e+02 1.125410000000000036e+04
1.115000000000000000e+03 1.125480000000000109e+04
1.123000000000000000e+03 1.125539999999999964e+04
1.059000000000000000e+03 1.125820000000000073e+04
1.171000000000000000e+03 1.125900000000000000e+04
8.030000000000000000e+02 1.125970000000000073e+04
9.230000000000000000e+02 1.126145000000000073e+04
1.139000000000000000e+03 1.126710000000000036e+04
8.350000000000000000e+02 1.126750000000000000e+04
1.107000000000000000e+03 1.126820000000000073e+04
9.070000000000000000e+02 1.127095000000000073e+04
9.550000000000000000e+02 1.127289999999999964e+04
8.270000000000000000e+02 1.127625000000000000e+04
1.179000000000000000e+03 1.127670000000000073e+04
8.110000000000000000e+02 1.127885000000000036e+04
1.075000000000000000e+03 1.127989999999999964e+04
9.710000000000000000e+02 1.128039999999999964e+04
8.830000000000000000e+02 1.128070000000000073e+04
9.470000000000000000e+02 1.128080000000000109e+04
1.067000000000000000e+03 1.128114999999999964e+04
1.131000000000000000e+03 1.128135000000000036e+04
1.083000000000000000e+03 1.128480000000000109e+04
1.115000000000000000e+03 1.128650000000000000e+04
1.163000000000000000e+03 1.128835000000000036e+04
1.091000000000000000e+03 1.129270000000000073e+04
1.003000000000000000e+03 1.129410000000000036e+04
1.099000000000000000e+03 1.129655000000000109e+04
1.051000000000000000e+03 1.129710000000000036e+04
8.030000000000000000e+02 1.130105000000000109e+04
8.270000000000000000e+02 1.130650000000000000e+04
8.510000000000000000e+02 1.130705000000000109e+04
9.950000000000000000e+02 1.131014999999999964e+04
8.750000000000000000e+02 1.131035000000000036e+04
9.390000000000000000e+02 1.131055000000000109e+04
8.430000000000000000e+02 1.131080000000000109e+04
1.043000000000000000e+03 1.131125000000000000e+04
9.070000000000000000e+02 1.131725000000000000e+04
8.830000000000000000e+02 1.131764999999999964e+04
1.147000000000000000e+03 1.131780000000000109e+04
1.187000000000000000e+03 1.131780000000000109e+04
1.171000000000000000e+03 1.131805000000000109e+04
9.310000000000000000e+02 1.131845000000000073e+04
9.150000000000000000e+02 1.132185000000000036e+04
1.059000000000000000e+03 1.132360000000000036e+04
9.790000000000000000e+02 1.132400000000000000e+04
1.011000000000000000e+03 1.132435000000000036e+04
8.110000000000000000e+02 1.133230000000000109e+04
1.195000000000000000e+03 1.133355000000000109e+04
8.670000000000000000e+02 1.133364999999999964e+04
9.630000000000000000e+02 1.133439999999999964e+04
1.019000000000000000e+03 1.133925000000000000e+04
8.590000000000000000e+02 1.133985000000000036e+04
1.067000000000000000e+03 1.134639999999999964e+04
1.075000000000000000e+03 1.134700000000000000e+04
1.147000000000000000e+03 1.134770000000000073e+04
8.030000000000000000e+02 1.134825000000000000e+04
1.179000000000000000e+03 1.134914999999999964e+04
8.350000000000000000e+02 1.135014999999999964e+04
9.710000000000000000e+02 1.135030000000000109e+04
1.187000000000000000e+03 1.135550000000000000e+04
9.390000000000000000e+02 1.135685000000000036e+04
9.870000000000000000e+02 1.135745000000000073e+04
8.190000000000000000e+02 1.136114999999999964e+04
1.011000000000000000e+03 1.136255000000000109e+04
1.171000000000000000e+03 1.136545000000000073e+04
1.099000000000000000e+03 1.137060000000000036e+04
8.910000000000000000e+02 1.137180000000000109e+04
8.830000000000000000e+02 1.137195000000000073e+04
1.035000000000000000e+03 1.137680000000000109e+04
9.950000000000000000e+02 1.137685000000000036e+04
1.059000000000000000e+03 1.137770000000000073e+04
1.043000000000000000e+03 1.137780000000000109e+04
9.230000000000000000e+02 1.137789999999999964e+04
8.510000000000000000e+02 1.138014999999999964e+04
9.790000000000000000e+02 1.138135000000000036e+04
1.163000000000000000e+03 1.138214999999999964e+04
8.670000000000000000e+02 1.138225000000000000e+04
8.750000000000000000e+02 1.138439999999999964e+04
8.270000000000000000e+02 1.138605000000000109e+04
1.019000000000000000e+03 1.138855000000000109e+04
1.147000000000000000e+03 1.138895000000000073e+04
9.550000000000000000e+02 1.138930000000000109e+04
9.310000000000000000e+02 1.139089999999999964e+04
8.030000000000000000e+02 1.139185000000000036e+04
1.195000000000000000e+03 1.139250000000000000e+04
1.131000000000000000e+03 1.139985000000000036e+04
1.075000000000000000e+03 1.140110000000000036e+04
1.115000000000000000e+03 1.140185000000000036e+04
8.110000000000000000e+02 1.140225000000000000e+04
1.067000000000000000e+03 1.140455000000000109e+04
8.190000000000000000e+02 1.140585000000000036e+04
1.003000000000000000e+03 1.140650000000000000e+04
1.107000000000000000e+03 1.140670000000000073e+04
1.139000000000000000e+03 1.140750000000000000e+04
1.091000000000000000e+03 1.140760000000000036e+04
1.051000000000000000e+03 1.140825000000000000e+04
9.630000000000000000e+02 1.141185000000000036e+04
9.710000000000000000e+02 1.142085000000000036e+04
1.027000000000000000e+03 1.142125000000000000e+04
9.470000000000000000e+02 1.142139999999999964e+04
1.043000000000000000e+03 1.142214999999999964e+04
8.830000000000000000e+02 1.142230000000000109e+04
1.059000000000000000e+03 1.142250000000000000e+04
1.099000000000000000e+03 1.142489999999999964e+04
9.070000000000000000e+02 1.143025000000000000e+04
8.430000000000000000e+02 1.143064999999999964e+04
1.195000000000000000e+03 1.143555000000000109e+04
1.171000000000000000e+03 1.143635000000000036e+04
8.030000000000000000e+02 1.143789999999999964e+04
9.950000000000000000e+02 1.143800000000000000e+04
9.870000000000000000e+02 1.143945000000000073e+04
1.019000000000000000e+03 1.144320000000000073e+04
8.910000000000000000e+02 1.144589999999999964e+04
9.550000000000000000e+02 1.144620000000000073e+04
8.590000000000000000e+02 1.144805000000000109e+04
1.051000000000000000e+03 1.144930000000000109e+04
9.390000000000000000e+02 1.145014999999999964e+04
9.630000000000000000e+02 1.145330000000000109e+04
1.123000000000000000e+03 1.145339999999999964e+04
1.011000000000000000e+03 1.145370000000000073e+04
8.510000000000000000e+02 1.145385000000000036e+04
1.107000000000000000e+03 1.145445000000000073e+04
1.075000000000000000e+03 1.145914999999999964e+04
9.790000000000000000e+02 1.146139999999999964e+04
8.750000000000000000e+02 1.146275000000000000e+04
1.067000000000000000e+03 1.146464999999999964e+04
1.155000000000000000e+03 1.146935000000000036e+04
1.171000000000000000e+03 1.147045000000000073e+04
9.230000000000000000e+02 1.147195000000000073e+04
9.310000000000000000e+02 1.147450000000000000e+04
1.003000000000000000e+03 1.147485000000000036e+04
8.110000000000000000e+02 1.147580000000000109e+04
1.083000000000000000e+03 1.147595000000000073e+04
8.350000000000000000e+02 1.147605000000000109e+04
1.179000000000000000e+03 1.147630000000000109e+04
1.099000000000000000e+03 1.147639999999999964e+04
1.163000000000000000e+03 1.147705000000000109e+04
8.190000000000000000e+02 1.147725000000000000e+04
1.147000000000000000e+03 1.147870000000000073e+04
1.131000000000000000e+03 1.148180000000000109e+04
1.195000000000000000e+03 1.148389999999999964e+04
8.590000000000000000e+02 1.148395000000000073e+04
9.710000000000000000e+02 1.148405000000000109e+04
8.670000000000000000e+02 1.148445000000000073e+04
8.830000000000000000e+02 1.148460000000000036e+04
8.990000000000000000e+02 1.148514999999999964e+04
1.187000000000000000e+03 1.148614999999999964e+04
1.091000000000000000e+03 1.148785000000000036e+04
1.027000000000000000e+03 1.149005000000000109e+04
9.070000000000000000e+02 1.149020000000000073e+04
8.430000000000000000e+02 1.149200000000000000e+04
9.470000000000000000e+02 1.149714999999999964e+04
1.083000000000000000e+03 1.149739999999999964e+04
1.075000000000000000e+03 1.149820000000000073e+04
9.390000000000000000e+02 1.149870000000000073e+04
1.051000000000000000e+03 1.149880000000000109e+04
1.035000000000000000e+03 1.150010000000000036e+04
1.115000000000000000e+03 1.150225000000000000e+04
8.030000000000000000e+02 1.150405000000000109e+04
1.107000000000000000e+03 1.150485000000000036e+04
9.790000000000000000e+02 1.150895000000000073e+04
8.190000000000000000e+02 1.150925000000000000e+04
1.099000000000000000e+03 1.150939999999999964e+04
8.750000000000000000e+02 1.151295000000000073e+04
8.590000000000000000e+02 1.151420000000000073e+04
9.710000000000000000e+02 1.151500000000000000e+04
8.830000000000000000e+02 1.151600000000000000e+04
1.171000000000000000e+03 1.151770000000000073e+04
1.139000000000000000e+03 1.151810000000000036e+04
9.310000000000000000e+02 1.151870000000000073e+04
1.131000000000000000e+03 1.151925000000000000e+04
1.003000000000000000e+03 1.152225000000000000e+04
1.147000000000000000e+03 1.152370000000000073e+04
1.091000000000000000e+03 1.152410000000000036e+04
9.550000000000000000e+02 1.152414999999999964e+04
1.163000000000000000e+03 1.152420000000000073e+04
1.179000000000000000e+03 1.152525000000000000e+04
1.043000000000000000e+03 1.152605000000000109e+04
8.030000000000000000e+02 1.153045000000000073e+04
8.270000000000000000e+02 1.153055000000000109e+04
8.350000000000000000e+02 1.153175000000000000e+04
9.070000000000000000e+02 1.153180000000000109e+04
9.230000000000000000e+02 1.153480000000000109e+04
9.950000000000000000e+02 1.153564999999999964e+04
8.190000000000000000e+02 1.153700000000000000e+04
1.195000000000000000e+03 1.154239999999999964e+04
1.123000000000000000e+03 1.154555000000000109e+04
1.059000000000000000e+03 1.154625000000000000e+04
9.150000000000000000e+02 1.154635000000000036e+04
8.430000000000000000e+02 1.154739999999999964e+04
1.107000000000000000e+03 1.154775000000000000e+04
1.019000000000000000e+03 1.155339999999999964e+04
1.099000000000000000e+03 1.155500000000000000e+04
1.027000000000000000e+03 1.155764999999999964e+04
8.830000000000000000e+02 1.155930000000000109e+04
1.155000000000000000e+03 1.155930000000000109e+04
8.270000000000000000e+02 1.156025000000000000e+04
1.075000000000000000e+03 1.156145000000000073e+04
9.870000000000000000e+02 1.156375000000000000e+04
8.110000000000000000e+02 1.156455000000000109e+04
8.990000000000000000e+02 1.156514999999999964e+04
1.003000000000000000e+03 1.156860000000000036e+04
1.067000000000000000e+03 1.156914999999999964e+04
9.310000000000000000e+02 1.156945000000000073e+04
9.390000000000000000e+02 1.156995000000000073e+04
1.091000000000000000e+03 1.157010000000000036e+04
9.950000000000000000e+02 1.157120000000000073e+04
9.630000000000000000e+02 1.157760000000000036e+04
1.051000000000000000e+03 1.157800000000000000e+04
1.011000000000000000e+03 1.157880000000000109e+04
1.171000000000000000e+03 1.157930000000000109e+04
9.550000000000000000e+02 1.158200000000000000e+04
9.710000000000000000e+02 1.158364999999999964e+04
8.750000000000000000e+02 1.158639999999999964e+04
1.043000000000000000e+03 1.158675000000000000e+04
8.030000000000000000e+02 1.158750000000000000e+04
8.990000000000000000e+02 1.158889999999999964e+04
8.190000000000000000e+02 1.158895000000000073e+04
1.035000000000000000e+03 1.159280000000000109e+04
9.470000000000000000e+02 1.159355000000000109e+04
1.195000000000000000e+03 1.159430000000000109e+04
8.910000000000000000e+02 1.159720000000000073e+04
9.150000000000000000e+02 1.159864999999999964e+04
8.510000000000000000e+02 1.159905000000000109e+04
1.019000000000000000e+03 1.159950000000000000e+04
9.870000000000000000e+02 1.160170000000000073e+04
1.179000000000000000e+03 1.160350000000000000e+04
1.083000000000000000e+03 1.160695000000000073e+04
1.059000000000000000e+03 1.160725000000000000e+04
8.350000000000000000e+02 1.160864999999999964e+04
1.115000000000000000e+03 1.160895000000000073e+04
1.139000000000000000e+03 1.161264999999999964e+04
9.230000000000000000e+02 1.161300000000000000e+04
9.070000000000000000e+02 1.161545000000000073e+04
1.187000000000000000e+03 1.161610000000000036e+04
8.110000000000000000e+02 1.162210000000000036e+04
1.107000000000000000e+03 1.162214999999999964e+04
8.830000000000000000e+02 1.162335000000000036e+04
1.091000000000000000e+03 1.162360000000000036e+04
1.147000000000000000e+03 1.162555000000000109e+04
1.155000000000000000e+03 1.162964999999999964e+04
9.950000000000000000e+02 1.163610000000000036e+04
1.171000000000000000e+03 1.163664999999999964e+04
9.790000000000000000e+02 1.163700000000000000e+04
9.870000000000000000e+02 1.164070000000000073e+04
8.270000000000000000e+02 1.164139999999999964e+04
8.510000000000000000e+02 1.164185000000000036e+04
1.179000000000000000e+03 1.164189999999999964e+04
9.710000000000000000e+02 1.164260000000000036e+04
1.067000000000000000e+03 1.164555000000000109e+04
1.187000000000000000e+03 1.165080000000000109e+04
1.075000000000000000e+03 1.165300000000000000e+04
8.350000000000000000e+02 1.165355000000000109e+04
1.099000000000000000e+03 1.165360000000000036e+04
8.910000000000000000e+02 1.165405000000000109e+04
8.030000000000000000e+02 1.165420000000000073e+04
1.139000000000000000e+03 1.165905000000000109e+04
1.107000000000000000e+03 1.166035000000000036e+04
1.027000000000000000e+03 1.166160000000000036e+04
9.070000000000000000e+02 1.166235000000000036e+04
8.830000000000000000e+02 1.166305000000000109e+04
9.230000000000000000e+02 1.166445000000000073e+04
1.059000000000000000e+03 1.166480000000000109e+04
9.150000000000000000e+02 1.166555000000000109e+04
1.003000000000000000e+03 1.166760000000000036e+04
1.091000000000000000e+03 1.167114999999999964e+04
9.790000000000000000e+02 1.167289999999999964e+04
1.019000000000000000e+03 1.167510000000000036e+04
1.083000000000000000e+03 1.168045000000000073e+04
1.123000000000000000e+03 1.168275000000000000e+04
9.470000000000000000e+02 1.168720000000000073e+04
8.510000000000000000e+02 1.168750000000000000e+04
1.043000000000000000e+03 1.169045000000000073e+04
9.870000000000000000e+02 1.169639999999999964e+04
1.163000000000000000e+03 1.169645000000000073e+04
1.131000000000000000e+03 1.169714999999999964e+04
1.171000000000000000e+03 1.169789999999999964e+04
1.075000000000000000e+03 1.170160000000000036e+04
8.830000000000000000e+02 1.170195000000000073e+04
8.750000000000000000e+02 1.170400000000000000e+04
8.110000000000000000e+02 1.170570000000000073e+04
1.099000000000000000e+03 1.170925000000000000e+04
1.003000000000000000e+03 1.170935000000000036e+04
8.030000000000000000e+02 1.170945000000000073e+04
8.190000000000000000e+02 1.170980000000000109e+04
9.630000000000000000e+02 1.171035000000000036e+04
9.950000000000000000e+02 1.171035000000000036e+04
9.710000000000000000e+02 1.171050000000000000e+04
1.123000000000000000e+03 1.171139999999999964e+04
1.187000000000000000e+03 1.171164999999999964e+04
8.670000000000000000e+02 1.171185000000000036e+04
1.067000000000000000e+03 1.171260000000000036e+04
1.107000000000000000e+03 1.171455000000000109e+04
8.510000000000000000e+02 1.171889999999999964e+04
9.230000000000000000e+02 1.171935000000000036e+04
1.195000000000000000e+03 1.172035000000000036e+04
1.179000000000000000e+03 1.172210000000000036e+04
8.350000000000000000e+02 1.172214999999999964e+04
1.147000000000000000e+03 1.172345000000000073e+04
1.051000000000000000e+03 1.172670000000000073e+04
1.155000000000000000e+03 1.172720000000000073e+04
9.150000000000000000e+02 1.172845000000000073e+04
8.910000000000000000e+02 1.172935000000000036e+04
9.390000000000000000e+02 1.173005000000000109e+04
1.083000000000000000e+03 1.173060000000000036e+04
8.590000000000000000e+02 1.173350000000000000e+04
9.550000000000000000e+02 1.173610000000000036e+04
1.171000000000000000e+03 1.173625000000000000e+04
1.091000000000000000e+03 1.173650000000000000e+04
1.059000000000000000e+03 1.173685000000000036e+04
1.139000000000000000e+03 1.173714999999999964e+04
8.430000000000000000e+02 1.173725000000000000e+04
9.950000000000000000e+02 1.173980000000000109e+04
9.310000000000000000e+02 1.174250000000000000e+04
1.163000000000000000e+03 1.174245000000000073e+04
8.110000000000000000e+02 1.174335000000000036e+04
9.790000000000000000e+02 1.174345000000000073e+04
1.019000000000000000e+03 1.174814999999999964e+04
9.230000000000000000e+02 1.174850000000000000e+04
1.107000000000000000e+03 1.175139999999999964e+04
1.187000000000000000e+03 1.175155000000000109e+04
1.123000000000000000e+03 1.175755000000000109e+04
9.390000000000000000e+02 1.175764999999999964e+04
9.870000000000000000e+02 1.175855000000000109e+04
8.990000000000000000e+02 1.175980000000000109e+04
8.350000000000000000e+02 1.176050000000000000e+04
1.099000000000000000e+03 1.176055000000000109e+04
8.830000000000000000e+02 1.176135000000000036e+04
1.195000000000000000e+03 1.176170000000000073e+04
9.070000000000000000e+02 1.176785000000000036e+04
1.067000000000000000e+03 1.176905000000000109e+04
1.179000000000000000e+03 1.177105000000000109e+04
8.030000000000000000e+02 1.177200000000000000e+04
1.059000000000000000e+03 1.177589999999999964e+04
1.083000000000000000e+03 1.177695000000000073e+04
9.710000000000000000e+02 1.177785000000000036e+04
1.155000000000000000e+03 1.177789999999999964e+04
1.043000000000000000e+03 1.177830000000000109e+04
1.075000000000000000e+03 1.178420000000000073e+04
1.035000000000000000e+03 1.178464999999999964e+04
1.019000000000000000e+03 1.178650000000000000e+04
8.270000000000000000e+02 1.178700000000000000e+04
8.670000000000000000e+02 1.178785000000000036e+04
8.750000000000000000e+02 1.179135000000000036e+04
9.230000000000000000e+02 1.179245000000000073e+04
1.131000000000000000e+03 1.179414999999999964e+04
1.091000000000000000e+03 1.179485000000000036e+04
8.910000000000000000e+02 1.179545000000000073e+04
1.187000000000000000e+03 1.179810000000000036e+04
1.147000000000000000e+03 1.180010000000000036e+04
1.195000000000000000e+03 1.180195000000000073e+04
9.950000000000000000e+02 1.180239999999999964e+04
9.630000000000000000e+02 1.180689999999999964e+04
8.990000000000000000e+02 1.180780000000000109e+04
1.003000000000000000e+03 1.180780000000000109e+04
1.139000000000000000e+03 1.180855000000000109e+04
8.510000000000000000e+02 1.180880000000000109e+04
8.110000000000000000e+02 1.180964999999999964e+04
9.550000000000000000e+02 1.181435000000000036e+04
8.430000000000000000e+02 1.181560000000000036e+04
8.590000000000000000e+02 1.181589999999999964e+04
1.179000000000000000e+03 1.181695000000000073e+04
1.155000000000000000e+03 1.181830000000000109e+04
8.030000000000000000e+02 1.181975000000000000e+04
1.171000000000000000e+03 1.182100000000000000e+04
1.083000000000000000e+03 1.182239999999999964e+04
8.830000000000000000e+02 1.182250000000000000e+04
9.070000000000000000e+02 1.182545000000000073e+04
1.043000000000000000e+03 1.182589999999999964e+04
9.470000000000000000e+02 1.182635000000000036e+04
1.163000000000000000e+03 1.182710000000000036e+04
1.059000000000000000e+03 1.182985000000000036e+04
8.750000000000000000e+02 1.183035000000000036e+04
1.067000000000000000e+03 1.183095000000000073e+04
9.310000000000000000e+02 1.183175000000000000e+04
1.027000000000000000e+03 1.183220000000000073e+04
1.147000000000000000e+03 1.183364999999999964e+04
9.710000000000000000e+02 1.183385000000000036e+04
9.950000000000000000e+02 1.183460000000000036e+04
9.790000000000000000e+02 1.183539999999999964e+04
1.115000000000000000e+03 1.183610000000000036e+04
8.190000000000000000e+02 1.183695000000000073e+04
1.187000000000000000e+03 1.184239999999999964e+04
8.350000000000000000e+02 1.184420000000000073e+04
1.131000000000000000e+03 1.184514999999999964e+04
8.990000000000000000e+02 1.184755000000000109e+04
1.099000000000000000e+03 1.184845000000000073e+04
8.270000000000000000e+02 1.185070000000000073e+04
1.051000000000000000e+03 1.185220000000000073e+04
8.670000000000000000e+02 1.185435000000000036e+04
8.910000000000000000e+02 1.185510000000000036e+04
1.011000000000000000e+03 1.185570000000000073e+04
8.110000000000000000e+02 1.185914999999999964e+04
9.630000000000000000e+02 1.186370000000000073e+04
1.035000000000000000e+03 1.186405000000000109e+04
1.163000000000000000e+03 1.186520000000000073e+04
1.179000000000000000e+03 1.186520000000000073e+04
1.107000000000000000e+03 1.186555000000000109e+04
1.019000000000000000e+03 1.186585000000000036e+04
1.083000000000000000e+03 1.186875000000000000e+04
1.195000000000000000e+03 1.187170000000000073e+04
9.790000000000000000e+02 1.187300000000000000e+04
1.075000000000000000e+03 1.187695000000000073e+04
1.155000000000000000e+03 1.188010000000000036e+04
9.710000000000000000e+02 1.188039999999999964e+04
9.950000000000000000e+02 1.188039999999999964e+04
1.187000000000000000e+03 1.188139999999999964e+04
1.043000000000000000e+03 1.188164999999999964e+04
8.750000000000000000e+02 1.188420000000000073e+04
8.590000000000000000e+02 1.188450000000000000e+04
8.190000000000000000e+02 1.188514999999999964e+04
9.870000000000000000e+02 1.188525000000000000e+04
1.131000000000000000e+03 1.188535000000000036e+04
1.027000000000000000e+03 1.188600000000000000e+04
9.470000000000000000e+02 1.189720000000000073e+04
1.107000000000000000e+03 1.189885000000000036e+04
1.099000000000000000e+03 1.189989999999999964e+04
1.091000000000000000e+03 1.190060000000000036e+04
1.171000000000000000e+03 1.190289999999999964e+04
1.195000000000000000e+03 1.190620000000000073e+04
8.510000000000000000e+02 1.190670000000000073e+04
1.051000000000000000e+03 1.190775000000000000e+04
1.163000000000000000e+03 1.190830000000000109e+04
1.139000000000000000e+03 1.190900000000000000e+04
9.630000000000000000e+02 1.191225000000000000e+04
9.790000000000000000e+02 1.191275000000000000e+04
9.230000000000000000e+02 1.191330000000000109e+04
1.003000000000000000e+03 1.191420000000000073e+04
9.070000000000000000e+02 1.191425000000000000e+04
8.830000000000000000e+02 1.191489999999999964e+04
8.990000000000000000e+02 1.191520000000000073e+04
1.059000000000000000e+03 1.191610000000000036e+04
8.270000000000000000e+02 1.191895000000000073e+04
8.430000000000000000e+02 1.192039999999999964e+04
8.350000000000000000e+02 1.192360000000000036e+04
8.590000000000000000e+02 1.192430000000000109e+04
9.550000000000000000e+02 1.192595000000000073e+04
1.131000000000000000e+03 1.192739999999999964e+04
8.110000000000000000e+02 1.192775000000000000e+04
1.019000000000000000e+03 1.192814999999999964e+04
9.710000000000000000e+02 1.193025000000000000e+04
1.147000000000000000e+03 1.193235000000000036e+04
1.107000000000000000e+03 1.193295000000000073e+04
1.067000000000000000e+03 1.193645000000000073e+04
8.030000000000000000e+02 1.193660000000000036e+04
1.083000000000000000e+03 1.193714999999999964e+04
9.950000000000000000e+02 1.193825000000000000e+04
9.630000000000000000e+02 1.194105000000000109e+04
1.075000000000000000e+03 1.194385000000000036e+04
1.027000000000000000e+03 1.194535000000000036e+04
1.187000000000000000e+03 1.194545000000000073e+04
9.790000000000000000e+02 1.194950000000000000e+04
1.123000000000000000e+03 1.195114999999999964e+04
8.670000000000000000e+02 1.195185000000000036e+04
8.590000000000000000e+02 1.195350000000000000e+04
1.195000000000000000e+03 1.195450000000000000e+04
9.230000000000000000e+02 1.195520000000000073e+04
1.139000000000000000e+03 1.195575000000000000e+04
8.190000000000000000e+02 1.195685000000000036e+04
1.163000000000000000e+03 1.195720000000000073e+04
1.003000000000000000e+03 1.195745000000000073e+04
8.830000000000000000e+02 1.195760000000000036e+04
1.171000000000000000e+03 1.195980000000000109e+04
9.390000000000000000e+02 1.196614999999999964e+04
9.070000000000000000e+02 1.196889999999999964e+04
1.019000000000000000e+03 1.196925000000000000e+04
1.067000000000000000e+03 1.196930000000000109e+04
1.115000000000000000e+03 1.196955000000000109e+04
1.035000000000000000e+03 1.197089999999999964e+04
1.131000000000000000e+03 1.197335000000000036e+04
1.091000000000000000e+03 1.197364999999999964e+04
9.950000000000000000e+02 1.197455000000000109e+04
8.110000000000000000e+02 1.198000000000000000e+04
8.990000000000000000e+02 1.197995000000000073e+04
1.107000000000000000e+03 1.198060000000000036e+04
8.430000000000000000e+02 1.198095000000000073e+04
8.750000000000000000e+02 1.198130000000000109e+04
1.179000000000000000e+03 1.198175000000000000e+04
1.187000000000000000e+03 1.198595000000000073e+04
8.670000000000000000e+02 1.198730000000000109e+04
1.155000000000000000e+03 1.198725000000000000e+04
9.310000000000000000e+02 1.198810000000000036e+04
9.710000000000000000e+02 1.199195000000000073e+04
8.590000000000000000e+02 1.199305000000000109e+04
1.147000000000000000e+03 1.199725000000000000e+04
1.027000000000000000e+03 1.199830000000000109e+04
9.950000000000000000e+02 1.199845000000000073e+04
1.195000000000000000e+03 1.199845000000000073e+04
1.115000000000000000e+03 1.199870000000000073e+04
1.075000000000000000e+03 1.200095000000000073e+04
8.270000000000000000e+02 1.200164999999999964e+04
8.030000000000000000e+02 1.200335000000000036e+04
9.150000000000000000e+02 1.200385000000000036e+04
9.390000000000000000e+02 1.200589999999999964e+04
1.011000000000000000e+03 1.200630000000000109e+04
1.003000000000000000e+03 1.200645000000000073e+04
1.099000000000000000e+03 1.201270000000000073e+04
8.350000000000000000e+02 1.201335000000000036e+04
9.790000000000000000e+02 1.201364999999999964e+04
1.139000000000000000e+03 1.201550000000000000e+04
8.830000000000000000e+02 1.201575000000000000e+04
8.190000000000000000e+02 1.202000000000000000e+04
1.163000000000000000e+03 1.202105000000000109e+04
8.110000000000000000e+02 1.202264999999999964e+04
8.510000000000000000e+02 1.202620000000000073e+04
9.710000000000000000e+02 1.202935000000000036e+04
1.131000000000000000e+03 1.203210000000000036e+04
1.107000000000000000e+03 1.203220000000000073e+04
9.550000000000000000e+02 1.203320000000000073e+04
8.670000000000000000e+02 1.203350000000000000e+04
8.750000000000000000e+02 1.203880000000000109e+04
1.035000000000000000e+03 1.203885000000000036e+04
9.070000000000000000e+02 1.203920000000000073e+04
1.195000000000000000e+03 1.203930000000000109e+04
8.590000000000000000e+02 1.203950000000000000e+04
9.630000000000000000e+02 1.203955000000000109e+04
1.059000000000000000e+03 1.204089999999999964e+04
1.027000000000000000e+03 1.204110000000000036e+04
1.043000000000000000e+03 1.204330000000000109e+04
1.171000000000000000e+03 1.204335000000000036e+04
1.179000000000000000e+03 1.204464999999999964e+04
9.470000000000000000e+02 1.204495000000000073e+04
8.990000000000000000e+02 1.204600000000000000e+04
8.830000000000000000e+02 1.204700000000000000e+04
9.790000000000000000e+02 1.205180000000000109e+04
1.051000000000000000e+03 1.205325000000000000e+04
8.110000000000000000e+02 1.205560000000000036e+04
1.075000000000000000e+03 1.205770000000000073e+04
1.083000000000000000e+03 1.205789999999999964e+04
9.950000000000000000e+02 1.205975000000000000e+04
1.099000000000000000e+03 1.206025000000000000e+04
9.310000000000000000e+02 1.206135000000000036e+04
8.910000000000000000e+02 1.206250000000000000e+04
1.123000000000000000e+03 1.206745000000000073e+04
1.091000000000000000e+03 1.206755000000000109e+04
1.067000000000000000e+03 1.206855000000000109e+04
1.059000000000000000e+03 1.206885000000000036e+04
9.390000000000000000e+02 1.207200000000000000e+04
1.011000000000000000e+03 1.207455000000000109e+04
1.163000000000000000e+03 1.207775000000000000e+04
1.195000000000000000e+03 1.207810000000000036e+04
9.870000000000000000e+02 1.207885000000000036e+04
8.190000000000000000e+02 1.208280000000000109e+04
1.187000000000000000e+03 1.208350000000000000e+04
9.230000000000000000e+02 1.208480000000000109e+04
1.147000000000000000e+03 1.208535000000000036e+04
8.350000000000000000e+02 1.208800000000000000e+04
9.790000000000000000e+02 1.208960000000000036e+04
9.950000000000000000e+02 1.209014999999999964e+04
1.107000000000000000e+03 1.209030000000000109e+04
8.510000000000000000e+02 1.209045000000000073e+04
9.150000000000000000e+02 1.209560000000000036e+04
9.710000000000000000e+02 1.209780000000000109e+04
1.131000000000000000e+03 1.209780000000000109e+04
1.083000000000000000e+03 1.209805000000000109e+04
1.035000000000000000e+03 1.209870000000000073e+04
8.590000000000000000e+02 1.210210000000000036e+04
8.830000000000000000e+02 1.210370000000000073e+04
1.179000000000000000e+03 1.210400000000000000e+04
8.030000000000000000e+02 1.210800000000000000e+04
1.075000000000000000e+03 1.210935000000000036e+04
8.750000000000000000e+02 1.211055000000000109e+04
9.950000000000000000e+02 1.211355000000000109e+04
1.019000000000000000e+03 1.211364999999999964e+04
9.310000000000000000e+02 1.211380000000000109e+04
1.115000000000000000e+03 1.211414999999999964e+04
9.070000000000000000e+02 1.211425000000000000e+04
1.099000000000000000e+03 1.211480000000000109e+04
1.107000000000000000e+03 1.211505000000000109e+04
1.043000000000000000e+03 1.212250000000000000e+04
9.790000000000000000e+02 1.212280000000000109e+04
8.590000000000000000e+02 1.212620000000000073e+04
8.910000000000000000e+02 1.212650000000000000e+04
9.470000000000000000e+02 1.212770000000000073e+04
8.670000000000000000e+02 1.212855000000000109e+04
1.035000000000000000e+03 1.213205000000000109e+04
9.230000000000000000e+02 1.213260000000000036e+04
1.051000000000000000e+03 1.213370000000000073e+04
8.110000000000000000e+02 1.213425000000000000e+04
1.123000000000000000e+03 1.213514999999999964e+04
1.171000000000000000e+03 1.213670000000000073e+04
1.083000000000000000e+03 1.213805000000000109e+04
1.155000000000000000e+03 1.213985000000000036e+04
9.870000000000000000e+02 1.214014999999999964e+04
8.830000000000000000e+02 1.214255000000000109e+04
8.510000000000000000e+02 1.214460000000000036e+04
8.270000000000000000e+02 1.215014999999999964e+04
9.150000000000000000e+02 1.215014999999999964e+04
1.003000000000000000e+03 1.215095000000000073e+04
9.390000000000000000e+02 1.215750000000000000e+04
1.187000000000000000e+03 1.215750000000000000e+04
1.019000000000000000e+03 1.215795000000000073e+04
9.950000000000000000e+02 1.215905000000000109e+04
8.430000000000000000e+02 1.215930000000000109e+04
1.059000000000000000e+03 1.216210000000000036e+04
1.099000000000000000e+03 1.216455000000000109e+04
9.710000000000000000e+02 1.216560000000000036e+04
8.110000000000000000e+02 1.216605000000000109e+04
1.107000000000000000e+03 1.216705000000000109e+04
1.131000000000000000e+03 1.216710000000000036e+04
1.027000000000000000e+03 1.216780000000000109e+04
1.163000000000000000e+03 1.216875000000000000e+04
8.590000000000000000e+02 1.217164999999999964e+04
9.470000000000000000e+02 1.217164999999999964e+04
1.155000000000000000e+03 1.217425000000000000e+04
8.910000000000000000e+02 1.217455000000000109e+04
9.070000000000000000e+02 1.217514999999999964e+04
1.075000000000000000e+03 1.217595000000000073e+04
1.091000000000000000e+03 1.217605000000000109e+04
1.043000000000000000e+03 1.217705000000000109e+04
8.750000000000000000e+02 1.217725000000000000e+04
1.115000000000000000e+03 1.217960000000000036e+04
8.830000000000000000e+02 1.218014999999999964e+04
8.510000000000000000e+02 1.218120000000000073e+04
1.123000000000000000e+03 1.218189999999999964e+04
8.990000000000000000e+02 1.218275000000000000e+04
8.350000000000000000e+02 1.218285000000000036e+04
1.067000000000000000e+03 1.218585000000000036e+04
1.171000000000000000e+03 1.218810000000000036e+04
9.630000000000000000e+02 1.218939999999999964e+04
9.950000000000000000e+02 1.219055000000000109e+04
8.030000000000000000e+02 1.219355000000000109e+04
9.390000000000000000e+02 1.219395000000000073e+04
8.110000000000000000e+02 1.219760000000000036e+04
1.187000000000000000e+03 1.219870000000000073e+04
8.270000000000000000e+02 1.220030000000000109e+04
8.670000000000000000e+02 1.220539999999999964e+04
1.131000000000000000e+03 1.220625000000000000e+04
1.011000000000000000e+03 1.221155000000000109e+04
8.750000000000000000e+02 1.221250000000000000e+04
9.710000000000000000e+02 1.221630000000000109e+04
9.150000000000000000e+02 1.221689999999999964e+04
9.230000000000000000e+02 1.221925000000000000e+04
1.067000000000000000e+03 1.221950000000000000e+04
8.910000000000000000e+02 1.222210000000000036e+04
9.390000000000000000e+02 1.222260000000000036e+04
1.059000000000000000e+03 1.222470000000000073e+04
9.310000000000000000e+02 1.222560000000000036e+04
8.350000000000000000e+02 1.222635000000000036e+04
8.590000000000000000e+02 1.222655000000000109e+04
1.091000000000000000e+03 1.222789999999999964e+04
1.107000000000000000e+03 1.222789999999999964e+04
8.030000000000000000e+02 1.222845000000000073e+04
9.950000000000000000e+02 1.222920000000000073e+04
1.139000000000000000e+03 1.223710000000000036e+04
1.051000000000000000e+03 1.223825000000000000e+04
8.670000000000000000e+02 1.223910000000000036e+04
1.171000000000000000e+03 1.224005000000000109e+04
1.075000000000000000e+03 1.224045000000000073e+04
9.790000000000000000e+02 1.224175000000000000e+04
1.195000000000000000e+03 1.224285000000000036e+04
1.147000000000000000e+03 1.224355000000000109e+04
8.830000000000000000e+02 1.224739999999999964e+04
8.510000000000000000e+02 1.224800000000000000e+04
9.870000000000000000e+02 1.224880000000000109e+04
8.430000000000000000e+02 1.225314999999999964e+04
1.043000000000000000e+03 1.225460000000000036e+04
9.630000000000000000e+02 1.225489999999999964e+04
1.099000000000000000e+03 1.225489999999999964e+04
1.011000000000000000e+03 1.225530000000000109e+04
1.163000000000000000e+03 1.225835000000000036e+04
8.910000000000000000e+02 1.225864999999999964e+04
9.470000000000000000e+02 1.225945000000000073e+04
1.067000000000000000e+03 1.226425000000000000e+04
9.390000000000000000e+02 1.226489999999999964e+04
8.030000000000000000e+02 1.226620000000000073e+04
9.710000000000000000e+02 1.226664999999999964e+04
8.590000000000000000e+02 1.226739999999999964e+04
8.190000000000000000e+02 1.226845000000000073e+04
1.003000000000000000e+03 1.227200000000000000e+04
1.083000000000000000e+03 1.227325000000000000e+04
1.115000000000000000e+03 1.227595000000000073e+04
9.310000000000000000e+02 1.227670000000000073e+04
1.147000000000000000e+03 1.227705000000000109e+04
1.059000000000000000e+03 1.227805000000000109e+04
1.155000000000000000e+03 1.227810000000000036e+04
9.230000000000000000e+02 1.227839999999999964e+04
1.187000000000000000e+03 1.227839999999999964e+04
1.123000000000000000e+03 1.227950000000000000e+04
8.350000000000000000e+02 1.227995000000000073e+04
1.179000000000000000e+03 1.228989999999999964e+04
1.139000000000000000e+03 1.229125000000000000e+04
9.150000000000000000e+02 1.229135000000000036e+04
1.019000000000000000e+03 1.229155000000000109e+04
1.195000000000000000e+03 1.229185000000000036e+04
1.075000000000000000e+03 1.229195000000000073e+04
9.950000000000000000e+02 1.229220000000000073e+04
9.790000000000000000e+02 1.229225000000000000e+04
8.590000000000000000e+02 1.229695000000000073e+04
1.131000000000000000e+03 1.229775000000000000e+04
9.550000000000000000e+02 1.229900000000000000e+04
1.171000000000000000e+03 1.229900000000000000e+04
8.510000000000000000e+02 1.229964999999999964e+04
8.430000000000000000e+02 1.230020000000000073e+04
1.011000000000000000e+03 1.230570000000000073e+04
8.750000000000000000e+02 1.230770000000000073e+04
1.107000000000000000e+03 1.230810000000000036e+04
9.710000000000000000e+02 1.230975000000000000e+04
1.027000000000000000e+03 1.231025000000000000e+04
8.190000000000000000e+02 1.231195000000000073e+04
8.830000000000000000e+02 1.231639999999999964e+04
1.155000000000000000e+03 1.231639999999999964e+04
8.030000000000000000e+02 1.231795000000000073e+04
9.390000000000000000e+02 1.231950000000000000e+04
1.139000000000000000e+03 1.231970000000000073e+04
9.310000000000000000e+02 1.232100000000000000e+04
1.147000000000000000e+03 1.232220000000000073e+04
8.350000000000000000e+02 1.232225000000000000e+04
1.187000000000000000e+03 1.232260000000000036e+04
8.110000000000000000e+02 1.232780000000000109e+04
9.950000000000000000e+02 1.232810000000000036e+04
1.195000000000000000e+03 1.232889999999999964e+04
8.510000000000000000e+02 1.233020000000000073e+04
9.470000000000000000e+02 1.233025000000000000e+04
1.035000000000000000e+03 1.233050000000000000e+04
1.099000000000000000e+03 1.233175000000000000e+04
9.630000000000000000e+02 1.233345000000000073e+04
9.550000000000000000e+02 1.233380000000000109e+04
1.075000000000000000e+03 1.233380000000000109e+04
1.083000000000000000e+03 1.234014999999999964e+04
1.027000000000000000e+03 1.234175000000000000e+04
8.750000000000000000e+02 1.234385000000000036e+04
1.155000000000000000e+03 1.234464999999999964e+04
8.830000000000000000e+02 1.234745000000000073e+04
8.590000000000000000e+02 1.235089999999999964e+04
9.790000000000000000e+02 1.235120000000000073e+04
1.067000000000000000e+03 1.235460000000000036e+04
9.710000000000000000e+02 1.235500000000000000e+04
9.230000000000000000e+02 1.235575000000000000e+04
1.003000000000000000e+03 1.235675000000000000e+04
1.091000000000000000e+03 1.236085000000000036e+04
1.163000000000000000e+03 1.236150000000000000e+04
8.990000000000000000e+02 1.236189999999999964e+04
8.030000000000000000e+02 1.236380000000000109e+04
9.390000000000000000e+02 1.236460000000000036e+04
9.150000000000000000e+02 1.236495000000000073e+04
8.350000000000000000e+02 1.236535000000000036e+04
1.179000000000000000e+03 1.237175000000000000e+04
1.187000000000000000e+03 1.237195000000000073e+04
1.147000000000000000e+03 1.237264999999999964e+04
8.590000000000000000e+02 1.237575000000000000e+04
1.107000000000000000e+03 1.237920000000000073e+04
1.123000000000000000e+03 1.237975000000000000e+04
1.139000000000000000e+03 1.238039999999999964e+04
8.750000000000000000e+02 1.238155000000000109e+04
1.043000000000000000e+03 1.238360000000000036e+04
1.059000000000000000e+03 1.238355000000000109e+04
1.019000000000000000e+03 1.238585000000000036e+04
1.067000000000000000e+03 1.238750000000000000e+04
1.027000000000000000e+03 1.238764999999999964e+04
9.950000000000000000e+02 1.239145000000000073e+04
9.630000000000000000e+02 1.239210000000000036e+04
9.470000000000000000e+02 1.239264999999999964e+04
8.110000000000000000e+02 1.239280000000000109e+04
9.070000000000000000e+02 1.239289999999999964e+04
1.051000000000000000e+03 1.239345000000000073e+04
1.171000000000000000e+03 1.239635000000000036e+04
9.870000000000000000e+02 1.239705000000000109e+04
1.011000000000000000e+03 1.240175000000000000e+04
1.099000000000000000e+03 1.240260000000000036e+04
8.030000000000000000e+02 1.240545000000000073e+04
9.790000000000000000e+02 1.240560000000000036e+04
9.710000000000000000e+02 1.240675000000000000e+04
1.035000000000000000e+03 1.240770000000000073e+04
8.990000000000000000e+02 1.241080000000000109e+04
9.390000000000000000e+02 1.241264999999999964e+04
1.075000000000000000e+03 1.241295000000000073e+04
1.107000000000000000e+03 1.241460000000000036e+04
8.350000000000000000e+02 1.241685000000000036e+04
8.590000000000000000e+02 1.241985000000000036e+04
1.123000000000000000e+03 1.242250000000000000e+04
1.091000000000000000e+03 1.242710000000000036e+04
1.139000000000000000e+03 1.242730000000000109e+04
1.187000000000000000e+03 1.242739999999999964e+04
9.310000000000000000e+02 1.242889999999999964e+04
1.179000000000000000e+03 1.242950000000000000e+04
8.510000000000000000e+02 1.242955000000000109e+04
8.190000000000000000e+02 1.243085000000000036e+04
9.150000000000000000e+02 1.243380000000000109e+04
1.019000000000000000e+03 1.243400000000000000e+04
1.059000000000000000e+03 1.243520000000000073e+04
8.830000000000000000e+02 1.243630000000000109e+04
1.171000000000000000e+03 1.243670000000000073e+04
1.115000000000000000e+03 1.243860000000000036e+04
8.110000000000000000e+02 1.243885000000000036e+04
9.390000000000000000e+02 1.243950000000000000e+04
1.155000000000000000e+03 1.243995000000000073e+04
9.710000000000000000e+02 1.244185000000000036e+04
1.147000000000000000e+03 1.244500000000000000e+04
8.030000000000000000e+02 1.244570000000000073e+04
9.470000000000000000e+02 1.244780000000000109e+04
1.195000000000000000e+03 1.244830000000000109e+04
8.350000000000000000e+02 1.245260000000000036e+04
8.270000000000000000e+02 1.245795000000000073e+04
8.910000000000000000e+02 1.246080000000000109e+04
1.163000000000000000e+03 1.246110000000000036e+04
1.051000000000000000e+03 1.246139999999999964e+04
1.035000000000000000e+03 1.246160000000000036e+04
9.790000000000000000e+02 1.246635000000000036e+04
1.067000000000000000e+03 1.246739999999999964e+04
8.510000000000000000e+02 1.246780000000000109e+04
1.099000000000000000e+03 1.246789999999999964e+04
8.750000000000000000e+02 1.246850000000000000e+04
9.870000000000000000e+02 1.246935000000000036e+04
9.950000000000000000e+02 1.247400000000000000e+04
9.710000000000000000e+02 1.247480000000000109e+04
9.230000000000000000e+02 1.247585000000000036e+04
1.139000000000000000e+03 1.247785000000000036e+04
1.171000000000000000e+03 1.247810000000000036e+04
9.310000000000000000e+02 1.247905000000000109e+04
1.179000000000000000e+03 1.247914999999999964e+04
1.147000000000000000e+03 1.247930000000000109e+04
1.195000000000000000e+03 1.248060000000000036e+04
1.131000000000000000e+03 1.248105000000000109e+04
1.155000000000000000e+03 1.248164999999999964e+04
9.070000000000000000e+02 1.248210000000000036e+04
9.470000000000000000e+02 1.248420000000000073e+04
1.027000000000000000e+03 1.248670000000000073e+04
1.075000000000000000e+03 1.248780000000000109e+04
1.107000000000000000e+03 1.248875000000000000e+04
8.030000000000000000e+02 1.248885000000000036e+04
1.083000000000000000e+03 1.248889999999999964e+04
8.430000000000000000e+02 1.248995000000000073e+04
1.019000000000000000e+03 1.249025000000000000e+04
1.187000000000000000e+03 1.249039999999999964e+04
1.123000000000000000e+03 1.249080000000000109e+04
8.350000000000000000e+02 1.249220000000000073e+04
1.163000000000000000e+03 1.249480000000000109e+04
8.670000000000000000e+02 1.249500000000000000e+04
8.190000000000000000e+02 1.249580000000000109e+04
1.091000000000000000e+03 1.249595000000000073e+04
1.043000000000000000e+03 1.249614999999999964e+04
9.150000000000000000e+02 1.249970000000000073e+04
8.990000000000000000e+02 1.250075000000000000e+04
1.051000000000000000e+03 1.250325000000000000e+04
1.171000000000000000e+03 1.250435000000000036e+04
9.630000000000000000e+02 1.250560000000000036e+04
9.310000000000000000e+02 1.250564999999999964e+04
1.067000000000000000e+03 1.250785000000000036e+04
9.710000000000000000e+02 1.250864999999999964e+04
1.011000000000000000e+03 1.250955000000000109e+04
1.099000000000000000e+03 1.251000000000000000e+04
8.110000000000000000e+02 1.251139999999999964e+04
8.910000000000000000e+02 1.251160000000000036e+04
8.830000000000000000e+02 1.251195000000000073e+04
9.070000000000000000e+02 1.251410000000000036e+04
1.075000000000000000e+03 1.251689999999999964e+04
1.147000000000000000e+03 1.251714999999999964e+04
8.590000000000000000e+02 1.252005000000000109e+04
9.230000000000000000e+02 1.252195000000000073e+04
1.059000000000000000e+03 1.252205000000000109e+04
1.195000000000000000e+03 1.252220000000000073e+04
9.870000000000000000e+02 1.252275000000000000e+04
9.550000000000000000e+02 1.252360000000000036e+04
9.390000000000000000e+02 1.252535000000000036e+04
8.750000000000000000e+02 1.252555000000000109e+04
1.131000000000000000e+03 1.252830000000000109e+04
1.123000000000000000e+03 1.253055000000000109e+04
8.030000000000000000e+02 1.253380000000000109e+04
1.107000000000000000e+03 1.253605000000000109e+04
9.470000000000000000e+02 1.253664999999999964e+04
9.950000000000000000e+02 1.253710000000000036e+04
8.190000000000000000e+02 1.253739999999999964e+04
8.350000000000000000e+02 1.253839999999999964e+04
8.270000000000000000e+02 1.254295000000000073e+04
8.510000000000000000e+02 1.254355000000000109e+04
9.790000000000000000e+02 1.254430000000000109e+04
1.139000000000000000e+03 1.254500000000000000e+04
8.670000000000000000e+02 1.254520000000000073e+04
1.115000000000000000e+03 1.254564999999999964e+04
1.003000000000000000e+03 1.254875000000000000e+04
1.163000000000000000e+03 1.255135000000000036e+04
1.067000000000000000e+03 1.255239999999999964e+04
8.830000000000000000e+02 1.255425000000000000e+04
1.075000000000000000e+03 1.255425000000000000e+04
8.110000000000000000e+02 1.255475000000000000e+04
9.150000000000000000e+02 1.255520000000000073e+04
9.230000000000000000e+02 1.255575000000000000e+04
8.750000000000000000e+02 1.255835000000000036e+04
8.590000000000000000e+02 1.255889999999999964e+04
1.019000000000000000e+03 1.255995000000000073e+04
1.043000000000000000e+03 1.255995000000000073e+04
1.083000000000000000e+03 1.256000000000000000e+04
9.870000000000000000e+02 1.256210000000000036e+04
8.350000000000000000e+02 1.256370000000000073e+04
8.430000000000000000e+02 1.256730000000000109e+04
9.070000000000000000e+02 1.256770000000000073e+04
1.035000000000000000e+03 1.256835000000000036e+04
1.187000000000000000e+03 1.256860000000000036e+04
8.030000000000000000e+02 1.256895000000000073e+04
1.051000000000000000e+03 1.256914999999999964e+04
9.630000000000000000e+02 1.256950000000000000e+04
9.950000000000000000e+02 1.256964999999999964e+04
1.179000000000000000e+03 1.257035000000000036e+04
9.390000000000000000e+02 1.257530000000000109e+04
8.190000000000000000e+02 1.257650000000000000e+04
8.910000000000000000e+02 1.257775000000000000e+04
1.091000000000000000e+03 1.257775000000000000e+04
1.027000000000000000e+03 1.257975000000000000e+04
8.510000000000000000e+02 1.257995000000000073e+04
1.147000000000000000e+03 1.258000000000000000e+04
1.131000000000000000e+03 1.258164999999999964e+04
9.790000000000000000e+02 1.258205000000000109e+04
1.139000000000000000e+03 1.258464999999999964e+04
8.270000000000000000e+02 1.258810000000000036e+04
1.075000000000000000e+03 1.258820000000000073e+04
1.083000000000000000e+03 1.258995000000000073e+04
8.350000000000000000e+02 1.259414999999999964e+04
9.870000000000000000e+02 1.259425000000000000e+04
1.019000000000000000e+03 1.259435000000000036e+04
1.067000000000000000e+03 1.259455000000000109e+04
1.011000000000000000e+03 1.259495000000000073e+04
1.043000000000000000e+03 1.259520000000000073e+04
9.070000000000000000e+02 1.259545000000000073e+04
1.107000000000000000e+03 1.259605000000000109e+04
1.035000000000000000e+03 1.260130000000000109e+04
8.030000000000000000e+02 1.260200000000000000e+04
8.990000000000000000e+02 1.260220000000000073e+04
1.099000000000000000e+03 1.260260000000000036e+04
1.155000000000000000e+03 1.260300000000000000e+04
1.187000000000000000e+03 1.260339999999999964e+04
8.110000000000000000e+02 1.260670000000000073e+04
1.003000000000000000e+03 1.260939999999999964e+04
9.310000000000000000e+02 1.261300000000000000e+04
8.190000000000000000e+02 1.261400000000000000e+04
1.163000000000000000e+03 1.261505000000000109e+04
9.230000000000000000e+02 1.261639999999999964e+04
1.043000000000000000e+03 1.261645000000000073e+04
1.075000000000000000e+03 1.261745000000000073e+04
1.051000000000000000e+03 1.262200000000000000e+04
1.011000000000000000e+03 1.262280000000000109e+04
8.750000000000000000e+02 1.262730000000000109e+04
9.070000000000000000e+02 1.262939999999999964e+04
9.870000000000000000e+02 1.263085000000000036e+04
8.830000000000000000e+02 1.263385000000000036e+04
1.091000000000000000e+03 1.263505000000000109e+04
9.150000000000000000e+02 1.263595000000000073e+04
1.179000000000000000e+03 1.263625000000000000e+04
1.147000000000000000e+03 1.263764999999999964e+04
8.510000000000000000e+02 1.263814999999999964e+04
1.171000000000000000e+03 1.264070000000000073e+04
1.187000000000000000e+03 1.264170000000000073e+04
9.390000000000000000e+02 1.264420000000000073e+04
9.470000000000000000e+02 1.264445000000000073e+04
8.030000000000000000e+02 1.264485000000000036e+04
1.099000000000000000e+03 1.264689999999999964e+04
9.230000000000000000e+02 1.264725000000000000e+04
8.910000000000000000e+02 1.264795000000000073e+04
8.590000000000000000e+02 1.264820000000000073e+04
8.110000000000000000e+02 1.264835000000000036e+04
9.950000000000000000e+02 1.265414999999999964e+04
8.270000000000000000e+02 1.265500000000000000e+04
9.070000000000000000e+02 1.265520000000000073e+04
8.350000000000000000e+02 1.265539999999999964e+04
1.107000000000000000e+03 1.265745000000000073e+04
1.123000000000000000e+03 1.265900000000000000e+04
9.550000000000000000e+02 1.265995000000000073e+04
1.003000000000000000e+03 1.266014999999999964e+04
1.163000000000000000e+03 1.266050000000000000e+04
9.710000000000000000e+02 1.266180000000000109e+04
8.830000000000000000e+02 1.266339999999999964e+04
9.790000000000000000e+02 1.266375000000000000e+04
8.750000000000000000e+02 1.266464999999999964e+04
8.510000000000000000e+02 1.266630000000000109e+04
1.043000000000000000e+03 1.266660000000000036e+04
1.195000000000000000e+03 1.266785000000000036e+04
9.630000000000000000e+02 1.267010000000000036e+04
1.019000000000000000e+03 1.267355000000000109e+04
8.910000000000000000e+02 1.267425000000000000e+04
1.131000000000000000e+03 1.267475000000000000e+04
1.155000000000000000e+03 1.267545000000000073e+04
8.030000000000000000e+02 1.268189999999999964e+04
9.950000000000000000e+02 1.268485000000000036e+04
1.147000000000000000e+03 1.268525000000000000e+04
1.091000000000000000e+03 1.268539999999999964e+04
1.115000000000000000e+03 1.268535000000000036e+04
1.099000000000000000e+03 1.268545000000000073e+04
9.390000000000000000e+02 1.268560000000000036e+04
1.171000000000000000e+03 1.268560000000000036e+04
1.083000000000000000e+03 1.268725000000000000e+04
8.430000000000000000e+02 1.268864999999999964e+04
1.179000000000000000e+03 1.268905000000000109e+04
1.011000000000000000e+03 1.269000000000000000e+04
1.187000000000000000e+03 1.269039999999999964e+04
9.070000000000000000e+02 1.269114999999999964e+04
1.059000000000000000e+03 1.269164999999999964e+04
1.027000000000000000e+03 1.269185000000000036e+04
8.750000000000000000e+02 1.269405000000000109e+04
9.470000000000000000e+02 1.269414999999999964e+04
8.110000000000000000e+02 1.269580000000000109e+04
9.790000000000000000e+02 1.269589999999999964e+04
9.550000000000000000e+02 1.269600000000000000e+04
1.123000000000000000e+03 1.269930000000000109e+04
8.590000000000000000e+02 1.269939999999999964e+04
1.043000000000000000e+03 1.270089999999999964e+04
1.075000000000000000e+03 1.270105000000000109e+04
1.163000000000000000e+03 1.270175000000000000e+04
1.139000000000000000e+03 1.270475000000000000e+04
9.150000000000000000e+02 1.270875000000000000e+04
9.870000000000000000e+02 1.270925000000000000e+04
8.190000000000000000e+02 1.271439999999999964e+04
9.950000000000000000e+02 1.271539999999999964e+04
9.710000000000000000e+02 1.271670000000000073e+04
8.270000000000000000e+02 1.271755000000000109e+04
9.630000000000000000e+02 1.271810000000000036e+04
9.070000000000000000e+02 1.272530000000000109e+04
8.030000000000000000e+02 1.272575000000000000e+04
8.990000000000000000e+02 1.272600000000000000e+04
8.830000000000000000e+02 1.272695000000000073e+04
9.470000000000000000e+02 1.272700000000000000e+04
8.510000000000000000e+02 1.272860000000000036e+04
1.019000000000000000e+03 1.273045000000000073e+04
1.003000000000000000e+03 1.273170000000000073e+04
1.091000000000000000e+03 1.273355000000000109e+04
8.590000000000000000e+02 1.273420000000000073e+04
1.027000000000000000e+03 1.273475000000000000e+04
1.139000000000000000e+03 1.273510000000000036e+04
1.171000000000000000e+03 1.273985000000000036e+04
1.043000000000000000e+03 1.274010000000000036e+04
1.067000000000000000e+03 1.274080000000000109e+04
9.150000000000000000e+02 1.274114999999999964e+04
1.075000000000000000e+03 1.274230000000000109e+04
9.710000000000000000e+02 1.274270000000000073e+04
8.430000000000000000e+02 1.274280000000000109e+04
1.147000000000000000e+03 1.274310000000000036e+04
8.110000000000000000e+02 1.274335000000000036e+04
1.131000000000000000e+03 1.274480000000000109e+04
9.310000000000000000e+02 1.274530000000000109e+04
9.950000000000000000e+02 1.274589999999999964e+04
1.099000000000000000e+03 1.274630000000000109e+04
9.230000000000000000e+02 1.274800000000000000e+04
8.750000000000000000e+02 1.274985000000000036e+04
8.830000000000000000e+02 1.274989999999999964e+04
1.195000000000000000e+03 1.275189999999999964e+04
8.030000000000000000e+02 1.275395000000000073e+04
1.163000000000000000e+03 1.275650000000000000e+04
1.091000000000000000e+03 1.276035000000000036e+04
1.155000000000000000e+03 1.276139999999999964e+04
1.115000000000000000e+03 1.276275000000000000e+04
1.107000000000000000e+03 1.276289999999999964e+04
8.190000000000000000e+02 1.276670000000000073e+04
8.670000000000000000e+02 1.276675000000000000e+04
1.059000000000000000e+03 1.276820000000000073e+04
9.630000000000000000e+02 1.276845000000000073e+04
8.990000000000000000e+02 1.276864999999999964e+04
1.075000000000000000e+03 1.276945000000000073e+04
1.051000000000000000e+03 1.276970000000000073e+04
1.083000000000000000e+03 1.277110000000000036e+04
9.150000000000000000e+02 1.277139999999999964e+04
1.067000000000000000e+03 1.277195000000000073e+04
1.179000000000000000e+03 1.277450000000000000e+04
1.187000000000000000e+03 1.277450000000000000e+04
9.470000000000000000e+02 1.277530000000000109e+04
1.099000000000000000e+03 1.277900000000000000e+04
8.750000000000000000e+02 1.277914999999999964e+04
8.590000000000000000e+02 1.278085000000000036e+04
1.139000000000000000e+03 1.278135000000000036e+04
1.019000000000000000e+03 1.278205000000000109e+04
9.070000000000000000e+02 1.278225000000000000e+04
9.310000000000000000e+02 1.278275000000000000e+04
9.230000000000000000e+02 1.278380000000000109e+04
9.870000000000000000e+02 1.278810000000000036e+04
1.147000000000000000e+03 1.278910000000000036e+04
1.171000000000000000e+03 1.278930000000000109e+04
9.950000000000000000e+02 1.279239999999999964e+04
1.027000000000000000e+03 1.279235000000000036e+04
1.083000000000000000e+03 1.279780000000000109e+04
1.195000000000000000e+03 1.280089999999999964e+04
8.030000000000000000e+02 1.280150000000000000e+04
9.790000000000000000e+02 1.280414999999999964e+04
8.910000000000000000e+02 1.280439999999999964e+04
1.163000000000000000e+03 1.280745000000000073e+04
1.123000000000000000e+03 1.280805000000000109e+04
8.190000000000000000e+02 1.280985000000000036e+04
8.510000000000000000e+02 1.281314999999999964e+04
8.830000000000000000e+02 1.281375000000000000e+04
9.710000000000000000e+02 1.281500000000000000e+04
1.091000000000000000e+03 1.281710000000000036e+04
1.187000000000000000e+03 1.281820000000000073e+04
8.270000000000000000e+02 1.281875000000000000e+04
1.051000000000000000e+03 1.281889999999999964e+04
1.147000000000000000e+03 1.282205000000000109e+04
1.131000000000000000e+03 1.282405000000000109e+04
9.550000000000000000e+02 1.282439999999999964e+04
1.011000000000000000e+03 1.282445000000000073e+04
8.430000000000000000e+02 1.282810000000000036e+04
8.670000000000000000e+02 1.282950000000000000e+04
9.310000000000000000e+02 1.283060000000000036e+04
9.230000000000000000e+02 1.283410000000000036e+04
9.470000000000000000e+02 1.283420000000000073e+04
1.075000000000000000e+03 1.283445000000000073e+04
8.110000000000000000e+02 1.283475000000000000e+04
9.950000000000000000e+02 1.283614999999999964e+04
1.163000000000000000e+03 1.283680000000000109e+04
1.067000000000000000e+03 1.283910000000000036e+04
1.099000000000000000e+03 1.283950000000000000e+04
8.750000000000000000e+02 1.284035000000000036e+04
1.107000000000000000e+03 1.284225000000000000e+04
9.870000000000000000e+02 1.284260000000000036e+04
1.019000000000000000e+03 1.284260000000000036e+04
8.510000000000000000e+02 1.284270000000000073e+04
1.035000000000000000e+03 1.284489999999999964e+04
8.590000000000000000e+02 1.284600000000000000e+04
1.051000000000000000e+03 1.284955000000000109e+04
1.027000000000000000e+03 1.285089999999999964e+04
1.139000000000000000e+03 1.285089999999999964e+04
9.630000000000000000e+02 1.285135000000000036e+04
1.131000000000000000e+03 1.285139999999999964e+04
8.910000000000000000e+02 1.285170000000000073e+04
9.790000000000000000e+02 1.285739999999999964e+04
1.155000000000000000e+03 1.285735000000000036e+04
1.195000000000000000e+03 1.285739999999999964e+04
8.350000000000000000e+02 1.285985000000000036e+04
1.067000000000000000e+03 1.286114999999999964e+04
8.030000000000000000e+02 1.286155000000000109e+04
9.950000000000000000e+02 1.286275000000000000e+04
8.190000000000000000e+02 1.286305000000000109e+04
1.179000000000000000e+03 1.286580000000000109e+04
1.123000000000000000e+03 1.286655000000000109e+04
8.830000000000000000e+02 1.286664999999999964e+04
9.710000000000000000e+02 1.287105000000000109e+04
1.147000000000000000e+03 1.287150000000000000e+04
8.670000000000000000e+02 1.287185000000000036e+04
1.043000000000000000e+03 1.287264999999999964e+04
1.019000000000000000e+03 1.287289999999999964e+04
1.075000000000000000e+03 1.287355000000000109e+04
9.230000000000000000e+02 1.287930000000000109e+04
1.051000000000000000e+03 1.287955000000000109e+04
1.059000000000000000e+03 1.288039999999999964e+04
1.011000000000000000e+03 1.288085000000000036e+04
1.003000000000000000e+03 1.288150000000000000e+04
9.070000000000000000e+02 1.288175000000000000e+04
8.590000000000000000e+02 1.288205000000000109e+04
1.195000000000000000e+03 1.288385000000000036e+04
9.550000000000000000e+02 1.288705000000000109e+04
1.099000000000000000e+03 1.288705000000000109e+04
9.470000000000000000e+02 1.288745000000000073e+04
1.171000000000000000e+03 1.288780000000000109e+04
8.990000000000000000e+02 1.288860000000000036e+04
8.750000000000000000e+02 1.288975000000000000e+04
9.390000000000000000e+02 1.289320000000000073e+04
9.790000000000000000e+02 1.289475000000000000e+04
8.830000000000000000e+02 1.289550000000000000e+04
8.110000000000000000e+02 1.290060000000000036e+04
1.083000000000000000e+03 1.290210000000000036e+04
1.107000000000000000e+03 1.290275000000000000e+04
8.030000000000000000e+02 1.290289999999999964e+04
1.035000000000000000e+03 1.290730000000000109e+04
8.510000000000000000e+02 1.290800000000000000e+04
1.075000000000000000e+03 1.290885000000000036e+04
9.950000000000000000e+02 1.290980000000000109e+04
1.163000000000000000e+03 1.291025000000000000e+04
8.430000000000000000e+02 1.291575000000000000e+04
8.270000000000000000e+02 1.291600000000000000e+04
1.019000000000000000e+03 1.291600000000000000e+04
1.099000000000000000e+03 1.291620000000000073e+04
8.750000000000000000e+02 1.291700000000000000e+04
9.710000000000000000e+02 1.291789999999999964e+04
1.067000000000000000e+03 1.291839999999999964e+04
9.630000000000000000e+02 1.291864999999999964e+04
1.139000000000000000e+03 1.292080000000000109e+04
1.027000000000000000e+03 1.292150000000000000e+04
1.147000000000000000e+03 1.292245000000000073e+04
9.070000000000000000e+02 1.292260000000000036e+04
8.350000000000000000e+02 1.292385000000000036e+04
1.155000000000000000e+03 1.292514999999999964e+04
9.150000000000000000e+02 1.292539999999999964e+04
9.230000000000000000e+02 1.292575000000000000e+04
1.179000000000000000e+03 1.292800000000000000e+04
8.670000000000000000e+02 1.293305000000000109e+04
1.011000000000000000e+03 1.293495000000000073e+04
9.310000000000000000e+02 1.293570000000000073e+04
1.195000000000000000e+03 1.293625000000000000e+04
8.590000000000000000e+02 1.293660000000000036e+04
1.131000000000000000e+03 1.293695000000000073e+04
1.091000000000000000e+03 1.293789999999999964e+04
8.110000000000000000e+02 1.293820000000000073e+04
1.107000000000000000e+03 1.293830000000000109e+04
8.910000000000000000e+02 1.293864999999999964e+04
9.950000000000000000e+02 1.293914999999999964e+04
8.030000000000000000e+02 1.294395000000000073e+04
1.051000000000000000e+03 1.294464999999999964e+04
1.163000000000000000e+03 1.294635000000000036e+04
1.035000000000000000e+03 1.294745000000000073e+04
1.187000000000000000e+03 1.294845000000000073e+04
8.430000000000000000e+02 1.295050000000000000e+04
1.043000000000000000e+03 1.295135000000000036e+04
1.115000000000000000e+03 1.295170000000000073e+04
1.179000000000000000e+03 1.295330000000000109e+04
8.990000000000000000e+02 1.295739999999999964e+04
9.070000000000000000e+02 1.295735000000000036e+04
1.059000000000000000e+03 1.295860000000000036e+04
1.147000000000000000e+03 1.295895000000000073e+04
8.270000000000000000e+02 1.295980000000000109e+04
9.230000000000000000e+02 1.296275000000000000e+04
1.139000000000000000e+03 1.296450000000000000e+04
9.790000000000000000e+02 1.296505000000000109e+04
1.027000000000000000e+03 1.296564999999999964e+04
8.510000000000000000e+02 1.297125000000000000e+04
1.019000000000000000e+03 1.297195000000000073e+04
8.590000000000000000e+02 1.297220000000000073e+04
1.083000000000000000e+03 1.297260000000000036e+04
9.390000000000000000e+02 1.297514999999999964e+04
9.710000000000000000e+02 1.297605000000000109e+04
8.030000000000000000e+02 1.297739999999999964e+04
1.187000000000000000e+03 1.298145000000000073e+04
1.195000000000000000e+03 1.298245000000000073e+04
1.051000000000000000e+03 1.298270000000000073e+04
8.670000000000000000e+02 1.298275000000000000e+04
8.190000000000000000e+02 1.298330000000000109e+04
1.067000000000000000e+03 1.298639999999999964e+04
9.550000000000000000e+02 1.298660000000000036e+04
1.171000000000000000e+03 1.298720000000000073e+04
9.150000000000000000e+02 1.298725000000000000e+04
9.310000000000000000e+02 1.298814999999999964e+04
9.470000000000000000e+02 1.298845000000000073e+04
1.123000000000000000e+03 1.298945000000000073e+04
9.630000000000000000e+02 1.299000000000000000e+04
1.107000000000000000e+03 1.299020000000000073e+04
8.750000000000000000e+02 1.299314999999999964e+04
9.950000000000000000e+02 1.299325000000000000e+04
1.163000000000000000e+03 1.299370000000000073e+04
1.091000000000000000e+03 1.299689999999999964e+04
8.910000000000000000e+02 1.299980000000000109e+04
8.990000000000000000e+02 1.300120000000000073e+04
8.030000000000000000e+02 1.300289999999999964e+04
9.390000000000000000e+02 1.300400000000000000e+04
8.590000000000000000e+02 1.300620000000000073e+04
1.155000000000000000e+03 1.300625000000000000e+04
1.035000000000000000e+03 1.300714999999999964e+04
8.270000000000000000e+02 1.300839999999999964e+04
9.310000000000000000e+02 1.301064999999999964e+04
1.115000000000000000e+03 1.301089999999999964e+04
9.790000000000000000e+02 1.301160000000000036e+04
1.075000000000000000e+03 1.301220000000000073e+04
8.510000000000000000e+02 1.301225000000000000e+04
1.179000000000000000e+03 1.301239999999999964e+04
1.099000000000000000e+03 1.301325000000000000e+04
9.870000000000000000e+02 1.301860000000000036e+04
8.350000000000000000e+02 1.301889999999999964e+04
1.195000000000000000e+03 1.301930000000000109e+04
8.830000000000000000e+02 1.301964999999999964e+04
1.139000000000000000e+03 1.301980000000000109e+04
9.710000000000000000e+02 1.302030000000000109e+04
8.430000000000000000e+02 1.302214999999999964e+04
1.003000000000000000e+03 1.302464999999999964e+04
1.067000000000000000e+03 1.302600000000000000e+04
1.187000000000000000e+03 1.302645000000000073e+04
1.131000000000000000e+03 1.303020000000000073e+04
1.083000000000000000e+03 1.303035000000000036e+04
9.070000000000000000e+02 1.303185000000000036e+04
1.051000000000000000e+03 1.303235000000000036e+04
9.230000000000000000e+02 1.303314999999999964e+04
1.019000000000000000e+03 1.303564999999999964e+04
1.179000000000000000e+03 1.303720000000000073e+04
1.107000000000000000e+03 1.303725000000000000e+04
1.011000000000000000e+03 1.303789999999999964e+04
1.155000000000000000e+03 1.303830000000000109e+04
8.590000000000000000e+02 1.303839999999999964e+04
9.870000000000000000e+02 1.303910000000000036e+04
1.043000000000000000e+03 1.303925000000000000e+04
1.171000000000000000e+03 1.303925000000000000e+04
1.027000000000000000e+03 1.303985000000000036e+04
9.950000000000000000e+02 1.304135000000000036e+04
9.310000000000000000e+02 1.304250000000000000e+04
1.091000000000000000e+03 1.304700000000000000e+04
8.030000000000000000e+02 1.304705000000000109e+04
9.630000000000000000e+02 1.304860000000000036e+04
8.510000000000000000e+02 1.305035000000000036e+04
9.150000000000000000e+02 1.305400000000000000e+04
1.075000000000000000e+03 1.305760000000000036e+04
8.670000000000000000e+02 1.305860000000000036e+04
1.163000000000000000e+03 1.305955000000000109e+04
8.910000000000000000e+02 1.306325000000000000e+04
8.350000000000000000e+02 1.306370000000000073e+04
1.003000000000000000e+03 1.306464999999999964e+04
1.147000000000000000e+03 1.306500000000000000e+04
8.750000000000000000e+02 1.306955000000000109e+04
1.171000000000000000e+03 1.307160000000000036e+04
8.830000000000000000e+02 1.307225000000000000e+04
1.067000000000000000e+03 1.307245000000000073e+04
8.990000000000000000e+02 1.307310000000000036e+04
1.083000000000000000e+03 1.307480000000000109e+04
9.870000000000000000e+02 1.307495000000000073e+04
9.950000000000000000e+02 1.307689999999999964e+04
1.187000000000000000e+03 1.307760000000000036e+04
8.430000000000000000e+02 1.307780000000000109e+04
9.790000000000000000e+02 1.307780000000000109e+04
9.630000000000000000e+02 1.307850000000000000e+04
1.131000000000000000e+03 1.307925000000000000e+04
9.390000000000000000e+02 1.307955000000000109e+04
9.230000000000000000e+02 1.308105000000000109e+04
1.179000000000000000e+03 1.308139999999999964e+04
8.190000000000000000e+02 1.308580000000000109e+04
9.310000000000000000e+02 1.308620000000000073e+04
1.043000000000000000e+03 1.308639999999999964e+04
1.035000000000000000e+03 1.308714999999999964e+04
9.710000000000000000e+02 1.308870000000000073e+04
1.075000000000000000e+03 1.308970000000000073e+04
8.510000000000000000e+02 1.309130000000000109e+04
1.115000000000000000e+03 1.309489999999999964e+04
8.110000000000000000e+02 1.309564999999999964e+04
1.147000000000000000e+03 1.309564999999999964e+04
1.011000000000000000e+03 1.309585000000000036e+04
8.350000000000000000e+02 1.309670000000000073e+04
9.950000000000000000e+02 1.309705000000000109e+04
1.091000000000000000e+03 1.309939999999999964e+04
8.030000000000000000e+02 1.310085000000000036e+04
1.139000000000000000e+03 1.310100000000000000e+04
8.590000000000000000e+02 1.310139999999999964e+04
8.910000000000000000e+02 1.310135000000000036e+04
1.163000000000000000e+03 1.310270000000000073e+04
1.067000000000000000e+03 1.310350000000000000e+04
8.830000000000000000e+02 1.310464999999999964e+04
9.070000000000000000e+02 1.310835000000000036e+04
1.155000000000000000e+03 1.311025000000000000e+04
9.150000000000000000e+02 1.311255000000000109e+04
8.990000000000000000e+02 1.311489999999999964e+04
9.230000000000000000e+02 1.311605000000000109e+04
1.099000000000000000e+03 1.311810000000000036e+04
8.110000000000000000e+02 1.311930000000000109e+04
8.670000000000000000e+02 1.312089999999999964e+04
9.310000000000000000e+02 1.312100000000000000e+04
1.195000000000000000e+03 1.312289999999999964e+04
1.075000000000000000e+03 1.312664999999999964e+04
9.950000000000000000e+02 1.312770000000000073e+04
9.790000000000000000e+02 1.312775000000000000e+04
8.270000000000000000e+02 1.313039999999999964e+04
1.179000000000000000e+03 1.313300000000000000e+04
1.187000000000000000e+03 1.313660000000000036e+04
9.630000000000000000e+02 1.313710000000000036e+04
8.590000000000000000e+02 1.313789999999999964e+04
8.910000000000000000e+02 1.313789999999999964e+04
1.131000000000000000e+03 1.313785000000000036e+04
1.115000000000000000e+03 1.313880000000000109e+04
1.019000000000000000e+03 1.313910000000000036e+04
9.550000000000000000e+02 1.313935000000000036e+04
1.163000000000000000e+03 1.313935000000000036e+04
1.147000000000000000e+03 1.314014999999999964e+04
1.083000000000000000e+03 1.314395000000000073e+04
1.003000000000000000e+03 1.314580000000000109e+04
1.067000000000000000e+03 1.314614999999999964e+04
8.110000000000000000e+02 1.314664999999999964e+04
9.390000000000000000e+02 1.314714999999999964e+04
8.350000000000000000e+02 1.314985000000000036e+04
8.190000000000000000e+02 1.315380000000000109e+04
9.710000000000000000e+02 1.315464999999999964e+04
8.510000000000000000e+02 1.315500000000000000e+04
8.670000000000000000e+02 1.315639999999999964e+04
8.030000000000000000e+02 1.315645000000000073e+04
9.310000000000000000e+02 1.315800000000000000e+04
9.470000000000000000e+02 1.315810000000000036e+04
1.107000000000000000e+03 1.315864999999999964e+04
9.230000000000000000e+02 1.315950000000000000e+04
8.830000000000000000e+02 1.316435000000000036e+04
1.155000000000000000e+03 1.316464999999999964e+04
1.075000000000000000e+03 1.316514999999999964e+04
1.035000000000000000e+03 1.316964999999999964e+04
1.195000000000000000e+03 1.317160000000000036e+04
1.115000000000000000e+03 1.317350000000000000e+04
8.590000000000000000e+02 1.317489999999999964e+04
1.003000000000000000e+03 1.317500000000000000e+04
8.430000000000000000e+02 1.317925000000000000e+04
9.950000000000000000e+02 1.318050000000000000e+04
1.131000000000000000e+03 1.318050000000000000e+04
1.163000000000000000e+03 1.318075000000000000e+04
9.790000000000000000e+02 1.318110000000000036e+04
1.179000000000000000e+03 1.318135000000000036e+04
9.070000000000000000e+02 1.318610000000000036e+04
1.043000000000000000e+03 1.318730000000000109e+04
9.230000000000000000e+02 1.318835000000000036e+04
8.990000000000000000e+02 1.318875000000000000e+04
9.310000000000000000e+02 1.318975000000000000e+04
1.019000000000000000e+03 1.319105000000000109e+04
9.710000000000000000e+02 1.319325000000000000e+04
8.350000000000000000e+02 1.319364999999999964e+04
8.830000000000000000e+02 1.319389999999999964e+04
1.083000000000000000e+03 1.319400000000000000e+04
1.123000000000000000e+03 1.319420000000000073e+04
9.630000000000000000e+02 1.319425000000000000e+04
9.550000000000000000e+02 1.319850000000000000e+04
8.510000000000000000e+02 1.320060000000000036e+04
8.110000000000000000e+02 1.320185000000000036e+04
8.750000000000000000e+02 1.320220000000000073e+04
1.139000000000000000e+03 1.320220000000000073e+04
8.670000000000000000e+02 1.320239999999999964e+04
9.390000000000000000e+02 1.320639999999999964e+04
9.150000000000000000e+02 1.320700000000000000e+04
1.075000000000000000e+03 1.320770000000000073e+04
1.107000000000000000e+03 1.320810000000000036e+04
8.190000000000000000e+02 1.320830000000000109e+04
8.030000000000000000e+02 1.320880000000000109e+04
1.027000000000000000e+03 1.320880000000000109e+04
1.171000000000000000e+03 1.320900000000000000e+04
9.950000000000000000e+02 1.320910000000000036e+04
1.003000000000000000e+03 1.321260000000000036e+04
1.179000000000000000e+03 1.321275000000000000e+04
1.131000000000000000e+03 1.321510000000000036e+04
9.070000000000000000e+02 1.321600000000000000e+04
1.091000000000000000e+03 1.321685000000000036e+04
1.155000000000000000e+03 1.321785000000000036e+04
8.590000000000000000e+02 1.322055000000000109e+04
1.115000000000000000e+03 1.322105000000000109e+04
8.270000000000000000e+02 1.322135000000000036e+04
1.067000000000000000e+03 1.322239999999999964e+04
9.790000000000000000e+02 1.322785000000000036e+04
8.350000000000000000e+02 1.322820000000000073e+04
1.147000000000000000e+03 1.323135000000000036e+04
9.870000000000000000e+02 1.323355000000000109e+04
1.035000000000000000e+03 1.323380000000000109e+04
9.950000000000000000e+02 1.323585000000000036e+04
8.670000000000000000e+02 1.323975000000000000e+04
8.110000000000000000e+02 1.324014999999999964e+04
9.230000000000000000e+02 1.324025000000000000e+04
8.750000000000000000e+02 1.324055000000000109e+04
1.011000000000000000e+03 1.324080000000000109e+04
1.059000000000000000e+03 1.324095000000000073e+04
1.187000000000000000e+03 1.324405000000000109e+04
8.830000000000000000e+02 1.324770000000000073e+04
9.550000000000000000e+02 1.324860000000000036e+04
9.710000000000000000e+02 1.324914999999999964e+04
1.179000000000000000e+03 1.324960000000000036e+04
1.067000000000000000e+03 1.325000000000000000e+04
8.910000000000000000e+02 1.325235000000000036e+04
1.075000000000000000e+03 1.325350000000000000e+04
1.083000000000000000e+03 1.325355000000000109e+04
8.190000000000000000e+02 1.325539999999999964e+04
9.070000000000000000e+02 1.325535000000000036e+04
9.470000000000000000e+02 1.325550000000000000e+04
8.990000000000000000e+02 1.325614999999999964e+04
9.390000000000000000e+02 1.325680000000000109e+04
8.590000000000000000e+02 1.326125000000000000e+04
8.510000000000000000e+02 1.326145000000000073e+04
1.195000000000000000e+03 1.326255000000000109e+04
8.750000000000000000e+02 1.326264999999999964e+04
1.099000000000000000e+03 1.326275000000000000e+04
1.147000000000000000e+03 1.326575000000000000e+04
1.043000000000000000e+03 1.326775000000000000e+04
9.790000000000000000e+02 1.326935000000000036e+04
9.150000000000000000e+02 1.327055000000000109e+04
1.011000000000000000e+03 1.327110000000000036e+04
9.630000000000000000e+02 1.327230000000000109e+04
1.187000000000000000e+03 1.327460000000000036e+04
8.110000000000000000e+02 1.327489999999999964e+04
1.171000000000000000e+03 1.327635000000000036e+04
9.310000000000000000e+02 1.327645000000000073e+04
1.019000000000000000e+03 1.327650000000000000e+04
1.115000000000000000e+03 1.327760000000000036e+04
9.950000000000000000e+02 1.327770000000000073e+04
1.155000000000000000e+03 1.327764999999999964e+04
1.179000000000000000e+03 1.328350000000000000e+04
8.030000000000000000e+02 1.328380000000000109e+04
1.107000000000000000e+03 1.328455000000000109e+04
9.710000000000000000e+02 1.328500000000000000e+04
1.163000000000000000e+03 1.328495000000000073e+04
1.027000000000000000e+03 1.328530000000000109e+04
1.003000000000000000e+03 1.328600000000000000e+04
9.870000000000000000e+02 1.328635000000000036e+04
1.075000000000000000e+03 1.328645000000000073e+04
1.083000000000000000e+03 1.328695000000000073e+04
1.059000000000000000e+03 1.329000000000000000e+04
1.091000000000000000e+03 1.329164999999999964e+04
9.230000000000000000e+02 1.329310000000000036e+04
1.139000000000000000e+03 1.329439999999999964e+04
8.590000000000000000e+02 1.329514999999999964e+04
9.150000000000000000e+02 1.329870000000000073e+04
1.123000000000000000e+03 1.329910000000000036e+04
8.510000000000000000e+02 1.330025000000000000e+04
1.195000000000000000e+03 1.330025000000000000e+04
8.430000000000000000e+02 1.330089999999999964e+04
1.147000000000000000e+03 1.330175000000000000e+04
1.131000000000000000e+03 1.330210000000000036e+04
8.830000000000000000e+02 1.330255000000000109e+04
8.270000000000000000e+02 1.330360000000000036e+04
9.070000000000000000e+02 1.330460000000000036e+04
9.470000000000000000e+02 1.331014999999999964e+04
8.350000000000000000e+02 1.331025000000000000e+04
1.083000000000000000e+03 1.331080000000000109e+04
1.099000000000000000e+03 1.331100000000000000e+04
8.750000000000000000e+02 1.331245000000000073e+04
1.067000000000000000e+03 1.331255000000000109e+04
1.019000000000000000e+03 1.331525000000000000e+04
8.990000000000000000e+02 1.331675000000000000e+04
8.030000000000000000e+02 1.331685000000000036e+04
9.310000000000000000e+02 1.331785000000000036e+04
1.107000000000000000e+03 1.332135000000000036e+04
1.171000000000000000e+03 1.332230000000000109e+04
1.187000000000000000e+03 1.332305000000000109e+04
1.179000000000000000e+03 1.332355000000000109e+04
9.390000000000000000e+02 1.332435000000000036e+04
9.790000000000000000e+02 1.332570000000000073e+04
9.710000000000000000e+02 1.332635000000000036e+04
1.091000000000000000e+03 1.332864999999999964e+04
9.150000000000000000e+02 1.332910000000000036e+04
9.870000000000000000e+02 1.332945000000000073e+04
1.035000000000000000e+03 1.333410000000000036e+04
1.155000000000000000e+03 1.333620000000000073e+04
1.163000000000000000e+03 1.333710000000000036e+04
1.075000000000000000e+03 1.333745000000000073e+04
1.043000000000000000e+03 1.333780000000000109e+04
8.110000000000000000e+02 1.333789999999999964e+04
9.950000000000000000e+02 1.333805000000000109e+04
9.550000000000000000e+02 1.333850000000000000e+04
1.027000000000000000e+03 1.333855000000000109e+04
1.051000000000000000e+03 1.333880000000000109e+04
1.099000000000000000e+03 1.333875000000000000e+04
8.590000000000000000e+02 1.333945000000000073e+04
8.670000000000000000e+02 1.334245000000000073e+04
1.067000000000000000e+03 1.334630000000000109e+04
1.115000000000000000e+03 1.334839999999999964e+04
8.910000000000000000e+02 1.335039999999999964e+04
1.059000000000000000e+03 1.335055000000000109e+04
8.430000000000000000e+02 1.335260000000000036e+04
1.083000000000000000e+03 1.335330000000000109e+04
8.190000000000000000e+02 1.335400000000000000e+04
8.750000000000000000e+02 1.335475000000000000e+04
9.230000000000000000e+02 1.335560000000000036e+04
1.019000000000000000e+03 1.335760000000000036e+04
1.147000000000000000e+03 1.335805000000000109e+04
1.107000000000000000e+03 1.335960000000000036e+04
8.270000000000000000e+02 1.336070000000000073e+04
8.830000000000000000e+02 1.336255000000000109e+04
8.510000000000000000e+02 1.336289999999999964e+04
1.163000000000000000e+03 1.336414999999999964e+04
1.171000000000000000e+03 1.336450000000000000e+04
9.710000000000000000e+02 1.336460000000000036e+04
1.091000000000000000e+03 1.336575000000000000e+04
9.310000000000000000e+02 1.336730000000000109e+04
8.110000000000000000e+02 1.336800000000000000e+04
9.630000000000000000e+02 1.336910000000000036e+04
8.030000000000000000e+02 1.337375000000000000e+04
1.099000000000000000e+03 1.337389999999999964e+04
9.470000000000000000e+02 1.337510000000000036e+04
8.350000000000000000e+02 1.337564999999999964e+04
8.990000000000000000e+02 1.337595000000000073e+04
1.155000000000000000e+03 1.337720000000000073e+04
9.790000000000000000e+02 1.337739999999999964e+04
1.043000000000000000e+03 1.337860000000000036e+04
8.590000000000000000e+02 1.337955000000000109e+04
9.870000000000000000e+02 1.338160000000000036e+04
1.035000000000000000e+03 1.338164999999999964e+04
8.270000000000000000e+02 1.338300000000000000e+04
1.131000000000000000e+03 1.338320000000000073e+04
1.139000000000000000e+03 1.338355000000000109e+04
8.430000000000000000e+02 1.338800000000000000e+04
1.195000000000000000e+03 1.338839999999999964e+04
1.123000000000000000e+03 1.338864999999999964e+04
9.550000000000000000e+02 1.338955000000000109e+04
8.750000000000000000e+02 1.339435000000000036e+04
1.075000000000000000e+03 1.339464999999999964e+04
8.190000000000000000e+02 1.339505000000000109e+04
1.003000000000000000e+03 1.339550000000000000e+04
1.051000000000000000e+03 1.339595000000000073e+04
9.310000000000000000e+02 1.339795000000000073e+04
1.147000000000000000e+03 1.339800000000000000e+04
1.083000000000000000e+03 1.339805000000000109e+04
9.950000000000000000e+02 1.339850000000000000e+04
9.390000000000000000e+02 1.339930000000000109e+04
1.107000000000000000e+03 1.340170000000000073e+04
1.163000000000000000e+03 1.340300000000000000e+04
8.110000000000000000e+02 1.340605000000000109e+04
1.027000000000000000e+03 1.340675000000000000e+04
1.043000000000000000e+03 1.340675000000000000e+04
1.067000000000000000e+03 1.340805000000000109e+04
1.091000000000000000e+03 1.340835000000000036e+04
9.790000000000000000e+02 1.340880000000000109e+04
1.115000000000000000e+03 1.340910000000000036e+04
1.019000000000000000e+03 1.341000000000000000e+04
8.030000000000000000e+02 1.341160000000000036e+04
8.830000000000000000e+02 1.341420000000000073e+04
8.590000000000000000e+02 1.341425000000000000e+04
9.630000000000000000e+02 1.341450000000000000e+04
9.710000000000000000e+02 1.341505000000000109e+04
1.179000000000000000e+03 1.341539999999999964e+04
9.230000000000000000e+02 1.341564999999999964e+04
9.870000000000000000e+02 1.341600000000000000e+04
9.070000000000000000e+02 1.341885000000000036e+04
9.550000000000000000e+02 1.342064999999999964e+04
1.099000000000000000e+03 1.342214999999999964e+04
9.470000000000000000e+02 1.342464999999999964e+04
9.310000000000000000e+02 1.342525000000000000e+04
1.187000000000000000e+03 1.342545000000000073e+04
8.350000000000000000e+02 1.342560000000000036e+04
8.430000000000000000e+02 1.342570000000000073e+04
1.171000000000000000e+03 1.343105000000000109e+04
1.195000000000000000e+03 1.343180000000000109e+04
8.110000000000000000e+02 1.343285000000000036e+04
8.670000000000000000e+02 1.343310000000000036e+04
9.950000000000000000e+02 1.343339999999999964e+04
9.150000000000000000e+02 1.343350000000000000e+04
1.155000000000000000e+03 1.343345000000000073e+04
8.750000000000000000e+02 1.343539999999999964e+04
1.131000000000000000e+03 1.343814999999999964e+04
9.790000000000000000e+02 1.343850000000000000e+04
1.075000000000000000e+03 1.343845000000000073e+04
1.107000000000000000e+03 1.344105000000000109e+04
1.139000000000000000e+03 1.344105000000000109e+04
8.990000000000000000e+02 1.344270000000000073e+04
1.051000000000000000e+03 1.344385000000000036e+04
8.510000000000000000e+02 1.344550000000000000e+04
1.035000000000000000e+03 1.344785000000000036e+04
8.590000000000000000e+02 1.345025000000000000e+04
1.003000000000000000e+03 1.345039999999999964e+04
8.190000000000000000e+02 1.345100000000000000e+04
1.043000000000000000e+03 1.345139999999999964e+04
8.830000000000000000e+02 1.345275000000000000e+04
9.070000000000000000e+02 1.345320000000000073e+04
1.147000000000000000e+03 1.345610000000000036e+04
1.011000000000000000e+03 1.345635000000000036e+04
9.310000000000000000e+02 1.345745000000000073e+04
1.027000000000000000e+03 1.345750000000000000e+04
9.630000000000000000e+02 1.345775000000000000e+04
9.390000000000000000e+02 1.345800000000000000e+04
1.123000000000000000e+03 1.345864999999999964e+04
9.710000000000000000e+02 1.345905000000000109e+04
9.870000000000000000e+02 1.345939999999999964e+04
8.030000000000000000e+02 1.345960000000000036e+04
8.750000000000000000e+02 1.346045000000000073e+04
8.910000000000000000e+02 1.346485000000000036e+04
1.155000000000000000e+03 1.346580000000000109e+04
1.099000000000000000e+03 1.346600000000000000e+04
1.059000000000000000e+03 1.346745000000000073e+04
1.091000000000000000e+03 1.346760000000000036e+04
1.179000000000000000e+03 1.346920000000000073e+04
8.350000000000000000e+02 1.347035000000000036e+04
8.510000000000000000e+02 1.347060000000000036e+04
9.470000000000000000e+02 1.347314999999999964e+04
1.019000000000000000e+03 1.347350000000000000e+04
9.950000000000000000e+02 1.347430000000000109e+04
8.110000000000000000e+02 1.347475000000000000e+04
1.195000000000000000e+03 1.347525000000000000e+04
1.107000000000000000e+03 1.347555000000000109e+04
9.230000000000000000e+02 1.347980000000000109e+04
1.043000000000000000e+03 1.348035000000000036e+04
9.790000000000000000e+02 1.348130000000000109e+04
1.083000000000000000e+03 1.348135000000000036e+04
1.163000000000000000e+03 1.348175000000000000e+04
1.115000000000000000e+03 1.348220000000000073e+04
9.150000000000000000e+02 1.348355000000000109e+04
1.075000000000000000e+03 1.348470000000000073e+04
1.067000000000000000e+03 1.348500000000000000e+04
1.171000000000000000e+03 1.348545000000000073e+04
1.035000000000000000e+03 1.348705000000000109e+04
9.710000000000000000e+02 1.348725000000000000e+04
8.990000000000000000e+02 1.348755000000000109e+04
9.390000000000000000e+02 1.348805000000000109e+04
8.270000000000000000e+02 1.348989999999999964e+04
8.590000000000000000e+02 1.349064999999999964e+04
8.910000000000000000e+02 1.349230000000000109e+04
9.070000000000000000e+02 1.349235000000000036e+04
1.099000000000000000e+03 1.349375000000000000e+04
9.950000000000000000e+02 1.349385000000000036e+04
1.027000000000000000e+03 1.349750000000000000e+04
8.670000000000000000e+02 1.349970000000000073e+04
9.470000000000000000e+02 1.350050000000000000e+04
8.430000000000000000e+02 1.350364999999999964e+04
8.830000000000000000e+02 1.350439999999999964e+04
1.107000000000000000e+03 1.350435000000000036e+04
1.147000000000000000e+03 1.350514999999999964e+04
9.310000000000000000e+02 1.350564999999999964e+04
8.030000000000000000e+02 1.350864999999999964e+04
9.630000000000000000e+02 1.350900000000000000e+04
8.990000000000000000e+02 1.351055000000000109e+04
1.179000000000000000e+03 1.351085000000000036e+04
9.870000000000000000e+02 1.351510000000000036e+04
1.083000000000000000e+03 1.351630000000000109e+04
1.155000000000000000e+03 1.351630000000000109e+04
1.019000000000000000e+03 1.351720000000000073e+04
1.163000000000000000e+03 1.351735000000000036e+04
1.091000000000000000e+03 1.351760000000000036e+04
8.350000000000000000e+02 1.351795000000000073e+04
8.590000000000000000e+02 1.351850000000000000e+04
1.075000000000000000e+03 1.351964999999999964e+04
1.067000000000000000e+03 1.352350000000000000e+04
8.510000000000000000e+02 1.352485000000000036e+04
9.710000000000000000e+02 1.352545000000000073e+04
1.147000000000000000e+03 1.352600000000000000e+04
9.070000000000000000e+02 1.352680000000000109e+04
1.123000000000000000e+03 1.352714999999999964e+04
1.107000000000000000e+03 1.352980000000000109e+04
1.011000000000000000e+03 1.353035000000000036e+04
8.270000000000000000e+02 1.353150000000000000e+04
9.150000000000000000e+02 1.353245000000000073e+04
1.035000000000000000e+03 1.353280000000000109e+04
8.750000000000000000e+02 1.353310000000000036e+04
9.950000000000000000e+02 1.353414999999999964e+04
1.051000000000000000e+03 1.353480000000000109e+04
1.115000000000000000e+03 1.353570000000000073e+04
8.190000000000000000e+02 1.353585000000000036e+04
1.171000000000000000e+03 1.353625000000000000e+04
9.230000000000000000e+02 1.353655000000000109e+04
1.059000000000000000e+03 1.353689999999999964e+04
8.830000000000000000e+02 1.353750000000000000e+04
8.670000000000000000e+02 1.354325000000000000e+04
8.590000000000000000e+02 1.354395000000000073e+04
1.139000000000000000e+03 1.354485000000000036e+04
9.310000000000000000e+02 1.354560000000000036e+04
1.179000000000000000e+03 1.354575000000000000e+04
8.990000000000000000e+02 1.354625000000000000e+04
1.099000000000000000e+03 1.354625000000000000e+04
8.030000000000000000e+02 1.354689999999999964e+04
1.195000000000000000e+03 1.355360000000000036e+04
1.027000000000000000e+03 1.355460000000000036e+04
8.110000000000000000e+02 1.355485000000000036e+04
1.067000000000000000e+03 1.355505000000000109e+04
1.075000000000000000e+03 1.355685000000000036e+04
9.710000000000000000e+02 1.355985000000000036e+04
1.163000000000000000e+03 1.356014999999999964e+04
1.147000000000000000e+03 1.356064999999999964e+04
9.630000000000000000e+02 1.356110000000000036e+04
8.350000000000000000e+02 1.356120000000000073e+04
1.155000000000000000e+03 1.356130000000000109e+04
9.390000000000000000e+02 1.356155000000000109e+04
9.950000000000000000e+02 1.356185000000000036e+04
8.430000000000000000e+02 1.356195000000000073e+04
8.750000000000000000e+02 1.356250000000000000e+04
9.870000000000000000e+02 1.356245000000000073e+04
9.070000000000000000e+02 1.356460000000000036e+04
8.590000000000000000e+02 1.357075000000000000e+04
8.830000000000000000e+02 1.357130000000000109e+04
1.035000000000000000e+03 1.357439999999999964e+04
9.230000000000000000e+02 1.357495000000000073e+04
1.059000000000000000e+03 1.357505000000000109e+04
8.270000000000000000e+02 1.357705000000000109e+04
1.107000000000000000e+03 1.357775000000000000e+04
1.043000000000000000e+03 1.357930000000000109e+04
1.123000000000000000e+03 1.357945000000000073e+04
8.030000000000000000e+02 1.358020000000000073e+04
1.019000000000000000e+03 1.358075000000000000e+04
1.131000000000000000e+03 1.358085000000000036e+04
1.179000000000000000e+03 1.358460000000000036e+04
9.470000000000000000e+02 1.358514999999999964e+04
9.310000000000000000e+02 1.358600000000000000e+04
8.670000000000000000e+02 1.358620000000000073e+04
1.067000000000000000e+03 1.358745000000000073e+04
9.950000000000000000e+02 1.358860000000000036e+04
8.350000000000000000e+02 1.358955000000000109e+04
8.110000000000000000e+02 1.359035000000000036e+04
9.150000000000000000e+02 1.359145000000000073e+04
8.430000000000000000e+02 1.359289999999999964e+04
9.630000000000000000e+02 1.359295000000000073e+04
1.107000000000000000e+03 1.359350000000000000e+04
9.870000000000000000e+02 1.359385000000000036e+04
8.510000000000000000e+02 1.359439999999999964e+04
8.750000000000000000e+02 1.359475000000000000e+04
1.147000000000000000e+03 1.359545000000000073e+04
1.099000000000000000e+03 1.359655000000000109e+04
8.990000000000000000e+02 1.359764999999999964e+04
9.710000000000000000e+02 1.360130000000000109e+04
1.163000000000000000e+03 1.360170000000000073e+04
1.115000000000000000e+03 1.360264999999999964e+04
9.070000000000000000e+02 1.360339999999999964e+04
1.027000000000000000e+03 1.360400000000000000e+04
9.230000000000000000e+02 1.360464999999999964e+04
1.075000000000000000e+03 1.360580000000000109e+04
1.155000000000000000e+03 1.360639999999999964e+04
1.091000000000000000e+03 1.360855000000000109e+04
1.011000000000000000e+03 1.360885000000000036e+04
1.195000000000000000e+03 1.360925000000000000e+04
1.003000000000000000e+03 1.360945000000000073e+04
1.019000000000000000e+03 1.361055000000000109e+04
9.310000000000000000e+02 1.361170000000000073e+04
9.390000000000000000e+02 1.361235000000000036e+04
1.187000000000000000e+03 1.361250000000000000e+04
9.950000000000000000e+02 1.361439999999999964e+04
1.051000000000000000e+03 1.361464999999999964e+04
9.790000000000000000e+02 1.361720000000000073e+04
1.043000000000000000e+03 1.362210000000000036e+04
1.147000000000000000e+03 1.362230000000000109e+04
8.590000000000000000e+02 1.362325000000000000e+04
8.430000000000000000e+02 1.362364999999999964e+04
9.630000000000000000e+02 1.362420000000000073e+04
8.510000000000000000e+02 1.362460000000000036e+04
8.750000000000000000e+02 1.362575000000000000e+04
9.150000000000000000e+02 1.362585000000000036e+04
1.035000000000000000e+03 1.362620000000000073e+04
1.059000000000000000e+03 1.362620000000000073e+04
8.910000000000000000e+02 1.362770000000000073e+04
9.230000000000000000e+02 1.362950000000000000e+04
1.083000000000000000e+03 1.363030000000000109e+04
1.179000000000000000e+03 1.363064999999999964e+04
8.190000000000000000e+02 1.363214999999999964e+04
9.070000000000000000e+02 1.363825000000000000e+04
9.950000000000000000e+02 1.363845000000000073e+04
1.107000000000000000e+03 1.363930000000000109e+04
8.030000000000000000e+02 1.363945000000000073e+04
9.710000000000000000e+02 1.364039999999999964e+04
1.067000000000000000e+03 1.364055000000000109e+04
8.270000000000000000e+02 1.364150000000000000e+04
8.670000000000000000e+02 1.364295000000000073e+04
8.830000000000000000e+02 1.364425000000000000e+04
8.350000000000000000e+02 1.364614999999999964e+04
1.131000000000000000e+03 1.364620000000000073e+04
1.003000000000000000e+03 1.364664999999999964e+04
9.310000000000000000e+02 1.364685000000000036e+04
1.075000000000000000e+03 1.364685000000000036e+04
1.163000000000000000e+03 1.364695000000000073e+04
8.990000000000000000e+02 1.364705000000000109e+04
1.115000000000000000e+03 1.365170000000000073e+04
8.590000000000000000e+02 1.365385000000000036e+04
1.187000000000000000e+03 1.365550000000000000e+04
1.123000000000000000e+03 1.365675000000000000e+04
1.155000000000000000e+03 1.365764999999999964e+04
1.179000000000000000e+03 1.365764999999999964e+04
1.091000000000000000e+03 1.365830000000000109e+04
1.147000000000000000e+03 1.365870000000000073e+04
1.027000000000000000e+03 1.365939999999999964e+04
8.110000000000000000e+02 1.366210000000000036e+04
9.390000000000000000e+02 1.366285000000000036e+04
9.470000000000000000e+02 1.366325000000000000e+04
1.195000000000000000e+03 1.366389999999999964e+04
9.790000000000000000e+02 1.366464999999999964e+04
1.099000000000000000e+03 1.366575000000000000e+04
1.083000000000000000e+03 1.366845000000000073e+04
9.950000000000000000e+02 1.366970000000000073e+04
8.030000000000000000e+02 1.367045000000000073e+04
8.430000000000000000e+02 1.367055000000000109e+04
1.171000000000000000e+03 1.367080000000000109e+04
9.870000000000000000e+02 1.367100000000000000e+04
9.630000000000000000e+02 1.367535000000000036e+04
8.350000000000000000e+02 1.367735000000000036e+04
1.131000000000000000e+03 1.367735000000000036e+04
1.059000000000000000e+03 1.367825000000000000e+04
1.107000000000000000e+03 1.367970000000000073e+04
1.075000000000000000e+03 1.368350000000000000e+04
1.179000000000000000e+03 1.368460000000000036e+04
1.139000000000000000e+03 1.368530000000000109e+04
9.230000000000000000e+02 1.368585000000000036e+04
1.011000000000000000e+03 1.368664999999999964e+04
8.750000000000000000e+02 1.368780000000000109e+04
8.830000000000000000e+02 1.368885000000000036e+04
9.150000000000000000e+02 1.368945000000000073e+04
1.027000000000000000e+03 1.369480000000000109e+04
1.043000000000000000e+03 1.369510000000000036e+04
9.950000000000000000e+02 1.369585000000000036e+04
1.051000000000000000e+03 1.369605000000000109e+04
1.091000000000000000e+03 1.369805000000000109e+04
9.710000000000000000e+02 1.369950000000000000e+04
1.163000000000000000e+03 1.370005000000000109e+04
8.110000000000000000e+02 1.370039999999999964e+04
8.590000000000000000e+02 1.370135000000000036e+04
8.030000000000000000e+02 1.370675000000000000e+04
8.670000000000000000e+02 1.370750000000000000e+04
9.870000000000000000e+02 1.370764999999999964e+04
8.350000000000000000e+02 1.370775000000000000e+04
1.019000000000000000e+03 1.370795000000000073e+04
1.195000000000000000e+03 1.370820000000000073e+04
1.115000000000000000e+03 1.370920000000000073e+04
1.179000000000000000e+03 1.371075000000000000e+04
9.390000000000000000e+02 1.371100000000000000e+04
9.310000000000000000e+02 1.371489999999999964e+04
1.099000000000000000e+03 1.371714999999999964e+04
9.950000000000000000e+02 1.371735000000000036e+04
1.147000000000000000e+03 1.371739999999999964e+04
9.230000000000000000e+02 1.371780000000000109e+04
9.790000000000000000e+02 1.371845000000000073e+04
8.750000000000000000e+02 1.371875000000000000e+04
8.510000000000000000e+02 1.372180000000000109e+04
8.430000000000000000e+02 1.372335000000000036e+04
8.190000000000000000e+02 1.372425000000000000e+04
8.830000000000000000e+02 1.372450000000000000e+04
8.990000000000000000e+02 1.372495000000000073e+04
1.003000000000000000e+03 1.372495000000000073e+04
1.163000000000000000e+03 1.372525000000000000e+04
1.075000000000000000e+03 1.372620000000000073e+04
9.630000000000000000e+02 1.373025000000000000e+04
9.710000000000000000e+02 1.373260000000000036e+04
1.123000000000000000e+03 1.373270000000000073e+04
1.027000000000000000e+03 1.373410000000000036e+04
8.590000000000000000e+02 1.373520000000000073e+04
1.019000000000000000e+03 1.373810000000000036e+04
1.107000000000000000e+03 1.373850000000000000e+04
8.350000000000000000e+02 1.373939999999999964e+04
9.150000000000000000e+02 1.374055000000000109e+04
9.870000000000000000e+02 1.374280000000000109e+04
9.310000000000000000e+02 1.374395000000000073e+04
1.147000000000000000e+03 1.374439999999999964e+04
1.043000000000000000e+03 1.374460000000000036e+04
1.051000000000000000e+03 1.374695000000000073e+04
9.230000000000000000e+02 1.374705000000000109e+04
1.131000000000000000e+03 1.374770000000000073e+04
1.067000000000000000e+03 1.374775000000000000e+04
1.003000000000000000e+03 1.374814999999999964e+04
1.035000000000000000e+03 1.374820000000000073e+04
1.195000000000000000e+03 1.374820000000000073e+04
8.190000000000000000e+02 1.374885000000000036e+04
1.011000000000000000e+03 1.374975000000000000e+04
9.950000000000000000e+02 1.375055000000000109e+04
9.790000000000000000e+02 1.375145000000000073e+04
9.070000000000000000e+02 1.375305000000000109e+04
8.270000000000000000e+02 1.375330000000000109e+04
1.091000000000000000e+03 1.375514999999999964e+04
1.115000000000000000e+03 1.375620000000000073e+04
1.163000000000000000e+03 1.375700000000000000e+04
8.750000000000000000e+02 1.375739999999999964e+04
1.139000000000000000e+03 1.375914999999999964e+04
1.179000000000000000e+03 1.376010000000000036e+04
8.350000000000000000e+02 1.376110000000000036e+04
1.075000000000000000e+03 1.376385000000000036e+04
9.710000000000000000e+02 1.376580000000000109e+04
9.390000000000000000e+02 1.376630000000000109e+04
8.590000000000000000e+02 1.376714999999999964e+04
9.950000000000000000e+02 1.376760000000000036e+04
8.030000000000000000e+02 1.376770000000000073e+04
1.187000000000000000e+03 1.377110000000000036e+04
8.910000000000000000e+02 1.377220000000000073e+04
1.147000000000000000e+03 1.377220000000000073e+04
9.470000000000000000e+02 1.377255000000000109e+04
8.110000000000000000e+02 1.377325000000000000e+04
9.310000000000000000e+02 1.377380000000000109e+04
1.155000000000000000e+03 1.377389999999999964e+04
1.171000000000000000e+03 1.378050000000000000e+04
8.830000000000000000e+02 1.378105000000000109e+04
1.163000000000000000e+03 1.378145000000000073e+04
9.790000000000000000e+02 1.378164999999999964e+04
9.870000000000000000e+02 1.378285000000000036e+04
8.430000000000000000e+02 1.378325000000000000e+04
1.003000000000000000e+03 1.378455000000000109e+04
8.510000000000000000e+02 1.378480000000000109e+04
9.230000000000000000e+02 1.378530000000000109e+04
9.070000000000000000e+02 1.378870000000000073e+04
1.059000000000000000e+03 1.379035000000000036e+04
8.750000000000000000e+02 1.379064999999999964e+04
1.107000000000000000e+03 1.379064999999999964e+04
1.083000000000000000e+03 1.379100000000000000e+04
1.019000000000000000e+03 1.379314999999999964e+04
9.150000000000000000e+02 1.379575000000000000e+04
1.187000000000000000e+03 1.379660000000000036e+04
9.710000000000000000e+02 1.379755000000000109e+04
1.139000000000000000e+03 1.379789999999999964e+04
1.051000000000000000e+03 1.379814999999999964e+04
9.390000000000000000e+02 1.379870000000000073e+04
1.027000000000000000e+03 1.379885000000000036e+04
8.350000000000000000e+02 1.379900000000000000e+04
1.043000000000000000e+03 1.379989999999999964e+04
1.155000000000000000e+03 1.380380000000000109e+04
1.123000000000000000e+03 1.380460000000000036e+04
1.075000000000000000e+03 1.380510000000000036e+04
1.147000000000000000e+03 1.380575000000000000e+04
1.179000000000000000e+03 1.380600000000000000e+04
8.670000000000000000e+02 1.380614999999999964e+04
8.990000000000000000e+02 1.381035000000000036e+04
1.099000000000000000e+03 1.381055000000000109e+04
8.590000000000000000e+02 1.381175000000000000e+04
1.171000000000000000e+03 1.381195000000000073e+04
9.950000000000000000e+02 1.381235000000000036e+04
8.030000000000000000e+02 1.381295000000000073e+04
1.195000000000000000e+03 1.381739999999999964e+04
1.035000000000000000e+03 1.381780000000000109e+04
8.190000000000000000e+02 1.381889999999999964e+04
1.091000000000000000e+03 1.381889999999999964e+04
1.163000000000000000e+03 1.382064999999999964e+04
9.230000000000000000e+02 1.382380000000000109e+04
1.131000000000000000e+03 1.382385000000000036e+04
9.470000000000000000e+02 1.382435000000000036e+04
1.147000000000000000e+03 1.382435000000000036e+04
8.430000000000000000e+02 1.382495000000000073e+04
9.150000000000000000e+02 1.382555000000000109e+04
9.070000000000000000e+02 1.382645000000000073e+04
9.710000000000000000e+02 1.382950000000000000e+04
8.910000000000000000e+02 1.383180000000000109e+04
9.390000000000000000e+02 1.383180000000000109e+04
1.075000000000000000e+03 1.383264999999999964e+04
1.051000000000000000e+03 1.383414999999999964e+04
8.110000000000000000e+02 1.383470000000000073e+04
8.590000000000000000e+02 1.383670000000000073e+04
9.950000000000000000e+02 1.384110000000000036e+04
1.067000000000000000e+03 1.384214999999999964e+04
9.630000000000000000e+02 1.384325000000000000e+04
9.790000000000000000e+02 1.384380000000000109e+04
8.510000000000000000e+02 1.384400000000000000e+04
8.750000000000000000e+02 1.384535000000000036e+04
1.043000000000000000e+03 1.384564999999999964e+04
1.011000000000000000e+03 1.384625000000000000e+04
1.115000000000000000e+03 1.384835000000000036e+04
1.139000000000000000e+03 1.384885000000000036e+04
1.123000000000000000e+03 1.385000000000000000e+04
9.230000000000000000e+02 1.385060000000000036e+04
1.107000000000000000e+03 1.385070000000000073e+04
9.310000000000000000e+02 1.385189999999999964e+04
8.830000000000000000e+02 1.385210000000000036e+04
1.147000000000000000e+03 1.385245000000000073e+04
8.030000000000000000e+02 1.385485000000000036e+04
1.019000000000000000e+03 1.385570000000000073e+04
9.070000000000000000e+02 1.385650000000000000e+04
1.091000000000000000e+03 1.385660000000000036e+04
1.187000000000000000e+03 1.385689999999999964e+04
9.150000000000000000e+02 1.385735000000000036e+04
8.590000000000000000e+02 1.386014999999999964e+04
9.950000000000000000e+02 1.386060000000000036e+04
1.155000000000000000e+03 1.386460000000000036e+04
9.870000000000000000e+02 1.386470000000000073e+04
8.990000000000000000e+02 1.386480000000000109e+04
1.075000000000000000e+03 1.386489999999999964e+04
1.171000000000000000e+03 1.386585000000000036e+04
1.163000000000000000e+03 1.386655000000000109e+04
9.390000000000000000e+02 1.386914999999999964e+04
1.083000000000000000e+03 1.386975000000000000e+04
8.430000000000000000e+02 1.387020000000000073e+04
1.099000000000000000e+03 1.387050000000000000e+04
1.003000000000000000e+03 1.387075000000000000e+04
1.195000000000000000e+03 1.387139999999999964e+04
1.011000000000000000e+03 1.387575000000000000e+04
1.139000000000000000e+03 1.387945000000000073e+04
8.830000000000000000e+02 1.387970000000000073e+04
1.051000000000000000e+03 1.387975000000000000e+04
8.110000000000000000e+02 1.388105000000000109e+04
8.270000000000000000e+02 1.388260000000000036e+04
1.107000000000000000e+03 1.388255000000000109e+04
1.027000000000000000e+03 1.388570000000000073e+04
8.590000000000000000e+02 1.388839999999999964e+04
9.710000000000000000e+02 1.388895000000000073e+04
8.670000000000000000e+02 1.388930000000000109e+04
8.190000000000000000e+02 1.388950000000000000e+04
1.123000000000000000e+03 1.389014999999999964e+04
9.470000000000000000e+02 1.389070000000000073e+04
8.350000000000000000e+02 1.389530000000000109e+04
1.147000000000000000e+03 1.389550000000000000e+04
8.750000000000000000e+02 1.389560000000000036e+04
9.950000000000000000e+02 1.389660000000000036e+04
1.099000000000000000e+03 1.389710000000000036e+04
1.083000000000000000e+03 1.389725000000000000e+04
1.059000000000000000e+03 1.389739999999999964e+04
1.075000000000000000e+03 1.389755000000000109e+04
9.230000000000000000e+02 1.389795000000000073e+04
9.390000000000000000e+02 1.390325000000000000e+04
8.030000000000000000e+02 1.390635000000000036e+04
1.003000000000000000e+03 1.390670000000000073e+04
9.070000000000000000e+02 1.390760000000000036e+04
1.163000000000000000e+03 1.390789999999999964e+04
8.110000000000000000e+02 1.390805000000000109e+04
9.630000000000000000e+02 1.390820000000000073e+04
1.043000000000000000e+03 1.390825000000000000e+04
1.115000000000000000e+03 1.390839999999999964e+04
1.067000000000000000e+03 1.390870000000000073e+04
9.310000000000000000e+02 1.391514999999999964e+04
8.830000000000000000e+02 1.391639999999999964e+04
1.179000000000000000e+03 1.391695000000000073e+04
8.590000000000000000e+02 1.391755000000000109e+04
8.670000000000000000e+02 1.391755000000000109e+04
1.195000000000000000e+03 1.391755000000000109e+04
8.510000000000000000e+02 1.391775000000000000e+04
1.187000000000000000e+03 1.391820000000000073e+04
1.099000000000000000e+03 1.391920000000000073e+04
9.150000000000000000e+02 1.392075000000000000e+04
1.147000000000000000e+03 1.392125000000000000e+04
1.035000000000000000e+03 1.392405000000000109e+04
1.011000000000000000e+03 1.392430000000000109e+04
9.710000000000000000e+02 1.392525000000000000e+04
1.027000000000000000e+03 1.392555000000000109e+04
9.950000000000000000e+02 1.392620000000000073e+04
1.131000000000000000e+03 1.392645000000000073e+04
9.790000000000000000e+02 1.392714999999999964e+04
9.230000000000000000e+02 1.392735000000000036e+04
1.075000000000000000e+03 1.392764999999999964e+04
1.003000000000000000e+03 1.393025000000000000e+04
8.270000000000000000e+02 1.393160000000000036e+04
8.030000000000000000e+02 1.393239999999999964e+04
8.990000000000000000e+02 1.393350000000000000e+04
1.107000000000000000e+03 1.393425000000000000e+04
8.350000000000000000e+02 1.393980000000000109e+04
1.067000000000000000e+03 1.393975000000000000e+04
1.155000000000000000e+03 1.394000000000000000e+04
1.171000000000000000e+03 1.394075000000000000e+04
1.163000000000000000e+03 1.394125000000000000e+04
8.750000000000000000e+02 1.394470000000000073e+04
8.190000000000000000e+02 1.394564999999999964e+04
9.870000000000000000e+02 1.394564999999999964e+04
1.091000000000000000e+03 1.394570000000000073e+04
1.195000000000000000e+03 1.394805000000000109e+04
8.510000000000000000e+02 1.394885000000000036e+04
9.310000000000000000e+02 1.395150000000000000e+04
1.051000000000000000e+03 1.395300000000000000e+04
1.147000000000000000e+03 1.395300000000000000e+04
1.139000000000000000e+03 1.395345000000000073e+04
1.043000000000000000e+03 1.395380000000000109e+04
8.830000000000000000e+02 1.395595000000000073e+04
1.107000000000000000e+03 1.395925000000000000e+04
9.950000000000000000e+02 1.396045000000000073e+04
1.083000000000000000e+03 1.396050000000000000e+04
9.390000000000000000e+02 1.396110000000000036e+04
1.019000000000000000e+03 1.396105000000000109e+04
8.910000000000000000e+02 1.396125000000000000e+04
9.630000000000000000e+02 1.396150000000000000e+04
8.350000000000000000e+02 1.396230000000000109e+04
1.003000000000000000e+03 1.396250000000000000e+04
1.131000000000000000e+03 1.396255000000000109e+04
8.030000000000000000e+02 1.396639999999999964e+04
1.099000000000000000e+03 1.396725000000000000e+04
9.790000000000000000e+02 1.396780000000000109e+04
1.115000000000000000e+03 1.396789999999999964e+04
9.150000000000000000e+02 1.396855000000000109e+04
9.710000000000000000e+02 1.397000000000000000e+04
1.187000000000000000e+03 1.397125000000000000e+04
8.590000000000000000e+02 1.397155000000000109e+04
1.035000000000000000e+03 1.397364999999999964e+04
8.750000000000000000e+02 1.397375000000000000e+04
1.075000000000000000e+03 1.397495000000000073e+04
1.163000000000000000e+03 1.397500000000000000e+04
9.230000000000000000e+02 1.397530000000000109e+04
1.179000000000000000e+03 1.397530000000000109e+04
1.011000000000000000e+03 1.397570000000000073e+04
8.430000000000000000e+02 1.397820000000000073e+04
8.510000000000000000e+02 1.397910000000000036e+04
9.070000000000000000e+02 1.398055000000000109e+04
1.171000000000000000e+03 1.398175000000000000e+04
8.270000000000000000e+02 1.398200000000000000e+04
1.059000000000000000e+03 1.398264999999999964e+04
8.830000000000000000e+02 1.398455000000000109e+04
1.123000000000000000e+03 1.398630000000000109e+04
8.990000000000000000e+02 1.398975000000000000e+04
1.107000000000000000e+03 1.399025000000000000e+04
8.110000000000000000e+02 1.399045000000000073e+04
9.950000000000000000e+02 1.399100000000000000e+04
9.710000000000000000e+02 1.399110000000000036e+04
8.750000000000000000e+02 1.399225000000000000e+04
1.195000000000000000e+03 1.399255000000000109e+04
1.067000000000000000e+03 1.399410000000000036e+04
9.470000000000000000e+02 1.399425000000000000e+04
1.019000000000000000e+03 1.399700000000000000e+04
1.139000000000000000e+03 1.399795000000000073e+04
9.150000000000000000e+02 1.399850000000000000e+04
9.230000000000000000e+02 1.399910000000000036e+04
9.870000000000000000e+02 1.399910000000000036e+04
1.083000000000000000e+03 1.399935000000000036e+04
1.115000000000000000e+03 1.399975000000000000e+04
9.630000000000000000e+02 1.403210000000000036e+04
1.163000000000000000e+03 1.403280000000000109e+04
1.195000000000000000e+03 1.406580000000000109e+04
9.390000000000000000e+02 1.407125000000000000e+04
8.350000000000000000e+02 1.409685000000000036e+04
1.179000000000000000e+03 1.412445000000000073e+04
1.051000000000000000e+03 1.412714999999999964e+04
8.830000000000000000e+02 1.416160000000000036e+04
1.163000000000000000e+03 1.423925000000000000e+04
9.550000000000000000e+02 1.436314999999999964e+04
8.590000000000000000e+02 1.442955000000000109e+04
1.051000000000000000e+03 1.443610000000000036e+04
8.670000000000000000e+02 1.444585000000000036e+04
1.035000000000000000e+03 1.450555000000000109e+04
1.147000000000000000e+03 1.467570000000000073e+04
8.350000000000000000e+02 1.471375000000000000e+04
9.230000000000000000e+02 1.478530000000000109e+04
8.270000000000000000e+02 1.479935000000000036e+04
8.750000000000000000e+02 1.483055000000000109e+04
1.059000000000000000e+03 1.483320000000000073e+04
1.171000000000000000e+03 1.488150000000000000e+04
9.630000000000000000e+02 1.489475000000000000e+04
8.590000000000000000e+02 1.492905000000000109e+04
8.520000000000000000e+02 1.015499999999999972e+02
1.020000000000000000e+03 1.470999999999999943e+02
1.004000000000000000e+03 2.244500000000000171e+02
9.000000000000000000e+02 2.696999999999999886e+02
1.092000000000000000e+03 3.610500000000000114e+02
1.108000000000000000e+03 4.067500000000000000e+02
8.600000000000000000e+02 4.628000000000000114e+02
1.164000000000000000e+03 5.333999999999999773e+02
1.140000000000000000e+03 5.387500000000000000e+02
1.132000000000000000e+03 6.721499999999999773e+02
8.840000000000000000e+02 6.904500000000000455e+02
9.800000000000000000e+02 6.961000000000000227e+02
1.180000000000000000e+03 7.130500000000000682e+02
9.320000000000000000e+02 7.431499999999999773e+02
1.188000000000000000e+03 7.896499999999999773e+02
1.108000000000000000e+03 8.286499999999999773e+02
1.036000000000000000e+03 9.262500000000000000e+02
1.092000000000000000e+03 9.718500000000000227e+02
9.720000000000000000e+02 1.018550000000000068e+03
1.172000000000000000e+03 1.100500000000000000e+03
1.036000000000000000e+03 1.201049999999999955e+03
1.092000000000000000e+03 1.220950000000000045e+03
9.880000000000000000e+02 1.227350000000000136e+03
1.044000000000000000e+03 1.235250000000000000e+03
1.164000000000000000e+03 1.251100000000000136e+03
8.120000000000000000e+02 1.325000000000000000e+03
8.600000000000000000e+02 1.336299999999999955e+03
9.320000000000000000e+02 1.388600000000000136e+03
9.640000000000000000e+02 1.488700000000000045e+03
8.280000000000000000e+02 1.613600000000000136e+03
1.092000000000000000e+03 1.646600000000000136e+03
9.080000000000000000e+02 1.685450000000000045e+03
9.000000000000000000e+02 1.722000000000000000e+03
1.076000000000000000e+03 1.728850000000000136e+03
9.080000000000000000e+02 1.752900000000000091e+03
8.680000000000000000e+02 1.767799999999999955e+03
1.164000000000000000e+03 1.826100000000000136e+03
1.100000000000000000e+03 1.834799999999999955e+03
1.124000000000000000e+03 1.924049999999999955e+03
1.092000000000000000e+03 1.969549999999999955e+03
9.320000000000000000e+02 1.982250000000000000e+03
1.132000000000000000e+03 1.992450000000000045e+03
8.920000000000000000e+02 2.009150000000000091e+03
9.080000000000000000e+02 2.026750000000000000e+03
1.004000000000000000e+03 2.031950000000000045e+03
1.164000000000000000e+03 2.055349999999999909e+03
1.020000000000000000e+03 2.062800000000000182e+03
9.240000000000000000e+02 2.113099999999999909e+03
8.120000000000000000e+02 2.288500000000000000e+03
9.080000000000000000e+02 2.288900000000000091e+03
1.020000000000000000e+03 2.303400000000000091e+03
1.164000000000000000e+03 2.314050000000000182e+03
9.400000000000000000e+02 2.335849999999999909e+03
8.440000000000000000e+02 2.338349999999999909e+03
1.148000000000000000e+03 2.371500000000000000e+03
1.172000000000000000e+03 2.379200000000000273e+03
9.720000000000000000e+02 2.386500000000000000e+03
1.044000000000000000e+03 2.424000000000000000e+03
9.240000000000000000e+02 2.525550000000000182e+03
1.004000000000000000e+03 2.554250000000000000e+03
1.116000000000000000e+03 2.601500000000000000e+03
9.560000000000000000e+02 2.636650000000000091e+03
1.188000000000000000e+03 2.760550000000000182e+03
1.196000000000000000e+03 2.780400000000000091e+03
8.840000000000000000e+02 2.784650000000000091e+03
8.520000000000000000e+02 2.920400000000000091e+03
1.092000000000000000e+03 2.990650000000000091e+03
9.720000000000000000e+02 6.082250000000000000e+03
1.020000000000000000e+03 6.148500000000000000e+03
8.920000000000000000e+02 6.272000000000000000e+03
1.116000000000000000e+03 6.330150000000000546e+03
1.108000000000000000e+03 6.331800000000000182e+03
8.600000000000000000e+02 6.376949999999999818e+03
8.520000000000000000e+02 6.473699999999999818e+03
1.116000000000000000e+03 6.559449999999999818e+03
9.400000000000000000e+02 6.602400000000000546e+03
1.100000000000000000e+03 6.623300000000000182e+03
9.880000000000000000e+02 6.656800000000000182e+03
9.560000000000000000e+02 6.815350000000000364e+03
9.560000000000000000e+02 6.920400000000000546e+03
1.004000000000000000e+03 6.931350000000000364e+03
1.172000000000000000e+03 6.934250000000000000e+03
9.080000000000000000e+02 1.006795000000000073e+04
1.180000000000000000e+03 1.017220000000000073e+04
8.840000000000000000e+02 1.018995000000000073e+04
8.520000000000000000e+02 1.026125000000000000e+04
8.200000000000000000e+02 1.028205000000000109e+04
9.160000000000000000e+02 1.030630000000000109e+04
8.040000000000000000e+02 1.033620000000000073e+04
9.320000000000000000e+02 1.035255000000000109e+04
8.040000000000000000e+02 1.041835000000000036e+04
8.920000000000000000e+02 1.049775000000000000e+04
1.164000000000000000e+03 1.052250000000000000e+04
8.600000000000000000e+02 1.053450000000000000e+04
1.044000000000000000e+03 1.055400000000000000e+04
9.400000000000000000e+02 1.059370000000000073e+04
1.180000000000000000e+03 1.064039999999999964e+04
8.600000000000000000e+02 1.067339999999999964e+04
1.068000000000000000e+03 1.068870000000000073e+04
1.012000000000000000e+03 1.072964999999999964e+04
1.124000000000000000e+03 1.089500000000000000e+04
1.108000000000000000e+03 1.092539999999999964e+04
8.360000000000000000e+02 1.094770000000000073e+04
1.164000000000000000e+03 1.095320000000000073e+04
1.060000000000000000e+03 1.097064999999999964e+04
9.400000000000000000e+02 1.100470000000000073e+04
1.132000000000000000e+03 1.100645000000000073e+04
1.180000000000000000e+03 1.100814999999999964e+04
8.600000000000000000e+02 1.101035000000000036e+04
9.960000000000000000e+02 1.101480000000000109e+04
1.020000000000000000e+03 1.101764999999999964e+04
9.320000000000000000e+02 1.101780000000000109e+04
8.520000000000000000e+02 1.101855000000000109e+04
9.640000000000000000e+02 1.102105000000000109e+04
1.044000000000000000e+03 1.102310000000000036e+04
1.068000000000000000e+03 1.102380000000000109e+04
8.280000000000000000e+02 1.102405000000000109e+04
1.196000000000000000e+03 1.102755000000000109e+04
8.360000000000000000e+02 1.102805000000000109e+04
8.680000000000000000e+02 1.102960000000000036e+04
1.076000000000000000e+03 1.103039999999999964e+04
9.800000000000000000e+02 1.103150000000000000e+04
1.140000000000000000e+03 1.103195000000000073e+04
1.172000000000000000e+03 1.103439999999999964e+04
1.156000000000000000e+03 1.103555000000000109e+04
8.440000000000000000e+02 1.103564999999999964e+04
1.084000000000000000e+03 1.103564999999999964e+04
1.052000000000000000e+03 1.103639999999999964e+04
8.840000000000000000e+02 1.103695000000000073e+04
8.200000000000000000e+02 1.103970000000000073e+04
1.028000000000000000e+03 1.104050000000000000e+04
8.920000000000000000e+02 1.104135000000000036e+04
1.060000000000000000e+03 1.104395000000000073e+04
1.124000000000000000e+03 1.104530000000000109e+04
1.148000000000000000e+03 1.104930000000000109e+04
8.120000000000000000e+02 1.104960000000000036e+04
1.108000000000000000e+03 1.105739999999999964e+04
1.164000000000000000e+03 1.105945000000000073e+04
9.080000000000000000e+02 1.106110000000000036e+04
1.116000000000000000e+03 1.106245000000000073e+04
8.520000000000000000e+02 1.106764999999999964e+04
1.188000000000000000e+03 1.106795000000000073e+04
9.800000000000000000e+02 1.106810000000000036e+04
1.068000000000000000e+03 1.107339999999999964e+04
9.320000000000000000e+02 1.107370000000000073e+04
8.200000000000000000e+02 1.107725000000000000e+04
1.052000000000000000e+03 1.107760000000000036e+04
1.132000000000000000e+03 1.107910000000000036e+04
9.640000000000000000e+02 1.107925000000000000e+04
1.100000000000000000e+03 1.107939999999999964e+04
8.600000000000000000e+02 1.108135000000000036e+04
8.680000000000000000e+02 1.108589999999999964e+04
9.000000000000000000e+02 1.108700000000000000e+04
9.880000000000000000e+02 1.108905000000000109e+04
8.760000000000000000e+02 1.108930000000000109e+04
8.840000000000000000e+02 1.108945000000000073e+04
1.084000000000000000e+03 1.108989999999999964e+04
1.148000000000000000e+03 1.109405000000000109e+04
8.920000000000000000e+02 1.109525000000000000e+04
1.068000000000000000e+03 1.109745000000000073e+04
9.400000000000000000e+02 1.110005000000000109e+04
9.160000000000000000e+02 1.110135000000000036e+04
1.156000000000000000e+03 1.110164999999999964e+04
1.180000000000000000e+03 1.110180000000000109e+04
8.120000000000000000e+02 1.110364999999999964e+04
9.240000000000000000e+02 1.110489999999999964e+04
1.044000000000000000e+03 1.110500000000000000e+04
9.640000000000000000e+02 1.110805000000000109e+04
9.320000000000000000e+02 1.110960000000000036e+04
8.360000000000000000e+02 1.110980000000000109e+04
9.800000000000000000e+02 1.111385000000000036e+04
1.036000000000000000e+03 1.111489999999999964e+04
1.076000000000000000e+03 1.111564999999999964e+04
9.000000000000000000e+02 1.112550000000000000e+04
8.600000000000000000e+02 1.112655000000000109e+04
1.164000000000000000e+03 1.112950000000000000e+04
9.880000000000000000e+02 1.113085000000000036e+04
8.040000000000000000e+02 1.113170000000000073e+04
9.080000000000000000e+02 1.113739999999999964e+04
8.840000000000000000e+02 1.113860000000000036e+04
1.004000000000000000e+03 1.113900000000000000e+04
1.084000000000000000e+03 1.113975000000000000e+04
8.920000000000000000e+02 1.114030000000000109e+04
1.148000000000000000e+03 1.114300000000000000e+04
1.020000000000000000e+03 1.114575000000000000e+04
1.060000000000000000e+03 1.114585000000000036e+04
1.052000000000000000e+03 1.114920000000000073e+04
1.108000000000000000e+03 1.115070000000000073e+04
9.800000000000000000e+02 1.115314999999999964e+04
1.124000000000000000e+03 1.115470000000000073e+04
8.120000000000000000e+02 1.115605000000000109e+04
8.760000000000000000e+02 1.115675000000000000e+04
9.320000000000000000e+02 1.115695000000000073e+04
1.156000000000000000e+03 1.116155000000000109e+04
8.440000000000000000e+02 1.116195000000000073e+04
1.180000000000000000e+03 1.116210000000000036e+04
1.012000000000000000e+03 1.116220000000000073e+04
1.044000000000000000e+03 1.116280000000000109e+04
1.076000000000000000e+03 1.116645000000000073e+04
9.400000000000000000e+02 1.116770000000000073e+04
1.068000000000000000e+03 1.116830000000000109e+04
9.480000000000000000e+02 1.116845000000000073e+04
8.280000000000000000e+02 1.116920000000000073e+04
8.600000000000000000e+02 1.116914999999999964e+04
9.560000000000000000e+02 1.116989999999999964e+04
9.000000000000000000e+02 1.117170000000000073e+04
9.240000000000000000e+02 1.117310000000000036e+04
9.640000000000000000e+02 1.117364999999999964e+04
1.196000000000000000e+03 1.117605000000000109e+04
9.880000000000000000e+02 1.117839999999999964e+04
9.080000000000000000e+02 1.117960000000000036e+04
1.132000000000000000e+03 1.118114999999999964e+04
1.140000000000000000e+03 1.118330000000000109e+04
9.960000000000000000e+02 1.118355000000000109e+04
1.020000000000000000e+03 1.118580000000000109e+04
9.720000000000000000e+02 1.118700000000000000e+04
8.920000000000000000e+02 1.118710000000000036e+04
8.520000000000000000e+02 1.118975000000000000e+04
8.200000000000000000e+02 1.119610000000000036e+04
8.360000000000000000e+02 1.119670000000000073e+04
1.188000000000000000e+03 1.119764999999999964e+04
1.116000000000000000e+03 1.119825000000000000e+04
9.160000000000000000e+02 1.120125000000000000e+04
1.148000000000000000e+03 1.120260000000000036e+04
8.680000000000000000e+02 1.120495000000000073e+04
8.600000000000000000e+02 1.120535000000000036e+04
1.076000000000000000e+03 1.120535000000000036e+04
1.084000000000000000e+03 1.121039999999999964e+04
8.840000000000000000e+02 1.121150000000000000e+04
9.240000000000000000e+02 1.121389999999999964e+04
1.068000000000000000e+03 1.121480000000000109e+04
1.060000000000000000e+03 1.121500000000000000e+04
1.196000000000000000e+03 1.121520000000000073e+04
1.004000000000000000e+03 1.121580000000000109e+04
8.760000000000000000e+02 1.121625000000000000e+04
1.044000000000000000e+03 1.121814999999999964e+04
8.920000000000000000e+02 1.122255000000000109e+04
1.124000000000000000e+03 1.122325000000000000e+04
1.100000000000000000e+03 1.122375000000000000e+04
9.880000000000000000e+02 1.122525000000000000e+04
1.012000000000000000e+03 1.122700000000000000e+04
1.172000000000000000e+03 1.122935000000000036e+04
1.116000000000000000e+03 1.122964999999999964e+04
8.040000000000000000e+02 1.123175000000000000e+04
1.092000000000000000e+03 1.123195000000000073e+04
9.640000000000000000e+02 1.123295000000000073e+04
1.188000000000000000e+03 1.123630000000000109e+04
1.036000000000000000e+03 1.124220000000000073e+04
8.200000000000000000e+02 1.124395000000000073e+04
9.320000000000000000e+02 1.124405000000000109e+04
9.560000000000000000e+02 1.124410000000000036e+04
1.164000000000000000e+03 1.124435000000000036e+04
1.196000000000000000e+03 1.124435000000000036e+04
9.720000000000000000e+02 1.124475000000000000e+04
9.080000000000000000e+02 1.124520000000000073e+04
1.084000000000000000e+03 1.125005000000000109e+04
1.148000000000000000e+03 1.125045000000000073e+04
1.020000000000000000e+03 1.125535000000000036e+04
9.240000000000000000e+02 1.125735000000000036e+04
8.440000000000000000e+02 1.125814999999999964e+04
9.960000000000000000e+02 1.125825000000000000e+04
8.840000000000000000e+02 1.126160000000000036e+04
1.140000000000000000e+03 1.126600000000000000e+04
8.520000000000000000e+02 1.126620000000000073e+04
1.004000000000000000e+03 1.126680000000000109e+04
1.092000000000000000e+03 1.126705000000000109e+04
1.100000000000000000e+03 1.126714999999999964e+04
1.156000000000000000e+03 1.126814999999999964e+04
1.132000000000000000e+03 1.126839999999999964e+04
1.028000000000000000e+03 1.126875000000000000e+04
1.172000000000000000e+03 1.127280000000000109e+04
1.044000000000000000e+03 1.127414999999999964e+04
9.720000000000000000e+02 1.127650000000000000e+04
1.116000000000000000e+03 1.128025000000000000e+04
9.400000000000000000e+02 1.128050000000000000e+04
8.760000000000000000e+02 1.128295000000000073e+04
8.040000000000000000e+02 1.128670000000000073e+04
8.280000000000000000e+02 1.128800000000000000e+04
9.080000000000000000e+02 1.128845000000000073e+04
1.060000000000000000e+03 1.128885000000000036e+04
1.124000000000000000e+03 1.129220000000000073e+04
9.240000000000000000e+02 1.129370000000000073e+04
9.320000000000000000e+02 1.129364999999999964e+04
1.036000000000000000e+03 1.129410000000000036e+04
9.560000000000000000e+02 1.129625000000000000e+04
8.520000000000000000e+02 1.130020000000000073e+04
1.140000000000000000e+03 1.130025000000000000e+04
9.880000000000000000e+02 1.130155000000000109e+04
9.640000000000000000e+02 1.130295000000000073e+04
1.068000000000000000e+03 1.130755000000000109e+04
1.156000000000000000e+03 1.130860000000000036e+04
8.120000000000000000e+02 1.130980000000000109e+04
9.960000000000000000e+02 1.131130000000000109e+04
8.360000000000000000e+02 1.131170000000000073e+04
1.092000000000000000e+03 1.131664999999999964e+04
8.600000000000000000e+02 1.131795000000000073e+04
8.920000000000000000e+02 1.132110000000000036e+04
1.148000000000000000e+03 1.132185000000000036e+04
1.076000000000000000e+03 1.132270000000000073e+04
8.440000000000000000e+02 1.132410000000000036e+04
1.116000000000000000e+03 1.132464999999999964e+04
1.124000000000000000e+03 1.132514999999999964e+04
1.108000000000000000e+03 1.132720000000000073e+04
1.180000000000000000e+03 1.132910000000000036e+04
1.012000000000000000e+03 1.133030000000000109e+04
1.196000000000000000e+03 1.133225000000000000e+04
8.200000000000000000e+02 1.133239999999999964e+04
9.400000000000000000e+02 1.133625000000000000e+04
1.004000000000000000e+03 1.133725000000000000e+04
8.680000000000000000e+02 1.133980000000000109e+04
1.164000000000000000e+03 1.134114999999999964e+04
1.076000000000000000e+03 1.134325000000000000e+04
1.100000000000000000e+03 1.134364999999999964e+04
9.880000000000000000e+02 1.134505000000000109e+04
9.800000000000000000e+02 1.134700000000000000e+04
9.320000000000000000e+02 1.134850000000000000e+04
9.000000000000000000e+02 1.135050000000000000e+04
8.360000000000000000e+02 1.135080000000000109e+04
8.040000000000000000e+02 1.135439999999999964e+04
1.068000000000000000e+03 1.135850000000000000e+04
9.640000000000000000e+02 1.135889999999999964e+04
9.720000000000000000e+02 1.135989999999999964e+04
8.120000000000000000e+02 1.136105000000000109e+04
1.012000000000000000e+03 1.136485000000000036e+04
1.028000000000000000e+03 1.136525000000000000e+04
1.084000000000000000e+03 1.136625000000000000e+04
8.200000000000000000e+02 1.136705000000000109e+04
1.140000000000000000e+03 1.136760000000000036e+04
9.080000000000000000e+02 1.137010000000000036e+04
1.060000000000000000e+03 1.137085000000000036e+04
1.052000000000000000e+03 1.137095000000000073e+04
8.600000000000000000e+02 1.137160000000000036e+04
9.560000000000000000e+02 1.137230000000000109e+04
1.044000000000000000e+03 1.137300000000000000e+04
1.116000000000000000e+03 1.137425000000000000e+04
8.920000000000000000e+02 1.137475000000000000e+04
1.132000000000000000e+03 1.138130000000000109e+04
1.164000000000000000e+03 1.138660000000000036e+04
8.360000000000000000e+02 1.139000000000000000e+04
1.020000000000000000e+03 1.139125000000000000e+04
9.320000000000000000e+02 1.139545000000000073e+04
1.076000000000000000e+03 1.139545000000000073e+04
8.760000000000000000e+02 1.139555000000000109e+04
9.240000000000000000e+02 1.139564999999999964e+04
9.800000000000000000e+02 1.139689999999999964e+04
1.028000000000000000e+03 1.139960000000000036e+04
8.600000000000000000e+02 1.140125000000000000e+04
9.000000000000000000e+02 1.140185000000000036e+04
1.092000000000000000e+03 1.140280000000000109e+04
8.120000000000000000e+02 1.141320000000000073e+04
9.960000000000000000e+02 1.141360000000000036e+04
8.680000000000000000e+02 1.141389999999999964e+04
1.148000000000000000e+03 1.141535000000000036e+04
1.004000000000000000e+03 1.141560000000000036e+04
1.044000000000000000e+03 1.141575000000000000e+04
1.036000000000000000e+03 1.141614999999999964e+04
1.068000000000000000e+03 1.141680000000000109e+04
1.116000000000000000e+03 1.141675000000000000e+04
9.160000000000000000e+02 1.141705000000000109e+04
8.440000000000000000e+02 1.142164999999999964e+04
1.132000000000000000e+03 1.142200000000000000e+04
1.196000000000000000e+03 1.142330000000000109e+04
1.012000000000000000e+03 1.142339999999999964e+04
9.640000000000000000e+02 1.142795000000000073e+04
8.040000000000000000e+02 1.142860000000000036e+04
9.080000000000000000e+02 1.142910000000000036e+04
8.920000000000000000e+02 1.142939999999999964e+04
9.800000000000000000e+02 1.143030000000000109e+04
8.360000000000000000e+02 1.143620000000000073e+04
9.880000000000000000e+02 1.143720000000000073e+04
1.076000000000000000e+03 1.143760000000000036e+04
9.400000000000000000e+02 1.143880000000000109e+04
9.560000000000000000e+02 1.143980000000000109e+04
1.156000000000000000e+03 1.144110000000000036e+04
1.028000000000000000e+03 1.144175000000000000e+04
1.124000000000000000e+03 1.144489999999999964e+04
8.200000000000000000e+02 1.144520000000000073e+04
1.100000000000000000e+03 1.144564999999999964e+04
8.600000000000000000e+02 1.144825000000000000e+04
8.680000000000000000e+02 1.144889999999999964e+04
8.840000000000000000e+02 1.145085000000000036e+04
9.720000000000000000e+02 1.145210000000000036e+04
1.116000000000000000e+03 1.145335000000000036e+04
9.320000000000000000e+02 1.146214999999999964e+04
1.092000000000000000e+03 1.146214999999999964e+04
1.044000000000000000e+03 1.146295000000000073e+04
8.760000000000000000e+02 1.146314999999999964e+04
1.180000000000000000e+03 1.146339999999999964e+04
1.012000000000000000e+03 1.146545000000000073e+04
8.520000000000000000e+02 1.146570000000000073e+04
9.960000000000000000e+02 1.146575000000000000e+04
9.640000000000000000e+02 1.147135000000000036e+04
8.920000000000000000e+02 1.147289999999999964e+04
1.132000000000000000e+03 1.147450000000000000e+04
9.000000000000000000e+02 1.147535000000000036e+04
8.120000000000000000e+02 1.147589999999999964e+04
1.140000000000000000e+03 1.147680000000000109e+04
1.060000000000000000e+03 1.147900000000000000e+04
8.360000000000000000e+02 1.148264999999999964e+04
1.068000000000000000e+03 1.148280000000000109e+04
9.160000000000000000e+02 1.148420000000000073e+04
8.440000000000000000e+02 1.148645000000000073e+04
1.148000000000000000e+03 1.148875000000000000e+04
9.080000000000000000e+02 1.148950000000000000e+04
1.028000000000000000e+03 1.148980000000000109e+04
1.172000000000000000e+03 1.149745000000000073e+04
1.052000000000000000e+03 1.149814999999999964e+04
9.560000000000000000e+02 1.149875000000000000e+04
1.044000000000000000e+03 1.149905000000000109e+04
8.600000000000000000e+02 1.150110000000000036e+04
9.400000000000000000e+02 1.150135000000000036e+04
1.180000000000000000e+03 1.150385000000000036e+04
1.188000000000000000e+03 1.150485000000000036e+04
9.800000000000000000e+02 1.150870000000000073e+04
8.840000000000000000e+02 1.150875000000000000e+04
8.760000000000000000e+02 1.150939999999999964e+04
1.084000000000000000e+03 1.150964999999999964e+04
1.092000000000000000e+03 1.151110000000000036e+04
1.020000000000000000e+03 1.151280000000000109e+04
8.120000000000000000e+02 1.151300000000000000e+04
1.012000000000000000e+03 1.152064999999999964e+04
1.108000000000000000e+03 1.152105000000000109e+04
1.164000000000000000e+03 1.152425000000000000e+04
8.040000000000000000e+02 1.152639999999999964e+04
9.480000000000000000e+02 1.152939999999999964e+04
9.400000000000000000e+02 1.152945000000000073e+04
9.000000000000000000e+02 1.153170000000000073e+04
8.200000000000000000e+02 1.153650000000000000e+04
8.600000000000000000e+02 1.153710000000000036e+04
1.172000000000000000e+03 1.153839999999999964e+04
1.052000000000000000e+03 1.154070000000000073e+04
8.360000000000000000e+02 1.154175000000000000e+04
9.240000000000000000e+02 1.154755000000000109e+04
1.116000000000000000e+03 1.154814999999999964e+04
1.020000000000000000e+03 1.155075000000000000e+04
1.036000000000000000e+03 1.155245000000000073e+04
1.140000000000000000e+03 1.155350000000000000e+04
1.188000000000000000e+03 1.155370000000000073e+04
1.196000000000000000e+03 1.155370000000000073e+04
1.028000000000000000e+03 1.155460000000000036e+04
1.148000000000000000e+03 1.155600000000000000e+04
8.920000000000000000e+02 1.155635000000000036e+04
9.880000000000000000e+02 1.156350000000000000e+04
8.840000000000000000e+02 1.156939999999999964e+04
1.004000000000000000e+03 1.156995000000000073e+04
9.080000000000000000e+02 1.157030000000000109e+04
8.680000000000000000e+02 1.157139999999999964e+04
8.440000000000000000e+02 1.157164999999999964e+04
8.600000000000000000e+02 1.157210000000000036e+04
9.320000000000000000e+02 1.157330000000000109e+04
8.040000000000000000e+02 1.157339999999999964e+04
9.800000000000000000e+02 1.157439999999999964e+04
1.044000000000000000e+03 1.157514999999999964e+04
9.400000000000000000e+02 1.157870000000000073e+04
1.060000000000000000e+03 1.157885000000000036e+04
9.960000000000000000e+02 1.157925000000000000e+04
8.760000000000000000e+02 1.158064999999999964e+04
9.240000000000000000e+02 1.158239999999999964e+04
1.180000000000000000e+03 1.158285000000000036e+04
1.108000000000000000e+03 1.158405000000000109e+04
1.092000000000000000e+03 1.158785000000000036e+04
1.020000000000000000e+03 1.158995000000000073e+04
9.160000000000000000e+02 1.159010000000000036e+04
9.000000000000000000e+02 1.159255000000000109e+04
1.012000000000000000e+03 1.159300000000000000e+04
1.068000000000000000e+03 1.159325000000000000e+04
1.036000000000000000e+03 1.159339999999999964e+04
1.188000000000000000e+03 1.159805000000000109e+04
1.140000000000000000e+03 1.159925000000000000e+04
9.080000000000000000e+02 1.159970000000000073e+04
1.084000000000000000e+03 1.159964999999999964e+04
9.640000000000000000e+02 1.160085000000000036e+04
1.124000000000000000e+03 1.160100000000000000e+04
8.440000000000000000e+02 1.160889999999999964e+04
8.520000000000000000e+02 1.160895000000000073e+04
1.172000000000000000e+03 1.161089999999999964e+04
9.800000000000000000e+02 1.161330000000000109e+04
1.156000000000000000e+03 1.161389999999999964e+04
1.076000000000000000e+03 1.161530000000000109e+04
1.164000000000000000e+03 1.161630000000000109e+04
1.044000000000000000e+03 1.161775000000000000e+04
8.840000000000000000e+02 1.161805000000000109e+04
9.400000000000000000e+02 1.161860000000000036e+04
9.880000000000000000e+02 1.161950000000000000e+04
1.092000000000000000e+03 1.161980000000000109e+04
1.180000000000000000e+03 1.161989999999999964e+04
9.240000000000000000e+02 1.162114999999999964e+04
1.004000000000000000e+03 1.162595000000000073e+04
1.132000000000000000e+03 1.162620000000000073e+04
9.320000000000000000e+02 1.162655000000000109e+04
8.680000000000000000e+02 1.162889999999999964e+04
1.028000000000000000e+03 1.163000000000000000e+04
9.720000000000000000e+02 1.163155000000000109e+04
1.116000000000000000e+03 1.163155000000000109e+04
1.068000000000000000e+03 1.163545000000000073e+04
8.600000000000000000e+02 1.163660000000000036e+04
9.560000000000000000e+02 1.164060000000000036e+04
1.076000000000000000e+03 1.164155000000000109e+04
8.040000000000000000e+02 1.164330000000000109e+04
1.148000000000000000e+03 1.164570000000000073e+04
8.760000000000000000e+02 1.164600000000000000e+04
8.200000000000000000e+02 1.164730000000000109e+04
9.080000000000000000e+02 1.165005000000000109e+04
1.188000000000000000e+03 1.165135000000000036e+04
1.156000000000000000e+03 1.165310000000000036e+04
1.124000000000000000e+03 1.165400000000000000e+04
8.920000000000000000e+02 1.165905000000000109e+04
1.100000000000000000e+03 1.165935000000000036e+04
9.640000000000000000e+02 1.165960000000000036e+04
1.108000000000000000e+03 1.166045000000000073e+04
8.360000000000000000e+02 1.166095000000000073e+04
8.600000000000000000e+02 1.166325000000000000e+04
9.800000000000000000e+02 1.166455000000000109e+04
1.180000000000000000e+03 1.166480000000000109e+04
1.084000000000000000e+03 1.166485000000000036e+04
1.196000000000000000e+03 1.166625000000000000e+04
1.020000000000000000e+03 1.166650000000000000e+04
8.280000000000000000e+02 1.166755000000000109e+04
9.240000000000000000e+02 1.166985000000000036e+04
1.092000000000000000e+03 1.167135000000000036e+04
8.520000000000000000e+02 1.167280000000000109e+04
1.140000000000000000e+03 1.167425000000000000e+04
9.480000000000000000e+02 1.167705000000000109e+04
9.720000000000000000e+02 1.167850000000000000e+04
9.400000000000000000e+02 1.168135000000000036e+04
1.076000000000000000e+03 1.168614999999999964e+04
1.100000000000000000e+03 1.169045000000000073e+04
8.760000000000000000e+02 1.169075000000000000e+04
9.160000000000000000e+02 1.169300000000000000e+04
8.680000000000000000e+02 1.169770000000000073e+04
1.004000000000000000e+03 1.170114999999999964e+04
1.052000000000000000e+03 1.170150000000000000e+04
8.040000000000000000e+02 1.170230000000000109e+04
1.148000000000000000e+03 1.170225000000000000e+04
9.960000000000000000e+02 1.170235000000000036e+04
1.012000000000000000e+03 1.170300000000000000e+04
1.092000000000000000e+03 1.170310000000000036e+04
1.068000000000000000e+03 1.170445000000000073e+04
9.880000000000000000e+02 1.170470000000000073e+04
1.132000000000000000e+03 1.170485000000000036e+04
9.640000000000000000e+02 1.170985000000000036e+04
9.320000000000000000e+02 1.171020000000000073e+04
1.084000000000000000e+03 1.171800000000000000e+04
1.164000000000000000e+03 1.171860000000000036e+04
1.076000000000000000e+03 1.171920000000000073e+04
9.000000000000000000e+02 1.171975000000000000e+04
8.200000000000000000e+02 1.172105000000000109e+04
9.720000000000000000e+02 1.172125000000000000e+04
1.124000000000000000e+03 1.172150000000000000e+04
1.108000000000000000e+03 1.172375000000000000e+04
8.840000000000000000e+02 1.172670000000000073e+04
9.800000000000000000e+02 1.172785000000000036e+04
9.080000000000000000e+02 1.172914999999999964e+04
1.180000000000000000e+03 1.172975000000000000e+04
8.360000000000000000e+02 1.173045000000000073e+04
8.280000000000000000e+02 1.173200000000000000e+04
1.196000000000000000e+03 1.173595000000000073e+04
9.560000000000000000e+02 1.173964999999999964e+04
8.760000000000000000e+02 1.174125000000000000e+04
1.116000000000000000e+03 1.174235000000000036e+04
1.020000000000000000e+03 1.174275000000000000e+04
1.044000000000000000e+03 1.174400000000000000e+04
9.960000000000000000e+02 1.174950000000000000e+04
9.320000000000000000e+02 1.175170000000000073e+04
9.000000000000000000e+02 1.175314999999999964e+04
1.148000000000000000e+03 1.175330000000000109e+04
8.920000000000000000e+02 1.175495000000000073e+04
9.800000000000000000e+02 1.175600000000000000e+04
8.600000000000000000e+02 1.175650000000000000e+04
1.092000000000000000e+03 1.175685000000000036e+04
1.052000000000000000e+03 1.175939999999999964e+04
9.400000000000000000e+02 1.176110000000000036e+04
8.360000000000000000e+02 1.176130000000000109e+04
9.240000000000000000e+02 1.176200000000000000e+04
8.040000000000000000e+02 1.176325000000000000e+04
1.004000000000000000e+03 1.176589999999999964e+04
1.108000000000000000e+03 1.176670000000000073e+04
8.760000000000000000e+02 1.176760000000000036e+04
8.120000000000000000e+02 1.176770000000000073e+04
9.720000000000000000e+02 1.176835000000000036e+04
1.068000000000000000e+03 1.176970000000000073e+04
9.880000000000000000e+02 1.177110000000000036e+04
1.012000000000000000e+03 1.177175000000000000e+04
1.172000000000000000e+03 1.177264999999999964e+04
1.132000000000000000e+03 1.177480000000000109e+04
8.520000000000000000e+02 1.177800000000000000e+04
1.124000000000000000e+03 1.177805000000000109e+04
9.000000000000000000e+02 1.177814999999999964e+04
1.076000000000000000e+03 1.177820000000000073e+04
1.092000000000000000e+03 1.178255000000000109e+04
1.100000000000000000e+03 1.178639999999999964e+04
1.020000000000000000e+03 1.178645000000000073e+04
9.640000000000000000e+02 1.178805000000000109e+04
9.320000000000000000e+02 1.179320000000000073e+04
1.044000000000000000e+03 1.179320000000000073e+04
8.280000000000000000e+02 1.179375000000000000e+04
8.920000000000000000e+02 1.179525000000000000e+04
1.156000000000000000e+03 1.179539999999999964e+04
1.068000000000000000e+03 1.179589999999999964e+04
1.084000000000000000e+03 1.179955000000000109e+04
8.120000000000000000e+02 1.180110000000000036e+04
9.960000000000000000e+02 1.180125000000000000e+04
8.360000000000000000e+02 1.180160000000000036e+04
9.720000000000000000e+02 1.180205000000000109e+04
1.140000000000000000e+03 1.180570000000000073e+04
9.480000000000000000e+02 1.180795000000000073e+04
8.600000000000000000e+02 1.181410000000000036e+04
9.800000000000000000e+02 1.181445000000000073e+04
9.400000000000000000e+02 1.181520000000000073e+04
1.148000000000000000e+03 1.181635000000000036e+04
1.004000000000000000e+03 1.182139999999999964e+04
1.028000000000000000e+03 1.182250000000000000e+04
9.080000000000000000e+02 1.182260000000000036e+04
1.116000000000000000e+03 1.182445000000000073e+04
1.100000000000000000e+03 1.182485000000000036e+04
8.520000000000000000e+02 1.182605000000000109e+04
1.180000000000000000e+03 1.182810000000000036e+04
1.020000000000000000e+03 1.183264999999999964e+04
9.880000000000000000e+02 1.183514999999999964e+04
9.240000000000000000e+02 1.183585000000000036e+04
8.440000000000000000e+02 1.183635000000000036e+04
9.320000000000000000e+02 1.183764999999999964e+04
8.760000000000000000e+02 1.183935000000000036e+04
1.092000000000000000e+03 1.184270000000000073e+04
8.120000000000000000e+02 1.184345000000000073e+04
9.080000000000000000e+02 1.184975000000000000e+04
1.012000000000000000e+03 1.185100000000000000e+04
8.840000000000000000e+02 1.185135000000000036e+04
1.060000000000000000e+03 1.185230000000000109e+04
9.160000000000000000e+02 1.185260000000000036e+04
1.140000000000000000e+03 1.185305000000000109e+04
1.004000000000000000e+03 1.185355000000000109e+04
9.000000000000000000e+02 1.185364999999999964e+04
9.400000000000000000e+02 1.185575000000000000e+04
1.084000000000000000e+03 1.185600000000000000e+04
1.068000000000000000e+03 1.185960000000000036e+04
9.480000000000000000e+02 1.186020000000000073e+04
1.044000000000000000e+03 1.186100000000000000e+04
9.560000000000000000e+02 1.186114999999999964e+04
1.172000000000000000e+03 1.186145000000000073e+04
8.920000000000000000e+02 1.186175000000000000e+04
1.076000000000000000e+03 1.186505000000000109e+04
8.200000000000000000e+02 1.186664999999999964e+04
1.124000000000000000e+03 1.186705000000000109e+04
8.040000000000000000e+02 1.186789999999999964e+04
9.640000000000000000e+02 1.186800000000000000e+04
8.280000000000000000e+02 1.187110000000000036e+04
1.132000000000000000e+03 1.187270000000000073e+04
8.600000000000000000e+02 1.187330000000000109e+04
1.052000000000000000e+03 1.187475000000000000e+04
9.240000000000000000e+02 1.187780000000000109e+04
1.092000000000000000e+03 1.187875000000000000e+04
1.020000000000000000e+03 1.187985000000000036e+04
9.720000000000000000e+02 1.188164999999999964e+04
1.164000000000000000e+03 1.188364999999999964e+04
1.188000000000000000e+03 1.189200000000000000e+04
1.036000000000000000e+03 1.189320000000000073e+04
9.160000000000000000e+02 1.189430000000000109e+04
1.068000000000000000e+03 1.189630000000000109e+04
9.880000000000000000e+02 1.189814999999999964e+04
1.100000000000000000e+03 1.189910000000000036e+04
1.180000000000000000e+03 1.189985000000000036e+04
8.120000000000000000e+02 1.190114999999999964e+04
1.140000000000000000e+03 1.190135000000000036e+04
1.132000000000000000e+03 1.190364999999999964e+04
8.600000000000000000e+02 1.190820000000000073e+04
9.960000000000000000e+02 1.190920000000000073e+04
1.076000000000000000e+03 1.191325000000000000e+04
9.240000000000000000e+02 1.191430000000000109e+04
9.080000000000000000e+02 1.191525000000000000e+04
9.400000000000000000e+02 1.191595000000000073e+04
8.520000000000000000e+02 1.191635000000000036e+04
8.680000000000000000e+02 1.191664999999999964e+04
1.060000000000000000e+03 1.192080000000000109e+04
9.720000000000000000e+02 1.192770000000000073e+04
8.360000000000000000e+02 1.192795000000000073e+04
1.044000000000000000e+03 1.192850000000000000e+04
8.920000000000000000e+02 1.192895000000000073e+04
1.020000000000000000e+03 1.192900000000000000e+04
8.840000000000000000e+02 1.192920000000000073e+04
1.188000000000000000e+03 1.193030000000000109e+04
8.200000000000000000e+02 1.193460000000000036e+04
9.160000000000000000e+02 1.193695000000000073e+04
1.004000000000000000e+03 1.193795000000000073e+04
1.124000000000000000e+03 1.193830000000000109e+04
1.172000000000000000e+03 1.193964999999999964e+04
1.156000000000000000e+03 1.194260000000000036e+04
8.040000000000000000e+02 1.194495000000000073e+04
1.012000000000000000e+03 1.194514999999999964e+04
1.068000000000000000e+03 1.194664999999999964e+04
9.480000000000000000e+02 1.194714999999999964e+04
1.164000000000000000e+03 1.194900000000000000e+04
8.600000000000000000e+02 1.194955000000000109e+04
1.116000000000000000e+03 1.194955000000000109e+04
1.076000000000000000e+03 1.195850000000000000e+04
9.080000000000000000e+02 1.196070000000000073e+04
1.148000000000000000e+03 1.196145000000000073e+04
1.036000000000000000e+03 1.196745000000000073e+04
8.120000000000000000e+02 1.196795000000000073e+04
1.084000000000000000e+03 1.196910000000000036e+04
1.180000000000000000e+03 1.196995000000000073e+04
1.124000000000000000e+03 1.197310000000000036e+04
8.840000000000000000e+02 1.197314999999999964e+04
8.200000000000000000e+02 1.197360000000000036e+04
8.440000000000000000e+02 1.197395000000000073e+04
9.400000000000000000e+02 1.197395000000000073e+04
1.140000000000000000e+03 1.197735000000000036e+04
1.020000000000000000e+03 1.197864999999999964e+04
9.560000000000000000e+02 1.197889999999999964e+04
9.960000000000000000e+02 1.197964999999999964e+04
9.160000000000000000e+02 1.198000000000000000e+04
9.240000000000000000e+02 1.197995000000000073e+04
9.320000000000000000e+02 1.198010000000000036e+04
8.920000000000000000e+02 1.198020000000000073e+04
9.000000000000000000e+02 1.198039999999999964e+04
1.100000000000000000e+03 1.198060000000000036e+04
1.068000000000000000e+03 1.198085000000000036e+04
1.052000000000000000e+03 1.198170000000000073e+04
8.040000000000000000e+02 1.198185000000000036e+04
1.188000000000000000e+03 1.198589999999999964e+04
8.520000000000000000e+02 1.198680000000000109e+04
1.028000000000000000e+03 1.198680000000000109e+04
9.640000000000000000e+02 1.199070000000000073e+04
1.164000000000000000e+03 1.199100000000000000e+04
8.280000000000000000e+02 1.199185000000000036e+04
8.680000000000000000e+02 1.199330000000000109e+04
9.880000000000000000e+02 1.199580000000000109e+04
8.360000000000000000e+02 1.199895000000000073e+04
9.800000000000000000e+02 1.200020000000000073e+04
8.600000000000000000e+02 1.200410000000000036e+04
1.012000000000000000e+03 1.200480000000000109e+04
1.108000000000000000e+03 1.200514999999999964e+04
1.180000000000000000e+03 1.200720000000000073e+04
9.400000000000000000e+02 1.200900000000000000e+04
1.020000000000000000e+03 1.200960000000000036e+04
1.156000000000000000e+03 1.201239999999999964e+04
9.080000000000000000e+02 1.201320000000000073e+04
1.116000000000000000e+03 1.201325000000000000e+04
1.132000000000000000e+03 1.201660000000000036e+04
8.920000000000000000e+02 1.202005000000000109e+04
9.960000000000000000e+02 1.202014999999999964e+04
1.044000000000000000e+03 1.202050000000000000e+04
8.840000000000000000e+02 1.202085000000000036e+04
8.760000000000000000e+02 1.202160000000000036e+04
1.092000000000000000e+03 1.202214999999999964e+04
1.172000000000000000e+03 1.202320000000000073e+04
8.120000000000000000e+02 1.202414999999999964e+04
9.640000000000000000e+02 1.202800000000000000e+04
8.200000000000000000e+02 1.202830000000000109e+04
9.240000000000000000e+02 1.202839999999999964e+04
1.076000000000000000e+03 1.202910000000000036e+04
9.320000000000000000e+02 1.202989999999999964e+04
1.084000000000000000e+03 1.203214999999999964e+04
1.052000000000000000e+03 1.203250000000000000e+04
1.068000000000000000e+03 1.203845000000000073e+04
1.148000000000000000e+03 1.203964999999999964e+04
9.160000000000000000e+02 1.204345000000000073e+04
1.124000000000000000e+03 1.204389999999999964e+04
1.164000000000000000e+03 1.205310000000000036e+04
9.800000000000000000e+02 1.205339999999999964e+04
9.720000000000000000e+02 1.205610000000000036e+04
1.188000000000000000e+03 1.205770000000000073e+04
1.180000000000000000e+03 1.205935000000000036e+04
1.076000000000000000e+03 1.206170000000000073e+04
9.080000000000000000e+02 1.206220000000000073e+04
1.020000000000000000e+03 1.206214999999999964e+04
8.840000000000000000e+02 1.206225000000000000e+04
9.560000000000000000e+02 1.206285000000000036e+04
1.092000000000000000e+03 1.206435000000000036e+04
8.040000000000000000e+02 1.206750000000000000e+04
1.044000000000000000e+03 1.206760000000000036e+04
8.360000000000000000e+02 1.206764999999999964e+04
1.116000000000000000e+03 1.206775000000000000e+04
1.156000000000000000e+03 1.206845000000000073e+04
9.000000000000000000e+02 1.206885000000000036e+04
8.280000000000000000e+02 1.206914999999999964e+04
1.108000000000000000e+03 1.207635000000000036e+04
8.200000000000000000e+02 1.207660000000000036e+04
8.600000000000000000e+02 1.207739999999999964e+04
1.004000000000000000e+03 1.207789999999999964e+04
8.680000000000000000e+02 1.207855000000000109e+04
8.520000000000000000e+02 1.207864999999999964e+04
1.028000000000000000e+03 1.207880000000000109e+04
9.640000000000000000e+02 1.207905000000000109e+04
9.880000000000000000e+02 1.207955000000000109e+04
9.400000000000000000e+02 1.208005000000000109e+04
9.160000000000000000e+02 1.208335000000000036e+04
9.800000000000000000e+02 1.208380000000000109e+04
1.060000000000000000e+03 1.208489999999999964e+04
8.760000000000000000e+02 1.208595000000000073e+04
1.100000000000000000e+03 1.209089999999999964e+04
1.148000000000000000e+03 1.209095000000000073e+04
9.480000000000000000e+02 1.209770000000000073e+04
1.196000000000000000e+03 1.209770000000000073e+04
1.092000000000000000e+03 1.209895000000000073e+04
1.012000000000000000e+03 1.209985000000000036e+04
1.124000000000000000e+03 1.210210000000000036e+04
1.036000000000000000e+03 1.210295000000000073e+04
1.132000000000000000e+03 1.210495000000000073e+04
9.240000000000000000e+02 1.210530000000000109e+04
1.020000000000000000e+03 1.210700000000000000e+04
9.960000000000000000e+02 1.210750000000000000e+04
8.120000000000000000e+02 1.210850000000000000e+04
1.140000000000000000e+03 1.210895000000000073e+04
1.108000000000000000e+03 1.211420000000000073e+04
9.880000000000000000e+02 1.211435000000000036e+04
9.080000000000000000e+02 1.211510000000000036e+04
8.920000000000000000e+02 1.211555000000000109e+04
8.680000000000000000e+02 1.212110000000000036e+04
1.164000000000000000e+03 1.212180000000000109e+04
8.040000000000000000e+02 1.212189999999999964e+04
9.720000000000000000e+02 1.212195000000000073e+04
1.116000000000000000e+03 1.212195000000000073e+04
8.600000000000000000e+02 1.212239999999999964e+04
9.160000000000000000e+02 1.212280000000000109e+04
1.084000000000000000e+03 1.212300000000000000e+04
1.188000000000000000e+03 1.212664999999999964e+04
1.052000000000000000e+03 1.212710000000000036e+04
9.400000000000000000e+02 1.213325000000000000e+04
9.240000000000000000e+02 1.213350000000000000e+04
8.360000000000000000e+02 1.213375000000000000e+04
1.108000000000000000e+03 1.214255000000000109e+04
8.840000000000000000e+02 1.214380000000000109e+04
9.480000000000000000e+02 1.214460000000000036e+04
8.440000000000000000e+02 1.214489999999999964e+04
1.124000000000000000e+03 1.214500000000000000e+04
1.196000000000000000e+03 1.214545000000000073e+04
1.180000000000000000e+03 1.214739999999999964e+04
9.640000000000000000e+02 1.214935000000000036e+04
9.320000000000000000e+02 1.214964999999999964e+04
8.120000000000000000e+02 1.214989999999999964e+04
8.280000000000000000e+02 1.214989999999999964e+04
1.092000000000000000e+03 1.215045000000000073e+04
1.068000000000000000e+03 1.215070000000000073e+04
1.028000000000000000e+03 1.215089999999999964e+04
9.560000000000000000e+02 1.215150000000000000e+04
1.012000000000000000e+03 1.215410000000000036e+04
9.000000000000000000e+02 1.215725000000000000e+04
8.760000000000000000e+02 1.215960000000000036e+04
1.004000000000000000e+03 1.216035000000000036e+04
9.080000000000000000e+02 1.216439999999999964e+04
1.116000000000000000e+03 1.216455000000000109e+04
1.132000000000000000e+03 1.216760000000000036e+04
1.052000000000000000e+03 1.216910000000000036e+04
9.960000000000000000e+02 1.217195000000000073e+04
9.160000000000000000e+02 1.217325000000000000e+04
1.148000000000000000e+03 1.217355000000000109e+04
1.076000000000000000e+03 1.217489999999999964e+04
1.020000000000000000e+03 1.217789999999999964e+04
9.400000000000000000e+02 1.217795000000000073e+04
9.720000000000000000e+02 1.217860000000000036e+04
1.044000000000000000e+03 1.218150000000000000e+04
1.100000000000000000e+03 1.218225000000000000e+04
1.140000000000000000e+03 1.218255000000000109e+04
8.840000000000000000e+02 1.218264999999999964e+04
1.012000000000000000e+03 1.218330000000000109e+04
9.320000000000000000e+02 1.218489999999999964e+04
8.360000000000000000e+02 1.218595000000000073e+04
8.120000000000000000e+02 1.219035000000000036e+04
9.000000000000000000e+02 1.219385000000000036e+04
1.172000000000000000e+03 1.219420000000000073e+04
1.116000000000000000e+03 1.219480000000000109e+04
1.108000000000000000e+03 1.219800000000000000e+04
9.800000000000000000e+02 1.220010000000000036e+04
8.040000000000000000e+02 1.220075000000000000e+04
1.068000000000000000e+03 1.220105000000000109e+04
8.520000000000000000e+02 1.220160000000000036e+04
1.060000000000000000e+03 1.220175000000000000e+04
9.880000000000000000e+02 1.220275000000000000e+04
1.084000000000000000e+03 1.220464999999999964e+04
9.240000000000000000e+02 1.220510000000000036e+04
1.156000000000000000e+03 1.220714999999999964e+04
9.080000000000000000e+02 1.220730000000000109e+04
9.400000000000000000e+02 1.220785000000000036e+04
9.640000000000000000e+02 1.220910000000000036e+04
1.076000000000000000e+03 1.220945000000000073e+04
8.600000000000000000e+02 1.221200000000000000e+04
8.280000000000000000e+02 1.221410000000000036e+04
8.200000000000000000e+02 1.221925000000000000e+04
1.004000000000000000e+03 1.222114999999999964e+04
9.320000000000000000e+02 1.222139999999999964e+04
1.180000000000000000e+03 1.222520000000000073e+04
1.148000000000000000e+03 1.222614999999999964e+04
9.160000000000000000e+02 1.222630000000000109e+04
9.480000000000000000e+02 1.223180000000000109e+04
1.012000000000000000e+03 1.223314999999999964e+04
1.116000000000000000e+03 1.223330000000000109e+04
8.440000000000000000e+02 1.223360000000000036e+04
9.880000000000000000e+02 1.223475000000000000e+04
1.132000000000000000e+03 1.223535000000000036e+04
1.068000000000000000e+03 1.223550000000000000e+04
9.080000000000000000e+02 1.223580000000000109e+04
1.196000000000000000e+03 1.223695000000000073e+04
1.060000000000000000e+03 1.224060000000000036e+04
8.360000000000000000e+02 1.224210000000000036e+04
9.240000000000000000e+02 1.224430000000000109e+04
1.044000000000000000e+03 1.224450000000000000e+04
1.140000000000000000e+03 1.224700000000000000e+04
1.156000000000000000e+03 1.224830000000000109e+04
1.004000000000000000e+03 1.224860000000000036e+04
8.840000000000000000e+02 1.224989999999999964e+04
1.164000000000000000e+03 1.225135000000000036e+04
8.760000000000000000e+02 1.225155000000000109e+04
1.172000000000000000e+03 1.225230000000000109e+04
9.640000000000000000e+02 1.225470000000000073e+04
1.076000000000000000e+03 1.225489999999999964e+04
9.320000000000000000e+02 1.225555000000000109e+04
8.920000000000000000e+02 1.225885000000000036e+04
1.084000000000000000e+03 1.226064999999999964e+04
1.036000000000000000e+03 1.226475000000000000e+04
1.020000000000000000e+03 1.226545000000000073e+04
9.400000000000000000e+02 1.226635000000000036e+04
1.012000000000000000e+03 1.226939999999999964e+04
8.360000000000000000e+02 1.227070000000000073e+04
1.180000000000000000e+03 1.227114999999999964e+04
1.028000000000000000e+03 1.227145000000000073e+04
9.720000000000000000e+02 1.227255000000000109e+04
1.068000000000000000e+03 1.227255000000000109e+04
1.100000000000000000e+03 1.227355000000000109e+04
8.120000000000000000e+02 1.227385000000000036e+04
9.960000000000000000e+02 1.227650000000000000e+04
9.560000000000000000e+02 1.227685000000000036e+04
1.092000000000000000e+03 1.227770000000000073e+04
1.148000000000000000e+03 1.227780000000000109e+04
8.040000000000000000e+02 1.227805000000000109e+04
1.124000000000000000e+03 1.227850000000000000e+04
1.132000000000000000e+03 1.228195000000000073e+04
1.196000000000000000e+03 1.228264999999999964e+04
1.140000000000000000e+03 1.228475000000000000e+04
1.116000000000000000e+03 1.228545000000000073e+04
8.600000000000000000e+02 1.228630000000000109e+04
9.800000000000000000e+02 1.228860000000000036e+04
9.480000000000000000e+02 1.229155000000000109e+04
8.760000000000000000e+02 1.229495000000000073e+04
8.360000000000000000e+02 1.229700000000000000e+04
8.520000000000000000e+02 1.229820000000000073e+04
1.076000000000000000e+03 1.229885000000000036e+04
8.920000000000000000e+02 1.229900000000000000e+04
1.156000000000000000e+03 1.229895000000000073e+04
8.680000000000000000e+02 1.230000000000000000e+04
1.172000000000000000e+03 1.230045000000000073e+04
9.080000000000000000e+02 1.230105000000000109e+04
8.120000000000000000e+02 1.230639999999999964e+04
1.164000000000000000e+03 1.230760000000000036e+04
9.000000000000000000e+02 1.230820000000000073e+04
1.084000000000000000e+03 1.230835000000000036e+04
1.068000000000000000e+03 1.230875000000000000e+04
9.240000000000000000e+02 1.231175000000000000e+04
1.124000000000000000e+03 1.231289999999999964e+04
1.044000000000000000e+03 1.231875000000000000e+04
8.840000000000000000e+02 1.232085000000000036e+04
1.036000000000000000e+03 1.232135000000000036e+04
8.600000000000000000e+02 1.232164999999999964e+04
9.160000000000000000e+02 1.232225000000000000e+04
1.092000000000000000e+03 1.232250000000000000e+04
9.960000000000000000e+02 1.232960000000000036e+04
1.060000000000000000e+03 1.232989999999999964e+04
1.020000000000000000e+03 1.233025000000000000e+04
1.052000000000000000e+03 1.233385000000000036e+04
9.480000000000000000e+02 1.233614999999999964e+04
1.012000000000000000e+03 1.233630000000000109e+04
9.800000000000000000e+02 1.233939999999999964e+04
1.116000000000000000e+03 1.233970000000000073e+04
9.400000000000000000e+02 1.234085000000000036e+04
8.040000000000000000e+02 1.234095000000000073e+04
8.520000000000000000e+02 1.234270000000000073e+04
9.320000000000000000e+02 1.234414999999999964e+04
1.164000000000000000e+03 1.234439999999999964e+04
1.068000000000000000e+03 1.234595000000000073e+04
8.920000000000000000e+02 1.234614999999999964e+04
1.004000000000000000e+03 1.234680000000000109e+04
8.360000000000000000e+02 1.234725000000000000e+04
1.188000000000000000e+03 1.234785000000000036e+04
9.640000000000000000e+02 1.234955000000000109e+04
1.148000000000000000e+03 1.234975000000000000e+04
1.044000000000000000e+03 1.235270000000000073e+04
8.680000000000000000e+02 1.235635000000000036e+04
9.000000000000000000e+02 1.235639999999999964e+04
1.076000000000000000e+03 1.235689999999999964e+04
1.092000000000000000e+03 1.235695000000000073e+04
9.080000000000000000e+02 1.235820000000000073e+04
9.240000000000000000e+02 1.236089999999999964e+04
9.720000000000000000e+02 1.236235000000000036e+04
8.280000000000000000e+02 1.236335000000000036e+04
8.760000000000000000e+02 1.236360000000000036e+04
1.172000000000000000e+03 1.236505000000000109e+04
8.120000000000000000e+02 1.236770000000000073e+04
8.200000000000000000e+02 1.237070000000000073e+04
1.132000000000000000e+03 1.237145000000000073e+04
8.440000000000000000e+02 1.237214999999999964e+04
1.124000000000000000e+03 1.237289999999999964e+04
9.960000000000000000e+02 1.237300000000000000e+04
1.052000000000000000e+03 1.237375000000000000e+04
9.480000000000000000e+02 1.237670000000000073e+04
1.036000000000000000e+03 1.237680000000000109e+04
1.164000000000000000e+03 1.237764999999999964e+04
1.156000000000000000e+03 1.238535000000000036e+04
1.084000000000000000e+03 1.238595000000000073e+04
1.188000000000000000e+03 1.238695000000000073e+04
1.180000000000000000e+03 1.238714999999999964e+04
8.840000000000000000e+02 1.239155000000000109e+04
1.068000000000000000e+03 1.239260000000000036e+04
1.028000000000000000e+03 1.239330000000000109e+04
9.080000000000000000e+02 1.239339999999999964e+04
1.060000000000000000e+03 1.239414999999999964e+04
1.076000000000000000e+03 1.239614999999999964e+04
9.640000000000000000e+02 1.239839999999999964e+04
1.196000000000000000e+03 1.239880000000000109e+04
9.800000000000000000e+02 1.240189999999999964e+04
8.760000000000000000e+02 1.240270000000000073e+04
1.020000000000000000e+03 1.240539999999999964e+04
1.116000000000000000e+03 1.240735000000000036e+04
8.360000000000000000e+02 1.240750000000000000e+04
1.140000000000000000e+03 1.241010000000000036e+04
1.124000000000000000e+03 1.241064999999999964e+04
1.148000000000000000e+03 1.241114999999999964e+04
1.108000000000000000e+03 1.241160000000000036e+04
8.040000000000000000e+02 1.241205000000000109e+04
1.100000000000000000e+03 1.241225000000000000e+04
8.680000000000000000e+02 1.241314999999999964e+04
1.172000000000000000e+03 1.241375000000000000e+04
9.880000000000000000e+02 1.241400000000000000e+04
9.960000000000000000e+02 1.241889999999999964e+04
9.000000000000000000e+02 1.241895000000000073e+04
9.080000000000000000e+02 1.242014999999999964e+04
9.320000000000000000e+02 1.242375000000000000e+04
8.120000000000000000e+02 1.242480000000000109e+04
9.160000000000000000e+02 1.242510000000000036e+04
1.044000000000000000e+03 1.242989999999999964e+04
1.012000000000000000e+03 1.243035000000000036e+04
9.240000000000000000e+02 1.243225000000000000e+04
1.068000000000000000e+03 1.243280000000000109e+04
8.840000000000000000e+02 1.243389999999999964e+04
1.004000000000000000e+03 1.243470000000000073e+04
9.400000000000000000e+02 1.243495000000000073e+04
9.720000000000000000e+02 1.243725000000000000e+04
8.280000000000000000e+02 1.243795000000000073e+04
8.920000000000000000e+02 1.243814999999999964e+04
8.600000000000000000e+02 1.243900000000000000e+04
1.180000000000000000e+03 1.243910000000000036e+04
8.200000000000000000e+02 1.243955000000000109e+04
8.040000000000000000e+02 1.244000000000000000e+04
1.124000000000000000e+03 1.244025000000000000e+04
9.480000000000000000e+02 1.244060000000000036e+04
1.140000000000000000e+03 1.244695000000000073e+04
1.076000000000000000e+03 1.244735000000000036e+04
8.360000000000000000e+02 1.244900000000000000e+04
1.052000000000000000e+03 1.245100000000000000e+04
9.640000000000000000e+02 1.245285000000000036e+04
1.148000000000000000e+03 1.245350000000000000e+04
1.116000000000000000e+03 1.245400000000000000e+04
1.156000000000000000e+03 1.245839999999999964e+04
1.092000000000000000e+03 1.245935000000000036e+04
8.680000000000000000e+02 1.245955000000000109e+04
1.084000000000000000e+03 1.246070000000000073e+04
1.108000000000000000e+03 1.246114999999999964e+04
1.100000000000000000e+03 1.246835000000000036e+04
9.880000000000000000e+02 1.246900000000000000e+04
9.320000000000000000e+02 1.247020000000000073e+04
9.560000000000000000e+02 1.247139999999999964e+04
1.020000000000000000e+03 1.247255000000000109e+04
1.188000000000000000e+03 1.247300000000000000e+04
8.280000000000000000e+02 1.247335000000000036e+04
9.800000000000000000e+02 1.247355000000000109e+04
9.080000000000000000e+02 1.247439999999999964e+04
8.600000000000000000e+02 1.247460000000000036e+04
1.172000000000000000e+03 1.247600000000000000e+04
8.920000000000000000e+02 1.247810000000000036e+04
1.164000000000000000e+03 1.248145000000000073e+04
8.120000000000000000e+02 1.248230000000000109e+04
8.440000000000000000e+02 1.248645000000000073e+04
1.028000000000000000e+03 1.248680000000000109e+04
1.124000000000000000e+03 1.248839999999999964e+04
1.156000000000000000e+03 1.248880000000000109e+04
9.880000000000000000e+02 1.248939999999999964e+04
9.240000000000000000e+02 1.249075000000000000e+04
8.360000000000000000e+02 1.249095000000000073e+04
1.052000000000000000e+03 1.249220000000000073e+04
1.012000000000000000e+03 1.249389999999999964e+04
1.196000000000000000e+03 1.249545000000000073e+04
1.076000000000000000e+03 1.249580000000000109e+04
9.400000000000000000e+02 1.250070000000000073e+04
9.960000000000000000e+02 1.250355000000000109e+04
1.044000000000000000e+03 1.250500000000000000e+04
1.180000000000000000e+03 1.250685000000000036e+04
1.036000000000000000e+03 1.251020000000000073e+04
9.320000000000000000e+02 1.251155000000000109e+04
9.160000000000000000e+02 1.251295000000000073e+04
8.040000000000000000e+02 1.251345000000000073e+04
1.140000000000000000e+03 1.251514999999999964e+04
1.020000000000000000e+03 1.251555000000000109e+04
8.200000000000000000e+02 1.251570000000000073e+04
8.520000000000000000e+02 1.251839999999999964e+04
9.240000000000000000e+02 1.251945000000000073e+04
8.920000000000000000e+02 1.252250000000000000e+04
1.084000000000000000e+03 1.252395000000000073e+04
9.880000000000000000e+02 1.252500000000000000e+04
8.360000000000000000e+02 1.252875000000000000e+04
9.080000000000000000e+02 1.252885000000000036e+04
1.148000000000000000e+03 1.252960000000000036e+04
1.132000000000000000e+03 1.253035000000000036e+04
8.840000000000000000e+02 1.253045000000000073e+04
1.108000000000000000e+03 1.253325000000000000e+04
1.060000000000000000e+03 1.253425000000000000e+04
9.640000000000000000e+02 1.253820000000000073e+04
1.076000000000000000e+03 1.253925000000000000e+04
9.800000000000000000e+02 1.254214999999999964e+04
8.280000000000000000e+02 1.254470000000000073e+04
1.068000000000000000e+03 1.254585000000000036e+04
9.000000000000000000e+02 1.254810000000000036e+04
1.012000000000000000e+03 1.254845000000000073e+04
8.760000000000000000e+02 1.254935000000000036e+04
1.164000000000000000e+03 1.254975000000000000e+04
1.196000000000000000e+03 1.255420000000000073e+04
8.440000000000000000e+02 1.255425000000000000e+04
1.100000000000000000e+03 1.255470000000000073e+04
1.116000000000000000e+03 1.255480000000000109e+04
8.120000000000000000e+02 1.255560000000000036e+04
1.004000000000000000e+03 1.256030000000000109e+04
9.560000000000000000e+02 1.256130000000000109e+04
8.040000000000000000e+02 1.256520000000000073e+04
9.240000000000000000e+02 1.256725000000000000e+04
8.520000000000000000e+02 1.256835000000000036e+04
1.084000000000000000e+03 1.256839999999999964e+04
1.060000000000000000e+03 1.257355000000000109e+04
9.880000000000000000e+02 1.257400000000000000e+04
8.200000000000000000e+02 1.257430000000000109e+04
9.720000000000000000e+02 1.257460000000000036e+04
1.076000000000000000e+03 1.257570000000000073e+04
9.960000000000000000e+02 1.257670000000000073e+04
8.760000000000000000e+02 1.257735000000000036e+04
9.640000000000000000e+02 1.257895000000000073e+04
1.068000000000000000e+03 1.258195000000000073e+04
1.124000000000000000e+03 1.258239999999999964e+04
9.800000000000000000e+02 1.258250000000000000e+04
1.020000000000000000e+03 1.258270000000000073e+04
8.360000000000000000e+02 1.258300000000000000e+04
1.012000000000000000e+03 1.258475000000000000e+04
8.120000000000000000e+02 1.258805000000000109e+04
1.092000000000000000e+03 1.258839999999999964e+04
1.180000000000000000e+03 1.258860000000000036e+04
9.320000000000000000e+02 1.258895000000000073e+04
8.920000000000000000e+02 1.258905000000000109e+04
1.100000000000000000e+03 1.258930000000000109e+04
8.680000000000000000e+02 1.259455000000000109e+04
8.280000000000000000e+02 1.259510000000000036e+04
1.148000000000000000e+03 1.259505000000000109e+04
1.132000000000000000e+03 1.259689999999999964e+04
8.840000000000000000e+02 1.259700000000000000e+04
8.520000000000000000e+02 1.259750000000000000e+04
8.040000000000000000e+02 1.259875000000000000e+04
1.084000000000000000e+03 1.259989999999999964e+04
1.004000000000000000e+03 1.260245000000000073e+04
9.640000000000000000e+02 1.260330000000000109e+04
8.600000000000000000e+02 1.260339999999999964e+04
9.960000000000000000e+02 1.260880000000000109e+04
1.076000000000000000e+03 1.260900000000000000e+04
9.080000000000000000e+02 1.260939999999999964e+04
1.156000000000000000e+03 1.261464999999999964e+04
1.020000000000000000e+03 1.261495000000000073e+04
1.172000000000000000e+03 1.261664999999999964e+04
8.200000000000000000e+02 1.261705000000000109e+04
1.068000000000000000e+03 1.261745000000000073e+04
9.400000000000000000e+02 1.262130000000000109e+04
1.196000000000000000e+03 1.262164999999999964e+04
9.720000000000000000e+02 1.262195000000000073e+04
8.920000000000000000e+02 1.262285000000000036e+04
8.760000000000000000e+02 1.262310000000000036e+04
8.440000000000000000e+02 1.262314999999999964e+04
8.120000000000000000e+02 1.262520000000000073e+04
1.028000000000000000e+03 1.262525000000000000e+04
9.880000000000000000e+02 1.262614999999999964e+04
1.036000000000000000e+03 1.262875000000000000e+04
1.044000000000000000e+03 1.263310000000000036e+04
1.188000000000000000e+03 1.263355000000000109e+04
1.164000000000000000e+03 1.263460000000000036e+04
8.360000000000000000e+02 1.263520000000000073e+04
9.480000000000000000e+02 1.263600000000000000e+04
1.100000000000000000e+03 1.263839999999999964e+04
1.108000000000000000e+03 1.263985000000000036e+04
1.180000000000000000e+03 1.264075000000000000e+04
1.116000000000000000e+03 1.264164999999999964e+04
1.004000000000000000e+03 1.264214999999999964e+04
9.240000000000000000e+02 1.264295000000000073e+04
9.080000000000000000e+02 1.264770000000000073e+04
1.132000000000000000e+03 1.264950000000000000e+04
1.012000000000000000e+03 1.264955000000000109e+04
1.052000000000000000e+03 1.265039999999999964e+04
1.084000000000000000e+03 1.265275000000000000e+04
9.640000000000000000e+02 1.265370000000000073e+04
1.068000000000000000e+03 1.265900000000000000e+04
1.092000000000000000e+03 1.266125000000000000e+04
1.156000000000000000e+03 1.266200000000000000e+04
8.360000000000000000e+02 1.266260000000000036e+04
1.140000000000000000e+03 1.266420000000000073e+04
1.020000000000000000e+03 1.266555000000000109e+04
9.880000000000000000e+02 1.266700000000000000e+04
9.400000000000000000e+02 1.266705000000000109e+04
8.520000000000000000e+02 1.266800000000000000e+04
1.076000000000000000e+03 1.266975000000000000e+04
8.120000000000000000e+02 1.267270000000000073e+04
1.116000000000000000e+03 1.267345000000000073e+04
9.000000000000000000e+02 1.267385000000000036e+04
8.920000000000000000e+02 1.267439999999999964e+04
1.164000000000000000e+03 1.267445000000000073e+04
8.680000000000000000e+02 1.267595000000000073e+04
1.148000000000000000e+03 1.267810000000000036e+04
8.600000000000000000e+02 1.267825000000000000e+04
9.560000000000000000e+02 1.268080000000000109e+04
9.080000000000000000e+02 1.268170000000000073e+04
8.040000000000000000e+02 1.268314999999999964e+04
8.440000000000000000e+02 1.268414999999999964e+04
1.004000000000000000e+03 1.268430000000000109e+04
8.840000000000000000e+02 1.268539999999999964e+04
1.012000000000000000e+03 1.268655000000000109e+04
9.240000000000000000e+02 1.268825000000000000e+04
1.060000000000000000e+03 1.269100000000000000e+04
9.640000000000000000e+02 1.269339999999999964e+04
1.132000000000000000e+03 1.269335000000000036e+04
1.044000000000000000e+03 1.269410000000000036e+04
9.480000000000000000e+02 1.269480000000000109e+04
1.180000000000000000e+03 1.269475000000000000e+04
9.960000000000000000e+02 1.269595000000000073e+04
1.076000000000000000e+03 1.269789999999999964e+04
1.188000000000000000e+03 1.270010000000000036e+04
1.124000000000000000e+03 1.270155000000000109e+04
1.156000000000000000e+03 1.270214999999999964e+04
8.360000000000000000e+02 1.270270000000000073e+04
8.200000000000000000e+02 1.270600000000000000e+04
8.920000000000000000e+02 1.270689999999999964e+04
9.400000000000000000e+02 1.270785000000000036e+04
1.020000000000000000e+03 1.270930000000000109e+04
8.760000000000000000e+02 1.270939999999999964e+04
8.520000000000000000e+02 1.270945000000000073e+04
1.084000000000000000e+03 1.270955000000000109e+04
9.560000000000000000e+02 1.271225000000000000e+04
9.080000000000000000e+02 1.271495000000000073e+04
9.160000000000000000e+02 1.271620000000000073e+04
9.000000000000000000e+02 1.271635000000000036e+04
8.040000000000000000e+02 1.271739999999999964e+04
9.320000000000000000e+02 1.271820000000000073e+04
1.092000000000000000e+03 1.272070000000000073e+04
9.720000000000000000e+02 1.272550000000000000e+04
1.132000000000000000e+03 1.272660000000000036e+04
1.068000000000000000e+03 1.272735000000000036e+04
8.120000000000000000e+02 1.272770000000000073e+04
9.880000000000000000e+02 1.272825000000000000e+04
9.240000000000000000e+02 1.273155000000000109e+04
9.960000000000000000e+02 1.273225000000000000e+04
1.028000000000000000e+03 1.273360000000000036e+04
1.116000000000000000e+03 1.273400000000000000e+04
8.680000000000000000e+02 1.273470000000000073e+04
8.840000000000000000e+02 1.273495000000000073e+04
9.800000000000000000e+02 1.273589999999999964e+04
8.200000000000000000e+02 1.273620000000000073e+04
1.012000000000000000e+03 1.273655000000000109e+04
1.100000000000000000e+03 1.273670000000000073e+04
9.480000000000000000e+02 1.274060000000000036e+04
8.920000000000000000e+02 1.274070000000000073e+04
9.640000000000000000e+02 1.274150000000000000e+04
8.600000000000000000e+02 1.274220000000000073e+04
1.196000000000000000e+03 1.274300000000000000e+04
1.140000000000000000e+03 1.274389999999999964e+04
1.044000000000000000e+03 1.274525000000000000e+04
8.360000000000000000e+02 1.274810000000000036e+04
1.124000000000000000e+03 1.274935000000000036e+04
8.440000000000000000e+02 1.275060000000000036e+04
8.760000000000000000e+02 1.275064999999999964e+04
1.076000000000000000e+03 1.275120000000000073e+04
9.720000000000000000e+02 1.275285000000000036e+04
1.020000000000000000e+03 1.275355000000000109e+04
9.880000000000000000e+02 1.275639999999999964e+04
1.148000000000000000e+03 1.275670000000000073e+04
8.040000000000000000e+02 1.275739999999999964e+04
8.840000000000000000e+02 1.275814999999999964e+04
9.240000000000000000e+02 1.276070000000000073e+04
8.120000000000000000e+02 1.276270000000000073e+04
9.000000000000000000e+02 1.276820000000000073e+04
1.108000000000000000e+03 1.276945000000000073e+04
9.160000000000000000e+02 1.276980000000000109e+04
8.280000000000000000e+02 1.276995000000000073e+04
1.060000000000000000e+03 1.277185000000000036e+04
9.080000000000000000e+02 1.277455000000000109e+04
8.200000000000000000e+02 1.277545000000000073e+04
8.520000000000000000e+02 1.277750000000000000e+04
1.044000000000000000e+03 1.277745000000000073e+04
1.100000000000000000e+03 1.277800000000000000e+04
1.196000000000000000e+03 1.278205000000000109e+04
9.560000000000000000e+02 1.278235000000000036e+04
9.480000000000000000e+02 1.278285000000000036e+04
1.004000000000000000e+03 1.278345000000000073e+04
1.028000000000000000e+03 1.278370000000000073e+04
1.180000000000000000e+03 1.278375000000000000e+04
1.148000000000000000e+03 1.278580000000000109e+04
8.600000000000000000e+02 1.278660000000000036e+04
1.092000000000000000e+03 1.278705000000000109e+04
1.116000000000000000e+03 1.278745000000000073e+04
1.132000000000000000e+03 1.278960000000000036e+04
9.800000000000000000e+02 1.279030000000000109e+04
1.124000000000000000e+03 1.279380000000000109e+04
9.320000000000000000e+02 1.279500000000000000e+04
8.920000000000000000e+02 1.279510000000000036e+04
9.880000000000000000e+02 1.279710000000000036e+04
1.156000000000000000e+03 1.280035000000000036e+04
9.960000000000000000e+02 1.280150000000000000e+04
1.012000000000000000e+03 1.280160000000000036e+04
1.084000000000000000e+03 1.280230000000000109e+04
1.020000000000000000e+03 1.280235000000000036e+04
1.188000000000000000e+03 1.280370000000000073e+04
9.080000000000000000e+02 1.280395000000000073e+04
8.440000000000000000e+02 1.280514999999999964e+04
9.400000000000000000e+02 1.280685000000000036e+04
9.240000000000000000e+02 1.280820000000000073e+04
1.044000000000000000e+03 1.281050000000000000e+04
8.360000000000000000e+02 1.281300000000000000e+04
8.200000000000000000e+02 1.281450000000000000e+04
1.036000000000000000e+03 1.281505000000000109e+04
9.000000000000000000e+02 1.281785000000000036e+04
1.076000000000000000e+03 1.281960000000000036e+04
8.600000000000000000e+02 1.282300000000000000e+04
1.068000000000000000e+03 1.282310000000000036e+04
8.840000000000000000e+02 1.282339999999999964e+04
8.040000000000000000e+02 1.282550000000000000e+04
1.028000000000000000e+03 1.282839999999999964e+04
1.172000000000000000e+03 1.283135000000000036e+04
1.148000000000000000e+03 1.283445000000000073e+04
1.180000000000000000e+03 1.283460000000000036e+04
8.920000000000000000e+02 1.283555000000000109e+04
9.080000000000000000e+02 1.283589999999999964e+04
8.680000000000000000e+02 1.283595000000000073e+04
1.116000000000000000e+03 1.283645000000000073e+04
9.320000000000000000e+02 1.283870000000000073e+04
1.044000000000000000e+03 1.283980000000000109e+04
1.132000000000000000e+03 1.283995000000000073e+04
1.108000000000000000e+03 1.284035000000000036e+04
8.200000000000000000e+02 1.284155000000000109e+04
1.060000000000000000e+03 1.284345000000000073e+04
9.560000000000000000e+02 1.284414999999999964e+04
8.440000000000000000e+02 1.284650000000000000e+04
1.076000000000000000e+03 1.284820000000000073e+04
9.000000000000000000e+02 1.284945000000000073e+04
1.188000000000000000e+03 1.285060000000000036e+04
1.012000000000000000e+03 1.285150000000000000e+04
8.840000000000000000e+02 1.285239999999999964e+04
1.092000000000000000e+03 1.285245000000000073e+04
1.068000000000000000e+03 1.285275000000000000e+04
1.020000000000000000e+03 1.285675000000000000e+04
9.160000000000000000e+02 1.286220000000000073e+04
9.960000000000000000e+02 1.286230000000000109e+04
8.360000000000000000e+02 1.286460000000000036e+04
9.880000000000000000e+02 1.286589999999999964e+04
1.148000000000000000e+03 1.286600000000000000e+04
8.040000000000000000e+02 1.286635000000000036e+04
1.180000000000000000e+03 1.287055000000000109e+04
1.164000000000000000e+03 1.287064999999999964e+04
1.100000000000000000e+03 1.287164999999999964e+04
1.196000000000000000e+03 1.287225000000000000e+04
1.108000000000000000e+03 1.287270000000000073e+04
1.172000000000000000e+03 1.287300000000000000e+04
9.720000000000000000e+02 1.287314999999999964e+04
1.028000000000000000e+03 1.287339999999999964e+04
9.640000000000000000e+02 1.287385000000000036e+04
8.120000000000000000e+02 1.287530000000000109e+04
9.080000000000000000e+02 1.288164999999999964e+04
1.124000000000000000e+03 1.288260000000000036e+04
1.020000000000000000e+03 1.288350000000000000e+04
9.800000000000000000e+02 1.288395000000000073e+04
1.012000000000000000e+03 1.288630000000000109e+04
8.760000000000000000e+02 1.288730000000000109e+04
1.084000000000000000e+03 1.288955000000000109e+04
9.160000000000000000e+02 1.289330000000000109e+04
9.400000000000000000e+02 1.289345000000000073e+04
1.044000000000000000e+03 1.289505000000000109e+04
9.560000000000000000e+02 1.289525000000000000e+04
1.148000000000000000e+03 1.289555000000000109e+04
9.480000000000000000e+02 1.289870000000000073e+04
1.156000000000000000e+03 1.289864999999999964e+04
1.188000000000000000e+03 1.289985000000000036e+04
8.440000000000000000e+02 1.290185000000000036e+04
8.040000000000000000e+02 1.290250000000000000e+04
8.600000000000000000e+02 1.290275000000000000e+04
9.960000000000000000e+02 1.290445000000000073e+04
8.520000000000000000e+02 1.290750000000000000e+04
1.068000000000000000e+03 1.290939999999999964e+04
1.196000000000000000e+03 1.290989999999999964e+04
9.320000000000000000e+02 1.291114999999999964e+04
1.052000000000000000e+03 1.291300000000000000e+04
9.240000000000000000e+02 1.291489999999999964e+04
8.680000000000000000e+02 1.291620000000000073e+04
1.092000000000000000e+03 1.291775000000000000e+04
1.108000000000000000e+03 1.292195000000000073e+04
1.116000000000000000e+03 1.292285000000000036e+04
1.036000000000000000e+03 1.292339999999999964e+04
1.100000000000000000e+03 1.292360000000000036e+04
1.004000000000000000e+03 1.292485000000000036e+04
8.360000000000000000e+02 1.292580000000000109e+04
1.140000000000000000e+03 1.292780000000000109e+04
8.120000000000000000e+02 1.292825000000000000e+04
1.180000000000000000e+03 1.292895000000000073e+04
9.880000000000000000e+02 1.293075000000000000e+04
8.920000000000000000e+02 1.293275000000000000e+04
1.012000000000000000e+03 1.293410000000000036e+04
1.164000000000000000e+03 1.293500000000000000e+04
8.760000000000000000e+02 1.293645000000000073e+04
1.044000000000000000e+03 1.293710000000000036e+04
9.400000000000000000e+02 1.293735000000000036e+04
1.068000000000000000e+03 1.293739999999999964e+04
8.840000000000000000e+02 1.293825000000000000e+04
9.480000000000000000e+02 1.294189999999999964e+04
9.000000000000000000e+02 1.294420000000000073e+04
8.600000000000000000e+02 1.294450000000000000e+04
9.640000000000000000e+02 1.294605000000000109e+04
9.160000000000000000e+02 1.295114999999999964e+04
1.156000000000000000e+03 1.295180000000000109e+04
1.116000000000000000e+03 1.295730000000000109e+04
1.092000000000000000e+03 1.296070000000000073e+04
1.132000000000000000e+03 1.296260000000000036e+04
1.004000000000000000e+03 1.296330000000000109e+04
1.140000000000000000e+03 1.296380000000000109e+04
1.196000000000000000e+03 1.296785000000000036e+04
1.068000000000000000e+03 1.296900000000000000e+04
9.960000000000000000e+02 1.297050000000000000e+04
1.060000000000000000e+03 1.297114999999999964e+04
8.280000000000000000e+02 1.297170000000000073e+04
1.052000000000000000e+03 1.297589999999999964e+04
8.920000000000000000e+02 1.297595000000000073e+04
8.360000000000000000e+02 1.297670000000000073e+04
9.640000000000000000e+02 1.297755000000000109e+04
9.720000000000000000e+02 1.297785000000000036e+04
1.076000000000000000e+03 1.298320000000000073e+04
9.400000000000000000e+02 1.298539999999999964e+04
1.020000000000000000e+03 1.298560000000000036e+04
8.040000000000000000e+02 1.298689999999999964e+04
1.084000000000000000e+03 1.298970000000000073e+04
1.004000000000000000e+03 1.299225000000000000e+04
8.680000000000000000e+02 1.299250000000000000e+04
1.164000000000000000e+03 1.299320000000000073e+04
1.156000000000000000e+03 1.299330000000000109e+04
9.240000000000000000e+02 1.299345000000000073e+04
9.320000000000000000e+02 1.299360000000000036e+04
1.100000000000000000e+03 1.299364999999999964e+04
9.480000000000000000e+02 1.299460000000000036e+04
8.120000000000000000e+02 1.299739999999999964e+04
9.560000000000000000e+02 1.299935000000000036e+04
1.036000000000000000e+03 1.300385000000000036e+04
1.188000000000000000e+03 1.300385000000000036e+04
1.092000000000000000e+03 1.300455000000000109e+04
9.080000000000000000e+02 1.300489999999999964e+04
9.880000000000000000e+02 1.300530000000000109e+04
8.360000000000000000e+02 1.300610000000000036e+04
8.600000000000000000e+02 1.300639999999999964e+04
8.840000000000000000e+02 1.301130000000000109e+04
8.920000000000000000e+02 1.301205000000000109e+04
1.116000000000000000e+03 1.301210000000000036e+04
1.028000000000000000e+03 1.301230000000000109e+04
8.200000000000000000e+02 1.301270000000000073e+04
9.160000000000000000e+02 1.301305000000000109e+04
8.760000000000000000e+02 1.301785000000000036e+04
8.040000000000000000e+02 1.301875000000000000e+04
9.800000000000000000e+02 1.301939999999999964e+04
1.124000000000000000e+03 1.301939999999999964e+04
1.044000000000000000e+03 1.301945000000000073e+04
1.076000000000000000e+03 1.301975000000000000e+04
8.680000000000000000e+02 1.302405000000000109e+04
1.108000000000000000e+03 1.302480000000000109e+04
9.960000000000000000e+02 1.302675000000000000e+04
9.400000000000000000e+02 1.302689999999999964e+04
1.180000000000000000e+03 1.302775000000000000e+04
1.012000000000000000e+03 1.302814999999999964e+04
8.440000000000000000e+02 1.302870000000000073e+04
1.164000000000000000e+03 1.302970000000000073e+04
1.020000000000000000e+03 1.303175000000000000e+04
9.560000000000000000e+02 1.303235000000000036e+04
9.240000000000000000e+02 1.303325000000000000e+04
9.720000000000000000e+02 1.303460000000000036e+04
9.000000000000000000e+02 1.303500000000000000e+04
1.140000000000000000e+03 1.303605000000000109e+04
1.148000000000000000e+03 1.303735000000000036e+04
9.640000000000000000e+02 1.304175000000000000e+04
1.004000000000000000e+03 1.304614999999999964e+04
1.188000000000000000e+03 1.304700000000000000e+04
8.520000000000000000e+02 1.304764999999999964e+04
1.076000000000000000e+03 1.304839999999999964e+04
9.080000000000000000e+02 1.304920000000000073e+04
1.132000000000000000e+03 1.305120000000000073e+04
9.880000000000000000e+02 1.305320000000000073e+04
8.200000000000000000e+02 1.305450000000000000e+04
1.116000000000000000e+03 1.305625000000000000e+04
8.840000000000000000e+02 1.305820000000000073e+04
8.920000000000000000e+02 1.306005000000000109e+04
1.100000000000000000e+03 1.306235000000000036e+04
1.084000000000000000e+03 1.306285000000000036e+04
1.124000000000000000e+03 1.306439999999999964e+04
1.156000000000000000e+03 1.306470000000000073e+04
1.012000000000000000e+03 1.306495000000000073e+04
1.108000000000000000e+03 1.306575000000000000e+04
1.172000000000000000e+03 1.306595000000000073e+04
1.060000000000000000e+03 1.307014999999999964e+04
1.020000000000000000e+03 1.307135000000000036e+04
1.196000000000000000e+03 1.307145000000000073e+04
8.360000000000000000e+02 1.307300000000000000e+04
8.760000000000000000e+02 1.307300000000000000e+04
8.280000000000000000e+02 1.307320000000000073e+04
9.080000000000000000e+02 1.307550000000000000e+04
1.076000000000000000e+03 1.307564999999999964e+04
8.040000000000000000e+02 1.307575000000000000e+04
1.068000000000000000e+03 1.307585000000000036e+04
1.132000000000000000e+03 1.308020000000000073e+04
8.200000000000000000e+02 1.308039999999999964e+04
1.180000000000000000e+03 1.308085000000000036e+04
1.028000000000000000e+03 1.308145000000000073e+04
1.164000000000000000e+03 1.308275000000000000e+04
9.000000000000000000e+02 1.308445000000000073e+04
9.640000000000000000e+02 1.308655000000000109e+04
8.600000000000000000e+02 1.308700000000000000e+04
8.120000000000000000e+02 1.308730000000000109e+04
9.240000000000000000e+02 1.308750000000000000e+04
9.560000000000000000e+02 1.308795000000000073e+04
1.052000000000000000e+03 1.308800000000000000e+04
1.140000000000000000e+03 1.308835000000000036e+04
9.400000000000000000e+02 1.308855000000000109e+04
9.160000000000000000e+02 1.309025000000000000e+04
9.880000000000000000e+02 1.309385000000000036e+04
1.044000000000000000e+03 1.309385000000000036e+04
1.004000000000000000e+03 1.309600000000000000e+04
9.480000000000000000e+02 1.309695000000000073e+04
9.320000000000000000e+02 1.309720000000000073e+04
8.360000000000000000e+02 1.309750000000000000e+04
1.020000000000000000e+03 1.310039999999999964e+04
9.080000000000000000e+02 1.310714999999999964e+04
1.132000000000000000e+03 1.310900000000000000e+04
9.960000000000000000e+02 1.311045000000000073e+04
8.760000000000000000e+02 1.311480000000000109e+04
1.148000000000000000e+03 1.311575000000000000e+04
8.120000000000000000e+02 1.311655000000000109e+04
1.180000000000000000e+03 1.311695000000000073e+04
1.060000000000000000e+03 1.312060000000000036e+04
8.200000000000000000e+02 1.312275000000000000e+04
9.400000000000000000e+02 1.312380000000000109e+04
1.012000000000000000e+03 1.312400000000000000e+04
1.156000000000000000e+03 1.312455000000000109e+04
8.920000000000000000e+02 1.312470000000000073e+04
9.720000000000000000e+02 1.312614999999999964e+04
8.280000000000000000e+02 1.312789999999999964e+04
1.124000000000000000e+03 1.312785000000000036e+04
1.020000000000000000e+03 1.312839999999999964e+04
9.240000000000000000e+02 1.312850000000000000e+04
8.680000000000000000e+02 1.312970000000000073e+04
8.440000000000000000e+02 1.313010000000000036e+04
1.076000000000000000e+03 1.313089999999999964e+04
8.360000000000000000e+02 1.313175000000000000e+04
1.116000000000000000e+03 1.313670000000000073e+04
9.160000000000000000e+02 1.313760000000000036e+04
1.100000000000000000e+03 1.313835000000000036e+04
1.196000000000000000e+03 1.313835000000000036e+04
1.044000000000000000e+03 1.313850000000000000e+04
9.000000000000000000e+02 1.314330000000000109e+04
9.080000000000000000e+02 1.314650000000000000e+04
1.132000000000000000e+03 1.314660000000000036e+04
9.880000000000000000e+02 1.314695000000000073e+04
8.840000000000000000e+02 1.314785000000000036e+04
1.180000000000000000e+03 1.314805000000000109e+04
1.004000000000000000e+03 1.315125000000000000e+04
1.092000000000000000e+03 1.315150000000000000e+04
1.012000000000000000e+03 1.315425000000000000e+04
1.028000000000000000e+03 1.315439999999999964e+04
9.320000000000000000e+02 1.315470000000000073e+04
8.600000000000000000e+02 1.315825000000000000e+04
9.960000000000000000e+02 1.315839999999999964e+04
1.148000000000000000e+03 1.315914999999999964e+04
8.520000000000000000e+02 1.316064999999999964e+04
8.360000000000000000e+02 1.316175000000000000e+04
9.400000000000000000e+02 1.316245000000000073e+04
9.480000000000000000e+02 1.316464999999999964e+04
8.920000000000000000e+02 1.316525000000000000e+04
9.800000000000000000e+02 1.316564999999999964e+04
8.040000000000000000e+02 1.316635000000000036e+04
8.440000000000000000e+02 1.316650000000000000e+04
1.052000000000000000e+03 1.316705000000000109e+04
1.060000000000000000e+03 1.316895000000000073e+04
8.200000000000000000e+02 1.317010000000000036e+04
9.720000000000000000e+02 1.317110000000000036e+04
9.240000000000000000e+02 1.317160000000000036e+04
1.020000000000000000e+03 1.317289999999999964e+04
1.084000000000000000e+03 1.317285000000000036e+04
1.004000000000000000e+03 1.317310000000000036e+04
1.124000000000000000e+03 1.317310000000000036e+04
1.156000000000000000e+03 1.317339999999999964e+04
1.108000000000000000e+03 1.317930000000000109e+04
9.000000000000000000e+02 1.317939999999999964e+04
8.120000000000000000e+02 1.318210000000000036e+04
1.092000000000000000e+03 1.318230000000000109e+04
9.080000000000000000e+02 1.318385000000000036e+04
1.076000000000000000e+03 1.318464999999999964e+04
1.068000000000000000e+03 1.318589999999999964e+04
8.840000000000000000e+02 1.318910000000000036e+04
1.196000000000000000e+03 1.319395000000000073e+04
9.880000000000000000e+02 1.319470000000000073e+04
1.180000000000000000e+03 1.319664999999999964e+04
9.160000000000000000e+02 1.319925000000000000e+04
1.188000000000000000e+03 1.320120000000000073e+04
1.044000000000000000e+03 1.320145000000000073e+04
8.600000000000000000e+02 1.320155000000000109e+04
1.036000000000000000e+03 1.320289999999999964e+04
9.240000000000000000e+02 1.320345000000000073e+04
9.640000000000000000e+02 1.320364999999999964e+04
8.520000000000000000e+02 1.320580000000000109e+04
8.680000000000000000e+02 1.320589999999999964e+04
8.920000000000000000e+02 1.320639999999999964e+04
8.200000000000000000e+02 1.320730000000000109e+04
9.400000000000000000e+02 1.320770000000000073e+04
1.100000000000000000e+03 1.320795000000000073e+04
1.020000000000000000e+03 1.320860000000000036e+04
8.040000000000000000e+02 1.320875000000000000e+04
1.132000000000000000e+03 1.320925000000000000e+04
1.028000000000000000e+03 1.321410000000000036e+04
1.012000000000000000e+03 1.321525000000000000e+04
1.116000000000000000e+03 1.321589999999999964e+04
9.960000000000000000e+02 1.321714999999999964e+04
1.124000000000000000e+03 1.321845000000000073e+04
1.076000000000000000e+03 1.321860000000000036e+04
9.880000000000000000e+02 1.321889999999999964e+04
9.080000000000000000e+02 1.321910000000000036e+04
1.004000000000000000e+03 1.322255000000000109e+04
8.120000000000000000e+02 1.322280000000000109e+04
1.068000000000000000e+03 1.322360000000000036e+04
1.052000000000000000e+03 1.322520000000000073e+04
1.140000000000000000e+03 1.322595000000000073e+04
9.800000000000000000e+02 1.322735000000000036e+04
9.000000000000000000e+02 1.322930000000000109e+04
1.156000000000000000e+03 1.322935000000000036e+04
9.320000000000000000e+02 1.323150000000000000e+04
8.440000000000000000e+02 1.323414999999999964e+04
1.044000000000000000e+03 1.323830000000000109e+04
1.092000000000000000e+03 1.323960000000000036e+04
9.480000000000000000e+02 1.324020000000000073e+04
9.640000000000000000e+02 1.324350000000000000e+04
8.600000000000000000e+02 1.324564999999999964e+04
1.012000000000000000e+03 1.324730000000000109e+04
1.132000000000000000e+03 1.324785000000000036e+04
8.040000000000000000e+02 1.324885000000000036e+04
8.520000000000000000e+02 1.324885000000000036e+04
9.400000000000000000e+02 1.324935000000000036e+04
1.180000000000000000e+03 1.324970000000000073e+04
1.060000000000000000e+03 1.325245000000000073e+04
8.200000000000000000e+02 1.325389999999999964e+04
1.068000000000000000e+03 1.325450000000000000e+04
1.172000000000000000e+03 1.325535000000000036e+04
1.108000000000000000e+03 1.325550000000000000e+04
9.880000000000000000e+02 1.325635000000000036e+04
8.120000000000000000e+02 1.325670000000000073e+04
9.720000000000000000e+02 1.325910000000000036e+04
8.360000000000000000e+02 1.325914999999999964e+04
9.960000000000000000e+02 1.326105000000000109e+04
1.148000000000000000e+03 1.326205000000000109e+04
1.020000000000000000e+03 1.326264999999999964e+04
1.044000000000000000e+03 1.326635000000000036e+04
1.076000000000000000e+03 1.326725000000000000e+04
8.680000000000000000e+02 1.326780000000000109e+04
1.012000000000000000e+03 1.326955000000000109e+04
1.100000000000000000e+03 1.327055000000000109e+04
1.196000000000000000e+03 1.327235000000000036e+04
1.124000000000000000e+03 1.327380000000000109e+04
9.080000000000000000e+02 1.327410000000000036e+04
1.028000000000000000e+03 1.327560000000000036e+04
9.560000000000000000e+02 1.327655000000000109e+04
1.116000000000000000e+03 1.327680000000000109e+04
1.068000000000000000e+03 1.327695000000000073e+04
1.084000000000000000e+03 1.327739999999999964e+04
1.004000000000000000e+03 1.327760000000000036e+04
9.800000000000000000e+02 1.327814999999999964e+04
1.164000000000000000e+03 1.327814999999999964e+04
8.840000000000000000e+02 1.328250000000000000e+04
8.920000000000000000e+02 1.328414999999999964e+04
9.400000000000000000e+02 1.328870000000000073e+04
8.360000000000000000e+02 1.329110000000000036e+04
1.180000000000000000e+03 1.329160000000000036e+04
8.200000000000000000e+02 1.329170000000000073e+04
1.052000000000000000e+03 1.329460000000000036e+04
9.880000000000000000e+02 1.329485000000000036e+04
9.240000000000000000e+02 1.329510000000000036e+04
8.600000000000000000e+02 1.329520000000000073e+04
1.044000000000000000e+03 1.329535000000000036e+04
1.092000000000000000e+03 1.330170000000000073e+04
1.188000000000000000e+03 1.330210000000000036e+04
1.084000000000000000e+03 1.330339999999999964e+04
8.040000000000000000e+02 1.330380000000000109e+04
1.012000000000000000e+03 1.330480000000000109e+04
1.020000000000000000e+03 1.330725000000000000e+04
9.080000000000000000e+02 1.330935000000000036e+04
8.760000000000000000e+02 1.331014999999999964e+04
1.164000000000000000e+03 1.331075000000000000e+04
8.920000000000000000e+02 1.331185000000000036e+04
1.028000000000000000e+03 1.331245000000000073e+04
9.640000000000000000e+02 1.331650000000000000e+04
8.280000000000000000e+02 1.331845000000000073e+04
8.840000000000000000e+02 1.331880000000000109e+04
1.068000000000000000e+03 1.332000000000000000e+04
9.960000000000000000e+02 1.332020000000000073e+04
8.680000000000000000e+02 1.332150000000000000e+04
9.480000000000000000e+02 1.332335000000000036e+04
8.600000000000000000e+02 1.332400000000000000e+04
8.200000000000000000e+02 1.332425000000000000e+04
1.116000000000000000e+03 1.332500000000000000e+04
9.160000000000000000e+02 1.332695000000000073e+04
8.360000000000000000e+02 1.332814999999999964e+04
9.240000000000000000e+02 1.333045000000000073e+04
1.156000000000000000e+03 1.333075000000000000e+04
8.120000000000000000e+02 1.333114999999999964e+04
1.124000000000000000e+03 1.333114999999999964e+04
1.100000000000000000e+03 1.333264999999999964e+04
9.400000000000000000e+02 1.333525000000000000e+04
1.012000000000000000e+03 1.333535000000000036e+04
1.196000000000000000e+03 1.333670000000000073e+04
1.036000000000000000e+03 1.333750000000000000e+04
9.320000000000000000e+02 1.333760000000000036e+04
1.052000000000000000e+03 1.333839999999999964e+04
1.180000000000000000e+03 1.333835000000000036e+04
1.140000000000000000e+03 1.333855000000000109e+04
9.080000000000000000e+02 1.333970000000000073e+04
8.920000000000000000e+02 1.334045000000000073e+04
9.880000000000000000e+02 1.334100000000000000e+04
9.720000000000000000e+02 1.334530000000000109e+04
8.520000000000000000e+02 1.334560000000000036e+04
9.960000000000000000e+02 1.335200000000000000e+04
1.092000000000000000e+03 1.335314999999999964e+04
1.116000000000000000e+03 1.335389999999999964e+04
1.084000000000000000e+03 1.335400000000000000e+04
1.148000000000000000e+03 1.335510000000000036e+04
1.028000000000000000e+03 1.335514999999999964e+04
1.020000000000000000e+03 1.335750000000000000e+04
9.800000000000000000e+02 1.336075000000000000e+04
1.132000000000000000e+03 1.336145000000000073e+04
8.760000000000000000e+02 1.336289999999999964e+04
1.004000000000000000e+03 1.336430000000000109e+04
8.360000000000000000e+02 1.336450000000000000e+04
8.200000000000000000e+02 1.336475000000000000e+04
1.060000000000000000e+03 1.336570000000000073e+04
9.240000000000000000e+02 1.336655000000000109e+04
9.400000000000000000e+02 1.336700000000000000e+04
9.640000000000000000e+02 1.336714999999999964e+04
1.068000000000000000e+03 1.336920000000000073e+04
1.044000000000000000e+03 1.337925000000000000e+04
1.108000000000000000e+03 1.338395000000000073e+04
9.880000000000000000e+02 1.338464999999999964e+04
8.600000000000000000e+02 1.338889999999999964e+04
8.040000000000000000e+02 1.338935000000000036e+04
8.520000000000000000e+02 1.338955000000000109e+04
1.020000000000000000e+03 1.339005000000000109e+04
1.076000000000000000e+03 1.339100000000000000e+04
1.156000000000000000e+03 1.339345000000000073e+04
8.280000000000000000e+02 1.339460000000000036e+04
9.720000000000000000e+02 1.339625000000000000e+04
8.360000000000000000e+02 1.339685000000000036e+04
1.172000000000000000e+03 1.339760000000000036e+04
1.116000000000000000e+03 1.340250000000000000e+04
8.680000000000000000e+02 1.340310000000000036e+04
9.400000000000000000e+02 1.340400000000000000e+04
1.028000000000000000e+03 1.340480000000000109e+04
1.132000000000000000e+03 1.340685000000000036e+04
1.140000000000000000e+03 1.340685000000000036e+04
8.200000000000000000e+02 1.340695000000000073e+04
9.080000000000000000e+02 1.340700000000000000e+04
9.480000000000000000e+02 1.340710000000000036e+04
1.196000000000000000e+03 1.340710000000000036e+04
1.052000000000000000e+03 1.340735000000000036e+04
1.100000000000000000e+03 1.340775000000000000e+04
9.960000000000000000e+02 1.340800000000000000e+04
1.124000000000000000e+03 1.340795000000000073e+04
9.800000000000000000e+02 1.340875000000000000e+04
9.240000000000000000e+02 1.340910000000000036e+04
1.164000000000000000e+03 1.340960000000000036e+04
8.760000000000000000e+02 1.341385000000000036e+04
1.092000000000000000e+03 1.341389999999999964e+04
1.020000000000000000e+03 1.341585000000000036e+04
9.320000000000000000e+02 1.341620000000000073e+04
1.044000000000000000e+03 1.341689999999999964e+04
9.880000000000000000e+02 1.341864999999999964e+04
8.440000000000000000e+02 1.342125000000000000e+04
8.040000000000000000e+02 1.342450000000000000e+04
1.148000000000000000e+03 1.342539999999999964e+04
1.012000000000000000e+03 1.342560000000000036e+04
8.840000000000000000e+02 1.342585000000000036e+04
1.180000000000000000e+03 1.342614999999999964e+04
1.036000000000000000e+03 1.342630000000000109e+04
8.120000000000000000e+02 1.342995000000000073e+04
1.004000000000000000e+03 1.343160000000000036e+04
9.160000000000000000e+02 1.343245000000000073e+04
8.600000000000000000e+02 1.343505000000000109e+04
1.076000000000000000e+03 1.343555000000000109e+04
9.720000000000000000e+02 1.343680000000000109e+04
9.000000000000000000e+02 1.344014999999999964e+04
1.068000000000000000e+03 1.344180000000000109e+04
8.920000000000000000e+02 1.344250000000000000e+04
8.280000000000000000e+02 1.344445000000000073e+04
1.132000000000000000e+03 1.344480000000000109e+04
1.188000000000000000e+03 1.344730000000000109e+04
9.400000000000000000e+02 1.344805000000000109e+04
9.560000000000000000e+02 1.344805000000000109e+04
9.240000000000000000e+02 1.344905000000000109e+04
9.640000000000000000e+02 1.345450000000000000e+04
8.520000000000000000e+02 1.345550000000000000e+04
9.960000000000000000e+02 1.345664999999999964e+04
1.164000000000000000e+03 1.345685000000000036e+04
9.320000000000000000e+02 1.346045000000000073e+04
1.156000000000000000e+03 1.346305000000000109e+04
1.044000000000000000e+03 1.346605000000000109e+04
8.600000000000000000e+02 1.346614999999999964e+04
1.172000000000000000e+03 1.346670000000000073e+04
1.116000000000000000e+03 1.346675000000000000e+04
9.080000000000000000e+02 1.346785000000000036e+04
8.120000000000000000e+02 1.346989999999999964e+04
1.108000000000000000e+03 1.347120000000000073e+04
9.880000000000000000e+02 1.347210000000000036e+04
1.124000000000000000e+03 1.347214999999999964e+04
8.360000000000000000e+02 1.347225000000000000e+04
8.680000000000000000e+02 1.347445000000000073e+04
1.020000000000000000e+03 1.347500000000000000e+04
1.068000000000000000e+03 1.347689999999999964e+04
9.240000000000000000e+02 1.347800000000000000e+04
1.092000000000000000e+03 1.347845000000000073e+04
1.140000000000000000e+03 1.347925000000000000e+04
1.060000000000000000e+03 1.348239999999999964e+04
9.800000000000000000e+02 1.348264999999999964e+04
8.840000000000000000e+02 1.348305000000000109e+04
9.400000000000000000e+02 1.348375000000000000e+04
1.180000000000000000e+03 1.348395000000000073e+04
8.920000000000000000e+02 1.348405000000000109e+04
1.148000000000000000e+03 1.348575000000000000e+04
9.320000000000000000e+02 1.348770000000000073e+04
1.012000000000000000e+03 1.349175000000000000e+04
8.440000000000000000e+02 1.349914999999999964e+04
1.132000000000000000e+03 1.349970000000000073e+04
9.160000000000000000e+02 1.349995000000000073e+04
8.600000000000000000e+02 1.350195000000000073e+04
9.000000000000000000e+02 1.350475000000000000e+04
1.036000000000000000e+03 1.350625000000000000e+04
1.020000000000000000e+03 1.350635000000000036e+04
9.960000000000000000e+02 1.350750000000000000e+04
9.640000000000000000e+02 1.350955000000000109e+04
1.084000000000000000e+03 1.351014999999999964e+04
9.080000000000000000e+02 1.351064999999999964e+04
8.120000000000000000e+02 1.351080000000000109e+04
9.720000000000000000e+02 1.351200000000000000e+04
8.200000000000000000e+02 1.351220000000000073e+04
1.044000000000000000e+03 1.351250000000000000e+04
8.040000000000000000e+02 1.351275000000000000e+04
1.156000000000000000e+03 1.351545000000000073e+04
9.480000000000000000e+02 1.351605000000000109e+04
1.148000000000000000e+03 1.351700000000000000e+04
9.880000000000000000e+02 1.351889999999999964e+04
9.800000000000000000e+02 1.351980000000000109e+04
8.360000000000000000e+02 1.352000000000000000e+04
1.076000000000000000e+03 1.352000000000000000e+04
1.164000000000000000e+03 1.352385000000000036e+04
1.068000000000000000e+03 1.352650000000000000e+04
8.840000000000000000e+02 1.352875000000000000e+04
1.012000000000000000e+03 1.352950000000000000e+04
8.920000000000000000e+02 1.353139999999999964e+04
1.052000000000000000e+03 1.353239999999999964e+04
9.960000000000000000e+02 1.353380000000000109e+04
1.044000000000000000e+03 1.353520000000000073e+04
9.240000000000000000e+02 1.353539999999999964e+04
1.108000000000000000e+03 1.353539999999999964e+04
1.124000000000000000e+03 1.353570000000000073e+04
1.004000000000000000e+03 1.353614999999999964e+04
1.196000000000000000e+03 1.353725000000000000e+04
9.560000000000000000e+02 1.353810000000000036e+04
1.092000000000000000e+03 1.354035000000000036e+04
1.172000000000000000e+03 1.354164999999999964e+04
8.120000000000000000e+02 1.354235000000000036e+04
8.600000000000000000e+02 1.354285000000000036e+04
1.020000000000000000e+03 1.354520000000000073e+04
9.400000000000000000e+02 1.354589999999999964e+04
1.084000000000000000e+03 1.355085000000000036e+04
1.116000000000000000e+03 1.355325000000000000e+04
1.132000000000000000e+03 1.355355000000000109e+04
8.200000000000000000e+02 1.355364999999999964e+04
8.040000000000000000e+02 1.355470000000000073e+04
9.080000000000000000e+02 1.355714999999999964e+04
9.800000000000000000e+02 1.355900000000000000e+04
1.068000000000000000e+03 1.356030000000000109e+04
8.680000000000000000e+02 1.356070000000000073e+04
1.180000000000000000e+03 1.356064999999999964e+04
9.880000000000000000e+02 1.356085000000000036e+04
1.020000000000000000e+03 1.356150000000000000e+04
1.148000000000000000e+03 1.356155000000000109e+04
9.160000000000000000e+02 1.356520000000000073e+04
1.156000000000000000e+03 1.356610000000000036e+04
9.320000000000000000e+02 1.356839999999999964e+04
1.100000000000000000e+03 1.356925000000000000e+04
8.840000000000000000e+02 1.356995000000000073e+04
8.600000000000000000e+02 1.357055000000000109e+04
1.076000000000000000e+03 1.357060000000000036e+04
8.200000000000000000e+02 1.357585000000000036e+04
8.920000000000000000e+02 1.357875000000000000e+04
9.480000000000000000e+02 1.357939999999999964e+04
1.124000000000000000e+03 1.357985000000000036e+04
8.440000000000000000e+02 1.358045000000000073e+04
1.036000000000000000e+03 1.358110000000000036e+04
1.028000000000000000e+03 1.358350000000000000e+04
1.172000000000000000e+03 1.358405000000000109e+04
1.196000000000000000e+03 1.358510000000000036e+04
8.360000000000000000e+02 1.358600000000000000e+04
9.560000000000000000e+02 1.358595000000000073e+04
8.040000000000000000e+02 1.358920000000000073e+04
1.132000000000000000e+03 1.358975000000000000e+04
1.044000000000000000e+03 1.359039999999999964e+04
9.080000000000000000e+02 1.359500000000000000e+04
1.020000000000000000e+03 1.359505000000000109e+04
9.640000000000000000e+02 1.359614999999999964e+04
1.012000000000000000e+03 1.359770000000000073e+04
9.720000000000000000e+02 1.359805000000000109e+04
9.240000000000000000e+02 1.359870000000000073e+04
9.000000000000000000e+02 1.360135000000000036e+04
1.164000000000000000e+03 1.360214999999999964e+04
9.960000000000000000e+02 1.360255000000000109e+04
1.116000000000000000e+03 1.360264999999999964e+04
8.120000000000000000e+02 1.360280000000000109e+04
1.076000000000000000e+03 1.360275000000000000e+04
8.680000000000000000e+02 1.360314999999999964e+04
1.068000000000000000e+03 1.360385000000000036e+04
9.400000000000000000e+02 1.360625000000000000e+04
1.124000000000000000e+03 1.360630000000000109e+04
9.880000000000000000e+02 1.361220000000000073e+04
1.092000000000000000e+03 1.361300000000000000e+04
8.200000000000000000e+02 1.361925000000000000e+04
9.080000000000000000e+02 1.362335000000000036e+04
1.100000000000000000e+03 1.362385000000000036e+04
1.140000000000000000e+03 1.362605000000000109e+04
1.132000000000000000e+03 1.362750000000000000e+04
1.004000000000000000e+03 1.362770000000000073e+04
9.960000000000000000e+02 1.362905000000000109e+04
9.560000000000000000e+02 1.362914999999999964e+04
1.052000000000000000e+03 1.363089999999999964e+04
9.320000000000000000e+02 1.363105000000000109e+04
9.160000000000000000e+02 1.363125000000000000e+04
9.880000000000000000e+02 1.363125000000000000e+04
8.120000000000000000e+02 1.363189999999999964e+04
1.156000000000000000e+03 1.363205000000000109e+04
8.280000000000000000e+02 1.363245000000000073e+04
8.360000000000000000e+02 1.363260000000000036e+04
1.108000000000000000e+03 1.363255000000000109e+04
8.920000000000000000e+02 1.363270000000000073e+04
1.044000000000000000e+03 1.363289999999999964e+04
1.068000000000000000e+03 1.363305000000000109e+04
9.800000000000000000e+02 1.363314999999999964e+04
1.020000000000000000e+03 1.363320000000000073e+04
8.040000000000000000e+02 1.364010000000000036e+04
1.012000000000000000e+03 1.364055000000000109e+04
1.084000000000000000e+03 1.364080000000000109e+04
1.076000000000000000e+03 1.364145000000000073e+04
9.240000000000000000e+02 1.364195000000000073e+04
8.200000000000000000e+02 1.364570000000000073e+04
1.196000000000000000e+03 1.364705000000000109e+04
8.440000000000000000e+02 1.364760000000000036e+04
9.000000000000000000e+02 1.365839999999999964e+04
8.600000000000000000e+02 1.365845000000000073e+04
1.116000000000000000e+03 1.366020000000000073e+04
8.520000000000000000e+02 1.366045000000000073e+04
1.020000000000000000e+03 1.366150000000000000e+04
1.028000000000000000e+03 1.366225000000000000e+04
8.120000000000000000e+02 1.366325000000000000e+04
9.080000000000000000e+02 1.366370000000000073e+04
9.960000000000000000e+02 1.366395000000000073e+04
8.840000000000000000e+02 1.366414999999999964e+04
1.148000000000000000e+03 1.366450000000000000e+04
9.880000000000000000e+02 1.366495000000000073e+04
8.360000000000000000e+02 1.366910000000000036e+04
9.400000000000000000e+02 1.366920000000000073e+04
8.920000000000000000e+02 1.367030000000000109e+04
1.180000000000000000e+03 1.367035000000000036e+04
9.240000000000000000e+02 1.367095000000000073e+04
1.092000000000000000e+03 1.367130000000000109e+04
1.012000000000000000e+03 1.367260000000000036e+04
1.156000000000000000e+03 1.367264999999999964e+04
1.188000000000000000e+03 1.367380000000000109e+04
1.060000000000000000e+03 1.367714999999999964e+04
9.800000000000000000e+02 1.367785000000000036e+04
1.004000000000000000e+03 1.367845000000000073e+04
1.164000000000000000e+03 1.367860000000000036e+04
1.132000000000000000e+03 1.368180000000000109e+04
1.068000000000000000e+03 1.368450000000000000e+04
8.600000000000000000e+02 1.368555000000000109e+04
9.560000000000000000e+02 1.368570000000000073e+04
9.640000000000000000e+02 1.368589999999999964e+04
9.160000000000000000e+02 1.368670000000000073e+04
8.680000000000000000e+02 1.368850000000000000e+04
8.040000000000000000e+02 1.368889999999999964e+04
1.124000000000000000e+03 1.368895000000000073e+04
1.172000000000000000e+03 1.368945000000000073e+04
8.280000000000000000e+02 1.369400000000000000e+04
8.200000000000000000e+02 1.369450000000000000e+04
9.960000000000000000e+02 1.369489999999999964e+04
1.044000000000000000e+03 1.369575000000000000e+04
1.196000000000000000e+03 1.369595000000000073e+04
1.100000000000000000e+03 1.369810000000000036e+04
1.140000000000000000e+03 1.369839999999999964e+04
1.116000000000000000e+03 1.369889999999999964e+04
9.240000000000000000e+02 1.369910000000000036e+04
1.156000000000000000e+03 1.370225000000000000e+04
8.840000000000000000e+02 1.370539999999999964e+04
9.080000000000000000e+02 1.370555000000000109e+04
1.012000000000000000e+03 1.370805000000000109e+04
1.084000000000000000e+03 1.371064999999999964e+04
1.148000000000000000e+03 1.371089999999999964e+04
8.920000000000000000e+02 1.371145000000000073e+04
9.400000000000000000e+02 1.371185000000000036e+04
1.004000000000000000e+03 1.371220000000000073e+04
9.720000000000000000e+02 1.371339999999999964e+04
1.076000000000000000e+03 1.371375000000000000e+04
1.020000000000000000e+03 1.371630000000000109e+04
8.120000000000000000e+02 1.371645000000000073e+04
1.188000000000000000e+03 1.371664999999999964e+04
1.180000000000000000e+03 1.371675000000000000e+04
8.360000000000000000e+02 1.372089999999999964e+04
9.320000000000000000e+02 1.372320000000000073e+04
1.060000000000000000e+03 1.372350000000000000e+04
8.520000000000000000e+02 1.372445000000000073e+04
1.132000000000000000e+03 1.372500000000000000e+04
9.000000000000000000e+02 1.372635000000000036e+04
1.172000000000000000e+03 1.373085000000000036e+04
8.440000000000000000e+02 1.373220000000000073e+04
9.560000000000000000e+02 1.373360000000000036e+04
1.044000000000000000e+03 1.373535000000000036e+04
9.960000000000000000e+02 1.373914999999999964e+04
9.240000000000000000e+02 1.373995000000000073e+04
9.880000000000000000e+02 1.374000000000000000e+04
9.160000000000000000e+02 1.374064999999999964e+04
1.116000000000000000e+03 1.374185000000000036e+04
9.080000000000000000e+02 1.374225000000000000e+04
9.800000000000000000e+02 1.374464999999999964e+04
1.020000000000000000e+03 1.374470000000000073e+04
8.920000000000000000e+02 1.374570000000000073e+04
1.100000000000000000e+03 1.374655000000000109e+04
1.156000000000000000e+03 1.374660000000000036e+04
1.004000000000000000e+03 1.374685000000000036e+04
8.600000000000000000e+02 1.374805000000000109e+04
8.760000000000000000e+02 1.374814999999999964e+04
1.012000000000000000e+03 1.374970000000000073e+04
9.720000000000000000e+02 1.375380000000000109e+04
1.092000000000000000e+03 1.375495000000000073e+04
1.068000000000000000e+03 1.375660000000000036e+04
8.200000000000000000e+02 1.375810000000000036e+04
8.680000000000000000e+02 1.375810000000000036e+04
9.320000000000000000e+02 1.375855000000000109e+04
1.084000000000000000e+03 1.375855000000000109e+04
8.040000000000000000e+02 1.375950000000000000e+04
1.148000000000000000e+03 1.376045000000000073e+04
1.028000000000000000e+03 1.376085000000000036e+04
1.108000000000000000e+03 1.376414999999999964e+04
1.124000000000000000e+03 1.376670000000000073e+04
9.480000000000000000e+02 1.376689999999999964e+04
8.360000000000000000e+02 1.377010000000000036e+04
9.400000000000000000e+02 1.377189999999999964e+04
1.132000000000000000e+03 1.377239999999999964e+04
8.520000000000000000e+02 1.377250000000000000e+04
1.180000000000000000e+03 1.377275000000000000e+04
8.840000000000000000e+02 1.377530000000000109e+04
9.080000000000000000e+02 1.377580000000000109e+04
1.188000000000000000e+03 1.377775000000000000e+04
8.920000000000000000e+02 1.377889999999999964e+04
9.640000000000000000e+02 1.378039999999999964e+04
9.880000000000000000e+02 1.378245000000000073e+04
8.280000000000000000e+02 1.378300000000000000e+04
1.100000000000000000e+03 1.378345000000000073e+04
9.240000000000000000e+02 1.378380000000000109e+04
8.120000000000000000e+02 1.378685000000000036e+04
8.040000000000000000e+02 1.378810000000000036e+04
1.164000000000000000e+03 1.378860000000000036e+04
1.116000000000000000e+03 1.379035000000000036e+04
1.076000000000000000e+03 1.379105000000000109e+04
8.440000000000000000e+02 1.379125000000000000e+04
9.960000000000000000e+02 1.379130000000000109e+04
8.760000000000000000e+02 1.379175000000000000e+04
1.020000000000000000e+03 1.379210000000000036e+04
1.044000000000000000e+03 1.379239999999999964e+04
1.140000000000000000e+03 1.379255000000000109e+04
1.036000000000000000e+03 1.379300000000000000e+04
9.000000000000000000e+02 1.379800000000000000e+04
1.092000000000000000e+03 1.379830000000000109e+04
1.084000000000000000e+03 1.379895000000000073e+04
9.560000000000000000e+02 1.379920000000000073e+04
1.012000000000000000e+03 1.379935000000000036e+04
1.180000000000000000e+03 1.380435000000000036e+04
9.800000000000000000e+02 1.380635000000000036e+04
8.600000000000000000e+02 1.380660000000000036e+04
8.680000000000000000e+02 1.380905000000000109e+04
8.360000000000000000e+02 1.381010000000000036e+04
8.920000000000000000e+02 1.381039999999999964e+04
1.052000000000000000e+03 1.381039999999999964e+04
1.196000000000000000e+03 1.381064999999999964e+04
1.124000000000000000e+03 1.381080000000000109e+04
9.880000000000000000e+02 1.381130000000000109e+04
9.080000000000000000e+02 1.381150000000000000e+04
8.200000000000000000e+02 1.381175000000000000e+04
1.028000000000000000e+03 1.381270000000000073e+04
1.156000000000000000e+03 1.381520000000000073e+04
1.068000000000000000e+03 1.381625000000000000e+04
1.132000000000000000e+03 1.381730000000000109e+04
1.116000000000000000e+03 1.381745000000000073e+04
1.076000000000000000e+03 1.381789999999999964e+04
9.320000000000000000e+02 1.382380000000000109e+04
9.720000000000000000e+02 1.382410000000000036e+04
1.100000000000000000e+03 1.382475000000000000e+04
9.640000000000000000e+02 1.382530000000000109e+04
9.160000000000000000e+02 1.382564999999999964e+04
1.188000000000000000e+03 1.382620000000000073e+04
8.280000000000000000e+02 1.382845000000000073e+04
9.960000000000000000e+02 1.383180000000000109e+04
1.012000000000000000e+03 1.383200000000000000e+04
1.020000000000000000e+03 1.383239999999999964e+04
9.400000000000000000e+02 1.383325000000000000e+04
1.028000000000000000e+03 1.383785000000000036e+04
8.120000000000000000e+02 1.383835000000000036e+04
9.880000000000000000e+02 1.383835000000000036e+04
8.760000000000000000e+02 1.383864999999999964e+04
9.240000000000000000e+02 1.384225000000000000e+04
8.200000000000000000e+02 1.384255000000000109e+04
8.920000000000000000e+02 1.384325000000000000e+04
1.116000000000000000e+03 1.384385000000000036e+04
1.004000000000000000e+03 1.384405000000000109e+04
8.360000000000000000e+02 1.384460000000000036e+04
1.124000000000000000e+03 1.384505000000000109e+04
8.440000000000000000e+02 1.384610000000000036e+04
9.080000000000000000e+02 1.384630000000000109e+04
1.068000000000000000e+03 1.384845000000000073e+04
1.060000000000000000e+03 1.385010000000000036e+04
9.000000000000000000e+02 1.385300000000000000e+04
8.680000000000000000e+02 1.385385000000000036e+04
8.520000000000000000e+02 1.385445000000000073e+04
1.020000000000000000e+03 1.385475000000000000e+04
8.840000000000000000e+02 1.385539999999999964e+04
8.040000000000000000e+02 1.385585000000000036e+04
9.560000000000000000e+02 1.385795000000000073e+04
1.148000000000000000e+03 1.385830000000000109e+04
8.600000000000000000e+02 1.385839999999999964e+04
1.076000000000000000e+03 1.385855000000000109e+04
1.044000000000000000e+03 1.386150000000000000e+04
8.280000000000000000e+02 1.386155000000000109e+04
9.720000000000000000e+02 1.386200000000000000e+04
1.012000000000000000e+03 1.386289999999999964e+04
1.180000000000000000e+03 1.386725000000000000e+04
9.960000000000000000e+02 1.387000000000000000e+04
1.100000000000000000e+03 1.387095000000000073e+04
8.360000000000000000e+02 1.387125000000000000e+04
9.480000000000000000e+02 1.387139999999999964e+04
1.172000000000000000e+03 1.387155000000000109e+04
8.760000000000000000e+02 1.387439999999999964e+04
8.120000000000000000e+02 1.387755000000000109e+04
1.156000000000000000e+03 1.387900000000000000e+04
1.092000000000000000e+03 1.387945000000000073e+04
9.880000000000000000e+02 1.388130000000000109e+04
9.240000000000000000e+02 1.388145000000000073e+04
1.140000000000000000e+03 1.388235000000000036e+04
1.164000000000000000e+03 1.388264999999999964e+04
9.800000000000000000e+02 1.388335000000000036e+04
1.196000000000000000e+03 1.388435000000000036e+04
8.600000000000000000e+02 1.388514999999999964e+04
8.680000000000000000e+02 1.388805000000000109e+04
1.124000000000000000e+03 1.388820000000000073e+04
8.920000000000000000e+02 1.388910000000000036e+04
1.004000000000000000e+03 1.388960000000000036e+04
9.320000000000000000e+02 1.389020000000000073e+04
1.076000000000000000e+03 1.389064999999999964e+04
9.080000000000000000e+02 1.389135000000000036e+04
1.044000000000000000e+03 1.389605000000000109e+04
1.116000000000000000e+03 1.389625000000000000e+04
9.000000000000000000e+02 1.389735000000000036e+04
1.132000000000000000e+03 1.389795000000000073e+04
1.020000000000000000e+03 1.389830000000000109e+04
1.036000000000000000e+03 1.390085000000000036e+04
1.028000000000000000e+03 1.390135000000000036e+04
9.640000000000000000e+02 1.390185000000000036e+04
9.720000000000000000e+02 1.390230000000000109e+04
8.360000000000000000e+02 1.390350000000000000e+04
8.840000000000000000e+02 1.390425000000000000e+04
1.180000000000000000e+03 1.390545000000000073e+04
1.012000000000000000e+03 1.390739999999999964e+04
8.120000000000000000e+02 1.390785000000000036e+04
8.200000000000000000e+02 1.390835000000000036e+04
9.560000000000000000e+02 1.390839999999999964e+04
9.400000000000000000e+02 1.390900000000000000e+04
9.880000000000000000e+02 1.391464999999999964e+04
8.040000000000000000e+02 1.391539999999999964e+04
1.084000000000000000e+03 1.391625000000000000e+04
1.068000000000000000e+03 1.391710000000000036e+04
1.076000000000000000e+03 1.391714999999999964e+04
9.240000000000000000e+02 1.391780000000000109e+04
1.004000000000000000e+03 1.392335000000000036e+04
9.160000000000000000e+02 1.392495000000000073e+04
9.480000000000000000e+02 1.392585000000000036e+04
8.520000000000000000e+02 1.392610000000000036e+04
1.148000000000000000e+03 1.392660000000000036e+04
1.108000000000000000e+03 1.392664999999999964e+04
8.200000000000000000e+02 1.392714999999999964e+04
1.100000000000000000e+03 1.392730000000000109e+04
1.052000000000000000e+03 1.392825000000000000e+04
1.164000000000000000e+03 1.392835000000000036e+04
8.600000000000000000e+02 1.392864999999999964e+04
1.044000000000000000e+03 1.392885000000000036e+04
1.132000000000000000e+03 1.393120000000000073e+04
8.760000000000000000e+02 1.393264999999999964e+04
1.116000000000000000e+03 1.393300000000000000e+04
9.960000000000000000e+02 1.393364999999999964e+04
9.720000000000000000e+02 1.393485000000000036e+04
9.080000000000000000e+02 1.393530000000000109e+04
8.920000000000000000e+02 1.393960000000000036e+04
1.020000000000000000e+03 1.394010000000000036e+04
1.188000000000000000e+03 1.394055000000000109e+04
1.012000000000000000e+03 1.394670000000000073e+04
9.880000000000000000e+02 1.394710000000000036e+04
1.028000000000000000e+03 1.394920000000000073e+04
9.320000000000000000e+02 1.394980000000000109e+04
9.400000000000000000e+02 1.395005000000000109e+04
9.800000000000000000e+02 1.395105000000000109e+04
1.148000000000000000e+03 1.395270000000000073e+04
1.124000000000000000e+03 1.395314999999999964e+04
1.180000000000000000e+03 1.395355000000000109e+04
8.360000000000000000e+02 1.395485000000000036e+04
1.060000000000000000e+03 1.395495000000000073e+04
1.092000000000000000e+03 1.395539999999999964e+04
8.840000000000000000e+02 1.395925000000000000e+04
1.068000000000000000e+03 1.396100000000000000e+04
1.100000000000000000e+03 1.396120000000000073e+04
8.200000000000000000e+02 1.396185000000000036e+04
1.076000000000000000e+03 1.396185000000000036e+04
8.760000000000000000e+02 1.396245000000000073e+04
8.600000000000000000e+02 1.396675000000000000e+04
1.172000000000000000e+03 1.396725000000000000e+04
9.960000000000000000e+02 1.396814999999999964e+04
8.120000000000000000e+02 1.396945000000000073e+04
8.680000000000000000e+02 1.396955000000000109e+04
1.156000000000000000e+03 1.396980000000000109e+04
9.080000000000000000e+02 1.397020000000000073e+04
1.132000000000000000e+03 1.397014999999999964e+04
1.140000000000000000e+03 1.397020000000000073e+04
1.004000000000000000e+03 1.397030000000000109e+04
8.280000000000000000e+02 1.397505000000000109e+04
1.036000000000000000e+03 1.397564999999999964e+04
1.148000000000000000e+03 1.397745000000000073e+04
8.520000000000000000e+02 1.397825000000000000e+04
8.440000000000000000e+02 1.397955000000000109e+04
1.116000000000000000e+03 1.398114999999999964e+04
8.920000000000000000e+02 1.398380000000000109e+04
8.040000000000000000e+02 1.398389999999999964e+04
1.044000000000000000e+03 1.398514999999999964e+04
1.196000000000000000e+03 1.398775000000000000e+04
8.200000000000000000e+02 1.398870000000000073e+04
1.076000000000000000e+03 1.398914999999999964e+04
1.124000000000000000e+03 1.398950000000000000e+04
1.020000000000000000e+03 1.398989999999999964e+04
9.880000000000000000e+02 1.399030000000000109e+04
9.240000000000000000e+02 1.399114999999999964e+04
1.180000000000000000e+03 1.399400000000000000e+04
1.068000000000000000e+03 1.399435000000000036e+04
1.164000000000000000e+03 1.399475000000000000e+04
1.052000000000000000e+03 1.399750000000000000e+04
1.012000000000000000e+03 1.399875000000000000e+04
1.092000000000000000e+03 1.399900000000000000e+04
9.960000000000000000e+02 1.399960000000000036e+04
9.640000000000000000e+02 1.399989999999999964e+04
9.160000000000000000e+02 1.400030000000000109e+04
8.360000000000000000e+02 1.400110000000000036e+04
1.028000000000000000e+03 1.401155000000000109e+04
8.680000000000000000e+02 1.401275000000000000e+04
1.108000000000000000e+03 1.402860000000000036e+04
9.720000000000000000e+02 1.403089999999999964e+04
1.060000000000000000e+03 1.403545000000000073e+04
1.076000000000000000e+03 1.404050000000000000e+04
8.920000000000000000e+02 1.404620000000000073e+04
1.180000000000000000e+03 1.404960000000000036e+04
9.320000000000000000e+02 1.406970000000000073e+04
9.880000000000000000e+02 1.410700000000000000e+04
8.920000000000000000e+02 1.415455000000000109e+04
1.052000000000000000e+03 1.416835000000000036e+04
1.108000000000000000e+03 1.429614999999999964e+04
1.172000000000000000e+03 1.431305000000000109e+04
8.680000000000000000e+02 1.434385000000000036e+04
1.028000000000000000e+03 1.435314999999999964e+04
8.840000000000000000e+02 1.442470000000000073e+04
1.036000000000000000e+03 1.443814999999999964e+04
8.360000000000000000e+02 1.447564999999999964e+04
1.060000000000000000e+03 1.451730000000000109e+04
8.840000000000000000e+02 1.454300000000000000e+04
8.760000000000000000e+02 1.455720000000000073e+04
1.156000000000000000e+03 1.461570000000000073e+04
1.100000000000000000e+03 1.463055000000000109e+04
9.560000000000000000e+02 1.469700000000000000e+04
9.640000000000000000e+02 1.469864999999999964e+04
1.076000000000000000e+03 1.475035000000000036e+04
1.148000000000000000e+03 1.480400000000000000e+04
9.960000000000000000e+02 1.480835000000000036e+04
1.108000000000000000e+03 1.481905000000000109e+04
1.076000000000000000e+03 1.484825000000000000e+04
8.200000000000000000e+02 1.485439999999999964e+04
9.320000000000000000e+02 1.487555000000000109e+04
9.080000000000000000e+02 1.491545000000000073e+04
1.172000000000000000e+03 1.491545000000000073e+04
8.440000000000000000e+02 1.493485000000000036e+04
9.090000000000000000e+02 1.495000000000000000e+02
9.410000000000000000e+02 2.726000000000000227e+02
9.810000000000000000e+02 2.810500000000000114e+02
1.165000000000000000e+03 4.306500000000000341e+02
9.730000000000000000e+02 4.918000000000000114e+02
9.970000000000000000e+02 5.235499999999999545e+02
8.370000000000000000e+02 5.376000000000000227e+02
9.250000000000000000e+02 5.494500000000000455e+02
1.149000000000000000e+03 5.741499999999999773e+02
9.010000000000000000e+02 6.458500000000000227e+02
1.005000000000000000e+03 6.620000000000000000e+02
8.370000000000000000e+02 6.881000000000000227e+02
1.117000000000000000e+03 6.885500000000000682e+02
1.181000000000000000e+03 7.463000000000000682e+02
9.730000000000000000e+02 7.721000000000000227e+02
1.149000000000000000e+03 9.156499999999999773e+02
8.850000000000000000e+02 9.464500000000000455e+02
8.370000000000000000e+02 9.728999999999999773e+02
1.077000000000000000e+03 1.020200000000000045e+03
1.133000000000000000e+03 1.031549999999999955e+03
1.149000000000000000e+03 1.034200000000000045e+03
1.125000000000000000e+03 1.082299999999999955e+03
1.117000000000000000e+03 1.126500000000000000e+03
8.770000000000000000e+02 1.143650000000000091e+03
1.053000000000000000e+03 1.293200000000000045e+03
9.010000000000000000e+02 1.324150000000000091e+03
8.210000000000000000e+02 1.346000000000000000e+03
8.610000000000000000e+02 1.433200000000000045e+03
1.029000000000000000e+03 1.440549999999999955e+03
1.189000000000000000e+03 1.444750000000000000e+03
8.210000000000000000e+02 1.489000000000000000e+03
9.010000000000000000e+02 1.493600000000000136e+03
1.093000000000000000e+03 1.536350000000000136e+03
9.410000000000000000e+02 1.616650000000000091e+03
1.165000000000000000e+03 1.659000000000000000e+03
1.005000000000000000e+03 1.702850000000000136e+03
8.370000000000000000e+02 1.740750000000000000e+03
8.130000000000000000e+02 1.992950000000000045e+03
8.930000000000000000e+02 2.096099999999999909e+03
8.130000000000000000e+02 2.188450000000000273e+03
1.069000000000000000e+03 2.203300000000000182e+03
1.013000000000000000e+03 2.223650000000000091e+03
8.370000000000000000e+02 2.245550000000000182e+03
9.170000000000000000e+02 2.370750000000000000e+03
9.890000000000000000e+02 2.373750000000000000e+03
1.069000000000000000e+03 2.390099999999999909e+03
1.125000000000000000e+03 2.435800000000000182e+03
1.101000000000000000e+03 2.435950000000000273e+03
1.021000000000000000e+03 2.453349999999999909e+03
1.165000000000000000e+03 2.557849999999999909e+03
8.290000000000000000e+02 2.610200000000000273e+03
8.850000000000000000e+02 2.618599999999999909e+03
1.021000000000000000e+03 2.663349999999999909e+03
1.029000000000000000e+03 2.675200000000000273e+03
9.890000000000000000e+02 2.684349999999999909e+03
9.970000000000000000e+02 2.755800000000000182e+03
9.010000000000000000e+02 2.757400000000000091e+03
1.077000000000000000e+03 2.775450000000000273e+03
1.021000000000000000e+03 2.797450000000000273e+03
8.370000000000000000e+02 2.850349999999999909e+03
1.157000000000000000e+03 2.901500000000000000e+03
1.173000000000000000e+03 2.903099999999999909e+03
9.570000000000000000e+02 2.915650000000000091e+03
1.197000000000000000e+03 2.915750000000000000e+03
1.093000000000000000e+03 2.962050000000000182e+03
8.050000000000000000e+02 2.968500000000000000e+03
1.053000000000000000e+03 6.107050000000000182e+03
1.013000000000000000e+03 6.231300000000000182e+03
1.109000000000000000e+03 6.269100000000000364e+03
1.045000000000000000e+03 6.294900000000000546e+03
8.770000000000000000e+02 6.297400000000000546e+03
1.181000000000000000e+03 6.308750000000000000e+03
1.029000000000000000e+03 6.326949999999999818e+03
1.061000000000000000e+03 6.386699999999999818e+03
9.010000000000000000e+02 6.431949999999999818e+03
1.189000000000000000e+03 6.456050000000000182e+03
1.197000000000000000e+03 6.501750000000000000e+03
8.050000000000000000e+02 6.513550000000000182e+03
9.330000000000000000e+02 6.624550000000000182e+03
9.170000000000000000e+02 6.708800000000000182e+03
9.330000000000000000e+02 6.759850000000000364e+03
8.690000000000000000e+02 6.760600000000000364e+03
9.170000000000000000e+02 6.801600000000000364e+03
8.450000000000000000e+02 6.993500000000000000e+03
9.490000000000000000e+02 1.005630000000000109e+04
1.061000000000000000e+03 1.009064999999999964e+04
1.005000000000000000e+03 1.020305000000000109e+04
9.010000000000000000e+02 1.021314999999999964e+04
1.101000000000000000e+03 1.037695000000000073e+04
9.010000000000000000e+02 1.041645000000000073e+04
1.005000000000000000e+03 1.042895000000000073e+04
9.810000000000000000e+02 1.045925000000000000e+04
1.061000000000000000e+03 1.049875000000000000e+04
1.053000000000000000e+03 1.053360000000000036e+04
1.197000000000000000e+03 1.055345000000000073e+04
9.970000000000000000e+02 1.057745000000000073e+04
8.610000000000000000e+02 1.067525000000000000e+04
1.197000000000000000e+03 1.079905000000000109e+04
1.029000000000000000e+03 1.091685000000000036e+04
9.010000000000000000e+02 1.096550000000000000e+04
9.170000000000000000e+02 1.100570000000000073e+04
1.157000000000000000e+03 1.100595000000000073e+04
1.077000000000000000e+03 1.100614999999999964e+04
1.013000000000000000e+03 1.100755000000000109e+04
8.050000000000000000e+02 1.100775000000000000e+04
9.250000000000000000e+02 1.100839999999999964e+04
1.141000000000000000e+03 1.100835000000000036e+04
8.610000000000000000e+02 1.101480000000000109e+04
9.330000000000000000e+02 1.101539999999999964e+04
1.117000000000000000e+03 1.101710000000000036e+04
1.085000000000000000e+03 1.101839999999999964e+04
8.770000000000000000e+02 1.101845000000000073e+04
8.290000000000000000e+02 1.102005000000000109e+04
1.133000000000000000e+03 1.102250000000000000e+04
8.930000000000000000e+02 1.102310000000000036e+04
9.570000000000000000e+02 1.102585000000000036e+04
1.189000000000000000e+03 1.102675000000000000e+04
1.197000000000000000e+03 1.103139999999999964e+04
1.149000000000000000e+03 1.103200000000000000e+04
1.005000000000000000e+03 1.103225000000000000e+04
1.021000000000000000e+03 1.103255000000000109e+04
1.093000000000000000e+03 1.103275000000000000e+04
9.010000000000000000e+02 1.103910000000000036e+04
9.650000000000000000e+02 1.104150000000000000e+04
1.045000000000000000e+03 1.104145000000000073e+04
8.210000000000000000e+02 1.104230000000000109e+04
9.810000000000000000e+02 1.104350000000000000e+04
1.013000000000000000e+03 1.104510000000000036e+04
1.173000000000000000e+03 1.104600000000000000e+04
1.101000000000000000e+03 1.104970000000000073e+04
1.181000000000000000e+03 1.105085000000000036e+04
8.850000000000000000e+02 1.105105000000000109e+04
8.530000000000000000e+02 1.105214999999999964e+04
1.069000000000000000e+03 1.105620000000000073e+04
9.330000000000000000e+02 1.105720000000000073e+04
1.165000000000000000e+03 1.105885000000000036e+04
1.053000000000000000e+03 1.105905000000000109e+04
1.125000000000000000e+03 1.105980000000000109e+04
8.050000000000000000e+02 1.106120000000000073e+04
8.690000000000000000e+02 1.106325000000000000e+04
9.490000000000000000e+02 1.106720000000000073e+04
8.450000000000000000e+02 1.106735000000000036e+04
9.730000000000000000e+02 1.106770000000000073e+04
1.029000000000000000e+03 1.106910000000000036e+04
1.133000000000000000e+03 1.107405000000000109e+04
8.770000000000000000e+02 1.107435000000000036e+04
1.061000000000000000e+03 1.107470000000000073e+04
1.077000000000000000e+03 1.107545000000000073e+04
1.085000000000000000e+03 1.107830000000000109e+04
9.570000000000000000e+02 1.108085000000000036e+04
9.970000000000000000e+02 1.108130000000000109e+04
9.890000000000000000e+02 1.108300000000000000e+04
1.189000000000000000e+03 1.108314999999999964e+04
9.650000000000000000e+02 1.108580000000000109e+04
8.370000000000000000e+02 1.108760000000000036e+04
9.810000000000000000e+02 1.108814999999999964e+04
8.610000000000000000e+02 1.108925000000000000e+04
8.130000000000000000e+02 1.108970000000000073e+04
1.093000000000000000e+03 1.109180000000000109e+04
1.109000000000000000e+03 1.109175000000000000e+04
8.690000000000000000e+02 1.109914999999999964e+04
8.530000000000000000e+02 1.110120000000000073e+04
1.125000000000000000e+03 1.110160000000000036e+04
1.197000000000000000e+03 1.110239999999999964e+04
1.165000000000000000e+03 1.110489999999999964e+04
1.053000000000000000e+03 1.110814999999999964e+04
1.029000000000000000e+03 1.110880000000000109e+04
1.085000000000000000e+03 1.111430000000000109e+04
8.610000000000000000e+02 1.112339999999999964e+04
9.970000000000000000e+02 1.112370000000000073e+04
1.117000000000000000e+03 1.112380000000000109e+04
1.061000000000000000e+03 1.112389999999999964e+04
8.050000000000000000e+02 1.112425000000000000e+04
9.010000000000000000e+02 1.112439999999999964e+04
8.850000000000000000e+02 1.112455000000000109e+04
8.450000000000000000e+02 1.112505000000000109e+04
9.410000000000000000e+02 1.112589999999999964e+04
1.013000000000000000e+03 1.112730000000000109e+04
1.125000000000000000e+03 1.112855000000000109e+04
9.810000000000000000e+02 1.112945000000000073e+04
1.093000000000000000e+03 1.112960000000000036e+04
1.173000000000000000e+03 1.113070000000000073e+04
1.149000000000000000e+03 1.113210000000000036e+04
9.170000000000000000e+02 1.113289999999999964e+04
1.069000000000000000e+03 1.113400000000000000e+04
1.141000000000000000e+03 1.113480000000000109e+04
1.077000000000000000e+03 1.113614999999999964e+04
8.130000000000000000e+02 1.113705000000000109e+04
9.570000000000000000e+02 1.114455000000000109e+04
1.037000000000000000e+03 1.114770000000000073e+04
8.770000000000000000e+02 1.114810000000000036e+04
8.210000000000000000e+02 1.114835000000000036e+04
8.290000000000000000e+02 1.114989999999999964e+04
1.157000000000000000e+03 1.114995000000000073e+04
1.133000000000000000e+03 1.115495000000000073e+04
9.250000000000000000e+02 1.115585000000000036e+04
1.005000000000000000e+03 1.116189999999999964e+04
1.197000000000000000e+03 1.116189999999999964e+04
8.610000000000000000e+02 1.116410000000000036e+04
8.450000000000000000e+02 1.116810000000000036e+04
1.117000000000000000e+03 1.116825000000000000e+04
1.069000000000000000e+03 1.117220000000000073e+04
9.730000000000000000e+02 1.117310000000000036e+04
1.101000000000000000e+03 1.117470000000000073e+04
1.045000000000000000e+03 1.117485000000000036e+04
1.125000000000000000e+03 1.117614999999999964e+04
1.181000000000000000e+03 1.117655000000000109e+04
1.173000000000000000e+03 1.117745000000000073e+04
1.093000000000000000e+03 1.118085000000000036e+04
1.141000000000000000e+03 1.118330000000000109e+04
9.490000000000000000e+02 1.118425000000000000e+04
1.085000000000000000e+03 1.118705000000000109e+04
1.165000000000000000e+03 1.119014999999999964e+04
1.013000000000000000e+03 1.119130000000000109e+04
9.970000000000000000e+02 1.119230000000000109e+04
8.770000000000000000e+02 1.119300000000000000e+04
8.690000000000000000e+02 1.119539999999999964e+04
8.050000000000000000e+02 1.119705000000000109e+04
1.021000000000000000e+03 1.119730000000000109e+04
8.930000000000000000e+02 1.119750000000000000e+04
1.061000000000000000e+03 1.120160000000000036e+04
1.197000000000000000e+03 1.120200000000000000e+04
9.570000000000000000e+02 1.120225000000000000e+04
1.189000000000000000e+03 1.120239999999999964e+04
9.090000000000000000e+02 1.120300000000000000e+04
8.370000000000000000e+02 1.120414999999999964e+04
1.157000000000000000e+03 1.120439999999999964e+04
8.530000000000000000e+02 1.120580000000000109e+04
9.890000000000000000e+02 1.120820000000000073e+04
1.029000000000000000e+03 1.120925000000000000e+04
1.149000000000000000e+03 1.120964999999999964e+04
9.330000000000000000e+02 1.121145000000000073e+04
8.850000000000000000e+02 1.121875000000000000e+04
1.109000000000000000e+03 1.121900000000000000e+04
9.170000000000000000e+02 1.121950000000000000e+04
1.077000000000000000e+03 1.121955000000000109e+04
1.045000000000000000e+03 1.122155000000000109e+04
9.490000000000000000e+02 1.122695000000000073e+04
9.410000000000000000e+02 1.122780000000000109e+04
8.210000000000000000e+02 1.123339999999999964e+04
9.650000000000000000e+02 1.123339999999999964e+04
8.050000000000000000e+02 1.123439999999999964e+04
1.133000000000000000e+03 1.123560000000000036e+04
1.053000000000000000e+03 1.123614999999999964e+04
1.085000000000000000e+03 1.123614999999999964e+04
9.570000000000000000e+02 1.123625000000000000e+04
8.290000000000000000e+02 1.123810000000000036e+04
8.530000000000000000e+02 1.124250000000000000e+04
1.021000000000000000e+03 1.124364999999999964e+04
8.930000000000000000e+02 1.124470000000000073e+04
1.189000000000000000e+03 1.124555000000000109e+04
1.149000000000000000e+03 1.124630000000000109e+04
1.101000000000000000e+03 1.124900000000000000e+04
9.730000000000000000e+02 1.125000000000000000e+04
9.810000000000000000e+02 1.125045000000000073e+04
1.125000000000000000e+03 1.125130000000000109e+04
9.250000000000000000e+02 1.125639999999999964e+04
9.890000000000000000e+02 1.125645000000000073e+04
1.037000000000000000e+03 1.126189999999999964e+04
8.450000000000000000e+02 1.126335000000000036e+04
1.029000000000000000e+03 1.126614999999999964e+04
1.197000000000000000e+03 1.126689999999999964e+04
1.093000000000000000e+03 1.126850000000000000e+04
1.013000000000000000e+03 1.126895000000000073e+04
8.770000000000000000e+02 1.126905000000000109e+04
9.170000000000000000e+02 1.127064999999999964e+04
1.157000000000000000e+03 1.127150000000000000e+04
8.050000000000000000e+02 1.127280000000000109e+04
9.650000000000000000e+02 1.127310000000000036e+04
9.330000000000000000e+02 1.127455000000000109e+04
1.165000000000000000e+03 1.127945000000000073e+04
1.077000000000000000e+03 1.127964999999999964e+04
8.850000000000000000e+02 1.128030000000000109e+04
1.117000000000000000e+03 1.128230000000000109e+04
8.290000000000000000e+02 1.128445000000000073e+04
9.970000000000000000e+02 1.128460000000000036e+04
8.610000000000000000e+02 1.128580000000000109e+04
1.053000000000000000e+03 1.128730000000000109e+04
1.005000000000000000e+03 1.128945000000000073e+04
9.250000000000000000e+02 1.128964999999999964e+04
9.090000000000000000e+02 1.129239999999999964e+04
8.370000000000000000e+02 1.129245000000000073e+04
9.570000000000000000e+02 1.129505000000000109e+04
9.890000000000000000e+02 1.129535000000000036e+04
1.085000000000000000e+03 1.130055000000000109e+04
8.450000000000000000e+02 1.130610000000000036e+04
8.210000000000000000e+02 1.130775000000000000e+04
1.125000000000000000e+03 1.130835000000000036e+04
8.930000000000000000e+02 1.130855000000000109e+04
8.050000000000000000e+02 1.130930000000000109e+04
1.021000000000000000e+03 1.130980000000000109e+04
1.093000000000000000e+03 1.130975000000000000e+04
9.170000000000000000e+02 1.131089999999999964e+04
1.109000000000000000e+03 1.131139999999999964e+04
1.029000000000000000e+03 1.131189999999999964e+04
1.157000000000000000e+03 1.131325000000000000e+04
1.045000000000000000e+03 1.131710000000000036e+04
8.690000000000000000e+02 1.131745000000000073e+04
9.090000000000000000e+02 1.132375000000000000e+04
1.053000000000000000e+03 1.132439999999999964e+04
1.069000000000000000e+03 1.132445000000000073e+04
1.149000000000000000e+03 1.132710000000000036e+04
9.490000000000000000e+02 1.132970000000000073e+04
8.530000000000000000e+02 1.133000000000000000e+04
1.117000000000000000e+03 1.133014999999999964e+04
1.037000000000000000e+03 1.133055000000000109e+04
9.730000000000000000e+02 1.133080000000000109e+04
9.570000000000000000e+02 1.133145000000000073e+04
1.165000000000000000e+03 1.133289999999999964e+04
1.109000000000000000e+03 1.133320000000000073e+04
1.181000000000000000e+03 1.133345000000000073e+04
1.077000000000000000e+03 1.133510000000000036e+04
1.189000000000000000e+03 1.133789999999999964e+04
9.410000000000000000e+02 1.133955000000000109e+04
1.197000000000000000e+03 1.134039999999999964e+04
1.101000000000000000e+03 1.134064999999999964e+04
9.010000000000000000e+02 1.134275000000000000e+04
9.650000000000000000e+02 1.134414999999999964e+04
8.130000000000000000e+02 1.134485000000000036e+04
8.610000000000000000e+02 1.134570000000000073e+04
8.770000000000000000e+02 1.134575000000000000e+04
8.290000000000000000e+02 1.134789999999999964e+04
8.050000000000000000e+02 1.134930000000000109e+04
9.890000000000000000e+02 1.134939999999999964e+04
9.970000000000000000e+02 1.134935000000000036e+04
1.093000000000000000e+03 1.134945000000000073e+04
1.061000000000000000e+03 1.134995000000000073e+04
8.450000000000000000e+02 1.135395000000000073e+04
8.850000000000000000e+02 1.135500000000000000e+04
1.077000000000000000e+03 1.136095000000000073e+04
9.170000000000000000e+02 1.136385000000000036e+04
1.021000000000000000e+03 1.136389999999999964e+04
1.069000000000000000e+03 1.136535000000000036e+04
1.005000000000000000e+03 1.136610000000000036e+04
8.690000000000000000e+02 1.136905000000000109e+04
8.370000000000000000e+02 1.137030000000000109e+04
1.157000000000000000e+03 1.137260000000000036e+04
1.133000000000000000e+03 1.137360000000000036e+04
1.117000000000000000e+03 1.137550000000000000e+04
9.570000000000000000e+02 1.137770000000000073e+04
9.250000000000000000e+02 1.137789999999999964e+04
1.149000000000000000e+03 1.137825000000000000e+04
8.930000000000000000e+02 1.137889999999999964e+04
8.210000000000000000e+02 1.138289999999999964e+04
1.045000000000000000e+03 1.138345000000000073e+04
8.450000000000000000e+02 1.138420000000000073e+04
1.165000000000000000e+03 1.138439999999999964e+04
9.010000000000000000e+02 1.138485000000000036e+04
1.029000000000000000e+03 1.138520000000000073e+04
8.530000000000000000e+02 1.138675000000000000e+04
1.141000000000000000e+03 1.138855000000000109e+04
8.290000000000000000e+02 1.139005000000000109e+04
1.125000000000000000e+03 1.139025000000000000e+04
1.173000000000000000e+03 1.139100000000000000e+04
1.013000000000000000e+03 1.139395000000000073e+04
8.130000000000000000e+02 1.139495000000000073e+04
8.610000000000000000e+02 1.139955000000000109e+04
9.090000000000000000e+02 1.140114999999999964e+04
1.053000000000000000e+03 1.140185000000000036e+04
8.690000000000000000e+02 1.140285000000000036e+04
1.157000000000000000e+03 1.140445000000000073e+04
9.810000000000000000e+02 1.140585000000000036e+04
9.650000000000000000e+02 1.141155000000000109e+04
9.970000000000000000e+02 1.141210000000000036e+04
8.210000000000000000e+02 1.141485000000000036e+04
9.330000000000000000e+02 1.141570000000000073e+04
8.850000000000000000e+02 1.141610000000000036e+04
1.021000000000000000e+03 1.141670000000000073e+04
1.029000000000000000e+03 1.141875000000000000e+04
9.170000000000000000e+02 1.141985000000000036e+04
1.005000000000000000e+03 1.142195000000000073e+04
8.050000000000000000e+02 1.142225000000000000e+04
9.250000000000000000e+02 1.142250000000000000e+04
1.045000000000000000e+03 1.142300000000000000e+04
8.290000000000000000e+02 1.142389999999999964e+04
1.085000000000000000e+03 1.142570000000000073e+04
1.069000000000000000e+03 1.142670000000000073e+04
1.061000000000000000e+03 1.142785000000000036e+04
1.181000000000000000e+03 1.142825000000000000e+04
8.130000000000000000e+02 1.142920000000000073e+04
8.770000000000000000e+02 1.143260000000000036e+04
1.189000000000000000e+03 1.143460000000000036e+04
1.125000000000000000e+03 1.143870000000000073e+04
1.141000000000000000e+03 1.143895000000000073e+04
1.165000000000000000e+03 1.143945000000000073e+04
9.010000000000000000e+02 1.144089999999999964e+04
8.370000000000000000e+02 1.144335000000000036e+04
1.117000000000000000e+03 1.144385000000000036e+04
1.109000000000000000e+03 1.144475000000000000e+04
1.197000000000000000e+03 1.144620000000000073e+04
1.157000000000000000e+03 1.145055000000000109e+04
9.970000000000000000e+02 1.145110000000000036e+04
1.021000000000000000e+03 1.145130000000000109e+04
1.133000000000000000e+03 1.145225000000000000e+04
8.450000000000000000e+02 1.145360000000000036e+04
9.090000000000000000e+02 1.145560000000000036e+04
8.930000000000000000e+02 1.145685000000000036e+04
9.330000000000000000e+02 1.146225000000000000e+04
8.690000000000000000e+02 1.146470000000000073e+04
8.210000000000000000e+02 1.146585000000000036e+04
8.530000000000000000e+02 1.146639999999999964e+04
9.890000000000000000e+02 1.146645000000000073e+04
9.810000000000000000e+02 1.146845000000000073e+04
1.101000000000000000e+03 1.147005000000000109e+04
8.130000000000000000e+02 1.147114999999999964e+04
1.013000000000000000e+03 1.147650000000000000e+04
1.125000000000000000e+03 1.147735000000000036e+04
1.077000000000000000e+03 1.148125000000000000e+04
1.029000000000000000e+03 1.148305000000000109e+04
8.050000000000000000e+02 1.148580000000000109e+04
8.770000000000000000e+02 1.148655000000000109e+04
1.197000000000000000e+03 1.148860000000000036e+04
9.410000000000000000e+02 1.148864999999999964e+04
1.181000000000000000e+03 1.148870000000000073e+04
1.157000000000000000e+03 1.148975000000000000e+04
1.061000000000000000e+03 1.149035000000000036e+04
1.053000000000000000e+03 1.149070000000000073e+04
1.117000000000000000e+03 1.149085000000000036e+04
8.290000000000000000e+02 1.149100000000000000e+04
1.069000000000000000e+03 1.149385000000000036e+04
9.730000000000000000e+02 1.149535000000000036e+04
9.250000000000000000e+02 1.149610000000000036e+04
8.210000000000000000e+02 1.149739999999999964e+04
9.650000000000000000e+02 1.149775000000000000e+04
1.021000000000000000e+03 1.149925000000000000e+04
1.133000000000000000e+03 1.150164999999999964e+04
8.690000000000000000e+02 1.150320000000000073e+04
1.149000000000000000e+03 1.150445000000000073e+04
9.810000000000000000e+02 1.150595000000000073e+04
9.570000000000000000e+02 1.150605000000000109e+04
8.850000000000000000e+02 1.151010000000000036e+04
1.109000000000000000e+03 1.151014999999999964e+04
1.037000000000000000e+03 1.151045000000000073e+04
9.010000000000000000e+02 1.151055000000000109e+04
8.610000000000000000e+02 1.151125000000000000e+04
1.029000000000000000e+03 1.151235000000000036e+04
8.530000000000000000e+02 1.152139999999999964e+04
9.490000000000000000e+02 1.152385000000000036e+04
8.450000000000000000e+02 1.152425000000000000e+04
9.250000000000000000e+02 1.152514999999999964e+04
1.069000000000000000e+03 1.152920000000000073e+04
1.045000000000000000e+03 1.153020000000000073e+04
9.890000000000000000e+02 1.153070000000000073e+04
1.101000000000000000e+03 1.153085000000000036e+04
9.970000000000000000e+02 1.153245000000000073e+04
8.770000000000000000e+02 1.153530000000000109e+04
1.005000000000000000e+03 1.153530000000000109e+04
1.133000000000000000e+03 1.153539999999999964e+04
8.290000000000000000e+02 1.153700000000000000e+04
1.109000000000000000e+03 1.153760000000000036e+04
1.165000000000000000e+03 1.153800000000000000e+04
1.061000000000000000e+03 1.153814999999999964e+04
8.370000000000000000e+02 1.153855000000000109e+04
1.093000000000000000e+03 1.153889999999999964e+04
1.149000000000000000e+03 1.153885000000000036e+04
9.730000000000000000e+02 1.154080000000000109e+04
8.050000000000000000e+02 1.154135000000000036e+04
1.077000000000000000e+03 1.154445000000000073e+04
9.410000000000000000e+02 1.154620000000000073e+04
1.013000000000000000e+03 1.154630000000000109e+04
9.570000000000000000e+02 1.154670000000000073e+04
8.610000000000000000e+02 1.154789999999999964e+04
1.053000000000000000e+03 1.155245000000000073e+04
1.189000000000000000e+03 1.155270000000000073e+04
1.085000000000000000e+03 1.155539999999999964e+04
1.173000000000000000e+03 1.155700000000000000e+04
1.037000000000000000e+03 1.155710000000000036e+04
8.210000000000000000e+02 1.155970000000000073e+04
9.650000000000000000e+02 1.156305000000000109e+04
8.850000000000000000e+02 1.156355000000000109e+04
9.330000000000000000e+02 1.156850000000000000e+04
1.181000000000000000e+03 1.156885000000000036e+04
9.170000000000000000e+02 1.156985000000000036e+04
9.810000000000000000e+02 1.157145000000000073e+04
1.197000000000000000e+03 1.157364999999999964e+04
8.450000000000000000e+02 1.157660000000000036e+04
9.250000000000000000e+02 1.157710000000000036e+04
1.149000000000000000e+03 1.157855000000000109e+04
1.141000000000000000e+03 1.157985000000000036e+04
1.157000000000000000e+03 1.158030000000000109e+04
1.101000000000000000e+03 1.158035000000000036e+04
9.010000000000000000e+02 1.158430000000000109e+04
1.029000000000000000e+03 1.158664999999999964e+04
9.410000000000000000e+02 1.158685000000000036e+04
1.045000000000000000e+03 1.158739999999999964e+04
9.890000000000000000e+02 1.158770000000000073e+04
1.005000000000000000e+03 1.158770000000000073e+04
9.490000000000000000e+02 1.158889999999999964e+04
1.021000000000000000e+03 1.158910000000000036e+04
1.133000000000000000e+03 1.159000000000000000e+04
8.770000000000000000e+02 1.159205000000000109e+04
9.730000000000000000e+02 1.159310000000000036e+04
8.130000000000000000e+02 1.159475000000000000e+04
8.530000000000000000e+02 1.159585000000000036e+04
1.093000000000000000e+03 1.159660000000000036e+04
8.050000000000000000e+02 1.159925000000000000e+04
1.013000000000000000e+03 1.160535000000000036e+04
1.149000000000000000e+03 1.160585000000000036e+04
9.330000000000000000e+02 1.160595000000000073e+04
9.970000000000000000e+02 1.160645000000000073e+04
1.197000000000000000e+03 1.160685000000000036e+04
1.165000000000000000e+03 1.160764999999999964e+04
1.037000000000000000e+03 1.160785000000000036e+04
8.370000000000000000e+02 1.160825000000000000e+04
1.181000000000000000e+03 1.160825000000000000e+04
1.085000000000000000e+03 1.160889999999999964e+04
9.650000000000000000e+02 1.161255000000000109e+04
1.077000000000000000e+03 1.161485000000000036e+04
1.021000000000000000e+03 1.161920000000000073e+04
8.610000000000000000e+02 1.162010000000000036e+04
8.690000000000000000e+02 1.162070000000000073e+04
1.157000000000000000e+03 1.162180000000000109e+04
8.290000000000000000e+02 1.162185000000000036e+04
1.109000000000000000e+03 1.162760000000000036e+04
9.170000000000000000e+02 1.162839999999999964e+04
9.890000000000000000e+02 1.162839999999999964e+04
1.053000000000000000e+03 1.162880000000000109e+04
9.490000000000000000e+02 1.163039999999999964e+04
1.101000000000000000e+03 1.163050000000000000e+04
8.770000000000000000e+02 1.163530000000000109e+04
9.810000000000000000e+02 1.163545000000000073e+04
1.093000000000000000e+03 1.163680000000000109e+04
1.141000000000000000e+03 1.163770000000000073e+04
1.069000000000000000e+03 1.164100000000000000e+04
9.250000000000000000e+02 1.164150000000000000e+04
8.050000000000000000e+02 1.164189999999999964e+04
9.090000000000000000e+02 1.164245000000000073e+04
1.133000000000000000e+03 1.164295000000000073e+04
9.410000000000000000e+02 1.164435000000000036e+04
8.450000000000000000e+02 1.164660000000000036e+04
1.149000000000000000e+03 1.164695000000000073e+04
1.117000000000000000e+03 1.164925000000000000e+04
9.970000000000000000e+02 1.164995000000000073e+04
1.061000000000000000e+03 1.165110000000000036e+04
1.085000000000000000e+03 1.165275000000000000e+04
9.570000000000000000e+02 1.165930000000000109e+04
8.130000000000000000e+02 1.165989999999999964e+04
8.610000000000000000e+02 1.165995000000000073e+04
1.197000000000000000e+03 1.166045000000000073e+04
8.210000000000000000e+02 1.166070000000000073e+04
1.053000000000000000e+03 1.166439999999999964e+04
8.530000000000000000e+02 1.166485000000000036e+04
1.037000000000000000e+03 1.166589999999999964e+04
9.170000000000000000e+02 1.167280000000000109e+04
9.890000000000000000e+02 1.167335000000000036e+04
8.930000000000000000e+02 1.167735000000000036e+04
9.490000000000000000e+02 1.167739999999999964e+04
1.077000000000000000e+03 1.167914999999999964e+04
1.021000000000000000e+03 1.168145000000000073e+04
1.189000000000000000e+03 1.168260000000000036e+04
1.157000000000000000e+03 1.168355000000000109e+04
8.850000000000000000e+02 1.168485000000000036e+04
1.061000000000000000e+03 1.168660000000000036e+04
1.165000000000000000e+03 1.168910000000000036e+04
1.045000000000000000e+03 1.168939999999999964e+04
8.770000000000000000e+02 1.169100000000000000e+04
1.117000000000000000e+03 1.169200000000000000e+04
1.181000000000000000e+03 1.169230000000000109e+04
1.149000000000000000e+03 1.169239999999999964e+04
1.125000000000000000e+03 1.169614999999999964e+04
1.133000000000000000e+03 1.169714999999999964e+04
1.093000000000000000e+03 1.169745000000000073e+04
8.210000000000000000e+02 1.170000000000000000e+04
1.173000000000000000e+03 1.170345000000000073e+04
1.141000000000000000e+03 1.170735000000000036e+04
8.130000000000000000e+02 1.170895000000000073e+04
9.250000000000000000e+02 1.170905000000000109e+04
9.730000000000000000e+02 1.171225000000000000e+04
9.890000000000000000e+02 1.171470000000000073e+04
8.530000000000000000e+02 1.171520000000000073e+04
1.197000000000000000e+03 1.171689999999999964e+04
1.125000000000000000e+03 1.171745000000000073e+04
1.029000000000000000e+03 1.171835000000000036e+04
1.157000000000000000e+03 1.171839999999999964e+04
8.450000000000000000e+02 1.171850000000000000e+04
8.690000000000000000e+02 1.171905000000000109e+04
1.189000000000000000e+03 1.171925000000000000e+04
1.053000000000000000e+03 1.171964999999999964e+04
8.850000000000000000e+02 1.172035000000000036e+04
9.650000000000000000e+02 1.172175000000000000e+04
1.013000000000000000e+03 1.172275000000000000e+04
8.290000000000000000e+02 1.172380000000000109e+04
9.090000000000000000e+02 1.172435000000000036e+04
1.085000000000000000e+03 1.172500000000000000e+04
1.149000000000000000e+03 1.173005000000000109e+04
8.770000000000000000e+02 1.173060000000000036e+04
1.021000000000000000e+03 1.173105000000000109e+04
1.037000000000000000e+03 1.173110000000000036e+04
8.050000000000000000e+02 1.173645000000000073e+04
1.165000000000000000e+03 1.173689999999999964e+04
9.490000000000000000e+02 1.173770000000000073e+04
8.930000000000000000e+02 1.173789999999999964e+04
1.117000000000000000e+03 1.173795000000000073e+04
1.181000000000000000e+03 1.174155000000000109e+04
9.010000000000000000e+02 1.174575000000000000e+04
9.650000000000000000e+02 1.174710000000000036e+04
1.093000000000000000e+03 1.174750000000000000e+04
1.061000000000000000e+03 1.174950000000000000e+04
1.133000000000000000e+03 1.174955000000000109e+04
8.370000000000000000e+02 1.175035000000000036e+04
8.210000000000000000e+02 1.175320000000000073e+04
8.690000000000000000e+02 1.175314999999999964e+04
8.450000000000000000e+02 1.175445000000000073e+04
1.125000000000000000e+03 1.175464999999999964e+04
1.053000000000000000e+03 1.175835000000000036e+04
8.610000000000000000e+02 1.176035000000000036e+04
8.130000000000000000e+02 1.176064999999999964e+04
9.730000000000000000e+02 1.176330000000000109e+04
9.570000000000000000e+02 1.176364999999999964e+04
1.197000000000000000e+03 1.176610000000000036e+04
1.189000000000000000e+03 1.176664999999999964e+04
9.090000000000000000e+02 1.176785000000000036e+04
1.013000000000000000e+03 1.176895000000000073e+04
1.141000000000000000e+03 1.176960000000000036e+04
1.037000000000000000e+03 1.177025000000000000e+04
1.069000000000000000e+03 1.177145000000000073e+04
1.085000000000000000e+03 1.177145000000000073e+04
1.005000000000000000e+03 1.177239999999999964e+04
9.890000000000000000e+02 1.177580000000000109e+04
1.109000000000000000e+03 1.177660000000000036e+04
9.650000000000000000e+02 1.178225000000000000e+04
8.290000000000000000e+02 1.178585000000000036e+04
8.530000000000000000e+02 1.178639999999999964e+04
9.970000000000000000e+02 1.178639999999999964e+04
8.210000000000000000e+02 1.178670000000000073e+04
1.157000000000000000e+03 1.178760000000000036e+04
1.029000000000000000e+03 1.178870000000000073e+04
1.117000000000000000e+03 1.179105000000000109e+04
1.173000000000000000e+03 1.179170000000000073e+04
8.370000000000000000e+02 1.179405000000000109e+04
9.170000000000000000e+02 1.179610000000000036e+04
1.125000000000000000e+03 1.179850000000000000e+04
8.850000000000000000e+02 1.179870000000000073e+04
1.061000000000000000e+03 1.179889999999999964e+04
1.197000000000000000e+03 1.179970000000000073e+04
9.810000000000000000e+02 1.180139999999999964e+04
9.730000000000000000e+02 1.180275000000000000e+04
1.181000000000000000e+03 1.180339999999999964e+04
8.930000000000000000e+02 1.180464999999999964e+04
1.149000000000000000e+03 1.180550000000000000e+04
1.013000000000000000e+03 1.180605000000000109e+04
9.250000000000000000e+02 1.180760000000000036e+04
9.650000000000000000e+02 1.180770000000000073e+04
8.690000000000000000e+02 1.180960000000000036e+04
8.050000000000000000e+02 1.181080000000000109e+04
8.770000000000000000e+02 1.181100000000000000e+04
8.450000000000000000e+02 1.181960000000000036e+04
1.165000000000000000e+03 1.182039999999999964e+04
1.093000000000000000e+03 1.182064999999999964e+04
1.085000000000000000e+03 1.182210000000000036e+04
1.045000000000000000e+03 1.182230000000000109e+04
1.069000000000000000e+03 1.182855000000000109e+04
9.170000000000000000e+02 1.183314999999999964e+04
1.157000000000000000e+03 1.183495000000000073e+04
8.610000000000000000e+02 1.183650000000000000e+04
1.029000000000000000e+03 1.183645000000000073e+04
1.141000000000000000e+03 1.183695000000000073e+04
1.109000000000000000e+03 1.184200000000000000e+04
9.490000000000000000e+02 1.184420000000000073e+04
1.133000000000000000e+03 1.184470000000000073e+04
8.850000000000000000e+02 1.184525000000000000e+04
8.050000000000000000e+02 1.184535000000000036e+04
1.189000000000000000e+03 1.184580000000000109e+04
1.117000000000000000e+03 1.184610000000000036e+04
9.970000000000000000e+02 1.184685000000000036e+04
9.570000000000000000e+02 1.185160000000000036e+04
1.021000000000000000e+03 1.185595000000000073e+04
1.037000000000000000e+03 1.185645000000000073e+04
8.290000000000000000e+02 1.186095000000000073e+04
1.197000000000000000e+03 1.186110000000000036e+04
1.005000000000000000e+03 1.186125000000000000e+04
8.530000000000000000e+02 1.186285000000000036e+04
8.210000000000000000e+02 1.186605000000000109e+04
1.149000000000000000e+03 1.186650000000000000e+04
9.010000000000000000e+02 1.186675000000000000e+04
8.450000000000000000e+02 1.186689999999999964e+04
9.970000000000000000e+02 1.186820000000000073e+04
9.410000000000000000e+02 1.187045000000000073e+04
1.085000000000000000e+03 1.187055000000000109e+04
1.013000000000000000e+03 1.187135000000000036e+04
8.370000000000000000e+02 1.187389999999999964e+04
8.930000000000000000e+02 1.187460000000000036e+04
1.061000000000000000e+03 1.187689999999999964e+04
9.810000000000000000e+02 1.187750000000000000e+04
1.101000000000000000e+03 1.187785000000000036e+04
8.050000000000000000e+02 1.187810000000000036e+04
1.141000000000000000e+03 1.187810000000000036e+04
1.157000000000000000e+03 1.188010000000000036e+04
1.053000000000000000e+03 1.188014999999999964e+04
1.077000000000000000e+03 1.188100000000000000e+04
9.890000000000000000e+02 1.188655000000000109e+04
8.690000000000000000e+02 1.188685000000000036e+04
1.093000000000000000e+03 1.188770000000000073e+04
9.090000000000000000e+02 1.188785000000000036e+04
8.610000000000000000e+02 1.189110000000000036e+04
1.197000000000000000e+03 1.189210000000000036e+04
1.029000000000000000e+03 1.189255000000000109e+04
1.165000000000000000e+03 1.189325000000000000e+04
1.109000000000000000e+03 1.189530000000000109e+04
9.570000000000000000e+02 1.189614999999999964e+04
8.290000000000000000e+02 1.190005000000000109e+04
8.130000000000000000e+02 1.190020000000000073e+04
1.013000000000000000e+03 1.190170000000000073e+04
1.069000000000000000e+03 1.190289999999999964e+04
1.133000000000000000e+03 1.190789999999999964e+04
9.250000000000000000e+02 1.190850000000000000e+04
9.410000000000000000e+02 1.190850000000000000e+04
1.149000000000000000e+03 1.191380000000000109e+04
8.050000000000000000e+02 1.191720000000000073e+04
1.173000000000000000e+03 1.192020000000000073e+04
9.970000000000000000e+02 1.192030000000000109e+04
9.090000000000000000e+02 1.192145000000000073e+04
1.125000000000000000e+03 1.192230000000000109e+04
1.197000000000000000e+03 1.192260000000000036e+04
9.010000000000000000e+02 1.192670000000000073e+04
8.530000000000000000e+02 1.192725000000000000e+04
9.810000000000000000e+02 1.192864999999999964e+04
1.053000000000000000e+03 1.192925000000000000e+04
8.450000000000000000e+02 1.193380000000000109e+04
8.370000000000000000e+02 1.193525000000000000e+04
8.210000000000000000e+02 1.193664999999999964e+04
9.170000000000000000e+02 1.193685000000000036e+04
1.117000000000000000e+03 1.193700000000000000e+04
8.610000000000000000e+02 1.193714999999999964e+04
1.077000000000000000e+03 1.193714999999999964e+04
9.890000000000000000e+02 1.193750000000000000e+04
9.410000000000000000e+02 1.193785000000000036e+04
1.181000000000000000e+03 1.193875000000000000e+04
8.290000000000000000e+02 1.194189999999999964e+04
8.770000000000000000e+02 1.194614999999999964e+04
1.141000000000000000e+03 1.194810000000000036e+04
1.093000000000000000e+03 1.195000000000000000e+04
1.037000000000000000e+03 1.195075000000000000e+04
9.570000000000000000e+02 1.195130000000000109e+04
1.061000000000000000e+03 1.195139999999999964e+04
1.101000000000000000e+03 1.195170000000000073e+04
1.197000000000000000e+03 1.195460000000000036e+04
9.650000000000000000e+02 1.195505000000000109e+04
8.050000000000000000e+02 1.195560000000000036e+04
8.530000000000000000e+02 1.195650000000000000e+04
1.045000000000000000e+03 1.195660000000000036e+04
9.090000000000000000e+02 1.195730000000000109e+04
1.005000000000000000e+03 1.195925000000000000e+04
1.157000000000000000e+03 1.195964999999999964e+04
1.125000000000000000e+03 1.196355000000000109e+04
1.165000000000000000e+03 1.196520000000000073e+04
1.189000000000000000e+03 1.196585000000000036e+04
1.149000000000000000e+03 1.196730000000000109e+04
1.173000000000000000e+03 1.196795000000000073e+04
8.610000000000000000e+02 1.196810000000000036e+04
9.490000000000000000e+02 1.196910000000000036e+04
9.970000000000000000e+02 1.196955000000000109e+04
1.021000000000000000e+03 1.196980000000000109e+04
1.013000000000000000e+03 1.196995000000000073e+04
1.133000000000000000e+03 1.197300000000000000e+04
8.370000000000000000e+02 1.197914999999999964e+04
9.170000000000000000e+02 1.197950000000000000e+04
9.890000000000000000e+02 1.198014999999999964e+04
1.109000000000000000e+03 1.198030000000000109e+04
9.810000000000000000e+02 1.198070000000000073e+04
1.141000000000000000e+03 1.198470000000000073e+04
8.450000000000000000e+02 1.198900000000000000e+04
8.210000000000000000e+02 1.199050000000000000e+04
1.197000000000000000e+03 1.199139999999999964e+04
8.050000000000000000e+02 1.199155000000000109e+04
1.069000000000000000e+03 1.199175000000000000e+04
9.330000000000000000e+02 1.199189999999999964e+04
9.410000000000000000e+02 1.199689999999999964e+04
1.085000000000000000e+03 1.199750000000000000e+04
9.010000000000000000e+02 1.199820000000000073e+04
9.250000000000000000e+02 1.199855000000000109e+04
8.770000000000000000e+02 1.199885000000000036e+04
8.850000000000000000e+02 1.200080000000000109e+04
8.690000000000000000e+02 1.200420000000000073e+04
1.053000000000000000e+03 1.200450000000000000e+04
8.530000000000000000e+02 1.200505000000000109e+04
9.730000000000000000e+02 1.200520000000000073e+04
1.157000000000000000e+03 1.200555000000000109e+04
8.450000000000000000e+02 1.201114999999999964e+04
1.101000000000000000e+03 1.201200000000000000e+04
1.181000000000000000e+03 1.201275000000000000e+04
1.077000000000000000e+03 1.201350000000000000e+04
1.149000000000000000e+03 1.201355000000000109e+04
8.930000000000000000e+02 1.201830000000000109e+04
9.650000000000000000e+02 1.202020000000000073e+04
1.021000000000000000e+03 1.202030000000000109e+04
9.570000000000000000e+02 1.202130000000000109e+04
1.109000000000000000e+03 1.202180000000000109e+04
1.013000000000000000e+03 1.202264999999999964e+04
1.173000000000000000e+03 1.202550000000000000e+04
1.061000000000000000e+03 1.202955000000000109e+04
1.117000000000000000e+03 1.203145000000000073e+04
8.210000000000000000e+02 1.203180000000000109e+04
9.970000000000000000e+02 1.203389999999999964e+04
1.125000000000000000e+03 1.203845000000000073e+04
8.690000000000000000e+02 1.203880000000000109e+04
9.170000000000000000e+02 1.203910000000000036e+04
1.045000000000000000e+03 1.203970000000000073e+04
9.250000000000000000e+02 1.204389999999999964e+04
8.050000000000000000e+02 1.204480000000000109e+04
1.005000000000000000e+03 1.204570000000000073e+04
9.010000000000000000e+02 1.204589999999999964e+04
9.730000000000000000e+02 1.204680000000000109e+04
8.370000000000000000e+02 1.204685000000000036e+04
1.133000000000000000e+03 1.204864999999999964e+04
1.101000000000000000e+03 1.205035000000000036e+04
1.093000000000000000e+03 1.205100000000000000e+04
9.810000000000000000e+02 1.205160000000000036e+04
1.069000000000000000e+03 1.205214999999999964e+04
1.085000000000000000e+03 1.205285000000000036e+04
1.053000000000000000e+03 1.205305000000000109e+04
8.850000000000000000e+02 1.205314999999999964e+04
8.610000000000000000e+02 1.205330000000000109e+04
1.197000000000000000e+03 1.205570000000000073e+04
1.157000000000000000e+03 1.205730000000000109e+04
1.029000000000000000e+03 1.205820000000000073e+04
9.890000000000000000e+02 1.205864999999999964e+04
9.490000000000000000e+02 1.206195000000000073e+04
9.570000000000000000e+02 1.206250000000000000e+04
8.770000000000000000e+02 1.206905000000000109e+04
1.173000000000000000e+03 1.207005000000000109e+04
8.050000000000000000e+02 1.207030000000000109e+04
8.690000000000000000e+02 1.207155000000000109e+04
1.077000000000000000e+03 1.207300000000000000e+04
1.189000000000000000e+03 1.207405000000000109e+04
9.090000000000000000e+02 1.207460000000000036e+04
1.117000000000000000e+03 1.207460000000000036e+04
1.109000000000000000e+03 1.207520000000000073e+04
8.210000000000000000e+02 1.207535000000000036e+04
1.149000000000000000e+03 1.207560000000000036e+04
8.450000000000000000e+02 1.208350000000000000e+04
9.810000000000000000e+02 1.208350000000000000e+04
8.530000000000000000e+02 1.208450000000000000e+04
1.053000000000000000e+03 1.208470000000000073e+04
1.133000000000000000e+03 1.208975000000000000e+04
8.290000000000000000e+02 1.209045000000000073e+04
9.490000000000000000e+02 1.209064999999999964e+04
9.890000000000000000e+02 1.209180000000000109e+04
1.061000000000000000e+03 1.209380000000000109e+04
1.085000000000000000e+03 1.209570000000000073e+04
8.370000000000000000e+02 1.209575000000000000e+04
1.029000000000000000e+03 1.209814999999999964e+04
9.650000000000000000e+02 1.209900000000000000e+04
1.069000000000000000e+03 1.210255000000000109e+04
1.125000000000000000e+03 1.210314999999999964e+04
8.850000000000000000e+02 1.210325000000000000e+04
9.970000000000000000e+02 1.210345000000000073e+04
8.050000000000000000e+02 1.210539999999999964e+04
1.157000000000000000e+03 1.210714999999999964e+04
1.173000000000000000e+03 1.211370000000000073e+04
1.053000000000000000e+03 1.211455000000000109e+04
9.330000000000000000e+02 1.211510000000000036e+04
9.730000000000000000e+02 1.211614999999999964e+04
8.690000000000000000e+02 1.211750000000000000e+04
8.290000000000000000e+02 1.212095000000000073e+04
1.037000000000000000e+03 1.212150000000000000e+04
8.930000000000000000e+02 1.212245000000000073e+04
1.149000000000000000e+03 1.212275000000000000e+04
9.250000000000000000e+02 1.212289999999999964e+04
1.125000000000000000e+03 1.212305000000000109e+04
9.170000000000000000e+02 1.212650000000000000e+04
1.109000000000000000e+03 1.212810000000000036e+04
1.021000000000000000e+03 1.212814999999999964e+04
1.117000000000000000e+03 1.212889999999999964e+04
8.850000000000000000e+02 1.212910000000000036e+04
1.197000000000000000e+03 1.213000000000000000e+04
1.045000000000000000e+03 1.213039999999999964e+04
1.133000000000000000e+03 1.213085000000000036e+04
1.181000000000000000e+03 1.213345000000000073e+04
1.093000000000000000e+03 1.213600000000000000e+04
8.450000000000000000e+02 1.213645000000000073e+04
9.490000000000000000e+02 1.213664999999999964e+04
1.013000000000000000e+03 1.213710000000000036e+04
1.061000000000000000e+03 1.213789999999999964e+04
8.530000000000000000e+02 1.213864999999999964e+04
1.005000000000000000e+03 1.213985000000000036e+04
9.250000000000000000e+02 1.214005000000000109e+04
8.210000000000000000e+02 1.214410000000000036e+04
9.010000000000000000e+02 1.214414999999999964e+04
1.085000000000000000e+03 1.215075000000000000e+04
8.690000000000000000e+02 1.215485000000000036e+04
9.810000000000000000e+02 1.215550000000000000e+04
1.157000000000000000e+03 1.215920000000000073e+04
9.570000000000000000e+02 1.215989999999999964e+04
8.290000000000000000e+02 1.216245000000000073e+04
1.133000000000000000e+03 1.216350000000000000e+04
8.610000000000000000e+02 1.216505000000000109e+04
1.173000000000000000e+03 1.216564999999999964e+04
1.053000000000000000e+03 1.216600000000000000e+04
9.090000000000000000e+02 1.216630000000000109e+04
1.077000000000000000e+03 1.216655000000000109e+04
1.165000000000000000e+03 1.217020000000000073e+04
9.890000000000000000e+02 1.217135000000000036e+04
1.029000000000000000e+03 1.217255000000000109e+04
1.045000000000000000e+03 1.217795000000000073e+04
1.125000000000000000e+03 1.217889999999999964e+04
9.250000000000000000e+02 1.218080000000000109e+04
8.130000000000000000e+02 1.218135000000000036e+04
9.970000000000000000e+02 1.218145000000000073e+04
1.013000000000000000e+03 1.218205000000000109e+04
1.181000000000000000e+03 1.218289999999999964e+04
9.730000000000000000e+02 1.218480000000000109e+04
9.650000000000000000e+02 1.218655000000000109e+04
1.149000000000000000e+03 1.218750000000000000e+04
8.530000000000000000e+02 1.218820000000000073e+04
1.117000000000000000e+03 1.218885000000000036e+04
8.050000000000000000e+02 1.218935000000000036e+04
8.210000000000000000e+02 1.218985000000000036e+04
9.490000000000000000e+02 1.219114999999999964e+04
9.010000000000000000e+02 1.219145000000000073e+04
1.037000000000000000e+03 1.219405000000000109e+04
1.021000000000000000e+03 1.219430000000000109e+04
1.077000000000000000e+03 1.219720000000000073e+04
8.370000000000000000e+02 1.219955000000000109e+04
1.189000000000000000e+03 1.220045000000000073e+04
8.930000000000000000e+02 1.220075000000000000e+04
1.101000000000000000e+03 1.220110000000000036e+04
1.157000000000000000e+03 1.220495000000000073e+04
9.650000000000000000e+02 1.220905000000000109e+04
1.197000000000000000e+03 1.221039999999999964e+04
1.085000000000000000e+03 1.221360000000000036e+04
9.170000000000000000e+02 1.221385000000000036e+04
8.450000000000000000e+02 1.221520000000000073e+04
1.133000000000000000e+03 1.221625000000000000e+04
1.181000000000000000e+03 1.221800000000000000e+04
1.117000000000000000e+03 1.221810000000000036e+04
9.810000000000000000e+02 1.221830000000000109e+04
9.890000000000000000e+02 1.222005000000000109e+04
9.090000000000000000e+02 1.222085000000000036e+04
1.053000000000000000e+03 1.222089999999999964e+04
1.141000000000000000e+03 1.222100000000000000e+04
8.610000000000000000e+02 1.222125000000000000e+04
8.690000000000000000e+02 1.222139999999999964e+04
1.005000000000000000e+03 1.222645000000000073e+04
1.125000000000000000e+03 1.222720000000000073e+04
8.530000000000000000e+02 1.222835000000000036e+04
1.069000000000000000e+03 1.223160000000000036e+04
1.013000000000000000e+03 1.223345000000000073e+04
8.930000000000000000e+02 1.223439999999999964e+04
9.410000000000000000e+02 1.223595000000000073e+04
9.650000000000000000e+02 1.223885000000000036e+04
8.210000000000000000e+02 1.223925000000000000e+04
1.101000000000000000e+03 1.224085000000000036e+04
1.149000000000000000e+03 1.224150000000000000e+04
9.730000000000000000e+02 1.224405000000000109e+04
1.085000000000000000e+03 1.224495000000000073e+04
1.189000000000000000e+03 1.224589999999999964e+04
1.109000000000000000e+03 1.224605000000000109e+04
8.050000000000000000e+02 1.224789999999999964e+04
1.181000000000000000e+03 1.225305000000000109e+04
9.490000000000000000e+02 1.225889999999999964e+04
1.029000000000000000e+03 1.225905000000000109e+04
9.250000000000000000e+02 1.226255000000000109e+04
1.021000000000000000e+03 1.226330000000000109e+04
8.610000000000000000e+02 1.226335000000000036e+04
9.970000000000000000e+02 1.226400000000000000e+04
9.570000000000000000e+02 1.226505000000000109e+04
1.005000000000000000e+03 1.226589999999999964e+04
1.077000000000000000e+03 1.226725000000000000e+04
8.210000000000000000e+02 1.227314999999999964e+04
1.197000000000000000e+03 1.227439999999999964e+04
8.450000000000000000e+02 1.227450000000000000e+04
9.090000000000000000e+02 1.227455000000000109e+04
9.650000000000000000e+02 1.227820000000000073e+04
1.189000000000000000e+03 1.227860000000000036e+04
9.810000000000000000e+02 1.228264999999999964e+04
8.130000000000000000e+02 1.228300000000000000e+04
1.013000000000000000e+03 1.228395000000000073e+04
1.157000000000000000e+03 1.228405000000000109e+04
1.133000000000000000e+03 1.228480000000000109e+04
8.930000000000000000e+02 1.228800000000000000e+04
8.690000000000000000e+02 1.228850000000000000e+04
1.037000000000000000e+03 1.228945000000000073e+04
1.149000000000000000e+03 1.229014999999999964e+04
9.890000000000000000e+02 1.229039999999999964e+04
1.061000000000000000e+03 1.229110000000000036e+04
8.530000000000000000e+02 1.229239999999999964e+04
1.101000000000000000e+03 1.229360000000000036e+04
9.170000000000000000e+02 1.229645000000000073e+04
1.069000000000000000e+03 1.229680000000000109e+04
8.850000000000000000e+02 1.229885000000000036e+04
1.085000000000000000e+03 1.230010000000000036e+04
9.330000000000000000e+02 1.230245000000000073e+04
1.189000000000000000e+03 1.230420000000000073e+04
1.029000000000000000e+03 1.230460000000000036e+04
8.370000000000000000e+02 1.230750000000000000e+04
1.093000000000000000e+03 1.230764999999999964e+04
1.165000000000000000e+03 1.230800000000000000e+04
1.181000000000000000e+03 1.230864999999999964e+04
8.210000000000000000e+02 1.231080000000000109e+04
1.005000000000000000e+03 1.231095000000000073e+04
1.109000000000000000e+03 1.231305000000000109e+04
1.045000000000000000e+03 1.231605000000000109e+04
8.530000000000000000e+02 1.231895000000000073e+04
9.650000000000000000e+02 1.231980000000000109e+04
9.490000000000000000e+02 1.232080000000000109e+04
1.053000000000000000e+03 1.232255000000000109e+04
9.730000000000000000e+02 1.232370000000000073e+04
1.125000000000000000e+03 1.232585000000000036e+04
8.450000000000000000e+02 1.232645000000000073e+04
8.770000000000000000e+02 1.232805000000000109e+04
8.610000000000000000e+02 1.232885000000000036e+04
1.061000000000000000e+03 1.233010000000000036e+04
8.050000000000000000e+02 1.233250000000000000e+04
1.173000000000000000e+03 1.233485000000000036e+04
1.157000000000000000e+03 1.233555000000000109e+04
9.890000000000000000e+02 1.233710000000000036e+04
1.197000000000000000e+03 1.233795000000000073e+04
8.690000000000000000e+02 1.233880000000000109e+04
9.970000000000000000e+02 1.233980000000000109e+04
8.130000000000000000e+02 1.234205000000000109e+04
1.029000000000000000e+03 1.234325000000000000e+04
1.149000000000000000e+03 1.234389999999999964e+04
9.170000000000000000e+02 1.234720000000000073e+04
1.021000000000000000e+03 1.234725000000000000e+04
1.133000000000000000e+03 1.234764999999999964e+04
9.490000000000000000e+02 1.235205000000000109e+04
1.085000000000000000e+03 1.235264999999999964e+04
8.370000000000000000e+02 1.235389999999999964e+04
8.530000000000000000e+02 1.235505000000000109e+04
9.570000000000000000e+02 1.235639999999999964e+04
1.069000000000000000e+03 1.235750000000000000e+04
1.117000000000000000e+03 1.235780000000000109e+04
1.005000000000000000e+03 1.235920000000000073e+04
8.450000000000000000e+02 1.236045000000000073e+04
9.330000000000000000e+02 1.236289999999999964e+04
1.141000000000000000e+03 1.236300000000000000e+04
9.250000000000000000e+02 1.236310000000000036e+04
8.290000000000000000e+02 1.236410000000000036e+04
1.093000000000000000e+03 1.236410000000000036e+04
1.077000000000000000e+03 1.236430000000000109e+04
1.013000000000000000e+03 1.236530000000000109e+04
8.130000000000000000e+02 1.237130000000000109e+04
1.045000000000000000e+03 1.237225000000000000e+04
9.810000000000000000e+02 1.237385000000000036e+04
1.053000000000000000e+03 1.237614999999999964e+04
9.890000000000000000e+02 1.237655000000000109e+04
1.197000000000000000e+03 1.237855000000000109e+04
1.165000000000000000e+03 1.238014999999999964e+04
1.125000000000000000e+03 1.238075000000000000e+04
9.650000000000000000e+02 1.238180000000000109e+04
1.109000000000000000e+03 1.238195000000000073e+04
8.690000000000000000e+02 1.238230000000000109e+04
1.181000000000000000e+03 1.238614999999999964e+04
8.530000000000000000e+02 1.238655000000000109e+04
1.021000000000000000e+03 1.238664999999999964e+04
9.170000000000000000e+02 1.238680000000000109e+04
1.149000000000000000e+03 1.238730000000000109e+04
1.069000000000000000e+03 1.238745000000000073e+04
1.173000000000000000e+03 1.238800000000000000e+04
9.970000000000000000e+02 1.238845000000000073e+04
8.610000000000000000e+02 1.238905000000000109e+04
1.101000000000000000e+03 1.239264999999999964e+04
8.450000000000000000e+02 1.239405000000000109e+04
9.010000000000000000e+02 1.239460000000000036e+04
8.290000000000000000e+02 1.239485000000000036e+04
1.005000000000000000e+03 1.239860000000000036e+04
1.117000000000000000e+03 1.240530000000000109e+04
1.141000000000000000e+03 1.240570000000000073e+04
1.189000000000000000e+03 1.240630000000000109e+04
1.029000000000000000e+03 1.240760000000000036e+04
1.061000000000000000e+03 1.240895000000000073e+04
1.133000000000000000e+03 1.240895000000000073e+04
9.250000000000000000e+02 1.241075000000000000e+04
1.157000000000000000e+03 1.241110000000000036e+04
9.730000000000000000e+02 1.241189999999999964e+04
1.037000000000000000e+03 1.241270000000000073e+04
1.077000000000000000e+03 1.241280000000000109e+04
1.093000000000000000e+03 1.241305000000000109e+04
1.181000000000000000e+03 1.241414999999999964e+04
1.045000000000000000e+03 1.241439999999999964e+04
1.173000000000000000e+03 1.241705000000000109e+04
8.930000000000000000e+02 1.241820000000000073e+04
8.050000000000000000e+02 1.241835000000000036e+04
1.085000000000000000e+03 1.241900000000000000e+04
8.770000000000000000e+02 1.241905000000000109e+04
9.410000000000000000e+02 1.242205000000000109e+04
1.021000000000000000e+03 1.242705000000000109e+04
9.650000000000000000e+02 1.242875000000000000e+04
9.010000000000000000e+02 1.243000000000000000e+04
1.029000000000000000e+03 1.243039999999999964e+04
1.149000000000000000e+03 1.243320000000000073e+04
1.197000000000000000e+03 1.243510000000000036e+04
1.053000000000000000e+03 1.243630000000000109e+04
8.130000000000000000e+02 1.243939999999999964e+04
8.210000000000000000e+02 1.244095000000000073e+04
9.890000000000000000e+02 1.244260000000000036e+04
9.810000000000000000e+02 1.244395000000000073e+04
9.490000000000000000e+02 1.244460000000000036e+04
1.093000000000000000e+03 1.244520000000000073e+04
1.133000000000000000e+03 1.244530000000000109e+04
1.109000000000000000e+03 1.244910000000000036e+04
1.157000000000000000e+03 1.244955000000000109e+04
1.069000000000000000e+03 1.245030000000000109e+04
1.173000000000000000e+03 1.245089999999999964e+04
1.077000000000000000e+03 1.245155000000000109e+04
9.730000000000000000e+02 1.245314999999999964e+04
9.330000000000000000e+02 1.245395000000000073e+04
9.170000000000000000e+02 1.245425000000000000e+04
8.530000000000000000e+02 1.245875000000000000e+04
1.013000000000000000e+03 1.246175000000000000e+04
8.450000000000000000e+02 1.246195000000000073e+04
1.005000000000000000e+03 1.246395000000000073e+04
9.090000000000000000e+02 1.246445000000000073e+04
8.770000000000000000e+02 1.246495000000000073e+04
9.250000000000000000e+02 1.246630000000000109e+04
9.570000000000000000e+02 1.247035000000000036e+04
1.029000000000000000e+03 1.247130000000000109e+04
1.021000000000000000e+03 1.247220000000000073e+04
1.141000000000000000e+03 1.247239999999999964e+04
1.117000000000000000e+03 1.247380000000000109e+04
1.181000000000000000e+03 1.247464999999999964e+04
8.690000000000000000e+02 1.247525000000000000e+04
9.970000000000000000e+02 1.247639999999999964e+04
1.037000000000000000e+03 1.247945000000000073e+04
1.197000000000000000e+03 1.248010000000000036e+04
9.650000000000000000e+02 1.248210000000000036e+04
1.061000000000000000e+03 1.248720000000000073e+04
1.149000000000000000e+03 1.248739999999999964e+04
1.045000000000000000e+03 1.248795000000000073e+04
8.850000000000000000e+02 1.248845000000000073e+04
1.005000000000000000e+03 1.249245000000000073e+04
1.157000000000000000e+03 1.249455000000000109e+04
9.490000000000000000e+02 1.249600000000000000e+04
9.250000000000000000e+02 1.249789999999999964e+04
8.050000000000000000e+02 1.249985000000000036e+04
9.090000000000000000e+02 1.250010000000000036e+04
8.370000000000000000e+02 1.250089999999999964e+04
1.053000000000000000e+03 1.250089999999999964e+04
1.125000000000000000e+03 1.250170000000000073e+04
1.101000000000000000e+03 1.250345000000000073e+04
8.610000000000000000e+02 1.250425000000000000e+04
8.450000000000000000e+02 1.250480000000000109e+04
8.770000000000000000e+02 1.250535000000000036e+04
8.130000000000000000e+02 1.250570000000000073e+04
1.077000000000000000e+03 1.250770000000000073e+04
9.810000000000000000e+02 1.250925000000000000e+04
1.069000000000000000e+03 1.251120000000000073e+04
1.029000000000000000e+03 1.251975000000000000e+04
9.970000000000000000e+02 1.251985000000000036e+04
1.013000000000000000e+03 1.252089999999999964e+04
1.141000000000000000e+03 1.252105000000000109e+04
8.930000000000000000e+02 1.252214999999999964e+04
8.690000000000000000e+02 1.252300000000000000e+04
1.109000000000000000e+03 1.252300000000000000e+04
9.730000000000000000e+02 1.252460000000000036e+04
9.010000000000000000e+02 1.252700000000000000e+04
1.005000000000000000e+03 1.252905000000000109e+04
1.037000000000000000e+03 1.253014999999999964e+04
1.197000000000000000e+03 1.253464999999999964e+04
1.149000000000000000e+03 1.253550000000000000e+04
1.045000000000000000e+03 1.253745000000000073e+04
1.125000000000000000e+03 1.253764999999999964e+04
8.770000000000000000e+02 1.253785000000000036e+04
1.157000000000000000e+03 1.253830000000000109e+04
9.490000000000000000e+02 1.253970000000000073e+04
8.450000000000000000e+02 1.254310000000000036e+04
9.650000000000000000e+02 1.254410000000000036e+04
1.181000000000000000e+03 1.254464999999999964e+04
1.117000000000000000e+03 1.254530000000000109e+04
8.530000000000000000e+02 1.254580000000000109e+04
1.165000000000000000e+03 1.254750000000000000e+04
9.090000000000000000e+02 1.254900000000000000e+04
1.133000000000000000e+03 1.255120000000000073e+04
1.021000000000000000e+03 1.255150000000000000e+04
1.173000000000000000e+03 1.255410000000000036e+04
1.077000000000000000e+03 1.255425000000000000e+04
8.370000000000000000e+02 1.255550000000000000e+04
9.330000000000000000e+02 1.255555000000000109e+04
1.053000000000000000e+03 1.255555000000000109e+04
9.570000000000000000e+02 1.255825000000000000e+04
9.410000000000000000e+02 1.256050000000000000e+04
1.189000000000000000e+03 1.256060000000000036e+04
9.010000000000000000e+02 1.256114999999999964e+04
9.970000000000000000e+02 1.256595000000000073e+04
8.210000000000000000e+02 1.256675000000000000e+04
1.109000000000000000e+03 1.256870000000000073e+04
9.490000000000000000e+02 1.257189999999999964e+04
8.930000000000000000e+02 1.257335000000000036e+04
8.690000000000000000e+02 1.257545000000000073e+04
1.029000000000000000e+03 1.257555000000000109e+04
1.037000000000000000e+03 1.257605000000000109e+04
1.157000000000000000e+03 1.257614999999999964e+04
9.170000000000000000e+02 1.257745000000000073e+04
1.013000000000000000e+03 1.258160000000000036e+04
1.125000000000000000e+03 1.258180000000000109e+04
8.290000000000000000e+02 1.258210000000000036e+04
1.069000000000000000e+03 1.258445000000000073e+04
8.770000000000000000e+02 1.258510000000000036e+04
1.117000000000000000e+03 1.258875000000000000e+04
1.093000000000000000e+03 1.258900000000000000e+04
9.250000000000000000e+02 1.258935000000000036e+04
8.610000000000000000e+02 1.258964999999999964e+04
8.530000000000000000e+02 1.259450000000000000e+04
9.730000000000000000e+02 1.259464999999999964e+04
1.149000000000000000e+03 1.259514999999999964e+04
9.570000000000000000e+02 1.259614999999999964e+04
8.050000000000000000e+02 1.259639999999999964e+04
9.890000000000000000e+02 1.259635000000000036e+04
8.130000000000000000e+02 1.259685000000000036e+04
1.061000000000000000e+03 1.260350000000000000e+04
1.085000000000000000e+03 1.260395000000000073e+04
1.005000000000000000e+03 1.260720000000000073e+04
8.930000000000000000e+02 1.260750000000000000e+04
1.141000000000000000e+03 1.260764999999999964e+04
1.053000000000000000e+03 1.260785000000000036e+04
8.690000000000000000e+02 1.260839999999999964e+04
1.029000000000000000e+03 1.260835000000000036e+04
1.197000000000000000e+03 1.260860000000000036e+04
1.125000000000000000e+03 1.260975000000000000e+04
9.650000000000000000e+02 1.260985000000000036e+04
1.181000000000000000e+03 1.261530000000000109e+04
8.450000000000000000e+02 1.261605000000000109e+04
9.170000000000000000e+02 1.261714999999999964e+04
1.069000000000000000e+03 1.262055000000000109e+04
1.021000000000000000e+03 1.262180000000000109e+04
8.370000000000000000e+02 1.262235000000000036e+04
1.013000000000000000e+03 1.262605000000000109e+04
1.189000000000000000e+03 1.262685000000000036e+04
8.770000000000000000e+02 1.262735000000000036e+04
9.810000000000000000e+02 1.262839999999999964e+04
8.290000000000000000e+02 1.262880000000000109e+04
8.130000000000000000e+02 1.263014999999999964e+04
1.093000000000000000e+03 1.263339999999999964e+04
1.029000000000000000e+03 1.263364999999999964e+04
1.117000000000000000e+03 1.263545000000000073e+04
8.610000000000000000e+02 1.263610000000000036e+04
9.090000000000000000e+02 1.263610000000000036e+04
1.109000000000000000e+03 1.263875000000000000e+04
9.570000000000000000e+02 1.263889999999999964e+04
9.970000000000000000e+02 1.263905000000000109e+04
1.133000000000000000e+03 1.263995000000000073e+04
1.101000000000000000e+03 1.264045000000000073e+04
1.077000000000000000e+03 1.264100000000000000e+04
9.330000000000000000e+02 1.264130000000000109e+04
1.165000000000000000e+03 1.264225000000000000e+04
8.690000000000000000e+02 1.264239999999999964e+04
1.037000000000000000e+03 1.264300000000000000e+04
1.157000000000000000e+03 1.264320000000000073e+04
8.850000000000000000e+02 1.264505000000000109e+04
1.005000000000000000e+03 1.264764999999999964e+04
1.149000000000000000e+03 1.264780000000000109e+04
1.173000000000000000e+03 1.265064999999999964e+04
9.650000000000000000e+02 1.265114999999999964e+04
9.010000000000000000e+02 1.265225000000000000e+04
1.189000000000000000e+03 1.265575000000000000e+04
1.053000000000000000e+03 1.265710000000000036e+04
1.125000000000000000e+03 1.265950000000000000e+04
9.410000000000000000e+02 1.266020000000000073e+04
9.490000000000000000e+02 1.266045000000000073e+04
1.045000000000000000e+03 1.266064999999999964e+04
8.530000000000000000e+02 1.266175000000000000e+04
8.930000000000000000e+02 1.266195000000000073e+04
8.450000000000000000e+02 1.266710000000000036e+04
1.197000000000000000e+03 1.266714999999999964e+04
8.770000000000000000e+02 1.266814999999999964e+04
9.170000000000000000e+02 1.266835000000000036e+04
1.069000000000000000e+03 1.267000000000000000e+04
8.690000000000000000e+02 1.267020000000000073e+04
9.970000000000000000e+02 1.267120000000000073e+04
1.149000000000000000e+03 1.267320000000000073e+04
1.085000000000000000e+03 1.267455000000000109e+04
9.570000000000000000e+02 1.267470000000000073e+04
9.810000000000000000e+02 1.267530000000000109e+04
1.029000000000000000e+03 1.267589999999999964e+04
9.730000000000000000e+02 1.267625000000000000e+04
9.250000000000000000e+02 1.267835000000000036e+04
1.133000000000000000e+03 1.268375000000000000e+04
9.330000000000000000e+02 1.268445000000000073e+04
1.077000000000000000e+03 1.268510000000000036e+04
1.109000000000000000e+03 1.268910000000000036e+04
1.021000000000000000e+03 1.268964999999999964e+04
1.189000000000000000e+03 1.268964999999999964e+04
9.890000000000000000e+02 1.268980000000000109e+04
1.117000000000000000e+03 1.269460000000000036e+04
8.050000000000000000e+02 1.269485000000000036e+04
1.005000000000000000e+03 1.269564999999999964e+04
8.210000000000000000e+02 1.269789999999999964e+04
8.530000000000000000e+02 1.269925000000000000e+04
1.013000000000000000e+03 1.269925000000000000e+04
8.130000000000000000e+02 1.270030000000000109e+04
1.061000000000000000e+03 1.270145000000000073e+04
1.157000000000000000e+03 1.270285000000000036e+04
1.181000000000000000e+03 1.270780000000000109e+04
9.570000000000000000e+02 1.270820000000000073e+04
9.650000000000000000e+02 1.270945000000000073e+04
8.690000000000000000e+02 1.270985000000000036e+04
9.170000000000000000e+02 1.271475000000000000e+04
1.197000000000000000e+03 1.271545000000000073e+04
1.149000000000000000e+03 1.271735000000000036e+04
1.021000000000000000e+03 1.271770000000000073e+04
1.053000000000000000e+03 1.271900000000000000e+04
9.010000000000000000e+02 1.272225000000000000e+04
8.850000000000000000e+02 1.272370000000000073e+04
1.173000000000000000e+03 1.272435000000000036e+04
9.970000000000000000e+02 1.272450000000000000e+04
1.029000000000000000e+03 1.272535000000000036e+04
1.069000000000000000e+03 1.272545000000000073e+04
1.045000000000000000e+03 1.272564999999999964e+04
9.490000000000000000e+02 1.273220000000000073e+04
8.210000000000000000e+02 1.273310000000000036e+04
1.109000000000000000e+03 1.273375000000000000e+04
9.090000000000000000e+02 1.273445000000000073e+04
8.130000000000000000e+02 1.273505000000000109e+04
1.061000000000000000e+03 1.273550000000000000e+04
9.730000000000000000e+02 1.273655000000000109e+04
1.093000000000000000e+03 1.274095000000000073e+04
8.610000000000000000e+02 1.274135000000000036e+04
8.370000000000000000e+02 1.274235000000000036e+04
1.133000000000000000e+03 1.274245000000000073e+04
9.250000000000000000e+02 1.274430000000000109e+04
8.290000000000000000e+02 1.274580000000000109e+04
1.157000000000000000e+03 1.274685000000000036e+04
9.810000000000000000e+02 1.275035000000000036e+04
1.053000000000000000e+03 1.275085000000000036e+04
1.125000000000000000e+03 1.275095000000000073e+04
1.165000000000000000e+03 1.275125000000000000e+04
9.410000000000000000e+02 1.275620000000000073e+04
8.530000000000000000e+02 1.275800000000000000e+04
1.141000000000000000e+03 1.275875000000000000e+04
1.045000000000000000e+03 1.275980000000000109e+04
1.149000000000000000e+03 1.276150000000000000e+04
1.077000000000000000e+03 1.276214999999999964e+04
1.037000000000000000e+03 1.276360000000000036e+04
9.650000000000000000e+02 1.276620000000000073e+04
1.029000000000000000e+03 1.276725000000000000e+04
9.970000000000000000e+02 1.276760000000000036e+04
8.930000000000000000e+02 1.276810000000000036e+04
8.690000000000000000e+02 1.276814999999999964e+04
1.189000000000000000e+03 1.276850000000000000e+04
9.010000000000000000e+02 1.276864999999999964e+04
1.093000000000000000e+03 1.277010000000000036e+04
1.181000000000000000e+03 1.277010000000000036e+04
8.770000000000000000e+02 1.277014999999999964e+04
1.069000000000000000e+03 1.277089999999999964e+04
1.061000000000000000e+03 1.277405000000000109e+04
9.890000000000000000e+02 1.277530000000000109e+04
8.370000000000000000e+02 1.277535000000000036e+04
9.090000000000000000e+02 1.277589999999999964e+04
9.170000000000000000e+02 1.277685000000000036e+04
1.109000000000000000e+03 1.277755000000000109e+04
1.133000000000000000e+03 1.277755000000000109e+04
8.050000000000000000e+02 1.277864999999999964e+04
1.117000000000000000e+03 1.278310000000000036e+04
9.730000000000000000e+02 1.278405000000000109e+04
9.330000000000000000e+02 1.278435000000000036e+04
8.610000000000000000e+02 1.278939999999999964e+04
1.165000000000000000e+03 1.278995000000000073e+04
9.250000000000000000e+02 1.279360000000000036e+04
8.210000000000000000e+02 1.279400000000000000e+04
1.197000000000000000e+03 1.279655000000000109e+04
1.085000000000000000e+03 1.279685000000000036e+04
9.570000000000000000e+02 1.279730000000000109e+04
8.450000000000000000e+02 1.279775000000000000e+04
1.173000000000000000e+03 1.279830000000000109e+04
1.005000000000000000e+03 1.279939999999999964e+04
8.690000000000000000e+02 1.280114999999999964e+04
8.290000000000000000e+02 1.280230000000000109e+04
1.029000000000000000e+03 1.280310000000000036e+04
9.810000000000000000e+02 1.280850000000000000e+04
1.141000000000000000e+03 1.280860000000000036e+04
9.970000000000000000e+02 1.280905000000000109e+04
8.050000000000000000e+02 1.280939999999999964e+04
9.650000000000000000e+02 1.280964999999999964e+04
1.061000000000000000e+03 1.281014999999999964e+04
8.850000000000000000e+02 1.281025000000000000e+04
1.021000000000000000e+03 1.281380000000000109e+04
1.045000000000000000e+03 1.281725000000000000e+04
1.157000000000000000e+03 1.281785000000000036e+04
8.130000000000000000e+02 1.281825000000000000e+04
9.490000000000000000e+02 1.281835000000000036e+04
1.069000000000000000e+03 1.281845000000000073e+04
1.037000000000000000e+03 1.281880000000000109e+04
1.181000000000000000e+03 1.282385000000000036e+04
8.530000000000000000e+02 1.282425000000000000e+04
1.133000000000000000e+03 1.282550000000000000e+04
1.109000000000000000e+03 1.282820000000000073e+04
1.077000000000000000e+03 1.282835000000000036e+04
9.890000000000000000e+02 1.282975000000000000e+04
1.053000000000000000e+03 1.282985000000000036e+04
1.029000000000000000e+03 1.283055000000000109e+04
8.210000000000000000e+02 1.283070000000000073e+04
9.250000000000000000e+02 1.283085000000000036e+04
9.410000000000000000e+02 1.283464999999999964e+04
8.930000000000000000e+02 1.283605000000000109e+04
1.117000000000000000e+03 1.283725000000000000e+04
8.770000000000000000e+02 1.283745000000000073e+04
9.810000000000000000e+02 1.283964999999999964e+04
9.090000000000000000e+02 1.283975000000000000e+04
9.170000000000000000e+02 1.284060000000000036e+04
9.570000000000000000e+02 1.284070000000000073e+04
1.101000000000000000e+03 1.284095000000000073e+04
1.125000000000000000e+03 1.284110000000000036e+04
1.149000000000000000e+03 1.284245000000000073e+04
9.650000000000000000e+02 1.284310000000000036e+04
1.165000000000000000e+03 1.284620000000000073e+04
1.197000000000000000e+03 1.284835000000000036e+04
1.069000000000000000e+03 1.285225000000000000e+04
8.690000000000000000e+02 1.285260000000000036e+04
8.610000000000000000e+02 1.285489999999999964e+04
1.021000000000000000e+03 1.285730000000000109e+04
9.730000000000000000e+02 1.285739999999999964e+04
8.530000000000000000e+02 1.285750000000000000e+04
8.290000000000000000e+02 1.285810000000000036e+04
1.109000000000000000e+03 1.286164999999999964e+04
1.133000000000000000e+03 1.286270000000000073e+04
1.085000000000000000e+03 1.286464999999999964e+04
9.810000000000000000e+02 1.286545000000000073e+04
8.930000000000000000e+02 1.286714999999999964e+04
1.061000000000000000e+03 1.286760000000000036e+04
8.130000000000000000e+02 1.287075000000000000e+04
9.890000000000000000e+02 1.287200000000000000e+04
9.250000000000000000e+02 1.287289999999999964e+04
1.141000000000000000e+03 1.287525000000000000e+04
1.149000000000000000e+03 1.287655000000000109e+04
1.197000000000000000e+03 1.287770000000000073e+04
9.970000000000000000e+02 1.287830000000000109e+04
1.157000000000000000e+03 1.287864999999999964e+04
8.850000000000000000e+02 1.287875000000000000e+04
1.181000000000000000e+03 1.288039999999999964e+04
9.570000000000000000e+02 1.288250000000000000e+04
9.410000000000000000e+02 1.288314999999999964e+04
1.005000000000000000e+03 1.288314999999999964e+04
8.050000000000000000e+02 1.288350000000000000e+04
8.690000000000000000e+02 1.288385000000000036e+04
9.330000000000000000e+02 1.288680000000000109e+04
9.650000000000000000e+02 1.288680000000000109e+04
8.770000000000000000e+02 1.288685000000000036e+04
1.069000000000000000e+03 1.288780000000000109e+04
9.010000000000000000e+02 1.288830000000000109e+04
1.077000000000000000e+03 1.288875000000000000e+04
1.013000000000000000e+03 1.289705000000000109e+04
1.029000000000000000e+03 1.290020000000000073e+04
8.210000000000000000e+02 1.290035000000000036e+04
1.173000000000000000e+03 1.290039999999999964e+04
1.117000000000000000e+03 1.290455000000000109e+04
8.610000000000000000e+02 1.290464999999999964e+04
1.133000000000000000e+03 1.290505000000000109e+04
9.810000000000000000e+02 1.290689999999999964e+04
8.930000000000000000e+02 1.290695000000000073e+04
1.181000000000000000e+03 1.291055000000000109e+04
1.021000000000000000e+03 1.291125000000000000e+04
8.370000000000000000e+02 1.291150000000000000e+04
9.490000000000000000e+02 1.291160000000000036e+04
9.170000000000000000e+02 1.291435000000000036e+04
1.141000000000000000e+03 1.291460000000000036e+04
1.069000000000000000e+03 1.291525000000000000e+04
8.050000000000000000e+02 1.291625000000000000e+04
1.037000000000000000e+03 1.291670000000000073e+04
9.890000000000000000e+02 1.291805000000000109e+04
8.530000000000000000e+02 1.292020000000000073e+04
9.330000000000000000e+02 1.292075000000000000e+04
9.090000000000000000e+02 1.292139999999999964e+04
8.770000000000000000e+02 1.292270000000000073e+04
9.730000000000000000e+02 1.292325000000000000e+04
8.290000000000000000e+02 1.292360000000000036e+04
1.029000000000000000e+03 1.292575000000000000e+04
1.109000000000000000e+03 1.292939999999999964e+04
1.101000000000000000e+03 1.293080000000000109e+04
8.850000000000000000e+02 1.293145000000000073e+04
1.165000000000000000e+03 1.293160000000000036e+04
1.189000000000000000e+03 1.293235000000000036e+04
1.077000000000000000e+03 1.293260000000000036e+04
1.021000000000000000e+03 1.293370000000000073e+04
1.197000000000000000e+03 1.293435000000000036e+04
1.133000000000000000e+03 1.293705000000000109e+04
9.250000000000000000e+02 1.293745000000000073e+04
1.117000000000000000e+03 1.293835000000000036e+04
1.157000000000000000e+03 1.293839999999999964e+04
1.005000000000000000e+03 1.294125000000000000e+04
1.149000000000000000e+03 1.294435000000000036e+04
9.570000000000000000e+02 1.294495000000000073e+04
1.093000000000000000e+03 1.294560000000000036e+04
8.130000000000000000e+02 1.294935000000000036e+04
9.890000000000000000e+02 1.295089999999999964e+04
1.069000000000000000e+03 1.295135000000000036e+04
1.125000000000000000e+03 1.295164999999999964e+04
1.141000000000000000e+03 1.295230000000000109e+04
9.970000000000000000e+02 1.295264999999999964e+04
1.013000000000000000e+03 1.295325000000000000e+04
1.181000000000000000e+03 1.295745000000000073e+04
1.029000000000000000e+03 1.295810000000000036e+04
8.290000000000000000e+02 1.295970000000000073e+04
9.650000000000000000e+02 1.296125000000000000e+04
8.210000000000000000e+02 1.296180000000000109e+04
1.045000000000000000e+03 1.296195000000000073e+04
8.850000000000000000e+02 1.296305000000000109e+04
9.810000000000000000e+02 1.296350000000000000e+04
1.149000000000000000e+03 1.296370000000000073e+04
9.090000000000000000e+02 1.296405000000000109e+04
8.450000000000000000e+02 1.296430000000000109e+04
8.770000000000000000e+02 1.296439999999999964e+04
8.530000000000000000e+02 1.296464999999999964e+04
9.410000000000000000e+02 1.296489999999999964e+04
1.165000000000000000e+03 1.296510000000000036e+04
9.170000000000000000e+02 1.296564999999999964e+04
8.610000000000000000e+02 1.297025000000000000e+04
1.061000000000000000e+03 1.297075000000000000e+04
8.050000000000000000e+02 1.297170000000000073e+04
9.330000000000000000e+02 1.297210000000000036e+04
1.133000000000000000e+03 1.297210000000000036e+04
8.690000000000000000e+02 1.297550000000000000e+04
1.117000000000000000e+03 1.297625000000000000e+04
1.109000000000000000e+03 1.297650000000000000e+04
1.189000000000000000e+03 1.297789999999999964e+04
9.490000000000000000e+02 1.297805000000000109e+04
1.197000000000000000e+03 1.297825000000000000e+04
8.370000000000000000e+02 1.297905000000000109e+04
1.125000000000000000e+03 1.297970000000000073e+04
1.093000000000000000e+03 1.298210000000000036e+04
1.053000000000000000e+03 1.298660000000000036e+04
9.890000000000000000e+02 1.298930000000000109e+04
1.045000000000000000e+03 1.299239999999999964e+04
9.970000000000000000e+02 1.299295000000000073e+04
1.173000000000000000e+03 1.299330000000000109e+04
9.570000000000000000e+02 1.299455000000000109e+04
9.010000000000000000e+02 1.299500000000000000e+04
1.085000000000000000e+03 1.299555000000000109e+04
1.021000000000000000e+03 1.299750000000000000e+04
1.005000000000000000e+03 1.299889999999999964e+04
8.450000000000000000e+02 1.299914999999999964e+04
9.250000000000000000e+02 1.300439999999999964e+04
9.650000000000000000e+02 1.300480000000000109e+04
9.170000000000000000e+02 1.300675000000000000e+04
8.770000000000000000e+02 1.300695000000000073e+04
1.165000000000000000e+03 1.300780000000000109e+04
8.610000000000000000e+02 1.300789999999999964e+04
1.197000000000000000e+03 1.301210000000000036e+04
8.370000000000000000e+02 1.301214999999999964e+04
1.037000000000000000e+03 1.301225000000000000e+04
8.530000000000000000e+02 1.301250000000000000e+04
1.069000000000000000e+03 1.301295000000000073e+04
9.330000000000000000e+02 1.301780000000000109e+04
1.101000000000000000e+03 1.301780000000000109e+04
8.690000000000000000e+02 1.301789999999999964e+04
9.970000000000000000e+02 1.301889999999999964e+04
1.125000000000000000e+03 1.301980000000000109e+04
1.109000000000000000e+03 1.301995000000000073e+04
1.053000000000000000e+03 1.302045000000000073e+04
1.133000000000000000e+03 1.302075000000000000e+04
8.930000000000000000e+02 1.302110000000000036e+04
1.157000000000000000e+03 1.302320000000000073e+04
1.181000000000000000e+03 1.302355000000000109e+04
8.050000000000000000e+02 1.302520000000000073e+04
9.410000000000000000e+02 1.302595000000000073e+04
8.210000000000000000e+02 1.302605000000000109e+04
1.029000000000000000e+03 1.302680000000000109e+04
8.290000000000000000e+02 1.302955000000000109e+04
1.189000000000000000e+03 1.303389999999999964e+04
9.250000000000000000e+02 1.303410000000000036e+04
1.197000000000000000e+03 1.303555000000000109e+04
1.045000000000000000e+03 1.303650000000000000e+04
1.069000000000000000e+03 1.303655000000000109e+04
9.090000000000000000e+02 1.303680000000000109e+04
1.165000000000000000e+03 1.303750000000000000e+04
1.061000000000000000e+03 1.303885000000000036e+04
1.149000000000000000e+03 1.304035000000000036e+04
8.450000000000000000e+02 1.304130000000000109e+04
8.530000000000000000e+02 1.304130000000000109e+04
9.810000000000000000e+02 1.304189999999999964e+04
9.890000000000000000e+02 1.304360000000000036e+04
1.013000000000000000e+03 1.304695000000000073e+04
1.037000000000000000e+03 1.304730000000000109e+04
9.490000000000000000e+02 1.304789999999999964e+04
1.005000000000000000e+03 1.304795000000000073e+04
9.170000000000000000e+02 1.304830000000000109e+04
8.930000000000000000e+02 1.304880000000000109e+04
1.109000000000000000e+03 1.304900000000000000e+04
1.133000000000000000e+03 1.305050000000000000e+04
9.010000000000000000e+02 1.305055000000000109e+04
8.610000000000000000e+02 1.305120000000000073e+04
1.117000000000000000e+03 1.305460000000000036e+04
8.130000000000000000e+02 1.305745000000000073e+04
1.157000000000000000e+03 1.305814999999999964e+04
9.650000000000000000e+02 1.305910000000000036e+04
1.045000000000000000e+03 1.305910000000000036e+04
8.770000000000000000e+02 1.305945000000000073e+04
1.189000000000000000e+03 1.306020000000000073e+04
1.125000000000000000e+03 1.306035000000000036e+04
1.085000000000000000e+03 1.306220000000000073e+04
9.410000000000000000e+02 1.306339999999999964e+04
8.690000000000000000e+02 1.306355000000000109e+04
8.850000000000000000e+02 1.306425000000000000e+04
1.181000000000000000e+03 1.306460000000000036e+04
8.210000000000000000e+02 1.306489999999999964e+04
1.021000000000000000e+03 1.306700000000000000e+04
1.173000000000000000e+03 1.306975000000000000e+04
1.069000000000000000e+03 1.307164999999999964e+04
1.093000000000000000e+03 1.307170000000000073e+04
8.370000000000000000e+02 1.307175000000000000e+04
9.970000000000000000e+02 1.307264999999999964e+04
1.005000000000000000e+03 1.307305000000000109e+04
1.037000000000000000e+03 1.307370000000000073e+04
9.730000000000000000e+02 1.307450000000000000e+04
9.570000000000000000e+02 1.307735000000000036e+04
1.149000000000000000e+03 1.307735000000000036e+04
9.890000000000000000e+02 1.307855000000000109e+04
1.053000000000000000e+03 1.308005000000000109e+04
1.029000000000000000e+03 1.308025000000000000e+04
8.290000000000000000e+02 1.308089999999999964e+04
9.810000000000000000e+02 1.308185000000000036e+04
1.061000000000000000e+03 1.308670000000000073e+04
9.170000000000000000e+02 1.308780000000000109e+04
1.197000000000000000e+03 1.308785000000000036e+04
8.530000000000000000e+02 1.308845000000000073e+04
8.130000000000000000e+02 1.308875000000000000e+04
9.090000000000000000e+02 1.308880000000000109e+04
1.125000000000000000e+03 1.308875000000000000e+04
9.250000000000000000e+02 1.309605000000000109e+04
9.330000000000000000e+02 1.309614999999999964e+04
8.050000000000000000e+02 1.309730000000000109e+04
1.013000000000000000e+03 1.309755000000000109e+04
8.610000000000000000e+02 1.309785000000000036e+04
1.037000000000000000e+03 1.310105000000000109e+04
1.181000000000000000e+03 1.310489999999999964e+04
1.077000000000000000e+03 1.310595000000000073e+04
9.810000000000000000e+02 1.310805000000000109e+04
1.157000000000000000e+03 1.310860000000000036e+04
8.290000000000000000e+02 1.310955000000000109e+04
1.133000000000000000e+03 1.311005000000000109e+04
8.690000000000000000e+02 1.311325000000000000e+04
8.450000000000000000e+02 1.311455000000000109e+04
8.770000000000000000e+02 1.311485000000000036e+04
1.109000000000000000e+03 1.311495000000000073e+04
1.141000000000000000e+03 1.311930000000000109e+04
9.730000000000000000e+02 1.312075000000000000e+04
1.021000000000000000e+03 1.312085000000000036e+04
8.530000000000000000e+02 1.312370000000000073e+04
9.570000000000000000e+02 1.312630000000000109e+04
1.189000000000000000e+03 1.312789999999999964e+04
1.149000000000000000e+03 1.312835000000000036e+04
9.970000000000000000e+02 1.312975000000000000e+04
1.069000000000000000e+03 1.313085000000000036e+04
1.045000000000000000e+03 1.313105000000000109e+04
9.090000000000000000e+02 1.313125000000000000e+04
1.093000000000000000e+03 1.313160000000000036e+04
9.890000000000000000e+02 1.313270000000000073e+04
1.029000000000000000e+03 1.313285000000000036e+04
1.061000000000000000e+03 1.313295000000000073e+04
8.850000000000000000e+02 1.313355000000000109e+04
8.370000000000000000e+02 1.313545000000000073e+04
9.490000000000000000e+02 1.313639999999999964e+04
1.181000000000000000e+03 1.313639999999999964e+04
8.930000000000000000e+02 1.313714999999999964e+04
1.101000000000000000e+03 1.313810000000000036e+04
8.610000000000000000e+02 1.313839999999999964e+04
9.410000000000000000e+02 1.313864999999999964e+04
1.173000000000000000e+03 1.313870000000000073e+04
1.053000000000000000e+03 1.313939999999999964e+04
9.650000000000000000e+02 1.313964999999999964e+04
9.810000000000000000e+02 1.314425000000000000e+04
1.133000000000000000e+03 1.314475000000000000e+04
1.005000000000000000e+03 1.314639999999999964e+04
9.250000000000000000e+02 1.314650000000000000e+04
1.197000000000000000e+03 1.314655000000000109e+04
9.730000000000000000e+02 1.314710000000000036e+04
1.165000000000000000e+03 1.314725000000000000e+04
9.010000000000000000e+02 1.314845000000000073e+04
8.290000000000000000e+02 1.315105000000000109e+04
1.013000000000000000e+03 1.315125000000000000e+04
9.890000000000000000e+02 1.315439999999999964e+04
1.021000000000000000e+03 1.315445000000000073e+04
1.109000000000000000e+03 1.315585000000000036e+04
8.770000000000000000e+02 1.315660000000000036e+04
8.130000000000000000e+02 1.315685000000000036e+04
1.157000000000000000e+03 1.315764999999999964e+04
9.330000000000000000e+02 1.315780000000000109e+04
9.170000000000000000e+02 1.315855000000000109e+04
1.141000000000000000e+03 1.315870000000000073e+04
1.189000000000000000e+03 1.315925000000000000e+04
8.530000000000000000e+02 1.316020000000000073e+04
1.085000000000000000e+03 1.316389999999999964e+04
1.045000000000000000e+03 1.316410000000000036e+04
8.210000000000000000e+02 1.316510000000000036e+04
9.650000000000000000e+02 1.316925000000000000e+04
9.970000000000000000e+02 1.317075000000000000e+04
8.050000000000000000e+02 1.317155000000000109e+04
1.149000000000000000e+03 1.317180000000000109e+04
1.117000000000000000e+03 1.317195000000000073e+04
1.029000000000000000e+03 1.317350000000000000e+04
1.101000000000000000e+03 1.317414999999999964e+04
9.810000000000000000e+02 1.317600000000000000e+04
1.005000000000000000e+03 1.317655000000000109e+04
1.053000000000000000e+03 1.318110000000000036e+04
8.130000000000000000e+02 1.318130000000000109e+04
8.850000000000000000e+02 1.318135000000000036e+04
1.133000000000000000e+03 1.318285000000000036e+04
9.410000000000000000e+02 1.318395000000000073e+04
1.093000000000000000e+03 1.318395000000000073e+04
1.037000000000000000e+03 1.318500000000000000e+04
9.570000000000000000e+02 1.318795000000000073e+04
1.189000000000000000e+03 1.318855000000000109e+04
1.125000000000000000e+03 1.318964999999999964e+04
8.530000000000000000e+02 1.319210000000000036e+04
8.930000000000000000e+02 1.319220000000000073e+04
9.490000000000000000e+02 1.319260000000000036e+04
9.890000000000000000e+02 1.319385000000000036e+04
8.770000000000000000e+02 1.319400000000000000e+04
8.450000000000000000e+02 1.319514999999999964e+04
1.165000000000000000e+03 1.319850000000000000e+04
1.197000000000000000e+03 1.319995000000000073e+04
8.210000000000000000e+02 1.320039999999999964e+04
9.330000000000000000e+02 1.320039999999999964e+04
9.970000000000000000e+02 1.320095000000000073e+04
1.109000000000000000e+03 1.320210000000000036e+04
9.170000000000000000e+02 1.320280000000000109e+04
1.013000000000000000e+03 1.320455000000000109e+04
8.690000000000000000e+02 1.320755000000000109e+04
8.610000000000000000e+02 1.320770000000000073e+04
9.730000000000000000e+02 1.320770000000000073e+04
1.117000000000000000e+03 1.320825000000000000e+04
1.045000000000000000e+03 1.320860000000000036e+04
1.157000000000000000e+03 1.320885000000000036e+04
8.290000000000000000e+02 1.321360000000000036e+04
9.250000000000000000e+02 1.321520000000000073e+04
1.069000000000000000e+03 1.321630000000000109e+04
8.850000000000000000e+02 1.321700000000000000e+04
1.085000000000000000e+03 1.321720000000000073e+04
1.189000000000000000e+03 1.321725000000000000e+04
1.021000000000000000e+03 1.321755000000000109e+04
1.061000000000000000e+03 1.321800000000000000e+04
1.125000000000000000e+03 1.321839999999999964e+04
8.050000000000000000e+02 1.321920000000000073e+04
1.141000000000000000e+03 1.322235000000000036e+04
9.810000000000000000e+02 1.322480000000000109e+04
1.077000000000000000e+03 1.322485000000000036e+04
1.181000000000000000e+03 1.322739999999999964e+04
8.210000000000000000e+02 1.322780000000000109e+04
1.029000000000000000e+03 1.322800000000000000e+04
9.010000000000000000e+02 1.322814999999999964e+04
8.530000000000000000e+02 1.323000000000000000e+04
9.890000000000000000e+02 1.323110000000000036e+04
9.330000000000000000e+02 1.323295000000000073e+04
1.149000000000000000e+03 1.323300000000000000e+04
8.370000000000000000e+02 1.323330000000000109e+04
1.005000000000000000e+03 1.323370000000000073e+04
9.730000000000000000e+02 1.323675000000000000e+04
1.109000000000000000e+03 1.323860000000000036e+04
1.173000000000000000e+03 1.323855000000000109e+04
9.410000000000000000e+02 1.323875000000000000e+04
1.117000000000000000e+03 1.323925000000000000e+04
8.930000000000000000e+02 1.324075000000000000e+04
1.197000000000000000e+03 1.324800000000000000e+04
8.290000000000000000e+02 1.324855000000000109e+04
8.610000000000000000e+02 1.324905000000000109e+04
9.170000000000000000e+02 1.324920000000000073e+04
1.093000000000000000e+03 1.325000000000000000e+04
1.101000000000000000e+03 1.325014999999999964e+04
8.130000000000000000e+02 1.325045000000000073e+04
8.050000000000000000e+02 1.325055000000000109e+04
8.770000000000000000e+02 1.325745000000000073e+04
1.141000000000000000e+03 1.325845000000000073e+04
1.157000000000000000e+03 1.325875000000000000e+04
1.053000000000000000e+03 1.325975000000000000e+04
9.250000000000000000e+02 1.326139999999999964e+04
1.045000000000000000e+03 1.326335000000000036e+04
9.650000000000000000e+02 1.326405000000000109e+04
1.061000000000000000e+03 1.326485000000000036e+04
8.530000000000000000e+02 1.326695000000000073e+04
1.029000000000000000e+03 1.326795000000000073e+04
9.890000000000000000e+02 1.327439999999999964e+04
9.810000000000000000e+02 1.327630000000000109e+04
1.133000000000000000e+03 1.327635000000000036e+04
8.450000000000000000e+02 1.327670000000000073e+04
1.181000000000000000e+03 1.327670000000000073e+04
1.005000000000000000e+03 1.327695000000000073e+04
1.013000000000000000e+03 1.327710000000000036e+04
1.037000000000000000e+03 1.327745000000000073e+04
8.690000000000000000e+02 1.327760000000000036e+04
1.165000000000000000e+03 1.327850000000000000e+04
9.570000000000000000e+02 1.328310000000000036e+04
1.053000000000000000e+03 1.328339999999999964e+04
1.077000000000000000e+03 1.328420000000000073e+04
9.970000000000000000e+02 1.328485000000000036e+04
1.189000000000000000e+03 1.328550000000000000e+04
8.210000000000000000e+02 1.328560000000000036e+04
9.730000000000000000e+02 1.328639999999999964e+04
8.770000000000000000e+02 1.328680000000000109e+04
1.069000000000000000e+03 1.328889999999999964e+04
8.370000000000000000e+02 1.329014999999999964e+04
1.149000000000000000e+03 1.329080000000000109e+04
8.130000000000000000e+02 1.329245000000000073e+04
9.250000000000000000e+02 1.329289999999999964e+04
8.930000000000000000e+02 1.329295000000000073e+04
1.109000000000000000e+03 1.329389999999999964e+04
1.029000000000000000e+03 1.329689999999999964e+04
8.050000000000000000e+02 1.329764999999999964e+04
1.093000000000000000e+03 1.329885000000000036e+04
1.173000000000000000e+03 1.329950000000000000e+04
8.610000000000000000e+02 1.330010000000000036e+04
8.290000000000000000e+02 1.330020000000000073e+04
1.141000000000000000e+03 1.330189999999999964e+04
9.410000000000000000e+02 1.330250000000000000e+04
1.021000000000000000e+03 1.330414999999999964e+04
8.850000000000000000e+02 1.330425000000000000e+04
1.061000000000000000e+03 1.330535000000000036e+04
1.117000000000000000e+03 1.331110000000000036e+04
9.650000000000000000e+02 1.331135000000000036e+04
9.010000000000000000e+02 1.331250000000000000e+04
1.101000000000000000e+03 1.331360000000000036e+04
8.530000000000000000e+02 1.331500000000000000e+04
1.197000000000000000e+03 1.331655000000000109e+04
8.450000000000000000e+02 1.331760000000000036e+04
8.690000000000000000e+02 1.331764999999999964e+04
1.133000000000000000e+03 1.331785000000000036e+04
1.157000000000000000e+03 1.331920000000000073e+04
9.490000000000000000e+02 1.332130000000000109e+04
9.570000000000000000e+02 1.332185000000000036e+04
9.970000000000000000e+02 1.332185000000000036e+04
1.013000000000000000e+03 1.332255000000000109e+04
9.890000000000000000e+02 1.332360000000000036e+04
1.069000000000000000e+03 1.332414999999999964e+04
1.165000000000000000e+03 1.332450000000000000e+04
1.053000000000000000e+03 1.332535000000000036e+04
1.125000000000000000e+03 1.332550000000000000e+04
1.029000000000000000e+03 1.332735000000000036e+04
1.005000000000000000e+03 1.332785000000000036e+04
8.770000000000000000e+02 1.332850000000000000e+04
8.210000000000000000e+02 1.332885000000000036e+04
1.085000000000000000e+03 1.332914999999999964e+04
9.250000000000000000e+02 1.333050000000000000e+04
9.730000000000000000e+02 1.333060000000000036e+04
8.130000000000000000e+02 1.333320000000000073e+04
1.149000000000000000e+03 1.333460000000000036e+04
8.610000000000000000e+02 1.333570000000000073e+04
1.021000000000000000e+03 1.333764999999999964e+04
1.181000000000000000e+03 1.333935000000000036e+04
1.093000000000000000e+03 1.334145000000000073e+04
1.173000000000000000e+03 1.334230000000000109e+04
9.650000000000000000e+02 1.334239999999999964e+04
8.290000000000000000e+02 1.334280000000000109e+04
1.117000000000000000e+03 1.334400000000000000e+04
1.197000000000000000e+03 1.334550000000000000e+04
1.077000000000000000e+03 1.334945000000000073e+04
1.189000000000000000e+03 1.334950000000000000e+04
9.090000000000000000e+02 1.335110000000000036e+04
1.013000000000000000e+03 1.335150000000000000e+04
1.061000000000000000e+03 1.335295000000000073e+04
8.450000000000000000e+02 1.335360000000000036e+04
1.125000000000000000e+03 1.335370000000000073e+04
1.165000000000000000e+03 1.335410000000000036e+04
9.890000000000000000e+02 1.335414999999999964e+04
9.970000000000000000e+02 1.335464999999999964e+04
1.133000000000000000e+03 1.335495000000000073e+04
8.770000000000000000e+02 1.335510000000000036e+04
8.530000000000000000e+02 1.335575000000000000e+04
1.029000000000000000e+03 1.335914999999999964e+04
8.690000000000000000e+02 1.336020000000000073e+04
8.930000000000000000e+02 1.336235000000000036e+04
8.130000000000000000e+02 1.336264999999999964e+04
8.210000000000000000e+02 1.336355000000000109e+04
1.157000000000000000e+03 1.336360000000000036e+04
1.045000000000000000e+03 1.336610000000000036e+04
9.010000000000000000e+02 1.336705000000000109e+04
9.490000000000000000e+02 1.336805000000000109e+04
1.141000000000000000e+03 1.336855000000000109e+04
1.037000000000000000e+03 1.336950000000000000e+04
1.069000000000000000e+03 1.337005000000000109e+04
9.730000000000000000e+02 1.337425000000000000e+04
1.173000000000000000e+03 1.337485000000000036e+04
1.117000000000000000e+03 1.337514999999999964e+04
9.650000000000000000e+02 1.337585000000000036e+04
9.250000000000000000e+02 1.337685000000000036e+04
1.021000000000000000e+03 1.337689999999999964e+04
9.410000000000000000e+02 1.337700000000000000e+04
1.085000000000000000e+03 1.337720000000000073e+04
1.149000000000000000e+03 1.337770000000000073e+04
8.850000000000000000e+02 1.337800000000000000e+04
8.610000000000000000e+02 1.337860000000000036e+04
8.370000000000000000e+02 1.337910000000000036e+04
1.109000000000000000e+03 1.338155000000000109e+04
1.053000000000000000e+03 1.338255000000000109e+04
9.170000000000000000e+02 1.338355000000000109e+04
8.690000000000000000e+02 1.338420000000000073e+04
1.133000000000000000e+03 1.338414999999999964e+04
8.930000000000000000e+02 1.338425000000000000e+04
1.197000000000000000e+03 1.338885000000000036e+04
1.029000000000000000e+03 1.339025000000000000e+04
9.570000000000000000e+02 1.339050000000000000e+04
9.090000000000000000e+02 1.339250000000000000e+04
9.970000000000000000e+02 1.339285000000000036e+04
8.130000000000000000e+02 1.339475000000000000e+04
8.530000000000000000e+02 1.339539999999999964e+04
8.450000000000000000e+02 1.339760000000000036e+04
8.770000000000000000e+02 1.339780000000000109e+04
1.069000000000000000e+03 1.339805000000000109e+04
9.810000000000000000e+02 1.339839999999999964e+04
1.045000000000000000e+03 1.339860000000000036e+04
1.005000000000000000e+03 1.339864999999999964e+04
1.189000000000000000e+03 1.339900000000000000e+04
1.077000000000000000e+03 1.339925000000000000e+04
9.330000000000000000e+02 1.340310000000000036e+04
1.141000000000000000e+03 1.340314999999999964e+04
9.730000000000000000e+02 1.340655000000000109e+04
8.050000000000000000e+02 1.341060000000000036e+04
9.650000000000000000e+02 1.341114999999999964e+04
1.149000000000000000e+03 1.341164999999999964e+04
1.165000000000000000e+03 1.341270000000000073e+04
8.290000000000000000e+02 1.341900000000000000e+04
1.061000000000000000e+03 1.341945000000000073e+04
9.490000000000000000e+02 1.342045000000000073e+04
9.250000000000000000e+02 1.342089999999999964e+04
1.053000000000000000e+03 1.342389999999999964e+04
1.037000000000000000e+03 1.342405000000000109e+04
1.133000000000000000e+03 1.342405000000000109e+04
1.197000000000000000e+03 1.342455000000000109e+04
1.045000000000000000e+03 1.342595000000000073e+04
1.157000000000000000e+03 1.342600000000000000e+04
8.370000000000000000e+02 1.342645000000000073e+04
1.013000000000000000e+03 1.342670000000000073e+04
8.610000000000000000e+02 1.343135000000000036e+04
1.069000000000000000e+03 1.343139999999999964e+04
1.125000000000000000e+03 1.343230000000000109e+04
1.109000000000000000e+03 1.343235000000000036e+04
8.530000000000000000e+02 1.343255000000000109e+04
9.410000000000000000e+02 1.343260000000000036e+04
1.181000000000000000e+03 1.343320000000000073e+04
9.890000000000000000e+02 1.343414999999999964e+04
8.450000000000000000e+02 1.343495000000000073e+04
9.970000000000000000e+02 1.343620000000000073e+04
8.850000000000000000e+02 1.343830000000000109e+04
8.690000000000000000e+02 1.343980000000000109e+04
1.029000000000000000e+03 1.344050000000000000e+04
8.130000000000000000e+02 1.344250000000000000e+04
8.050000000000000000e+02 1.344280000000000109e+04
1.077000000000000000e+03 1.344375000000000000e+04
9.650000000000000000e+02 1.344445000000000073e+04
1.101000000000000000e+03 1.344850000000000000e+04
8.770000000000000000e+02 1.344870000000000073e+04
9.090000000000000000e+02 1.345025000000000000e+04
1.085000000000000000e+03 1.345100000000000000e+04
1.053000000000000000e+03 1.345135000000000036e+04
1.173000000000000000e+03 1.345200000000000000e+04
8.930000000000000000e+02 1.345239999999999964e+04
1.141000000000000000e+03 1.345255000000000109e+04
1.021000000000000000e+03 1.345289999999999964e+04
8.210000000000000000e+02 1.345530000000000109e+04
1.189000000000000000e+03 1.345845000000000073e+04
1.133000000000000000e+03 1.345910000000000036e+04
9.570000000000000000e+02 1.345970000000000073e+04
8.370000000000000000e+02 1.345975000000000000e+04
9.330000000000000000e+02 1.346610000000000036e+04
1.069000000000000000e+03 1.346605000000000109e+04
9.010000000000000000e+02 1.346645000000000073e+04
1.037000000000000000e+03 1.346739999999999964e+04
8.690000000000000000e+02 1.346770000000000073e+04
8.530000000000000000e+02 1.346789999999999964e+04
1.165000000000000000e+03 1.346800000000000000e+04
1.005000000000000000e+03 1.346905000000000109e+04
1.125000000000000000e+03 1.346950000000000000e+04
1.029000000000000000e+03 1.347005000000000109e+04
1.117000000000000000e+03 1.347025000000000000e+04
9.970000000000000000e+02 1.347070000000000073e+04
1.157000000000000000e+03 1.347089999999999964e+04
1.197000000000000000e+03 1.347245000000000073e+04
1.061000000000000000e+03 1.347350000000000000e+04
9.170000000000000000e+02 1.347430000000000109e+04
1.045000000000000000e+03 1.347514999999999964e+04
8.130000000000000000e+02 1.347539999999999964e+04
8.210000000000000000e+02 1.347675000000000000e+04
9.090000000000000000e+02 1.347710000000000036e+04
8.050000000000000000e+02 1.348335000000000036e+04
9.890000000000000000e+02 1.348380000000000109e+04
1.181000000000000000e+03 1.348464999999999964e+04
8.770000000000000000e+02 1.348860000000000036e+04
8.450000000000000000e+02 1.349114999999999964e+04
9.250000000000000000e+02 1.349114999999999964e+04
9.490000000000000000e+02 1.349170000000000073e+04
1.149000000000000000e+03 1.349185000000000036e+04
1.133000000000000000e+03 1.349300000000000000e+04
1.093000000000000000e+03 1.349400000000000000e+04
8.610000000000000000e+02 1.349525000000000000e+04
1.021000000000000000e+03 1.349705000000000109e+04
1.197000000000000000e+03 1.349835000000000036e+04
1.101000000000000000e+03 1.349905000000000109e+04
1.165000000000000000e+03 1.349914999999999964e+04
8.290000000000000000e+02 1.349930000000000109e+04
9.410000000000000000e+02 1.349995000000000073e+04
1.117000000000000000e+03 1.350010000000000036e+04
9.650000000000000000e+02 1.350080000000000109e+04
1.069000000000000000e+03 1.350239999999999964e+04
9.330000000000000000e+02 1.350385000000000036e+04
1.005000000000000000e+03 1.350410000000000036e+04
8.130000000000000000e+02 1.350470000000000073e+04
1.109000000000000000e+03 1.350639999999999964e+04
1.061000000000000000e+03 1.350645000000000073e+04
9.810000000000000000e+02 1.350755000000000109e+04
1.029000000000000000e+03 1.350760000000000036e+04
9.170000000000000000e+02 1.350789999999999964e+04
1.157000000000000000e+03 1.350935000000000036e+04
8.210000000000000000e+02 1.351125000000000000e+04
9.970000000000000000e+02 1.351139999999999964e+04
8.530000000000000000e+02 1.351235000000000036e+04
8.690000000000000000e+02 1.351460000000000036e+04
1.189000000000000000e+03 1.351570000000000073e+04
1.045000000000000000e+03 1.351585000000000036e+04
1.173000000000000000e+03 1.351764999999999964e+04
8.050000000000000000e+02 1.351885000000000036e+04
1.125000000000000000e+03 1.352120000000000073e+04
9.090000000000000000e+02 1.352420000000000073e+04
1.077000000000000000e+03 1.352500000000000000e+04
9.490000000000000000e+02 1.352585000000000036e+04
1.013000000000000000e+03 1.352585000000000036e+04
1.093000000000000000e+03 1.352645000000000073e+04
9.570000000000000000e+02 1.352685000000000036e+04
1.133000000000000000e+03 1.352789999999999964e+04
8.130000000000000000e+02 1.352845000000000073e+04
1.149000000000000000e+03 1.352950000000000000e+04
8.450000000000000000e+02 1.353055000000000109e+04
1.165000000000000000e+03 1.353280000000000109e+04
8.210000000000000000e+02 1.353310000000000036e+04
9.650000000000000000e+02 1.353320000000000073e+04
9.730000000000000000e+02 1.353370000000000073e+04
9.250000000000000000e+02 1.353439999999999964e+04
8.770000000000000000e+02 1.353535000000000036e+04
8.930000000000000000e+02 1.353645000000000073e+04
9.010000000000000000e+02 1.353650000000000000e+04
1.109000000000000000e+03 1.353995000000000073e+04
9.410000000000000000e+02 1.354085000000000036e+04
1.053000000000000000e+03 1.354085000000000036e+04
1.197000000000000000e+03 1.354539999999999964e+04
1.029000000000000000e+03 1.354650000000000000e+04
9.970000000000000000e+02 1.354760000000000036e+04
1.005000000000000000e+03 1.355280000000000109e+04
8.690000000000000000e+02 1.355360000000000036e+04
9.890000000000000000e+02 1.355355000000000109e+04
8.290000000000000000e+02 1.355395000000000073e+04
8.050000000000000000e+02 1.355410000000000036e+04
1.021000000000000000e+03 1.355410000000000036e+04
1.181000000000000000e+03 1.355410000000000036e+04
1.125000000000000000e+03 1.355425000000000000e+04
8.850000000000000000e+02 1.355464999999999964e+04
1.173000000000000000e+03 1.355950000000000000e+04
8.530000000000000000e+02 1.355955000000000109e+04
1.189000000000000000e+03 1.356080000000000109e+04
1.037000000000000000e+03 1.356130000000000109e+04
1.069000000000000000e+03 1.356145000000000073e+04
8.130000000000000000e+02 1.356205000000000109e+04
1.061000000000000000e+03 1.356210000000000036e+04
9.330000000000000000e+02 1.356214999999999964e+04
1.045000000000000000e+03 1.356220000000000073e+04
1.077000000000000000e+03 1.356235000000000036e+04
1.085000000000000000e+03 1.356260000000000036e+04
1.157000000000000000e+03 1.356264999999999964e+04
1.133000000000000000e+03 1.356364999999999964e+04
9.570000000000000000e+02 1.356405000000000109e+04
1.029000000000000000e+03 1.356875000000000000e+04
1.165000000000000000e+03 1.356885000000000036e+04
1.197000000000000000e+03 1.356910000000000036e+04
8.610000000000000000e+02 1.356985000000000036e+04
9.810000000000000000e+02 1.357014999999999964e+04
1.109000000000000000e+03 1.357170000000000073e+04
1.141000000000000000e+03 1.357410000000000036e+04
1.013000000000000000e+03 1.357789999999999964e+04
8.370000000000000000e+02 1.357814999999999964e+04
9.490000000000000000e+02 1.357925000000000000e+04
9.650000000000000000e+02 1.358125000000000000e+04
8.210000000000000000e+02 1.358164999999999964e+04
9.890000000000000000e+02 1.358470000000000073e+04
8.050000000000000000e+02 1.358485000000000036e+04
9.410000000000000000e+02 1.358564999999999964e+04
1.021000000000000000e+03 1.358580000000000109e+04
8.930000000000000000e+02 1.358655000000000109e+04
8.530000000000000000e+02 1.358739999999999964e+04
1.125000000000000000e+03 1.358914999999999964e+04
9.730000000000000000e+02 1.358975000000000000e+04
9.170000000000000000e+02 1.359225000000000000e+04
9.970000000000000000e+02 1.359314999999999964e+04
1.133000000000000000e+03 1.359385000000000036e+04
1.157000000000000000e+03 1.359495000000000073e+04
8.450000000000000000e+02 1.359670000000000073e+04
9.330000000000000000e+02 1.359739999999999964e+04
9.010000000000000000e+02 1.360039999999999964e+04
9.090000000000000000e+02 1.360039999999999964e+04
9.250000000000000000e+02 1.360214999999999964e+04
1.197000000000000000e+03 1.360510000000000036e+04
1.189000000000000000e+03 1.360764999999999964e+04
1.029000000000000000e+03 1.360780000000000109e+04
1.037000000000000000e+03 1.361025000000000000e+04
1.093000000000000000e+03 1.361080000000000109e+04
8.690000000000000000e+02 1.361100000000000000e+04
8.610000000000000000e+02 1.361160000000000036e+04
1.053000000000000000e+03 1.361160000000000036e+04
9.490000000000000000e+02 1.361239999999999964e+04
1.117000000000000000e+03 1.361350000000000000e+04
9.730000000000000000e+02 1.361360000000000036e+04
1.165000000000000000e+03 1.361364999999999964e+04
1.061000000000000000e+03 1.361395000000000073e+04
1.101000000000000000e+03 1.361420000000000073e+04
1.157000000000000000e+03 1.361675000000000000e+04
1.149000000000000000e+03 1.361735000000000036e+04
1.109000000000000000e+03 1.361925000000000000e+04
8.930000000000000000e+02 1.361939999999999964e+04
9.890000000000000000e+02 1.361995000000000073e+04
1.125000000000000000e+03 1.362005000000000109e+04
8.210000000000000000e+02 1.362080000000000109e+04
1.005000000000000000e+03 1.362239999999999964e+04
1.181000000000000000e+03 1.362460000000000036e+04
1.133000000000000000e+03 1.362470000000000073e+04
8.130000000000000000e+02 1.362475000000000000e+04
1.077000000000000000e+03 1.362855000000000109e+04
9.650000000000000000e+02 1.362980000000000109e+04
1.141000000000000000e+03 1.363095000000000073e+04
9.970000000000000000e+02 1.363205000000000109e+04
1.045000000000000000e+03 1.363214999999999964e+04
1.013000000000000000e+03 1.363235000000000036e+04
9.570000000000000000e+02 1.363270000000000073e+04
8.050000000000000000e+02 1.363850000000000000e+04
8.530000000000000000e+02 1.363845000000000073e+04
8.850000000000000000e+02 1.363905000000000109e+04
9.810000000000000000e+02 1.363914999999999964e+04
1.029000000000000000e+03 1.363950000000000000e+04
8.450000000000000000e+02 1.363955000000000109e+04
8.370000000000000000e+02 1.364080000000000109e+04
1.173000000000000000e+03 1.364264999999999964e+04
9.250000000000000000e+02 1.364730000000000109e+04
1.069000000000000000e+03 1.364789999999999964e+04
1.021000000000000000e+03 1.364825000000000000e+04
1.085000000000000000e+03 1.364945000000000073e+04
9.730000000000000000e+02 1.365230000000000109e+04
9.890000000000000000e+02 1.365230000000000109e+04
8.770000000000000000e+02 1.365300000000000000e+04
1.125000000000000000e+03 1.365339999999999964e+04
1.101000000000000000e+03 1.365400000000000000e+04
9.170000000000000000e+02 1.365430000000000109e+04
1.005000000000000000e+03 1.365664999999999964e+04
8.210000000000000000e+02 1.365735000000000036e+04
9.410000000000000000e+02 1.365775000000000000e+04
1.093000000000000000e+03 1.365839999999999964e+04
1.133000000000000000e+03 1.365905000000000109e+04
8.690000000000000000e+02 1.365995000000000073e+04
1.157000000000000000e+03 1.366100000000000000e+04
9.650000000000000000e+02 1.366320000000000073e+04
8.610000000000000000e+02 1.366335000000000036e+04
8.850000000000000000e+02 1.366350000000000000e+04
1.077000000000000000e+03 1.366350000000000000e+04
9.810000000000000000e+02 1.366375000000000000e+04
9.010000000000000000e+02 1.366395000000000073e+04
1.045000000000000000e+03 1.366480000000000109e+04
9.330000000000000000e+02 1.366485000000000036e+04
1.197000000000000000e+03 1.366600000000000000e+04
1.061000000000000000e+03 1.366989999999999964e+04
1.013000000000000000e+03 1.367139999999999964e+04
1.053000000000000000e+03 1.367155000000000109e+04
1.149000000000000000e+03 1.367239999999999964e+04
8.930000000000000000e+02 1.367264999999999964e+04
1.029000000000000000e+03 1.367655000000000109e+04
8.530000000000000000e+02 1.367680000000000109e+04
1.117000000000000000e+03 1.367785000000000036e+04
1.165000000000000000e+03 1.367810000000000036e+04
8.290000000000000000e+02 1.367900000000000000e+04
1.189000000000000000e+03 1.367914999999999964e+04
9.970000000000000000e+02 1.368320000000000073e+04
8.370000000000000000e+02 1.368445000000000073e+04
8.130000000000000000e+02 1.368455000000000109e+04
8.770000000000000000e+02 1.368589999999999964e+04
1.085000000000000000e+03 1.368614999999999964e+04
1.173000000000000000e+03 1.368635000000000036e+04
8.690000000000000000e+02 1.368864999999999964e+04
9.490000000000000000e+02 1.369225000000000000e+04
9.890000000000000000e+02 1.369230000000000109e+04
9.250000000000000000e+02 1.369245000000000073e+04
9.330000000000000000e+02 1.369295000000000073e+04
1.133000000000000000e+03 1.369355000000000109e+04
8.210000000000000000e+02 1.369435000000000036e+04
1.069000000000000000e+03 1.369489999999999964e+04
9.170000000000000000e+02 1.369514999999999964e+04
1.061000000000000000e+03 1.369595000000000073e+04
8.050000000000000000e+02 1.369720000000000073e+04
8.530000000000000000e+02 1.369845000000000073e+04
1.125000000000000000e+03 1.369864999999999964e+04
9.650000000000000000e+02 1.369935000000000036e+04
1.037000000000000000e+03 1.369939999999999964e+04
8.450000000000000000e+02 1.369950000000000000e+04
1.045000000000000000e+03 1.370050000000000000e+04
1.157000000000000000e+03 1.370105000000000109e+04
9.570000000000000000e+02 1.370464999999999964e+04
1.053000000000000000e+03 1.370485000000000036e+04
1.109000000000000000e+03 1.370839999999999964e+04
9.730000000000000000e+02 1.370845000000000073e+04
1.013000000000000000e+03 1.370985000000000036e+04
1.005000000000000000e+03 1.371030000000000109e+04
9.810000000000000000e+02 1.371114999999999964e+04
1.077000000000000000e+03 1.371150000000000000e+04
1.149000000000000000e+03 1.371175000000000000e+04
1.021000000000000000e+03 1.371305000000000109e+04
8.610000000000000000e+02 1.371905000000000109e+04
8.930000000000000000e+02 1.371970000000000073e+04
1.141000000000000000e+03 1.372039999999999964e+04
9.010000000000000000e+02 1.372160000000000036e+04
9.970000000000000000e+02 1.372200000000000000e+04
1.029000000000000000e+03 1.372380000000000109e+04
1.197000000000000000e+03 1.372420000000000073e+04
8.050000000000000000e+02 1.372425000000000000e+04
9.090000000000000000e+02 1.372439999999999964e+04
1.165000000000000000e+03 1.372455000000000109e+04
1.101000000000000000e+03 1.372505000000000109e+04
1.181000000000000000e+03 1.372535000000000036e+04
1.189000000000000000e+03 1.372570000000000073e+04
9.890000000000000000e+02 1.372620000000000073e+04
1.133000000000000000e+03 1.372675000000000000e+04
1.061000000000000000e+03 1.372995000000000073e+04
1.117000000000000000e+03 1.373064999999999964e+04
9.730000000000000000e+02 1.373205000000000109e+04
1.173000000000000000e+03 1.373314999999999964e+04
9.170000000000000000e+02 1.373335000000000036e+04
8.290000000000000000e+02 1.373370000000000073e+04
9.810000000000000000e+02 1.373414999999999964e+04
9.410000000000000000e+02 1.373630000000000109e+04
9.250000000000000000e+02 1.373660000000000036e+04
8.130000000000000000e+02 1.373710000000000036e+04
8.210000000000000000e+02 1.373745000000000073e+04
1.157000000000000000e+03 1.373805000000000109e+04
8.450000000000000000e+02 1.373835000000000036e+04
1.069000000000000000e+03 1.373950000000000000e+04
1.045000000000000000e+03 1.374010000000000036e+04
8.850000000000000000e+02 1.374120000000000073e+04
1.125000000000000000e+03 1.374460000000000036e+04
9.570000000000000000e+02 1.374470000000000073e+04
1.141000000000000000e+03 1.374485000000000036e+04
8.610000000000000000e+02 1.374520000000000073e+04
8.530000000000000000e+02 1.374639999999999964e+04
8.770000000000000000e+02 1.374714999999999964e+04
1.005000000000000000e+03 1.374875000000000000e+04
1.109000000000000000e+03 1.374875000000000000e+04
1.189000000000000000e+03 1.375105000000000109e+04
1.053000000000000000e+03 1.375164999999999964e+04
8.370000000000000000e+02 1.375264999999999964e+04
1.029000000000000000e+03 1.375350000000000000e+04
1.133000000000000000e+03 1.375355000000000109e+04
1.037000000000000000e+03 1.375539999999999964e+04
9.010000000000000000e+02 1.375614999999999964e+04
9.490000000000000000e+02 1.375714999999999964e+04
1.021000000000000000e+03 1.375960000000000036e+04
8.050000000000000000e+02 1.376095000000000073e+04
1.013000000000000000e+03 1.376110000000000036e+04
8.210000000000000000e+02 1.376489999999999964e+04
1.117000000000000000e+03 1.376505000000000109e+04
9.730000000000000000e+02 1.376539999999999964e+04
8.690000000000000000e+02 1.376589999999999964e+04
9.970000000000000000e+02 1.376645000000000073e+04
1.149000000000000000e+03 1.376695000000000073e+04
1.157000000000000000e+03 1.376795000000000073e+04
8.130000000000000000e+02 1.376885000000000036e+04
1.165000000000000000e+03 1.377114999999999964e+04
8.850000000000000000e+02 1.377175000000000000e+04
1.133000000000000000e+03 1.377255000000000109e+04
1.093000000000000000e+03 1.377305000000000109e+04
1.061000000000000000e+03 1.377339999999999964e+04
1.077000000000000000e+03 1.377389999999999964e+04
1.197000000000000000e+03 1.377425000000000000e+04
9.890000000000000000e+02 1.377460000000000036e+04
1.085000000000000000e+03 1.377525000000000000e+04
9.570000000000000000e+02 1.377685000000000036e+04
8.290000000000000000e+02 1.377964999999999964e+04
1.005000000000000000e+03 1.377970000000000073e+04
1.109000000000000000e+03 1.378005000000000109e+04
8.450000000000000000e+02 1.378045000000000073e+04
1.101000000000000000e+03 1.378070000000000073e+04
1.069000000000000000e+03 1.378100000000000000e+04
9.170000000000000000e+02 1.378125000000000000e+04
9.810000000000000000e+02 1.378355000000000109e+04
8.370000000000000000e+02 1.378750000000000000e+04
8.530000000000000000e+02 1.378985000000000036e+04
9.490000000000000000e+02 1.378985000000000036e+04
1.173000000000000000e+03 1.379030000000000109e+04
1.029000000000000000e+03 1.379160000000000036e+04
1.189000000000000000e+03 1.379195000000000073e+04
1.045000000000000000e+03 1.379220000000000073e+04
1.125000000000000000e+03 1.379230000000000109e+04
9.650000000000000000e+02 1.379605000000000109e+04
8.610000000000000000e+02 1.379720000000000073e+04
9.250000000000000000e+02 1.379845000000000073e+04
1.021000000000000000e+03 1.379914999999999964e+04
8.770000000000000000e+02 1.379925000000000000e+04
8.930000000000000000e+02 1.379939999999999964e+04
9.890000000000000000e+02 1.380289999999999964e+04
1.133000000000000000e+03 1.380360000000000036e+04
9.970000000000000000e+02 1.380475000000000000e+04
8.210000000000000000e+02 1.380585000000000036e+04
9.730000000000000000e+02 1.380614999999999964e+04
9.330000000000000000e+02 1.380630000000000109e+04
1.181000000000000000e+03 1.381110000000000036e+04
9.090000000000000000e+02 1.381180000000000109e+04
1.053000000000000000e+03 1.381175000000000000e+04
8.370000000000000000e+02 1.381289999999999964e+04
1.085000000000000000e+03 1.381410000000000036e+04
9.810000000000000000e+02 1.381530000000000109e+04
1.037000000000000000e+03 1.381545000000000073e+04
1.005000000000000000e+03 1.381635000000000036e+04
1.157000000000000000e+03 1.381775000000000000e+04
9.570000000000000000e+02 1.381814999999999964e+04
1.141000000000000000e+03 1.381820000000000073e+04
1.077000000000000000e+03 1.381839999999999964e+04
1.125000000000000000e+03 1.381835000000000036e+04
8.050000000000000000e+02 1.381845000000000073e+04
8.690000000000000000e+02 1.381850000000000000e+04
1.069000000000000000e+03 1.381855000000000109e+04
1.013000000000000000e+03 1.382195000000000073e+04
1.133000000000000000e+03 1.382289999999999964e+04
8.130000000000000000e+02 1.382305000000000109e+04
1.045000000000000000e+03 1.382380000000000109e+04
9.010000000000000000e+02 1.382410000000000036e+04
8.530000000000000000e+02 1.382505000000000109e+04
1.029000000000000000e+03 1.382510000000000036e+04
9.490000000000000000e+02 1.382539999999999964e+04
9.250000000000000000e+02 1.382580000000000109e+04
1.149000000000000000e+03 1.382689999999999964e+04
8.930000000000000000e+02 1.382700000000000000e+04
1.101000000000000000e+03 1.383155000000000109e+04
1.109000000000000000e+03 1.383250000000000000e+04
8.450000000000000000e+02 1.383285000000000036e+04
1.021000000000000000e+03 1.383560000000000036e+04
9.970000000000000000e+02 1.383564999999999964e+04
8.290000000000000000e+02 1.383575000000000000e+04
8.770000000000000000e+02 1.383725000000000000e+04
1.157000000000000000e+03 1.383925000000000000e+04
8.690000000000000000e+02 1.384075000000000000e+04
9.170000000000000000e+02 1.384125000000000000e+04
9.890000000000000000e+02 1.384285000000000036e+04
1.173000000000000000e+03 1.384300000000000000e+04
8.050000000000000000e+02 1.384455000000000109e+04
1.125000000000000000e+03 1.384480000000000109e+04
9.330000000000000000e+02 1.384614999999999964e+04
1.165000000000000000e+03 1.384805000000000109e+04
8.610000000000000000e+02 1.384845000000000073e+04
1.093000000000000000e+03 1.384930000000000109e+04
1.061000000000000000e+03 1.384980000000000109e+04
1.069000000000000000e+03 1.385200000000000000e+04
1.133000000000000000e+03 1.385260000000000036e+04
1.013000000000000000e+03 1.385280000000000109e+04
8.850000000000000000e+02 1.385355000000000109e+04
8.290000000000000000e+02 1.385364999999999964e+04
1.029000000000000000e+03 1.385555000000000109e+04
1.149000000000000000e+03 1.385564999999999964e+04
8.130000000000000000e+02 1.385600000000000000e+04
8.530000000000000000e+02 1.385650000000000000e+04
9.570000000000000000e+02 1.385645000000000073e+04
9.650000000000000000e+02 1.385695000000000073e+04
1.021000000000000000e+03 1.385850000000000000e+04
1.189000000000000000e+03 1.386035000000000036e+04
8.450000000000000000e+02 1.386210000000000036e+04
1.005000000000000000e+03 1.386270000000000073e+04
9.410000000000000000e+02 1.386385000000000036e+04
1.101000000000000000e+03 1.386414999999999964e+04
1.085000000000000000e+03 1.386485000000000036e+04
1.053000000000000000e+03 1.386530000000000109e+04
1.045000000000000000e+03 1.386560000000000036e+04
8.370000000000000000e+02 1.386864999999999964e+04
1.117000000000000000e+03 1.386864999999999964e+04
9.730000000000000000e+02 1.386880000000000109e+04
9.490000000000000000e+02 1.386910000000000036e+04
9.810000000000000000e+02 1.386960000000000036e+04
8.770000000000000000e+02 1.387455000000000109e+04
1.197000000000000000e+03 1.387545000000000073e+04
1.077000000000000000e+03 1.387555000000000109e+04
1.061000000000000000e+03 1.387570000000000073e+04
8.210000000000000000e+02 1.387639999999999964e+04
8.690000000000000000e+02 1.387680000000000109e+04
1.133000000000000000e+03 1.387770000000000073e+04
9.250000000000000000e+02 1.387825000000000000e+04
1.149000000000000000e+03 1.387930000000000109e+04
1.109000000000000000e+03 1.388050000000000000e+04
8.530000000000000000e+02 1.388185000000000036e+04
1.029000000000000000e+03 1.388325000000000000e+04
8.610000000000000000e+02 1.388339999999999964e+04
9.970000000000000000e+02 1.388685000000000036e+04
9.890000000000000000e+02 1.388695000000000073e+04
8.930000000000000000e+02 1.388755000000000109e+04
1.013000000000000000e+03 1.388814999999999964e+04
1.021000000000000000e+03 1.388820000000000073e+04
1.053000000000000000e+03 1.388814999999999964e+04
1.141000000000000000e+03 1.388825000000000000e+04
1.181000000000000000e+03 1.388914999999999964e+04
8.050000000000000000e+02 1.388975000000000000e+04
1.037000000000000000e+03 1.388995000000000073e+04
1.069000000000000000e+03 1.389020000000000073e+04
9.090000000000000000e+02 1.389539999999999964e+04
9.650000000000000000e+02 1.389605000000000109e+04
8.450000000000000000e+02 1.389630000000000109e+04
9.170000000000000000e+02 1.389675000000000000e+04
1.165000000000000000e+03 1.389689999999999964e+04
9.570000000000000000e+02 1.389770000000000073e+04
9.010000000000000000e+02 1.389785000000000036e+04
1.189000000000000000e+03 1.389785000000000036e+04
1.109000000000000000e+03 1.390130000000000109e+04
9.330000000000000000e+02 1.390175000000000000e+04
1.149000000000000000e+03 1.390320000000000073e+04
1.197000000000000000e+03 1.390475000000000000e+04
1.125000000000000000e+03 1.390720000000000073e+04
8.210000000000000000e+02 1.390745000000000073e+04
8.770000000000000000e+02 1.390760000000000036e+04
8.850000000000000000e+02 1.390800000000000000e+04
1.077000000000000000e+03 1.390845000000000073e+04
1.133000000000000000e+03 1.390870000000000073e+04
1.157000000000000000e+03 1.390875000000000000e+04
9.810000000000000000e+02 1.390900000000000000e+04
1.005000000000000000e+03 1.390900000000000000e+04
1.045000000000000000e+03 1.390970000000000073e+04
1.101000000000000000e+03 1.391010000000000036e+04
1.085000000000000000e+03 1.391014999999999964e+04
1.013000000000000000e+03 1.391545000000000073e+04
8.050000000000000000e+02 1.391630000000000109e+04
1.173000000000000000e+03 1.391650000000000000e+04
9.890000000000000000e+02 1.391745000000000073e+04
9.490000000000000000e+02 1.391945000000000073e+04
8.690000000000000000e+02 1.392014999999999964e+04
1.029000000000000000e+03 1.392089999999999964e+04
8.290000000000000000e+02 1.392485000000000036e+04
1.117000000000000000e+03 1.392489999999999964e+04
8.610000000000000000e+02 1.392525000000000000e+04
1.061000000000000000e+03 1.392610000000000036e+04
1.181000000000000000e+03 1.392730000000000109e+04
9.810000000000000000e+02 1.392755000000000109e+04
1.109000000000000000e+03 1.392795000000000073e+04
1.053000000000000000e+03 1.392830000000000109e+04
8.530000000000000000e+02 1.392875000000000000e+04
1.189000000000000000e+03 1.393080000000000109e+04
1.093000000000000000e+03 1.393314999999999964e+04
8.770000000000000000e+02 1.393410000000000036e+04
1.021000000000000000e+03 1.393460000000000036e+04
1.077000000000000000e+03 1.393530000000000109e+04
1.141000000000000000e+03 1.393650000000000000e+04
9.410000000000000000e+02 1.393670000000000073e+04
9.570000000000000000e+02 1.393745000000000073e+04
8.130000000000000000e+02 1.393820000000000073e+04
9.650000000000000000e+02 1.393825000000000000e+04
9.730000000000000000e+02 1.393910000000000036e+04
1.165000000000000000e+03 1.393980000000000109e+04
1.149000000000000000e+03 1.393995000000000073e+04
9.250000000000000000e+02 1.394189999999999964e+04
8.450000000000000000e+02 1.394430000000000109e+04
1.125000000000000000e+03 1.394514999999999964e+04
8.850000000000000000e+02 1.394655000000000109e+04
1.069000000000000000e+03 1.394660000000000036e+04
1.197000000000000000e+03 1.394664999999999964e+04
8.930000000000000000e+02 1.394695000000000073e+04
8.050000000000000000e+02 1.394805000000000109e+04
1.133000000000000000e+03 1.394950000000000000e+04
9.170000000000000000e+02 1.395120000000000073e+04
9.890000000000000000e+02 1.395160000000000036e+04
8.210000000000000000e+02 1.395275000000000000e+04
1.085000000000000000e+03 1.395339999999999964e+04
9.490000000000000000e+02 1.395414999999999964e+04
1.029000000000000000e+03 1.395470000000000073e+04
8.690000000000000000e+02 1.395475000000000000e+04
1.173000000000000000e+03 1.395550000000000000e+04
1.157000000000000000e+03 1.395605000000000109e+04
1.117000000000000000e+03 1.395685000000000036e+04
1.053000000000000000e+03 1.395995000000000073e+04
1.037000000000000000e+03 1.396025000000000000e+04
1.021000000000000000e+03 1.396064999999999964e+04
9.090000000000000000e+02 1.396264999999999964e+04
9.730000000000000000e+02 1.396330000000000109e+04
1.061000000000000000e+03 1.396564999999999964e+04
9.330000000000000000e+02 1.396670000000000073e+04
9.970000000000000000e+02 1.396720000000000073e+04
8.610000000000000000e+02 1.396964999999999964e+04
1.181000000000000000e+03 1.397030000000000109e+04
8.530000000000000000e+02 1.397175000000000000e+04
1.109000000000000000e+03 1.397245000000000073e+04
8.050000000000000000e+02 1.397270000000000073e+04
1.149000000000000000e+03 1.397270000000000073e+04
8.130000000000000000e+02 1.397389999999999964e+04
1.197000000000000000e+03 1.397514999999999964e+04
8.770000000000000000e+02 1.397605000000000109e+04
9.170000000000000000e+02 1.397805000000000109e+04
1.013000000000000000e+03 1.397935000000000036e+04
1.069000000000000000e+03 1.398045000000000073e+04
9.890000000000000000e+02 1.398075000000000000e+04
1.005000000000000000e+03 1.398080000000000109e+04
9.490000000000000000e+02 1.398089999999999964e+04
1.157000000000000000e+03 1.398175000000000000e+04
8.850000000000000000e+02 1.398414999999999964e+04
1.125000000000000000e+03 1.398414999999999964e+04
1.021000000000000000e+03 1.398435000000000036e+04
8.930000000000000000e+02 1.398445000000000073e+04
1.141000000000000000e+03 1.398555000000000109e+04
9.650000000000000000e+02 1.398570000000000073e+04
1.133000000000000000e+03 1.398600000000000000e+04
8.210000000000000000e+02 1.398789999999999964e+04
8.450000000000000000e+02 1.399075000000000000e+04
9.410000000000000000e+02 1.399225000000000000e+04
8.690000000000000000e+02 1.399280000000000109e+04
9.250000000000000000e+02 1.399464999999999964e+04
9.810000000000000000e+02 1.399560000000000036e+04
1.045000000000000000e+03 1.399564999999999964e+04
1.029000000000000000e+03 1.399655000000000109e+04
1.077000000000000000e+03 1.399660000000000036e+04
1.165000000000000000e+03 1.399764999999999964e+04
9.970000000000000000e+02 1.399814999999999964e+04
9.010000000000000000e+02 1.399830000000000109e+04
9.570000000000000000e+02 1.399830000000000109e+04
9.090000000000000000e+02 1.399895000000000073e+04
1.117000000000000000e+03 1.399925000000000000e+04
1.181000000000000000e+03 1.399935000000000036e+04
1.061000000000000000e+03 1.400010000000000036e+04
9.170000000000000000e+02 1.400014999999999964e+04
9.730000000000000000e+02 1.400455000000000109e+04
1.157000000000000000e+03 1.400505000000000109e+04
1.013000000000000000e+03 1.400770000000000073e+04
1.149000000000000000e+03 1.401989999999999964e+04
8.770000000000000000e+02 1.402745000000000073e+04
9.730000000000000000e+02 1.405005000000000109e+04
1.053000000000000000e+03 1.407075000000000000e+04
1.197000000000000000e+03 1.410775000000000000e+04
1.053000000000000000e+03 1.412560000000000036e+04
9.970000000000000000e+02 1.415245000000000073e+04
8.290000000000000000e+02 1.418530000000000109e+04
1.069000000000000000e+03 1.431345000000000073e+04
1.005000000000000000e+03 1.438860000000000036e+04
8.770000000000000000e+02 1.442385000000000036e+04
8.050000000000000000e+02 1.445260000000000036e+04
1.029000000000000000e+03 1.445714999999999964e+04
1.045000000000000000e+03 1.446185000000000036e+04
8.290000000000000000e+02 1.446639999999999964e+04
1.037000000000000000e+03 1.447464999999999964e+04
8.210000000000000000e+02 1.447600000000000000e+04
1.085000000000000000e+03 1.448400000000000000e+04
8.130000000000000000e+02 1.449120000000000073e+04
9.010000000000000000e+02 1.450195000000000073e+04
1.069000000000000000e+03 1.451925000000000000e+04
1.197000000000000000e+03 1.455845000000000073e+04
1.181000000000000000e+03 1.461275000000000000e+04
8.930000000000000000e+02 1.468839999999999964e+04
1.061000000000000000e+03 1.484555000000000109e+04
1.109000000000000000e+03 1.486570000000000073e+04
9.810000000000000000e+02 1.489910000000000036e+04
1.181000000000000000e+03 1.492345000000000073e+04
1.037000000000000000e+03 1.495125000000000000e+04
9.490000000000000000e+02 1.496710000000000036e+04
1.197000000000000000e+03 1.498050000000000000e+04
1.046000000000000000e+03 1.680999999999999943e+02
1.142000000000000000e+03 1.758000000000000114e+02
9.180000000000000000e+02 2.239000000000000057e+02
8.540000000000000000e+02 2.799000000000000341e+02
9.900000000000000000e+02 2.869499999999999886e+02
1.022000000000000000e+03 3.432500000000000000e+02
1.198000000000000000e+03 3.434499999999999886e+02
1.038000000000000000e+03 3.606999999999999886e+02
8.780000000000000000e+02 3.614000000000000341e+02
8.300000000000000000e+02 3.623500000000000227e+02
9.100000000000000000e+02 4.710500000000000114e+02
8.140000000000000000e+02 4.824000000000000341e+02
9.500000000000000000e+02 5.476000000000000227e+02
9.260000000000000000e+02 5.827000000000000455e+02
9.980000000000000000e+02 7.033999999999999773e+02
1.070000000000000000e+03 7.611499999999999773e+02
1.054000000000000000e+03 8.191000000000000227e+02
1.158000000000000000e+03 8.268999999999999773e+02
1.022000000000000000e+03 8.328000000000000682e+02
9.740000000000000000e+02 8.492000000000000455e+02
8.860000000000000000e+02 8.494500000000000455e+02
1.022000000000000000e+03 9.246000000000000227e+02
1.006000000000000000e+03 9.548999999999999773e+02
9.260000000000000000e+02 9.795000000000000000e+02
8.220000000000000000e+02 9.853000000000000682e+02
9.660000000000000000e+02 1.002149999999999977e+03
9.980000000000000000e+02 1.011149999999999977e+03
8.540000000000000000e+02 1.100950000000000045e+03
1.038000000000000000e+03 1.123900000000000091e+03
1.158000000000000000e+03 1.134900000000000091e+03
1.070000000000000000e+03 1.168600000000000136e+03
1.126000000000000000e+03 1.174750000000000000e+03
1.166000000000000000e+03 1.191049999999999955e+03
8.460000000000000000e+02 1.195100000000000136e+03
1.174000000000000000e+03 1.401049999999999955e+03
1.054000000000000000e+03 1.427150000000000091e+03
8.860000000000000000e+02 1.466450000000000045e+03
9.340000000000000000e+02 1.502250000000000000e+03
1.150000000000000000e+03 1.596500000000000000e+03
1.030000000000000000e+03 1.657799999999999955e+03
1.062000000000000000e+03 1.768100000000000136e+03
8.700000000000000000e+02 1.814350000000000136e+03
1.126000000000000000e+03 1.839000000000000000e+03
1.038000000000000000e+03 1.839250000000000000e+03
9.660000000000000000e+02 1.883799999999999955e+03
8.460000000000000000e+02 1.960450000000000045e+03
1.030000000000000000e+03 1.979400000000000091e+03
8.940000000000000000e+02 2.014950000000000045e+03
1.038000000000000000e+03 2.039549999999999955e+03
1.134000000000000000e+03 2.229849999999999909e+03
8.060000000000000000e+02 2.239050000000000182e+03
8.940000000000000000e+02 2.276349999999999909e+03
1.006000000000000000e+03 2.303349999999999909e+03
8.620000000000000000e+02 2.312150000000000091e+03
1.054000000000000000e+03 2.313349999999999909e+03
9.420000000000000000e+02 2.333200000000000273e+03
1.150000000000000000e+03 2.426800000000000182e+03
9.820000000000000000e+02 2.451950000000000273e+03
8.060000000000000000e+02 2.475250000000000000e+03
1.054000000000000000e+03 2.521450000000000273e+03
9.740000000000000000e+02 2.626500000000000000e+03
1.030000000000000000e+03 2.704000000000000000e+03
8.140000000000000000e+02 2.846250000000000000e+03
1.030000000000000000e+03 2.968300000000000182e+03
8.380000000000000000e+02 6.078050000000000182e+03
8.780000000000000000e+02 6.155550000000000182e+03
9.420000000000000000e+02 6.175800000000000182e+03
1.166000000000000000e+03 6.186350000000000364e+03
9.980000000000000000e+02 6.186500000000000000e+03
1.150000000000000000e+03 6.244699999999999818e+03
1.062000000000000000e+03 6.258750000000000000e+03
1.118000000000000000e+03 6.285050000000000182e+03
1.166000000000000000e+03 6.288050000000000182e+03
9.260000000000000000e+02 6.373100000000000364e+03
1.094000000000000000e+03 6.501300000000000182e+03
8.300000000000000000e+02 6.541300000000000182e+03
8.620000000000000000e+02 6.639550000000000182e+03
8.860000000000000000e+02 6.716250000000000000e+03
1.150000000000000000e+03 6.717400000000000546e+03
8.140000000000000000e+02 6.770400000000000546e+03
8.700000000000000000e+02 6.837949999999999818e+03
1.094000000000000000e+03 6.885800000000000182e+03
9.980000000000000000e+02 6.964949999999999818e+03
1.158000000000000000e+03 6.977199999999999818e+03
9.100000000000000000e+02 6.992949999999999818e+03
9.820000000000000000e+02 1.004105000000000109e+04
1.174000000000000000e+03 1.007810000000000036e+04
8.700000000000000000e+02 1.011345000000000073e+04
8.540000000000000000e+02 1.013210000000000036e+04
1.126000000000000000e+03 1.020350000000000000e+04
9.500000000000000000e+02 1.020420000000000073e+04
1.174000000000000000e+03 1.024705000000000109e+04
9.980000000000000000e+02 1.033005000000000109e+04
9.180000000000000000e+02 1.034325000000000000e+04
1.166000000000000000e+03 1.035605000000000109e+04
1.174000000000000000e+03 1.041150000000000000e+04
1.142000000000000000e+03 1.048500000000000000e+04
1.174000000000000000e+03 1.050295000000000073e+04
9.820000000000000000e+02 1.051305000000000109e+04
1.038000000000000000e+03 1.051560000000000036e+04
9.900000000000000000e+02 1.072870000000000073e+04
8.860000000000000000e+02 1.072964999999999964e+04
1.086000000000000000e+03 1.075164999999999964e+04
8.700000000000000000e+02 1.078585000000000036e+04
1.126000000000000000e+03 1.078605000000000109e+04
9.180000000000000000e+02 1.080060000000000036e+04
1.038000000000000000e+03 1.081350000000000000e+04
1.134000000000000000e+03 1.085789999999999964e+04
9.020000000000000000e+02 1.088385000000000036e+04
8.860000000000000000e+02 1.090620000000000073e+04
1.046000000000000000e+03 1.092370000000000073e+04
8.540000000000000000e+02 1.092675000000000000e+04
1.022000000000000000e+03 1.098195000000000073e+04
1.038000000000000000e+03 1.100395000000000073e+04
8.620000000000000000e+02 1.100710000000000036e+04
1.182000000000000000e+03 1.100895000000000073e+04
9.260000000000000000e+02 1.100980000000000109e+04
9.740000000000000000e+02 1.101030000000000109e+04
1.062000000000000000e+03 1.101055000000000109e+04
8.060000000000000000e+02 1.101100000000000000e+04
1.046000000000000000e+03 1.101585000000000036e+04
9.660000000000000000e+02 1.101614999999999964e+04
9.820000000000000000e+02 1.101720000000000073e+04
9.340000000000000000e+02 1.101785000000000036e+04
1.054000000000000000e+03 1.101785000000000036e+04
9.900000000000000000e+02 1.101800000000000000e+04
1.022000000000000000e+03 1.102160000000000036e+04
9.100000000000000000e+02 1.102325000000000000e+04
8.220000000000000000e+02 1.102364999999999964e+04
1.078000000000000000e+03 1.102445000000000073e+04
8.140000000000000000e+02 1.102539999999999964e+04
1.070000000000000000e+03 1.102720000000000073e+04
1.158000000000000000e+03 1.102950000000000000e+04
9.180000000000000000e+02 1.103120000000000073e+04
9.020000000000000000e+02 1.103200000000000000e+04
8.700000000000000000e+02 1.103210000000000036e+04
9.420000000000000000e+02 1.103400000000000000e+04
1.038000000000000000e+03 1.103795000000000073e+04
9.580000000000000000e+02 1.103930000000000109e+04
1.198000000000000000e+03 1.104155000000000109e+04
1.150000000000000000e+03 1.104405000000000109e+04
8.460000000000000000e+02 1.104445000000000073e+04
1.086000000000000000e+03 1.104464999999999964e+04
8.380000000000000000e+02 1.104595000000000073e+04
8.940000000000000000e+02 1.104595000000000073e+04
1.174000000000000000e+03 1.104745000000000073e+04
1.014000000000000000e+03 1.104875000000000000e+04
1.054000000000000000e+03 1.104935000000000036e+04
8.860000000000000000e+02 1.105139999999999964e+04
1.166000000000000000e+03 1.105410000000000036e+04
8.300000000000000000e+02 1.105485000000000036e+04
8.220000000000000000e+02 1.105500000000000000e+04
8.140000000000000000e+02 1.105580000000000109e+04
1.118000000000000000e+03 1.105595000000000073e+04
9.820000000000000000e+02 1.105950000000000000e+04
1.022000000000000000e+03 1.106585000000000036e+04
1.110000000000000000e+03 1.106685000000000036e+04
1.190000000000000000e+03 1.106714999999999964e+04
1.198000000000000000e+03 1.106714999999999964e+04
1.126000000000000000e+03 1.106780000000000109e+04
1.030000000000000000e+03 1.106800000000000000e+04
9.660000000000000000e+02 1.107289999999999964e+04
9.340000000000000000e+02 1.107335000000000036e+04
9.180000000000000000e+02 1.108135000000000036e+04
8.780000000000000000e+02 1.108150000000000000e+04
1.070000000000000000e+03 1.108170000000000073e+04
1.062000000000000000e+03 1.108185000000000036e+04
8.060000000000000000e+02 1.108200000000000000e+04
8.540000000000000000e+02 1.108260000000000036e+04
1.014000000000000000e+03 1.108289999999999964e+04
1.086000000000000000e+03 1.108310000000000036e+04
9.500000000000000000e+02 1.108314999999999964e+04
1.134000000000000000e+03 1.108405000000000109e+04
9.900000000000000000e+02 1.109070000000000073e+04
9.420000000000000000e+02 1.109164999999999964e+04
8.140000000000000000e+02 1.109300000000000000e+04
9.100000000000000000e+02 1.109305000000000109e+04
8.940000000000000000e+02 1.109545000000000073e+04
8.380000000000000000e+02 1.109714999999999964e+04
9.980000000000000000e+02 1.109770000000000073e+04
9.740000000000000000e+02 1.109775000000000000e+04
8.460000000000000000e+02 1.109850000000000000e+04
8.860000000000000000e+02 1.109975000000000000e+04
8.220000000000000000e+02 1.110364999999999964e+04
1.062000000000000000e+03 1.110395000000000073e+04
9.020000000000000000e+02 1.110445000000000073e+04
1.174000000000000000e+03 1.110795000000000073e+04
8.300000000000000000e+02 1.110825000000000000e+04
1.102000000000000000e+03 1.110910000000000036e+04
1.086000000000000000e+03 1.111485000000000036e+04
1.046000000000000000e+03 1.111500000000000000e+04
1.182000000000000000e+03 1.111520000000000073e+04
1.078000000000000000e+03 1.111555000000000109e+04
1.126000000000000000e+03 1.111570000000000073e+04
1.014000000000000000e+03 1.112260000000000036e+04
1.118000000000000000e+03 1.112400000000000000e+04
9.580000000000000000e+02 1.112435000000000036e+04
1.142000000000000000e+03 1.112475000000000000e+04
1.094000000000000000e+03 1.112564999999999964e+04
8.700000000000000000e+02 1.112714999999999964e+04
9.660000000000000000e+02 1.112760000000000036e+04
1.190000000000000000e+03 1.113064999999999964e+04
9.260000000000000000e+02 1.113120000000000073e+04
8.460000000000000000e+02 1.113139999999999964e+04
1.166000000000000000e+03 1.113245000000000073e+04
8.620000000000000000e+02 1.113389999999999964e+04
8.300000000000000000e+02 1.113820000000000073e+04
1.006000000000000000e+03 1.114235000000000036e+04
1.198000000000000000e+03 1.114235000000000036e+04
9.900000000000000000e+02 1.114385000000000036e+04
1.054000000000000000e+03 1.114530000000000109e+04
8.060000000000000000e+02 1.114539999999999964e+04
9.340000000000000000e+02 1.114650000000000000e+04
1.070000000000000000e+03 1.114939999999999964e+04
8.780000000000000000e+02 1.115110000000000036e+04
1.150000000000000000e+03 1.115510000000000036e+04
1.118000000000000000e+03 1.115539999999999964e+04
9.820000000000000000e+02 1.115555000000000109e+04
9.500000000000000000e+02 1.115570000000000073e+04
9.420000000000000000e+02 1.115589999999999964e+04
9.180000000000000000e+02 1.115610000000000036e+04
1.166000000000000000e+03 1.115685000000000036e+04
9.740000000000000000e+02 1.115989999999999964e+04
8.540000000000000000e+02 1.116125000000000000e+04
8.140000000000000000e+02 1.116330000000000109e+04
1.102000000000000000e+03 1.116345000000000073e+04
8.380000000000000000e+02 1.116745000000000073e+04
9.980000000000000000e+02 1.116820000000000073e+04
1.062000000000000000e+03 1.116835000000000036e+04
1.182000000000000000e+03 1.116885000000000036e+04
1.022000000000000000e+03 1.116930000000000109e+04
8.940000000000000000e+02 1.117314999999999964e+04
1.070000000000000000e+03 1.117430000000000109e+04
9.020000000000000000e+02 1.117614999999999964e+04
1.190000000000000000e+03 1.117664999999999964e+04
1.014000000000000000e+03 1.118085000000000036e+04
1.038000000000000000e+03 1.118100000000000000e+04
9.100000000000000000e+02 1.118225000000000000e+04
1.134000000000000000e+03 1.118305000000000109e+04
1.198000000000000000e+03 1.118314999999999964e+04
1.054000000000000000e+03 1.118550000000000000e+04
8.300000000000000000e+02 1.118580000000000109e+04
1.046000000000000000e+03 1.118585000000000036e+04
1.174000000000000000e+03 1.118680000000000109e+04
8.380000000000000000e+02 1.119500000000000000e+04
9.820000000000000000e+02 1.119664999999999964e+04
9.980000000000000000e+02 1.119764999999999964e+04
1.030000000000000000e+03 1.120555000000000109e+04
1.182000000000000000e+03 1.120880000000000109e+04
9.020000000000000000e+02 1.121189999999999964e+04
1.126000000000000000e+03 1.121275000000000000e+04
9.340000000000000000e+02 1.121360000000000036e+04
8.860000000000000000e+02 1.121560000000000036e+04
8.620000000000000000e+02 1.121600000000000000e+04
9.420000000000000000e+02 1.121630000000000109e+04
8.220000000000000000e+02 1.121650000000000000e+04
1.022000000000000000e+03 1.121725000000000000e+04
1.190000000000000000e+03 1.121905000000000109e+04
8.700000000000000000e+02 1.122305000000000109e+04
9.180000000000000000e+02 1.122420000000000073e+04
1.158000000000000000e+03 1.122425000000000000e+04
9.740000000000000000e+02 1.122520000000000073e+04
1.046000000000000000e+03 1.122555000000000109e+04
1.086000000000000000e+03 1.122655000000000109e+04
1.014000000000000000e+03 1.122695000000000073e+04
8.780000000000000000e+02 1.122875000000000000e+04
1.094000000000000000e+03 1.122950000000000000e+04
9.980000000000000000e+02 1.122980000000000109e+04
9.820000000000000000e+02 1.123695000000000073e+04
8.140000000000000000e+02 1.123750000000000000e+04
8.940000000000000000e+02 1.123855000000000109e+04
1.174000000000000000e+03 1.124395000000000073e+04
1.166000000000000000e+03 1.124464999999999964e+04
1.150000000000000000e+03 1.124520000000000073e+04
1.054000000000000000e+03 1.124989999999999964e+04
1.062000000000000000e+03 1.125105000000000109e+04
9.340000000000000000e+02 1.125125000000000000e+04
1.134000000000000000e+03 1.125155000000000109e+04
1.182000000000000000e+03 1.125225000000000000e+04
1.190000000000000000e+03 1.125225000000000000e+04
1.070000000000000000e+03 1.125655000000000109e+04
9.180000000000000000e+02 1.125839999999999964e+04
1.030000000000000000e+03 1.126314999999999964e+04
1.118000000000000000e+03 1.126370000000000073e+04
8.380000000000000000e+02 1.126425000000000000e+04
8.780000000000000000e+02 1.126605000000000109e+04
1.102000000000000000e+03 1.127055000000000109e+04
1.094000000000000000e+03 1.127200000000000000e+04
9.260000000000000000e+02 1.127210000000000036e+04
9.740000000000000000e+02 1.127455000000000109e+04
9.100000000000000000e+02 1.127470000000000073e+04
9.500000000000000000e+02 1.127825000000000000e+04
8.060000000000000000e+02 1.128035000000000036e+04
1.014000000000000000e+03 1.128039999999999964e+04
1.198000000000000000e+03 1.128710000000000036e+04
8.700000000000000000e+02 1.128750000000000000e+04
8.140000000000000000e+02 1.128835000000000036e+04
1.174000000000000000e+03 1.128860000000000036e+04
8.540000000000000000e+02 1.129260000000000036e+04
1.022000000000000000e+03 1.129314999999999964e+04
8.860000000000000000e+02 1.129445000000000073e+04
9.820000000000000000e+02 1.129450000000000000e+04
8.220000000000000000e+02 1.129470000000000073e+04
9.900000000000000000e+02 1.129550000000000000e+04
1.126000000000000000e+03 1.129560000000000036e+04
1.142000000000000000e+03 1.129660000000000036e+04
1.070000000000000000e+03 1.129689999999999964e+04
1.038000000000000000e+03 1.130025000000000000e+04
1.030000000000000000e+03 1.130110000000000036e+04
1.182000000000000000e+03 1.130164999999999964e+04
9.980000000000000000e+02 1.130305000000000109e+04
8.620000000000000000e+02 1.130475000000000000e+04
1.086000000000000000e+03 1.130535000000000036e+04
1.134000000000000000e+03 1.130570000000000073e+04
1.054000000000000000e+03 1.130600000000000000e+04
9.420000000000000000e+02 1.130950000000000000e+04
8.940000000000000000e+02 1.131085000000000036e+04
9.740000000000000000e+02 1.131164999999999964e+04
1.190000000000000000e+03 1.131180000000000109e+04
1.102000000000000000e+03 1.131250000000000000e+04
9.340000000000000000e+02 1.131595000000000073e+04
9.180000000000000000e+02 1.131650000000000000e+04
1.014000000000000000e+03 1.131780000000000109e+04
1.006000000000000000e+03 1.131885000000000036e+04
8.300000000000000000e+02 1.132075000000000000e+04
8.380000000000000000e+02 1.132330000000000109e+04
8.060000000000000000e+02 1.132355000000000109e+04
1.166000000000000000e+03 1.132845000000000073e+04
9.100000000000000000e+02 1.132960000000000036e+04
9.660000000000000000e+02 1.133335000000000036e+04
8.540000000000000000e+02 1.133485000000000036e+04
8.700000000000000000e+02 1.133514999999999964e+04
8.780000000000000000e+02 1.133589999999999964e+04
1.030000000000000000e+03 1.133920000000000073e+04
1.198000000000000000e+03 1.133950000000000000e+04
1.078000000000000000e+03 1.134070000000000073e+04
1.062000000000000000e+03 1.134075000000000000e+04
1.174000000000000000e+03 1.134089999999999964e+04
1.038000000000000000e+03 1.134355000000000109e+04
9.500000000000000000e+02 1.134430000000000109e+04
1.118000000000000000e+03 1.134564999999999964e+04
9.820000000000000000e+02 1.134760000000000036e+04
8.300000000000000000e+02 1.134910000000000036e+04
1.054000000000000000e+03 1.135050000000000000e+04
1.086000000000000000e+03 1.135395000000000073e+04
9.260000000000000000e+02 1.135580000000000109e+04
1.134000000000000000e+03 1.135585000000000036e+04
9.980000000000000000e+02 1.135614999999999964e+04
1.158000000000000000e+03 1.135639999999999964e+04
8.860000000000000000e+02 1.135730000000000109e+04
1.142000000000000000e+03 1.136139999999999964e+04
8.380000000000000000e+02 1.136455000000000109e+04
8.940000000000000000e+02 1.136500000000000000e+04
9.740000000000000000e+02 1.136595000000000073e+04
8.140000000000000000e+02 1.136714999999999964e+04
8.700000000000000000e+02 1.136764999999999964e+04
8.060000000000000000e+02 1.136775000000000000e+04
1.070000000000000000e+03 1.136995000000000073e+04
1.030000000000000000e+03 1.137160000000000036e+04
1.174000000000000000e+03 1.137450000000000000e+04
1.006000000000000000e+03 1.137539999999999964e+04
1.102000000000000000e+03 1.137680000000000109e+04
1.110000000000000000e+03 1.137760000000000036e+04
1.182000000000000000e+03 1.137760000000000036e+04
9.180000000000000000e+02 1.137810000000000036e+04
9.420000000000000000e+02 1.137839999999999964e+04
8.540000000000000000e+02 1.138160000000000036e+04
1.022000000000000000e+03 1.138205000000000109e+04
1.190000000000000000e+03 1.138714999999999964e+04
1.086000000000000000e+03 1.138775000000000000e+04
1.054000000000000000e+03 1.138860000000000036e+04
1.078000000000000000e+03 1.138950000000000000e+04
8.940000000000000000e+02 1.138985000000000036e+04
1.134000000000000000e+03 1.139135000000000036e+04
8.380000000000000000e+02 1.139435000000000036e+04
1.198000000000000000e+03 1.139610000000000036e+04
8.780000000000000000e+02 1.139655000000000109e+04
9.020000000000000000e+02 1.139725000000000000e+04
1.070000000000000000e+03 1.139814999999999964e+04
8.220000000000000000e+02 1.139930000000000109e+04
9.820000000000000000e+02 1.140185000000000036e+04
1.102000000000000000e+03 1.140225000000000000e+04
1.142000000000000000e+03 1.140405000000000109e+04
1.110000000000000000e+03 1.140480000000000109e+04
9.340000000000000000e+02 1.140560000000000036e+04
1.062000000000000000e+03 1.140564999999999964e+04
9.580000000000000000e+02 1.140795000000000073e+04
1.038000000000000000e+03 1.140810000000000036e+04
8.140000000000000000e+02 1.141130000000000109e+04
9.980000000000000000e+02 1.141185000000000036e+04
1.014000000000000000e+03 1.141189999999999964e+04
1.150000000000000000e+03 1.141389999999999964e+04
1.182000000000000000e+03 1.141589999999999964e+04
1.174000000000000000e+03 1.141995000000000073e+04
1.158000000000000000e+03 1.142180000000000109e+04
1.190000000000000000e+03 1.142300000000000000e+04
8.700000000000000000e+02 1.142789999999999964e+04
8.460000000000000000e+02 1.142850000000000000e+04
9.180000000000000000e+02 1.142860000000000036e+04
8.540000000000000000e+02 1.143014999999999964e+04
1.102000000000000000e+03 1.143360000000000036e+04
8.860000000000000000e+02 1.143410000000000036e+04
1.046000000000000000e+03 1.143460000000000036e+04
8.300000000000000000e+02 1.143539999999999964e+04
1.054000000000000000e+03 1.143730000000000109e+04
8.940000000000000000e+02 1.143775000000000000e+04
1.070000000000000000e+03 1.143830000000000109e+04
9.020000000000000000e+02 1.143989999999999964e+04
9.740000000000000000e+02 1.144189999999999964e+04
1.126000000000000000e+03 1.144580000000000109e+04
1.022000000000000000e+03 1.144639999999999964e+04
1.038000000000000000e+03 1.144670000000000073e+04
9.420000000000000000e+02 1.144689999999999964e+04
8.060000000000000000e+02 1.144764999999999964e+04
9.260000000000000000e+02 1.144864999999999964e+04
8.380000000000000000e+02 1.145135000000000036e+04
1.118000000000000000e+03 1.145205000000000109e+04
1.078000000000000000e+03 1.145260000000000036e+04
8.620000000000000000e+02 1.145320000000000073e+04
8.780000000000000000e+02 1.145430000000000109e+04
1.198000000000000000e+03 1.145539999999999964e+04
9.580000000000000000e+02 1.145805000000000109e+04
9.500000000000000000e+02 1.146075000000000000e+04
8.540000000000000000e+02 1.146435000000000036e+04
1.022000000000000000e+03 1.146650000000000000e+04
1.086000000000000000e+03 1.146800000000000000e+04
8.220000000000000000e+02 1.147195000000000073e+04
8.300000000000000000e+02 1.147525000000000000e+04
9.420000000000000000e+02 1.147530000000000109e+04
1.150000000000000000e+03 1.147589999999999964e+04
1.102000000000000000e+03 1.147650000000000000e+04
1.014000000000000000e+03 1.147714999999999964e+04
8.140000000000000000e+02 1.147730000000000109e+04
1.142000000000000000e+03 1.147925000000000000e+04
8.700000000000000000e+02 1.148005000000000109e+04
1.174000000000000000e+03 1.148239999999999964e+04
9.340000000000000000e+02 1.148945000000000073e+04
9.660000000000000000e+02 1.149030000000000109e+04
1.006000000000000000e+03 1.149050000000000000e+04
1.166000000000000000e+03 1.149060000000000036e+04
8.620000000000000000e+02 1.149095000000000073e+04
1.182000000000000000e+03 1.149189999999999964e+04
9.020000000000000000e+02 1.149780000000000109e+04
8.860000000000000000e+02 1.149789999999999964e+04
1.190000000000000000e+03 1.149935000000000036e+04
1.078000000000000000e+03 1.150030000000000109e+04
1.126000000000000000e+03 1.150150000000000000e+04
1.118000000000000000e+03 1.150360000000000036e+04
8.460000000000000000e+02 1.150860000000000036e+04
8.540000000000000000e+02 1.151014999999999964e+04
9.980000000000000000e+02 1.151155000000000109e+04
1.142000000000000000e+03 1.151285000000000036e+04
9.820000000000000000e+02 1.151295000000000073e+04
1.046000000000000000e+03 1.151525000000000000e+04
8.940000000000000000e+02 1.151585000000000036e+04
1.158000000000000000e+03 1.151805000000000109e+04
1.022000000000000000e+03 1.151914999999999964e+04
1.134000000000000000e+03 1.152205000000000109e+04
1.062000000000000000e+03 1.152330000000000109e+04
1.086000000000000000e+03 1.152355000000000109e+04
1.038000000000000000e+03 1.152370000000000073e+04
1.198000000000000000e+03 1.152445000000000073e+04
1.054000000000000000e+03 1.152470000000000073e+04
9.020000000000000000e+02 1.152730000000000109e+04
8.220000000000000000e+02 1.152745000000000073e+04
1.182000000000000000e+03 1.153160000000000036e+04
1.126000000000000000e+03 1.153520000000000073e+04
1.006000000000000000e+03 1.153630000000000109e+04
8.460000000000000000e+02 1.153645000000000073e+04
8.620000000000000000e+02 1.153655000000000109e+04
8.780000000000000000e+02 1.153714999999999964e+04
9.260000000000000000e+02 1.154139999999999964e+04
9.660000000000000000e+02 1.154210000000000036e+04
1.118000000000000000e+03 1.154239999999999964e+04
9.900000000000000000e+02 1.154275000000000000e+04
8.700000000000000000e+02 1.154539999999999964e+04
8.300000000000000000e+02 1.154560000000000036e+04
1.166000000000000000e+03 1.154575000000000000e+04
1.142000000000000000e+03 1.154639999999999964e+04
1.102000000000000000e+03 1.154695000000000073e+04
1.070000000000000000e+03 1.155160000000000036e+04
1.030000000000000000e+03 1.155420000000000073e+04
1.158000000000000000e+03 1.155755000000000109e+04
9.100000000000000000e+02 1.155930000000000109e+04
9.420000000000000000e+02 1.155955000000000109e+04
8.940000000000000000e+02 1.156310000000000036e+04
1.046000000000000000e+03 1.156310000000000036e+04
1.014000000000000000e+03 1.156410000000000036e+04
1.190000000000000000e+03 1.156420000000000073e+04
8.220000000000000000e+02 1.156570000000000073e+04
8.540000000000000000e+02 1.157030000000000109e+04
1.110000000000000000e+03 1.157039999999999964e+04
8.380000000000000000e+02 1.157055000000000109e+04
1.086000000000000000e+03 1.157189999999999964e+04
8.060000000000000000e+02 1.157230000000000109e+04
1.198000000000000000e+03 1.157260000000000036e+04
9.500000000000000000e+02 1.157364999999999964e+04
1.126000000000000000e+03 1.157370000000000073e+04
1.174000000000000000e+03 1.157375000000000000e+04
1.182000000000000000e+03 1.157520000000000073e+04
1.006000000000000000e+03 1.157855000000000109e+04
1.134000000000000000e+03 1.158014999999999964e+04
9.260000000000000000e+02 1.158060000000000036e+04
1.166000000000000000e+03 1.158305000000000109e+04
1.062000000000000000e+03 1.158345000000000073e+04
1.102000000000000000e+03 1.159150000000000000e+04
8.940000000000000000e+02 1.159300000000000000e+04
9.660000000000000000e+02 1.159495000000000073e+04
9.340000000000000000e+02 1.159545000000000073e+04
1.054000000000000000e+03 1.160005000000000109e+04
8.300000000000000000e+02 1.160289999999999964e+04
9.500000000000000000e+02 1.160805000000000109e+04
8.860000000000000000e+02 1.161080000000000109e+04
1.182000000000000000e+03 1.161239999999999964e+04
8.460000000000000000e+02 1.161289999999999964e+04
1.198000000000000000e+03 1.161335000000000036e+04
9.580000000000000000e+02 1.161370000000000073e+04
8.700000000000000000e+02 1.161385000000000036e+04
9.020000000000000000e+02 1.161400000000000000e+04
8.140000000000000000e+02 1.161480000000000109e+04
9.420000000000000000e+02 1.161570000000000073e+04
9.820000000000000000e+02 1.161580000000000109e+04
1.046000000000000000e+03 1.161914999999999964e+04
9.900000000000000000e+02 1.162010000000000036e+04
1.038000000000000000e+03 1.162089999999999964e+04
1.086000000000000000e+03 1.162139999999999964e+04
1.110000000000000000e+03 1.162145000000000073e+04
9.980000000000000000e+02 1.162280000000000109e+04
1.094000000000000000e+03 1.162775000000000000e+04
1.070000000000000000e+03 1.163014999999999964e+04
1.030000000000000000e+03 1.163130000000000109e+04
1.174000000000000000e+03 1.163139999999999964e+04
1.014000000000000000e+03 1.163289999999999964e+04
9.180000000000000000e+02 1.163370000000000073e+04
8.780000000000000000e+02 1.163530000000000109e+04
8.620000000000000000e+02 1.163600000000000000e+04
1.142000000000000000e+03 1.163920000000000073e+04
1.022000000000000000e+03 1.163935000000000036e+04
1.118000000000000000e+03 1.164264999999999964e+04
1.166000000000000000e+03 1.164595000000000073e+04
1.006000000000000000e+03 1.164860000000000036e+04
8.460000000000000000e+02 1.165110000000000036e+04
9.100000000000000000e+02 1.165235000000000036e+04
9.340000000000000000e+02 1.165239999999999964e+04
9.740000000000000000e+02 1.165439999999999964e+04
1.150000000000000000e+03 1.165460000000000036e+04
1.062000000000000000e+03 1.165695000000000073e+04
8.540000000000000000e+02 1.165760000000000036e+04
1.182000000000000000e+03 1.166450000000000000e+04
1.030000000000000000e+03 1.166545000000000073e+04
1.158000000000000000e+03 1.166614999999999964e+04
1.134000000000000000e+03 1.166655000000000109e+04
8.300000000000000000e+02 1.166725000000000000e+04
9.420000000000000000e+02 1.166814999999999964e+04
1.126000000000000000e+03 1.167164999999999964e+04
8.060000000000000000e+02 1.167185000000000036e+04
1.174000000000000000e+03 1.167360000000000036e+04
1.198000000000000000e+03 1.167435000000000036e+04
8.780000000000000000e+02 1.167655000000000109e+04
8.380000000000000000e+02 1.167820000000000073e+04
1.086000000000000000e+03 1.167830000000000109e+04
1.054000000000000000e+03 1.167835000000000036e+04
1.070000000000000000e+03 1.168360000000000036e+04
1.014000000000000000e+03 1.168445000000000073e+04
1.102000000000000000e+03 1.168575000000000000e+04
9.180000000000000000e+02 1.168630000000000109e+04
9.500000000000000000e+02 1.168939999999999964e+04
1.022000000000000000e+03 1.168955000000000109e+04
1.094000000000000000e+03 1.168985000000000036e+04
1.062000000000000000e+03 1.169085000000000036e+04
1.038000000000000000e+03 1.169135000000000036e+04
8.700000000000000000e+02 1.169180000000000109e+04
8.220000000000000000e+02 1.169225000000000000e+04
9.100000000000000000e+02 1.169250000000000000e+04
9.260000000000000000e+02 1.169250000000000000e+04
1.006000000000000000e+03 1.169250000000000000e+04
9.340000000000000000e+02 1.169350000000000000e+04
1.150000000000000000e+03 1.169620000000000073e+04
1.198000000000000000e+03 1.169660000000000036e+04
8.620000000000000000e+02 1.170130000000000109e+04
1.070000000000000000e+03 1.171110000000000036e+04
9.660000000000000000e+02 1.171160000000000036e+04
8.140000000000000000e+02 1.171285000000000036e+04
1.134000000000000000e+03 1.171325000000000000e+04
1.118000000000000000e+03 1.171375000000000000e+04
1.078000000000000000e+03 1.171480000000000109e+04
8.300000000000000000e+02 1.171760000000000036e+04
1.182000000000000000e+03 1.171830000000000109e+04
8.940000000000000000e+02 1.172114999999999964e+04
8.540000000000000000e+02 1.172810000000000036e+04
9.180000000000000000e+02 1.172939999999999964e+04
8.700000000000000000e+02 1.173364999999999964e+04
1.126000000000000000e+03 1.173635000000000036e+04
8.780000000000000000e+02 1.173685000000000036e+04
1.198000000000000000e+03 1.173760000000000036e+04
9.820000000000000000e+02 1.173770000000000073e+04
1.070000000000000000e+03 1.173785000000000036e+04
1.166000000000000000e+03 1.173855000000000109e+04
1.158000000000000000e+03 1.174035000000000036e+04
1.094000000000000000e+03 1.174230000000000109e+04
1.174000000000000000e+03 1.174275000000000000e+04
8.620000000000000000e+02 1.174650000000000000e+04
9.980000000000000000e+02 1.174689999999999964e+04
1.022000000000000000e+03 1.174814999999999964e+04
1.046000000000000000e+03 1.174864999999999964e+04
8.060000000000000000e+02 1.175195000000000073e+04
1.102000000000000000e+03 1.175195000000000073e+04
8.380000000000000000e+02 1.175285000000000036e+04
1.190000000000000000e+03 1.175350000000000000e+04
1.134000000000000000e+03 1.175405000000000109e+04
1.150000000000000000e+03 1.175820000000000073e+04
1.014000000000000000e+03 1.175889999999999964e+04
1.110000000000000000e+03 1.175995000000000073e+04
8.220000000000000000e+02 1.176100000000000000e+04
9.260000000000000000e+02 1.176330000000000109e+04
8.140000000000000000e+02 1.176370000000000073e+04
9.580000000000000000e+02 1.176510000000000036e+04
1.118000000000000000e+03 1.177645000000000073e+04
1.070000000000000000e+03 1.177760000000000036e+04
8.780000000000000000e+02 1.177795000000000073e+04
9.900000000000000000e+02 1.177800000000000000e+04
9.100000000000000000e+02 1.177825000000000000e+04
8.300000000000000000e+02 1.177870000000000073e+04
9.820000000000000000e+02 1.177864999999999964e+04
8.860000000000000000e+02 1.177875000000000000e+04
8.620000000000000000e+02 1.177955000000000109e+04
1.046000000000000000e+03 1.178320000000000073e+04
9.660000000000000000e+02 1.178610000000000036e+04
1.062000000000000000e+03 1.178695000000000073e+04
1.030000000000000000e+03 1.178730000000000109e+04
8.220000000000000000e+02 1.178735000000000036e+04
8.940000000000000000e+02 1.178845000000000073e+04
9.020000000000000000e+02 1.179389999999999964e+04
8.380000000000000000e+02 1.179420000000000073e+04
9.740000000000000000e+02 1.179525000000000000e+04
8.140000000000000000e+02 1.179550000000000000e+04
1.158000000000000000e+03 1.179925000000000000e+04
1.110000000000000000e+03 1.180055000000000109e+04
1.166000000000000000e+03 1.180075000000000000e+04
1.174000000000000000e+03 1.180095000000000073e+04
9.180000000000000000e+02 1.180105000000000109e+04
1.150000000000000000e+03 1.180114999999999964e+04
8.620000000000000000e+02 1.180805000000000109e+04
1.102000000000000000e+03 1.180805000000000109e+04
1.014000000000000000e+03 1.181185000000000036e+04
1.182000000000000000e+03 1.181210000000000036e+04
8.700000000000000000e+02 1.181400000000000000e+04
1.070000000000000000e+03 1.181425000000000000e+04
1.006000000000000000e+03 1.181475000000000000e+04
9.900000000000000000e+02 1.181564999999999964e+04
9.340000000000000000e+02 1.181580000000000109e+04
1.038000000000000000e+03 1.181939999999999964e+04
9.820000000000000000e+02 1.182610000000000036e+04
1.062000000000000000e+03 1.182655000000000109e+04
1.022000000000000000e+03 1.182725000000000000e+04
8.540000000000000000e+02 1.182775000000000000e+04
9.420000000000000000e+02 1.182780000000000109e+04
1.030000000000000000e+03 1.182825000000000000e+04
1.198000000000000000e+03 1.183135000000000036e+04
8.860000000000000000e+02 1.183389999999999964e+04
8.060000000000000000e+02 1.183395000000000073e+04
8.300000000000000000e+02 1.183439999999999964e+04
8.220000000000000000e+02 1.183489999999999964e+04
1.174000000000000000e+03 1.183495000000000073e+04
1.150000000000000000e+03 1.183520000000000073e+04
1.134000000000000000e+03 1.183539999999999964e+04
9.660000000000000000e+02 1.183645000000000073e+04
1.158000000000000000e+03 1.184264999999999964e+04
9.100000000000000000e+02 1.184339999999999964e+04
1.166000000000000000e+03 1.184450000000000000e+04
9.980000000000000000e+02 1.184475000000000000e+04
8.780000000000000000e+02 1.184514999999999964e+04
1.046000000000000000e+03 1.184589999999999964e+04
1.054000000000000000e+03 1.184714999999999964e+04
9.020000000000000000e+02 1.184745000000000073e+04
1.142000000000000000e+03 1.184814999999999964e+04
8.700000000000000000e+02 1.185314999999999964e+04
1.126000000000000000e+03 1.185325000000000000e+04
9.260000000000000000e+02 1.185420000000000073e+04
1.118000000000000000e+03 1.185614999999999964e+04
9.580000000000000000e+02 1.185660000000000036e+04
1.182000000000000000e+03 1.185860000000000036e+04
9.740000000000000000e+02 1.185964999999999964e+04
1.006000000000000000e+03 1.186110000000000036e+04
1.022000000000000000e+03 1.186610000000000036e+04
9.180000000000000000e+02 1.186864999999999964e+04
1.158000000000000000e+03 1.187125000000000000e+04
8.380000000000000000e+02 1.187230000000000109e+04
8.860000000000000000e+02 1.187225000000000000e+04
1.070000000000000000e+03 1.187264999999999964e+04
1.086000000000000000e+03 1.187414999999999964e+04
1.142000000000000000e+03 1.187450000000000000e+04
1.078000000000000000e+03 1.187560000000000036e+04
9.820000000000000000e+02 1.187585000000000036e+04
8.140000000000000000e+02 1.187910000000000036e+04
1.046000000000000000e+03 1.188330000000000109e+04
1.150000000000000000e+03 1.188570000000000073e+04
9.660000000000000000e+02 1.188605000000000109e+04
1.062000000000000000e+03 1.188610000000000036e+04
1.174000000000000000e+03 1.188630000000000109e+04
8.940000000000000000e+02 1.188650000000000000e+04
1.038000000000000000e+03 1.188700000000000000e+04
1.110000000000000000e+03 1.188945000000000073e+04
1.134000000000000000e+03 1.189145000000000073e+04
8.540000000000000000e+02 1.189164999999999964e+04
8.060000000000000000e+02 1.189295000000000073e+04
8.220000000000000000e+02 1.189630000000000109e+04
8.700000000000000000e+02 1.189714999999999964e+04
1.030000000000000000e+03 1.189814999999999964e+04
9.900000000000000000e+02 1.190210000000000036e+04
9.260000000000000000e+02 1.190330000000000109e+04
1.166000000000000000e+03 1.190360000000000036e+04
9.100000000000000000e+02 1.190570000000000073e+04
1.182000000000000000e+03 1.190664999999999964e+04
1.070000000000000000e+03 1.190800000000000000e+04
8.380000000000000000e+02 1.190875000000000000e+04
1.158000000000000000e+03 1.191060000000000036e+04
9.740000000000000000e+02 1.191410000000000036e+04
1.054000000000000000e+03 1.191820000000000073e+04
8.620000000000000000e+02 1.191864999999999964e+04
1.006000000000000000e+03 1.191995000000000073e+04
8.140000000000000000e+02 1.192060000000000036e+04
9.980000000000000000e+02 1.192070000000000073e+04
1.102000000000000000e+03 1.192585000000000036e+04
8.780000000000000000e+02 1.192655000000000109e+04
1.094000000000000000e+03 1.192680000000000109e+04
8.460000000000000000e+02 1.192725000000000000e+04
1.038000000000000000e+03 1.192810000000000036e+04
9.420000000000000000e+02 1.192835000000000036e+04
1.062000000000000000e+03 1.192864999999999964e+04
8.540000000000000000e+02 1.192880000000000109e+04
8.300000000000000000e+02 1.192935000000000036e+04
1.014000000000000000e+03 1.192935000000000036e+04
9.340000000000000000e+02 1.193414999999999964e+04
1.174000000000000000e+03 1.193480000000000109e+04
1.134000000000000000e+03 1.193650000000000000e+04
9.660000000000000000e+02 1.193730000000000109e+04
8.620000000000000000e+02 1.193755000000000109e+04
1.086000000000000000e+03 1.193760000000000036e+04
9.020000000000000000e+02 1.193789999999999964e+04
9.180000000000000000e+02 1.193814999999999964e+04
1.150000000000000000e+03 1.193910000000000036e+04
9.820000000000000000e+02 1.194064999999999964e+04
8.940000000000000000e+02 1.194555000000000109e+04
8.140000000000000000e+02 1.194595000000000073e+04
1.166000000000000000e+03 1.194720000000000073e+04
1.054000000000000000e+03 1.195050000000000000e+04
8.380000000000000000e+02 1.195114999999999964e+04
1.046000000000000000e+03 1.195205000000000109e+04
1.070000000000000000e+03 1.195539999999999964e+04
1.030000000000000000e+03 1.195835000000000036e+04
1.158000000000000000e+03 1.195885000000000036e+04
8.300000000000000000e+02 1.195939999999999964e+04
1.006000000000000000e+03 1.195950000000000000e+04
9.260000000000000000e+02 1.196305000000000109e+04
9.180000000000000000e+02 1.196520000000000073e+04
9.500000000000000000e+02 1.196555000000000109e+04
8.780000000000000000e+02 1.196614999999999964e+04
1.022000000000000000e+03 1.196620000000000073e+04
1.142000000000000000e+03 1.196660000000000036e+04
1.118000000000000000e+03 1.196710000000000036e+04
8.060000000000000000e+02 1.196820000000000073e+04
1.190000000000000000e+03 1.196845000000000073e+04
9.980000000000000000e+02 1.196855000000000109e+04
1.038000000000000000e+03 1.196995000000000073e+04
1.110000000000000000e+03 1.197085000000000036e+04
1.062000000000000000e+03 1.197289999999999964e+04
9.580000000000000000e+02 1.197350000000000000e+04
8.860000000000000000e+02 1.197370000000000073e+04
1.134000000000000000e+03 1.197414999999999964e+04
8.700000000000000000e+02 1.197450000000000000e+04
9.020000000000000000e+02 1.197839999999999964e+04
1.150000000000000000e+03 1.197935000000000036e+04
9.740000000000000000e+02 1.197980000000000109e+04
8.380000000000000000e+02 1.198039999999999964e+04
9.420000000000000000e+02 1.198085000000000036e+04
1.198000000000000000e+03 1.198120000000000073e+04
9.900000000000000000e+02 1.198139999999999964e+04
1.094000000000000000e+03 1.198630000000000109e+04
9.820000000000000000e+02 1.198810000000000036e+04
1.014000000000000000e+03 1.199370000000000073e+04
8.140000000000000000e+02 1.199739999999999964e+04
8.780000000000000000e+02 1.199775000000000000e+04
1.174000000000000000e+03 1.199830000000000109e+04
9.340000000000000000e+02 1.199880000000000109e+04
1.006000000000000000e+03 1.199880000000000109e+04
1.078000000000000000e+03 1.200370000000000073e+04
1.022000000000000000e+03 1.200375000000000000e+04
8.700000000000000000e+02 1.200455000000000109e+04
8.220000000000000000e+02 1.201160000000000036e+04
8.540000000000000000e+02 1.201164999999999964e+04
9.500000000000000000e+02 1.201225000000000000e+04
1.046000000000000000e+03 1.201260000000000036e+04
1.110000000000000000e+03 1.201260000000000036e+04
9.260000000000000000e+02 1.201270000000000073e+04
9.100000000000000000e+02 1.201320000000000073e+04
1.190000000000000000e+03 1.201339999999999964e+04
1.086000000000000000e+03 1.201775000000000000e+04
8.300000000000000000e+02 1.201820000000000073e+04
1.158000000000000000e+03 1.201970000000000073e+04
1.182000000000000000e+03 1.202055000000000109e+04
8.380000000000000000e+02 1.202125000000000000e+04
1.030000000000000000e+03 1.202620000000000073e+04
8.620000000000000000e+02 1.202655000000000109e+04
9.980000000000000000e+02 1.202745000000000073e+04
8.060000000000000000e+02 1.202825000000000000e+04
1.198000000000000000e+03 1.202870000000000073e+04
1.070000000000000000e+03 1.202925000000000000e+04
9.020000000000000000e+02 1.203035000000000036e+04
9.180000000000000000e+02 1.203305000000000109e+04
8.940000000000000000e+02 1.203814999999999964e+04
8.860000000000000000e+02 1.203830000000000109e+04
1.134000000000000000e+03 1.203900000000000000e+04
9.820000000000000000e+02 1.204345000000000073e+04
1.038000000000000000e+03 1.204375000000000000e+04
1.166000000000000000e+03 1.204395000000000073e+04
1.150000000000000000e+03 1.204405000000000109e+04
1.046000000000000000e+03 1.204539999999999964e+04
9.420000000000000000e+02 1.204975000000000000e+04
1.142000000000000000e+03 1.204980000000000109e+04
1.094000000000000000e+03 1.205020000000000073e+04
1.054000000000000000e+03 1.205045000000000073e+04
8.220000000000000000e+02 1.205075000000000000e+04
1.022000000000000000e+03 1.205185000000000036e+04
1.126000000000000000e+03 1.205264999999999964e+04
9.260000000000000000e+02 1.205289999999999964e+04
9.340000000000000000e+02 1.205295000000000073e+04
1.086000000000000000e+03 1.205564999999999964e+04
1.006000000000000000e+03 1.205600000000000000e+04
9.660000000000000000e+02 1.205725000000000000e+04
8.300000000000000000e+02 1.205839999999999964e+04
9.580000000000000000e+02 1.206110000000000036e+04
8.620000000000000000e+02 1.206125000000000000e+04
8.380000000000000000e+02 1.206255000000000109e+04
8.140000000000000000e+02 1.206339999999999964e+04
1.062000000000000000e+03 1.206705000000000109e+04
1.182000000000000000e+03 1.206820000000000073e+04
9.500000000000000000e+02 1.206875000000000000e+04
1.174000000000000000e+03 1.207100000000000000e+04
1.158000000000000000e+03 1.207305000000000109e+04
1.190000000000000000e+03 1.207370000000000073e+04
1.118000000000000000e+03 1.207525000000000000e+04
9.900000000000000000e+02 1.207830000000000109e+04
9.980000000000000000e+02 1.207855000000000109e+04
8.780000000000000000e+02 1.208195000000000073e+04
1.198000000000000000e+03 1.208255000000000109e+04
9.100000000000000000e+02 1.208280000000000109e+04
9.740000000000000000e+02 1.208385000000000036e+04
1.142000000000000000e+03 1.208450000000000000e+04
1.038000000000000000e+03 1.208455000000000109e+04
1.134000000000000000e+03 1.208980000000000109e+04
1.166000000000000000e+03 1.209130000000000109e+04
1.070000000000000000e+03 1.209200000000000000e+04
8.060000000000000000e+02 1.209285000000000036e+04
1.030000000000000000e+03 1.209480000000000109e+04
1.086000000000000000e+03 1.209695000000000073e+04
1.078000000000000000e+03 1.209925000000000000e+04
1.046000000000000000e+03 1.209935000000000036e+04
9.580000000000000000e+02 1.210235000000000036e+04
9.020000000000000000e+02 1.210300000000000000e+04
1.110000000000000000e+03 1.210305000000000109e+04
8.220000000000000000e+02 1.210455000000000109e+04
1.150000000000000000e+03 1.210530000000000109e+04
8.940000000000000000e+02 1.210695000000000073e+04
9.500000000000000000e+02 1.210695000000000073e+04
9.820000000000000000e+02 1.211250000000000000e+04
1.102000000000000000e+03 1.211314999999999964e+04
9.180000000000000000e+02 1.211400000000000000e+04
9.660000000000000000e+02 1.211400000000000000e+04
1.158000000000000000e+03 1.211410000000000036e+04
1.174000000000000000e+03 1.211439999999999964e+04
1.014000000000000000e+03 1.211525000000000000e+04
8.780000000000000000e+02 1.211535000000000036e+04
1.182000000000000000e+03 1.211630000000000109e+04
8.300000000000000000e+02 1.211950000000000000e+04
8.620000000000000000e+02 1.211950000000000000e+04
9.900000000000000000e+02 1.211985000000000036e+04
8.700000000000000000e+02 1.212164999999999964e+04
1.038000000000000000e+03 1.212200000000000000e+04
8.140000000000000000e+02 1.212850000000000000e+04
1.110000000000000000e+03 1.212880000000000109e+04
1.046000000000000000e+03 1.212914999999999964e+04
1.054000000000000000e+03 1.213270000000000073e+04
8.380000000000000000e+02 1.213364999999999964e+04
1.006000000000000000e+03 1.213539999999999964e+04
1.086000000000000000e+03 1.213895000000000073e+04
9.340000000000000000e+02 1.213935000000000036e+04
1.142000000000000000e+03 1.214110000000000036e+04
9.020000000000000000e+02 1.214175000000000000e+04
9.260000000000000000e+02 1.214214999999999964e+04
1.070000000000000000e+03 1.214264999999999964e+04
9.420000000000000000e+02 1.214355000000000109e+04
8.780000000000000000e+02 1.214450000000000000e+04
8.860000000000000000e+02 1.214500000000000000e+04
9.740000000000000000e+02 1.214589999999999964e+04
9.500000000000000000e+02 1.215114999999999964e+04
1.198000000000000000e+03 1.215210000000000036e+04
8.060000000000000000e+02 1.215370000000000073e+04
9.980000000000000000e+02 1.215775000000000000e+04
8.140000000000000000e+02 1.215860000000000036e+04
9.100000000000000000e+02 1.215935000000000036e+04
8.220000000000000000e+02 1.215989999999999964e+04
1.086000000000000000e+03 1.216000000000000000e+04
1.102000000000000000e+03 1.216450000000000000e+04
1.166000000000000000e+03 1.216464999999999964e+04
9.180000000000000000e+02 1.216480000000000109e+04
1.134000000000000000e+03 1.216550000000000000e+04
1.190000000000000000e+03 1.216550000000000000e+04
1.158000000000000000e+03 1.216695000000000073e+04
1.118000000000000000e+03 1.217335000000000036e+04
1.054000000000000000e+03 1.217380000000000109e+04
1.150000000000000000e+03 1.217400000000000000e+04
9.580000000000000000e+02 1.217475000000000000e+04
1.174000000000000000e+03 1.217610000000000036e+04
1.030000000000000000e+03 1.217950000000000000e+04
8.380000000000000000e+02 1.218080000000000109e+04
1.062000000000000000e+03 1.218139999999999964e+04
1.046000000000000000e+03 1.218160000000000036e+04
8.940000000000000000e+02 1.218185000000000036e+04
9.260000000000000000e+02 1.218289999999999964e+04
1.094000000000000000e+03 1.218889999999999964e+04
9.900000000000000000e+02 1.219000000000000000e+04
9.340000000000000000e+02 1.219110000000000036e+04
1.182000000000000000e+03 1.219255000000000109e+04
1.022000000000000000e+03 1.219355000000000109e+04
9.820000000000000000e+02 1.219389999999999964e+04
9.420000000000000000e+02 1.219720000000000073e+04
1.086000000000000000e+03 1.220045000000000073e+04
1.110000000000000000e+03 1.220175000000000000e+04
9.020000000000000000e+02 1.220395000000000073e+04
1.102000000000000000e+03 1.220480000000000109e+04
1.174000000000000000e+03 1.220589999999999964e+04
9.660000000000000000e+02 1.220625000000000000e+04
1.006000000000000000e+03 1.220650000000000000e+04
1.126000000000000000e+03 1.220670000000000073e+04
8.300000000000000000e+02 1.221100000000000000e+04
1.142000000000000000e+03 1.221310000000000036e+04
1.070000000000000000e+03 1.221420000000000073e+04
9.740000000000000000e+02 1.221614999999999964e+04
1.014000000000000000e+03 1.221689999999999964e+04
8.620000000000000000e+02 1.221880000000000109e+04
8.060000000000000000e+02 1.222064999999999964e+04
1.054000000000000000e+03 1.222195000000000073e+04
9.340000000000000000e+02 1.222539999999999964e+04
1.022000000000000000e+03 1.222620000000000073e+04
9.500000000000000000e+02 1.222675000000000000e+04
9.180000000000000000e+02 1.222725000000000000e+04
1.062000000000000000e+03 1.222789999999999964e+04
1.150000000000000000e+03 1.222820000000000073e+04
1.198000000000000000e+03 1.222930000000000109e+04
1.134000000000000000e+03 1.222980000000000109e+04
9.260000000000000000e+02 1.223239999999999964e+04
8.540000000000000000e+02 1.223260000000000036e+04
8.380000000000000000e+02 1.223380000000000109e+04
9.020000000000000000e+02 1.223395000000000073e+04
9.580000000000000000e+02 1.223770000000000073e+04
8.140000000000000000e+02 1.223820000000000073e+04
1.086000000000000000e+03 1.224160000000000036e+04
1.174000000000000000e+03 1.224205000000000109e+04
8.460000000000000000e+02 1.224464999999999964e+04
1.054000000000000000e+03 1.224564999999999964e+04
1.046000000000000000e+03 1.224745000000000073e+04
1.110000000000000000e+03 1.224820000000000073e+04
1.070000000000000000e+03 1.224855000000000109e+04
1.158000000000000000e+03 1.225155000000000109e+04
9.980000000000000000e+02 1.225330000000000109e+04
9.420000000000000000e+02 1.225570000000000073e+04
1.118000000000000000e+03 1.225564999999999964e+04
9.340000000000000000e+02 1.225945000000000073e+04
8.780000000000000000e+02 1.225955000000000109e+04
9.740000000000000000e+02 1.226030000000000109e+04
9.100000000000000000e+02 1.226130000000000109e+04
8.700000000000000000e+02 1.226560000000000036e+04
1.014000000000000000e+03 1.226605000000000109e+04
9.260000000000000000e+02 1.226760000000000036e+04
9.180000000000000000e+02 1.226775000000000000e+04
1.086000000000000000e+03 1.226775000000000000e+04
8.940000000000000000e+02 1.227105000000000109e+04
1.198000000000000000e+03 1.227305000000000109e+04
1.038000000000000000e+03 1.227395000000000073e+04
9.820000000000000000e+02 1.227655000000000109e+04
8.540000000000000000e+02 1.227789999999999964e+04
1.078000000000000000e+03 1.227900000000000000e+04
9.020000000000000000e+02 1.228389999999999964e+04
1.030000000000000000e+03 1.228445000000000073e+04
9.500000000000000000e+02 1.228480000000000109e+04
8.300000000000000000e+02 1.228620000000000073e+04
8.860000000000000000e+02 1.228860000000000036e+04
1.118000000000000000e+03 1.228975000000000000e+04
8.620000000000000000e+02 1.229130000000000109e+04
1.158000000000000000e+03 1.229280000000000109e+04
1.142000000000000000e+03 1.229670000000000073e+04
8.220000000000000000e+02 1.229850000000000000e+04
9.420000000000000000e+02 1.229900000000000000e+04
9.580000000000000000e+02 1.229910000000000036e+04
9.100000000000000000e+02 1.229960000000000036e+04
9.660000000000000000e+02 1.229960000000000036e+04
1.134000000000000000e+03 1.229975000000000000e+04
9.740000000000000000e+02 1.230035000000000036e+04
8.060000000000000000e+02 1.230089999999999964e+04
1.070000000000000000e+03 1.230280000000000109e+04
8.780000000000000000e+02 1.230595000000000073e+04
1.110000000000000000e+03 1.230750000000000000e+04
1.014000000000000000e+03 1.230875000000000000e+04
1.086000000000000000e+03 1.230889999999999964e+04
8.460000000000000000e+02 1.230900000000000000e+04
1.166000000000000000e+03 1.231010000000000036e+04
1.006000000000000000e+03 1.231395000000000073e+04
1.198000000000000000e+03 1.231410000000000036e+04
8.140000000000000000e+02 1.231605000000000109e+04
1.046000000000000000e+03 1.231810000000000036e+04
1.022000000000000000e+03 1.231875000000000000e+04
1.182000000000000000e+03 1.231914999999999964e+04
1.054000000000000000e+03 1.232630000000000109e+04
8.620000000000000000e+02 1.232770000000000073e+04
9.180000000000000000e+02 1.232780000000000109e+04
1.062000000000000000e+03 1.233030000000000109e+04
8.220000000000000000e+02 1.233555000000000109e+04
9.020000000000000000e+02 1.233664999999999964e+04
8.540000000000000000e+02 1.234110000000000036e+04
9.260000000000000000e+02 1.234114999999999964e+04
8.300000000000000000e+02 1.234170000000000073e+04
8.700000000000000000e+02 1.234230000000000109e+04
8.940000000000000000e+02 1.234250000000000000e+04
1.134000000000000000e+03 1.234275000000000000e+04
8.380000000000000000e+02 1.234570000000000073e+04
1.086000000000000000e+03 1.234610000000000036e+04
1.078000000000000000e+03 1.234639999999999964e+04
1.070000000000000000e+03 1.234980000000000109e+04
8.860000000000000000e+02 1.235150000000000000e+04
1.022000000000000000e+03 1.235180000000000109e+04
1.198000000000000000e+03 1.235400000000000000e+04
1.118000000000000000e+03 1.235635000000000036e+04
9.580000000000000000e+02 1.235655000000000109e+04
8.140000000000000000e+02 1.235730000000000109e+04
8.060000000000000000e+02 1.235739999999999964e+04
1.014000000000000000e+03 1.235755000000000109e+04
1.182000000000000000e+03 1.236095000000000073e+04
9.420000000000000000e+02 1.236185000000000036e+04
9.820000000000000000e+02 1.236225000000000000e+04
8.220000000000000000e+02 1.236250000000000000e+04
9.740000000000000000e+02 1.236310000000000036e+04
1.054000000000000000e+03 1.236314999999999964e+04
9.900000000000000000e+02 1.236914999999999964e+04
9.020000000000000000e+02 1.236930000000000109e+04
1.046000000000000000e+03 1.237089999999999964e+04
8.620000000000000000e+02 1.237260000000000036e+04
9.100000000000000000e+02 1.237405000000000109e+04
1.038000000000000000e+03 1.237575000000000000e+04
1.142000000000000000e+03 1.237975000000000000e+04
9.180000000000000000e+02 1.238089999999999964e+04
8.300000000000000000e+02 1.238210000000000036e+04
9.980000000000000000e+02 1.238585000000000036e+04
1.190000000000000000e+03 1.238695000000000073e+04
1.174000000000000000e+03 1.238735000000000036e+04
1.110000000000000000e+03 1.238760000000000036e+04
1.006000000000000000e+03 1.238830000000000109e+04
1.166000000000000000e+03 1.239235000000000036e+04
1.198000000000000000e+03 1.239325000000000000e+04
8.700000000000000000e+02 1.239514999999999964e+04
9.340000000000000000e+02 1.239855000000000109e+04
9.420000000000000000e+02 1.239880000000000109e+04
1.102000000000000000e+03 1.240075000000000000e+04
1.134000000000000000e+03 1.240080000000000109e+04
1.118000000000000000e+03 1.240210000000000036e+04
1.158000000000000000e+03 1.240285000000000036e+04
9.500000000000000000e+02 1.240539999999999964e+04
8.540000000000000000e+02 1.240550000000000000e+04
1.078000000000000000e+03 1.240585000000000036e+04
8.940000000000000000e+02 1.240650000000000000e+04
9.660000000000000000e+02 1.240664999999999964e+04
1.094000000000000000e+03 1.241505000000000109e+04
9.740000000000000000e+02 1.241575000000000000e+04
8.300000000000000000e+02 1.241695000000000073e+04
1.054000000000000000e+03 1.241780000000000109e+04
8.380000000000000000e+02 1.241895000000000073e+04
1.150000000000000000e+03 1.241950000000000000e+04
1.014000000000000000e+03 1.241964999999999964e+04
8.780000000000000000e+02 1.242025000000000000e+04
8.140000000000000000e+02 1.242050000000000000e+04
9.260000000000000000e+02 1.242064999999999964e+04
1.190000000000000000e+03 1.242495000000000073e+04
1.086000000000000000e+03 1.242680000000000109e+04
1.070000000000000000e+03 1.242889999999999964e+04
9.420000000000000000e+02 1.243164999999999964e+04
8.220000000000000000e+02 1.243555000000000109e+04
1.126000000000000000e+03 1.243600000000000000e+04
1.062000000000000000e+03 1.243720000000000073e+04
1.030000000000000000e+03 1.243950000000000000e+04
1.182000000000000000e+03 1.243955000000000109e+04
8.860000000000000000e+02 1.244000000000000000e+04
1.118000000000000000e+03 1.244155000000000109e+04
1.022000000000000000e+03 1.244280000000000109e+04
9.580000000000000000e+02 1.244314999999999964e+04
8.700000000000000000e+02 1.244325000000000000e+04
1.174000000000000000e+03 1.244420000000000073e+04
1.158000000000000000e+03 1.244520000000000073e+04
1.142000000000000000e+03 1.244745000000000073e+04
9.340000000000000000e+02 1.244850000000000000e+04
8.300000000000000000e+02 1.244950000000000000e+04
8.460000000000000000e+02 1.245120000000000073e+04
9.100000000000000000e+02 1.245220000000000073e+04
1.086000000000000000e+03 1.245250000000000000e+04
1.198000000000000000e+03 1.245250000000000000e+04
1.134000000000000000e+03 1.245364999999999964e+04
1.006000000000000000e+03 1.245439999999999964e+04
1.054000000000000000e+03 1.245450000000000000e+04
8.780000000000000000e+02 1.245470000000000073e+04
1.094000000000000000e+03 1.245664999999999964e+04
8.940000000000000000e+02 1.245980000000000109e+04
9.260000000000000000e+02 1.246014999999999964e+04
8.380000000000000000e+02 1.246100000000000000e+04
9.420000000000000000e+02 1.246095000000000073e+04
8.060000000000000000e+02 1.246770000000000073e+04
8.620000000000000000e+02 1.246800000000000000e+04
1.046000000000000000e+03 1.246975000000000000e+04
1.190000000000000000e+03 1.247264999999999964e+04
8.540000000000000000e+02 1.247335000000000036e+04
1.070000000000000000e+03 1.247570000000000073e+04
9.980000000000000000e+02 1.247920000000000073e+04
1.126000000000000000e+03 1.248080000000000109e+04
9.500000000000000000e+02 1.248320000000000073e+04
8.700000000000000000e+02 1.248620000000000073e+04
9.580000000000000000e+02 1.248664999999999964e+04
1.086000000000000000e+03 1.248814999999999964e+04
1.054000000000000000e+03 1.248825000000000000e+04
1.174000000000000000e+03 1.248980000000000109e+04
1.038000000000000000e+03 1.249400000000000000e+04
1.102000000000000000e+03 1.249425000000000000e+04
9.020000000000000000e+02 1.249445000000000073e+04
1.166000000000000000e+03 1.249500000000000000e+04
1.118000000000000000e+03 1.249864999999999964e+04
1.158000000000000000e+03 1.250170000000000073e+04
9.100000000000000000e+02 1.250350000000000000e+04
9.820000000000000000e+02 1.250380000000000109e+04
8.460000000000000000e+02 1.250660000000000036e+04
8.620000000000000000e+02 1.250675000000000000e+04
1.198000000000000000e+03 1.250710000000000036e+04
1.046000000000000000e+03 1.250825000000000000e+04
8.940000000000000000e+02 1.250845000000000073e+04
1.070000000000000000e+03 1.251014999999999964e+04
1.182000000000000000e+03 1.251020000000000073e+04
9.660000000000000000e+02 1.251039999999999964e+04
8.060000000000000000e+02 1.251050000000000000e+04
8.140000000000000000e+02 1.251055000000000109e+04
1.030000000000000000e+03 1.251375000000000000e+04
1.094000000000000000e+03 1.251480000000000109e+04
8.220000000000000000e+02 1.251620000000000073e+04
8.380000000000000000e+02 1.251614999999999964e+04
1.062000000000000000e+03 1.251655000000000109e+04
9.500000000000000000e+02 1.252125000000000000e+04
8.540000000000000000e+02 1.252200000000000000e+04
1.014000000000000000e+03 1.252310000000000036e+04
1.110000000000000000e+03 1.252455000000000109e+04
1.022000000000000000e+03 1.252555000000000109e+04
9.980000000000000000e+02 1.252685000000000036e+04
9.260000000000000000e+02 1.252950000000000000e+04
9.340000000000000000e+02 1.253025000000000000e+04
9.740000000000000000e+02 1.253055000000000109e+04
9.020000000000000000e+02 1.253414999999999964e+04
1.086000000000000000e+03 1.253420000000000073e+04
8.300000000000000000e+02 1.253630000000000109e+04
8.460000000000000000e+02 1.253710000000000036e+04
1.174000000000000000e+03 1.253714999999999964e+04
1.182000000000000000e+03 1.254289999999999964e+04
1.158000000000000000e+03 1.254330000000000109e+04
1.070000000000000000e+03 1.254414999999999964e+04
1.030000000000000000e+03 1.254480000000000109e+04
9.660000000000000000e+02 1.254550000000000000e+04
1.102000000000000000e+03 1.254625000000000000e+04
9.900000000000000000e+02 1.254680000000000109e+04
1.046000000000000000e+03 1.254830000000000109e+04
8.780000000000000000e+02 1.254885000000000036e+04
8.060000000000000000e+02 1.255289999999999964e+04
9.420000000000000000e+02 1.255300000000000000e+04
8.700000000000000000e+02 1.255350000000000000e+04
1.134000000000000000e+03 1.255360000000000036e+04
9.980000000000000000e+02 1.255510000000000036e+04
1.166000000000000000e+03 1.255564999999999964e+04
1.062000000000000000e+03 1.255650000000000000e+04
8.940000000000000000e+02 1.255955000000000109e+04
1.006000000000000000e+03 1.255970000000000073e+04
9.180000000000000000e+02 1.256025000000000000e+04
1.150000000000000000e+03 1.256039999999999964e+04
8.540000000000000000e+02 1.256095000000000073e+04
9.580000000000000000e+02 1.256200000000000000e+04
1.054000000000000000e+03 1.256455000000000109e+04
9.740000000000000000e+02 1.256505000000000109e+04
9.500000000000000000e+02 1.256564999999999964e+04
9.020000000000000000e+02 1.256685000000000036e+04
1.094000000000000000e+03 1.256789999999999964e+04
8.300000000000000000e+02 1.256945000000000073e+04
1.038000000000000000e+03 1.257505000000000109e+04
1.046000000000000000e+03 1.257589999999999964e+04
8.460000000000000000e+02 1.257664999999999964e+04
8.620000000000000000e+02 1.257695000000000073e+04
8.140000000000000000e+02 1.258055000000000109e+04
1.118000000000000000e+03 1.258105000000000109e+04
1.030000000000000000e+03 1.258310000000000036e+04
1.182000000000000000e+03 1.258525000000000000e+04
9.100000000000000000e+02 1.258570000000000073e+04
1.102000000000000000e+03 1.258739999999999964e+04
9.820000000000000000e+02 1.258800000000000000e+04
8.780000000000000000e+02 1.258814999999999964e+04
1.014000000000000000e+03 1.258885000000000036e+04
9.660000000000000000e+02 1.258905000000000109e+04
9.740000000000000000e+02 1.259545000000000073e+04
1.174000000000000000e+03 1.259585000000000036e+04
8.540000000000000000e+02 1.259655000000000109e+04
8.300000000000000000e+02 1.260114999999999964e+04
1.190000000000000000e+03 1.260200000000000000e+04
9.180000000000000000e+02 1.260335000000000036e+04
9.020000000000000000e+02 1.260525000000000000e+04
1.038000000000000000e+03 1.260710000000000036e+04
1.006000000000000000e+03 1.260739999999999964e+04
1.198000000000000000e+03 1.260760000000000036e+04
1.070000000000000000e+03 1.260805000000000109e+04
8.060000000000000000e+02 1.260820000000000073e+04
1.134000000000000000e+03 1.260855000000000109e+04
1.086000000000000000e+03 1.261360000000000036e+04
1.158000000000000000e+03 1.261550000000000000e+04
1.166000000000000000e+03 1.261605000000000109e+04
8.700000000000000000e+02 1.261620000000000073e+04
1.142000000000000000e+03 1.261650000000000000e+04
9.260000000000000000e+02 1.261689999999999964e+04
9.580000000000000000e+02 1.261725000000000000e+04
1.014000000000000000e+03 1.261764999999999964e+04
9.740000000000000000e+02 1.262245000000000073e+04
8.940000000000000000e+02 1.262625000000000000e+04
1.054000000000000000e+03 1.262689999999999964e+04
8.780000000000000000e+02 1.262775000000000000e+04
1.102000000000000000e+03 1.262825000000000000e+04
1.174000000000000000e+03 1.262895000000000073e+04
9.500000000000000000e+02 1.262939999999999964e+04
9.020000000000000000e+02 1.263145000000000073e+04
8.620000000000000000e+02 1.263400000000000000e+04
1.070000000000000000e+03 1.263505000000000109e+04
1.190000000000000000e+03 1.263575000000000000e+04
1.118000000000000000e+03 1.263630000000000109e+04
1.046000000000000000e+03 1.263930000000000109e+04
9.980000000000000000e+02 1.264039999999999964e+04
1.134000000000000000e+03 1.264114999999999964e+04
1.166000000000000000e+03 1.264485000000000036e+04
8.380000000000000000e+02 1.264580000000000109e+04
1.158000000000000000e+03 1.264580000000000109e+04
8.460000000000000000e+02 1.264739999999999964e+04
1.182000000000000000e+03 1.264930000000000109e+04
1.022000000000000000e+03 1.265025000000000000e+04
9.100000000000000000e+02 1.265130000000000109e+04
1.086000000000000000e+03 1.265270000000000073e+04
9.660000000000000000e+02 1.265514999999999964e+04
1.110000000000000000e+03 1.265520000000000073e+04
1.142000000000000000e+03 1.265750000000000000e+04
8.300000000000000000e+02 1.265960000000000036e+04
9.580000000000000000e+02 1.265970000000000073e+04
9.500000000000000000e+02 1.266055000000000109e+04
1.078000000000000000e+03 1.266080000000000109e+04
8.860000000000000000e+02 1.266120000000000073e+04
8.700000000000000000e+02 1.266170000000000073e+04
9.260000000000000000e+02 1.266164999999999964e+04
8.540000000000000000e+02 1.266180000000000109e+04
1.198000000000000000e+03 1.266450000000000000e+04
1.126000000000000000e+03 1.266480000000000109e+04
8.940000000000000000e+02 1.266770000000000073e+04
1.070000000000000000e+03 1.266975000000000000e+04
1.014000000000000000e+03 1.267110000000000036e+04
1.094000000000000000e+03 1.267350000000000000e+04
1.054000000000000000e+03 1.267380000000000109e+04
9.740000000000000000e+02 1.267414999999999964e+04
1.102000000000000000e+03 1.267520000000000073e+04
1.134000000000000000e+03 1.267550000000000000e+04
9.180000000000000000e+02 1.268060000000000036e+04
1.166000000000000000e+03 1.268200000000000000e+04
9.980000000000000000e+02 1.268420000000000073e+04
9.020000000000000000e+02 1.269005000000000109e+04
8.140000000000000000e+02 1.269039999999999964e+04
8.380000000000000000e+02 1.269239999999999964e+04
8.460000000000000000e+02 1.269445000000000073e+04
9.100000000000000000e+02 1.269580000000000109e+04
1.150000000000000000e+03 1.269989999999999964e+04
1.110000000000000000e+03 1.270245000000000073e+04
8.700000000000000000e+02 1.270285000000000036e+04
1.158000000000000000e+03 1.270300000000000000e+04
1.006000000000000000e+03 1.270425000000000000e+04
1.182000000000000000e+03 1.270650000000000000e+04
9.660000000000000000e+02 1.270805000000000109e+04
9.260000000000000000e+02 1.270814999999999964e+04
9.500000000000000000e+02 1.271589999999999964e+04
1.166000000000000000e+03 1.271630000000000109e+04
1.022000000000000000e+03 1.271639999999999964e+04
1.118000000000000000e+03 1.271705000000000109e+04
8.940000000000000000e+02 1.271745000000000073e+04
1.094000000000000000e+03 1.271745000000000073e+04
1.190000000000000000e+03 1.271770000000000073e+04
1.086000000000000000e+03 1.271825000000000000e+04
9.020000000000000000e+02 1.271835000000000036e+04
1.014000000000000000e+03 1.272345000000000073e+04
8.060000000000000000e+02 1.272435000000000036e+04
1.198000000000000000e+03 1.273225000000000000e+04
8.620000000000000000e+02 1.273280000000000109e+04
8.700000000000000000e+02 1.273325000000000000e+04
1.078000000000000000e+03 1.273389999999999964e+04
9.340000000000000000e+02 1.273450000000000000e+04
1.158000000000000000e+03 1.273450000000000000e+04
1.134000000000000000e+03 1.273460000000000036e+04
9.900000000000000000e+02 1.273664999999999964e+04
1.030000000000000000e+03 1.273955000000000109e+04
1.038000000000000000e+03 1.274125000000000000e+04
1.070000000000000000e+03 1.274210000000000036e+04
9.980000000000000000e+02 1.274264999999999964e+04
9.660000000000000000e+02 1.274355000000000109e+04
1.110000000000000000e+03 1.274355000000000109e+04
8.860000000000000000e+02 1.274439999999999964e+04
9.260000000000000000e+02 1.274470000000000073e+04
9.100000000000000000e+02 1.274539999999999964e+04
9.580000000000000000e+02 1.274630000000000109e+04
8.380000000000000000e+02 1.274964999999999964e+04
1.174000000000000000e+03 1.275055000000000109e+04
1.166000000000000000e+03 1.275105000000000109e+04
9.820000000000000000e+02 1.275314999999999964e+04
9.020000000000000000e+02 1.275345000000000073e+04
1.150000000000000000e+03 1.275660000000000036e+04
1.182000000000000000e+03 1.275689999999999964e+04
1.190000000000000000e+03 1.275710000000000036e+04
1.006000000000000000e+03 1.275839999999999964e+04
8.140000000000000000e+02 1.275905000000000109e+04
8.940000000000000000e+02 1.275939999999999964e+04
9.420000000000000000e+02 1.276195000000000073e+04
1.086000000000000000e+03 1.276235000000000036e+04
1.054000000000000000e+03 1.276610000000000036e+04
8.620000000000000000e+02 1.277085000000000036e+04
1.022000000000000000e+03 1.277114999999999964e+04
8.060000000000000000e+02 1.277295000000000073e+04
9.180000000000000000e+02 1.277350000000000000e+04
8.540000000000000000e+02 1.277360000000000036e+04
1.134000000000000000e+03 1.277510000000000036e+04
1.118000000000000000e+03 1.277530000000000109e+04
8.220000000000000000e+02 1.277630000000000109e+04
9.740000000000000000e+02 1.277964999999999964e+04
9.660000000000000000e+02 1.278289999999999964e+04
9.580000000000000000e+02 1.278375000000000000e+04
8.700000000000000000e+02 1.278839999999999964e+04
1.190000000000000000e+03 1.278889999999999964e+04
1.198000000000000000e+03 1.278955000000000109e+04
1.046000000000000000e+03 1.279055000000000109e+04
1.014000000000000000e+03 1.279710000000000036e+04
1.142000000000000000e+03 1.279770000000000073e+04
1.182000000000000000e+03 1.279925000000000000e+04
1.158000000000000000e+03 1.280035000000000036e+04
1.038000000000000000e+03 1.280235000000000036e+04
8.140000000000000000e+02 1.280295000000000073e+04
1.166000000000000000e+03 1.280350000000000000e+04
9.100000000000000000e+02 1.280780000000000109e+04
8.540000000000000000e+02 1.280805000000000109e+04
1.174000000000000000e+03 1.280845000000000073e+04
1.086000000000000000e+03 1.280889999999999964e+04
9.260000000000000000e+02 1.280895000000000073e+04
9.420000000000000000e+02 1.281095000000000073e+04
8.300000000000000000e+02 1.281135000000000036e+04
1.006000000000000000e+03 1.281450000000000000e+04
9.020000000000000000e+02 1.281535000000000036e+04
8.700000000000000000e+02 1.281664999999999964e+04
9.340000000000000000e+02 1.281685000000000036e+04
9.740000000000000000e+02 1.281705000000000109e+04
9.820000000000000000e+02 1.281800000000000000e+04
1.070000000000000000e+03 1.281864999999999964e+04
1.054000000000000000e+03 1.281955000000000109e+04
1.150000000000000000e+03 1.282355000000000109e+04
1.142000000000000000e+03 1.282370000000000073e+04
8.460000000000000000e+02 1.282550000000000000e+04
8.940000000000000000e+02 1.282555000000000109e+04
1.102000000000000000e+03 1.282739999999999964e+04
1.190000000000000000e+03 1.282735000000000036e+04
1.134000000000000000e+03 1.283170000000000073e+04
1.182000000000000000e+03 1.283180000000000109e+04
1.014000000000000000e+03 1.283205000000000109e+04
1.198000000000000000e+03 1.283475000000000000e+04
8.540000000000000000e+02 1.283485000000000036e+04
8.860000000000000000e+02 1.283610000000000036e+04
8.780000000000000000e+02 1.283620000000000073e+04
1.062000000000000000e+03 1.283900000000000000e+04
1.174000000000000000e+03 1.283945000000000073e+04
8.620000000000000000e+02 1.284250000000000000e+04
1.110000000000000000e+03 1.284405000000000109e+04
1.030000000000000000e+03 1.284460000000000036e+04
9.660000000000000000e+02 1.284480000000000109e+04
1.046000000000000000e+03 1.284580000000000109e+04
1.086000000000000000e+03 1.285060000000000036e+04
1.126000000000000000e+03 1.285145000000000073e+04
9.820000000000000000e+02 1.285455000000000109e+04
9.340000000000000000e+02 1.285589999999999964e+04
9.980000000000000000e+02 1.285660000000000036e+04
1.022000000000000000e+03 1.285664999999999964e+04
8.220000000000000000e+02 1.285720000000000073e+04
8.300000000000000000e+02 1.285775000000000000e+04
1.158000000000000000e+03 1.286245000000000073e+04
1.118000000000000000e+03 1.286375000000000000e+04
1.038000000000000000e+03 1.286439999999999964e+04
1.070000000000000000e+03 1.286435000000000036e+04
9.740000000000000000e+02 1.286450000000000000e+04
1.166000000000000000e+03 1.286475000000000000e+04
9.500000000000000000e+02 1.286555000000000109e+04
1.006000000000000000e+03 1.286670000000000073e+04
1.150000000000000000e+03 1.286664999999999964e+04
9.900000000000000000e+02 1.287085000000000036e+04
8.940000000000000000e+02 1.287145000000000073e+04
8.380000000000000000e+02 1.287230000000000109e+04
8.780000000000000000e+02 1.287225000000000000e+04
1.046000000000000000e+03 1.287405000000000109e+04
1.134000000000000000e+03 1.287435000000000036e+04
1.174000000000000000e+03 1.287860000000000036e+04
9.420000000000000000e+02 1.287910000000000036e+04
1.102000000000000000e+03 1.287985000000000036e+04
9.180000000000000000e+02 1.288150000000000000e+04
1.086000000000000000e+03 1.288245000000000073e+04
1.070000000000000000e+03 1.288925000000000000e+04
1.062000000000000000e+03 1.288995000000000073e+04
1.198000000000000000e+03 1.289060000000000036e+04
1.142000000000000000e+03 1.289100000000000000e+04
1.014000000000000000e+03 1.289125000000000000e+04
9.980000000000000000e+02 1.289185000000000036e+04
1.054000000000000000e+03 1.289220000000000073e+04
8.700000000000000000e+02 1.289325000000000000e+04
8.620000000000000000e+02 1.289500000000000000e+04
1.190000000000000000e+03 1.289589999999999964e+04
9.580000000000000000e+02 1.289770000000000073e+04
1.110000000000000000e+03 1.289780000000000109e+04
1.150000000000000000e+03 1.289900000000000000e+04
9.500000000000000000e+02 1.290380000000000109e+04
9.660000000000000000e+02 1.290575000000000000e+04
1.182000000000000000e+03 1.290589999999999964e+04
9.020000000000000000e+02 1.290625000000000000e+04
1.078000000000000000e+03 1.290764999999999964e+04
1.046000000000000000e+03 1.291005000000000109e+04
9.820000000000000000e+02 1.291075000000000000e+04
1.006000000000000000e+03 1.291150000000000000e+04
9.900000000000000000e+02 1.291510000000000036e+04
8.060000000000000000e+02 1.291650000000000000e+04
8.780000000000000000e+02 1.291680000000000109e+04
9.420000000000000000e+02 1.291764999999999964e+04
1.070000000000000000e+03 1.291995000000000073e+04
9.260000000000000000e+02 1.292064999999999964e+04
1.030000000000000000e+03 1.292100000000000000e+04
1.142000000000000000e+03 1.292264999999999964e+04
9.100000000000000000e+02 1.292614999999999964e+04
1.158000000000000000e+03 1.292830000000000109e+04
1.022000000000000000e+03 1.292975000000000000e+04
8.540000000000000000e+02 1.293114999999999964e+04
1.174000000000000000e+03 1.293125000000000000e+04
9.340000000000000000e+02 1.293420000000000073e+04
8.300000000000000000e+02 1.293564999999999964e+04
8.220000000000000000e+02 1.293695000000000073e+04
1.086000000000000000e+03 1.293714999999999964e+04
9.740000000000000000e+02 1.293820000000000073e+04
8.940000000000000000e+02 1.293875000000000000e+04
1.118000000000000000e+03 1.293885000000000036e+04
9.020000000000000000e+02 1.293920000000000073e+04
8.700000000000000000e+02 1.294300000000000000e+04
9.980000000000000000e+02 1.294500000000000000e+04
8.460000000000000000e+02 1.294505000000000109e+04
1.182000000000000000e+03 1.294545000000000073e+04
1.166000000000000000e+03 1.294850000000000000e+04
1.014000000000000000e+03 1.294989999999999964e+04
1.102000000000000000e+03 1.295075000000000000e+04
1.094000000000000000e+03 1.295120000000000073e+04
1.198000000000000000e+03 1.295135000000000036e+04
9.180000000000000000e+02 1.295189999999999964e+04
1.062000000000000000e+03 1.295239999999999964e+04
1.190000000000000000e+03 1.295745000000000073e+04
1.070000000000000000e+03 1.295889999999999964e+04
8.140000000000000000e+02 1.296089999999999964e+04
1.110000000000000000e+03 1.296250000000000000e+04
1.086000000000000000e+03 1.296455000000000109e+04
8.300000000000000000e+02 1.296495000000000073e+04
8.780000000000000000e+02 1.296520000000000073e+04
9.420000000000000000e+02 1.296525000000000000e+04
8.060000000000000000e+02 1.296825000000000000e+04
1.126000000000000000e+03 1.296970000000000073e+04
1.046000000000000000e+03 1.297060000000000036e+04
1.054000000000000000e+03 1.297195000000000073e+04
1.142000000000000000e+03 1.297225000000000000e+04
8.620000000000000000e+02 1.297245000000000073e+04
9.980000000000000000e+02 1.297464999999999964e+04
8.380000000000000000e+02 1.297564999999999964e+04
8.940000000000000000e+02 1.297670000000000073e+04
1.174000000000000000e+03 1.297739999999999964e+04
1.102000000000000000e+03 1.297770000000000073e+04
9.340000000000000000e+02 1.297805000000000109e+04
9.500000000000000000e+02 1.297820000000000073e+04
9.740000000000000000e+02 1.297820000000000073e+04
1.150000000000000000e+03 1.298460000000000036e+04
1.198000000000000000e+03 1.298505000000000109e+04
8.860000000000000000e+02 1.298589999999999964e+04
1.134000000000000000e+03 1.298650000000000000e+04
9.580000000000000000e+02 1.298770000000000073e+04
1.038000000000000000e+03 1.298925000000000000e+04
1.158000000000000000e+03 1.299425000000000000e+04
8.060000000000000000e+02 1.299475000000000000e+04
9.260000000000000000e+02 1.299650000000000000e+04
1.126000000000000000e+03 1.299745000000000073e+04
1.094000000000000000e+03 1.299839999999999964e+04
9.660000000000000000e+02 1.299845000000000073e+04
1.054000000000000000e+03 1.299935000000000036e+04
1.014000000000000000e+03 1.300155000000000109e+04
8.700000000000000000e+02 1.300210000000000036e+04
8.460000000000000000e+02 1.300364999999999964e+04
1.166000000000000000e+03 1.300500000000000000e+04
1.174000000000000000e+03 1.300525000000000000e+04
8.780000000000000000e+02 1.300560000000000036e+04
9.100000000000000000e+02 1.300639999999999964e+04
1.134000000000000000e+03 1.300645000000000073e+04
8.220000000000000000e+02 1.301110000000000036e+04
8.540000000000000000e+02 1.301160000000000036e+04
9.980000000000000000e+02 1.301164999999999964e+04
1.006000000000000000e+03 1.301185000000000036e+04
9.420000000000000000e+02 1.301200000000000000e+04
9.500000000000000000e+02 1.301200000000000000e+04
9.740000000000000000e+02 1.301220000000000073e+04
1.190000000000000000e+03 1.301255000000000109e+04
1.070000000000000000e+03 1.301280000000000109e+04
8.940000000000000000e+02 1.301395000000000073e+04
1.086000000000000000e+03 1.301635000000000036e+04
9.020000000000000000e+02 1.301800000000000000e+04
1.078000000000000000e+03 1.301825000000000000e+04
1.118000000000000000e+03 1.301885000000000036e+04
8.300000000000000000e+02 1.302070000000000073e+04
1.110000000000000000e+03 1.302470000000000073e+04
1.182000000000000000e+03 1.302895000000000073e+04
1.022000000000000000e+03 1.303125000000000000e+04
1.198000000000000000e+03 1.303150000000000000e+04
8.620000000000000000e+02 1.303205000000000109e+04
1.014000000000000000e+03 1.303420000000000073e+04
1.190000000000000000e+03 1.303550000000000000e+04
1.030000000000000000e+03 1.303614999999999964e+04
9.820000000000000000e+02 1.303639999999999964e+04
8.700000000000000000e+02 1.303760000000000036e+04
1.174000000000000000e+03 1.303875000000000000e+04
1.038000000000000000e+03 1.304105000000000109e+04
1.150000000000000000e+03 1.304130000000000109e+04
8.140000000000000000e+02 1.304295000000000073e+04
9.180000000000000000e+02 1.304330000000000109e+04
8.380000000000000000e+02 1.304650000000000000e+04
1.070000000000000000e+03 1.304789999999999964e+04
8.860000000000000000e+02 1.304805000000000109e+04
9.740000000000000000e+02 1.304880000000000109e+04
1.102000000000000000e+03 1.304905000000000109e+04
1.046000000000000000e+03 1.305289999999999964e+04
1.086000000000000000e+03 1.305405000000000109e+04
8.780000000000000000e+02 1.305445000000000073e+04
1.158000000000000000e+03 1.305460000000000036e+04
1.054000000000000000e+03 1.305595000000000073e+04
1.142000000000000000e+03 1.305614999999999964e+04
9.580000000000000000e+02 1.305770000000000073e+04
9.900000000000000000e+02 1.305839999999999964e+04
1.166000000000000000e+03 1.305885000000000036e+04
8.460000000000000000e+02 1.306020000000000073e+04
1.062000000000000000e+03 1.306100000000000000e+04
9.980000000000000000e+02 1.306105000000000109e+04
1.126000000000000000e+03 1.306170000000000073e+04
9.420000000000000000e+02 1.306180000000000109e+04
8.940000000000000000e+02 1.306235000000000036e+04
1.006000000000000000e+03 1.306325000000000000e+04
9.660000000000000000e+02 1.306445000000000073e+04
8.540000000000000000e+02 1.306455000000000109e+04
1.198000000000000000e+03 1.307100000000000000e+04
8.300000000000000000e+02 1.307130000000000109e+04
1.174000000000000000e+03 1.307239999999999964e+04
8.140000000000000000e+02 1.307250000000000000e+04
1.134000000000000000e+03 1.307255000000000109e+04
1.118000000000000000e+03 1.307335000000000036e+04
1.054000000000000000e+03 1.307500000000000000e+04
9.020000000000000000e+02 1.307570000000000073e+04
1.070000000000000000e+03 1.307930000000000109e+04
9.260000000000000000e+02 1.308514999999999964e+04
1.158000000000000000e+03 1.308670000000000073e+04
8.620000000000000000e+02 1.308735000000000036e+04
9.820000000000000000e+02 1.308775000000000000e+04
1.030000000000000000e+03 1.308825000000000000e+04
8.700000000000000000e+02 1.308835000000000036e+04
1.182000000000000000e+03 1.308914999999999964e+04
9.500000000000000000e+02 1.309460000000000036e+04
1.190000000000000000e+03 1.309514999999999964e+04
9.340000000000000000e+02 1.309535000000000036e+04
1.166000000000000000e+03 1.309564999999999964e+04
9.740000000000000000e+02 1.309585000000000036e+04
1.174000000000000000e+03 1.309739999999999964e+04
8.380000000000000000e+02 1.309870000000000073e+04
9.100000000000000000e+02 1.309895000000000073e+04
9.980000000000000000e+02 1.310239999999999964e+04
1.102000000000000000e+03 1.310280000000000109e+04
8.540000000000000000e+02 1.310414999999999964e+04
1.134000000000000000e+03 1.310485000000000036e+04
9.020000000000000000e+02 1.310864999999999964e+04
1.126000000000000000e+03 1.311275000000000000e+04
1.142000000000000000e+03 1.311500000000000000e+04
1.006000000000000000e+03 1.311505000000000109e+04
9.420000000000000000e+02 1.311525000000000000e+04
8.060000000000000000e+02 1.311555000000000109e+04
1.118000000000000000e+03 1.311575000000000000e+04
1.054000000000000000e+03 1.311595000000000073e+04
1.070000000000000000e+03 1.311650000000000000e+04
1.198000000000000000e+03 1.311700000000000000e+04
8.940000000000000000e+02 1.311980000000000109e+04
1.182000000000000000e+03 1.312010000000000036e+04
8.700000000000000000e+02 1.312070000000000073e+04
1.110000000000000000e+03 1.312080000000000109e+04
1.158000000000000000e+03 1.312125000000000000e+04
1.166000000000000000e+03 1.312385000000000036e+04
9.180000000000000000e+02 1.312485000000000036e+04
8.780000000000000000e+02 1.312610000000000036e+04
8.860000000000000000e+02 1.312914999999999964e+04
1.174000000000000000e+03 1.313080000000000109e+04
1.038000000000000000e+03 1.313180000000000109e+04
1.022000000000000000e+03 1.313289999999999964e+04
1.078000000000000000e+03 1.313789999999999964e+04
1.070000000000000000e+03 1.313845000000000073e+04
9.260000000000000000e+02 1.313910000000000036e+04
9.740000000000000000e+02 1.313930000000000109e+04
1.198000000000000000e+03 1.313935000000000036e+04
9.900000000000000000e+02 1.313960000000000036e+04
8.540000000000000000e+02 1.314455000000000109e+04
8.380000000000000000e+02 1.314545000000000073e+04
9.100000000000000000e+02 1.314564999999999964e+04
9.820000000000000000e+02 1.314630000000000109e+04
8.620000000000000000e+02 1.314755000000000109e+04
1.014000000000000000e+03 1.314939999999999964e+04
9.660000000000000000e+02 1.315070000000000073e+04
1.190000000000000000e+03 1.315260000000000036e+04
1.134000000000000000e+03 1.315520000000000073e+04
1.174000000000000000e+03 1.315560000000000036e+04
1.182000000000000000e+03 1.315839999999999964e+04
9.580000000000000000e+02 1.315885000000000036e+04
1.086000000000000000e+03 1.315945000000000073e+04
1.102000000000000000e+03 1.315980000000000109e+04
8.460000000000000000e+02 1.316175000000000000e+04
8.220000000000000000e+02 1.316320000000000073e+04
1.006000000000000000e+03 1.316414999999999964e+04
8.060000000000000000e+02 1.316489999999999964e+04
8.940000000000000000e+02 1.316520000000000073e+04
1.054000000000000000e+03 1.316600000000000000e+04
9.020000000000000000e+02 1.316895000000000073e+04
1.046000000000000000e+03 1.317035000000000036e+04
9.180000000000000000e+02 1.317155000000000109e+04
9.420000000000000000e+02 1.317195000000000073e+04
9.500000000000000000e+02 1.317339999999999964e+04
1.070000000000000000e+03 1.317360000000000036e+04
1.166000000000000000e+03 1.317375000000000000e+04
1.142000000000000000e+03 1.317635000000000036e+04
1.150000000000000000e+03 1.317650000000000000e+04
1.094000000000000000e+03 1.317760000000000036e+04
9.980000000000000000e+02 1.317795000000000073e+04
8.700000000000000000e+02 1.317830000000000109e+04
8.140000000000000000e+02 1.317920000000000073e+04
9.900000000000000000e+02 1.318075000000000000e+04
1.198000000000000000e+03 1.318270000000000073e+04
1.190000000000000000e+03 1.318439999999999964e+04
9.740000000000000000e+02 1.318714999999999964e+04
8.300000000000000000e+02 1.318755000000000109e+04
8.940000000000000000e+02 1.318760000000000036e+04
1.054000000000000000e+03 1.319020000000000073e+04
1.118000000000000000e+03 1.319014999999999964e+04
1.134000000000000000e+03 1.319060000000000036e+04
1.014000000000000000e+03 1.319200000000000000e+04
1.086000000000000000e+03 1.319200000000000000e+04
8.780000000000000000e+02 1.319235000000000036e+04
1.182000000000000000e+03 1.319270000000000073e+04
9.180000000000000000e+02 1.319464999999999964e+04
1.078000000000000000e+03 1.319895000000000073e+04
1.062000000000000000e+03 1.319975000000000000e+04
1.046000000000000000e+03 1.320135000000000036e+04
1.038000000000000000e+03 1.320175000000000000e+04
9.660000000000000000e+02 1.320185000000000036e+04
9.260000000000000000e+02 1.320225000000000000e+04
1.198000000000000000e+03 1.320250000000000000e+04
9.420000000000000000e+02 1.320289999999999964e+04
9.980000000000000000e+02 1.320370000000000073e+04
8.220000000000000000e+02 1.320575000000000000e+04
9.580000000000000000e+02 1.320745000000000073e+04
8.380000000000000000e+02 1.320785000000000036e+04
1.166000000000000000e+03 1.320839999999999964e+04
9.100000000000000000e+02 1.320870000000000073e+04
9.740000000000000000e+02 1.320960000000000036e+04
1.022000000000000000e+03 1.321255000000000109e+04
8.460000000000000000e+02 1.321700000000000000e+04
8.540000000000000000e+02 1.321700000000000000e+04
1.126000000000000000e+03 1.321750000000000000e+04
1.174000000000000000e+03 1.321755000000000109e+04
1.182000000000000000e+03 1.321825000000000000e+04
1.118000000000000000e+03 1.322210000000000036e+04
1.142000000000000000e+03 1.322514999999999964e+04
9.340000000000000000e+02 1.322589999999999964e+04
1.006000000000000000e+03 1.322639999999999964e+04
1.046000000000000000e+03 1.322770000000000073e+04
1.198000000000000000e+03 1.322905000000000109e+04
1.110000000000000000e+03 1.323075000000000000e+04
9.260000000000000000e+02 1.323375000000000000e+04
9.420000000000000000e+02 1.323430000000000109e+04
8.140000000000000000e+02 1.323645000000000073e+04
1.070000000000000000e+03 1.323835000000000036e+04
8.380000000000000000e+02 1.323845000000000073e+04
1.166000000000000000e+03 1.323989999999999964e+04
8.300000000000000000e+02 1.324010000000000036e+04
9.900000000000000000e+02 1.324095000000000073e+04
9.500000000000000000e+02 1.324445000000000073e+04
9.820000000000000000e+02 1.324670000000000073e+04
8.700000000000000000e+02 1.324725000000000000e+04
9.020000000000000000e+02 1.324845000000000073e+04
1.134000000000000000e+03 1.324895000000000073e+04
1.158000000000000000e+03 1.325050000000000000e+04
8.940000000000000000e+02 1.325060000000000036e+04
1.190000000000000000e+03 1.325375000000000000e+04
1.006000000000000000e+03 1.325485000000000036e+04
9.740000000000000000e+02 1.325660000000000036e+04
1.022000000000000000e+03 1.325985000000000036e+04
9.180000000000000000e+02 1.326000000000000000e+04
9.260000000000000000e+02 1.326205000000000109e+04
1.118000000000000000e+03 1.326239999999999964e+04
1.094000000000000000e+03 1.326270000000000073e+04
1.014000000000000000e+03 1.326280000000000109e+04
8.460000000000000000e+02 1.326320000000000073e+04
9.980000000000000000e+02 1.326335000000000036e+04
1.198000000000000000e+03 1.326389999999999964e+04
8.780000000000000000e+02 1.326625000000000000e+04
1.174000000000000000e+03 1.326639999999999964e+04
8.060000000000000000e+02 1.326770000000000073e+04
9.660000000000000000e+02 1.326925000000000000e+04
1.182000000000000000e+03 1.327105000000000109e+04
9.580000000000000000e+02 1.327185000000000036e+04
1.102000000000000000e+03 1.327185000000000036e+04
1.086000000000000000e+03 1.327239999999999964e+04
9.420000000000000000e+02 1.327460000000000036e+04
1.046000000000000000e+03 1.327535000000000036e+04
8.540000000000000000e+02 1.327680000000000109e+04
8.220000000000000000e+02 1.327750000000000000e+04
1.110000000000000000e+03 1.327760000000000036e+04
1.078000000000000000e+03 1.327845000000000073e+04
9.020000000000000000e+02 1.328335000000000036e+04
1.030000000000000000e+03 1.328339999999999964e+04
1.166000000000000000e+03 1.328375000000000000e+04
8.700000000000000000e+02 1.328470000000000073e+04
1.070000000000000000e+03 1.328510000000000036e+04
1.038000000000000000e+03 1.328545000000000073e+04
1.062000000000000000e+03 1.329089999999999964e+04
1.014000000000000000e+03 1.329180000000000109e+04
8.300000000000000000e+02 1.329205000000000109e+04
9.260000000000000000e+02 1.329464999999999964e+04
8.940000000000000000e+02 1.329610000000000036e+04
9.820000000000000000e+02 1.329645000000000073e+04
8.140000000000000000e+02 1.329660000000000036e+04
1.198000000000000000e+03 1.329764999999999964e+04
8.860000000000000000e+02 1.329785000000000036e+04
1.118000000000000000e+03 1.330114999999999964e+04
1.134000000000000000e+03 1.330210000000000036e+04
1.150000000000000000e+03 1.330385000000000036e+04
1.174000000000000000e+03 1.330385000000000036e+04
1.054000000000000000e+03 1.330470000000000073e+04
1.158000000000000000e+03 1.330500000000000000e+04
1.126000000000000000e+03 1.330745000000000073e+04
9.980000000000000000e+02 1.330814999999999964e+04
1.182000000000000000e+03 1.331145000000000073e+04
8.460000000000000000e+02 1.331155000000000109e+04
1.102000000000000000e+03 1.331210000000000036e+04
8.780000000000000000e+02 1.331305000000000109e+04
9.340000000000000000e+02 1.331645000000000073e+04
8.380000000000000000e+02 1.331710000000000036e+04
1.038000000000000000e+03 1.331720000000000073e+04
1.166000000000000000e+03 1.331755000000000109e+04
1.014000000000000000e+03 1.331775000000000000e+04
1.030000000000000000e+03 1.331930000000000109e+04
9.180000000000000000e+02 1.332070000000000073e+04
9.420000000000000000e+02 1.332155000000000109e+04
1.110000000000000000e+03 1.332195000000000073e+04
1.094000000000000000e+03 1.332350000000000000e+04
9.900000000000000000e+02 1.332364999999999964e+04
1.070000000000000000e+03 1.332505000000000109e+04
1.078000000000000000e+03 1.332630000000000109e+04
8.700000000000000000e+02 1.332664999999999964e+04
1.142000000000000000e+03 1.332839999999999964e+04
9.100000000000000000e+02 1.333055000000000109e+04
8.140000000000000000e+02 1.333085000000000036e+04
1.118000000000000000e+03 1.333135000000000036e+04
9.500000000000000000e+02 1.333375000000000000e+04
1.054000000000000000e+03 1.333695000000000073e+04
1.158000000000000000e+03 1.333700000000000000e+04
1.046000000000000000e+03 1.333755000000000109e+04
1.086000000000000000e+03 1.333845000000000073e+04
1.182000000000000000e+03 1.334220000000000073e+04
1.190000000000000000e+03 1.334355000000000109e+04
9.660000000000000000e+02 1.334410000000000036e+04
9.020000000000000000e+02 1.334514999999999964e+04
8.540000000000000000e+02 1.334580000000000109e+04
8.620000000000000000e+02 1.334680000000000109e+04
8.300000000000000000e+02 1.334855000000000109e+04
8.700000000000000000e+02 1.335205000000000109e+04
8.060000000000000000e+02 1.335264999999999964e+04
8.460000000000000000e+02 1.335380000000000109e+04
1.126000000000000000e+03 1.335485000000000036e+04
1.174000000000000000e+03 1.335495000000000073e+04
1.062000000000000000e+03 1.335539999999999964e+04
8.220000000000000000e+02 1.335589999999999964e+04
1.134000000000000000e+03 1.335620000000000073e+04
8.940000000000000000e+02 1.335710000000000036e+04
1.142000000000000000e+03 1.335820000000000073e+04
1.006000000000000000e+03 1.335880000000000109e+04
9.420000000000000000e+02 1.335900000000000000e+04
9.260000000000000000e+02 1.336014999999999964e+04
1.022000000000000000e+03 1.336564999999999964e+04
1.030000000000000000e+03 1.336760000000000036e+04
1.158000000000000000e+03 1.336830000000000109e+04
1.054000000000000000e+03 1.337510000000000036e+04
8.380000000000000000e+02 1.337685000000000036e+04
9.180000000000000000e+02 1.337689999999999964e+04
9.980000000000000000e+02 1.338005000000000109e+04
8.140000000000000000e+02 1.338039999999999964e+04
1.198000000000000000e+03 1.338260000000000036e+04
9.340000000000000000e+02 1.338355000000000109e+04
9.740000000000000000e+02 1.338389999999999964e+04
1.014000000000000000e+03 1.338435000000000036e+04
1.062000000000000000e+03 1.338464999999999964e+04
8.300000000000000000e+02 1.338955000000000109e+04
1.086000000000000000e+03 1.339189999999999964e+04
1.166000000000000000e+03 1.339375000000000000e+04
8.780000000000000000e+02 1.339650000000000000e+04
9.900000000000000000e+02 1.339700000000000000e+04
1.102000000000000000e+03 1.339710000000000036e+04
9.420000000000000000e+02 1.339725000000000000e+04
1.006000000000000000e+03 1.339795000000000073e+04
8.860000000000000000e+02 1.339864999999999964e+04
8.540000000000000000e+02 1.340085000000000036e+04
1.046000000000000000e+03 1.340335000000000036e+04
1.030000000000000000e+03 1.340395000000000073e+04
1.070000000000000000e+03 1.340660000000000036e+04
8.700000000000000000e+02 1.340889999999999964e+04
8.460000000000000000e+02 1.340905000000000109e+04
1.134000000000000000e+03 1.341000000000000000e+04
8.220000000000000000e+02 1.341010000000000036e+04
1.174000000000000000e+03 1.341045000000000073e+04
1.014000000000000000e+03 1.341414999999999964e+04
8.940000000000000000e+02 1.341464999999999964e+04
1.110000000000000000e+03 1.341525000000000000e+04
1.062000000000000000e+03 1.341605000000000109e+04
1.182000000000000000e+03 1.341630000000000109e+04
1.198000000000000000e+03 1.341910000000000036e+04
1.150000000000000000e+03 1.341975000000000000e+04
1.038000000000000000e+03 1.342275000000000000e+04
1.086000000000000000e+03 1.342514999999999964e+04
9.340000000000000000e+02 1.342530000000000109e+04
1.118000000000000000e+03 1.342530000000000109e+04
1.166000000000000000e+03 1.342539999999999964e+04
1.190000000000000000e+03 1.342595000000000073e+04
9.260000000000000000e+02 1.343045000000000073e+04
9.180000000000000000e+02 1.343060000000000036e+04
8.620000000000000000e+02 1.343225000000000000e+04
8.140000000000000000e+02 1.343245000000000073e+04
9.500000000000000000e+02 1.343245000000000073e+04
1.070000000000000000e+03 1.343475000000000000e+04
1.030000000000000000e+03 1.343664999999999964e+04
1.046000000000000000e+03 1.343705000000000109e+04
1.142000000000000000e+03 1.343789999999999964e+04
9.980000000000000000e+02 1.343970000000000073e+04
9.820000000000000000e+02 1.343985000000000036e+04
1.174000000000000000e+03 1.344025000000000000e+04
9.020000000000000000e+02 1.344035000000000036e+04
8.700000000000000000e+02 1.344205000000000109e+04
1.134000000000000000e+03 1.344275000000000000e+04
9.660000000000000000e+02 1.344555000000000109e+04
1.054000000000000000e+03 1.344625000000000000e+04
8.380000000000000000e+02 1.344825000000000000e+04
8.780000000000000000e+02 1.344830000000000109e+04
8.060000000000000000e+02 1.344850000000000000e+04
1.182000000000000000e+03 1.344880000000000109e+04
1.086000000000000000e+03 1.345000000000000000e+04
9.740000000000000000e+02 1.345264999999999964e+04
9.100000000000000000e+02 1.345330000000000109e+04
1.198000000000000000e+03 1.345464999999999964e+04
1.022000000000000000e+03 1.345835000000000036e+04
1.070000000000000000e+03 1.345855000000000109e+04
1.078000000000000000e+03 1.345945000000000073e+04
8.860000000000000000e+02 1.345964999999999964e+04
1.014000000000000000e+03 1.346000000000000000e+04
9.580000000000000000e+02 1.346025000000000000e+04
8.220000000000000000e+02 1.346110000000000036e+04
1.062000000000000000e+03 1.346345000000000073e+04
1.006000000000000000e+03 1.346420000000000073e+04
1.190000000000000000e+03 1.346805000000000109e+04
8.060000000000000000e+02 1.347000000000000000e+04
8.540000000000000000e+02 1.347035000000000036e+04
1.174000000000000000e+03 1.347280000000000109e+04
9.340000000000000000e+02 1.347310000000000036e+04
9.260000000000000000e+02 1.347410000000000036e+04
1.110000000000000000e+03 1.347450000000000000e+04
9.820000000000000000e+02 1.347480000000000109e+04
1.166000000000000000e+03 1.347535000000000036e+04
9.020000000000000000e+02 1.347605000000000109e+04
1.046000000000000000e+03 1.347635000000000036e+04
9.980000000000000000e+02 1.348050000000000000e+04
1.182000000000000000e+03 1.348089999999999964e+04
1.086000000000000000e+03 1.348505000000000109e+04
1.158000000000000000e+03 1.348555000000000109e+04
1.142000000000000000e+03 1.348945000000000073e+04
8.700000000000000000e+02 1.349050000000000000e+04
1.118000000000000000e+03 1.349055000000000109e+04
1.070000000000000000e+03 1.349150000000000000e+04
9.500000000000000000e+02 1.349155000000000109e+04
8.940000000000000000e+02 1.349205000000000109e+04
1.134000000000000000e+03 1.349280000000000109e+04
8.780000000000000000e+02 1.349714999999999964e+04
1.054000000000000000e+03 1.349714999999999964e+04
9.420000000000000000e+02 1.349870000000000073e+04
1.030000000000000000e+03 1.350005000000000109e+04
1.038000000000000000e+03 1.350185000000000036e+04
1.190000000000000000e+03 1.350214999999999964e+04
1.198000000000000000e+03 1.350395000000000073e+04
1.022000000000000000e+03 1.350425000000000000e+04
9.260000000000000000e+02 1.350550000000000000e+04
8.460000000000000000e+02 1.350695000000000073e+04
1.126000000000000000e+03 1.350795000000000073e+04
1.174000000000000000e+03 1.350825000000000000e+04
8.620000000000000000e+02 1.350889999999999964e+04
9.820000000000000000e+02 1.350985000000000036e+04
9.740000000000000000e+02 1.351114999999999964e+04
1.102000000000000000e+03 1.351139999999999964e+04
8.060000000000000000e+02 1.351250000000000000e+04
8.300000000000000000e+02 1.351395000000000073e+04
1.166000000000000000e+03 1.351495000000000073e+04
9.100000000000000000e+02 1.351680000000000109e+04
1.078000000000000000e+03 1.351720000000000073e+04
1.006000000000000000e+03 1.351735000000000036e+04
1.046000000000000000e+03 1.351795000000000073e+04
8.700000000000000000e+02 1.351855000000000109e+04
1.110000000000000000e+03 1.351950000000000000e+04
8.380000000000000000e+02 1.352045000000000073e+04
1.134000000000000000e+03 1.352600000000000000e+04
1.182000000000000000e+03 1.352614999999999964e+04
1.062000000000000000e+03 1.352730000000000109e+04
1.118000000000000000e+03 1.352814999999999964e+04
9.580000000000000000e+02 1.352950000000000000e+04
9.420000000000000000e+02 1.353110000000000036e+04
8.780000000000000000e+02 1.353189999999999964e+04
1.174000000000000000e+03 1.353225000000000000e+04
1.054000000000000000e+03 1.353280000000000109e+04
9.500000000000000000e+02 1.353289999999999964e+04
1.142000000000000000e+03 1.353320000000000073e+04
1.070000000000000000e+03 1.353335000000000036e+04
1.014000000000000000e+03 1.353400000000000000e+04
9.180000000000000000e+02 1.353430000000000109e+04
1.150000000000000000e+03 1.353505000000000109e+04
9.340000000000000000e+02 1.353570000000000073e+04
9.900000000000000000e+02 1.353575000000000000e+04
1.158000000000000000e+03 1.353695000000000073e+04
9.980000000000000000e+02 1.353860000000000036e+04
1.198000000000000000e+03 1.353885000000000036e+04
1.166000000000000000e+03 1.354045000000000073e+04
9.260000000000000000e+02 1.354075000000000000e+04
1.086000000000000000e+03 1.354160000000000036e+04
9.660000000000000000e+02 1.354325000000000000e+04
1.022000000000000000e+03 1.354780000000000109e+04
9.020000000000000000e+02 1.355230000000000109e+04
8.140000000000000000e+02 1.355435000000000036e+04
8.460000000000000000e+02 1.355455000000000109e+04
1.006000000000000000e+03 1.355485000000000036e+04
1.070000000000000000e+03 1.355920000000000073e+04
8.540000000000000000e+02 1.356020000000000073e+04
8.940000000000000000e+02 1.356070000000000073e+04
9.740000000000000000e+02 1.356100000000000000e+04
8.380000000000000000e+02 1.356260000000000036e+04
1.078000000000000000e+03 1.356300000000000000e+04
1.046000000000000000e+03 1.356320000000000073e+04
1.198000000000000000e+03 1.356425000000000000e+04
1.030000000000000000e+03 1.356805000000000109e+04
1.134000000000000000e+03 1.356820000000000073e+04
1.174000000000000000e+03 1.356995000000000073e+04
8.060000000000000000e+02 1.357030000000000109e+04
1.190000000000000000e+03 1.357030000000000109e+04
1.182000000000000000e+03 1.357045000000000073e+04
1.166000000000000000e+03 1.357085000000000036e+04
9.420000000000000000e+02 1.357350000000000000e+04
1.126000000000000000e+03 1.357414999999999964e+04
8.300000000000000000e+02 1.357755000000000109e+04
1.054000000000000000e+03 1.357880000000000109e+04
1.022000000000000000e+03 1.357889999999999964e+04
9.260000000000000000e+02 1.357995000000000073e+04
1.094000000000000000e+03 1.358105000000000109e+04
9.980000000000000000e+02 1.358205000000000109e+04
1.086000000000000000e+03 1.358250000000000000e+04
8.460000000000000000e+02 1.358280000000000109e+04
9.500000000000000000e+02 1.358670000000000073e+04
1.150000000000000000e+03 1.358820000000000073e+04
1.158000000000000000e+03 1.358830000000000109e+04
1.118000000000000000e+03 1.358895000000000073e+04
9.180000000000000000e+02 1.358914999999999964e+04
8.700000000000000000e+02 1.359000000000000000e+04
1.006000000000000000e+03 1.359130000000000109e+04
9.100000000000000000e+02 1.359360000000000036e+04
8.860000000000000000e+02 1.359485000000000036e+04
1.174000000000000000e+03 1.359645000000000073e+04
8.780000000000000000e+02 1.360050000000000000e+04
9.900000000000000000e+02 1.360100000000000000e+04
1.110000000000000000e+03 1.360145000000000073e+04
8.220000000000000000e+02 1.360205000000000109e+04
8.940000000000000000e+02 1.360255000000000109e+04
1.134000000000000000e+03 1.360435000000000036e+04
1.046000000000000000e+03 1.360580000000000109e+04
1.038000000000000000e+03 1.360700000000000000e+04
9.420000000000000000e+02 1.360800000000000000e+04
1.198000000000000000e+03 1.360910000000000036e+04
8.380000000000000000e+02 1.360935000000000036e+04
9.660000000000000000e+02 1.361010000000000036e+04
1.078000000000000000e+03 1.361245000000000073e+04
1.086000000000000000e+03 1.361435000000000036e+04
1.030000000000000000e+03 1.361489999999999964e+04
9.820000000000000000e+02 1.361514999999999964e+04
1.142000000000000000e+03 1.361539999999999964e+04
1.014000000000000000e+03 1.361739999999999964e+04
9.740000000000000000e+02 1.361839999999999964e+04
8.140000000000000000e+02 1.362105000000000109e+04
1.022000000000000000e+03 1.362230000000000109e+04
8.460000000000000000e+02 1.362335000000000036e+04
1.070000000000000000e+03 1.362460000000000036e+04
1.110000000000000000e+03 1.362745000000000073e+04
9.260000000000000000e+02 1.363105000000000109e+04
9.340000000000000000e+02 1.363155000000000109e+04
9.980000000000000000e+02 1.363180000000000109e+04
8.540000000000000000e+02 1.363195000000000073e+04
1.150000000000000000e+03 1.363200000000000000e+04
1.118000000000000000e+03 1.363205000000000109e+04
9.500000000000000000e+02 1.363250000000000000e+04
1.174000000000000000e+03 1.363250000000000000e+04
1.182000000000000000e+03 1.363810000000000036e+04
9.180000000000000000e+02 1.363970000000000073e+04
9.580000000000000000e+02 1.364060000000000036e+04
8.700000000000000000e+02 1.364070000000000073e+04
1.102000000000000000e+03 1.364200000000000000e+04
8.060000000000000000e+02 1.364575000000000000e+04
1.006000000000000000e+03 1.364589999999999964e+04
8.780000000000000000e+02 1.364610000000000036e+04
1.158000000000000000e+03 1.364670000000000073e+04
9.420000000000000000e+02 1.364725000000000000e+04
8.220000000000000000e+02 1.364800000000000000e+04
1.198000000000000000e+03 1.364855000000000109e+04
1.078000000000000000e+03 1.364895000000000073e+04
1.134000000000000000e+03 1.364914999999999964e+04
1.046000000000000000e+03 1.364945000000000073e+04
8.620000000000000000e+02 1.365220000000000073e+04
8.140000000000000000e+02 1.365289999999999964e+04
1.070000000000000000e+03 1.365360000000000036e+04
1.142000000000000000e+03 1.365435000000000036e+04
1.030000000000000000e+03 1.365510000000000036e+04
8.460000000000000000e+02 1.365545000000000073e+04
8.380000000000000000e+02 1.365589999999999964e+04
9.100000000000000000e+02 1.365630000000000109e+04
1.166000000000000000e+03 1.365850000000000000e+04
8.300000000000000000e+02 1.365855000000000109e+04
9.020000000000000000e+02 1.365910000000000036e+04
1.174000000000000000e+03 1.365989999999999964e+04
1.118000000000000000e+03 1.366245000000000073e+04
1.054000000000000000e+03 1.366350000000000000e+04
9.500000000000000000e+02 1.366405000000000109e+04
9.740000000000000000e+02 1.366470000000000073e+04
1.086000000000000000e+03 1.366485000000000036e+04
8.940000000000000000e+02 1.366989999999999964e+04
1.014000000000000000e+03 1.367100000000000000e+04
8.540000000000000000e+02 1.367120000000000073e+04
9.660000000000000000e+02 1.367114999999999964e+04
1.070000000000000000e+03 1.367545000000000073e+04
9.580000000000000000e+02 1.367595000000000073e+04
8.140000000000000000e+02 1.367620000000000073e+04
9.900000000000000000e+02 1.367745000000000073e+04
1.158000000000000000e+03 1.367750000000000000e+04
1.126000000000000000e+03 1.367755000000000109e+04
1.102000000000000000e+03 1.367839999999999964e+04
1.078000000000000000e+03 1.368275000000000000e+04
8.060000000000000000e+02 1.368345000000000073e+04
1.134000000000000000e+03 1.368350000000000000e+04
1.046000000000000000e+03 1.368460000000000036e+04
9.020000000000000000e+02 1.368505000000000109e+04
9.260000000000000000e+02 1.368585000000000036e+04
8.780000000000000000e+02 1.368639999999999964e+04
1.062000000000000000e+03 1.368700000000000000e+04
8.380000000000000000e+02 1.368735000000000036e+04
1.110000000000000000e+03 1.368805000000000109e+04
1.198000000000000000e+03 1.368860000000000036e+04
8.940000000000000000e+02 1.368895000000000073e+04
1.086000000000000000e+03 1.368914999999999964e+04
9.340000000000000000e+02 1.368945000000000073e+04
8.300000000000000000e+02 1.369014999999999964e+04
1.094000000000000000e+03 1.369139999999999964e+04
9.180000000000000000e+02 1.369170000000000073e+04
1.006000000000000000e+03 1.369360000000000036e+04
1.190000000000000000e+03 1.369364999999999964e+04
9.420000000000000000e+02 1.369485000000000036e+04
1.022000000000000000e+03 1.369545000000000073e+04
8.620000000000000000e+02 1.369814999999999964e+04
1.174000000000000000e+03 1.369925000000000000e+04
1.182000000000000000e+03 1.369935000000000036e+04
8.460000000000000000e+02 1.369975000000000000e+04
1.054000000000000000e+03 1.370030000000000109e+04
9.500000000000000000e+02 1.370060000000000036e+04
1.166000000000000000e+03 1.370160000000000036e+04
9.100000000000000000e+02 1.370530000000000109e+04
8.860000000000000000e+02 1.370560000000000036e+04
1.158000000000000000e+03 1.370585000000000036e+04
1.014000000000000000e+03 1.370655000000000109e+04
1.086000000000000000e+03 1.371455000000000109e+04
1.110000000000000000e+03 1.371620000000000073e+04
1.102000000000000000e+03 1.371650000000000000e+04
8.060000000000000000e+02 1.371675000000000000e+04
8.380000000000000000e+02 1.371680000000000109e+04
8.700000000000000000e+02 1.371700000000000000e+04
8.780000000000000000e+02 1.371795000000000073e+04
1.070000000000000000e+03 1.371945000000000073e+04
1.182000000000000000e+03 1.372245000000000073e+04
9.660000000000000000e+02 1.372255000000000109e+04
1.046000000000000000e+03 1.372395000000000073e+04
8.220000000000000000e+02 1.372414999999999964e+04
1.126000000000000000e+03 1.372414999999999964e+04
9.420000000000000000e+02 1.372439999999999964e+04
8.940000000000000000e+02 1.372550000000000000e+04
9.260000000000000000e+02 1.372580000000000109e+04
9.980000000000000000e+02 1.373080000000000109e+04
1.022000000000000000e+03 1.373175000000000000e+04
1.006000000000000000e+03 1.373189999999999964e+04
9.820000000000000000e+02 1.373245000000000073e+04
1.166000000000000000e+03 1.373245000000000073e+04
1.174000000000000000e+03 1.373245000000000073e+04
1.150000000000000000e+03 1.373270000000000073e+04
1.198000000000000000e+03 1.373375000000000000e+04
8.300000000000000000e+02 1.373435000000000036e+04
9.180000000000000000e+02 1.373850000000000000e+04
9.740000000000000000e+02 1.373905000000000109e+04
1.134000000000000000e+03 1.373920000000000073e+04
9.020000000000000000e+02 1.373975000000000000e+04
8.540000000000000000e+02 1.374020000000000073e+04
1.078000000000000000e+03 1.374039999999999964e+04
9.900000000000000000e+02 1.374170000000000073e+04
1.062000000000000000e+03 1.374264999999999964e+04
8.460000000000000000e+02 1.374660000000000036e+04
9.100000000000000000e+02 1.374664999999999964e+04
8.780000000000000000e+02 1.375039999999999964e+04
9.420000000000000000e+02 1.375555000000000109e+04
1.118000000000000000e+03 1.375670000000000073e+04
9.260000000000000000e+02 1.375760000000000036e+04
9.340000000000000000e+02 1.375775000000000000e+04
1.030000000000000000e+03 1.375780000000000109e+04
1.038000000000000000e+03 1.375889999999999964e+04
8.700000000000000000e+02 1.375914999999999964e+04
1.142000000000000000e+03 1.375960000000000036e+04
1.174000000000000000e+03 1.375995000000000073e+04
1.046000000000000000e+03 1.376039999999999964e+04
1.070000000000000000e+03 1.376605000000000109e+04
1.022000000000000000e+03 1.376685000000000036e+04
9.660000000000000000e+02 1.376710000000000036e+04
1.110000000000000000e+03 1.376870000000000073e+04
8.380000000000000000e+02 1.376889999999999964e+04
8.140000000000000000e+02 1.376935000000000036e+04
1.086000000000000000e+03 1.376935000000000036e+04
8.940000000000000000e+02 1.377070000000000073e+04
8.860000000000000000e+02 1.377080000000000109e+04
1.190000000000000000e+03 1.377089999999999964e+04
8.300000000000000000e+02 1.377175000000000000e+04
1.150000000000000000e+03 1.377389999999999964e+04
9.420000000000000000e+02 1.377550000000000000e+04
1.134000000000000000e+03 1.377750000000000000e+04
9.180000000000000000e+02 1.377795000000000073e+04
8.220000000000000000e+02 1.377945000000000073e+04
9.500000000000000000e+02 1.378064999999999964e+04
9.980000000000000000e+02 1.378220000000000073e+04
1.166000000000000000e+03 1.378270000000000073e+04
1.198000000000000000e+03 1.378360000000000036e+04
1.094000000000000000e+03 1.378550000000000000e+04
1.182000000000000000e+03 1.378630000000000109e+04
9.740000000000000000e+02 1.378685000000000036e+04
1.078000000000000000e+03 1.378920000000000073e+04
9.020000000000000000e+02 1.378945000000000073e+04
9.900000000000000000e+02 1.379210000000000036e+04
9.820000000000000000e+02 1.379230000000000109e+04
1.030000000000000000e+03 1.379305000000000109e+04
1.054000000000000000e+03 1.379314999999999964e+04
8.140000000000000000e+02 1.379730000000000109e+04
1.158000000000000000e+03 1.379814999999999964e+04
1.014000000000000000e+03 1.379850000000000000e+04
1.118000000000000000e+03 1.379900000000000000e+04
1.174000000000000000e+03 1.379939999999999964e+04
1.102000000000000000e+03 1.379945000000000073e+04
8.300000000000000000e+02 1.379955000000000109e+04
8.460000000000000000e+02 1.379980000000000109e+04
9.420000000000000000e+02 1.380420000000000073e+04
9.100000000000000000e+02 1.380525000000000000e+04
9.980000000000000000e+02 1.380664999999999964e+04
1.150000000000000000e+03 1.380939999999999964e+04
8.700000000000000000e+02 1.380980000000000109e+04
9.340000000000000000e+02 1.381020000000000073e+04
9.260000000000000000e+02 1.381125000000000000e+04
8.940000000000000000e+02 1.381160000000000036e+04
9.660000000000000000e+02 1.381155000000000109e+04
1.198000000000000000e+03 1.381180000000000109e+04
8.540000000000000000e+02 1.381250000000000000e+04
1.086000000000000000e+03 1.381320000000000073e+04
8.380000000000000000e+02 1.381470000000000073e+04
1.006000000000000000e+03 1.381725000000000000e+04
1.022000000000000000e+03 1.381760000000000036e+04
1.126000000000000000e+03 1.381760000000000036e+04
9.500000000000000000e+02 1.381789999999999964e+04
1.046000000000000000e+03 1.381855000000000109e+04
1.142000000000000000e+03 1.381985000000000036e+04
8.780000000000000000e+02 1.382360000000000036e+04
1.174000000000000000e+03 1.382560000000000036e+04
1.038000000000000000e+03 1.382610000000000036e+04
1.134000000000000000e+03 1.382650000000000000e+04
1.166000000000000000e+03 1.382705000000000109e+04
9.260000000000000000e+02 1.383035000000000036e+04
1.054000000000000000e+03 1.383120000000000073e+04
1.070000000000000000e+03 1.383255000000000109e+04
1.198000000000000000e+03 1.383295000000000073e+04
9.100000000000000000e+02 1.383395000000000073e+04
8.060000000000000000e+02 1.383575000000000000e+04
8.300000000000000000e+02 1.383705000000000109e+04
9.740000000000000000e+02 1.383789999999999964e+04
9.820000000000000000e+02 1.383914999999999964e+04
1.190000000000000000e+03 1.383950000000000000e+04
8.220000000000000000e+02 1.384280000000000109e+04
1.030000000000000000e+03 1.384325000000000000e+04
1.086000000000000000e+03 1.384364999999999964e+04
9.660000000000000000e+02 1.384575000000000000e+04
1.174000000000000000e+03 1.384764999999999964e+04
9.420000000000000000e+02 1.384875000000000000e+04
9.980000000000000000e+02 1.384985000000000036e+04
1.054000000000000000e+03 1.385060000000000036e+04
1.046000000000000000e+03 1.385070000000000073e+04
1.134000000000000000e+03 1.385095000000000073e+04
1.102000000000000000e+03 1.385120000000000073e+04
1.118000000000000000e+03 1.385160000000000036e+04
1.142000000000000000e+03 1.385664999999999964e+04
9.900000000000000000e+02 1.385680000000000109e+04
1.150000000000000000e+03 1.385710000000000036e+04
1.062000000000000000e+03 1.385755000000000109e+04
1.110000000000000000e+03 1.385805000000000109e+04
8.300000000000000000e+02 1.385814999999999964e+04
1.158000000000000000e+03 1.385980000000000109e+04
1.182000000000000000e+03 1.386075000000000000e+04
1.198000000000000000e+03 1.386280000000000109e+04
8.700000000000000000e+02 1.386320000000000073e+04
1.078000000000000000e+03 1.386489999999999964e+04
8.380000000000000000e+02 1.386720000000000073e+04
8.140000000000000000e+02 1.386825000000000000e+04
9.260000000000000000e+02 1.387100000000000000e+04
1.086000000000000000e+03 1.387150000000000000e+04
8.220000000000000000e+02 1.387210000000000036e+04
1.166000000000000000e+03 1.387360000000000036e+04
8.780000000000000000e+02 1.387485000000000036e+04
9.740000000000000000e+02 1.387610000000000036e+04
8.940000000000000000e+02 1.387805000000000109e+04
9.580000000000000000e+02 1.387850000000000000e+04
9.660000000000000000e+02 1.387895000000000073e+04
8.460000000000000000e+02 1.388055000000000109e+04
1.094000000000000000e+03 1.388160000000000036e+04
1.190000000000000000e+03 1.388160000000000036e+04
8.300000000000000000e+02 1.388185000000000036e+04
1.070000000000000000e+03 1.388189999999999964e+04
1.174000000000000000e+03 1.388185000000000036e+04
9.020000000000000000e+02 1.388260000000000036e+04
1.006000000000000000e+03 1.388420000000000073e+04
9.100000000000000000e+02 1.388845000000000073e+04
1.134000000000000000e+03 1.388855000000000109e+04
1.022000000000000000e+03 1.388955000000000109e+04
1.046000000000000000e+03 1.388975000000000000e+04
1.110000000000000000e+03 1.389235000000000036e+04
1.142000000000000000e+03 1.389630000000000109e+04
8.620000000000000000e+02 1.389705000000000109e+04
9.420000000000000000e+02 1.389875000000000000e+04
1.198000000000000000e+03 1.390035000000000036e+04
9.980000000000000000e+02 1.390175000000000000e+04
1.014000000000000000e+03 1.390210000000000036e+04
1.102000000000000000e+03 1.390580000000000109e+04
1.086000000000000000e+03 1.390589999999999964e+04
8.060000000000000000e+02 1.390680000000000109e+04
9.820000000000000000e+02 1.390850000000000000e+04
9.500000000000000000e+02 1.390885000000000036e+04
1.174000000000000000e+03 1.391214999999999964e+04
1.054000000000000000e+03 1.391430000000000109e+04
8.860000000000000000e+02 1.391495000000000073e+04
1.166000000000000000e+03 1.391575000000000000e+04
1.190000000000000000e+03 1.391635000000000036e+04
1.134000000000000000e+03 1.391645000000000073e+04
8.460000000000000000e+02 1.391689999999999964e+04
9.660000000000000000e+02 1.391700000000000000e+04
9.740000000000000000e+02 1.391720000000000073e+04
1.006000000000000000e+03 1.391939999999999964e+04
1.062000000000000000e+03 1.391960000000000036e+04
8.940000000000000000e+02 1.392020000000000073e+04
8.220000000000000000e+02 1.392045000000000073e+04
9.900000000000000000e+02 1.392100000000000000e+04
8.540000000000000000e+02 1.392320000000000073e+04
1.198000000000000000e+03 1.392405000000000109e+04
8.780000000000000000e+02 1.392455000000000109e+04
1.070000000000000000e+03 1.392535000000000036e+04
9.260000000000000000e+02 1.392650000000000000e+04
8.700000000000000000e+02 1.392710000000000036e+04
8.140000000000000000e+02 1.392714999999999964e+04
8.300000000000000000e+02 1.392750000000000000e+04
8.380000000000000000e+02 1.392810000000000036e+04
1.182000000000000000e+03 1.392810000000000036e+04
9.420000000000000000e+02 1.393330000000000109e+04
1.046000000000000000e+03 1.393345000000000073e+04
9.180000000000000000e+02 1.393380000000000109e+04
1.126000000000000000e+03 1.393405000000000109e+04
9.020000000000000000e+02 1.393435000000000036e+04
9.980000000000000000e+02 1.393489999999999964e+04
9.340000000000000000e+02 1.393930000000000109e+04
1.166000000000000000e+03 1.394025000000000000e+04
9.100000000000000000e+02 1.394105000000000109e+04
1.030000000000000000e+03 1.394205000000000109e+04
8.620000000000000000e+02 1.394495000000000073e+04
8.940000000000000000e+02 1.394600000000000000e+04
1.174000000000000000e+03 1.394614999999999964e+04
1.110000000000000000e+03 1.394630000000000109e+04
8.060000000000000000e+02 1.394745000000000073e+04
1.086000000000000000e+03 1.394750000000000000e+04
9.660000000000000000e+02 1.394864999999999964e+04
9.580000000000000000e+02 1.395300000000000000e+04
1.014000000000000000e+03 1.395389999999999964e+04
1.054000000000000000e+03 1.395389999999999964e+04
9.740000000000000000e+02 1.395450000000000000e+04
8.460000000000000000e+02 1.395464999999999964e+04
1.150000000000000000e+03 1.395655000000000109e+04
1.198000000000000000e+03 1.395660000000000036e+04
9.260000000000000000e+02 1.395989999999999964e+04
1.142000000000000000e+03 1.396014999999999964e+04
8.780000000000000000e+02 1.396025000000000000e+04
1.094000000000000000e+03 1.396164999999999964e+04
9.500000000000000000e+02 1.396175000000000000e+04
8.380000000000000000e+02 1.396189999999999964e+04
1.070000000000000000e+03 1.396210000000000036e+04
9.820000000000000000e+02 1.396255000000000109e+04
9.900000000000000000e+02 1.396280000000000109e+04
8.140000000000000000e+02 1.396745000000000073e+04
1.174000000000000000e+03 1.396885000000000036e+04
1.006000000000000000e+03 1.396975000000000000e+04
1.182000000000000000e+03 1.396975000000000000e+04
1.118000000000000000e+03 1.397020000000000073e+04
1.166000000000000000e+03 1.397035000000000036e+04
1.086000000000000000e+03 1.397055000000000109e+04
1.062000000000000000e+03 1.397320000000000073e+04
1.102000000000000000e+03 1.397464999999999964e+04
8.540000000000000000e+02 1.397575000000000000e+04
8.300000000000000000e+02 1.397675000000000000e+04
1.046000000000000000e+03 1.397705000000000109e+04
9.740000000000000000e+02 1.397785000000000036e+04
1.038000000000000000e+03 1.397864999999999964e+04
1.134000000000000000e+03 1.398060000000000036e+04
1.158000000000000000e+03 1.398055000000000109e+04
9.980000000000000000e+02 1.398080000000000109e+04
9.340000000000000000e+02 1.398139999999999964e+04
9.100000000000000000e+02 1.398155000000000109e+04
8.700000000000000000e+02 1.398189999999999964e+04
9.420000000000000000e+02 1.398455000000000109e+04
8.860000000000000000e+02 1.399025000000000000e+04
1.198000000000000000e+03 1.399025000000000000e+04
8.940000000000000000e+02 1.399145000000000073e+04
9.020000000000000000e+02 1.399175000000000000e+04
9.660000000000000000e+02 1.399239999999999964e+04
1.022000000000000000e+03 1.399285000000000036e+04
1.150000000000000000e+03 1.399635000000000036e+04
1.110000000000000000e+03 1.399795000000000073e+04
1.070000000000000000e+03 1.399955000000000109e+04
1.014000000000000000e+03 1.400075000000000000e+04
9.260000000000000000e+02 1.401145000000000073e+04
8.700000000000000000e+02 1.403885000000000036e+04
1.086000000000000000e+03 1.405020000000000073e+04
8.860000000000000000e+02 1.408485000000000036e+04
1.006000000000000000e+03 1.408935000000000036e+04
9.420000000000000000e+02 1.409160000000000036e+04
1.198000000000000000e+03 1.409510000000000036e+04
8.460000000000000000e+02 1.411139999999999964e+04
9.820000000000000000e+02 1.416210000000000036e+04
9.740000000000000000e+02 1.425539999999999964e+04
8.220000000000000000e+02 1.427514999999999964e+04
1.182000000000000000e+03 1.427514999999999964e+04
1.014000000000000000e+03 1.436025000000000000e+04
1.174000000000000000e+03 1.437810000000000036e+04
1.054000000000000000e+03 1.438620000000000073e+04
1.174000000000000000e+03 1.448120000000000073e+04
9.020000000000000000e+02 1.449995000000000073e+04
1.046000000000000000e+03 1.452095000000000073e+04
9.660000000000000000e+02 1.453605000000000109e+04
8.380000000000000000e+02 1.464139999999999964e+04
1.030000000000000000e+03 1.475150000000000000e+04
1.070000000000000000e+03 1.481385000000000036e+04
1.182000000000000000e+03 1.486739999999999964e+04
1.070000000000000000e+03 1.490105000000000109e+04
1.046000000000000000e+03 1.496950000000000000e+04
8.950000000000000000e+02 1.010499999999999972e+02
1.087000000000000000e+03 2.784000000000000341e+02
9.830000000000000000e+02 3.246500000000000341e+02
8.550000000000000000e+02 3.954000000000000341e+02
1.143000000000000000e+03 5.111500000000000341e+02
9.910000000000000000e+02 5.250000000000000000e+02
1.039000000000000000e+03 5.492000000000000455e+02
9.190000000000000000e+02 5.766000000000000227e+02
1.047000000000000000e+03 5.953500000000000227e+02
8.070000000000000000e+02 6.178000000000000682e+02
8.950000000000000000e+02 6.534500000000000455e+02
1.167000000000000000e+03 6.615500000000000682e+02
8.390000000000000000e+02 7.125500000000000682e+02
1.127000000000000000e+03 7.395000000000000000e+02
8.150000000000000000e+02 8.388999999999999773e+02
1.071000000000000000e+03 8.756000000000000227e+02
8.390000000000000000e+02 9.629500000000000455e+02
9.350000000000000000e+02 9.900000000000000000e+02
1.079000000000000000e+03 1.065450000000000045e+03
1.087000000000000000e+03 1.114900000000000091e+03
9.990000000000000000e+02 1.149000000000000000e+03
9.430000000000000000e+02 1.149700000000000045e+03
1.039000000000000000e+03 1.151400000000000091e+03
8.390000000000000000e+02 1.199650000000000091e+03
1.039000000000000000e+03 1.224250000000000000e+03
1.015000000000000000e+03 1.243900000000000091e+03
9.190000000000000000e+02 1.247200000000000045e+03
8.310000000000000000e+02 1.277750000000000000e+03
8.870000000000000000e+02 1.312500000000000000e+03
8.630000000000000000e+02 1.321049999999999955e+03
1.095000000000000000e+03 1.350950000000000045e+03
8.070000000000000000e+02 1.486650000000000091e+03
1.095000000000000000e+03 1.521350000000000136e+03
8.710000000000000000e+02 1.556150000000000091e+03
8.230000000000000000e+02 1.578650000000000091e+03
9.190000000000000000e+02 1.689000000000000000e+03
8.470000000000000000e+02 1.718100000000000136e+03
1.063000000000000000e+03 1.852850000000000136e+03
8.470000000000000000e+02 1.871600000000000136e+03
8.550000000000000000e+02 1.893200000000000045e+03
1.175000000000000000e+03 1.902250000000000000e+03
1.151000000000000000e+03 1.957250000000000000e+03
1.127000000000000000e+03 1.962150000000000091e+03
8.230000000000000000e+02 2.035950000000000045e+03
9.510000000000000000e+02 2.153050000000000182e+03
1.191000000000000000e+03 2.166650000000000091e+03
8.390000000000000000e+02 2.172849999999999909e+03
1.055000000000000000e+03 2.208150000000000091e+03
1.079000000000000000e+03 2.260900000000000091e+03
1.047000000000000000e+03 2.282500000000000000e+03
9.910000000000000000e+02 2.300599999999999909e+03
8.870000000000000000e+02 2.329800000000000182e+03
1.119000000000000000e+03 2.363450000000000273e+03
8.790000000000000000e+02 2.381700000000000273e+03
1.007000000000000000e+03 2.403300000000000182e+03
1.111000000000000000e+03 2.418150000000000091e+03
8.070000000000000000e+02 2.419349999999999909e+03
8.470000000000000000e+02 2.458250000000000000e+03
1.167000000000000000e+03 2.474950000000000273e+03
1.135000000000000000e+03 2.635900000000000091e+03
1.055000000000000000e+03 2.646900000000000091e+03
1.055000000000000000e+03 2.725550000000000182e+03
1.119000000000000000e+03 2.887099999999999909e+03
1.127000000000000000e+03 2.904300000000000182e+03
1.191000000000000000e+03 2.914950000000000273e+03
8.390000000000000000e+02 2.942500000000000000e+03
1.079000000000000000e+03 2.976150000000000091e+03
1.095000000000000000e+03 2.994300000000000182e+03
1.079000000000000000e+03 6.069750000000000000e+03
9.910000000000000000e+02 6.099699999999999818e+03
1.119000000000000000e+03 6.112600000000000364e+03
1.079000000000000000e+03 6.186199999999999818e+03
8.230000000000000000e+02 6.211500000000000000e+03
9.590000000000000000e+02 6.215050000000000182e+03
1.143000000000000000e+03 6.246350000000000364e+03
1.159000000000000000e+03 6.290400000000000546e+03
8.150000000000000000e+02 6.302900000000000546e+03
1.071000000000000000e+03 6.451000000000000000e+03
8.630000000000000000e+02 6.463800000000000182e+03
8.950000000000000000e+02 6.487699999999999818e+03
1.199000000000000000e+03 6.572300000000000182e+03
8.630000000000000000e+02 6.597650000000000546e+03
1.095000000000000000e+03 6.599400000000000546e+03
9.590000000000000000e+02 6.614949999999999818e+03
1.007000000000000000e+03 6.829300000000000182e+03
8.390000000000000000e+02 6.836150000000000546e+03
1.143000000000000000e+03 6.837850000000000364e+03
1.039000000000000000e+03 6.914150000000000546e+03
1.119000000000000000e+03 6.935949999999999818e+03
9.430000000000000000e+02 6.994650000000000546e+03
9.190000000000000000e+02 1.013285000000000036e+04
8.150000000000000000e+02 1.014570000000000073e+04
1.047000000000000000e+03 1.015980000000000109e+04
9.750000000000000000e+02 1.020889999999999964e+04
1.199000000000000000e+03 1.023089999999999964e+04
1.015000000000000000e+03 1.026130000000000109e+04
1.167000000000000000e+03 1.029160000000000036e+04
1.047000000000000000e+03 1.039105000000000109e+04
1.135000000000000000e+03 1.044014999999999964e+04
9.030000000000000000e+02 1.048430000000000109e+04
8.470000000000000000e+02 1.053310000000000036e+04
8.790000000000000000e+02 1.062000000000000000e+04
9.750000000000000000e+02 1.066670000000000073e+04
1.183000000000000000e+03 1.089775000000000000e+04
9.430000000000000000e+02 1.092750000000000000e+04
9.590000000000000000e+02 1.093580000000000109e+04
1.055000000000000000e+03 1.095025000000000000e+04
1.191000000000000000e+03 1.096810000000000036e+04
1.175000000000000000e+03 1.100335000000000036e+04
1.143000000000000000e+03 1.100464999999999964e+04
9.270000000000000000e+02 1.100564999999999964e+04
1.031000000000000000e+03 1.100585000000000036e+04
8.950000000000000000e+02 1.101000000000000000e+04
8.470000000000000000e+02 1.101045000000000073e+04
9.910000000000000000e+02 1.101055000000000109e+04
1.095000000000000000e+03 1.101255000000000109e+04
1.103000000000000000e+03 1.101355000000000109e+04
1.135000000000000000e+03 1.101380000000000109e+04
8.550000000000000000e+02 1.101625000000000000e+04
1.079000000000000000e+03 1.101675000000000000e+04
9.430000000000000000e+02 1.101835000000000036e+04
1.071000000000000000e+03 1.102050000000000000e+04
1.127000000000000000e+03 1.102095000000000073e+04
1.111000000000000000e+03 1.102220000000000073e+04
8.710000000000000000e+02 1.102314999999999964e+04
9.990000000000000000e+02 1.103010000000000036e+04
8.150000000000000000e+02 1.103075000000000000e+04
1.023000000000000000e+03 1.103245000000000073e+04
1.055000000000000000e+03 1.103364999999999964e+04
8.630000000000000000e+02 1.104060000000000036e+04
1.151000000000000000e+03 1.104080000000000109e+04
8.070000000000000000e+02 1.104114999999999964e+04
9.190000000000000000e+02 1.104210000000000036e+04
8.390000000000000000e+02 1.104595000000000073e+04
1.199000000000000000e+03 1.104880000000000109e+04
9.590000000000000000e+02 1.105105000000000109e+04
9.510000000000000000e+02 1.105180000000000109e+04
1.087000000000000000e+03 1.105630000000000109e+04
1.103000000000000000e+03 1.105850000000000000e+04
8.550000000000000000e+02 1.105855000000000109e+04
1.015000000000000000e+03 1.106000000000000000e+04
9.030000000000000000e+02 1.106235000000000036e+04
9.350000000000000000e+02 1.106575000000000000e+04
1.119000000000000000e+03 1.106605000000000109e+04
1.191000000000000000e+03 1.106730000000000109e+04
1.167000000000000000e+03 1.106930000000000109e+04
1.135000000000000000e+03 1.106964999999999964e+04
9.670000000000000000e+02 1.106995000000000073e+04
1.063000000000000000e+03 1.107055000000000109e+04
8.790000000000000000e+02 1.107360000000000036e+04
1.079000000000000000e+03 1.107385000000000036e+04
9.990000000000000000e+02 1.107414999999999964e+04
8.870000000000000000e+02 1.107425000000000000e+04
1.199000000000000000e+03 1.107460000000000036e+04
1.175000000000000000e+03 1.107564999999999964e+04
1.039000000000000000e+03 1.108660000000000036e+04
8.150000000000000000e+02 1.108664999999999964e+04
1.151000000000000000e+03 1.108695000000000073e+04
1.111000000000000000e+03 1.108875000000000000e+04
8.470000000000000000e+02 1.108920000000000073e+04
1.055000000000000000e+03 1.109130000000000109e+04
8.070000000000000000e+02 1.109230000000000109e+04
1.095000000000000000e+03 1.109270000000000073e+04
8.310000000000000000e+02 1.109335000000000036e+04
9.110000000000000000e+02 1.109420000000000073e+04
8.230000000000000000e+02 1.109655000000000109e+04
9.510000000000000000e+02 1.109795000000000073e+04
1.031000000000000000e+03 1.109920000000000073e+04
1.135000000000000000e+03 1.110285000000000036e+04
1.047000000000000000e+03 1.110389999999999964e+04
1.143000000000000000e+03 1.110405000000000109e+04
9.190000000000000000e+02 1.110460000000000036e+04
8.710000000000000000e+02 1.110710000000000036e+04
8.550000000000000000e+02 1.110780000000000109e+04
1.071000000000000000e+03 1.110860000000000036e+04
1.167000000000000000e+03 1.111045000000000073e+04
1.023000000000000000e+03 1.111370000000000073e+04
1.199000000000000000e+03 1.111489999999999964e+04
1.079000000000000000e+03 1.111580000000000109e+04
1.063000000000000000e+03 1.112020000000000073e+04
8.950000000000000000e+02 1.112270000000000073e+04
9.030000000000000000e+02 1.112320000000000073e+04
8.630000000000000000e+02 1.112330000000000109e+04
9.990000000000000000e+02 1.112360000000000036e+04
1.119000000000000000e+03 1.112380000000000109e+04
1.095000000000000000e+03 1.112500000000000000e+04
8.310000000000000000e+02 1.113014999999999964e+04
9.350000000000000000e+02 1.113055000000000109e+04
1.047000000000000000e+03 1.113380000000000109e+04
1.151000000000000000e+03 1.113385000000000036e+04
1.183000000000000000e+03 1.113520000000000073e+04
1.055000000000000000e+03 1.113580000000000109e+04
8.150000000000000000e+02 1.113685000000000036e+04
1.015000000000000000e+03 1.113820000000000073e+04
9.830000000000000000e+02 1.113860000000000036e+04
9.670000000000000000e+02 1.113905000000000109e+04
9.750000000000000000e+02 1.113975000000000000e+04
8.230000000000000000e+02 1.114100000000000000e+04
1.007000000000000000e+03 1.114210000000000036e+04
8.070000000000000000e+02 1.114314999999999964e+04
8.870000000000000000e+02 1.114595000000000073e+04
9.590000000000000000e+02 1.114855000000000109e+04
1.031000000000000000e+03 1.114955000000000109e+04
1.135000000000000000e+03 1.114975000000000000e+04
8.550000000000000000e+02 1.115055000000000109e+04
9.430000000000000000e+02 1.115055000000000109e+04
1.039000000000000000e+03 1.115080000000000109e+04
1.079000000000000000e+03 1.116035000000000036e+04
1.191000000000000000e+03 1.116585000000000036e+04
1.087000000000000000e+03 1.116730000000000109e+04
1.015000000000000000e+03 1.117314999999999964e+04
8.070000000000000000e+02 1.117395000000000073e+04
1.151000000000000000e+03 1.117414999999999964e+04
1.175000000000000000e+03 1.117495000000000073e+04
1.143000000000000000e+03 1.117505000000000109e+04
9.990000000000000000e+02 1.117539999999999964e+04
1.199000000000000000e+03 1.117630000000000109e+04
9.350000000000000000e+02 1.118064999999999964e+04
1.071000000000000000e+03 1.118135000000000036e+04
9.590000000000000000e+02 1.118270000000000073e+04
1.119000000000000000e+03 1.118445000000000073e+04
1.167000000000000000e+03 1.118645000000000073e+04
9.190000000000000000e+02 1.118835000000000036e+04
8.870000000000000000e+02 1.118950000000000000e+04
9.510000000000000000e+02 1.119114999999999964e+04
1.023000000000000000e+03 1.119535000000000036e+04
9.430000000000000000e+02 1.119630000000000109e+04
1.039000000000000000e+03 1.119650000000000000e+04
8.470000000000000000e+02 1.119660000000000036e+04
1.183000000000000000e+03 1.119689999999999964e+04
8.150000000000000000e+02 1.119820000000000073e+04
1.047000000000000000e+03 1.120289999999999964e+04
8.630000000000000000e+02 1.120375000000000000e+04
9.270000000000000000e+02 1.120430000000000109e+04
1.135000000000000000e+03 1.120439999999999964e+04
9.670000000000000000e+02 1.120589999999999964e+04
8.710000000000000000e+02 1.120685000000000036e+04
1.143000000000000000e+03 1.120705000000000109e+04
1.111000000000000000e+03 1.120889999999999964e+04
9.110000000000000000e+02 1.121139999999999964e+04
8.950000000000000000e+02 1.121250000000000000e+04
1.087000000000000000e+03 1.121275000000000000e+04
1.015000000000000000e+03 1.121985000000000036e+04
1.119000000000000000e+03 1.122025000000000000e+04
1.127000000000000000e+03 1.122035000000000036e+04
9.590000000000000000e+02 1.122300000000000000e+04
1.079000000000000000e+03 1.122610000000000036e+04
1.007000000000000000e+03 1.122780000000000109e+04
8.310000000000000000e+02 1.122785000000000036e+04
9.990000000000000000e+02 1.123180000000000109e+04
1.063000000000000000e+03 1.123530000000000109e+04
9.830000000000000000e+02 1.123539999999999964e+04
8.230000000000000000e+02 1.123585000000000036e+04
1.103000000000000000e+03 1.123830000000000109e+04
8.870000000000000000e+02 1.123855000000000109e+04
9.510000000000000000e+02 1.123985000000000036e+04
8.390000000000000000e+02 1.124039999999999964e+04
9.430000000000000000e+02 1.124545000000000073e+04
8.710000000000000000e+02 1.125030000000000109e+04
8.550000000000000000e+02 1.125050000000000000e+04
9.910000000000000000e+02 1.125060000000000036e+04
1.071000000000000000e+03 1.125130000000000109e+04
1.087000000000000000e+03 1.125414999999999964e+04
1.111000000000000000e+03 1.125635000000000036e+04
9.750000000000000000e+02 1.125680000000000109e+04
1.167000000000000000e+03 1.125745000000000073e+04
1.119000000000000000e+03 1.125764999999999964e+04
8.150000000000000000e+02 1.125880000000000109e+04
1.055000000000000000e+03 1.126055000000000109e+04
1.079000000000000000e+03 1.126720000000000073e+04
1.047000000000000000e+03 1.126845000000000073e+04
8.790000000000000000e+02 1.127210000000000036e+04
1.191000000000000000e+03 1.127210000000000036e+04
9.190000000000000000e+02 1.127375000000000000e+04
1.095000000000000000e+03 1.127405000000000109e+04
9.590000000000000000e+02 1.127714999999999964e+04
8.310000000000000000e+02 1.127800000000000000e+04
1.015000000000000000e+03 1.127920000000000073e+04
9.030000000000000000e+02 1.128055000000000109e+04
9.350000000000000000e+02 1.128185000000000036e+04
9.110000000000000000e+02 1.128550000000000000e+04
1.159000000000000000e+03 1.128725000000000000e+04
1.039000000000000000e+03 1.128810000000000036e+04
1.135000000000000000e+03 1.128835000000000036e+04
8.470000000000000000e+02 1.128930000000000109e+04
1.087000000000000000e+03 1.129110000000000036e+04
8.870000000000000000e+02 1.129170000000000073e+04
1.119000000000000000e+03 1.129189999999999964e+04
8.710000000000000000e+02 1.129300000000000000e+04
9.750000000000000000e+02 1.129339999999999964e+04
9.830000000000000000e+02 1.129345000000000073e+04
1.191000000000000000e+03 1.129439999999999964e+04
1.031000000000000000e+03 1.129564999999999964e+04
9.270000000000000000e+02 1.129775000000000000e+04
1.199000000000000000e+03 1.129914999999999964e+04
9.910000000000000000e+02 1.130855000000000109e+04
1.063000000000000000e+03 1.130900000000000000e+04
1.103000000000000000e+03 1.130970000000000073e+04
9.990000000000000000e+02 1.131064999999999964e+04
8.630000000000000000e+02 1.131089999999999964e+04
1.055000000000000000e+03 1.131085000000000036e+04
1.127000000000000000e+03 1.131100000000000000e+04
8.550000000000000000e+02 1.131130000000000109e+04
1.135000000000000000e+03 1.131575000000000000e+04
1.079000000000000000e+03 1.131620000000000073e+04
9.590000000000000000e+02 1.131670000000000073e+04
1.151000000000000000e+03 1.131745000000000073e+04
8.390000000000000000e+02 1.132035000000000036e+04
9.670000000000000000e+02 1.132239999999999964e+04
9.510000000000000000e+02 1.132285000000000036e+04
1.119000000000000000e+03 1.132335000000000036e+04
1.047000000000000000e+03 1.132514999999999964e+04
8.950000000000000000e+02 1.132545000000000073e+04
1.095000000000000000e+03 1.132575000000000000e+04
1.007000000000000000e+03 1.132600000000000000e+04
8.150000000000000000e+02 1.132610000000000036e+04
8.310000000000000000e+02 1.133010000000000036e+04
1.015000000000000000e+03 1.133035000000000036e+04
1.143000000000000000e+03 1.133225000000000000e+04
9.430000000000000000e+02 1.133439999999999964e+04
9.110000000000000000e+02 1.133939999999999964e+04
1.087000000000000000e+03 1.134075000000000000e+04
9.190000000000000000e+02 1.134130000000000109e+04
8.550000000000000000e+02 1.134414999999999964e+04
1.103000000000000000e+03 1.134430000000000109e+04
8.470000000000000000e+02 1.134480000000000109e+04
1.071000000000000000e+03 1.134770000000000073e+04
9.990000000000000000e+02 1.134820000000000073e+04
9.270000000000000000e+02 1.134930000000000109e+04
1.199000000000000000e+03 1.134955000000000109e+04
9.590000000000000000e+02 1.134995000000000073e+04
1.111000000000000000e+03 1.135425000000000000e+04
1.151000000000000000e+03 1.135485000000000036e+04
9.030000000000000000e+02 1.135585000000000036e+04
8.950000000000000000e+02 1.135655000000000109e+04
9.670000000000000000e+02 1.135685000000000036e+04
1.159000000000000000e+03 1.135739999999999964e+04
8.070000000000000000e+02 1.135870000000000073e+04
8.870000000000000000e+02 1.135880000000000109e+04
9.910000000000000000e+02 1.136005000000000109e+04
1.119000000000000000e+03 1.136014999999999964e+04
1.191000000000000000e+03 1.136135000000000036e+04
9.110000000000000000e+02 1.136585000000000036e+04
1.047000000000000000e+03 1.136600000000000000e+04
1.031000000000000000e+03 1.136630000000000109e+04
1.143000000000000000e+03 1.136655000000000109e+04
1.183000000000000000e+03 1.137270000000000073e+04
8.710000000000000000e+02 1.137280000000000109e+04
9.350000000000000000e+02 1.137405000000000109e+04
1.103000000000000000e+03 1.137489999999999964e+04
8.550000000000000000e+02 1.137685000000000036e+04
8.630000000000000000e+02 1.137755000000000109e+04
1.007000000000000000e+03 1.138345000000000073e+04
1.039000000000000000e+03 1.138400000000000000e+04
1.151000000000000000e+03 1.139185000000000036e+04
8.230000000000000000e+02 1.139385000000000036e+04
9.910000000000000000e+02 1.139514999999999964e+04
1.079000000000000000e+03 1.139570000000000073e+04
1.191000000000000000e+03 1.139610000000000036e+04
9.590000000000000000e+02 1.139630000000000109e+04
1.015000000000000000e+03 1.139875000000000000e+04
1.119000000000000000e+03 1.139895000000000073e+04
8.070000000000000000e+02 1.140080000000000109e+04
8.870000000000000000e+02 1.140135000000000036e+04
1.167000000000000000e+03 1.140139999999999964e+04
1.199000000000000000e+03 1.140170000000000073e+04
8.390000000000000000e+02 1.140260000000000036e+04
9.350000000000000000e+02 1.140450000000000000e+04
9.030000000000000000e+02 1.140575000000000000e+04
9.670000000000000000e+02 1.140585000000000036e+04
8.310000000000000000e+02 1.140710000000000036e+04
8.150000000000000000e+02 1.140739999999999964e+04
1.143000000000000000e+03 1.141030000000000109e+04
1.095000000000000000e+03 1.141195000000000073e+04
1.183000000000000000e+03 1.141214999999999964e+04
8.790000000000000000e+02 1.141335000000000036e+04
1.063000000000000000e+03 1.141385000000000036e+04
9.830000000000000000e+02 1.141414999999999964e+04
9.750000000000000000e+02 1.141864999999999964e+04
1.087000000000000000e+03 1.142050000000000000e+04
1.071000000000000000e+03 1.142060000000000036e+04
8.550000000000000000e+02 1.142189999999999964e+04
1.199000000000000000e+03 1.142539999999999964e+04
9.990000000000000000e+02 1.142780000000000109e+04
8.950000000000000000e+02 1.142850000000000000e+04
1.039000000000000000e+03 1.142939999999999964e+04
8.630000000000000000e+02 1.143125000000000000e+04
1.103000000000000000e+03 1.143130000000000109e+04
9.270000000000000000e+02 1.143135000000000036e+04
1.175000000000000000e+03 1.143180000000000109e+04
1.007000000000000000e+03 1.143270000000000073e+04
9.910000000000000000e+02 1.143535000000000036e+04
9.430000000000000000e+02 1.143805000000000109e+04
1.119000000000000000e+03 1.143895000000000073e+04
1.167000000000000000e+03 1.144055000000000109e+04
1.127000000000000000e+03 1.144370000000000073e+04
1.055000000000000000e+03 1.144445000000000073e+04
1.135000000000000000e+03 1.144600000000000000e+04
1.159000000000000000e+03 1.144775000000000000e+04
9.190000000000000000e+02 1.145225000000000000e+04
9.750000000000000000e+02 1.145250000000000000e+04
1.151000000000000000e+03 1.145314999999999964e+04
8.310000000000000000e+02 1.145475000000000000e+04
8.390000000000000000e+02 1.145625000000000000e+04
1.031000000000000000e+03 1.145985000000000036e+04
1.015000000000000000e+03 1.146210000000000036e+04
1.183000000000000000e+03 1.146305000000000109e+04
8.550000000000000000e+02 1.146445000000000073e+04
8.150000000000000000e+02 1.146575000000000000e+04
1.191000000000000000e+03 1.146825000000000000e+04
8.950000000000000000e+02 1.146860000000000036e+04
8.710000000000000000e+02 1.146935000000000036e+04
1.071000000000000000e+03 1.147145000000000073e+04
9.510000000000000000e+02 1.147235000000000036e+04
1.175000000000000000e+03 1.147570000000000073e+04
1.095000000000000000e+03 1.147605000000000109e+04
8.230000000000000000e+02 1.147700000000000000e+04
1.199000000000000000e+03 1.147895000000000073e+04
8.870000000000000000e+02 1.148000000000000000e+04
9.990000000000000000e+02 1.148995000000000073e+04
1.111000000000000000e+03 1.149160000000000036e+04
9.430000000000000000e+02 1.149195000000000073e+04
1.079000000000000000e+03 1.149525000000000000e+04
1.007000000000000000e+03 1.149660000000000036e+04
1.055000000000000000e+03 1.149910000000000036e+04
1.047000000000000000e+03 1.149955000000000109e+04
1.063000000000000000e+03 1.150275000000000000e+04
9.030000000000000000e+02 1.150330000000000109e+04
9.670000000000000000e+02 1.150395000000000073e+04
8.870000000000000000e+02 1.150555000000000109e+04
9.110000000000000000e+02 1.150575000000000000e+04
9.590000000000000000e+02 1.150675000000000000e+04
8.230000000000000000e+02 1.151050000000000000e+04
8.550000000000000000e+02 1.151055000000000109e+04
9.910000000000000000e+02 1.151064999999999964e+04
8.790000000000000000e+02 1.151135000000000036e+04
8.710000000000000000e+02 1.151160000000000036e+04
9.830000000000000000e+02 1.151160000000000036e+04
8.630000000000000000e+02 1.151314999999999964e+04
1.031000000000000000e+03 1.151570000000000073e+04
1.159000000000000000e+03 1.151589999999999964e+04
9.270000000000000000e+02 1.151805000000000109e+04
8.390000000000000000e+02 1.151825000000000000e+04
1.103000000000000000e+03 1.151845000000000073e+04
8.950000000000000000e+02 1.151864999999999964e+04
9.350000000000000000e+02 1.151900000000000000e+04
1.183000000000000000e+03 1.151920000000000073e+04
1.015000000000000000e+03 1.152325000000000000e+04
8.150000000000000000e+02 1.152405000000000109e+04
1.199000000000000000e+03 1.152770000000000073e+04
1.055000000000000000e+03 1.152835000000000036e+04
1.095000000000000000e+03 1.152860000000000036e+04
8.310000000000000000e+02 1.152955000000000109e+04
9.190000000000000000e+02 1.153200000000000000e+04
1.143000000000000000e+03 1.153545000000000073e+04
1.127000000000000000e+03 1.153595000000000073e+04
9.750000000000000000e+02 1.153739999999999964e+04
1.039000000000000000e+03 1.153930000000000109e+04
1.151000000000000000e+03 1.153980000000000109e+04
1.119000000000000000e+03 1.154255000000000109e+04
1.023000000000000000e+03 1.154600000000000000e+04
9.510000000000000000e+02 1.154875000000000000e+04
9.430000000000000000e+02 1.155230000000000109e+04
1.047000000000000000e+03 1.155270000000000073e+04
8.070000000000000000e+02 1.155425000000000000e+04
1.031000000000000000e+03 1.155480000000000109e+04
9.830000000000000000e+02 1.155495000000000073e+04
8.550000000000000000e+02 1.155835000000000036e+04
9.990000000000000000e+02 1.155845000000000073e+04
1.159000000000000000e+03 1.155850000000000000e+04
9.110000000000000000e+02 1.155935000000000036e+04
9.910000000000000000e+02 1.155960000000000036e+04
1.087000000000000000e+03 1.156020000000000073e+04
1.095000000000000000e+03 1.156270000000000073e+04
8.790000000000000000e+02 1.156300000000000000e+04
1.183000000000000000e+03 1.156310000000000036e+04
1.071000000000000000e+03 1.156370000000000073e+04
9.670000000000000000e+02 1.156420000000000073e+04
8.230000000000000000e+02 1.156535000000000036e+04
9.190000000000000000e+02 1.156950000000000000e+04
1.079000000000000000e+03 1.157020000000000073e+04
8.150000000000000000e+02 1.157150000000000000e+04
1.007000000000000000e+03 1.157245000000000073e+04
1.135000000000000000e+03 1.157850000000000000e+04
1.127000000000000000e+03 1.158075000000000000e+04
9.430000000000000000e+02 1.158250000000000000e+04
1.119000000000000000e+03 1.158660000000000036e+04
8.470000000000000000e+02 1.158710000000000036e+04
1.103000000000000000e+03 1.158760000000000036e+04
1.015000000000000000e+03 1.158970000000000073e+04
1.167000000000000000e+03 1.158970000000000073e+04
1.063000000000000000e+03 1.159170000000000073e+04
9.350000000000000000e+02 1.159195000000000073e+04
1.199000000000000000e+03 1.159325000000000000e+04
1.111000000000000000e+03 1.159975000000000000e+04
8.230000000000000000e+02 1.160030000000000109e+04
8.150000000000000000e+02 1.160180000000000109e+04
1.055000000000000000e+03 1.160360000000000036e+04
1.031000000000000000e+03 1.160475000000000000e+04
1.007000000000000000e+03 1.160580000000000109e+04
1.191000000000000000e+03 1.161175000000000000e+04
9.830000000000000000e+02 1.161275000000000000e+04
9.510000000000000000e+02 1.161360000000000036e+04
9.270000000000000000e+02 1.161425000000000000e+04
1.135000000000000000e+03 1.161450000000000000e+04
9.750000000000000000e+02 1.161630000000000109e+04
1.183000000000000000e+03 1.161650000000000000e+04
1.143000000000000000e+03 1.161914999999999964e+04
1.199000000000000000e+03 1.162045000000000073e+04
1.015000000000000000e+03 1.162070000000000073e+04
1.079000000000000000e+03 1.162255000000000109e+04
1.023000000000000000e+03 1.162410000000000036e+04
1.151000000000000000e+03 1.162410000000000036e+04
1.087000000000000000e+03 1.162460000000000036e+04
9.190000000000000000e+02 1.162485000000000036e+04
9.990000000000000000e+02 1.162520000000000073e+04
1.159000000000000000e+03 1.162520000000000073e+04
1.095000000000000000e+03 1.162680000000000109e+04
1.039000000000000000e+03 1.162814999999999964e+04
1.127000000000000000e+03 1.162880000000000109e+04
8.390000000000000000e+02 1.162989999999999964e+04
1.167000000000000000e+03 1.163014999999999964e+04
9.030000000000000000e+02 1.163080000000000109e+04
8.710000000000000000e+02 1.163239999999999964e+04
1.071000000000000000e+03 1.163320000000000073e+04
8.550000000000000000e+02 1.163380000000000109e+04
9.350000000000000000e+02 1.163439999999999964e+04
8.790000000000000000e+02 1.164170000000000073e+04
1.119000000000000000e+03 1.164205000000000109e+04
1.063000000000000000e+03 1.164225000000000000e+04
1.031000000000000000e+03 1.164570000000000073e+04
8.870000000000000000e+02 1.164600000000000000e+04
1.151000000000000000e+03 1.164695000000000073e+04
1.055000000000000000e+03 1.165189999999999964e+04
1.143000000000000000e+03 1.165285000000000036e+04
1.023000000000000000e+03 1.165295000000000073e+04
9.110000000000000000e+02 1.165314999999999964e+04
8.230000000000000000e+02 1.165330000000000109e+04
9.430000000000000000e+02 1.165405000000000109e+04
1.079000000000000000e+03 1.165950000000000000e+04
9.750000000000000000e+02 1.166070000000000073e+04
8.390000000000000000e+02 1.166080000000000109e+04
9.990000000000000000e+02 1.166355000000000109e+04
1.095000000000000000e+03 1.166430000000000109e+04
1.135000000000000000e+03 1.166455000000000109e+04
9.670000000000000000e+02 1.166510000000000036e+04
9.350000000000000000e+02 1.166539999999999964e+04
1.199000000000000000e+03 1.166605000000000109e+04
1.159000000000000000e+03 1.166635000000000036e+04
9.190000000000000000e+02 1.166655000000000109e+04
1.007000000000000000e+03 1.166989999999999964e+04
8.150000000000000000e+02 1.167025000000000000e+04
8.550000000000000000e+02 1.167305000000000109e+04
8.070000000000000000e+02 1.167505000000000109e+04
9.590000000000000000e+02 1.167920000000000073e+04
1.015000000000000000e+03 1.168064999999999964e+04
1.167000000000000000e+03 1.168064999999999964e+04
1.047000000000000000e+03 1.168089999999999964e+04
1.183000000000000000e+03 1.168200000000000000e+04
8.630000000000000000e+02 1.168330000000000109e+04
1.063000000000000000e+03 1.168350000000000000e+04
8.470000000000000000e+02 1.168425000000000000e+04
9.910000000000000000e+02 1.168775000000000000e+04
8.310000000000000000e+02 1.169014999999999964e+04
1.119000000000000000e+03 1.169200000000000000e+04
8.710000000000000000e+02 1.169335000000000036e+04
1.191000000000000000e+03 1.169520000000000073e+04
9.270000000000000000e+02 1.169705000000000109e+04
1.143000000000000000e+03 1.169730000000000109e+04
1.199000000000000000e+03 1.169750000000000000e+04
9.430000000000000000e+02 1.169764999999999964e+04
1.103000000000000000e+03 1.169825000000000000e+04
1.023000000000000000e+03 1.170120000000000073e+04
1.127000000000000000e+03 1.170160000000000036e+04
1.135000000000000000e+03 1.170210000000000036e+04
1.039000000000000000e+03 1.170295000000000073e+04
1.055000000000000000e+03 1.170375000000000000e+04
9.190000000000000000e+02 1.170485000000000036e+04
1.087000000000000000e+03 1.170945000000000073e+04
8.390000000000000000e+02 1.171005000000000109e+04
1.111000000000000000e+03 1.171010000000000036e+04
1.007000000000000000e+03 1.171075000000000000e+04
9.670000000000000000e+02 1.171485000000000036e+04
8.870000000000000000e+02 1.171695000000000073e+04
8.070000000000000000e+02 1.171820000000000073e+04
1.175000000000000000e+03 1.172155000000000109e+04
1.095000000000000000e+03 1.172320000000000073e+04
9.590000000000000000e+02 1.172330000000000109e+04
1.191000000000000000e+03 1.172630000000000109e+04
8.710000000000000000e+02 1.172814999999999964e+04
1.047000000000000000e+03 1.173000000000000000e+04
1.079000000000000000e+03 1.173014999999999964e+04
1.159000000000000000e+03 1.173430000000000109e+04
9.830000000000000000e+02 1.173530000000000109e+04
9.750000000000000000e+02 1.173564999999999964e+04
9.030000000000000000e+02 1.173680000000000109e+04
1.119000000000000000e+03 1.173714999999999964e+04
8.230000000000000000e+02 1.173795000000000073e+04
1.071000000000000000e+03 1.173795000000000073e+04
9.990000000000000000e+02 1.174320000000000073e+04
1.031000000000000000e+03 1.174395000000000073e+04
1.167000000000000000e+03 1.174464999999999964e+04
1.055000000000000000e+03 1.174530000000000109e+04
1.135000000000000000e+03 1.174725000000000000e+04
1.007000000000000000e+03 1.174764999999999964e+04
8.150000000000000000e+02 1.174970000000000073e+04
1.023000000000000000e+03 1.175039999999999964e+04
8.630000000000000000e+02 1.175214999999999964e+04
9.270000000000000000e+02 1.175280000000000109e+04
8.310000000000000000e+02 1.175285000000000036e+04
1.095000000000000000e+03 1.175314999999999964e+04
1.039000000000000000e+03 1.175339999999999964e+04
1.143000000000000000e+03 1.175680000000000109e+04
1.071000000000000000e+03 1.176360000000000036e+04
1.199000000000000000e+03 1.176370000000000073e+04
1.103000000000000000e+03 1.176635000000000036e+04
1.119000000000000000e+03 1.176775000000000000e+04
1.175000000000000000e+03 1.176850000000000000e+04
1.127000000000000000e+03 1.177600000000000000e+04
1.151000000000000000e+03 1.177650000000000000e+04
8.390000000000000000e+02 1.177655000000000109e+04
9.430000000000000000e+02 1.177710000000000036e+04
8.470000000000000000e+02 1.177750000000000000e+04
1.111000000000000000e+03 1.177775000000000000e+04
9.830000000000000000e+02 1.177855000000000109e+04
8.790000000000000000e+02 1.177870000000000073e+04
1.087000000000000000e+03 1.177885000000000036e+04
1.015000000000000000e+03 1.178605000000000109e+04
9.350000000000000000e+02 1.178685000000000036e+04
9.590000000000000000e+02 1.179400000000000000e+04
1.183000000000000000e+03 1.179395000000000073e+04
9.670000000000000000e+02 1.179580000000000109e+04
1.167000000000000000e+03 1.179680000000000109e+04
8.150000000000000000e+02 1.180055000000000109e+04
1.007000000000000000e+03 1.180070000000000073e+04
8.070000000000000000e+02 1.180470000000000073e+04
9.510000000000000000e+02 1.180514999999999964e+04
1.063000000000000000e+03 1.180530000000000109e+04
1.175000000000000000e+03 1.180645000000000073e+04
1.095000000000000000e+03 1.180810000000000036e+04
8.630000000000000000e+02 1.180910000000000036e+04
9.910000000000000000e+02 1.180920000000000073e+04
8.870000000000000000e+02 1.180995000000000073e+04
9.190000000000000000e+02 1.181610000000000036e+04
1.079000000000000000e+03 1.181645000000000073e+04
9.750000000000000000e+02 1.181745000000000073e+04
8.710000000000000000e+02 1.182125000000000000e+04
1.143000000000000000e+03 1.182139999999999964e+04
1.135000000000000000e+03 1.182200000000000000e+04
8.230000000000000000e+02 1.182289999999999964e+04
1.103000000000000000e+03 1.182460000000000036e+04
1.039000000000000000e+03 1.182725000000000000e+04
1.087000000000000000e+03 1.182750000000000000e+04
8.310000000000000000e+02 1.182805000000000109e+04
9.350000000000000000e+02 1.183080000000000109e+04
8.950000000000000000e+02 1.183355000000000109e+04
8.550000000000000000e+02 1.183425000000000000e+04
8.150000000000000000e+02 1.183905000000000109e+04
8.390000000000000000e+02 1.183989999999999964e+04
1.071000000000000000e+03 1.184125000000000000e+04
8.870000000000000000e+02 1.184164999999999964e+04
9.430000000000000000e+02 1.184450000000000000e+04
1.159000000000000000e+03 1.184639999999999964e+04
1.023000000000000000e+03 1.184764999999999964e+04
1.127000000000000000e+03 1.185135000000000036e+04
9.590000000000000000e+02 1.185195000000000073e+04
1.047000000000000000e+03 1.185264999999999964e+04
8.230000000000000000e+02 1.185405000000000109e+04
9.750000000000000000e+02 1.185464999999999964e+04
1.055000000000000000e+03 1.185520000000000073e+04
1.119000000000000000e+03 1.185639999999999964e+04
1.191000000000000000e+03 1.185730000000000109e+04
1.015000000000000000e+03 1.186030000000000109e+04
9.990000000000000000e+02 1.186050000000000000e+04
9.030000000000000000e+02 1.186164999999999964e+04
9.670000000000000000e+02 1.186245000000000073e+04
9.110000000000000000e+02 1.186305000000000109e+04
8.710000000000000000e+02 1.186464999999999964e+04
9.270000000000000000e+02 1.186520000000000073e+04
8.150000000000000000e+02 1.187145000000000073e+04
1.039000000000000000e+03 1.187230000000000109e+04
1.111000000000000000e+03 1.187255000000000109e+04
1.103000000000000000e+03 1.187664999999999964e+04
8.390000000000000000e+02 1.187705000000000109e+04
1.143000000000000000e+03 1.187875000000000000e+04
1.151000000000000000e+03 1.188025000000000000e+04
1.135000000000000000e+03 1.188139999999999964e+04
1.031000000000000000e+03 1.188385000000000036e+04
9.910000000000000000e+02 1.188539999999999964e+04
1.047000000000000000e+03 1.188545000000000073e+04
8.470000000000000000e+02 1.188595000000000073e+04
1.199000000000000000e+03 1.188614999999999964e+04
1.127000000000000000e+03 1.188630000000000109e+04
1.079000000000000000e+03 1.188639999999999964e+04
9.750000000000000000e+02 1.188700000000000000e+04
1.063000000000000000e+03 1.188825000000000000e+04
1.087000000000000000e+03 1.188935000000000036e+04
9.830000000000000000e+02 1.189105000000000109e+04
1.095000000000000000e+03 1.189105000000000109e+04
9.990000000000000000e+02 1.189225000000000000e+04
1.007000000000000000e+03 1.189235000000000036e+04
9.590000000000000000e+02 1.189414999999999964e+04
9.110000000000000000e+02 1.189785000000000036e+04
9.030000000000000000e+02 1.189839999999999964e+04
8.870000000000000000e+02 1.190025000000000000e+04
9.270000000000000000e+02 1.190675000000000000e+04
1.135000000000000000e+03 1.190700000000000000e+04
1.175000000000000000e+03 1.190705000000000109e+04
9.430000000000000000e+02 1.190714999999999964e+04
8.070000000000000000e+02 1.190845000000000073e+04
8.710000000000000000e+02 1.190870000000000073e+04
9.670000000000000000e+02 1.191175000000000000e+04
1.055000000000000000e+03 1.191285000000000036e+04
1.119000000000000000e+03 1.191345000000000073e+04
8.630000000000000000e+02 1.191414999999999964e+04
1.079000000000000000e+03 1.191495000000000073e+04
1.039000000000000000e+03 1.191575000000000000e+04
1.071000000000000000e+03 1.191795000000000073e+04
1.015000000000000000e+03 1.192360000000000036e+04
8.950000000000000000e+02 1.192630000000000109e+04
9.350000000000000000e+02 1.192789999999999964e+04
1.023000000000000000e+03 1.192855000000000109e+04
8.230000000000000000e+02 1.192870000000000073e+04
8.310000000000000000e+02 1.193060000000000036e+04
1.151000000000000000e+03 1.193230000000000109e+04
1.127000000000000000e+03 1.193795000000000073e+04
1.183000000000000000e+03 1.193820000000000073e+04
1.199000000000000000e+03 1.194070000000000073e+04
8.550000000000000000e+02 1.194089999999999964e+04
1.191000000000000000e+03 1.194139999999999964e+04
9.270000000000000000e+02 1.194510000000000036e+04
1.167000000000000000e+03 1.194539999999999964e+04
9.110000000000000000e+02 1.194620000000000073e+04
1.175000000000000000e+03 1.194745000000000073e+04
1.143000000000000000e+03 1.194870000000000073e+04
8.390000000000000000e+02 1.194900000000000000e+04
9.990000000000000000e+02 1.194989999999999964e+04
8.790000000000000000e+02 1.194995000000000073e+04
1.055000000000000000e+03 1.195020000000000073e+04
9.510000000000000000e+02 1.195070000000000073e+04
8.870000000000000000e+02 1.195100000000000000e+04
1.007000000000000000e+03 1.195150000000000000e+04
9.590000000000000000e+02 1.195545000000000073e+04
9.430000000000000000e+02 1.195889999999999964e+04
1.111000000000000000e+03 1.196010000000000036e+04
1.119000000000000000e+03 1.196185000000000036e+04
1.095000000000000000e+03 1.196405000000000109e+04
9.670000000000000000e+02 1.196414999999999964e+04
1.135000000000000000e+03 1.196660000000000036e+04
1.159000000000000000e+03 1.196720000000000073e+04
9.830000000000000000e+02 1.196735000000000036e+04
1.023000000000000000e+03 1.196745000000000073e+04
1.039000000000000000e+03 1.197139999999999964e+04
1.191000000000000000e+03 1.197460000000000036e+04
1.151000000000000000e+03 1.197520000000000073e+04
1.199000000000000000e+03 1.197855000000000109e+04
8.470000000000000000e+02 1.198050000000000000e+04
9.030000000000000000e+02 1.198085000000000036e+04
1.071000000000000000e+03 1.198135000000000036e+04
1.007000000000000000e+03 1.198150000000000000e+04
8.630000000000000000e+02 1.198660000000000036e+04
8.310000000000000000e+02 1.198714999999999964e+04
8.550000000000000000e+02 1.198860000000000036e+04
9.190000000000000000e+02 1.198855000000000109e+04
1.047000000000000000e+03 1.199070000000000073e+04
8.390000000000000000e+02 1.199145000000000073e+04
1.135000000000000000e+03 1.199170000000000073e+04
1.095000000000000000e+03 1.199214999999999964e+04
1.079000000000000000e+03 1.199295000000000073e+04
1.031000000000000000e+03 1.199600000000000000e+04
8.150000000000000000e+02 1.199730000000000109e+04
1.087000000000000000e+03 1.199805000000000109e+04
1.103000000000000000e+03 1.199830000000000109e+04
1.055000000000000000e+03 1.199935000000000036e+04
9.110000000000000000e+02 1.199995000000000073e+04
8.870000000000000000e+02 1.200189999999999964e+04
1.159000000000000000e+03 1.200195000000000073e+04
8.710000000000000000e+02 1.200535000000000036e+04
9.590000000000000000e+02 1.200570000000000073e+04
1.175000000000000000e+03 1.200695000000000073e+04
8.070000000000000000e+02 1.200745000000000073e+04
1.191000000000000000e+03 1.201214999999999964e+04
8.630000000000000000e+02 1.201289999999999964e+04
9.270000000000000000e+02 1.201320000000000073e+04
1.063000000000000000e+03 1.201350000000000000e+04
9.670000000000000000e+02 1.201760000000000036e+04
1.007000000000000000e+03 1.201925000000000000e+04
1.199000000000000000e+03 1.202110000000000036e+04
1.111000000000000000e+03 1.202139999999999964e+04
9.910000000000000000e+02 1.202160000000000036e+04
1.143000000000000000e+03 1.202195000000000073e+04
9.430000000000000000e+02 1.202210000000000036e+04
8.550000000000000000e+02 1.202889999999999964e+04
1.095000000000000000e+03 1.202920000000000073e+04
8.790000000000000000e+02 1.203070000000000073e+04
8.310000000000000000e+02 1.203120000000000073e+04
8.230000000000000000e+02 1.203375000000000000e+04
1.063000000000000000e+03 1.203380000000000109e+04
1.015000000000000000e+03 1.203470000000000073e+04
1.119000000000000000e+03 1.203620000000000073e+04
1.135000000000000000e+03 1.203950000000000000e+04
1.071000000000000000e+03 1.204114999999999964e+04
9.590000000000000000e+02 1.204500000000000000e+04
9.750000000000000000e+02 1.204495000000000073e+04
1.023000000000000000e+03 1.204505000000000109e+04
1.167000000000000000e+03 1.204605000000000109e+04
1.127000000000000000e+03 1.204955000000000109e+04
9.990000000000000000e+02 1.205089999999999964e+04
9.830000000000000000e+02 1.205185000000000036e+04
1.055000000000000000e+03 1.205355000000000109e+04
9.350000000000000000e+02 1.205385000000000036e+04
8.950000000000000000e+02 1.205814999999999964e+04
1.143000000000000000e+03 1.205830000000000109e+04
9.190000000000000000e+02 1.205900000000000000e+04
1.175000000000000000e+03 1.206095000000000073e+04
9.910000000000000000e+02 1.206235000000000036e+04
1.087000000000000000e+03 1.206235000000000036e+04
9.510000000000000000e+02 1.206245000000000073e+04
9.030000000000000000e+02 1.206760000000000036e+04
1.183000000000000000e+03 1.206795000000000073e+04
8.070000000000000000e+02 1.206850000000000000e+04
1.007000000000000000e+03 1.207270000000000073e+04
8.550000000000000000e+02 1.207355000000000109e+04
1.015000000000000000e+03 1.207520000000000073e+04
8.710000000000000000e+02 1.207610000000000036e+04
8.790000000000000000e+02 1.207780000000000109e+04
8.870000000000000000e+02 1.207805000000000109e+04
9.270000000000000000e+02 1.207870000000000073e+04
1.191000000000000000e+03 1.208264999999999964e+04
1.127000000000000000e+03 1.208375000000000000e+04
8.310000000000000000e+02 1.208410000000000036e+04
1.095000000000000000e+03 1.208470000000000073e+04
1.071000000000000000e+03 1.208605000000000109e+04
1.103000000000000000e+03 1.208620000000000073e+04
9.670000000000000000e+02 1.208864999999999964e+04
8.630000000000000000e+02 1.209010000000000036e+04
8.230000000000000000e+02 1.209055000000000109e+04
1.063000000000000000e+03 1.209064999999999964e+04
9.990000000000000000e+02 1.209095000000000073e+04
1.079000000000000000e+03 1.209680000000000109e+04
1.143000000000000000e+03 1.209770000000000073e+04
1.151000000000000000e+03 1.209864999999999964e+04
8.950000000000000000e+02 1.209900000000000000e+04
1.135000000000000000e+03 1.209900000000000000e+04
1.023000000000000000e+03 1.209910000000000036e+04
1.119000000000000000e+03 1.210130000000000109e+04
1.199000000000000000e+03 1.210260000000000036e+04
1.039000000000000000e+03 1.210275000000000000e+04
9.030000000000000000e+02 1.210514999999999964e+04
1.047000000000000000e+03 1.210605000000000109e+04
8.470000000000000000e+02 1.210739999999999964e+04
8.070000000000000000e+02 1.211375000000000000e+04
1.095000000000000000e+03 1.211375000000000000e+04
9.110000000000000000e+02 1.211564999999999964e+04
8.390000000000000000e+02 1.211595000000000073e+04
1.007000000000000000e+03 1.212045000000000073e+04
1.143000000000000000e+03 1.212100000000000000e+04
9.190000000000000000e+02 1.212220000000000073e+04
9.430000000000000000e+02 1.212280000000000109e+04
9.990000000000000000e+02 1.212695000000000073e+04
9.670000000000000000e+02 1.212785000000000036e+04
8.150000000000000000e+02 1.212805000000000109e+04
8.230000000000000000e+02 1.212880000000000109e+04
9.590000000000000000e+02 1.212980000000000109e+04
8.550000000000000000e+02 1.213214999999999964e+04
9.750000000000000000e+02 1.213375000000000000e+04
1.071000000000000000e+03 1.213430000000000109e+04
1.167000000000000000e+03 1.213839999999999964e+04
8.310000000000000000e+02 1.213900000000000000e+04
9.350000000000000000e+02 1.214050000000000000e+04
1.023000000000000000e+03 1.214410000000000036e+04
9.510000000000000000e+02 1.214480000000000109e+04
9.830000000000000000e+02 1.214520000000000073e+04
8.870000000000000000e+02 1.214595000000000073e+04
1.095000000000000000e+03 1.214920000000000073e+04
1.039000000000000000e+03 1.214939999999999964e+04
1.031000000000000000e+03 1.214950000000000000e+04
9.910000000000000000e+02 1.215125000000000000e+04
1.055000000000000000e+03 1.215200000000000000e+04
1.191000000000000000e+03 1.215850000000000000e+04
1.063000000000000000e+03 1.215864999999999964e+04
1.135000000000000000e+03 1.215925000000000000e+04
1.151000000000000000e+03 1.215970000000000073e+04
1.087000000000000000e+03 1.216005000000000109e+04
8.470000000000000000e+02 1.216245000000000073e+04
1.159000000000000000e+03 1.216360000000000036e+04
9.030000000000000000e+02 1.216480000000000109e+04
1.007000000000000000e+03 1.216489999999999964e+04
9.110000000000000000e+02 1.216510000000000036e+04
1.079000000000000000e+03 1.216585000000000036e+04
1.175000000000000000e+03 1.216610000000000036e+04
8.710000000000000000e+02 1.216675000000000000e+04
1.071000000000000000e+03 1.216739999999999964e+04
8.150000000000000000e+02 1.216775000000000000e+04
1.143000000000000000e+03 1.217320000000000073e+04
1.119000000000000000e+03 1.217385000000000036e+04
1.199000000000000000e+03 1.218080000000000109e+04
8.630000000000000000e+02 1.218100000000000000e+04
9.990000000000000000e+02 1.218120000000000073e+04
8.550000000000000000e+02 1.218710000000000036e+04
9.510000000000000000e+02 1.218800000000000000e+04
1.039000000000000000e+03 1.218839999999999964e+04
8.390000000000000000e+02 1.218889999999999964e+04
1.191000000000000000e+03 1.219395000000000073e+04
9.270000000000000000e+02 1.219689999999999964e+04
9.590000000000000000e+02 1.220014999999999964e+04
1.015000000000000000e+03 1.220025000000000000e+04
1.167000000000000000e+03 1.220100000000000000e+04
9.110000000000000000e+02 1.220139999999999964e+04
9.350000000000000000e+02 1.220135000000000036e+04
1.111000000000000000e+03 1.220355000000000109e+04
1.175000000000000000e+03 1.220355000000000109e+04
1.079000000000000000e+03 1.220400000000000000e+04
9.750000000000000000e+02 1.220480000000000109e+04
8.710000000000000000e+02 1.220530000000000109e+04
8.630000000000000000e+02 1.220839999999999964e+04
1.119000000000000000e+03 1.221150000000000000e+04
9.830000000000000000e+02 1.221175000000000000e+04
8.150000000000000000e+02 1.221250000000000000e+04
1.087000000000000000e+03 1.221705000000000109e+04
1.151000000000000000e+03 1.221725000000000000e+04
9.030000000000000000e+02 1.221760000000000036e+04
1.071000000000000000e+03 1.221930000000000109e+04
8.950000000000000000e+02 1.222139999999999964e+04
1.135000000000000000e+03 1.222470000000000073e+04
1.183000000000000000e+03 1.222645000000000073e+04
8.230000000000000000e+02 1.222730000000000109e+04
8.550000000000000000e+02 1.222805000000000109e+04
8.870000000000000000e+02 1.222914999999999964e+04
1.063000000000000000e+03 1.223270000000000073e+04
1.047000000000000000e+03 1.223520000000000073e+04
8.310000000000000000e+02 1.223585000000000036e+04
1.007000000000000000e+03 1.223650000000000000e+04
1.159000000000000000e+03 1.223914999999999964e+04
1.103000000000000000e+03 1.224005000000000109e+04
9.670000000000000000e+02 1.224014999999999964e+04
9.750000000000000000e+02 1.224155000000000109e+04
1.175000000000000000e+03 1.224660000000000036e+04
9.910000000000000000e+02 1.224775000000000000e+04
8.070000000000000000e+02 1.224805000000000109e+04
1.143000000000000000e+03 1.224900000000000000e+04
1.095000000000000000e+03 1.225325000000000000e+04
9.990000000000000000e+02 1.225435000000000036e+04
1.119000000000000000e+03 1.225450000000000000e+04
9.430000000000000000e+02 1.225489999999999964e+04
1.055000000000000000e+03 1.225520000000000073e+04
9.110000000000000000e+02 1.225570000000000073e+04
8.630000000000000000e+02 1.225905000000000109e+04
1.071000000000000000e+03 1.225930000000000109e+04
1.111000000000000000e+03 1.226064999999999964e+04
8.150000000000000000e+02 1.226160000000000036e+04
1.151000000000000000e+03 1.226175000000000000e+04
9.590000000000000000e+02 1.226270000000000073e+04
1.063000000000000000e+03 1.226380000000000109e+04
1.167000000000000000e+03 1.226420000000000073e+04
1.199000000000000000e+03 1.226485000000000036e+04
1.039000000000000000e+03 1.226500000000000000e+04
8.230000000000000000e+02 1.226560000000000036e+04
9.270000000000000000e+02 1.226580000000000109e+04
8.710000000000000000e+02 1.226605000000000109e+04
1.191000000000000000e+03 1.226605000000000109e+04
8.950000000000000000e+02 1.226760000000000036e+04
1.183000000000000000e+03 1.226830000000000109e+04
1.079000000000000000e+03 1.227155000000000109e+04
1.015000000000000000e+03 1.227480000000000109e+04
1.159000000000000000e+03 1.227660000000000036e+04
1.135000000000000000e+03 1.227814999999999964e+04
9.190000000000000000e+02 1.227945000000000073e+04
1.023000000000000000e+03 1.228005000000000109e+04
9.350000000000000000e+02 1.228410000000000036e+04
1.143000000000000000e+03 1.228475000000000000e+04
8.470000000000000000e+02 1.228630000000000109e+04
8.070000000000000000e+02 1.228939999999999964e+04
1.071000000000000000e+03 1.229005000000000109e+04
1.007000000000000000e+03 1.229060000000000036e+04
9.590000000000000000e+02 1.229160000000000036e+04
8.790000000000000000e+02 1.229239999999999964e+04
1.175000000000000000e+03 1.229310000000000036e+04
9.990000000000000000e+02 1.229930000000000109e+04
1.111000000000000000e+03 1.230614999999999964e+04
8.310000000000000000e+02 1.230630000000000109e+04
8.550000000000000000e+02 1.230700000000000000e+04
1.087000000000000000e+03 1.230925000000000000e+04
9.430000000000000000e+02 1.231014999999999964e+04
8.150000000000000000e+02 1.231030000000000109e+04
1.063000000000000000e+03 1.231064999999999964e+04
9.270000000000000000e+02 1.231255000000000109e+04
8.390000000000000000e+02 1.231385000000000036e+04
1.055000000000000000e+03 1.231439999999999964e+04
1.039000000000000000e+03 1.231489999999999964e+04
8.950000000000000000e+02 1.231510000000000036e+04
9.030000000000000000e+02 1.231714999999999964e+04
1.167000000000000000e+03 1.231735000000000036e+04
1.143000000000000000e+03 1.231810000000000036e+04
1.015000000000000000e+03 1.231835000000000036e+04
1.199000000000000000e+03 1.231989999999999964e+04
1.127000000000000000e+03 1.232189999999999964e+04
1.175000000000000000e+03 1.232210000000000036e+04
8.630000000000000000e+02 1.232235000000000036e+04
1.023000000000000000e+03 1.232500000000000000e+04
9.830000000000000000e+02 1.232760000000000036e+04
8.230000000000000000e+02 1.232814999999999964e+04
9.590000000000000000e+02 1.233060000000000036e+04
9.750000000000000000e+02 1.233200000000000000e+04
1.103000000000000000e+03 1.233220000000000073e+04
1.079000000000000000e+03 1.233439999999999964e+04
8.150000000000000000e+02 1.233535000000000036e+04
9.670000000000000000e+02 1.233960000000000036e+04
1.087000000000000000e+03 1.234130000000000109e+04
1.159000000000000000e+03 1.234139999999999964e+04
1.119000000000000000e+03 1.234145000000000073e+04
1.007000000000000000e+03 1.234289999999999964e+04
1.135000000000000000e+03 1.234710000000000036e+04
1.023000000000000000e+03 1.235000000000000000e+04
1.055000000000000000e+03 1.235014999999999964e+04
8.310000000000000000e+02 1.235060000000000036e+04
8.710000000000000000e+02 1.235060000000000036e+04
1.143000000000000000e+03 1.235125000000000000e+04
9.990000000000000000e+02 1.235189999999999964e+04
9.030000000000000000e+02 1.235214999999999964e+04
1.191000000000000000e+03 1.235550000000000000e+04
9.350000000000000000e+02 1.235555000000000109e+04
1.063000000000000000e+03 1.235564999999999964e+04
8.070000000000000000e+02 1.235639999999999964e+04
1.183000000000000000e+03 1.236110000000000036e+04
8.870000000000000000e+02 1.236225000000000000e+04
1.167000000000000000e+03 1.236380000000000109e+04
9.510000000000000000e+02 1.236385000000000036e+04
8.630000000000000000e+02 1.236475000000000000e+04
1.199000000000000000e+03 1.236520000000000073e+04
1.031000000000000000e+03 1.236605000000000109e+04
1.127000000000000000e+03 1.236635000000000036e+04
1.151000000000000000e+03 1.236839999999999964e+04
8.390000000000000000e+02 1.237135000000000036e+04
9.910000000000000000e+02 1.237175000000000000e+04
1.111000000000000000e+03 1.237280000000000109e+04
9.110000000000000000e+02 1.237414999999999964e+04
8.230000000000000000e+02 1.237814999999999964e+04
1.047000000000000000e+03 1.237839999999999964e+04
8.950000000000000000e+02 1.237985000000000036e+04
1.087000000000000000e+03 1.238005000000000109e+04
1.039000000000000000e+03 1.238055000000000109e+04
8.790000000000000000e+02 1.238120000000000073e+04
1.135000000000000000e+03 1.238250000000000000e+04
9.590000000000000000e+02 1.238545000000000073e+04
1.095000000000000000e+03 1.239225000000000000e+04
8.310000000000000000e+02 1.239239999999999964e+04
1.055000000000000000e+03 1.239260000000000036e+04
1.071000000000000000e+03 1.239285000000000036e+04
9.670000000000000000e+02 1.239325000000000000e+04
1.103000000000000000e+03 1.239550000000000000e+04
8.470000000000000000e+02 1.239720000000000073e+04
1.015000000000000000e+03 1.239745000000000073e+04
1.143000000000000000e+03 1.239750000000000000e+04
1.191000000000000000e+03 1.239855000000000109e+04
8.550000000000000000e+02 1.239914999999999964e+04
1.175000000000000000e+03 1.240125000000000000e+04
1.007000000000000000e+03 1.240175000000000000e+04
1.167000000000000000e+03 1.240189999999999964e+04
1.159000000000000000e+03 1.240225000000000000e+04
9.990000000000000000e+02 1.240264999999999964e+04
1.079000000000000000e+03 1.240530000000000109e+04
8.870000000000000000e+02 1.240864999999999964e+04
8.710000000000000000e+02 1.241085000000000036e+04
8.630000000000000000e+02 1.241330000000000109e+04
8.070000000000000000e+02 1.241975000000000000e+04
9.030000000000000000e+02 1.241980000000000109e+04
9.350000000000000000e+02 1.241985000000000036e+04
1.023000000000000000e+03 1.242039999999999964e+04
9.510000000000000000e+02 1.242075000000000000e+04
1.119000000000000000e+03 1.242195000000000073e+04
1.079000000000000000e+03 1.242810000000000036e+04
1.199000000000000000e+03 1.242810000000000036e+04
8.470000000000000000e+02 1.243089999999999964e+04
1.055000000000000000e+03 1.243230000000000109e+04
1.191000000000000000e+03 1.243235000000000036e+04
1.095000000000000000e+03 1.243475000000000000e+04
8.310000000000000000e+02 1.243664999999999964e+04
8.550000000000000000e+02 1.243745000000000073e+04
9.910000000000000000e+02 1.243905000000000109e+04
8.390000000000000000e+02 1.243995000000000073e+04
1.143000000000000000e+03 1.244000000000000000e+04
1.063000000000000000e+03 1.244150000000000000e+04
9.830000000000000000e+02 1.244570000000000073e+04
9.430000000000000000e+02 1.244889999999999964e+04
9.590000000000000000e+02 1.245120000000000073e+04
1.111000000000000000e+03 1.245195000000000073e+04
1.047000000000000000e+03 1.245325000000000000e+04
9.670000000000000000e+02 1.245350000000000000e+04
1.159000000000000000e+03 1.245355000000000109e+04
1.151000000000000000e+03 1.245400000000000000e+04
1.023000000000000000e+03 1.245489999999999964e+04
1.055000000000000000e+03 1.245730000000000109e+04
1.119000000000000000e+03 1.245785000000000036e+04
9.190000000000000000e+02 1.246100000000000000e+04
1.167000000000000000e+03 1.246110000000000036e+04
8.630000000000000000e+02 1.246114999999999964e+04
8.150000000000000000e+02 1.246455000000000109e+04
9.350000000000000000e+02 1.246505000000000109e+04
1.095000000000000000e+03 1.246560000000000036e+04
1.127000000000000000e+03 1.246639999999999964e+04
1.087000000000000000e+03 1.246695000000000073e+04
1.071000000000000000e+03 1.246755000000000109e+04
8.710000000000000000e+02 1.246939999999999964e+04
8.470000000000000000e+02 1.246964999999999964e+04
9.270000000000000000e+02 1.247325000000000000e+04
9.910000000000000000e+02 1.247360000000000036e+04
1.007000000000000000e+03 1.247920000000000073e+04
9.110000000000000000e+02 1.248075000000000000e+04
9.430000000000000000e+02 1.248100000000000000e+04
1.023000000000000000e+03 1.248139999999999964e+04
1.015000000000000000e+03 1.248710000000000036e+04
9.990000000000000000e+02 1.248755000000000109e+04
1.143000000000000000e+03 1.248905000000000109e+04
8.630000000000000000e+02 1.248955000000000109e+04
8.870000000000000000e+02 1.249360000000000036e+04
8.710000000000000000e+02 1.249425000000000000e+04
1.119000000000000000e+03 1.249660000000000036e+04
9.750000000000000000e+02 1.249680000000000109e+04
1.159000000000000000e+03 1.249745000000000073e+04
1.103000000000000000e+03 1.249885000000000036e+04
8.150000000000000000e+02 1.249914999999999964e+04
8.550000000000000000e+02 1.250314999999999964e+04
8.230000000000000000e+02 1.250489999999999964e+04
8.070000000000000000e+02 1.250514999999999964e+04
1.199000000000000000e+03 1.250580000000000109e+04
1.047000000000000000e+03 1.250760000000000036e+04
1.055000000000000000e+03 1.250850000000000000e+04
8.310000000000000000e+02 1.251055000000000109e+04
9.110000000000000000e+02 1.251060000000000036e+04
9.030000000000000000e+02 1.251164999999999964e+04
1.063000000000000000e+03 1.251380000000000109e+04
8.950000000000000000e+02 1.251430000000000109e+04
9.590000000000000000e+02 1.251500000000000000e+04
1.159000000000000000e+03 1.251560000000000036e+04
1.087000000000000000e+03 1.251570000000000073e+04
9.670000000000000000e+02 1.251730000000000109e+04
1.031000000000000000e+03 1.251745000000000073e+04
1.015000000000000000e+03 1.252235000000000036e+04
9.510000000000000000e+02 1.252260000000000036e+04
1.135000000000000000e+03 1.252370000000000073e+04
9.190000000000000000e+02 1.252395000000000073e+04
1.127000000000000000e+03 1.252935000000000036e+04
1.023000000000000000e+03 1.253095000000000073e+04
8.630000000000000000e+02 1.253200000000000000e+04
1.007000000000000000e+03 1.253535000000000036e+04
8.550000000000000000e+02 1.253575000000000000e+04
8.870000000000000000e+02 1.253580000000000109e+04
9.430000000000000000e+02 1.253750000000000000e+04
1.167000000000000000e+03 1.253770000000000073e+04
9.990000000000000000e+02 1.253795000000000073e+04
8.150000000000000000e+02 1.254045000000000073e+04
1.055000000000000000e+03 1.254225000000000000e+04
1.079000000000000000e+03 1.254505000000000109e+04
1.119000000000000000e+03 1.254614999999999964e+04
1.143000000000000000e+03 1.254620000000000073e+04
9.110000000000000000e+02 1.254789999999999964e+04
9.270000000000000000e+02 1.254850000000000000e+04
1.103000000000000000e+03 1.255264999999999964e+04
9.590000000000000000e+02 1.255275000000000000e+04
1.175000000000000000e+03 1.255339999999999964e+04
1.047000000000000000e+03 1.255355000000000109e+04
9.670000000000000000e+02 1.255425000000000000e+04
1.191000000000000000e+03 1.255455000000000109e+04
1.095000000000000000e+03 1.255675000000000000e+04
9.350000000000000000e+02 1.255814999999999964e+04
1.151000000000000000e+03 1.255875000000000000e+04
9.910000000000000000e+02 1.255985000000000036e+04
8.950000000000000000e+02 1.256005000000000109e+04
8.790000000000000000e+02 1.256060000000000036e+04
1.007000000000000000e+03 1.256420000000000073e+04
1.039000000000000000e+03 1.256635000000000036e+04
8.390000000000000000e+02 1.256780000000000109e+04
8.070000000000000000e+02 1.256975000000000000e+04
1.087000000000000000e+03 1.257000000000000000e+04
8.630000000000000000e+02 1.257250000000000000e+04
8.230000000000000000e+02 1.257270000000000073e+04
1.199000000000000000e+03 1.257300000000000000e+04
1.135000000000000000e+03 1.257570000000000073e+04
1.063000000000000000e+03 1.257910000000000036e+04
8.470000000000000000e+02 1.258255000000000109e+04
1.031000000000000000e+03 1.258310000000000036e+04
8.150000000000000000e+02 1.258335000000000036e+04
8.550000000000000000e+02 1.258339999999999964e+04
1.055000000000000000e+03 1.258580000000000109e+04
1.023000000000000000e+03 1.258630000000000109e+04
9.030000000000000000e+02 1.258814999999999964e+04
1.095000000000000000e+03 1.258845000000000073e+04
9.510000000000000000e+02 1.258895000000000073e+04
1.071000000000000000e+03 1.258905000000000109e+04
1.079000000000000000e+03 1.258905000000000109e+04
1.167000000000000000e+03 1.259225000000000000e+04
1.191000000000000000e+03 1.259420000000000073e+04
9.350000000000000000e+02 1.259620000000000073e+04
1.143000000000000000e+03 1.259639999999999964e+04
1.175000000000000000e+03 1.259950000000000000e+04
8.230000000000000000e+02 1.260070000000000073e+04
8.310000000000000000e+02 1.260070000000000073e+04
9.830000000000000000e+02 1.260325000000000000e+04
8.070000000000000000e+02 1.260664999999999964e+04
9.990000000000000000e+02 1.260789999999999964e+04
8.710000000000000000e+02 1.260800000000000000e+04
1.159000000000000000e+03 1.260835000000000036e+04
8.630000000000000000e+02 1.260855000000000109e+04
8.950000000000000000e+02 1.261655000000000109e+04
1.031000000000000000e+03 1.261735000000000036e+04
9.430000000000000000e+02 1.262085000000000036e+04
9.910000000000000000e+02 1.262105000000000109e+04
1.135000000000000000e+03 1.262164999999999964e+04
1.071000000000000000e+03 1.262239999999999964e+04
1.127000000000000000e+03 1.262705000000000109e+04
1.119000000000000000e+03 1.262735000000000036e+04
1.063000000000000000e+03 1.262780000000000109e+04
1.111000000000000000e+03 1.262839999999999964e+04
1.007000000000000000e+03 1.262855000000000109e+04
8.390000000000000000e+02 1.262895000000000073e+04
9.270000000000000000e+02 1.262895000000000073e+04
1.151000000000000000e+03 1.263235000000000036e+04
1.079000000000000000e+03 1.263305000000000109e+04
8.150000000000000000e+02 1.263600000000000000e+04
9.590000000000000000e+02 1.263650000000000000e+04
1.183000000000000000e+03 1.263670000000000073e+04
1.087000000000000000e+03 1.263739999999999964e+04
1.095000000000000000e+03 1.263795000000000073e+04
9.750000000000000000e+02 1.263835000000000036e+04
1.143000000000000000e+03 1.263864999999999964e+04
9.670000000000000000e+02 1.264025000000000000e+04
8.710000000000000000e+02 1.264050000000000000e+04
9.030000000000000000e+02 1.264210000000000036e+04
1.159000000000000000e+03 1.264235000000000036e+04
9.830000000000000000e+02 1.264820000000000073e+04
1.167000000000000000e+03 1.264835000000000036e+04
1.199000000000000000e+03 1.264895000000000073e+04
1.039000000000000000e+03 1.265010000000000036e+04
9.110000000000000000e+02 1.265045000000000073e+04
8.230000000000000000e+02 1.265295000000000073e+04
8.310000000000000000e+02 1.265535000000000036e+04
1.071000000000000000e+03 1.265685000000000036e+04
1.119000000000000000e+03 1.265825000000000000e+04
9.190000000000000000e+02 1.265889999999999964e+04
9.990000000000000000e+02 1.266214999999999964e+04
1.095000000000000000e+03 1.266414999999999964e+04
1.151000000000000000e+03 1.266470000000000073e+04
1.007000000000000000e+03 1.266810000000000036e+04
8.470000000000000000e+02 1.266880000000000109e+04
8.870000000000000000e+02 1.267030000000000109e+04
1.079000000000000000e+03 1.267195000000000073e+04
9.910000000000000000e+02 1.267270000000000073e+04
1.055000000000000000e+03 1.267489999999999964e+04
8.390000000000000000e+02 1.267514999999999964e+04
8.550000000000000000e+02 1.267730000000000109e+04
1.175000000000000000e+03 1.268139999999999964e+04
8.950000000000000000e+02 1.268175000000000000e+04
9.830000000000000000e+02 1.268255000000000109e+04
9.510000000000000000e+02 1.268360000000000036e+04
9.350000000000000000e+02 1.268535000000000036e+04
8.710000000000000000e+02 1.268664999999999964e+04
1.143000000000000000e+03 1.268910000000000036e+04
1.167000000000000000e+03 1.268910000000000036e+04
9.750000000000000000e+02 1.268939999999999964e+04
1.039000000000000000e+03 1.268960000000000036e+04
9.270000000000000000e+02 1.269005000000000109e+04
1.087000000000000000e+03 1.269175000000000000e+04
1.071000000000000000e+03 1.269325000000000000e+04
1.103000000000000000e+03 1.269335000000000036e+04
9.670000000000000000e+02 1.269505000000000109e+04
8.870000000000000000e+02 1.269545000000000073e+04
9.990000000000000000e+02 1.269570000000000073e+04
1.015000000000000000e+03 1.269755000000000109e+04
1.191000000000000000e+03 1.270035000000000036e+04
1.119000000000000000e+03 1.270055000000000109e+04
9.190000000000000000e+02 1.270120000000000073e+04
1.199000000000000000e+03 1.270164999999999964e+04
9.030000000000000000e+02 1.270585000000000036e+04
8.630000000000000000e+02 1.270670000000000073e+04
9.110000000000000000e+02 1.270880000000000109e+04
9.430000000000000000e+02 1.270935000000000036e+04
1.031000000000000000e+03 1.270950000000000000e+04
8.390000000000000000e+02 1.271280000000000109e+04
1.135000000000000000e+03 1.271380000000000109e+04
8.310000000000000000e+02 1.271385000000000036e+04
1.007000000000000000e+03 1.271530000000000109e+04
1.047000000000000000e+03 1.271760000000000036e+04
8.150000000000000000e+02 1.271810000000000036e+04
8.550000000000000000e+02 1.271885000000000036e+04
1.055000000000000000e+03 1.272250000000000000e+04
8.230000000000000000e+02 1.272255000000000109e+04
1.103000000000000000e+03 1.272410000000000036e+04
8.070000000000000000e+02 1.272450000000000000e+04
1.095000000000000000e+03 1.272480000000000109e+04
1.063000000000000000e+03 1.272495000000000073e+04
1.159000000000000000e+03 1.272545000000000073e+04
1.079000000000000000e+03 1.272625000000000000e+04
9.830000000000000000e+02 1.272660000000000036e+04
8.950000000000000000e+02 1.272670000000000073e+04
1.039000000000000000e+03 1.272760000000000036e+04
9.270000000000000000e+02 1.273289999999999964e+04
9.910000000000000000e+02 1.273360000000000036e+04
8.630000000000000000e+02 1.273525000000000000e+04
1.151000000000000000e+03 1.274220000000000073e+04
1.111000000000000000e+03 1.274310000000000036e+04
8.470000000000000000e+02 1.274360000000000036e+04
1.135000000000000000e+03 1.274439999999999964e+04
1.023000000000000000e+03 1.274485000000000036e+04
1.143000000000000000e+03 1.274710000000000036e+04
8.390000000000000000e+02 1.274810000000000036e+04
9.190000000000000000e+02 1.274914999999999964e+04
9.590000000000000000e+02 1.275370000000000073e+04
1.119000000000000000e+03 1.275614999999999964e+04
1.167000000000000000e+03 1.275630000000000109e+04
1.071000000000000000e+03 1.275635000000000036e+04
1.031000000000000000e+03 1.275680000000000109e+04
8.710000000000000000e+02 1.275745000000000073e+04
9.670000000000000000e+02 1.276175000000000000e+04
1.199000000000000000e+03 1.276250000000000000e+04
1.175000000000000000e+03 1.276270000000000073e+04
8.310000000000000000e+02 1.276295000000000073e+04
9.030000000000000000e+02 1.276335000000000036e+04
9.350000000000000000e+02 1.276464999999999964e+04
1.007000000000000000e+03 1.276620000000000073e+04
1.159000000000000000e+03 1.276695000000000073e+04
1.015000000000000000e+03 1.277020000000000073e+04
9.750000000000000000e+02 1.277060000000000036e+04
8.150000000000000000e+02 1.277410000000000036e+04
1.063000000000000000e+03 1.277405000000000109e+04
1.135000000000000000e+03 1.277520000000000073e+04
1.023000000000000000e+03 1.277625000000000000e+04
1.111000000000000000e+03 1.277780000000000109e+04
8.550000000000000000e+02 1.277910000000000036e+04
8.070000000000000000e+02 1.278130000000000109e+04
9.270000000000000000e+02 1.278175000000000000e+04
9.910000000000000000e+02 1.278200000000000000e+04
8.630000000000000000e+02 1.278310000000000036e+04
8.230000000000000000e+02 1.278355000000000109e+04
9.190000000000000000e+02 1.278410000000000036e+04
8.390000000000000000e+02 1.278439999999999964e+04
1.151000000000000000e+03 1.278450000000000000e+04
1.055000000000000000e+03 1.278480000000000109e+04
8.870000000000000000e+02 1.278500000000000000e+04
1.167000000000000000e+03 1.278620000000000073e+04
9.830000000000000000e+02 1.278730000000000109e+04
8.950000000000000000e+02 1.278885000000000036e+04
1.103000000000000000e+03 1.278925000000000000e+04
9.990000000000000000e+02 1.279210000000000036e+04
1.095000000000000000e+03 1.279439999999999964e+04
9.670000000000000000e+02 1.279670000000000073e+04
1.031000000000000000e+03 1.279755000000000109e+04
1.007000000000000000e+03 1.280360000000000036e+04
8.470000000000000000e+02 1.280395000000000073e+04
8.710000000000000000e+02 1.280414999999999964e+04
1.191000000000000000e+03 1.280514999999999964e+04
9.030000000000000000e+02 1.280805000000000109e+04
8.790000000000000000e+02 1.280910000000000036e+04
9.110000000000000000e+02 1.280935000000000036e+04
1.199000000000000000e+03 1.280975000000000000e+04
1.175000000000000000e+03 1.281039999999999964e+04
8.150000000000000000e+02 1.281300000000000000e+04
1.119000000000000000e+03 1.281330000000000109e+04
9.750000000000000000e+02 1.281355000000000109e+04
8.070000000000000000e+02 1.281545000000000073e+04
9.590000000000000000e+02 1.281614999999999964e+04
1.127000000000000000e+03 1.281630000000000109e+04
8.230000000000000000e+02 1.281750000000000000e+04
1.143000000000000000e+03 1.281789999999999964e+04
9.990000000000000000e+02 1.281845000000000073e+04
8.310000000000000000e+02 1.281905000000000109e+04
1.135000000000000000e+03 1.281930000000000109e+04
1.087000000000000000e+03 1.281950000000000000e+04
8.550000000000000000e+02 1.281975000000000000e+04
1.055000000000000000e+03 1.282555000000000109e+04
9.910000000000000000e+02 1.282780000000000109e+04
1.079000000000000000e+03 1.282900000000000000e+04
1.111000000000000000e+03 1.282920000000000073e+04
8.950000000000000000e+02 1.282980000000000109e+04
1.047000000000000000e+03 1.283164999999999964e+04
1.183000000000000000e+03 1.283289999999999964e+04
8.790000000000000000e+02 1.283630000000000109e+04
1.023000000000000000e+03 1.283650000000000000e+04
9.350000000000000000e+02 1.283675000000000000e+04
8.150000000000000000e+02 1.283814999999999964e+04
9.510000000000000000e+02 1.283945000000000073e+04
1.151000000000000000e+03 1.283970000000000073e+04
1.167000000000000000e+03 1.284189999999999964e+04
1.191000000000000000e+03 1.284200000000000000e+04
8.710000000000000000e+02 1.284289999999999964e+04
8.470000000000000000e+02 1.284295000000000073e+04
1.159000000000000000e+03 1.284355000000000109e+04
1.103000000000000000e+03 1.284785000000000036e+04
1.143000000000000000e+03 1.284785000000000036e+04
1.031000000000000000e+03 1.284885000000000036e+04
9.190000000000000000e+02 1.284955000000000109e+04
9.670000000000000000e+02 1.284975000000000000e+04
8.390000000000000000e+02 1.285020000000000073e+04
1.135000000000000000e+03 1.285055000000000109e+04
8.230000000000000000e+02 1.285125000000000000e+04
9.030000000000000000e+02 1.285700000000000000e+04
8.070000000000000000e+02 1.285810000000000036e+04
9.830000000000000000e+02 1.285860000000000036e+04
1.007000000000000000e+03 1.286025000000000000e+04
8.630000000000000000e+02 1.286230000000000109e+04
1.079000000000000000e+03 1.286295000000000073e+04
1.119000000000000000e+03 1.286475000000000000e+04
9.990000000000000000e+02 1.286535000000000036e+04
1.111000000000000000e+03 1.286545000000000073e+04
1.039000000000000000e+03 1.286650000000000000e+04
9.750000000000000000e+02 1.286660000000000036e+04
8.310000000000000000e+02 1.286925000000000000e+04
1.199000000000000000e+03 1.287064999999999964e+04
1.159000000000000000e+03 1.287595000000000073e+04
1.183000000000000000e+03 1.287775000000000000e+04
8.550000000000000000e+02 1.287814999999999964e+04
1.151000000000000000e+03 1.287870000000000073e+04
8.950000000000000000e+02 1.287905000000000109e+04
1.087000000000000000e+03 1.287975000000000000e+04
1.023000000000000000e+03 1.287995000000000073e+04
8.870000000000000000e+02 1.288014999999999964e+04
1.055000000000000000e+03 1.288045000000000073e+04
9.190000000000000000e+02 1.288305000000000109e+04
8.470000000000000000e+02 1.288755000000000109e+04
1.071000000000000000e+03 1.288900000000000000e+04
9.590000000000000000e+02 1.289064999999999964e+04
1.127000000000000000e+03 1.289160000000000036e+04
1.007000000000000000e+03 1.289230000000000109e+04
1.119000000000000000e+03 1.289310000000000036e+04
1.103000000000000000e+03 1.289455000000000109e+04
9.670000000000000000e+02 1.289485000000000036e+04
9.430000000000000000e+02 1.289880000000000109e+04
1.063000000000000000e+03 1.290345000000000073e+04
1.095000000000000000e+03 1.290680000000000109e+04
1.135000000000000000e+03 1.290680000000000109e+04
9.350000000000000000e+02 1.290930000000000109e+04
9.750000000000000000e+02 1.290980000000000109e+04
8.230000000000000000e+02 1.291010000000000036e+04
8.070000000000000000e+02 1.291060000000000036e+04
9.910000000000000000e+02 1.291114999999999964e+04
1.055000000000000000e+03 1.291275000000000000e+04
8.790000000000000000e+02 1.291345000000000073e+04
9.990000000000000000e+02 1.291420000000000073e+04
1.151000000000000000e+03 1.291510000000000036e+04
1.111000000000000000e+03 1.291555000000000109e+04
1.039000000000000000e+03 1.291570000000000073e+04
9.270000000000000000e+02 1.291635000000000036e+04
8.710000000000000000e+02 1.291650000000000000e+04
8.630000000000000000e+02 1.291750000000000000e+04
1.119000000000000000e+03 1.291785000000000036e+04
8.310000000000000000e+02 1.292060000000000036e+04
8.870000000000000000e+02 1.292189999999999964e+04
1.023000000000000000e+03 1.292270000000000073e+04
1.031000000000000000e+03 1.292264999999999964e+04
1.199000000000000000e+03 1.292270000000000073e+04
1.079000000000000000e+03 1.292795000000000073e+04
9.830000000000000000e+02 1.292870000000000073e+04
9.030000000000000000e+02 1.292970000000000073e+04
9.670000000000000000e+02 1.293020000000000073e+04
1.071000000000000000e+03 1.293095000000000073e+04
1.007000000000000000e+03 1.293170000000000073e+04
1.087000000000000000e+03 1.293185000000000036e+04
1.127000000000000000e+03 1.293350000000000000e+04
8.550000000000000000e+02 1.293650000000000000e+04
1.063000000000000000e+03 1.293750000000000000e+04
8.710000000000000000e+02 1.293855000000000109e+04
1.159000000000000000e+03 1.294330000000000109e+04
8.150000000000000000e+02 1.294395000000000073e+04
9.590000000000000000e+02 1.294405000000000109e+04
9.510000000000000000e+02 1.294764999999999964e+04
1.167000000000000000e+03 1.294960000000000036e+04
1.055000000000000000e+03 1.295110000000000036e+04
1.119000000000000000e+03 1.295114999999999964e+04
8.230000000000000000e+02 1.295250000000000000e+04
8.310000000000000000e+02 1.295260000000000036e+04
9.750000000000000000e+02 1.295260000000000036e+04
1.143000000000000000e+03 1.295310000000000036e+04
1.199000000000000000e+03 1.295314999999999964e+04
9.990000000000000000e+02 1.295460000000000036e+04
8.470000000000000000e+02 1.295635000000000036e+04
9.910000000000000000e+02 1.295689999999999964e+04
1.175000000000000000e+03 1.295835000000000036e+04
1.095000000000000000e+03 1.295910000000000036e+04
8.390000000000000000e+02 1.295914999999999964e+04
1.015000000000000000e+03 1.296210000000000036e+04
1.031000000000000000e+03 1.296245000000000073e+04
9.350000000000000000e+02 1.296460000000000036e+04
1.135000000000000000e+03 1.296539999999999964e+04
9.030000000000000000e+02 1.296950000000000000e+04
8.630000000000000000e+02 1.297080000000000109e+04
1.023000000000000000e+03 1.297075000000000000e+04
1.167000000000000000e+03 1.297100000000000000e+04
1.159000000000000000e+03 1.297105000000000109e+04
1.039000000000000000e+03 1.297160000000000036e+04
8.070000000000000000e+02 1.297189999999999964e+04
9.110000000000000000e+02 1.297285000000000036e+04
9.190000000000000000e+02 1.297545000000000073e+04
1.191000000000000000e+03 1.297630000000000109e+04
1.007000000000000000e+03 1.297645000000000073e+04
9.670000000000000000e+02 1.297805000000000109e+04
1.151000000000000000e+03 1.298200000000000000e+04
1.175000000000000000e+03 1.298514999999999964e+04
9.990000000000000000e+02 1.298625000000000000e+04
1.063000000000000000e+03 1.298805000000000109e+04
8.550000000000000000e+02 1.299525000000000000e+04
8.390000000000000000e+02 1.299600000000000000e+04
9.830000000000000000e+02 1.299700000000000000e+04
1.047000000000000000e+03 1.299735000000000036e+04
8.630000000000000000e+02 1.299755000000000109e+04
1.127000000000000000e+03 1.299800000000000000e+04
9.750000000000000000e+02 1.299825000000000000e+04
9.350000000000000000e+02 1.299845000000000073e+04
8.310000000000000000e+02 1.300010000000000036e+04
8.470000000000000000e+02 1.300139999999999964e+04
1.023000000000000000e+03 1.300389999999999964e+04
1.143000000000000000e+03 1.300410000000000036e+04
1.087000000000000000e+03 1.300580000000000109e+04
8.150000000000000000e+02 1.300620000000000073e+04
1.095000000000000000e+03 1.300770000000000073e+04
8.230000000000000000e+02 1.301039999999999964e+04
8.710000000000000000e+02 1.301125000000000000e+04
9.910000000000000000e+02 1.301250000000000000e+04
1.063000000000000000e+03 1.301275000000000000e+04
9.270000000000000000e+02 1.301310000000000036e+04
1.079000000000000000e+03 1.301775000000000000e+04
1.047000000000000000e+03 1.301925000000000000e+04
1.071000000000000000e+03 1.302589999999999964e+04
1.055000000000000000e+03 1.302600000000000000e+04
9.590000000000000000e+02 1.302670000000000073e+04
8.630000000000000000e+02 1.302685000000000036e+04
9.990000000000000000e+02 1.302725000000000000e+04
8.070000000000000000e+02 1.302960000000000036e+04
9.110000000000000000e+02 1.302970000000000073e+04
9.190000000000000000e+02 1.303060000000000036e+04
8.870000000000000000e+02 1.303189999999999964e+04
9.350000000000000000e+02 1.303195000000000073e+04
1.111000000000000000e+03 1.303239999999999964e+04
1.191000000000000000e+03 1.303310000000000036e+04
1.119000000000000000e+03 1.303410000000000036e+04
1.159000000000000000e+03 1.303405000000000109e+04
8.150000000000000000e+02 1.303520000000000073e+04
8.230000000000000000e+02 1.303614999999999964e+04
9.430000000000000000e+02 1.303714999999999964e+04
1.167000000000000000e+03 1.304120000000000073e+04
1.183000000000000000e+03 1.304210000000000036e+04
1.087000000000000000e+03 1.304280000000000109e+04
9.670000000000000000e+02 1.304310000000000036e+04
9.910000000000000000e+02 1.304470000000000073e+04
1.151000000000000000e+03 1.304575000000000000e+04
8.470000000000000000e+02 1.304710000000000036e+04
8.710000000000000000e+02 1.304855000000000109e+04
9.830000000000000000e+02 1.304855000000000109e+04
1.135000000000000000e+03 1.304925000000000000e+04
1.175000000000000000e+03 1.304925000000000000e+04
1.095000000000000000e+03 1.305035000000000036e+04
8.630000000000000000e+02 1.305585000000000036e+04
1.039000000000000000e+03 1.305720000000000073e+04
9.030000000000000000e+02 1.305889999999999964e+04
9.350000000000000000e+02 1.306030000000000109e+04
9.590000000000000000e+02 1.306300000000000000e+04
9.190000000000000000e+02 1.306355000000000109e+04
8.390000000000000000e+02 1.306385000000000036e+04
1.023000000000000000e+03 1.306514999999999964e+04
1.007000000000000000e+03 1.306585000000000036e+04
9.990000000000000000e+02 1.307060000000000036e+04
1.095000000000000000e+03 1.307139999999999964e+04
8.870000000000000000e+02 1.307155000000000109e+04
1.143000000000000000e+03 1.307164999999999964e+04
8.790000000000000000e+02 1.307180000000000109e+04
8.550000000000000000e+02 1.307230000000000109e+04
1.119000000000000000e+03 1.307675000000000000e+04
1.111000000000000000e+03 1.307764999999999964e+04
9.830000000000000000e+02 1.307810000000000036e+04
8.950000000000000000e+02 1.307835000000000036e+04
9.670000000000000000e+02 1.307900000000000000e+04
1.055000000000000000e+03 1.308410000000000036e+04
1.103000000000000000e+03 1.308770000000000073e+04
9.430000000000000000e+02 1.308805000000000109e+04
8.710000000000000000e+02 1.308845000000000073e+04
8.070000000000000000e+02 1.308920000000000073e+04
1.071000000000000000e+03 1.309425000000000000e+04
1.199000000000000000e+03 1.309450000000000000e+04
9.110000000000000000e+02 1.309575000000000000e+04
1.167000000000000000e+03 1.309650000000000000e+04
9.510000000000000000e+02 1.309670000000000073e+04
1.031000000000000000e+03 1.309930000000000109e+04
9.670000000000000000e+02 1.310220000000000073e+04
1.063000000000000000e+03 1.310380000000000109e+04
8.310000000000000000e+02 1.310385000000000036e+04
1.023000000000000000e+03 1.310420000000000073e+04
1.191000000000000000e+03 1.310435000000000036e+04
8.550000000000000000e+02 1.310530000000000109e+04
1.151000000000000000e+03 1.310545000000000073e+04
9.590000000000000000e+02 1.310805000000000109e+04
8.230000000000000000e+02 1.310835000000000036e+04
1.143000000000000000e+03 1.310960000000000036e+04
1.135000000000000000e+03 1.311050000000000000e+04
9.990000000000000000e+02 1.311235000000000036e+04
8.390000000000000000e+02 1.311345000000000073e+04
1.119000000000000000e+03 1.311345000000000073e+04
1.087000000000000000e+03 1.311360000000000036e+04
9.910000000000000000e+02 1.311460000000000036e+04
9.750000000000000000e+02 1.311510000000000036e+04
8.870000000000000000e+02 1.311550000000000000e+04
8.950000000000000000e+02 1.311620000000000073e+04
8.470000000000000000e+02 1.311689999999999964e+04
1.159000000000000000e+03 1.311700000000000000e+04
8.150000000000000000e+02 1.311889999999999964e+04
1.183000000000000000e+03 1.312325000000000000e+04
1.007000000000000000e+03 1.312580000000000109e+04
9.030000000000000000e+02 1.312685000000000036e+04
1.103000000000000000e+03 1.312695000000000073e+04
1.111000000000000000e+03 1.313085000000000036e+04
8.070000000000000000e+02 1.313150000000000000e+04
9.350000000000000000e+02 1.313205000000000109e+04
1.095000000000000000e+03 1.313275000000000000e+04
1.151000000000000000e+03 1.313360000000000036e+04
9.270000000000000000e+02 1.313580000000000109e+04
1.015000000000000000e+03 1.313685000000000036e+04
1.055000000000000000e+03 1.313835000000000036e+04
1.119000000000000000e+03 1.313850000000000000e+04
8.630000000000000000e+02 1.313880000000000109e+04
1.039000000000000000e+03 1.313880000000000109e+04
9.670000000000000000e+02 1.313905000000000109e+04
1.023000000000000000e+03 1.313914999999999964e+04
8.390000000000000000e+02 1.314595000000000073e+04
8.550000000000000000e+02 1.314685000000000036e+04
9.910000000000000000e+02 1.315035000000000036e+04
8.790000000000000000e+02 1.315170000000000073e+04
9.830000000000000000e+02 1.315170000000000073e+04
1.159000000000000000e+03 1.315245000000000073e+04
8.150000000000000000e+02 1.315285000000000036e+04
8.230000000000000000e+02 1.315320000000000073e+04
1.079000000000000000e+03 1.315330000000000109e+04
1.199000000000000000e+03 1.315375000000000000e+04
1.103000000000000000e+03 1.315389999999999964e+04
1.063000000000000000e+03 1.315414999999999964e+04
1.071000000000000000e+03 1.315495000000000073e+04
1.007000000000000000e+03 1.315580000000000109e+04
8.310000000000000000e+02 1.315750000000000000e+04
1.167000000000000000e+03 1.315745000000000073e+04
9.430000000000000000e+02 1.315835000000000036e+04
8.710000000000000000e+02 1.315845000000000073e+04
1.191000000000000000e+03 1.315885000000000036e+04
1.143000000000000000e+03 1.316025000000000000e+04
1.031000000000000000e+03 1.316205000000000109e+04
8.470000000000000000e+02 1.316310000000000036e+04
1.151000000000000000e+03 1.316455000000000109e+04
8.630000000000000000e+02 1.316630000000000109e+04
8.950000000000000000e+02 1.316835000000000036e+04
1.087000000000000000e+03 1.316955000000000109e+04
9.510000000000000000e+02 1.317035000000000036e+04
9.350000000000000000e+02 1.317230000000000109e+04
9.750000000000000000e+02 1.317239999999999964e+04
1.015000000000000000e+03 1.317335000000000036e+04
8.870000000000000000e+02 1.317395000000000073e+04
1.191000000000000000e+03 1.317570000000000073e+04
1.023000000000000000e+03 1.317605000000000109e+04
1.119000000000000000e+03 1.317614999999999964e+04
1.095000000000000000e+03 1.317935000000000036e+04
9.190000000000000000e+02 1.318030000000000109e+04
9.910000000000000000e+02 1.318110000000000036e+04
9.990000000000000000e+02 1.318225000000000000e+04
9.590000000000000000e+02 1.318260000000000036e+04
1.175000000000000000e+03 1.318270000000000073e+04
1.055000000000000000e+03 1.318285000000000036e+04
9.270000000000000000e+02 1.318364999999999964e+04
8.710000000000000000e+02 1.318480000000000109e+04
1.071000000000000000e+03 1.318505000000000109e+04
8.390000000000000000e+02 1.318595000000000073e+04
1.183000000000000000e+03 1.318639999999999964e+04
1.047000000000000000e+03 1.318989999999999964e+04
1.127000000000000000e+03 1.319060000000000036e+04
1.111000000000000000e+03 1.319435000000000036e+04
1.007000000000000000e+03 1.319445000000000073e+04
8.070000000000000000e+02 1.319485000000000036e+04
1.143000000000000000e+03 1.319645000000000073e+04
1.079000000000000000e+03 1.319860000000000036e+04
1.103000000000000000e+03 1.320230000000000109e+04
9.670000000000000000e+02 1.320255000000000109e+04
1.135000000000000000e+03 1.320255000000000109e+04
8.550000000000000000e+02 1.320820000000000073e+04
8.150000000000000000e+02 1.320925000000000000e+04
8.470000000000000000e+02 1.320925000000000000e+04
9.030000000000000000e+02 1.321010000000000036e+04
9.430000000000000000e+02 1.321120000000000073e+04
1.015000000000000000e+03 1.321400000000000000e+04
9.350000000000000000e+02 1.321625000000000000e+04
1.119000000000000000e+03 1.321689999999999964e+04
1.167000000000000000e+03 1.321730000000000109e+04
8.230000000000000000e+02 1.321789999999999964e+04
9.590000000000000000e+02 1.321825000000000000e+04
9.990000000000000000e+02 1.321875000000000000e+04
1.031000000000000000e+03 1.321925000000000000e+04
8.950000000000000000e+02 1.321970000000000073e+04
8.310000000000000000e+02 1.322289999999999964e+04
1.143000000000000000e+03 1.322455000000000109e+04
1.151000000000000000e+03 1.322745000000000073e+04
1.047000000000000000e+03 1.322795000000000073e+04
9.270000000000000000e+02 1.322805000000000109e+04
1.055000000000000000e+03 1.322860000000000036e+04
1.095000000000000000e+03 1.322860000000000036e+04
8.630000000000000000e+02 1.322885000000000036e+04
1.159000000000000000e+03 1.322935000000000036e+04
1.087000000000000000e+03 1.323045000000000073e+04
1.175000000000000000e+03 1.323345000000000073e+04
1.071000000000000000e+03 1.323420000000000073e+04
1.063000000000000000e+03 1.323464999999999964e+04
8.870000000000000000e+02 1.323660000000000036e+04
9.510000000000000000e+02 1.323880000000000109e+04
1.199000000000000000e+03 1.323925000000000000e+04
9.190000000000000000e+02 1.323950000000000000e+04
8.150000000000000000e+02 1.323960000000000036e+04
9.670000000000000000e+02 1.323995000000000073e+04
9.750000000000000000e+02 1.324025000000000000e+04
1.191000000000000000e+03 1.324495000000000073e+04
8.070000000000000000e+02 1.324695000000000073e+04
8.550000000000000000e+02 1.324720000000000073e+04
9.110000000000000000e+02 1.324795000000000073e+04
8.230000000000000000e+02 1.324825000000000000e+04
1.095000000000000000e+03 1.325410000000000036e+04
1.007000000000000000e+03 1.325520000000000073e+04
1.047000000000000000e+03 1.325539999999999964e+04
1.079000000000000000e+03 1.325575000000000000e+04
8.310000000000000000e+02 1.325825000000000000e+04
9.590000000000000000e+02 1.326005000000000109e+04
1.199000000000000000e+03 1.326060000000000036e+04
9.910000000000000000e+02 1.326155000000000109e+04
9.990000000000000000e+02 1.326589999999999964e+04
8.630000000000000000e+02 1.326670000000000073e+04
1.063000000000000000e+03 1.326770000000000073e+04
1.159000000000000000e+03 1.326789999999999964e+04
8.710000000000000000e+02 1.326855000000000109e+04
1.127000000000000000e+03 1.327039999999999964e+04
1.111000000000000000e+03 1.327145000000000073e+04
9.670000000000000000e+02 1.327210000000000036e+04
8.150000000000000000e+02 1.327225000000000000e+04
9.270000000000000000e+02 1.327305000000000109e+04
8.550000000000000000e+02 1.327314999999999964e+04
1.103000000000000000e+03 1.327555000000000109e+04
9.750000000000000000e+02 1.327689999999999964e+04
8.950000000000000000e+02 1.327710000000000036e+04
1.119000000000000000e+03 1.327770000000000073e+04
1.167000000000000000e+03 1.327789999999999964e+04
1.071000000000000000e+03 1.328555000000000109e+04
9.030000000000000000e+02 1.328570000000000073e+04
1.151000000000000000e+03 1.328570000000000073e+04
8.870000000000000000e+02 1.328975000000000000e+04
1.143000000000000000e+03 1.329339999999999964e+04
9.430000000000000000e+02 1.329430000000000109e+04
9.830000000000000000e+02 1.329430000000000109e+04
1.087000000000000000e+03 1.329900000000000000e+04
1.039000000000000000e+03 1.329939999999999964e+04
8.390000000000000000e+02 1.330160000000000036e+04
8.630000000000000000e+02 1.330195000000000073e+04
9.590000000000000000e+02 1.330389999999999964e+04
9.670000000000000000e+02 1.330450000000000000e+04
1.159000000000000000e+03 1.330489999999999964e+04
8.070000000000000000e+02 1.330505000000000109e+04
9.990000000000000000e+02 1.330510000000000036e+04
1.023000000000000000e+03 1.330589999999999964e+04
8.470000000000000000e+02 1.330820000000000073e+04
9.510000000000000000e+02 1.330950000000000000e+04
1.079000000000000000e+03 1.331130000000000109e+04
1.175000000000000000e+03 1.331139999999999964e+04
9.190000000000000000e+02 1.331305000000000109e+04
1.007000000000000000e+03 1.331370000000000073e+04
1.191000000000000000e+03 1.331410000000000036e+04
1.119000000000000000e+03 1.331555000000000109e+04
9.110000000000000000e+02 1.332064999999999964e+04
1.135000000000000000e+03 1.332314999999999964e+04
8.550000000000000000e+02 1.332335000000000036e+04
8.790000000000000000e+02 1.332425000000000000e+04
9.910000000000000000e+02 1.332589999999999964e+04
9.430000000000000000e+02 1.332864999999999964e+04
1.095000000000000000e+03 1.333050000000000000e+04
8.630000000000000000e+02 1.333280000000000109e+04
1.063000000000000000e+03 1.333280000000000109e+04
1.055000000000000000e+03 1.333380000000000109e+04
1.087000000000000000e+03 1.333525000000000000e+04
9.750000000000000000e+02 1.333605000000000109e+04
8.150000000000000000e+02 1.333800000000000000e+04
8.070000000000000000e+02 1.333810000000000036e+04
9.270000000000000000e+02 1.333805000000000109e+04
9.990000000000000000e+02 1.333850000000000000e+04
1.031000000000000000e+03 1.333845000000000073e+04
9.030000000000000000e+02 1.333870000000000073e+04
8.390000000000000000e+02 1.333875000000000000e+04
1.159000000000000000e+03 1.334350000000000000e+04
8.710000000000000000e+02 1.334495000000000073e+04
9.590000000000000000e+02 1.334920000000000073e+04
1.111000000000000000e+03 1.334945000000000073e+04
1.071000000000000000e+03 1.335000000000000000e+04
1.007000000000000000e+03 1.335050000000000000e+04
1.143000000000000000e+03 1.335075000000000000e+04
1.119000000000000000e+03 1.335085000000000036e+04
1.023000000000000000e+03 1.335114999999999964e+04
8.950000000000000000e+02 1.335200000000000000e+04
1.103000000000000000e+03 1.335510000000000036e+04
8.310000000000000000e+02 1.335514999999999964e+04
9.110000000000000000e+02 1.335520000000000073e+04
1.079000000000000000e+03 1.335560000000000036e+04
8.870000000000000000e+02 1.335585000000000036e+04
9.830000000000000000e+02 1.335600000000000000e+04
8.230000000000000000e+02 1.335645000000000073e+04
8.550000000000000000e+02 1.335825000000000000e+04
9.510000000000000000e+02 1.335950000000000000e+04
1.167000000000000000e+03 1.336264999999999964e+04
9.270000000000000000e+02 1.336300000000000000e+04
1.039000000000000000e+03 1.336364999999999964e+04
9.350000000000000000e+02 1.336545000000000073e+04
9.430000000000000000e+02 1.336745000000000073e+04
9.190000000000000000e+02 1.336855000000000109e+04
1.015000000000000000e+03 1.336860000000000036e+04
1.095000000000000000e+03 1.336864999999999964e+04
1.047000000000000000e+03 1.337180000000000109e+04
1.055000000000000000e+03 1.337539999999999964e+04
1.159000000000000000e+03 1.337545000000000073e+04
1.071000000000000000e+03 1.337614999999999964e+04
8.070000000000000000e+02 1.337630000000000109e+04
1.087000000000000000e+03 1.337810000000000036e+04
8.390000000000000000e+02 1.337845000000000073e+04
1.135000000000000000e+03 1.338120000000000073e+04
8.630000000000000000e+02 1.338225000000000000e+04
1.143000000000000000e+03 1.338335000000000036e+04
8.230000000000000000e+02 1.338345000000000073e+04
1.007000000000000000e+03 1.338450000000000000e+04
9.910000000000000000e+02 1.338475000000000000e+04
1.151000000000000000e+03 1.338864999999999964e+04
1.127000000000000000e+03 1.338960000000000036e+04
1.199000000000000000e+03 1.338975000000000000e+04
8.150000000000000000e+02 1.339114999999999964e+04
9.750000000000000000e+02 1.339230000000000109e+04
1.159000000000000000e+03 1.339425000000000000e+04
1.063000000000000000e+03 1.339500000000000000e+04
9.590000000000000000e+02 1.339710000000000036e+04
8.550000000000000000e+02 1.339735000000000036e+04
9.670000000000000000e+02 1.339785000000000036e+04
9.030000000000000000e+02 1.340005000000000109e+04
1.055000000000000000e+03 1.340605000000000109e+04
8.870000000000000000e+02 1.340714999999999964e+04
9.990000000000000000e+02 1.340785000000000036e+04
8.630000000000000000e+02 1.340900000000000000e+04
8.950000000000000000e+02 1.341164999999999964e+04
1.071000000000000000e+03 1.341285000000000036e+04
1.111000000000000000e+03 1.341300000000000000e+04
9.110000000000000000e+02 1.341414999999999964e+04
1.039000000000000000e+03 1.341575000000000000e+04
8.390000000000000000e+02 1.341720000000000073e+04
8.070000000000000000e+02 1.341910000000000036e+04
9.190000000000000000e+02 1.341920000000000073e+04
1.135000000000000000e+03 1.342080000000000109e+04
9.270000000000000000e+02 1.342164999999999964e+04
9.830000000000000000e+02 1.342395000000000073e+04
9.510000000000000000e+02 1.342460000000000036e+04
1.151000000000000000e+03 1.342460000000000036e+04
8.470000000000000000e+02 1.342475000000000000e+04
9.350000000000000000e+02 1.342480000000000109e+04
8.310000000000000000e+02 1.342555000000000109e+04
8.710000000000000000e+02 1.342575000000000000e+04
1.175000000000000000e+03 1.342595000000000073e+04
1.199000000000000000e+03 1.342600000000000000e+04
1.079000000000000000e+03 1.342725000000000000e+04
9.430000000000000000e+02 1.343135000000000036e+04
8.550000000000000000e+02 1.343185000000000036e+04
9.670000000000000000e+02 1.343264999999999964e+04
1.007000000000000000e+03 1.343335000000000036e+04
1.095000000000000000e+03 1.343400000000000000e+04
1.063000000000000000e+03 1.343414999999999964e+04
1.023000000000000000e+03 1.343464999999999964e+04
1.119000000000000000e+03 1.343580000000000109e+04
1.143000000000000000e+03 1.343725000000000000e+04
1.015000000000000000e+03 1.343945000000000073e+04
1.167000000000000000e+03 1.343985000000000036e+04
1.031000000000000000e+03 1.344014999999999964e+04
8.230000000000000000e+02 1.344200000000000000e+04
1.087000000000000000e+03 1.344410000000000036e+04
9.910000000000000000e+02 1.344455000000000109e+04
9.750000000000000000e+02 1.344575000000000000e+04
1.047000000000000000e+03 1.344580000000000109e+04
9.590000000000000000e+02 1.345105000000000109e+04
8.950000000000000000e+02 1.345135000000000036e+04
9.110000000000000000e+02 1.345275000000000000e+04
8.150000000000000000e+02 1.345345000000000073e+04
1.159000000000000000e+03 1.345435000000000036e+04
9.830000000000000000e+02 1.345620000000000073e+04
8.630000000000000000e+02 1.345750000000000000e+04
8.070000000000000000e+02 1.345795000000000073e+04
8.870000000000000000e+02 1.345810000000000036e+04
1.071000000000000000e+03 1.345960000000000036e+04
1.063000000000000000e+03 1.346060000000000036e+04
1.127000000000000000e+03 1.346105000000000109e+04
8.310000000000000000e+02 1.346164999999999964e+04
1.135000000000000000e+03 1.346245000000000073e+04
1.151000000000000000e+03 1.346370000000000073e+04
8.390000000000000000e+02 1.346485000000000036e+04
1.031000000000000000e+03 1.346710000000000036e+04
1.183000000000000000e+03 1.346845000000000073e+04
8.550000000000000000e+02 1.346930000000000109e+04
1.103000000000000000e+03 1.347180000000000109e+04
1.007000000000000000e+03 1.347264999999999964e+04
1.055000000000000000e+03 1.347295000000000073e+04
9.030000000000000000e+02 1.347475000000000000e+04
1.087000000000000000e+03 1.347514999999999964e+04
8.230000000000000000e+02 1.347535000000000036e+04
1.095000000000000000e+03 1.347545000000000073e+04
8.470000000000000000e+02 1.347780000000000109e+04
9.430000000000000000e+02 1.347820000000000073e+04
1.199000000000000000e+03 1.348105000000000109e+04
1.191000000000000000e+03 1.348185000000000036e+04
1.175000000000000000e+03 1.348230000000000109e+04
9.190000000000000000e+02 1.348360000000000036e+04
8.150000000000000000e+02 1.348400000000000000e+04
9.510000000000000000e+02 1.348414999999999964e+04
9.270000000000000000e+02 1.348460000000000036e+04
1.159000000000000000e+03 1.348600000000000000e+04
1.079000000000000000e+03 1.348820000000000073e+04
1.015000000000000000e+03 1.349035000000000036e+04
9.670000000000000000e+02 1.349050000000000000e+04
1.143000000000000000e+03 1.349060000000000036e+04
9.590000000000000000e+02 1.349160000000000036e+04
8.310000000000000000e+02 1.349305000000000109e+04
9.750000000000000000e+02 1.349375000000000000e+04
1.039000000000000000e+03 1.349395000000000073e+04
1.047000000000000000e+03 1.349395000000000073e+04
1.119000000000000000e+03 1.349605000000000109e+04
1.023000000000000000e+03 1.349735000000000036e+04
8.550000000000000000e+02 1.349835000000000036e+04
8.630000000000000000e+02 1.350000000000000000e+04
1.111000000000000000e+03 1.350075000000000000e+04
9.910000000000000000e+02 1.350180000000000109e+04
1.007000000000000000e+03 1.350295000000000073e+04
8.230000000000000000e+02 1.350460000000000036e+04
8.710000000000000000e+02 1.350464999999999964e+04
9.990000000000000000e+02 1.350820000000000073e+04
9.350000000000000000e+02 1.350889999999999964e+04
1.031000000000000000e+03 1.350935000000000036e+04
8.470000000000000000e+02 1.351055000000000109e+04
9.030000000000000000e+02 1.351155000000000109e+04
1.127000000000000000e+03 1.351205000000000109e+04
1.063000000000000000e+03 1.351305000000000109e+04
1.143000000000000000e+03 1.351670000000000073e+04
8.950000000000000000e+02 1.351750000000000000e+04
1.167000000000000000e+03 1.351830000000000109e+04
8.550000000000000000e+02 1.352025000000000000e+04
1.135000000000000000e+03 1.352200000000000000e+04
1.095000000000000000e+03 1.352205000000000109e+04
8.790000000000000000e+02 1.352500000000000000e+04
9.590000000000000000e+02 1.352595000000000073e+04
1.039000000000000000e+03 1.352600000000000000e+04
1.079000000000000000e+03 1.352600000000000000e+04
1.119000000000000000e+03 1.352650000000000000e+04
9.270000000000000000e+02 1.352789999999999964e+04
1.111000000000000000e+03 1.353050000000000000e+04
1.087000000000000000e+03 1.353235000000000036e+04
1.151000000000000000e+03 1.353289999999999964e+04
8.630000000000000000e+02 1.353300000000000000e+04
8.870000000000000000e+02 1.353339999999999964e+04
8.390000000000000000e+02 1.353400000000000000e+04
1.071000000000000000e+03 1.353605000000000109e+04
9.910000000000000000e+02 1.353700000000000000e+04
9.190000000000000000e+02 1.353755000000000109e+04
8.070000000000000000e+02 1.354060000000000036e+04
8.710000000000000000e+02 1.354355000000000109e+04
1.047000000000000000e+03 1.354389999999999964e+04
1.127000000000000000e+03 1.354420000000000073e+04
9.670000000000000000e+02 1.354495000000000073e+04
8.230000000000000000e+02 1.354545000000000073e+04
1.023000000000000000e+03 1.354560000000000036e+04
8.310000000000000000e+02 1.354589999999999964e+04
8.150000000000000000e+02 1.354650000000000000e+04
1.119000000000000000e+03 1.355170000000000073e+04
1.135000000000000000e+03 1.355200000000000000e+04
8.550000000000000000e+02 1.355325000000000000e+04
9.430000000000000000e+02 1.355325000000000000e+04
1.031000000000000000e+03 1.355339999999999964e+04
8.470000000000000000e+02 1.355364999999999964e+04
1.055000000000000000e+03 1.355395000000000073e+04
1.167000000000000000e+03 1.355400000000000000e+04
1.191000000000000000e+03 1.355405000000000109e+04
1.007000000000000000e+03 1.355425000000000000e+04
9.750000000000000000e+02 1.355460000000000036e+04
1.183000000000000000e+03 1.356089999999999964e+04
9.990000000000000000e+02 1.356135000000000036e+04
1.199000000000000000e+03 1.356155000000000109e+04
1.079000000000000000e+03 1.356205000000000109e+04
8.630000000000000000e+02 1.356275000000000000e+04
1.015000000000000000e+03 1.356370000000000073e+04
8.950000000000000000e+02 1.356530000000000109e+04
9.190000000000000000e+02 1.356770000000000073e+04
1.159000000000000000e+03 1.357005000000000109e+04
9.670000000000000000e+02 1.357035000000000036e+04
8.710000000000000000e+02 1.357045000000000073e+04
1.095000000000000000e+03 1.357055000000000109e+04
1.151000000000000000e+03 1.357139999999999964e+04
9.030000000000000000e+02 1.357145000000000073e+04
1.039000000000000000e+03 1.357170000000000073e+04
1.087000000000000000e+03 1.357545000000000073e+04
9.510000000000000000e+02 1.357835000000000036e+04
1.119000000000000000e+03 1.357975000000000000e+04
8.550000000000000000e+02 1.358064999999999964e+04
1.143000000000000000e+03 1.358325000000000000e+04
8.390000000000000000e+02 1.358589999999999964e+04
1.175000000000000000e+03 1.358700000000000000e+04
8.870000000000000000e+02 1.358855000000000109e+04
1.079000000000000000e+03 1.358889999999999964e+04
9.910000000000000000e+02 1.359014999999999964e+04
9.590000000000000000e+02 1.359060000000000036e+04
9.750000000000000000e+02 1.359370000000000073e+04
9.110000000000000000e+02 1.359385000000000036e+04
1.023000000000000000e+03 1.359385000000000036e+04
8.150000000000000000e+02 1.359435000000000036e+04
1.071000000000000000e+03 1.359450000000000000e+04
9.350000000000000000e+02 1.359485000000000036e+04
1.007000000000000000e+03 1.359489999999999964e+04
1.111000000000000000e+03 1.359514999999999964e+04
8.070000000000000000e+02 1.359995000000000073e+04
1.151000000000000000e+03 1.360035000000000036e+04
8.710000000000000000e+02 1.360220000000000073e+04
1.039000000000000000e+03 1.360295000000000073e+04
1.095000000000000000e+03 1.360305000000000109e+04
9.670000000000000000e+02 1.360360000000000036e+04
8.630000000000000000e+02 1.360670000000000073e+04
1.031000000000000000e+03 1.360700000000000000e+04
9.510000000000000000e+02 1.360760000000000036e+04
9.830000000000000000e+02 1.360785000000000036e+04
1.167000000000000000e+03 1.360810000000000036e+04
1.135000000000000000e+03 1.360830000000000109e+04
9.270000000000000000e+02 1.360905000000000109e+04
8.870000000000000000e+02 1.360980000000000109e+04
1.199000000000000000e+03 1.361375000000000000e+04
9.910000000000000000e+02 1.361500000000000000e+04
1.119000000000000000e+03 1.361589999999999964e+04
1.191000000000000000e+03 1.361820000000000073e+04
8.230000000000000000e+02 1.361880000000000109e+04
9.110000000000000000e+02 1.362105000000000109e+04
1.015000000000000000e+03 1.362195000000000073e+04
8.310000000000000000e+02 1.362210000000000036e+04
9.030000000000000000e+02 1.362255000000000109e+04
9.350000000000000000e+02 1.362285000000000036e+04
1.087000000000000000e+03 1.362285000000000036e+04
1.063000000000000000e+03 1.362400000000000000e+04
1.151000000000000000e+03 1.362595000000000073e+04
8.550000000000000000e+02 1.363064999999999964e+04
9.750000000000000000e+02 1.363125000000000000e+04
1.055000000000000000e+03 1.363195000000000073e+04
8.390000000000000000e+02 1.363255000000000109e+04
1.071000000000000000e+03 1.363360000000000036e+04
8.470000000000000000e+02 1.363775000000000000e+04
1.047000000000000000e+03 1.363914999999999964e+04
8.710000000000000000e+02 1.364035000000000036e+04
8.630000000000000000e+02 1.364055000000000109e+04
1.095000000000000000e+03 1.364060000000000036e+04
9.190000000000000000e+02 1.364310000000000036e+04
8.950000000000000000e+02 1.364495000000000073e+04
1.143000000000000000e+03 1.364550000000000000e+04
1.151000000000000000e+03 1.364560000000000036e+04
1.023000000000000000e+03 1.364655000000000109e+04
9.670000000000000000e+02 1.364664999999999964e+04
9.830000000000000000e+02 1.364664999999999964e+04
9.510000000000000000e+02 1.364770000000000073e+04
1.167000000000000000e+03 1.364835000000000036e+04
8.870000000000000000e+02 1.364895000000000073e+04
1.119000000000000000e+03 1.364895000000000073e+04
9.990000000000000000e+02 1.365220000000000073e+04
1.191000000000000000e+03 1.365260000000000036e+04
1.111000000000000000e+03 1.365289999999999964e+04
1.007000000000000000e+03 1.365370000000000073e+04
8.310000000000000000e+02 1.365530000000000109e+04
9.270000000000000000e+02 1.365720000000000073e+04
8.150000000000000000e+02 1.366335000000000036e+04
8.550000000000000000e+02 1.366345000000000073e+04
9.750000000000000000e+02 1.366420000000000073e+04
9.350000000000000000e+02 1.366439999999999964e+04
8.070000000000000000e+02 1.366520000000000073e+04
1.079000000000000000e+03 1.366870000000000073e+04
8.470000000000000000e+02 1.367025000000000000e+04
9.430000000000000000e+02 1.367085000000000036e+04
9.670000000000000000e+02 1.367100000000000000e+04
1.015000000000000000e+03 1.367100000000000000e+04
8.710000000000000000e+02 1.367114999999999964e+04
9.910000000000000000e+02 1.367200000000000000e+04
1.175000000000000000e+03 1.367225000000000000e+04
1.071000000000000000e+03 1.367414999999999964e+04
8.950000000000000000e+02 1.367460000000000036e+04
1.119000000000000000e+03 1.367780000000000109e+04
1.159000000000000000e+03 1.367889999999999964e+04
1.023000000000000000e+03 1.367900000000000000e+04
1.055000000000000000e+03 1.367895000000000073e+04
1.095000000000000000e+03 1.367900000000000000e+04
8.230000000000000000e+02 1.367920000000000073e+04
9.590000000000000000e+02 1.368335000000000036e+04
8.390000000000000000e+02 1.368470000000000073e+04
8.870000000000000000e+02 1.368560000000000036e+04
1.143000000000000000e+03 1.368839999999999964e+04
1.199000000000000000e+03 1.368880000000000109e+04
1.167000000000000000e+03 1.368905000000000109e+04
1.135000000000000000e+03 1.368950000000000000e+04
8.310000000000000000e+02 1.369005000000000109e+04
1.063000000000000000e+03 1.369025000000000000e+04
9.030000000000000000e+02 1.369200000000000000e+04
1.087000000000000000e+03 1.369360000000000036e+04
8.550000000000000000e+02 1.369495000000000073e+04
9.910000000000000000e+02 1.369830000000000109e+04
1.031000000000000000e+03 1.369830000000000109e+04
9.190000000000000000e+02 1.369860000000000036e+04
1.191000000000000000e+03 1.369914999999999964e+04
1.151000000000000000e+03 1.369960000000000036e+04
9.750000000000000000e+02 1.369985000000000036e+04
9.990000000000000000e+02 1.370339999999999964e+04
1.127000000000000000e+03 1.370405000000000109e+04
9.350000000000000000e+02 1.370445000000000073e+04
8.070000000000000000e+02 1.370685000000000036e+04
8.470000000000000000e+02 1.370770000000000073e+04
9.110000000000000000e+02 1.370780000000000109e+04
8.630000000000000000e+02 1.370830000000000109e+04
8.150000000000000000e+02 1.370895000000000073e+04
8.710000000000000000e+02 1.370910000000000036e+04
1.007000000000000000e+03 1.371045000000000073e+04
8.230000000000000000e+02 1.371255000000000109e+04
1.111000000000000000e+03 1.371545000000000073e+04
9.270000000000000000e+02 1.371635000000000036e+04
8.870000000000000000e+02 1.371685000000000036e+04
1.199000000000000000e+03 1.371685000000000036e+04
8.310000000000000000e+02 1.371750000000000000e+04
1.063000000000000000e+03 1.371860000000000036e+04
1.095000000000000000e+03 1.371870000000000073e+04
8.550000000000000000e+02 1.372430000000000109e+04
1.039000000000000000e+03 1.372425000000000000e+04
1.143000000000000000e+03 1.372489999999999964e+04
9.670000000000000000e+02 1.372500000000000000e+04
1.071000000000000000e+03 1.372514999999999964e+04
9.430000000000000000e+02 1.372525000000000000e+04
1.079000000000000000e+03 1.372535000000000036e+04
1.151000000000000000e+03 1.372680000000000109e+04
9.190000000000000000e+02 1.373020000000000073e+04
9.590000000000000000e+02 1.373180000000000109e+04
1.159000000000000000e+03 1.373275000000000000e+04
1.047000000000000000e+03 1.373289999999999964e+04
9.990000000000000000e+02 1.373339999999999964e+04
1.087000000000000000e+03 1.373380000000000109e+04
8.710000000000000000e+02 1.373489999999999964e+04
1.119000000000000000e+03 1.373489999999999964e+04
1.175000000000000000e+03 1.373780000000000109e+04
1.191000000000000000e+03 1.373875000000000000e+04
8.950000000000000000e+02 1.373905000000000109e+04
8.790000000000000000e+02 1.373935000000000036e+04
9.830000000000000000e+02 1.374045000000000073e+04
9.910000000000000000e+02 1.374180000000000109e+04
1.183000000000000000e+03 1.374570000000000073e+04
1.023000000000000000e+03 1.374925000000000000e+04
1.095000000000000000e+03 1.374935000000000036e+04
8.470000000000000000e+02 1.374995000000000073e+04
9.750000000000000000e+02 1.375105000000000109e+04
1.031000000000000000e+03 1.375105000000000109e+04
1.063000000000000000e+03 1.375120000000000073e+04
8.550000000000000000e+02 1.375420000000000073e+04
8.870000000000000000e+02 1.375460000000000036e+04
8.390000000000000000e+02 1.375545000000000073e+04
9.190000000000000000e+02 1.375580000000000109e+04
9.670000000000000000e+02 1.375630000000000109e+04
1.007000000000000000e+03 1.375795000000000073e+04
8.310000000000000000e+02 1.375945000000000073e+04
1.199000000000000000e+03 1.375989999999999964e+04
1.119000000000000000e+03 1.376000000000000000e+04
8.150000000000000000e+02 1.376050000000000000e+04
1.143000000000000000e+03 1.376255000000000109e+04
8.630000000000000000e+02 1.376550000000000000e+04
1.127000000000000000e+03 1.376620000000000073e+04
1.151000000000000000e+03 1.376760000000000036e+04
8.550000000000000000e+02 1.376839999999999964e+04
9.030000000000000000e+02 1.376985000000000036e+04
8.230000000000000000e+02 1.377185000000000036e+04
8.070000000000000000e+02 1.377195000000000073e+04
1.055000000000000000e+03 1.377210000000000036e+04
9.830000000000000000e+02 1.377235000000000036e+04
9.590000000000000000e+02 1.377245000000000073e+04
1.191000000000000000e+03 1.377345000000000073e+04
1.079000000000000000e+03 1.377450000000000000e+04
1.071000000000000000e+03 1.377814999999999964e+04
1.039000000000000000e+03 1.377864999999999964e+04
1.159000000000000000e+03 1.377939999999999964e+04
8.470000000000000000e+02 1.378005000000000109e+04
1.023000000000000000e+03 1.378055000000000109e+04
8.710000000000000000e+02 1.378100000000000000e+04
1.047000000000000000e+03 1.378230000000000109e+04
9.430000000000000000e+02 1.378435000000000036e+04
9.910000000000000000e+02 1.378530000000000109e+04
1.095000000000000000e+03 1.378745000000000073e+04
1.135000000000000000e+03 1.378810000000000036e+04
1.167000000000000000e+03 1.378845000000000073e+04
8.870000000000000000e+02 1.379000000000000000e+04
1.175000000000000000e+03 1.379039999999999964e+04
8.390000000000000000e+02 1.379160000000000036e+04
9.670000000000000000e+02 1.379170000000000073e+04
1.199000000000000000e+03 1.379350000000000000e+04
1.031000000000000000e+03 1.379385000000000036e+04
9.990000000000000000e+02 1.379664999999999964e+04
9.270000000000000000e+02 1.379825000000000000e+04
1.007000000000000000e+03 1.379845000000000073e+04
8.550000000000000000e+02 1.379860000000000036e+04
8.630000000000000000e+02 1.379914999999999964e+04
1.103000000000000000e+03 1.379970000000000073e+04
1.183000000000000000e+03 1.379989999999999964e+04
1.071000000000000000e+03 1.380230000000000109e+04
1.055000000000000000e+03 1.380450000000000000e+04
1.119000000000000000e+03 1.380514999999999964e+04
1.191000000000000000e+03 1.380570000000000073e+04
1.143000000000000000e+03 1.380575000000000000e+04
9.750000000000000000e+02 1.380595000000000073e+04
1.151000000000000000e+03 1.381214999999999964e+04
1.079000000000000000e+03 1.381450000000000000e+04
9.030000000000000000e+02 1.381600000000000000e+04
1.159000000000000000e+03 1.381635000000000036e+04
8.150000000000000000e+02 1.381855000000000109e+04
1.063000000000000000e+03 1.381985000000000036e+04
1.095000000000000000e+03 1.382305000000000109e+04
1.007000000000000000e+03 1.382520000000000073e+04
8.070000000000000000e+02 1.382530000000000109e+04
1.015000000000000000e+03 1.382530000000000109e+04
9.670000000000000000e+02 1.382545000000000073e+04
1.127000000000000000e+03 1.382589999999999964e+04
8.230000000000000000e+02 1.382605000000000109e+04
8.630000000000000000e+02 1.382614999999999964e+04
9.590000000000000000e+02 1.382620000000000073e+04
8.390000000000000000e+02 1.382645000000000073e+04
8.550000000000000000e+02 1.382675000000000000e+04
9.430000000000000000e+02 1.382950000000000000e+04
9.830000000000000000e+02 1.383125000000000000e+04
1.135000000000000000e+03 1.383180000000000109e+04
8.310000000000000000e+02 1.383300000000000000e+04
1.039000000000000000e+03 1.383295000000000073e+04
1.183000000000000000e+03 1.383350000000000000e+04
8.870000000000000000e+02 1.383389999999999964e+04
1.167000000000000000e+03 1.383539999999999964e+04
8.710000000000000000e+02 1.383580000000000109e+04
9.910000000000000000e+02 1.383760000000000036e+04
8.790000000000000000e+02 1.383775000000000000e+04
1.191000000000000000e+03 1.383895000000000073e+04
1.143000000000000000e+03 1.384050000000000000e+04
1.119000000000000000e+03 1.384189999999999964e+04
8.950000000000000000e+02 1.384205000000000109e+04
9.110000000000000000e+02 1.384260000000000036e+04
9.030000000000000000e+02 1.384380000000000109e+04
9.190000000000000000e+02 1.384385000000000036e+04
9.510000000000000000e+02 1.384605000000000109e+04
8.550000000000000000e+02 1.384845000000000073e+04
8.630000000000000000e+02 1.384914999999999964e+04
8.150000000000000000e+02 1.384975000000000000e+04
1.199000000000000000e+03 1.384985000000000036e+04
1.175000000000000000e+03 1.385014999999999964e+04
1.023000000000000000e+03 1.385055000000000109e+04
1.151000000000000000e+03 1.385055000000000109e+04
8.230000000000000000e+02 1.385089999999999964e+04
9.350000000000000000e+02 1.385085000000000036e+04
1.063000000000000000e+03 1.385200000000000000e+04
1.111000000000000000e+03 1.385305000000000109e+04
8.390000000000000000e+02 1.385339999999999964e+04
8.470000000000000000e+02 1.385520000000000073e+04
9.750000000000000000e+02 1.385605000000000109e+04
9.670000000000000000e+02 1.385980000000000109e+04
8.070000000000000000e+02 1.386189999999999964e+04
1.039000000000000000e+03 1.386230000000000109e+04
1.191000000000000000e+03 1.386480000000000109e+04
8.710000000000000000e+02 1.386505000000000109e+04
1.071000000000000000e+03 1.386539999999999964e+04
8.310000000000000000e+02 1.386550000000000000e+04
1.143000000000000000e+03 1.386895000000000073e+04
9.910000000000000000e+02 1.386920000000000073e+04
1.135000000000000000e+03 1.387030000000000109e+04
1.015000000000000000e+03 1.387075000000000000e+04
1.119000000000000000e+03 1.387114999999999964e+04
8.870000000000000000e+02 1.387270000000000073e+04
1.127000000000000000e+03 1.387620000000000073e+04
1.183000000000000000e+03 1.387635000000000036e+04
8.550000000000000000e+02 1.387764999999999964e+04
1.159000000000000000e+03 1.387800000000000000e+04
9.270000000000000000e+02 1.387820000000000073e+04
1.023000000000000000e+03 1.387839999999999964e+04
9.990000000000000000e+02 1.388110000000000036e+04
9.430000000000000000e+02 1.388305000000000109e+04
1.063000000000000000e+03 1.388314999999999964e+04
8.950000000000000000e+02 1.388330000000000109e+04
8.230000000000000000e+02 1.388485000000000036e+04
9.350000000000000000e+02 1.388860000000000036e+04
1.151000000000000000e+03 1.388855000000000109e+04
1.175000000000000000e+03 1.388885000000000036e+04
9.670000000000000000e+02 1.388925000000000000e+04
9.190000000000000000e+02 1.388945000000000073e+04
8.710000000000000000e+02 1.388970000000000073e+04
9.510000000000000000e+02 1.388975000000000000e+04
9.590000000000000000e+02 1.388985000000000036e+04
1.007000000000000000e+03 1.388995000000000073e+04
9.030000000000000000e+02 1.389014999999999964e+04
1.095000000000000000e+03 1.389025000000000000e+04
1.079000000000000000e+03 1.389164999999999964e+04
8.150000000000000000e+02 1.389495000000000073e+04
9.830000000000000000e+02 1.389530000000000109e+04
8.630000000000000000e+02 1.389610000000000036e+04
1.111000000000000000e+03 1.389780000000000109e+04
1.047000000000000000e+03 1.389810000000000036e+04
9.750000000000000000e+02 1.389860000000000036e+04
1.159000000000000000e+03 1.390245000000000073e+04
8.870000000000000000e+02 1.390480000000000109e+04
1.055000000000000000e+03 1.390539999999999964e+04
8.950000000000000000e+02 1.390645000000000073e+04
1.167000000000000000e+03 1.390689999999999964e+04
1.135000000000000000e+03 1.390730000000000109e+04
1.071000000000000000e+03 1.390735000000000036e+04
8.390000000000000000e+02 1.390795000000000073e+04
1.087000000000000000e+03 1.390795000000000073e+04
1.119000000000000000e+03 1.390814999999999964e+04
8.470000000000000000e+02 1.390864999999999964e+04
1.143000000000000000e+03 1.390870000000000073e+04
1.191000000000000000e+03 1.390889999999999964e+04
8.310000000000000000e+02 1.390914999999999964e+04
1.023000000000000000e+03 1.391570000000000073e+04
1.015000000000000000e+03 1.391630000000000109e+04
9.510000000000000000e+02 1.391670000000000073e+04
1.039000000000000000e+03 1.391739999999999964e+04
1.063000000000000000e+03 1.391735000000000036e+04
8.230000000000000000e+02 1.391745000000000073e+04
1.199000000000000000e+03 1.391755000000000109e+04
9.670000000000000000e+02 1.391835000000000036e+04
9.910000000000000000e+02 1.392350000000000000e+04
9.030000000000000000e+02 1.392475000000000000e+04
1.031000000000000000e+03 1.392550000000000000e+04
8.550000000000000000e+02 1.392660000000000036e+04
8.710000000000000000e+02 1.392689999999999964e+04
1.151000000000000000e+03 1.392760000000000036e+04
9.190000000000000000e+02 1.393250000000000000e+04
9.590000000000000000e+02 1.393295000000000073e+04
1.007000000000000000e+03 1.393330000000000109e+04
8.150000000000000000e+02 1.393375000000000000e+04
1.055000000000000000e+03 1.393375000000000000e+04
8.070000000000000000e+02 1.393535000000000036e+04
8.630000000000000000e+02 1.393855000000000109e+04
9.110000000000000000e+02 1.393860000000000036e+04
8.470000000000000000e+02 1.393920000000000073e+04
9.990000000000000000e+02 1.393980000000000109e+04
8.950000000000000000e+02 1.394045000000000073e+04
1.063000000000000000e+03 1.394120000000000073e+04
1.095000000000000000e+03 1.394120000000000073e+04
1.167000000000000000e+03 1.394185000000000036e+04
8.870000000000000000e+02 1.394255000000000109e+04
1.135000000000000000e+03 1.394400000000000000e+04
1.191000000000000000e+03 1.394700000000000000e+04
8.310000000000000000e+02 1.394705000000000109e+04
9.270000000000000000e+02 1.394710000000000036e+04
1.127000000000000000e+03 1.394970000000000073e+04
1.143000000000000000e+03 1.395220000000000073e+04
1.015000000000000000e+03 1.395360000000000036e+04
1.071000000000000000e+03 1.395360000000000036e+04
1.079000000000000000e+03 1.395420000000000073e+04
9.910000000000000000e+02 1.395589999999999964e+04
1.119000000000000000e+03 1.395610000000000036e+04
8.390000000000000000e+02 1.395730000000000109e+04
8.710000000000000000e+02 1.395914999999999964e+04
8.550000000000000000e+02 1.396060000000000036e+04
8.470000000000000000e+02 1.396130000000000109e+04
9.670000000000000000e+02 1.396155000000000109e+04
1.023000000000000000e+03 1.396170000000000073e+04
8.150000000000000000e+02 1.396195000000000073e+04
9.830000000000000000e+02 1.396230000000000109e+04
8.070000000000000000e+02 1.396785000000000036e+04
1.135000000000000000e+03 1.396785000000000036e+04
1.087000000000000000e+03 1.396914999999999964e+04
1.159000000000000000e+03 1.396920000000000073e+04
8.630000000000000000e+02 1.396939999999999964e+04
1.175000000000000000e+03 1.397005000000000109e+04
9.990000000000000000e+02 1.397055000000000109e+04
1.199000000000000000e+03 1.397150000000000000e+04
1.111000000000000000e+03 1.397535000000000036e+04
1.191000000000000000e+03 1.397564999999999964e+04
9.510000000000000000e+02 1.397589999999999964e+04
1.151000000000000000e+03 1.397685000000000036e+04
1.007000000000000000e+03 1.397700000000000000e+04
8.870000000000000000e+02 1.397850000000000000e+04
9.030000000000000000e+02 1.397970000000000073e+04
9.350000000000000000e+02 1.398075000000000000e+04
1.183000000000000000e+03 1.398355000000000109e+04
1.015000000000000000e+03 1.398414999999999964e+04
1.143000000000000000e+03 1.398489999999999964e+04
1.023000000000000000e+03 1.398864999999999964e+04
1.095000000000000000e+03 1.398885000000000036e+04
9.670000000000000000e+02 1.398970000000000073e+04
8.950000000000000000e+02 1.399014999999999964e+04
9.910000000000000000e+02 1.399030000000000109e+04
1.119000000000000000e+03 1.399080000000000109e+04
1.071000000000000000e+03 1.399145000000000073e+04
8.550000000000000000e+02 1.399239999999999964e+04
8.150000000000000000e+02 1.399495000000000073e+04
8.390000000000000000e+02 1.399664999999999964e+04
8.470000000000000000e+02 1.399839999999999964e+04
8.710000000000000000e+02 1.399895000000000073e+04
1.047000000000000000e+03 1.399925000000000000e+04
9.590000000000000000e+02 1.400020000000000073e+04
9.270000000000000000e+02 1.400039999999999964e+04
1.055000000000000000e+03 1.400225000000000000e+04
1.079000000000000000e+03 1.400339999999999964e+04
8.870000000000000000e+02 1.400680000000000109e+04
1.175000000000000000e+03 1.401960000000000036e+04
1.199000000000000000e+03 1.402820000000000073e+04
1.159000000000000000e+03 1.406239999999999964e+04
1.039000000000000000e+03 1.408875000000000000e+04
1.007000000000000000e+03 1.411110000000000036e+04
9.830000000000000000e+02 1.414985000000000036e+04
1.007000000000000000e+03 1.420039999999999964e+04
1.079000000000000000e+03 1.423530000000000109e+04
1.191000000000000000e+03 1.425530000000000109e+04
8.470000000000000000e+02 1.427420000000000073e+04
1.031000000000000000e+03 1.429889999999999964e+04
8.390000000000000000e+02 1.432930000000000109e+04
9.750000000000000000e+02 1.437670000000000073e+04
1.199000000000000000e+03 1.438670000000000073e+04
1.175000000000000000e+03 1.439975000000000000e+04
8.710000000000000000e+02 1.441539999999999964e+04
1.063000000000000000e+03 1.443360000000000036e+04
1.199000000000000000e+03 1.447530000000000109e+04
8.550000000000000000e+02 1.459760000000000036e+04
1.063000000000000000e+03 1.465160000000000036e+04
8.790000000000000000e+02 1.466335000000000036e+04
1.159000000000000000e+03 1.473335000000000036e+04
1.071000000000000000e+03 1.477745000000000073e+04
1.031000000000000000e+03 1.481200000000000000e+04
1.119000000000000000e+03 1.487035000000000036e+04
1.143000000000000000e+03 1.487725000000000000e+04
8.070000000000000000e+02 1.487964999999999964e+04
1.095000000000000000e+03 1.488970000000000073e+04
9.190000000000000000e+02 1.491614999999999964e+04
1.151000000000000000e+03 1.493625000000000000e+04
1.063000000000000000e+03 1.496270000000000073e+04
8.310000000000000000e+02 1.498030000000000109e+04
