1.632000000000000000e+03 1.367000000000000171e+02
1.920000000000000000e+03 2.373000000000000114e+02
1.752000000000000000e+03 2.559500000000000171e+02
1.768000000000000000e+03 2.734000000000000341e+02
1.712000000000000000e+03 2.762500000000000000e+02
1.816000000000000000e+03 3.099000000000000341e+02
1.896000000000000000e+03 3.163500000000000227e+02
1.944000000000000000e+03 3.750500000000000114e+02
1.616000000000000000e+03 3.767500000000000000e+02
2.000000000000000000e+03 3.878000000000000114e+02
1.624000000000000000e+03 4.101000000000000227e+02
1.768000000000000000e+03 4.453500000000000227e+02
1.960000000000000000e+03 4.864499999999999886e+02
1.808000000000000000e+03 5.205000000000000000e+02
1.800000000000000000e+03 5.270000000000000000e+02
1.632000000000000000e+03 6.043500000000000227e+02
1.616000000000000000e+03 6.482000000000000455e+02
1.936000000000000000e+03 6.627500000000000000e+02
1.800000000000000000e+03 6.751499999999999773e+02
1.664000000000000000e+03 6.908000000000000682e+02
1.784000000000000000e+03 7.373999999999999773e+02
1.904000000000000000e+03 8.146000000000000227e+02
1.968000000000000000e+03 8.333999999999999773e+02
1.992000000000000000e+03 8.413000000000000682e+02
1.976000000000000000e+03 9.322000000000000455e+02
1.720000000000000000e+03 9.403000000000000682e+02
1.960000000000000000e+03 9.520500000000000682e+02
1.912000000000000000e+03 1.120400000000000091e+03
1.744000000000000000e+03 1.149950000000000045e+03
1.704000000000000000e+03 1.174200000000000045e+03
1.672000000000000000e+03 1.214549999999999955e+03
1.808000000000000000e+03 1.219049999999999955e+03
1.656000000000000000e+03 1.276100000000000136e+03
1.736000000000000000e+03 1.289299999999999955e+03
1.784000000000000000e+03 1.305950000000000045e+03
1.952000000000000000e+03 1.343500000000000000e+03
1.688000000000000000e+03 1.353000000000000000e+03
1.944000000000000000e+03 1.396049999999999955e+03
1.752000000000000000e+03 1.401250000000000000e+03
1.800000000000000000e+03 1.407700000000000045e+03
1.952000000000000000e+03 1.430150000000000091e+03
1.856000000000000000e+03 1.436850000000000136e+03
1.968000000000000000e+03 1.439150000000000091e+03
1.912000000000000000e+03 1.477299999999999955e+03
1.768000000000000000e+03 1.482799999999999955e+03
1.712000000000000000e+03 1.494049999999999955e+03
1.800000000000000000e+03 1.573799999999999955e+03
1.992000000000000000e+03 1.574549999999999955e+03
1.912000000000000000e+03 1.575150000000000091e+03
1.736000000000000000e+03 1.588200000000000045e+03
1.616000000000000000e+03 1.602900000000000091e+03
1.704000000000000000e+03 1.693750000000000000e+03
1.800000000000000000e+03 1.711750000000000000e+03
1.608000000000000000e+03 1.741150000000000091e+03
1.776000000000000000e+03 1.764799999999999955e+03
1.648000000000000000e+03 1.926450000000000045e+03
1.896000000000000000e+03 1.939650000000000091e+03
1.872000000000000000e+03 1.984850000000000136e+03
1.680000000000000000e+03 2.040750000000000000e+03
1.688000000000000000e+03 2.153900000000000091e+03
1.920000000000000000e+03 2.157349999999999909e+03
1.704000000000000000e+03 2.206500000000000000e+03
1.936000000000000000e+03 2.238150000000000091e+03
1.840000000000000000e+03 2.251000000000000000e+03
1.752000000000000000e+03 2.257750000000000000e+03
1.816000000000000000e+03 2.338349999999999909e+03
1.640000000000000000e+03 2.340150000000000091e+03
1.648000000000000000e+03 2.340750000000000000e+03
1.616000000000000000e+03 2.359200000000000273e+03
1.720000000000000000e+03 2.389150000000000091e+03
1.760000000000000000e+03 2.517050000000000182e+03
1.872000000000000000e+03 2.624500000000000000e+03
1.752000000000000000e+03 2.738050000000000182e+03
1.952000000000000000e+03 2.759550000000000182e+03
1.744000000000000000e+03 2.782650000000000091e+03
1.872000000000000000e+03 2.922000000000000000e+03
1.992000000000000000e+03 2.931450000000000273e+03
1.920000000000000000e+03 2.989400000000000091e+03
1.768000000000000000e+03 2.996300000000000182e+03
1.648000000000000000e+03 3.011450000000000273e+03
1.712000000000000000e+03 3.023950000000000273e+03
1.936000000000000000e+03 3.058800000000000182e+03
1.656000000000000000e+03 3.062099999999999909e+03
1.744000000000000000e+03 3.108349999999999909e+03
1.920000000000000000e+03 3.167000000000000000e+03
1.944000000000000000e+03 3.204250000000000000e+03
1.728000000000000000e+03 3.242300000000000182e+03
1.888000000000000000e+03 3.262650000000000091e+03
1.856000000000000000e+03 3.275150000000000091e+03
1.848000000000000000e+03 3.278700000000000273e+03
1.616000000000000000e+03 3.340250000000000000e+03
1.688000000000000000e+03 3.349150000000000091e+03
1.776000000000000000e+03 3.367250000000000000e+03
1.720000000000000000e+03 3.432150000000000091e+03
1.800000000000000000e+03 3.462700000000000273e+03
1.856000000000000000e+03 3.516250000000000000e+03
1.656000000000000000e+03 3.519550000000000182e+03
1.976000000000000000e+03 3.525450000000000273e+03
1.968000000000000000e+03 3.576900000000000091e+03
1.840000000000000000e+03 3.622200000000000273e+03
1.616000000000000000e+03 3.656900000000000091e+03
1.752000000000000000e+03 3.661500000000000000e+03
2.000000000000000000e+03 3.679800000000000182e+03
1.816000000000000000e+03 3.680150000000000091e+03
1.808000000000000000e+03 3.681700000000000273e+03
1.904000000000000000e+03 3.704450000000000273e+03
1.872000000000000000e+03 3.704849999999999909e+03
1.952000000000000000e+03 3.793050000000000182e+03
1.928000000000000000e+03 3.833950000000000273e+03
1.744000000000000000e+03 3.835750000000000000e+03
1.720000000000000000e+03 3.840200000000000273e+03
1.752000000000000000e+03 3.880650000000000091e+03
1.624000000000000000e+03 3.895200000000000273e+03
1.768000000000000000e+03 3.918050000000000182e+03
1.784000000000000000e+03 3.982000000000000000e+03
1.944000000000000000e+03 4.014250000000000000e+03
1.888000000000000000e+03 4.091300000000000182e+03
1.880000000000000000e+03 4.100449999999999818e+03
1.960000000000000000e+03 4.121399999999999636e+03
1.936000000000000000e+03 4.167500000000000000e+03
1.984000000000000000e+03 4.254649999999999636e+03
1.904000000000000000e+03 4.294850000000000364e+03
1.864000000000000000e+03 4.324699999999999818e+03
1.960000000000000000e+03 4.378750000000000000e+03
1.800000000000000000e+03 4.386350000000000364e+03
1.608000000000000000e+03 4.474000000000000000e+03
1.768000000000000000e+03 4.484600000000000364e+03
1.936000000000000000e+03 4.488750000000000000e+03
1.928000000000000000e+03 4.590800000000000182e+03
1.952000000000000000e+03 4.593150000000000546e+03
1.752000000000000000e+03 4.595100000000000364e+03
1.888000000000000000e+03 4.602650000000000546e+03
1.768000000000000000e+03 4.611250000000000000e+03
1.736000000000000000e+03 4.658850000000000364e+03
1.952000000000000000e+03 4.667500000000000000e+03
1.896000000000000000e+03 4.711650000000000546e+03
1.848000000000000000e+03 4.727550000000000182e+03
1.720000000000000000e+03 4.745699999999999818e+03
1.840000000000000000e+03 4.772550000000000182e+03
1.960000000000000000e+03 4.831850000000000364e+03
2.000000000000000000e+03 4.927550000000000182e+03
1.880000000000000000e+03 4.964949999999999818e+03
1.824000000000000000e+03 4.986000000000000000e+03
1.784000000000000000e+03 5.005449999999999818e+03
1.728000000000000000e+03 5.012650000000000546e+03
1.912000000000000000e+03 5.061350000000000364e+03
2.000000000000000000e+03 5.092650000000000546e+03
1.920000000000000000e+03 5.098100000000000364e+03
1.840000000000000000e+03 5.102750000000000000e+03
1.936000000000000000e+03 5.109650000000000546e+03
1.816000000000000000e+03 5.176100000000000364e+03
1.904000000000000000e+03 5.182949999999999818e+03
1.616000000000000000e+03 5.273550000000000182e+03
1.680000000000000000e+03 5.286650000000000546e+03
1.704000000000000000e+03 5.330699999999999818e+03
1.680000000000000000e+03 5.352250000000000000e+03
1.856000000000000000e+03 5.382750000000000000e+03
1.864000000000000000e+03 5.442650000000000546e+03
1.912000000000000000e+03 5.467400000000000546e+03
1.856000000000000000e+03 5.487750000000000000e+03
1.616000000000000000e+03 5.530100000000000364e+03
1.976000000000000000e+03 5.570150000000000546e+03
1.816000000000000000e+03 5.619600000000000364e+03
1.752000000000000000e+03 5.714850000000000364e+03
1.824000000000000000e+03 5.726850000000000364e+03
1.616000000000000000e+03 5.729250000000000000e+03
1.872000000000000000e+03 5.759699999999999818e+03
1.928000000000000000e+03 5.831250000000000000e+03
1.960000000000000000e+03 5.878500000000000000e+03
1.672000000000000000e+03 5.890300000000000182e+03
1.808000000000000000e+03 5.921850000000000364e+03
1.856000000000000000e+03 5.941800000000000182e+03
1.640000000000000000e+03 5.950100000000000364e+03
1.672000000000000000e+03 6.030750000000000000e+03
1.640000000000000000e+03 6.154300000000000182e+03
1.720000000000000000e+03 6.167500000000000000e+03
1.928000000000000000e+03 6.231800000000000182e+03
1.632000000000000000e+03 6.235400000000000546e+03
1.720000000000000000e+03 6.275900000000000546e+03
1.976000000000000000e+03 6.289900000000000546e+03
1.800000000000000000e+03 6.308949999999999818e+03
1.712000000000000000e+03 6.338150000000000546e+03
1.608000000000000000e+03 6.344350000000000364e+03
1.688000000000000000e+03 6.354199999999999818e+03
1.768000000000000000e+03 6.372000000000000000e+03
1.664000000000000000e+03 6.396449999999999818e+03
1.704000000000000000e+03 6.440100000000000364e+03
1.984000000000000000e+03 6.445650000000000546e+03
1.848000000000000000e+03 6.484400000000000546e+03
1.856000000000000000e+03 6.492199999999999818e+03
1.912000000000000000e+03 6.555600000000000364e+03
1.968000000000000000e+03 6.643300000000000182e+03
1.912000000000000000e+03 6.646750000000000000e+03
1.720000000000000000e+03 6.749500000000000000e+03
1.720000000000000000e+03 6.816400000000000546e+03
1.816000000000000000e+03 6.945850000000000364e+03
1.720000000000000000e+03 6.958100000000000364e+03
1.928000000000000000e+03 6.960300000000000182e+03
1.912000000000000000e+03 6.993350000000000364e+03
1.872000000000000000e+03 7.057199999999999818e+03
1.720000000000000000e+03 7.068449999999999818e+03
1.752000000000000000e+03 7.080850000000000364e+03
1.880000000000000000e+03 7.112550000000000182e+03
1.984000000000000000e+03 7.177699999999999818e+03
1.672000000000000000e+03 7.196699999999999818e+03
1.696000000000000000e+03 7.253100000000000364e+03
1.952000000000000000e+03 7.292000000000000000e+03
1.864000000000000000e+03 7.300699999999999818e+03
1.664000000000000000e+03 7.382400000000000546e+03
1.896000000000000000e+03 7.401400000000000546e+03
1.960000000000000000e+03 7.440350000000000364e+03
1.912000000000000000e+03 7.486600000000000364e+03
1.760000000000000000e+03 7.497250000000000000e+03
1.944000000000000000e+03 7.578300000000000182e+03
1.640000000000000000e+03 7.591750000000000000e+03
1.856000000000000000e+03 7.602250000000000000e+03
1.824000000000000000e+03 7.650850000000000364e+03
1.968000000000000000e+03 7.664350000000000364e+03
1.720000000000000000e+03 7.666150000000000546e+03
1.624000000000000000e+03 7.673000000000000000e+03
1.840000000000000000e+03 7.738699999999999818e+03
1.752000000000000000e+03 7.747500000000000000e+03
1.952000000000000000e+03 7.763250000000000000e+03
1.648000000000000000e+03 7.764550000000000182e+03
1.704000000000000000e+03 7.820650000000000546e+03
1.856000000000000000e+03 7.824449999999999818e+03
1.624000000000000000e+03 7.868300000000000182e+03
1.968000000000000000e+03 7.883650000000000546e+03
1.752000000000000000e+03 7.894100000000000364e+03
1.880000000000000000e+03 7.952100000000000364e+03
1.984000000000000000e+03 7.977400000000000546e+03
1.696000000000000000e+03 8.006250000000000000e+03
1.768000000000000000e+03 8.055050000000000182e+03
1.760000000000000000e+03 8.083150000000000546e+03
1.624000000000000000e+03 8.084000000000000000e+03
1.872000000000000000e+03 8.101350000000000364e+03
1.992000000000000000e+03 8.125400000000000546e+03
1.808000000000000000e+03 8.174850000000000364e+03
1.752000000000000000e+03 8.200649999999999636e+03
2.000000000000000000e+03 8.246700000000000728e+03
1.768000000000000000e+03 8.279950000000000728e+03
1.728000000000000000e+03 8.280799999999999272e+03
1.784000000000000000e+03 8.291350000000000364e+03
1.872000000000000000e+03 8.417149999999999636e+03
1.864000000000000000e+03 8.430700000000000728e+03
1.624000000000000000e+03 8.473649999999999636e+03
1.736000000000000000e+03 8.482600000000000364e+03
1.928000000000000000e+03 8.527000000000000000e+03
1.872000000000000000e+03 8.547899999999999636e+03
1.944000000000000000e+03 8.594399999999999636e+03
1.608000000000000000e+03 8.618399999999999636e+03
1.624000000000000000e+03 8.623250000000000000e+03
1.640000000000000000e+03 8.721100000000000364e+03
1.840000000000000000e+03 8.751300000000001091e+03
1.880000000000000000e+03 8.781850000000000364e+03
1.896000000000000000e+03 8.805050000000001091e+03
1.784000000000000000e+03 8.851200000000000728e+03
1.704000000000000000e+03 8.867100000000000364e+03
1.928000000000000000e+03 8.903600000000000364e+03
1.800000000000000000e+03 8.925800000000001091e+03
1.760000000000000000e+03 8.968000000000000000e+03
1.752000000000000000e+03 8.997050000000001091e+03
1.928000000000000000e+03 9.019649999999999636e+03
1.752000000000000000e+03 9.112850000000000364e+03
1.984000000000000000e+03 9.135500000000000000e+03
1.840000000000000000e+03 9.191500000000000000e+03
1.952000000000000000e+03 9.270000000000000000e+03
1.744000000000000000e+03 9.278750000000000000e+03
1.632000000000000000e+03 9.370450000000000728e+03
1.840000000000000000e+03 9.381500000000000000e+03
1.944000000000000000e+03 9.390300000000001091e+03
1.728000000000000000e+03 9.415500000000000000e+03
1.648000000000000000e+03 9.485800000000001091e+03
1.752000000000000000e+03 9.519300000000001091e+03
1.928000000000000000e+03 9.531800000000001091e+03
1.872000000000000000e+03 9.532950000000000728e+03
1.848000000000000000e+03 9.614899999999999636e+03
1.808000000000000000e+03 9.667750000000000000e+03
1.952000000000000000e+03 9.690550000000001091e+03
1.968000000000000000e+03 9.725149999999999636e+03
1.808000000000000000e+03 9.759350000000000364e+03
1.720000000000000000e+03 9.760550000000001091e+03
1.704000000000000000e+03 9.771500000000000000e+03
1.912000000000000000e+03 9.806850000000000364e+03
1.968000000000000000e+03 9.954800000000001091e+03
1.880000000000000000e+03 1.002710000000000036e+04
1.904000000000000000e+03 1.007170000000000073e+04
1.736000000000000000e+03 1.013114999999999964e+04
1.936000000000000000e+03 1.013320000000000073e+04
1.952000000000000000e+03 1.015150000000000000e+04
1.840000000000000000e+03 1.021589999999999964e+04
1.776000000000000000e+03 1.022120000000000073e+04
1.632000000000000000e+03 1.022320000000000073e+04
1.704000000000000000e+03 1.023875000000000000e+04
1.648000000000000000e+03 1.026214999999999964e+04
1.624000000000000000e+03 1.028414999999999964e+04
1.952000000000000000e+03 1.031270000000000073e+04
2.000000000000000000e+03 1.034414999999999964e+04
1.984000000000000000e+03 1.036670000000000073e+04
1.896000000000000000e+03 1.040689999999999964e+04
1.888000000000000000e+03 1.045095000000000073e+04
1.920000000000000000e+03 1.051070000000000073e+04
1.672000000000000000e+03 1.053305000000000109e+04
1.784000000000000000e+03 1.056560000000000036e+04
1.760000000000000000e+03 1.058625000000000000e+04
1.976000000000000000e+03 1.059245000000000073e+04
1.752000000000000000e+03 1.062114999999999964e+04
1.720000000000000000e+03 1.063060000000000036e+04
1.656000000000000000e+03 1.064775000000000000e+04
1.840000000000000000e+03 1.066575000000000000e+04
1.864000000000000000e+03 1.067620000000000073e+04
1.712000000000000000e+03 1.071220000000000073e+04
1.680000000000000000e+03 1.073589999999999964e+04
1.720000000000000000e+03 1.080105000000000109e+04
1.832000000000000000e+03 1.082710000000000036e+04
1.608000000000000000e+03 1.083480000000000109e+04
1.824000000000000000e+03 1.086375000000000000e+04
1.872000000000000000e+03 1.088185000000000036e+04
1.728000000000000000e+03 1.090130000000000109e+04
1.760000000000000000e+03 1.093580000000000109e+04
1.912000000000000000e+03 1.093864999999999964e+04
1.792000000000000000e+03 1.095155000000000109e+04
1.656000000000000000e+03 1.101525000000000000e+04
1.896000000000000000e+03 1.102460000000000036e+04
1.688000000000000000e+03 1.109820000000000073e+04
1.840000000000000000e+03 1.110964999999999964e+04
1.728000000000000000e+03 1.113289999999999964e+04
1.616000000000000000e+03 1.116750000000000000e+04
1.888000000000000000e+03 1.117310000000000036e+04
1.712000000000000000e+03 1.118480000000000109e+04
1.744000000000000000e+03 1.125455000000000109e+04
2.000000000000000000e+03 1.126839999999999964e+04
1.808000000000000000e+03 1.126964999999999964e+04
1.728000000000000000e+03 1.135289999999999964e+04
1.888000000000000000e+03 1.137539999999999964e+04
1.816000000000000000e+03 1.138030000000000109e+04
1.864000000000000000e+03 1.150380000000000109e+04
1.680000000000000000e+03 1.154170000000000073e+04
1.872000000000000000e+03 1.158670000000000073e+04
1.896000000000000000e+03 1.160180000000000109e+04
1.664000000000000000e+03 1.170360000000000036e+04
1.632000000000000000e+03 1.190200000000000000e+04
1.808000000000000000e+03 1.194710000000000036e+04
1.800000000000000000e+03 1.202785000000000036e+04
1.648000000000000000e+03 1.203205000000000109e+04
1.632000000000000000e+03 1.205220000000000073e+04
1.792000000000000000e+03 1.207585000000000036e+04
1.800000000000000000e+03 1.213530000000000109e+04
1.816000000000000000e+03 1.219885000000000036e+04
1.976000000000000000e+03 1.223389999999999964e+04
1.808000000000000000e+03 1.230214999999999964e+04
1.888000000000000000e+03 1.230220000000000073e+04
1.752000000000000000e+03 1.234755000000000109e+04
1.664000000000000000e+03 1.237675000000000000e+04
1.760000000000000000e+03 1.240155000000000109e+04
1.952000000000000000e+03 1.243595000000000073e+04
1.968000000000000000e+03 1.245750000000000000e+04
1.856000000000000000e+03 1.250160000000000036e+04
1.992000000000000000e+03 1.252675000000000000e+04
1.944000000000000000e+03 1.258875000000000000e+04
1.960000000000000000e+03 1.260139999999999964e+04
1.776000000000000000e+03 1.261730000000000109e+04
1.936000000000000000e+03 1.262750000000000000e+04
1.912000000000000000e+03 1.268985000000000036e+04
1.616000000000000000e+03 1.271064999999999964e+04
2.000000000000000000e+03 1.272310000000000036e+04
1.752000000000000000e+03 1.272700000000000000e+04
1.832000000000000000e+03 1.276175000000000000e+04
1.872000000000000000e+03 1.278514999999999964e+04
1.696000000000000000e+03 1.279455000000000109e+04
1.880000000000000000e+03 1.280570000000000073e+04
1.912000000000000000e+03 1.283780000000000109e+04
1.752000000000000000e+03 1.292685000000000036e+04
1.848000000000000000e+03 1.293145000000000073e+04
1.824000000000000000e+03 1.298114999999999964e+04
1.912000000000000000e+03 1.303925000000000000e+04
1.736000000000000000e+03 1.307260000000000036e+04
1.632000000000000000e+03 1.307925000000000000e+04
1.960000000000000000e+03 1.310310000000000036e+04
1.992000000000000000e+03 1.311580000000000109e+04
1.784000000000000000e+03 1.314745000000000073e+04
1.952000000000000000e+03 1.320625000000000000e+04
1.976000000000000000e+03 1.330064999999999964e+04
1.640000000000000000e+03 1.335420000000000073e+04
1.744000000000000000e+03 1.337775000000000000e+04
1.912000000000000000e+03 1.340120000000000073e+04
2.000000000000000000e+03 1.341275000000000000e+04
1.896000000000000000e+03 1.341360000000000036e+04
1.840000000000000000e+03 1.351775000000000000e+04
1.616000000000000000e+03 1.358989999999999964e+04
1.840000000000000000e+03 1.366620000000000073e+04
1.992000000000000000e+03 1.369064999999999964e+04
2.000000000000000000e+03 1.371525000000000000e+04
1.648000000000000000e+03 1.377945000000000073e+04
1.952000000000000000e+03 1.379700000000000000e+04
1.616000000000000000e+03 1.380889999999999964e+04
1.864000000000000000e+03 1.384930000000000109e+04
1.920000000000000000e+03 1.389695000000000073e+04
1.808000000000000000e+03 1.390195000000000073e+04
1.792000000000000000e+03 1.393689999999999964e+04
1.784000000000000000e+03 1.396070000000000073e+04
1.848000000000000000e+03 1.396789999999999964e+04
2.000000000000000000e+03 1.397110000000000036e+04
1.936000000000000000e+03 1.401564999999999964e+04
1.896000000000000000e+03 1.405895000000000073e+04
1.864000000000000000e+03 1.407489999999999964e+04
1.640000000000000000e+03 1.407989999999999964e+04
1.856000000000000000e+03 1.408385000000000036e+04
1.672000000000000000e+03 1.408435000000000036e+04
1.840000000000000000e+03 1.410100000000000000e+04
1.752000000000000000e+03 1.414070000000000073e+04
1.840000000000000000e+03 1.414820000000000073e+04
1.992000000000000000e+03 1.422610000000000036e+04
1.808000000000000000e+03 1.429039999999999964e+04
1.704000000000000000e+03 1.432870000000000073e+04
1.968000000000000000e+03 1.442110000000000036e+04
1.992000000000000000e+03 1.448264999999999964e+04
1.904000000000000000e+03 1.448530000000000109e+04
1.888000000000000000e+03 1.449000000000000000e+04
1.984000000000000000e+03 1.450439999999999964e+04
1.816000000000000000e+03 1.452164999999999964e+04
1.880000000000000000e+03 1.452980000000000109e+04
1.768000000000000000e+03 1.456155000000000109e+04
1.840000000000000000e+03 1.461180000000000109e+04
1.752000000000000000e+03 1.463964999999999964e+04
1.744000000000000000e+03 1.482885000000000036e+04
1.840000000000000000e+03 1.485375000000000000e+04
1.632000000000000000e+03 1.492105000000000109e+04
1.672000000000000000e+03 1.495325000000000000e+04
1.872000000000000000e+03 1.497039999999999964e+04
1.880000000000000000e+03 1.500500000000000000e+04
1.704000000000000000e+03 1.501180000000000109e+04
1.944000000000000000e+03 1.501210000000000036e+04
1.672000000000000000e+03 1.505205000000000109e+04
1.832000000000000000e+03 1.505439999999999964e+04
1.624000000000000000e+03 1.514980000000000109e+04
2.000000000000000000e+03 1.517745000000000073e+04
1.704000000000000000e+03 1.518000000000000000e+04
1.864000000000000000e+03 1.518089999999999964e+04
1.848000000000000000e+03 1.525000000000000000e+04
1.728000000000000000e+03 1.526210000000000036e+04
1.760000000000000000e+03 1.527010000000000036e+04
1.872000000000000000e+03 1.528130000000000109e+04
1.680000000000000000e+03 1.528345000000000073e+04
1.968000000000000000e+03 1.528575000000000000e+04
1.616000000000000000e+03 1.530085000000000036e+04
1.904000000000000000e+03 1.530785000000000036e+04
1.944000000000000000e+03 1.531064999999999964e+04
1.896000000000000000e+03 1.531075000000000000e+04
1.704000000000000000e+03 1.531935000000000036e+04
1.800000000000000000e+03 1.539235000000000036e+04
1.752000000000000000e+03 1.541755000000000109e+04
1.960000000000000000e+03 1.544505000000000109e+04
1.760000000000000000e+03 1.552195000000000073e+04
1.960000000000000000e+03 1.557550000000000000e+04
1.624000000000000000e+03 1.558889999999999964e+04
1.984000000000000000e+03 1.562275000000000000e+04
1.648000000000000000e+03 1.562970000000000073e+04
1.736000000000000000e+03 1.563745000000000073e+04
1.864000000000000000e+03 1.568755000000000109e+04
1.648000000000000000e+03 1.574045000000000073e+04
1.744000000000000000e+03 1.582625000000000000e+04
1.848000000000000000e+03 1.584980000000000109e+04
1.928000000000000000e+03 1.588000000000000000e+04
1.808000000000000000e+03 1.588389999999999964e+04
1.664000000000000000e+03 1.592620000000000073e+04
1.920000000000000000e+03 1.594835000000000036e+04
1.624000000000000000e+03 1.596405000000000109e+04
1.912000000000000000e+03 1.597305000000000109e+04
1.976000000000000000e+03 1.597810000000000036e+04
1.696000000000000000e+03 1.599310000000000036e+04
1.696000000000000000e+03 1.611339999999999964e+04
1.760000000000000000e+03 1.614270000000000073e+04
1.848000000000000000e+03 1.617095000000000073e+04
1.960000000000000000e+03 1.617225000000000000e+04
1.624000000000000000e+03 1.620050000000000000e+04
1.816000000000000000e+03 1.624500000000000000e+04
1.624000000000000000e+03 1.628700000000000000e+04
1.712000000000000000e+03 1.630264999999999964e+04
1.968000000000000000e+03 1.635089999999999964e+04
1.752000000000000000e+03 1.636025000000000000e+04
1.824000000000000000e+03 1.640945000000000073e+04
1.712000000000000000e+03 1.643715000000000146e+04
1.728000000000000000e+03 1.644145000000000073e+04
1.752000000000000000e+03 1.646495000000000073e+04
1.640000000000000000e+03 1.648300000000000000e+04
1.872000000000000000e+03 1.654465000000000146e+04
1.632000000000000000e+03 1.662020000000000073e+04
1.928000000000000000e+03 1.665084999999999854e+04
1.648000000000000000e+03 1.665615000000000146e+04
1.608000000000000000e+03 1.666775000000000000e+04
1.976000000000000000e+03 1.670750000000000000e+04
2.000000000000000000e+03 1.670850000000000000e+04
1.632000000000000000e+03 1.681259999999999854e+04
1.848000000000000000e+03 1.683700000000000000e+04
1.704000000000000000e+03 1.686925000000000000e+04
1.672000000000000000e+03 1.688204999999999927e+04
1.784000000000000000e+03 1.695975000000000000e+04
1.976000000000000000e+03 1.696004999999999927e+04
1.872000000000000000e+03 1.697140000000000146e+04
1.992000000000000000e+03 1.697379999999999927e+04
1.808000000000000000e+03 1.699379999999999927e+04
1.944000000000000000e+03 1.706959999999999854e+04
1.640000000000000000e+03 1.716404999999999927e+04
1.688000000000000000e+03 1.719529999999999927e+04
1.992000000000000000e+03 1.723915000000000146e+04
1.632000000000000000e+03 1.725684999999999854e+04
1.704000000000000000e+03 1.725995000000000073e+04
1.928000000000000000e+03 1.728129999999999927e+04
1.872000000000000000e+03 1.730895000000000073e+04
1.832000000000000000e+03 1.731975000000000000e+04
2.000000000000000000e+03 1.747090000000000146e+04
1.704000000000000000e+03 1.748615000000000146e+04
1.792000000000000000e+03 1.749190000000000146e+04
1.848000000000000000e+03 1.757179999999999927e+04
1.704000000000000000e+03 1.760095000000000073e+04
1.984000000000000000e+03 1.760290000000000146e+04
2.000000000000000000e+03 1.766340000000000146e+04
1.616000000000000000e+03 1.766554999999999927e+04
1.840000000000000000e+03 1.779045000000000073e+04
2.000000000000000000e+03 1.780185000000000218e+04
1.624000000000000000e+03 1.787320000000000073e+04
1.808000000000000000e+03 1.787929999999999927e+04
1.864000000000000000e+03 1.792804999999999927e+04
1.608000000000000000e+03 1.796154999999999927e+04
1.840000000000000000e+03 1.797729999999999927e+04
1.944000000000000000e+03 1.798175000000000000e+04
1.776000000000000000e+03 1.804885000000000218e+04
1.808000000000000000e+03 1.805145000000000073e+04
1.728000000000000000e+03 1.806450000000000000e+04
1.840000000000000000e+03 1.806640000000000146e+04
1.704000000000000000e+03 1.812370000000000073e+04
1.976000000000000000e+03 1.812815000000000146e+04
1.920000000000000000e+03 1.817779999999999927e+04
1.624000000000000000e+03 1.820360000000000218e+04
1.664000000000000000e+03 1.821610000000000218e+04
1.928000000000000000e+03 1.823185000000000218e+04
1.912000000000000000e+03 1.823695000000000073e+04
1.704000000000000000e+03 1.824265000000000146e+04
1.872000000000000000e+03 1.828079999999999927e+04
1.952000000000000000e+03 1.829429999999999927e+04
1.792000000000000000e+03 1.830795000000000073e+04
1.880000000000000000e+03 1.835840000000000146e+04
1.944000000000000000e+03 1.836940000000000146e+04
1.968000000000000000e+03 1.841770000000000073e+04
1.704000000000000000e+03 1.848179999999999927e+04
1.648000000000000000e+03 1.848370000000000073e+04
1.864000000000000000e+03 1.855595000000000073e+04
1.664000000000000000e+03 1.860179999999999927e+04
1.688000000000000000e+03 1.862279999999999927e+04
1.648000000000000000e+03 1.868820000000000073e+04
1.856000000000000000e+03 1.870879999999999927e+04
1.728000000000000000e+03 1.871679999999999927e+04
1.808000000000000000e+03 1.874525000000000000e+04
1.896000000000000000e+03 1.875029999999999927e+04
1.744000000000000000e+03 1.875154999999999927e+04
1.720000000000000000e+03 1.877195000000000073e+04
1.664000000000000000e+03 1.879370000000000073e+04
2.000000000000000000e+03 1.880640000000000146e+04
1.800000000000000000e+03 1.881995000000000073e+04
1.888000000000000000e+03 1.894429999999999927e+04
1.720000000000000000e+03 1.897504999999999927e+04
1.736000000000000000e+03 1.897645000000000073e+04
1.800000000000000000e+03 1.898765000000000146e+04
1.896000000000000000e+03 1.908254999999999927e+04
1.720000000000000000e+03 1.908410000000000218e+04
1.936000000000000000e+03 1.913385000000000218e+04
1.776000000000000000e+03 1.913425000000000000e+04
1.872000000000000000e+03 1.913500000000000000e+04
1.768000000000000000e+03 1.921295000000000073e+04
1.752000000000000000e+03 1.925695000000000073e+04
1.912000000000000000e+03 1.928170000000000073e+04
1.832000000000000000e+03 1.937015000000000146e+04
1.656000000000000000e+03 1.945140000000000146e+04
1.608000000000000000e+03 1.951125000000000000e+04
1.856000000000000000e+03 1.951270000000000073e+04
1.752000000000000000e+03 1.954365000000000146e+04
1.728000000000000000e+03 1.958710000000000218e+04
1.672000000000000000e+03 1.966260000000000218e+04
1.936000000000000000e+03 1.971679999999999927e+04
1.864000000000000000e+03 1.973825000000000000e+04
1.784000000000000000e+03 1.976245000000000073e+04
1.816000000000000000e+03 1.983885000000000218e+04
1.928000000000000000e+03 1.987060000000000218e+04
1.768000000000000000e+03 1.989000000000000000e+04
1.664000000000000000e+03 1.989215000000000146e+04
1.736000000000000000e+03 1.989260000000000218e+04
1.840000000000000000e+03 1.995779999999999927e+04
1.992000000000000000e+03 1.996445000000000073e+04
1.888000000000000000e+03 1.998865000000000146e+04
2.000000000000000000e+03 2.002185000000000218e+04
1.752000000000000000e+03 2.003045000000000073e+04
1.864000000000000000e+03 2.003129999999999927e+04
1.824000000000000000e+03 2.004004999999999927e+04
1.872000000000000000e+03 2.005400000000000000e+04
1.784000000000000000e+03 2.007610000000000218e+04
1.760000000000000000e+03 2.008404999999999927e+04
1.888000000000000000e+03 2.012125000000000000e+04
1.728000000000000000e+03 2.012260000000000218e+04
1.768000000000000000e+03 2.019815000000000146e+04
1.936000000000000000e+03 2.025035000000000218e+04
1.920000000000000000e+03 2.027845000000000073e+04
1.792000000000000000e+03 2.028320000000000073e+04
1.632000000000000000e+03 2.031100000000000000e+04
1.912000000000000000e+03 2.036475000000000000e+04
1.744000000000000000e+03 2.042085000000000218e+04
1.712000000000000000e+03 2.042929999999999927e+04
1.728000000000000000e+03 2.051550000000000000e+04
1.800000000000000000e+03 2.053290000000000146e+04
1.672000000000000000e+03 2.053920000000000073e+04
1.808000000000000000e+03 2.054154999999999927e+04
1.904000000000000000e+03 2.054245000000000073e+04
1.624000000000000000e+03 2.056529999999999927e+04
1.832000000000000000e+03 2.057045000000000073e+04
1.896000000000000000e+03 2.058170000000000073e+04
1.680000000000000000e+03 2.061145000000000073e+04
1.920000000000000000e+03 2.061279999999999927e+04
1.736000000000000000e+03 2.067735000000000218e+04
1.680000000000000000e+03 2.069920000000000073e+04
1.696000000000000000e+03 2.082285000000000218e+04
1.992000000000000000e+03 2.083229999999999927e+04
1.856000000000000000e+03 2.083529999999999927e+04
1.720000000000000000e+03 2.084725000000000000e+04
1.960000000000000000e+03 2.085895000000000073e+04
1.664000000000000000e+03 2.091029999999999927e+04
1.848000000000000000e+03 2.093900000000000000e+04
1.712000000000000000e+03 2.094454999999999927e+04
1.840000000000000000e+03 2.094760000000000218e+04
1.872000000000000000e+03 2.097404999999999927e+04
1.664000000000000000e+03 2.100329999999999927e+04
1.632000000000000000e+03 2.101490000000000146e+04
1.936000000000000000e+03 2.105395000000000073e+04
1.952000000000000000e+03 2.108679999999999927e+04
1.808000000000000000e+03 2.112854999999999927e+04
1.664000000000000000e+03 2.122404999999999927e+04
1.992000000000000000e+03 2.129620000000000073e+04
1.816000000000000000e+03 2.142400000000000000e+04
1.984000000000000000e+03 2.144285000000000218e+04
1.640000000000000000e+03 2.147295000000000073e+04
1.720000000000000000e+03 2.151820000000000073e+04
1.992000000000000000e+03 2.152979999999999927e+04
1.824000000000000000e+03 2.153629999999999927e+04
1.832000000000000000e+03 2.153690000000000146e+04
1.864000000000000000e+03 2.154695000000000073e+04
1.984000000000000000e+03 2.156495000000000073e+04
1.696000000000000000e+03 2.158050000000000000e+04
1.928000000000000000e+03 2.158625000000000000e+04
1.744000000000000000e+03 2.160765000000000146e+04
1.640000000000000000e+03 2.166475000000000000e+04
1.832000000000000000e+03 2.171954999999999927e+04
1.616000000000000000e+03 2.176120000000000073e+04
1.752000000000000000e+03 2.177990000000000146e+04
1.632000000000000000e+03 2.178345000000000073e+04
1.872000000000000000e+03 2.178979999999999927e+04
1.640000000000000000e+03 2.180995000000000073e+04
1.800000000000000000e+03 2.185715000000000146e+04
1.648000000000000000e+03 2.190070000000000073e+04
1.760000000000000000e+03 2.191920000000000073e+04
1.880000000000000000e+03 2.192110000000000218e+04
1.744000000000000000e+03 2.194570000000000073e+04
1.664000000000000000e+03 2.195660000000000218e+04
1.776000000000000000e+03 2.198845000000000073e+04
1.976000000000000000e+03 2.202440000000000146e+04
1.952000000000000000e+03 2.202665000000000146e+04
1.944000000000000000e+03 2.204579999999999927e+04
1.960000000000000000e+03 2.207510000000000218e+04
1.712000000000000000e+03 2.212235000000000218e+04
1.648000000000000000e+03 2.215745000000000073e+04
1.976000000000000000e+03 2.216379999999999927e+04
1.704000000000000000e+03 2.218110000000000218e+04
1.688000000000000000e+03 2.223879999999999927e+04
1.792000000000000000e+03 2.225845000000000073e+04
1.760000000000000000e+03 2.226000000000000000e+04
1.784000000000000000e+03 2.228645000000000073e+04
2.000000000000000000e+03 2.229565000000000146e+04
1.720000000000000000e+03 2.235079999999999927e+04
1.688000000000000000e+03 2.237370000000000073e+04
1.648000000000000000e+03 2.239390000000000146e+04
1.704000000000000000e+03 2.240650000000000000e+04
1.608000000000000000e+03 2.243145000000000073e+04
1.856000000000000000e+03 2.247145000000000073e+04
1.936000000000000000e+03 2.249450000000000000e+04
1.872000000000000000e+03 2.249615000000000146e+04
1.744000000000000000e+03 2.252410000000000218e+04
1.912000000000000000e+03 2.256854999999999927e+04
1.856000000000000000e+03 2.262645000000000073e+04
1.976000000000000000e+03 2.264685000000000218e+04
1.896000000000000000e+03 2.269175000000000000e+04
1.912000000000000000e+03 2.276600000000000000e+04
1.976000000000000000e+03 2.282775000000000000e+04
1.696000000000000000e+03 2.285665000000000146e+04
1.872000000000000000e+03 2.286850000000000000e+04
1.888000000000000000e+03 2.290435000000000218e+04
1.944000000000000000e+03 2.297960000000000218e+04
1.736000000000000000e+03 2.301470000000000073e+04
1.840000000000000000e+03 2.308790000000000146e+04
1.776000000000000000e+03 2.310120000000000073e+04
1.608000000000000000e+03 2.310654999999999927e+04
1.680000000000000000e+03 2.313929999999999927e+04
1.744000000000000000e+03 2.319750000000000000e+04
1.832000000000000000e+03 2.325320000000000073e+04
1.752000000000000000e+03 2.325375000000000000e+04
1.896000000000000000e+03 2.332279999999999927e+04
1.624000000000000000e+03 2.338540000000000146e+04
1.664000000000000000e+03 2.338540000000000146e+04
1.952000000000000000e+03 2.341675000000000000e+04
1.744000000000000000e+03 2.345854999999999927e+04
1.968000000000000000e+03 2.346104999999999927e+04
1.688000000000000000e+03 2.346365000000000146e+04
1.752000000000000000e+03 2.350895000000000073e+04
1.816000000000000000e+03 2.351054999999999927e+04
1.840000000000000000e+03 2.351275000000000000e+04
1.984000000000000000e+03 2.353300000000000000e+04
1.696000000000000000e+03 2.360540000000000146e+04
1.632000000000000000e+03 2.362304999999999927e+04
1.656000000000000000e+03 2.365229999999999927e+04
1.800000000000000000e+03 2.365270000000000073e+04
1.808000000000000000e+03 2.379920000000000073e+04
1.920000000000000000e+03 2.379970000000000073e+04
1.712000000000000000e+03 2.395570000000000073e+04
1.976000000000000000e+03 2.398520000000000073e+04
1.624000000000000000e+03 2.402195000000000073e+04
1.960000000000000000e+03 2.406879999999999927e+04
1.648000000000000000e+03 2.406945000000000073e+04
1.816000000000000000e+03 2.409025000000000000e+04
1.744000000000000000e+03 2.417795000000000073e+04
1.640000000000000000e+03 2.418854999999999927e+04
1.928000000000000000e+03 2.421704999999999927e+04
1.728000000000000000e+03 2.422440000000000146e+04
1.688000000000000000e+03 2.422454999999999927e+04
1.856000000000000000e+03 2.433325000000000000e+04
1.736000000000000000e+03 2.434710000000000218e+04
1.696000000000000000e+03 2.435125000000000000e+04
1.976000000000000000e+03 2.440840000000000146e+04
1.864000000000000000e+03 2.443335000000000218e+04
1.856000000000000000e+03 2.449250000000000000e+04
1.784000000000000000e+03 2.452235000000000218e+04
1.856000000000000000e+03 2.456700000000000000e+04
1.832000000000000000e+03 2.456735000000000218e+04
1.712000000000000000e+03 2.460954999999999927e+04
1.648000000000000000e+03 2.466104999999999927e+04
1.864000000000000000e+03 2.468240000000000146e+04
1.928000000000000000e+03 2.470620000000000073e+04
1.664000000000000000e+03 2.473404999999999927e+04
1.728000000000000000e+03 2.473425000000000000e+04
1.616000000000000000e+03 2.473465000000000146e+04
1.824000000000000000e+03 2.474004999999999927e+04
1.800000000000000000e+03 2.479470000000000073e+04
1.624000000000000000e+03 2.483304999999999927e+04
1.928000000000000000e+03 2.484950000000000000e+04
1.720000000000000000e+03 2.490229999999999927e+04
1.824000000000000000e+03 2.490765000000000146e+04
1.744000000000000000e+03 2.492410000000000218e+04
1.808000000000000000e+03 2.499465000000000146e+04
1.952000000000000000e+03 2.501890000000000146e+04
1.888000000000000000e+03 2.502035000000000218e+04
1.800000000000000000e+03 2.502770000000000073e+04
1.752000000000000000e+03 2.504279999999999927e+04
1.824000000000000000e+03 2.509865000000000146e+04
1.880000000000000000e+03 2.511429999999999927e+04
1.888000000000000000e+03 2.517240000000000146e+04
1.720000000000000000e+03 2.519265000000000146e+04
1.656000000000000000e+03 2.519840000000000146e+04
1.880000000000000000e+03 2.537529999999999927e+04
1.784000000000000000e+03 2.538185000000000218e+04
1.944000000000000000e+03 2.541704999999999927e+04
1.672000000000000000e+03 2.542065000000000146e+04
1.624000000000000000e+03 2.543725000000000000e+04
1.864000000000000000e+03 2.545529999999999927e+04
1.648000000000000000e+03 2.547029999999999927e+04
1.696000000000000000e+03 2.547129999999999927e+04
1.920000000000000000e+03 2.553145000000000073e+04
1.808000000000000000e+03 2.556595000000000073e+04
1.728000000000000000e+03 2.559360000000000218e+04
1.872000000000000000e+03 2.562420000000000073e+04
1.848000000000000000e+03 2.566054999999999927e+04
1.752000000000000000e+03 2.566204999999999927e+04
1.944000000000000000e+03 2.570970000000000073e+04
1.896000000000000000e+03 2.571785000000000218e+04
1.704000000000000000e+03 2.571900000000000000e+04
1.824000000000000000e+03 2.573475000000000000e+04
1.968000000000000000e+03 2.573825000000000000e+04
1.776000000000000000e+03 2.574979999999999927e+04
1.688000000000000000e+03 2.577850000000000000e+04
1.728000000000000000e+03 2.578215000000000146e+04
1.752000000000000000e+03 2.582604999999999927e+04
1.816000000000000000e+03 2.588929999999999927e+04
1.936000000000000000e+03 2.588975000000000000e+04
1.808000000000000000e+03 2.595610000000000218e+04
1.976000000000000000e+03 2.595620000000000073e+04
1.632000000000000000e+03 2.599065000000000146e+04
1.736000000000000000e+03 2.600560000000000218e+04
1.688000000000000000e+03 2.602235000000000218e+04
1.712000000000000000e+03 2.604390000000000146e+04
1.768000000000000000e+03 2.606145000000000073e+04
1.608000000000000000e+03 2.606354999999999927e+04
1.792000000000000000e+03 2.606360000000000218e+04
1.760000000000000000e+03 2.609445000000000073e+04
1.752000000000000000e+03 2.609490000000000146e+04
1.648000000000000000e+03 2.613770000000000073e+04
1.672000000000000000e+03 2.617360000000000218e+04
1.800000000000000000e+03 2.618654999999999927e+04
1.904000000000000000e+03 2.618890000000000146e+04
1.616000000000000000e+03 2.622785000000000218e+04
1.968000000000000000e+03 2.623229999999999927e+04
1.776000000000000000e+03 2.626815000000000146e+04
1.608000000000000000e+03 2.630060000000000218e+04
1.688000000000000000e+03 2.631000000000000000e+04
1.712000000000000000e+03 2.631904999999999927e+04
1.760000000000000000e+03 2.632054999999999927e+04
1.896000000000000000e+03 2.634035000000000218e+04
1.976000000000000000e+03 2.635020000000000073e+04
1.752000000000000000e+03 2.638390000000000146e+04
1.912000000000000000e+03 2.639370000000000073e+04
1.648000000000000000e+03 2.641575000000000000e+04
1.632000000000000000e+03 2.642715000000000146e+04
1.968000000000000000e+03 2.644229999999999927e+04
1.896000000000000000e+03 2.652070000000000073e+04
1.752000000000000000e+03 2.657785000000000218e+04
1.704000000000000000e+03 2.659385000000000218e+04
1.832000000000000000e+03 2.661815000000000146e+04
1.776000000000000000e+03 2.662765000000000146e+04
1.664000000000000000e+03 2.665860000000000218e+04
1.904000000000000000e+03 2.671925000000000000e+04
1.608000000000000000e+03 2.676375000000000000e+04
1.624000000000000000e+03 2.677085000000000218e+04
1.752000000000000000e+03 2.677820000000000073e+04
1.872000000000000000e+03 2.679735000000000218e+04
1.744000000000000000e+03 2.681275000000000000e+04
1.920000000000000000e+03 2.689940000000000146e+04
1.888000000000000000e+03 2.690185000000000218e+04
1.856000000000000000e+03 2.692670000000000073e+04
1.952000000000000000e+03 2.693990000000000146e+04
1.768000000000000000e+03 2.696125000000000000e+04
1.896000000000000000e+03 2.696125000000000000e+04
1.824000000000000000e+03 2.696400000000000000e+04
1.984000000000000000e+03 2.698450000000000000e+04
1.704000000000000000e+03 2.698870000000000073e+04
1.752000000000000000e+03 2.700179999999999927e+04
1.848000000000000000e+03 2.708104999999999927e+04
1.896000000000000000e+03 2.709135000000000218e+04
1.800000000000000000e+03 2.717870000000000073e+04
1.992000000000000000e+03 2.726210000000000218e+04
1.920000000000000000e+03 2.730510000000000218e+04
1.672000000000000000e+03 2.733725000000000000e+04
1.952000000000000000e+03 2.742575000000000000e+04
1.808000000000000000e+03 2.744870000000000073e+04
1.920000000000000000e+03 2.751175000000000000e+04
2.000000000000000000e+03 2.753585000000000218e+04
1.624000000000000000e+03 2.754660000000000218e+04
1.824000000000000000e+03 2.757435000000000218e+04
1.664000000000000000e+03 2.758510000000000218e+04
1.720000000000000000e+03 2.759625000000000000e+04
1.632000000000000000e+03 2.761550000000000000e+04
1.864000000000000000e+03 2.766629999999999927e+04
1.848000000000000000e+03 2.773335000000000218e+04
1.928000000000000000e+03 2.773515000000000146e+04
1.896000000000000000e+03 2.775679999999999927e+04
1.720000000000000000e+03 2.779479999999999927e+04
1.928000000000000000e+03 2.780575000000000000e+04
1.672000000000000000e+03 2.781590000000000146e+04
1.664000000000000000e+03 2.781610000000000218e+04
1.624000000000000000e+03 2.782765000000000146e+04
1.776000000000000000e+03 2.783990000000000146e+04
1.648000000000000000e+03 2.790700000000000000e+04
1.840000000000000000e+03 2.791810000000000218e+04
1.992000000000000000e+03 2.793770000000000073e+04
1.808000000000000000e+03 2.796100000000000000e+04
1.768000000000000000e+03 2.796525000000000000e+04
1.752000000000000000e+03 2.797135000000000218e+04
1.625000000000000000e+03 1.147000000000000028e+02
1.705000000000000000e+03 1.261500000000000057e+02
1.841000000000000000e+03 1.673000000000000114e+02
1.801000000000000000e+03 1.833000000000000114e+02
1.697000000000000000e+03 2.139000000000000057e+02
1.673000000000000000e+03 2.255000000000000000e+02
1.921000000000000000e+03 2.285999999999999943e+02
1.817000000000000000e+03 2.559500000000000171e+02
1.945000000000000000e+03 2.657500000000000000e+02
1.729000000000000000e+03 2.875000000000000000e+02
1.961000000000000000e+03 3.065000000000000000e+02
1.729000000000000000e+03 3.901000000000000227e+02
1.865000000000000000e+03 4.017500000000000000e+02
1.649000000000000000e+03 4.103500000000000227e+02
1.657000000000000000e+03 4.220000000000000000e+02
1.993000000000000000e+03 4.517500000000000000e+02
1.913000000000000000e+03 4.730500000000000114e+02
1.689000000000000000e+03 4.869000000000000341e+02
1.617000000000000000e+03 4.951000000000000227e+02
1.801000000000000000e+03 5.202000000000000455e+02
1.681000000000000000e+03 5.995500000000000682e+02
1.713000000000000000e+03 6.085000000000000000e+02
1.961000000000000000e+03 6.793999999999999773e+02
1.841000000000000000e+03 8.026000000000000227e+02
2.001000000000000000e+03 8.312500000000000000e+02
1.817000000000000000e+03 8.968000000000000682e+02
1.641000000000000000e+03 9.023500000000000227e+02
1.865000000000000000e+03 1.030950000000000045e+03
1.921000000000000000e+03 1.042500000000000000e+03
1.745000000000000000e+03 1.062549999999999955e+03
1.697000000000000000e+03 1.117700000000000045e+03
1.985000000000000000e+03 1.148900000000000091e+03
1.865000000000000000e+03 1.168000000000000000e+03
1.745000000000000000e+03 1.169650000000000091e+03
1.881000000000000000e+03 1.211049999999999955e+03
1.729000000000000000e+03 1.239799999999999955e+03
1.617000000000000000e+03 1.255150000000000091e+03
1.825000000000000000e+03 1.287200000000000045e+03
1.625000000000000000e+03 1.326000000000000000e+03
2.001000000000000000e+03 1.327049999999999955e+03
1.969000000000000000e+03 1.349900000000000091e+03
1.897000000000000000e+03 1.384200000000000045e+03
1.857000000000000000e+03 1.406700000000000045e+03
1.913000000000000000e+03 1.407500000000000000e+03
1.689000000000000000e+03 1.462200000000000045e+03
1.777000000000000000e+03 1.492100000000000136e+03
1.657000000000000000e+03 1.558100000000000136e+03
1.729000000000000000e+03 1.670299999999999955e+03
1.737000000000000000e+03 1.683400000000000091e+03
1.641000000000000000e+03 1.695250000000000000e+03
1.873000000000000000e+03 1.698850000000000136e+03
1.705000000000000000e+03 1.722000000000000000e+03
1.617000000000000000e+03 1.726549999999999955e+03
1.977000000000000000e+03 1.726900000000000091e+03
1.729000000000000000e+03 1.751549999999999955e+03
1.761000000000000000e+03 1.782150000000000091e+03
1.985000000000000000e+03 1.810500000000000000e+03
1.921000000000000000e+03 1.817650000000000091e+03
1.673000000000000000e+03 1.825299999999999955e+03
1.849000000000000000e+03 1.884400000000000091e+03
1.641000000000000000e+03 1.940450000000000045e+03
1.905000000000000000e+03 2.011299999999999955e+03
1.881000000000000000e+03 2.012700000000000045e+03
1.697000000000000000e+03 2.014549999999999955e+03
1.889000000000000000e+03 2.032150000000000091e+03
1.657000000000000000e+03 2.046549999999999955e+03
1.897000000000000000e+03 2.085250000000000000e+03
1.609000000000000000e+03 2.118349999999999909e+03
1.769000000000000000e+03 2.119449999999999818e+03
1.761000000000000000e+03 2.223599999999999909e+03
1.737000000000000000e+03 2.262250000000000000e+03
1.937000000000000000e+03 2.274150000000000091e+03
1.905000000000000000e+03 2.384700000000000273e+03
1.761000000000000000e+03 2.384800000000000182e+03
1.913000000000000000e+03 2.445200000000000273e+03
1.697000000000000000e+03 2.447900000000000091e+03
1.993000000000000000e+03 2.523000000000000000e+03
1.921000000000000000e+03 2.586099999999999909e+03
1.897000000000000000e+03 2.627700000000000273e+03
1.713000000000000000e+03 2.649650000000000091e+03
1.769000000000000000e+03 2.681849999999999909e+03
1.697000000000000000e+03 2.718400000000000091e+03
1.985000000000000000e+03 2.740200000000000273e+03
1.897000000000000000e+03 2.763400000000000091e+03
1.721000000000000000e+03 2.820500000000000000e+03
1.945000000000000000e+03 2.842900000000000091e+03
1.881000000000000000e+03 2.863400000000000091e+03
1.889000000000000000e+03 2.875500000000000000e+03
1.801000000000000000e+03 2.954099999999999909e+03
1.769000000000000000e+03 3.009900000000000091e+03
1.913000000000000000e+03 3.048849999999999909e+03
1.857000000000000000e+03 3.053550000000000182e+03
1.921000000000000000e+03 3.118050000000000182e+03
1.817000000000000000e+03 3.189750000000000000e+03
1.673000000000000000e+03 3.198700000000000273e+03
1.969000000000000000e+03 3.242099999999999909e+03
1.953000000000000000e+03 3.254150000000000091e+03
1.881000000000000000e+03 3.256700000000000273e+03
1.873000000000000000e+03 3.261950000000000273e+03
1.857000000000000000e+03 3.286849999999999909e+03
1.825000000000000000e+03 3.293300000000000182e+03
1.753000000000000000e+03 3.300300000000000182e+03
1.905000000000000000e+03 3.301150000000000091e+03
1.841000000000000000e+03 3.330849999999999909e+03
1.969000000000000000e+03 3.388099999999999909e+03
1.825000000000000000e+03 3.412700000000000273e+03
1.681000000000000000e+03 3.505750000000000000e+03
1.865000000000000000e+03 3.506400000000000091e+03
1.641000000000000000e+03 3.604250000000000000e+03
1.665000000000000000e+03 3.668000000000000000e+03
1.761000000000000000e+03 3.699250000000000000e+03
1.657000000000000000e+03 3.718400000000000091e+03
1.785000000000000000e+03 3.799849999999999909e+03
1.673000000000000000e+03 3.831900000000000091e+03
1.625000000000000000e+03 3.920400000000000091e+03
1.633000000000000000e+03 3.943400000000000091e+03
1.961000000000000000e+03 3.977000000000000000e+03
1.873000000000000000e+03 3.999000000000000000e+03
1.889000000000000000e+03 4.041599999999999909e+03
1.657000000000000000e+03 4.077250000000000000e+03
1.745000000000000000e+03 4.124850000000000364e+03
1.897000000000000000e+03 4.151149999999999636e+03
1.713000000000000000e+03 4.202050000000000182e+03
1.969000000000000000e+03 4.230000000000000000e+03
1.961000000000000000e+03 4.294550000000000182e+03
1.657000000000000000e+03 4.313350000000000364e+03
1.977000000000000000e+03 4.355399999999999636e+03
1.721000000000000000e+03 4.357350000000000364e+03
1.921000000000000000e+03 4.363500000000000000e+03
1.913000000000000000e+03 4.422750000000000000e+03
1.617000000000000000e+03 4.423350000000000364e+03
1.897000000000000000e+03 4.432400000000000546e+03
1.969000000000000000e+03 4.433050000000000182e+03
1.961000000000000000e+03 4.461199999999999818e+03
1.793000000000000000e+03 4.529550000000000182e+03
1.809000000000000000e+03 4.588100000000000364e+03
1.945000000000000000e+03 4.589650000000000546e+03
1.633000000000000000e+03 4.610949999999999818e+03
1.673000000000000000e+03 4.611350000000000364e+03
1.761000000000000000e+03 4.618449999999999818e+03
1.905000000000000000e+03 4.659500000000000000e+03
1.633000000000000000e+03 4.667650000000000546e+03
1.985000000000000000e+03 4.710699999999999818e+03
1.777000000000000000e+03 4.720000000000000000e+03
1.993000000000000000e+03 4.772150000000000546e+03
1.945000000000000000e+03 4.840250000000000000e+03
1.849000000000000000e+03 4.865550000000000182e+03
2.001000000000000000e+03 4.869650000000000546e+03
1.929000000000000000e+03 4.958699999999999818e+03
1.985000000000000000e+03 5.029449999999999818e+03
1.929000000000000000e+03 5.031900000000000546e+03
1.625000000000000000e+03 5.039699999999999818e+03
1.905000000000000000e+03 5.077650000000000546e+03
1.953000000000000000e+03 5.192900000000000546e+03
1.857000000000000000e+03 5.198449999999999818e+03
1.625000000000000000e+03 5.276600000000000364e+03
1.641000000000000000e+03 5.350199999999999818e+03
1.825000000000000000e+03 5.419100000000000364e+03
1.969000000000000000e+03 5.436650000000000546e+03
1.993000000000000000e+03 5.462300000000000182e+03
1.721000000000000000e+03 5.475600000000000364e+03
1.777000000000000000e+03 5.481400000000000546e+03
1.705000000000000000e+03 5.506750000000000000e+03
1.769000000000000000e+03 5.530000000000000000e+03
2.001000000000000000e+03 5.566300000000000182e+03
1.681000000000000000e+03 5.621800000000000182e+03
1.873000000000000000e+03 5.654199999999999818e+03
1.649000000000000000e+03 5.656550000000000182e+03
1.961000000000000000e+03 5.730400000000000546e+03
1.857000000000000000e+03 5.738449999999999818e+03
1.609000000000000000e+03 5.751100000000000364e+03
1.729000000000000000e+03 5.775300000000000182e+03
1.833000000000000000e+03 5.913900000000000546e+03
1.825000000000000000e+03 5.915949999999999818e+03
1.913000000000000000e+03 5.963350000000000364e+03
1.617000000000000000e+03 6.068500000000000000e+03
1.889000000000000000e+03 6.092850000000000364e+03
1.633000000000000000e+03 6.117800000000000182e+03
1.953000000000000000e+03 6.167850000000000364e+03
1.833000000000000000e+03 6.205650000000000546e+03
1.945000000000000000e+03 6.232699999999999818e+03
1.889000000000000000e+03 6.233050000000000182e+03
1.753000000000000000e+03 6.243100000000000364e+03
1.777000000000000000e+03 6.318100000000000364e+03
1.769000000000000000e+03 6.325800000000000182e+03
1.849000000000000000e+03 6.344250000000000000e+03
1.657000000000000000e+03 6.392800000000000182e+03
1.841000000000000000e+03 6.434650000000000546e+03
1.793000000000000000e+03 6.516100000000000364e+03
1.729000000000000000e+03 6.567150000000000546e+03
1.929000000000000000e+03 6.577000000000000000e+03
1.609000000000000000e+03 6.622100000000000364e+03
1.801000000000000000e+03 6.710800000000000182e+03
1.825000000000000000e+03 6.721750000000000000e+03
1.681000000000000000e+03 6.741600000000000364e+03
1.649000000000000000e+03 6.749350000000000364e+03
1.705000000000000000e+03 6.773900000000000546e+03
1.657000000000000000e+03 6.794650000000000546e+03
1.617000000000000000e+03 6.812400000000000546e+03
1.849000000000000000e+03 6.846050000000000182e+03
1.913000000000000000e+03 6.925250000000000000e+03
1.729000000000000000e+03 6.951900000000000546e+03
1.745000000000000000e+03 7.019600000000000364e+03
1.873000000000000000e+03 7.036699999999999818e+03
1.833000000000000000e+03 7.047250000000000000e+03
1.929000000000000000e+03 7.055750000000000000e+03
1.857000000000000000e+03 7.105900000000000546e+03
1.913000000000000000e+03 7.134350000000000364e+03
1.633000000000000000e+03 7.208850000000000364e+03
2.001000000000000000e+03 7.272400000000000546e+03
1.961000000000000000e+03 7.341050000000000182e+03
1.609000000000000000e+03 7.347949999999999818e+03
1.729000000000000000e+03 7.351949999999999818e+03
1.833000000000000000e+03 7.391750000000000000e+03
1.817000000000000000e+03 7.449800000000000182e+03
1.673000000000000000e+03 7.466750000000000000e+03
1.881000000000000000e+03 7.469900000000000546e+03
1.873000000000000000e+03 7.477400000000000546e+03
1.681000000000000000e+03 7.505300000000000182e+03
1.969000000000000000e+03 7.532300000000000182e+03
1.929000000000000000e+03 7.532850000000000364e+03
1.873000000000000000e+03 7.600449999999999818e+03
1.937000000000000000e+03 7.608850000000000364e+03
1.753000000000000000e+03 7.681400000000000546e+03
1.657000000000000000e+03 7.762449999999999818e+03
1.609000000000000000e+03 7.769750000000000000e+03
1.649000000000000000e+03 7.776850000000000364e+03
1.673000000000000000e+03 7.868300000000000182e+03
1.737000000000000000e+03 7.871750000000000000e+03
1.785000000000000000e+03 7.926750000000000000e+03
1.745000000000000000e+03 7.936250000000000000e+03
1.729000000000000000e+03 7.942500000000000000e+03
1.857000000000000000e+03 8.031000000000000000e+03
1.793000000000000000e+03 8.052750000000000000e+03
1.865000000000000000e+03 8.081600000000000364e+03
2.001000000000000000e+03 8.090350000000000364e+03
1.953000000000000000e+03 8.112050000000000182e+03
1.913000000000000000e+03 8.132699999999999818e+03
1.937000000000000000e+03 8.133250000000000000e+03
1.737000000000000000e+03 8.155400000000000546e+03
1.633000000000000000e+03 8.175350000000000364e+03
1.977000000000000000e+03 8.258799999999999272e+03
1.649000000000000000e+03 8.299549999999999272e+03
1.961000000000000000e+03 8.309350000000000364e+03
1.705000000000000000e+03 8.362950000000000728e+03
1.857000000000000000e+03 8.382799999999999272e+03
1.969000000000000000e+03 8.486750000000000000e+03
1.665000000000000000e+03 8.490950000000000728e+03
1.857000000000000000e+03 8.493750000000000000e+03
1.953000000000000000e+03 8.500899999999999636e+03
1.785000000000000000e+03 8.507299999999999272e+03
1.753000000000000000e+03 8.513350000000000364e+03
1.825000000000000000e+03 8.535750000000000000e+03
1.841000000000000000e+03 8.606799999999999272e+03
1.865000000000000000e+03 8.626649999999999636e+03
1.969000000000000000e+03 8.699500000000000000e+03
1.729000000000000000e+03 8.716950000000000728e+03
2.001000000000000000e+03 8.784000000000000000e+03
1.961000000000000000e+03 8.846800000000001091e+03
1.969000000000000000e+03 8.874899999999999636e+03
1.801000000000000000e+03 8.878450000000000728e+03
1.689000000000000000e+03 8.903250000000000000e+03
1.889000000000000000e+03 8.913850000000000364e+03
1.641000000000000000e+03 8.926700000000000728e+03
1.769000000000000000e+03 8.965450000000000728e+03
1.705000000000000000e+03 8.965950000000000728e+03
1.785000000000000000e+03 8.980550000000001091e+03
1.993000000000000000e+03 9.055350000000000364e+03
1.865000000000000000e+03 9.159050000000001091e+03
1.969000000000000000e+03 9.165500000000000000e+03
1.833000000000000000e+03 9.165649999999999636e+03
1.665000000000000000e+03 9.184149999999999636e+03
1.697000000000000000e+03 9.197850000000000364e+03
1.977000000000000000e+03 9.199600000000000364e+03
1.913000000000000000e+03 9.293250000000000000e+03
1.857000000000000000e+03 9.336500000000000000e+03
1.961000000000000000e+03 9.338250000000000000e+03
1.809000000000000000e+03 9.373100000000000364e+03
1.905000000000000000e+03 9.393149999999999636e+03
1.833000000000000000e+03 9.393950000000000728e+03
1.777000000000000000e+03 9.416750000000000000e+03
1.961000000000000000e+03 9.457750000000000000e+03
1.857000000000000000e+03 9.473250000000000000e+03
1.985000000000000000e+03 9.496350000000000364e+03
1.729000000000000000e+03 9.508050000000001091e+03
1.897000000000000000e+03 9.518600000000000364e+03
1.793000000000000000e+03 9.531750000000000000e+03
1.633000000000000000e+03 9.540899999999999636e+03
1.633000000000000000e+03 9.648000000000000000e+03
1.801000000000000000e+03 9.661149999999999636e+03
1.633000000000000000e+03 9.781649999999999636e+03
1.761000000000000000e+03 9.880399999999999636e+03
1.865000000000000000e+03 9.887899999999999636e+03
1.913000000000000000e+03 9.964050000000001091e+03
1.977000000000000000e+03 9.999350000000000364e+03
1.713000000000000000e+03 1.004875000000000000e+04
1.769000000000000000e+03 1.005045000000000073e+04
1.673000000000000000e+03 1.008180000000000109e+04
1.745000000000000000e+03 1.008460000000000036e+04
1.825000000000000000e+03 1.010700000000000000e+04
1.985000000000000000e+03 1.018039999999999964e+04
1.929000000000000000e+03 1.018164999999999964e+04
1.969000000000000000e+03 1.020039999999999964e+04
1.881000000000000000e+03 1.020130000000000109e+04
1.825000000000000000e+03 1.022245000000000073e+04
1.905000000000000000e+03 1.025780000000000109e+04
1.649000000000000000e+03 1.026285000000000036e+04
1.849000000000000000e+03 1.029780000000000109e+04
1.769000000000000000e+03 1.035955000000000109e+04
1.697000000000000000e+03 1.038370000000000073e+04
1.665000000000000000e+03 1.039600000000000000e+04
1.849000000000000000e+03 1.039614999999999964e+04
1.905000000000000000e+03 1.040600000000000000e+04
1.929000000000000000e+03 1.041789999999999964e+04
1.809000000000000000e+03 1.042025000000000000e+04
1.625000000000000000e+03 1.042555000000000109e+04
1.633000000000000000e+03 1.044525000000000000e+04
1.825000000000000000e+03 1.046980000000000109e+04
1.769000000000000000e+03 1.050995000000000073e+04
1.609000000000000000e+03 1.055525000000000000e+04
1.633000000000000000e+03 1.056705000000000109e+04
1.873000000000000000e+03 1.058705000000000109e+04
1.729000000000000000e+03 1.059455000000000109e+04
1.777000000000000000e+03 1.060880000000000109e+04
1.873000000000000000e+03 1.063475000000000000e+04
1.865000000000000000e+03 1.063675000000000000e+04
1.905000000000000000e+03 1.069500000000000000e+04
1.641000000000000000e+03 1.069510000000000036e+04
1.785000000000000000e+03 1.069870000000000073e+04
1.873000000000000000e+03 1.079135000000000036e+04
1.993000000000000000e+03 1.084860000000000036e+04
1.737000000000000000e+03 1.084975000000000000e+04
1.873000000000000000e+03 1.085055000000000109e+04
1.697000000000000000e+03 1.085705000000000109e+04
1.905000000000000000e+03 1.091670000000000073e+04
1.929000000000000000e+03 1.092689999999999964e+04
1.721000000000000000e+03 1.099005000000000109e+04
1.665000000000000000e+03 1.101195000000000073e+04
1.681000000000000000e+03 1.101214999999999964e+04
1.833000000000000000e+03 1.102935000000000036e+04
1.689000000000000000e+03 1.105414999999999964e+04
1.897000000000000000e+03 1.105680000000000109e+04
1.889000000000000000e+03 1.108545000000000073e+04
1.905000000000000000e+03 1.110739999999999964e+04
1.801000000000000000e+03 1.117264999999999964e+04
2.001000000000000000e+03 1.121789999999999964e+04
1.721000000000000000e+03 1.122775000000000000e+04
1.889000000000000000e+03 1.123820000000000073e+04
1.617000000000000000e+03 1.128595000000000073e+04
1.721000000000000000e+03 1.131105000000000109e+04
1.745000000000000000e+03 1.135520000000000073e+04
1.937000000000000000e+03 1.143414999999999964e+04
1.873000000000000000e+03 1.147935000000000036e+04
2.001000000000000000e+03 1.150470000000000073e+04
1.945000000000000000e+03 1.152510000000000036e+04
1.977000000000000000e+03 1.152535000000000036e+04
1.777000000000000000e+03 1.153945000000000073e+04
2.001000000000000000e+03 1.160045000000000073e+04
1.609000000000000000e+03 1.162535000000000036e+04
1.929000000000000000e+03 1.162775000000000000e+04
1.729000000000000000e+03 1.163230000000000109e+04
1.785000000000000000e+03 1.165380000000000109e+04
1.833000000000000000e+03 1.165420000000000073e+04
1.969000000000000000e+03 1.167230000000000109e+04
1.705000000000000000e+03 1.168335000000000036e+04
1.793000000000000000e+03 1.173380000000000109e+04
1.673000000000000000e+03 1.177635000000000036e+04
1.857000000000000000e+03 1.184810000000000036e+04
1.905000000000000000e+03 1.185710000000000036e+04
1.969000000000000000e+03 1.200110000000000036e+04
1.657000000000000000e+03 1.206414999999999964e+04
1.809000000000000000e+03 1.209005000000000109e+04
1.609000000000000000e+03 1.211610000000000036e+04
1.697000000000000000e+03 1.212445000000000073e+04
1.889000000000000000e+03 1.212600000000000000e+04
1.833000000000000000e+03 1.225264999999999964e+04
1.913000000000000000e+03 1.227785000000000036e+04
1.745000000000000000e+03 1.227989999999999964e+04
1.753000000000000000e+03 1.239960000000000036e+04
1.689000000000000000e+03 1.246289999999999964e+04
1.649000000000000000e+03 1.248445000000000073e+04
1.665000000000000000e+03 1.248620000000000073e+04
1.641000000000000000e+03 1.249995000000000073e+04
1.761000000000000000e+03 1.253339999999999964e+04
1.649000000000000000e+03 1.276360000000000036e+04
1.753000000000000000e+03 1.285589999999999964e+04
1.609000000000000000e+03 1.296614999999999964e+04
1.777000000000000000e+03 1.296975000000000000e+04
1.625000000000000000e+03 1.304125000000000000e+04
1.817000000000000000e+03 1.311489999999999964e+04
1.673000000000000000e+03 1.315975000000000000e+04
1.729000000000000000e+03 1.324600000000000000e+04
1.881000000000000000e+03 1.324680000000000109e+04
1.633000000000000000e+03 1.324855000000000109e+04
1.953000000000000000e+03 1.333105000000000109e+04
1.977000000000000000e+03 1.333139999999999964e+04
1.881000000000000000e+03 1.334664999999999964e+04
1.729000000000000000e+03 1.335480000000000109e+04
1.929000000000000000e+03 1.335675000000000000e+04
1.697000000000000000e+03 1.341060000000000036e+04
1.865000000000000000e+03 1.344780000000000109e+04
1.969000000000000000e+03 1.348835000000000036e+04
1.825000000000000000e+03 1.348845000000000073e+04
1.673000000000000000e+03 1.349150000000000000e+04
1.729000000000000000e+03 1.353420000000000073e+04
1.977000000000000000e+03 1.358675000000000000e+04
1.865000000000000000e+03 1.367625000000000000e+04
1.809000000000000000e+03 1.373264999999999964e+04
1.833000000000000000e+03 1.379095000000000073e+04
1.689000000000000000e+03 1.384505000000000109e+04
1.937000000000000000e+03 1.395320000000000073e+04
1.745000000000000000e+03 1.398239999999999964e+04
1.657000000000000000e+03 1.398285000000000036e+04
1.809000000000000000e+03 1.398875000000000000e+04
1.705000000000000000e+03 1.399670000000000073e+04
1.673000000000000000e+03 1.399710000000000036e+04
1.945000000000000000e+03 1.403430000000000109e+04
1.753000000000000000e+03 1.407400000000000000e+04
1.801000000000000000e+03 1.411260000000000036e+04
1.617000000000000000e+03 1.417660000000000036e+04
1.889000000000000000e+03 1.423189999999999964e+04
1.745000000000000000e+03 1.426505000000000109e+04
1.713000000000000000e+03 1.429370000000000073e+04
1.641000000000000000e+03 1.433305000000000109e+04
1.977000000000000000e+03 1.435264999999999964e+04
1.929000000000000000e+03 1.440095000000000073e+04
1.729000000000000000e+03 1.440610000000000036e+04
1.673000000000000000e+03 1.442325000000000000e+04
1.969000000000000000e+03 1.454760000000000036e+04
1.841000000000000000e+03 1.458760000000000036e+04
1.865000000000000000e+03 1.459945000000000073e+04
1.961000000000000000e+03 1.460580000000000109e+04
1.729000000000000000e+03 1.466260000000000036e+04
1.985000000000000000e+03 1.473745000000000073e+04
1.689000000000000000e+03 1.480960000000000036e+04
1.865000000000000000e+03 1.481445000000000073e+04
1.801000000000000000e+03 1.482280000000000109e+04
1.841000000000000000e+03 1.484985000000000036e+04
1.705000000000000000e+03 1.487270000000000073e+04
1.625000000000000000e+03 1.490720000000000073e+04
2.001000000000000000e+03 1.494225000000000000e+04
1.657000000000000000e+03 1.497170000000000073e+04
1.857000000000000000e+03 1.508605000000000109e+04
1.793000000000000000e+03 1.510455000000000109e+04
1.769000000000000000e+03 1.512700000000000000e+04
1.625000000000000000e+03 1.518545000000000073e+04
1.921000000000000000e+03 1.520030000000000109e+04
1.697000000000000000e+03 1.520080000000000109e+04
1.649000000000000000e+03 1.522160000000000036e+04
1.641000000000000000e+03 1.522600000000000000e+04
1.969000000000000000e+03 1.523720000000000073e+04
1.737000000000000000e+03 1.526620000000000073e+04
1.609000000000000000e+03 1.536470000000000073e+04
1.809000000000000000e+03 1.541695000000000073e+04
1.617000000000000000e+03 1.544295000000000073e+04
1.841000000000000000e+03 1.547614999999999964e+04
1.745000000000000000e+03 1.551320000000000073e+04
1.849000000000000000e+03 1.553425000000000000e+04
1.753000000000000000e+03 1.556925000000000000e+04
1.825000000000000000e+03 1.558505000000000109e+04
2.001000000000000000e+03 1.559435000000000036e+04
1.625000000000000000e+03 1.560735000000000036e+04
1.689000000000000000e+03 1.561845000000000073e+04
1.673000000000000000e+03 1.562439999999999964e+04
1.945000000000000000e+03 1.563889999999999964e+04
1.857000000000000000e+03 1.564800000000000000e+04
1.961000000000000000e+03 1.568020000000000073e+04
1.721000000000000000e+03 1.570970000000000073e+04
1.729000000000000000e+03 1.571375000000000000e+04
1.889000000000000000e+03 1.572760000000000036e+04
1.617000000000000000e+03 1.575464999999999964e+04
1.937000000000000000e+03 1.583260000000000036e+04
1.961000000000000000e+03 1.584239999999999964e+04
1.609000000000000000e+03 1.585800000000000000e+04
1.785000000000000000e+03 1.587355000000000109e+04
1.689000000000000000e+03 1.588339999999999964e+04
1.729000000000000000e+03 1.588964999999999964e+04
1.769000000000000000e+03 1.595000000000000000e+04
1.881000000000000000e+03 1.596450000000000000e+04
1.681000000000000000e+03 1.597480000000000109e+04
1.921000000000000000e+03 1.599030000000000109e+04
1.705000000000000000e+03 1.608110000000000036e+04
1.633000000000000000e+03 1.612500000000000000e+04
1.857000000000000000e+03 1.612680000000000109e+04
1.833000000000000000e+03 1.620525000000000000e+04
1.841000000000000000e+03 1.620620000000000073e+04
1.809000000000000000e+03 1.622380000000000109e+04
1.761000000000000000e+03 1.628730000000000109e+04
1.625000000000000000e+03 1.633185000000000036e+04
1.657000000000000000e+03 1.645290000000000146e+04
1.873000000000000000e+03 1.649245000000000073e+04
1.817000000000000000e+03 1.651009999999999854e+04
1.705000000000000000e+03 1.656295000000000073e+04
1.745000000000000000e+03 1.656815000000000146e+04
1.745000000000000000e+03 1.662809999999999854e+04
1.857000000000000000e+03 1.663925000000000000e+04
1.817000000000000000e+03 1.669495000000000073e+04
1.889000000000000000e+03 1.669565000000000146e+04
1.865000000000000000e+03 1.673000000000000000e+04
1.737000000000000000e+03 1.675379999999999927e+04
1.857000000000000000e+03 1.687654999999999927e+04
1.873000000000000000e+03 1.690029999999999927e+04
1.921000000000000000e+03 1.691784999999999854e+04
1.665000000000000000e+03 1.692984999999999854e+04
1.897000000000000000e+03 1.692995000000000073e+04
1.961000000000000000e+03 1.695284999999999854e+04
1.729000000000000000e+03 1.695970000000000073e+04
1.905000000000000000e+03 1.696365000000000146e+04
1.721000000000000000e+03 1.699265000000000146e+04
1.705000000000000000e+03 1.701170000000000073e+04
1.777000000000000000e+03 1.703275000000000000e+04
1.945000000000000000e+03 1.703575000000000000e+04
1.689000000000000000e+03 1.703604999999999927e+04
1.761000000000000000e+03 1.706109999999999854e+04
1.921000000000000000e+03 1.709525000000000000e+04
1.817000000000000000e+03 1.718529999999999927e+04
1.937000000000000000e+03 1.719750000000000000e+04
2.001000000000000000e+03 1.722815000000000146e+04
1.817000000000000000e+03 1.728190000000000146e+04
2.001000000000000000e+03 1.729059999999999854e+04
1.617000000000000000e+03 1.729100000000000000e+04
1.705000000000000000e+03 1.730720000000000073e+04
1.953000000000000000e+03 1.737045000000000073e+04
2.001000000000000000e+03 1.739804999999999927e+04
1.761000000000000000e+03 1.740700000000000000e+04
1.609000000000000000e+03 1.741275000000000000e+04
1.889000000000000000e+03 1.742575000000000000e+04
1.857000000000000000e+03 1.747079999999999927e+04
1.681000000000000000e+03 1.749629999999999927e+04
1.721000000000000000e+03 1.752065000000000146e+04
1.689000000000000000e+03 1.752510000000000218e+04
1.913000000000000000e+03 1.756204999999999927e+04
1.881000000000000000e+03 1.757404999999999927e+04
1.937000000000000000e+03 1.758529999999999927e+04
1.697000000000000000e+03 1.759895000000000073e+04
1.633000000000000000e+03 1.761120000000000073e+04
1.673000000000000000e+03 1.761370000000000073e+04
1.721000000000000000e+03 1.763150000000000000e+04
1.777000000000000000e+03 1.768275000000000000e+04
1.617000000000000000e+03 1.770975000000000000e+04
1.641000000000000000e+03 1.771579999999999927e+04
1.785000000000000000e+03 1.775850000000000000e+04
1.713000000000000000e+03 1.779240000000000146e+04
1.873000000000000000e+03 1.779500000000000000e+04
1.921000000000000000e+03 1.783229999999999927e+04
1.737000000000000000e+03 1.784545000000000073e+04
1.793000000000000000e+03 1.784665000000000146e+04
1.665000000000000000e+03 1.784965000000000146e+04
1.905000000000000000e+03 1.786865000000000146e+04
1.769000000000000000e+03 1.790245000000000073e+04
1.681000000000000000e+03 1.791429999999999927e+04
1.713000000000000000e+03 1.791879999999999927e+04
1.737000000000000000e+03 1.796454999999999927e+04
1.913000000000000000e+03 1.796710000000000218e+04
1.841000000000000000e+03 1.799204999999999927e+04
1.617000000000000000e+03 1.799510000000000218e+04
1.705000000000000000e+03 1.803895000000000073e+04
1.657000000000000000e+03 1.804075000000000000e+04
1.729000000000000000e+03 1.805285000000000218e+04
1.889000000000000000e+03 1.807279999999999927e+04
1.609000000000000000e+03 1.807540000000000146e+04
1.633000000000000000e+03 1.808140000000000146e+04
1.649000000000000000e+03 1.815235000000000218e+04
1.865000000000000000e+03 1.822050000000000000e+04
1.961000000000000000e+03 1.823765000000000146e+04
1.697000000000000000e+03 1.825675000000000000e+04
1.729000000000000000e+03 1.828935000000000218e+04
1.721000000000000000e+03 1.829025000000000000e+04
1.681000000000000000e+03 1.830900000000000000e+04
1.953000000000000000e+03 1.836290000000000146e+04
1.977000000000000000e+03 1.845160000000000218e+04
1.761000000000000000e+03 1.845190000000000146e+04
1.641000000000000000e+03 1.852150000000000000e+04
1.665000000000000000e+03 1.852445000000000073e+04
1.937000000000000000e+03 1.854810000000000218e+04
1.609000000000000000e+03 1.856179999999999927e+04
1.745000000000000000e+03 1.862135000000000218e+04
1.761000000000000000e+03 1.862145000000000073e+04
1.953000000000000000e+03 1.863695000000000073e+04
1.737000000000000000e+03 1.864790000000000146e+04
1.625000000000000000e+03 1.865270000000000073e+04
1.697000000000000000e+03 1.865979999999999927e+04
1.857000000000000000e+03 1.866350000000000000e+04
1.905000000000000000e+03 1.866700000000000000e+04
1.993000000000000000e+03 1.866990000000000146e+04
1.729000000000000000e+03 1.868404999999999927e+04
1.617000000000000000e+03 1.868615000000000146e+04
1.953000000000000000e+03 1.886165000000000146e+04
1.681000000000000000e+03 1.889600000000000000e+04
1.633000000000000000e+03 1.889965000000000146e+04
1.913000000000000000e+03 1.890425000000000000e+04
1.721000000000000000e+03 1.890890000000000146e+04
1.697000000000000000e+03 1.897625000000000000e+04
1.913000000000000000e+03 1.898090000000000146e+04
1.953000000000000000e+03 1.901710000000000218e+04
1.633000000000000000e+03 1.910629999999999927e+04
1.713000000000000000e+03 1.915470000000000073e+04
1.753000000000000000e+03 1.916640000000000146e+04
1.857000000000000000e+03 1.918379999999999927e+04
1.969000000000000000e+03 1.919425000000000000e+04
1.665000000000000000e+03 1.921920000000000073e+04
1.969000000000000000e+03 1.931279999999999927e+04
1.657000000000000000e+03 1.932429999999999927e+04
1.737000000000000000e+03 1.935800000000000000e+04
1.649000000000000000e+03 1.938365000000000146e+04
1.689000000000000000e+03 1.938440000000000146e+04
1.833000000000000000e+03 1.939235000000000218e+04
1.729000000000000000e+03 1.941504999999999927e+04
1.857000000000000000e+03 1.943110000000000218e+04
1.633000000000000000e+03 1.945160000000000218e+04
1.857000000000000000e+03 1.947550000000000000e+04
1.889000000000000000e+03 1.950779999999999927e+04
1.929000000000000000e+03 1.950829999999999927e+04
1.721000000000000000e+03 1.951679999999999927e+04
1.689000000000000000e+03 1.957975000000000000e+04
1.857000000000000000e+03 1.963610000000000218e+04
1.969000000000000000e+03 1.965325000000000000e+04
1.993000000000000000e+03 1.967854999999999927e+04
1.625000000000000000e+03 1.969279999999999927e+04
1.873000000000000000e+03 1.969540000000000146e+04
1.977000000000000000e+03 1.971400000000000000e+04
1.849000000000000000e+03 1.971679999999999927e+04
1.641000000000000000e+03 1.979445000000000073e+04
1.873000000000000000e+03 1.981520000000000073e+04
1.665000000000000000e+03 1.988515000000000146e+04
1.969000000000000000e+03 1.988815000000000146e+04
1.777000000000000000e+03 1.994010000000000218e+04
1.729000000000000000e+03 1.994015000000000146e+04
1.793000000000000000e+03 1.996625000000000000e+04
1.825000000000000000e+03 1.998015000000000146e+04
1.697000000000000000e+03 2.000054999999999927e+04
1.641000000000000000e+03 2.005204999999999927e+04
1.801000000000000000e+03 2.006950000000000000e+04
1.625000000000000000e+03 2.007310000000000218e+04
1.913000000000000000e+03 2.008435000000000218e+04
1.697000000000000000e+03 2.010070000000000073e+04
1.985000000000000000e+03 2.012154999999999927e+04
1.953000000000000000e+03 2.013490000000000146e+04
1.721000000000000000e+03 2.014929999999999927e+04
1.777000000000000000e+03 2.022454999999999927e+04
1.865000000000000000e+03 2.022679999999999927e+04
1.753000000000000000e+03 2.022795000000000073e+04
1.929000000000000000e+03 2.023045000000000073e+04
1.937000000000000000e+03 2.024654999999999927e+04
1.825000000000000000e+03 2.032010000000000218e+04
1.993000000000000000e+03 2.034015000000000146e+04
1.929000000000000000e+03 2.035365000000000146e+04
1.817000000000000000e+03 2.036310000000000218e+04
1.777000000000000000e+03 2.036470000000000073e+04
1.673000000000000000e+03 2.036870000000000073e+04
1.689000000000000000e+03 2.038110000000000218e+04
1.793000000000000000e+03 2.038335000000000218e+04
1.713000000000000000e+03 2.039470000000000073e+04
1.945000000000000000e+03 2.042240000000000146e+04
1.857000000000000000e+03 2.047740000000000146e+04
1.649000000000000000e+03 2.050760000000000218e+04
1.777000000000000000e+03 2.055250000000000000e+04
1.721000000000000000e+03 2.055904999999999927e+04
1.881000000000000000e+03 2.060229999999999927e+04
1.849000000000000000e+03 2.060250000000000000e+04
1.873000000000000000e+03 2.066985000000000218e+04
1.905000000000000000e+03 2.070029999999999927e+04
1.945000000000000000e+03 2.070890000000000146e+04
1.689000000000000000e+03 2.071429999999999927e+04
1.617000000000000000e+03 2.072929999999999927e+04
1.825000000000000000e+03 2.073160000000000218e+04
1.753000000000000000e+03 2.073185000000000218e+04
1.921000000000000000e+03 2.074375000000000000e+04
1.793000000000000000e+03 2.076000000000000000e+04
1.897000000000000000e+03 2.077490000000000146e+04
1.633000000000000000e+03 2.078110000000000218e+04
1.721000000000000000e+03 2.083610000000000218e+04
1.649000000000000000e+03 2.086115000000000146e+04
1.729000000000000000e+03 2.087340000000000146e+04
1.945000000000000000e+03 2.090815000000000146e+04
1.825000000000000000e+03 2.094710000000000218e+04
1.697000000000000000e+03 2.098100000000000000e+04
1.809000000000000000e+03 2.106250000000000000e+04
1.721000000000000000e+03 2.108454999999999927e+04
1.609000000000000000e+03 2.110704999999999927e+04
1.713000000000000000e+03 2.113810000000000218e+04
1.729000000000000000e+03 2.117285000000000218e+04
1.665000000000000000e+03 2.122435000000000218e+04
1.721000000000000000e+03 2.124300000000000000e+04
1.609000000000000000e+03 2.143395000000000073e+04
1.841000000000000000e+03 2.150295000000000073e+04
1.873000000000000000e+03 2.152225000000000000e+04
2.001000000000000000e+03 2.157840000000000146e+04
1.689000000000000000e+03 2.160085000000000218e+04
1.737000000000000000e+03 2.160245000000000073e+04
1.921000000000000000e+03 2.163315000000000146e+04
1.673000000000000000e+03 2.164035000000000218e+04
1.729000000000000000e+03 2.165525000000000000e+04
1.761000000000000000e+03 2.167445000000000073e+04
1.889000000000000000e+03 2.169979999999999927e+04
1.777000000000000000e+03 2.174110000000000218e+04
1.617000000000000000e+03 2.179375000000000000e+04
1.769000000000000000e+03 2.181720000000000073e+04
1.697000000000000000e+03 2.184554999999999927e+04
1.769000000000000000e+03 2.190235000000000218e+04
1.953000000000000000e+03 2.190279999999999927e+04
1.897000000000000000e+03 2.190615000000000146e+04
1.641000000000000000e+03 2.191090000000000146e+04
1.889000000000000000e+03 2.193704999999999927e+04
1.729000000000000000e+03 2.195820000000000073e+04
1.609000000000000000e+03 2.199720000000000073e+04
1.937000000000000000e+03 2.201965000000000146e+04
1.681000000000000000e+03 2.205854999999999927e+04
1.713000000000000000e+03 2.206745000000000073e+04
1.945000000000000000e+03 2.207295000000000073e+04
1.873000000000000000e+03 2.211925000000000000e+04
1.793000000000000000e+03 2.215865000000000146e+04
1.993000000000000000e+03 2.216770000000000073e+04
1.961000000000000000e+03 2.220679999999999927e+04
1.857000000000000000e+03 2.223579999999999927e+04
1.945000000000000000e+03 2.229195000000000073e+04
1.873000000000000000e+03 2.230015000000000146e+04
1.633000000000000000e+03 2.232775000000000000e+04
1.745000000000000000e+03 2.237300000000000000e+04
1.841000000000000000e+03 2.239600000000000000e+04
1.641000000000000000e+03 2.242529999999999927e+04
1.801000000000000000e+03 2.247954999999999927e+04
1.857000000000000000e+03 2.248600000000000000e+04
1.913000000000000000e+03 2.249100000000000000e+04
1.833000000000000000e+03 2.250004999999999927e+04
1.849000000000000000e+03 2.254454999999999927e+04
1.825000000000000000e+03 2.258179999999999927e+04
1.745000000000000000e+03 2.260475000000000000e+04
1.753000000000000000e+03 2.260679999999999927e+04
1.841000000000000000e+03 2.261340000000000146e+04
1.857000000000000000e+03 2.266479999999999927e+04
1.785000000000000000e+03 2.268535000000000218e+04
1.649000000000000000e+03 2.277879999999999927e+04
1.657000000000000000e+03 2.277954999999999927e+04
1.817000000000000000e+03 2.278820000000000073e+04
1.833000000000000000e+03 2.281865000000000146e+04
1.665000000000000000e+03 2.285515000000000146e+04
1.945000000000000000e+03 2.288490000000000146e+04
1.649000000000000000e+03 2.290165000000000146e+04
1.793000000000000000e+03 2.292845000000000073e+04
1.713000000000000000e+03 2.293135000000000218e+04
1.873000000000000000e+03 2.296479999999999927e+04
1.625000000000000000e+03 2.297729999999999927e+04
1.913000000000000000e+03 2.298085000000000218e+04
1.841000000000000000e+03 2.298604999999999927e+04
1.977000000000000000e+03 2.306600000000000000e+04
1.873000000000000000e+03 2.306954999999999927e+04
1.969000000000000000e+03 2.309590000000000146e+04
1.865000000000000000e+03 2.310385000000000218e+04
1.705000000000000000e+03 2.311760000000000218e+04
1.889000000000000000e+03 2.312910000000000218e+04
1.841000000000000000e+03 2.315420000000000073e+04
1.689000000000000000e+03 2.321265000000000146e+04
1.673000000000000000e+03 2.322800000000000000e+04
1.881000000000000000e+03 2.327140000000000146e+04
1.761000000000000000e+03 2.329535000000000218e+04
1.777000000000000000e+03 2.335685000000000218e+04
1.705000000000000000e+03 2.343090000000000146e+04
1.665000000000000000e+03 2.343540000000000146e+04
1.681000000000000000e+03 2.349554999999999927e+04
1.993000000000000000e+03 2.354050000000000000e+04
1.833000000000000000e+03 2.356235000000000218e+04
1.665000000000000000e+03 2.357125000000000000e+04
1.625000000000000000e+03 2.368890000000000146e+04
1.985000000000000000e+03 2.371895000000000073e+04
1.833000000000000000e+03 2.377410000000000218e+04
1.905000000000000000e+03 2.382115000000000146e+04
1.721000000000000000e+03 2.383160000000000218e+04
1.665000000000000000e+03 2.384775000000000000e+04
1.817000000000000000e+03 2.386260000000000218e+04
1.649000000000000000e+03 2.388470000000000073e+04
1.961000000000000000e+03 2.388910000000000218e+04
1.825000000000000000e+03 2.403985000000000218e+04
1.785000000000000000e+03 2.406550000000000000e+04
1.921000000000000000e+03 2.410820000000000073e+04
1.809000000000000000e+03 2.412410000000000218e+04
1.729000000000000000e+03 2.414570000000000073e+04
1.817000000000000000e+03 2.414804999999999927e+04
1.889000000000000000e+03 2.415135000000000218e+04
1.737000000000000000e+03 2.416220000000000073e+04
1.753000000000000000e+03 2.417065000000000146e+04
1.937000000000000000e+03 2.422135000000000218e+04
1.809000000000000000e+03 2.426835000000000218e+04
1.865000000000000000e+03 2.446150000000000000e+04
1.897000000000000000e+03 2.449229999999999927e+04
1.761000000000000000e+03 2.455429999999999927e+04
1.777000000000000000e+03 2.460075000000000000e+04
1.737000000000000000e+03 2.462690000000000146e+04
1.817000000000000000e+03 2.463250000000000000e+04
1.881000000000000000e+03 2.465504999999999927e+04
1.825000000000000000e+03 2.465660000000000218e+04
1.801000000000000000e+03 2.468529999999999927e+04
1.921000000000000000e+03 2.469045000000000073e+04
1.857000000000000000e+03 2.470635000000000218e+04
1.881000000000000000e+03 2.474220000000000073e+04
1.649000000000000000e+03 2.474615000000000146e+04
1.689000000000000000e+03 2.475485000000000218e+04
1.665000000000000000e+03 2.476195000000000073e+04
1.617000000000000000e+03 2.476779999999999927e+04
1.817000000000000000e+03 2.478385000000000218e+04
1.609000000000000000e+03 2.478495000000000073e+04
1.801000000000000000e+03 2.479929999999999927e+04
1.945000000000000000e+03 2.481185000000000218e+04
1.665000000000000000e+03 2.484895000000000073e+04
1.785000000000000000e+03 2.490260000000000218e+04
1.985000000000000000e+03 2.490435000000000218e+04
1.761000000000000000e+03 2.490750000000000000e+04
1.681000000000000000e+03 2.490940000000000146e+04
1.865000000000000000e+03 2.491240000000000146e+04
2.001000000000000000e+03 2.499300000000000000e+04
1.737000000000000000e+03 2.503800000000000000e+04
1.945000000000000000e+03 2.503800000000000000e+04
1.857000000000000000e+03 2.505645000000000073e+04
1.673000000000000000e+03 2.506925000000000000e+04
1.873000000000000000e+03 2.507175000000000000e+04
1.881000000000000000e+03 2.517625000000000000e+04
1.929000000000000000e+03 2.520210000000000218e+04
1.689000000000000000e+03 2.535840000000000146e+04
1.697000000000000000e+03 2.539040000000000146e+04
1.993000000000000000e+03 2.541635000000000218e+04
1.761000000000000000e+03 2.543354999999999927e+04
1.705000000000000000e+03 2.544625000000000000e+04
1.625000000000000000e+03 2.545165000000000146e+04
1.657000000000000000e+03 2.553995000000000073e+04
1.977000000000000000e+03 2.558820000000000073e+04
1.665000000000000000e+03 2.560365000000000146e+04
1.937000000000000000e+03 2.560429999999999927e+04
1.841000000000000000e+03 2.562740000000000146e+04
1.865000000000000000e+03 2.565240000000000146e+04
1.689000000000000000e+03 2.569175000000000000e+04
1.625000000000000000e+03 2.569715000000000146e+04
1.881000000000000000e+03 2.572325000000000000e+04
1.705000000000000000e+03 2.574420000000000073e+04
1.929000000000000000e+03 2.579270000000000073e+04
1.729000000000000000e+03 2.579770000000000073e+04
1.649000000000000000e+03 2.580420000000000073e+04
1.617000000000000000e+03 2.587329999999999927e+04
1.657000000000000000e+03 2.599890000000000146e+04
1.873000000000000000e+03 2.599910000000000218e+04
1.817000000000000000e+03 2.600479999999999927e+04
1.673000000000000000e+03 2.608110000000000218e+04
1.745000000000000000e+03 2.614595000000000073e+04
1.817000000000000000e+03 2.615965000000000146e+04
1.633000000000000000e+03 2.618240000000000146e+04
1.913000000000000000e+03 2.624679999999999927e+04
1.921000000000000000e+03 2.628875000000000000e+04
1.745000000000000000e+03 2.631890000000000146e+04
1.865000000000000000e+03 2.631895000000000073e+04
1.633000000000000000e+03 2.635129999999999927e+04
1.993000000000000000e+03 2.642950000000000000e+04
1.913000000000000000e+03 2.646415000000000146e+04
1.993000000000000000e+03 2.647395000000000073e+04
1.873000000000000000e+03 2.656100000000000000e+04
1.713000000000000000e+03 2.658240000000000146e+04
1.697000000000000000e+03 2.661020000000000073e+04
1.873000000000000000e+03 2.667679999999999927e+04
1.969000000000000000e+03 2.670970000000000073e+04
1.649000000000000000e+03 2.671454999999999927e+04
1.617000000000000000e+03 2.673475000000000000e+04
1.873000000000000000e+03 2.673925000000000000e+04
1.681000000000000000e+03 2.674390000000000146e+04
1.977000000000000000e+03 2.675704999999999927e+04
1.737000000000000000e+03 2.678575000000000000e+04
1.993000000000000000e+03 2.682635000000000218e+04
1.641000000000000000e+03 2.685925000000000000e+04
1.753000000000000000e+03 2.692195000000000073e+04
1.777000000000000000e+03 2.694210000000000218e+04
1.673000000000000000e+03 2.697760000000000218e+04
1.705000000000000000e+03 2.704579999999999927e+04
1.609000000000000000e+03 2.706965000000000146e+04
2.001000000000000000e+03 2.713215000000000146e+04
1.745000000000000000e+03 2.713550000000000000e+04
1.865000000000000000e+03 2.715235000000000218e+04
1.681000000000000000e+03 2.715325000000000000e+04
1.921000000000000000e+03 2.719210000000000218e+04
1.849000000000000000e+03 2.722715000000000146e+04
1.617000000000000000e+03 2.722970000000000073e+04
1.921000000000000000e+03 2.730110000000000218e+04
1.985000000000000000e+03 2.733375000000000000e+04
1.841000000000000000e+03 2.736650000000000000e+04
1.937000000000000000e+03 2.737400000000000000e+04
1.897000000000000000e+03 2.739329999999999927e+04
1.977000000000000000e+03 2.740310000000000218e+04
1.801000000000000000e+03 2.740779999999999927e+04
1.665000000000000000e+03 2.742300000000000000e+04
1.617000000000000000e+03 2.749504999999999927e+04
1.625000000000000000e+03 2.751400000000000000e+04
1.953000000000000000e+03 2.752485000000000218e+04
1.865000000000000000e+03 2.754654999999999927e+04
1.609000000000000000e+03 2.755379999999999927e+04
1.977000000000000000e+03 2.761879999999999927e+04
1.801000000000000000e+03 2.762965000000000146e+04
1.729000000000000000e+03 2.768440000000000146e+04
1.817000000000000000e+03 2.770815000000000146e+04
1.713000000000000000e+03 2.773425000000000000e+04
1.929000000000000000e+03 2.777895000000000073e+04
1.833000000000000000e+03 2.779160000000000218e+04
1.641000000000000000e+03 2.780925000000000000e+04
1.889000000000000000e+03 2.785315000000000146e+04
1.897000000000000000e+03 2.788185000000000218e+04
1.833000000000000000e+03 2.789360000000000218e+04
1.617000000000000000e+03 2.792040000000000146e+04
1.753000000000000000e+03 2.792129999999999927e+04
1.938000000000000000e+03 1.070000000000000000e+02
1.874000000000000000e+03 1.259000000000000057e+02
1.714000000000000000e+03 1.379500000000000171e+02
1.842000000000000000e+03 1.755999999999999943e+02
1.946000000000000000e+03 1.787000000000000171e+02
1.874000000000000000e+03 1.992000000000000171e+02
1.802000000000000000e+03 2.084500000000000171e+02
1.818000000000000000e+03 2.508000000000000114e+02
1.786000000000000000e+03 3.242500000000000000e+02
1.970000000000000000e+03 4.132500000000000000e+02
1.986000000000000000e+03 4.482500000000000000e+02
1.794000000000000000e+03 4.718500000000000227e+02
1.890000000000000000e+03 5.850000000000000000e+02
1.866000000000000000e+03 6.078999999999999773e+02
1.618000000000000000e+03 6.092000000000000455e+02
1.858000000000000000e+03 6.193500000000000227e+02
1.874000000000000000e+03 6.513500000000000227e+02
1.714000000000000000e+03 6.527000000000000455e+02
1.666000000000000000e+03 6.650000000000000000e+02
1.850000000000000000e+03 7.468999999999999773e+02
1.770000000000000000e+03 8.338000000000000682e+02
1.898000000000000000e+03 8.901499999999999773e+02
1.930000000000000000e+03 8.962000000000000455e+02
1.970000000000000000e+03 9.143000000000000682e+02
1.882000000000000000e+03 9.158000000000000682e+02
1.618000000000000000e+03 9.326499999999999773e+02
1.930000000000000000e+03 9.905000000000000000e+02
1.858000000000000000e+03 1.016750000000000000e+03
1.770000000000000000e+03 1.097650000000000091e+03
1.810000000000000000e+03 1.123900000000000091e+03
1.642000000000000000e+03 1.151600000000000136e+03
1.634000000000000000e+03 1.168799999999999955e+03
1.970000000000000000e+03 1.200700000000000045e+03
1.914000000000000000e+03 1.252900000000000091e+03
1.666000000000000000e+03 1.322600000000000136e+03
1.882000000000000000e+03 1.344049999999999955e+03
1.850000000000000000e+03 1.417799999999999955e+03
1.882000000000000000e+03 1.482200000000000045e+03
1.962000000000000000e+03 1.514250000000000000e+03
1.682000000000000000e+03 1.570100000000000136e+03
1.810000000000000000e+03 1.598350000000000136e+03
1.834000000000000000e+03 1.643049999999999955e+03
1.786000000000000000e+03 1.654049999999999955e+03
1.658000000000000000e+03 1.682750000000000000e+03
1.794000000000000000e+03 1.723150000000000091e+03
1.634000000000000000e+03 1.733850000000000136e+03
1.666000000000000000e+03 1.755900000000000091e+03
1.954000000000000000e+03 1.781200000000000045e+03
1.754000000000000000e+03 1.838100000000000136e+03
1.626000000000000000e+03 1.840450000000000045e+03
1.810000000000000000e+03 1.851000000000000000e+03
1.602000000000000000e+03 1.956450000000000045e+03
1.714000000000000000e+03 1.960700000000000045e+03
1.634000000000000000e+03 1.984799999999999955e+03
1.682000000000000000e+03 2.001049999999999955e+03
1.690000000000000000e+03 2.098199999999999818e+03
1.666000000000000000e+03 2.126349999999999909e+03
1.922000000000000000e+03 2.178349999999999909e+03
1.810000000000000000e+03 2.205000000000000000e+03
1.906000000000000000e+03 2.214550000000000182e+03
1.778000000000000000e+03 2.301300000000000182e+03
1.874000000000000000e+03 2.310800000000000182e+03
1.754000000000000000e+03 2.328599999999999909e+03
1.858000000000000000e+03 2.380000000000000000e+03
1.634000000000000000e+03 2.445050000000000182e+03
1.602000000000000000e+03 2.461800000000000182e+03
1.810000000000000000e+03 2.480500000000000000e+03
1.674000000000000000e+03 2.497000000000000000e+03
1.778000000000000000e+03 2.512200000000000273e+03
1.906000000000000000e+03 2.551150000000000091e+03
1.986000000000000000e+03 2.578599999999999909e+03
1.938000000000000000e+03 2.773450000000000273e+03
1.994000000000000000e+03 2.802599999999999909e+03
1.674000000000000000e+03 2.862599999999999909e+03
1.794000000000000000e+03 2.864000000000000000e+03
1.930000000000000000e+03 2.896950000000000273e+03
1.906000000000000000e+03 2.928250000000000000e+03
1.954000000000000000e+03 3.008849999999999909e+03
1.602000000000000000e+03 3.050950000000000273e+03
1.714000000000000000e+03 3.111550000000000182e+03
1.770000000000000000e+03 3.117099999999999909e+03
1.658000000000000000e+03 3.170200000000000273e+03
1.818000000000000000e+03 3.181950000000000273e+03
1.618000000000000000e+03 3.264200000000000273e+03
1.714000000000000000e+03 3.283750000000000000e+03
1.714000000000000000e+03 3.367900000000000091e+03
1.754000000000000000e+03 3.444200000000000273e+03
1.714000000000000000e+03 3.465650000000000091e+03
1.610000000000000000e+03 3.477250000000000000e+03
1.986000000000000000e+03 3.478349999999999909e+03
1.922000000000000000e+03 3.523400000000000091e+03
1.762000000000000000e+03 3.532950000000000273e+03
1.850000000000000000e+03 3.576599999999999909e+03
1.618000000000000000e+03 3.623800000000000182e+03
1.690000000000000000e+03 3.689099999999999909e+03
1.682000000000000000e+03 3.732150000000000091e+03
1.658000000000000000e+03 3.739599999999999909e+03
1.850000000000000000e+03 3.752800000000000182e+03
1.866000000000000000e+03 3.761950000000000273e+03
1.642000000000000000e+03 3.836349999999999909e+03
1.898000000000000000e+03 3.862200000000000273e+03
1.738000000000000000e+03 3.922800000000000182e+03
1.890000000000000000e+03 3.936250000000000000e+03
1.930000000000000000e+03 3.946099999999999909e+03
1.714000000000000000e+03 4.011099999999999909e+03
1.802000000000000000e+03 4.032500000000000000e+03
1.938000000000000000e+03 4.065650000000000091e+03
1.962000000000000000e+03 4.073550000000000182e+03
1.666000000000000000e+03 4.094450000000000273e+03
1.682000000000000000e+03 4.097899999999999636e+03
1.658000000000000000e+03 4.116850000000000364e+03
1.938000000000000000e+03 4.155149999999999636e+03
1.882000000000000000e+03 4.163750000000000000e+03
1.874000000000000000e+03 4.211800000000000182e+03
1.802000000000000000e+03 4.269449999999999818e+03
1.642000000000000000e+03 4.321449999999999818e+03
1.922000000000000000e+03 4.333600000000000364e+03
1.986000000000000000e+03 4.361800000000000182e+03
1.738000000000000000e+03 4.370850000000000364e+03
1.682000000000000000e+03 4.388199999999999818e+03
1.730000000000000000e+03 4.422300000000000182e+03
1.850000000000000000e+03 4.440500000000000000e+03
1.698000000000000000e+03 4.457150000000000546e+03
1.658000000000000000e+03 4.498949999999999818e+03
1.706000000000000000e+03 4.505600000000000364e+03
1.650000000000000000e+03 4.633350000000000364e+03
1.802000000000000000e+03 4.709699999999999818e+03
1.770000000000000000e+03 4.867900000000000546e+03
1.730000000000000000e+03 4.882199999999999818e+03
1.810000000000000000e+03 4.909250000000000000e+03
1.970000000000000000e+03 4.930500000000000000e+03
1.794000000000000000e+03 4.957850000000000364e+03
1.682000000000000000e+03 4.976350000000000364e+03
1.890000000000000000e+03 4.987250000000000000e+03
1.722000000000000000e+03 4.987650000000000546e+03
1.618000000000000000e+03 5.041800000000000182e+03
1.706000000000000000e+03 5.046000000000000000e+03
1.658000000000000000e+03 5.063949999999999818e+03
1.930000000000000000e+03 5.077150000000000546e+03
1.826000000000000000e+03 5.088850000000000364e+03
1.834000000000000000e+03 5.091750000000000000e+03
1.698000000000000000e+03 5.173050000000000182e+03
1.770000000000000000e+03 5.184900000000000546e+03
1.634000000000000000e+03 5.224650000000000546e+03
1.978000000000000000e+03 5.272449999999999818e+03
1.698000000000000000e+03 5.287350000000000364e+03
1.850000000000000000e+03 5.351449999999999818e+03
1.810000000000000000e+03 5.352949999999999818e+03
1.866000000000000000e+03 5.415900000000000546e+03
1.826000000000000000e+03 5.464850000000000364e+03
1.762000000000000000e+03 5.529150000000000546e+03
1.858000000000000000e+03 5.555300000000000182e+03
1.674000000000000000e+03 5.559400000000000546e+03
1.986000000000000000e+03 5.581650000000000546e+03
1.690000000000000000e+03 5.607800000000000182e+03
1.674000000000000000e+03 5.645750000000000000e+03
1.874000000000000000e+03 5.656100000000000364e+03
1.738000000000000000e+03 5.755050000000000182e+03
1.786000000000000000e+03 5.769900000000000546e+03
1.722000000000000000e+03 5.867199999999999818e+03
1.746000000000000000e+03 5.869100000000000364e+03
1.682000000000000000e+03 5.871500000000000000e+03
1.794000000000000000e+03 5.998050000000000182e+03
1.850000000000000000e+03 6.020600000000000364e+03
1.666000000000000000e+03 6.042350000000000364e+03
1.778000000000000000e+03 6.043050000000000182e+03
1.938000000000000000e+03 6.076750000000000000e+03
1.642000000000000000e+03 6.094199999999999818e+03
1.994000000000000000e+03 6.184300000000000182e+03
1.810000000000000000e+03 6.214600000000000364e+03
1.602000000000000000e+03 6.219699999999999818e+03
1.658000000000000000e+03 6.318500000000000000e+03
1.626000000000000000e+03 6.356500000000000000e+03
1.722000000000000000e+03 6.442150000000000546e+03
1.842000000000000000e+03 6.446050000000000182e+03
1.834000000000000000e+03 6.493800000000000182e+03
1.762000000000000000e+03 6.502449999999999818e+03
1.994000000000000000e+03 6.505500000000000000e+03
1.674000000000000000e+03 6.508050000000000182e+03
1.634000000000000000e+03 6.512699999999999818e+03
1.818000000000000000e+03 6.577100000000000364e+03
1.866000000000000000e+03 6.593500000000000000e+03
1.762000000000000000e+03 6.627400000000000546e+03
1.874000000000000000e+03 6.645400000000000546e+03
1.954000000000000000e+03 6.673199999999999818e+03
1.986000000000000000e+03 6.707600000000000364e+03
1.658000000000000000e+03 6.740550000000000182e+03
1.802000000000000000e+03 6.782650000000000546e+03
1.730000000000000000e+03 6.787449999999999818e+03
1.850000000000000000e+03 6.830300000000000182e+03
1.786000000000000000e+03 6.880000000000000000e+03
1.642000000000000000e+03 6.883750000000000000e+03
1.738000000000000000e+03 6.958449999999999818e+03
1.922000000000000000e+03 6.990050000000000182e+03
1.938000000000000000e+03 7.080100000000000364e+03
1.986000000000000000e+03 7.095000000000000000e+03
1.914000000000000000e+03 7.102650000000000546e+03
1.658000000000000000e+03 7.104199999999999818e+03
1.930000000000000000e+03 7.135550000000000182e+03
1.794000000000000000e+03 7.137150000000000546e+03
1.866000000000000000e+03 7.153949999999999818e+03
1.946000000000000000e+03 7.183900000000000546e+03
1.738000000000000000e+03 7.238650000000000546e+03
1.754000000000000000e+03 7.291150000000000546e+03
1.738000000000000000e+03 7.292100000000000364e+03
1.802000000000000000e+03 7.316350000000000364e+03
1.802000000000000000e+03 7.380500000000000000e+03
1.946000000000000000e+03 7.393150000000000546e+03
1.770000000000000000e+03 7.404400000000000546e+03
1.906000000000000000e+03 7.415600000000000364e+03
1.834000000000000000e+03 7.530800000000000182e+03
1.826000000000000000e+03 7.566550000000000182e+03
1.834000000000000000e+03 7.667050000000000182e+03
1.922000000000000000e+03 7.682400000000000546e+03
1.914000000000000000e+03 7.747600000000000364e+03
1.722000000000000000e+03 7.764550000000000182e+03
1.954000000000000000e+03 7.770449999999999818e+03
1.802000000000000000e+03 7.802650000000000546e+03
1.650000000000000000e+03 7.821750000000000000e+03
1.754000000000000000e+03 7.832350000000000364e+03
1.810000000000000000e+03 7.923500000000000000e+03
1.698000000000000000e+03 7.934300000000000182e+03
1.762000000000000000e+03 7.959500000000000000e+03
1.714000000000000000e+03 7.959850000000000364e+03
1.746000000000000000e+03 8.005550000000000182e+03
1.930000000000000000e+03 8.022250000000000000e+03
1.706000000000000000e+03 8.043250000000000000e+03
1.898000000000000000e+03 8.094100000000000364e+03
1.946000000000000000e+03 8.139949999999999818e+03
1.962000000000000000e+03 8.174800000000000182e+03
1.618000000000000000e+03 8.181800000000000182e+03
1.650000000000000000e+03 8.185050000000000182e+03
1.946000000000000000e+03 8.271799999999999272e+03
1.634000000000000000e+03 8.311500000000000000e+03
1.666000000000000000e+03 8.394149999999999636e+03
1.802000000000000000e+03 8.486000000000000000e+03
1.754000000000000000e+03 8.520250000000000000e+03
1.858000000000000000e+03 8.552350000000000364e+03
1.762000000000000000e+03 8.553600000000000364e+03
1.810000000000000000e+03 8.562399999999999636e+03
1.786000000000000000e+03 8.586950000000000728e+03
1.842000000000000000e+03 8.607750000000000000e+03
1.754000000000000000e+03 8.615299999999999272e+03
1.954000000000000000e+03 8.638049999999999272e+03
1.746000000000000000e+03 8.652000000000000000e+03
1.682000000000000000e+03 8.678250000000000000e+03
1.874000000000000000e+03 8.682350000000000364e+03
1.954000000000000000e+03 8.744300000000001091e+03
1.890000000000000000e+03 8.855350000000000364e+03
1.722000000000000000e+03 8.862899999999999636e+03
1.954000000000000000e+03 8.888500000000000000e+03
1.866000000000000000e+03 8.930800000000001091e+03
1.730000000000000000e+03 8.947800000000001091e+03
1.954000000000000000e+03 8.959700000000000728e+03
1.834000000000000000e+03 8.975850000000000364e+03
1.618000000000000000e+03 8.991850000000000364e+03
1.938000000000000000e+03 9.031700000000000728e+03
1.658000000000000000e+03 9.060250000000000000e+03
1.826000000000000000e+03 9.131500000000000000e+03
1.970000000000000000e+03 9.198500000000000000e+03
1.714000000000000000e+03 9.218250000000000000e+03
1.690000000000000000e+03 9.223050000000001091e+03
1.930000000000000000e+03 9.231899999999999636e+03
1.914000000000000000e+03 9.280800000000001091e+03
1.674000000000000000e+03 9.318500000000000000e+03
1.946000000000000000e+03 9.385850000000000364e+03
1.802000000000000000e+03 9.393800000000001091e+03
1.746000000000000000e+03 9.429450000000000728e+03
1.738000000000000000e+03 9.453000000000000000e+03
1.890000000000000000e+03 9.483399999999999636e+03
1.690000000000000000e+03 9.495700000000000728e+03
1.794000000000000000e+03 9.497149999999999636e+03
1.922000000000000000e+03 9.529450000000000728e+03
1.970000000000000000e+03 9.589850000000000364e+03
1.850000000000000000e+03 9.594800000000001091e+03
1.914000000000000000e+03 9.613450000000000728e+03
1.674000000000000000e+03 9.641250000000000000e+03
1.842000000000000000e+03 9.662450000000000728e+03
1.698000000000000000e+03 9.666200000000000728e+03
1.714000000000000000e+03 9.772649999999999636e+03
1.642000000000000000e+03 9.836600000000000364e+03
1.994000000000000000e+03 9.851750000000000000e+03
1.754000000000000000e+03 9.895500000000000000e+03
1.786000000000000000e+03 9.895850000000000364e+03
1.810000000000000000e+03 9.909250000000000000e+03
1.842000000000000000e+03 9.920300000000001091e+03
1.898000000000000000e+03 9.927000000000000000e+03
1.818000000000000000e+03 9.927399999999999636e+03
1.946000000000000000e+03 9.945800000000001091e+03
1.730000000000000000e+03 9.982750000000000000e+03
1.874000000000000000e+03 1.001864999999999964e+04
1.666000000000000000e+03 1.002289999999999964e+04
1.898000000000000000e+03 1.006764999999999964e+04
1.634000000000000000e+03 1.007414999999999964e+04
1.682000000000000000e+03 1.008375000000000000e+04
1.962000000000000000e+03 1.008395000000000073e+04
1.922000000000000000e+03 1.008495000000000073e+04
1.858000000000000000e+03 1.019620000000000073e+04
1.970000000000000000e+03 1.023225000000000000e+04
1.682000000000000000e+03 1.023820000000000073e+04
1.994000000000000000e+03 1.024985000000000036e+04
1.746000000000000000e+03 1.025680000000000109e+04
1.914000000000000000e+03 1.028845000000000073e+04
1.690000000000000000e+03 1.028920000000000073e+04
1.842000000000000000e+03 1.031185000000000036e+04
1.922000000000000000e+03 1.032885000000000036e+04
1.834000000000000000e+03 1.037370000000000073e+04
1.954000000000000000e+03 1.038935000000000036e+04
1.802000000000000000e+03 1.044580000000000109e+04
1.938000000000000000e+03 1.050230000000000109e+04
1.610000000000000000e+03 1.051239999999999964e+04
1.666000000000000000e+03 1.054875000000000000e+04
1.818000000000000000e+03 1.056180000000000109e+04
1.858000000000000000e+03 1.056464999999999964e+04
1.970000000000000000e+03 1.057439999999999964e+04
1.826000000000000000e+03 1.063350000000000000e+04
1.962000000000000000e+03 1.072805000000000109e+04
1.842000000000000000e+03 1.076389999999999964e+04
1.618000000000000000e+03 1.077460000000000036e+04
1.730000000000000000e+03 1.078420000000000073e+04
1.978000000000000000e+03 1.081730000000000109e+04
1.786000000000000000e+03 1.082350000000000000e+04
1.634000000000000000e+03 1.084775000000000000e+04
1.914000000000000000e+03 1.089635000000000036e+04
1.714000000000000000e+03 1.093370000000000073e+04
1.850000000000000000e+03 1.097575000000000000e+04
1.914000000000000000e+03 1.099835000000000036e+04
1.722000000000000000e+03 1.100830000000000109e+04
1.794000000000000000e+03 1.103405000000000109e+04
1.850000000000000000e+03 1.105860000000000036e+04
1.730000000000000000e+03 1.106100000000000000e+04
1.642000000000000000e+03 1.106150000000000000e+04
1.882000000000000000e+03 1.109995000000000073e+04
1.970000000000000000e+03 1.116235000000000036e+04
1.730000000000000000e+03 1.117300000000000000e+04
1.770000000000000000e+03 1.117580000000000109e+04
1.994000000000000000e+03 1.124264999999999964e+04
1.634000000000000000e+03 1.130600000000000000e+04
1.874000000000000000e+03 1.131035000000000036e+04
1.882000000000000000e+03 1.131335000000000036e+04
1.970000000000000000e+03 1.135239999999999964e+04
1.858000000000000000e+03 1.137980000000000109e+04
1.858000000000000000e+03 1.149570000000000073e+04
1.922000000000000000e+03 1.153800000000000000e+04
1.906000000000000000e+03 1.156925000000000000e+04
1.986000000000000000e+03 1.162814999999999964e+04
1.762000000000000000e+03 1.163745000000000073e+04
1.842000000000000000e+03 1.164450000000000000e+04
1.674000000000000000e+03 1.165235000000000036e+04
1.626000000000000000e+03 1.165300000000000000e+04
1.802000000000000000e+03 1.167414999999999964e+04
1.874000000000000000e+03 1.168460000000000036e+04
1.818000000000000000e+03 1.168485000000000036e+04
1.682000000000000000e+03 1.169450000000000000e+04
1.778000000000000000e+03 1.169705000000000109e+04
1.922000000000000000e+03 1.173200000000000000e+04
1.786000000000000000e+03 1.182920000000000073e+04
1.746000000000000000e+03 1.183910000000000036e+04
1.690000000000000000e+03 1.184305000000000109e+04
1.826000000000000000e+03 1.185975000000000000e+04
1.762000000000000000e+03 1.190355000000000109e+04
1.914000000000000000e+03 1.193064999999999964e+04
1.682000000000000000e+03 1.194295000000000073e+04
1.954000000000000000e+03 1.199155000000000109e+04
1.882000000000000000e+03 1.203589999999999964e+04
1.930000000000000000e+03 1.210370000000000073e+04
1.794000000000000000e+03 1.218610000000000036e+04
1.698000000000000000e+03 1.224755000000000109e+04
1.746000000000000000e+03 1.224775000000000000e+04
1.938000000000000000e+03 1.231764999999999964e+04
1.706000000000000000e+03 1.234110000000000036e+04
1.714000000000000000e+03 1.235520000000000073e+04
1.810000000000000000e+03 1.246325000000000000e+04
1.866000000000000000e+03 1.247130000000000109e+04
1.770000000000000000e+03 1.250270000000000073e+04
1.658000000000000000e+03 1.250450000000000000e+04
1.682000000000000000e+03 1.259505000000000109e+04
1.618000000000000000e+03 1.262470000000000073e+04
1.826000000000000000e+03 1.263850000000000000e+04
1.730000000000000000e+03 1.273675000000000000e+04
1.946000000000000000e+03 1.273880000000000109e+04
1.778000000000000000e+03 1.274025000000000000e+04
1.698000000000000000e+03 1.279505000000000109e+04
1.898000000000000000e+03 1.288825000000000000e+04
1.914000000000000000e+03 1.298650000000000000e+04
1.714000000000000000e+03 1.306670000000000073e+04
1.794000000000000000e+03 1.308164999999999964e+04
1.794000000000000000e+03 1.314075000000000000e+04
1.938000000000000000e+03 1.315320000000000073e+04
1.930000000000000000e+03 1.316855000000000109e+04
1.714000000000000000e+03 1.317589999999999964e+04
1.914000000000000000e+03 1.330025000000000000e+04
1.602000000000000000e+03 1.330420000000000073e+04
1.882000000000000000e+03 1.331775000000000000e+04
1.602000000000000000e+03 1.337280000000000109e+04
1.818000000000000000e+03 1.338689999999999964e+04
1.746000000000000000e+03 1.343500000000000000e+04
1.602000000000000000e+03 1.346150000000000000e+04
1.682000000000000000e+03 1.346195000000000073e+04
1.850000000000000000e+03 1.355014999999999964e+04
1.858000000000000000e+03 1.356845000000000073e+04
1.770000000000000000e+03 1.358430000000000109e+04
1.914000000000000000e+03 1.359745000000000073e+04
1.922000000000000000e+03 1.360325000000000000e+04
1.898000000000000000e+03 1.366710000000000036e+04
1.890000000000000000e+03 1.376489999999999964e+04
1.778000000000000000e+03 1.377150000000000000e+04
1.874000000000000000e+03 1.384239999999999964e+04
1.834000000000000000e+03 1.386655000000000109e+04
1.762000000000000000e+03 1.387989999999999964e+04
1.690000000000000000e+03 1.389395000000000073e+04
1.986000000000000000e+03 1.391660000000000036e+04
1.674000000000000000e+03 1.392350000000000000e+04
1.882000000000000000e+03 1.395030000000000109e+04
1.994000000000000000e+03 1.397625000000000000e+04
1.602000000000000000e+03 1.398689999999999964e+04
1.946000000000000000e+03 1.399200000000000000e+04
1.914000000000000000e+03 1.403630000000000109e+04
1.818000000000000000e+03 1.407655000000000109e+04
1.858000000000000000e+03 1.413100000000000000e+04
1.842000000000000000e+03 1.425905000000000109e+04
1.730000000000000000e+03 1.431995000000000073e+04
1.954000000000000000e+03 1.433210000000000036e+04
1.826000000000000000e+03 1.433305000000000109e+04
1.810000000000000000e+03 1.436660000000000036e+04
1.786000000000000000e+03 1.440945000000000073e+04
1.994000000000000000e+03 1.441385000000000036e+04
1.922000000000000000e+03 1.445680000000000109e+04
1.986000000000000000e+03 1.450505000000000109e+04
1.810000000000000000e+03 1.452910000000000036e+04
1.930000000000000000e+03 1.454155000000000109e+04
1.850000000000000000e+03 1.460575000000000000e+04
1.954000000000000000e+03 1.460700000000000000e+04
1.650000000000000000e+03 1.462910000000000036e+04
1.994000000000000000e+03 1.466305000000000109e+04
1.698000000000000000e+03 1.468620000000000073e+04
1.826000000000000000e+03 1.469295000000000073e+04
1.610000000000000000e+03 1.471725000000000000e+04
1.866000000000000000e+03 1.478435000000000036e+04
1.890000000000000000e+03 1.480410000000000036e+04
1.874000000000000000e+03 1.480455000000000109e+04
1.810000000000000000e+03 1.482330000000000109e+04
1.818000000000000000e+03 1.486464999999999964e+04
1.986000000000000000e+03 1.488260000000000036e+04
1.762000000000000000e+03 1.489514999999999964e+04
1.682000000000000000e+03 1.491764999999999964e+04
1.850000000000000000e+03 1.492164999999999964e+04
1.874000000000000000e+03 1.496755000000000109e+04
1.778000000000000000e+03 1.496810000000000036e+04
1.626000000000000000e+03 1.499255000000000109e+04
1.794000000000000000e+03 1.499650000000000000e+04
1.602000000000000000e+03 1.501025000000000000e+04
1.914000000000000000e+03 1.501264999999999964e+04
1.994000000000000000e+03 1.502395000000000073e+04
1.954000000000000000e+03 1.510325000000000000e+04
1.746000000000000000e+03 1.511200000000000000e+04
1.842000000000000000e+03 1.512710000000000036e+04
1.986000000000000000e+03 1.519505000000000109e+04
1.658000000000000000e+03 1.523775000000000000e+04
1.786000000000000000e+03 1.524720000000000073e+04
1.962000000000000000e+03 1.526320000000000073e+04
1.682000000000000000e+03 1.530764999999999964e+04
1.786000000000000000e+03 1.534450000000000000e+04
1.602000000000000000e+03 1.536314999999999964e+04
1.970000000000000000e+03 1.541335000000000036e+04
1.730000000000000000e+03 1.541745000000000073e+04
1.770000000000000000e+03 1.542120000000000073e+04
1.818000000000000000e+03 1.542239999999999964e+04
1.690000000000000000e+03 1.545450000000000000e+04
1.778000000000000000e+03 1.545450000000000000e+04
1.874000000000000000e+03 1.546445000000000073e+04
1.610000000000000000e+03 1.552464999999999964e+04
1.754000000000000000e+03 1.553575000000000000e+04
1.954000000000000000e+03 1.557345000000000073e+04
1.818000000000000000e+03 1.557375000000000000e+04
1.970000000000000000e+03 1.560145000000000073e+04
1.866000000000000000e+03 1.560410000000000036e+04
1.738000000000000000e+03 1.560880000000000109e+04
1.610000000000000000e+03 1.565495000000000073e+04
1.666000000000000000e+03 1.568685000000000036e+04
1.634000000000000000e+03 1.580085000000000036e+04
1.746000000000000000e+03 1.589785000000000036e+04
1.698000000000000000e+03 1.594735000000000036e+04
1.826000000000000000e+03 1.605564999999999964e+04
1.666000000000000000e+03 1.607970000000000073e+04
1.874000000000000000e+03 1.610695000000000073e+04
1.650000000000000000e+03 1.612845000000000073e+04
1.698000000000000000e+03 1.614000000000000000e+04
1.754000000000000000e+03 1.629855000000000109e+04
1.634000000000000000e+03 1.633230000000000109e+04
1.874000000000000000e+03 1.633710000000000036e+04
1.722000000000000000e+03 1.634575000000000000e+04
1.754000000000000000e+03 1.637155000000000109e+04
1.698000000000000000e+03 1.638859999999999854e+04
1.786000000000000000e+03 1.644259999999999854e+04
1.890000000000000000e+03 1.648225000000000000e+04
1.962000000000000000e+03 1.654759999999999854e+04
1.874000000000000000e+03 1.660909999999999854e+04
1.930000000000000000e+03 1.661015000000000146e+04
1.946000000000000000e+03 1.665279999999999927e+04
1.914000000000000000e+03 1.670645000000000073e+04
1.626000000000000000e+03 1.678209999999999854e+04
1.914000000000000000e+03 1.686250000000000000e+04
1.770000000000000000e+03 1.690679999999999927e+04
1.738000000000000000e+03 1.693870000000000073e+04
1.770000000000000000e+03 1.697534999999999854e+04
1.658000000000000000e+03 1.699979999999999927e+04
1.994000000000000000e+03 1.702470000000000073e+04
1.610000000000000000e+03 1.703584999999999854e+04
1.786000000000000000e+03 1.706829999999999927e+04
1.962000000000000000e+03 1.709254999999999927e+04
1.706000000000000000e+03 1.713020000000000073e+04
1.874000000000000000e+03 1.729020000000000073e+04
1.858000000000000000e+03 1.730500000000000000e+04
1.602000000000000000e+03 1.737629999999999927e+04
1.778000000000000000e+03 1.739370000000000073e+04
1.962000000000000000e+03 1.745354999999999927e+04
1.690000000000000000e+03 1.750085000000000218e+04
1.794000000000000000e+03 1.751404999999999927e+04
1.922000000000000000e+03 1.751445000000000073e+04
1.946000000000000000e+03 1.752670000000000073e+04
1.730000000000000000e+03 1.765115000000000146e+04
1.890000000000000000e+03 1.766650000000000000e+04
1.882000000000000000e+03 1.774904999999999927e+04
1.650000000000000000e+03 1.779150000000000000e+04
1.826000000000000000e+03 1.785750000000000000e+04
1.930000000000000000e+03 1.787140000000000146e+04
1.722000000000000000e+03 1.791975000000000000e+04
1.906000000000000000e+03 1.792000000000000000e+04
1.714000000000000000e+03 1.799420000000000073e+04
1.642000000000000000e+03 1.801020000000000073e+04
1.794000000000000000e+03 1.802195000000000073e+04
1.690000000000000000e+03 1.804535000000000218e+04
1.818000000000000000e+03 1.808415000000000146e+04
1.626000000000000000e+03 1.810190000000000146e+04
1.762000000000000000e+03 1.810279999999999927e+04
1.970000000000000000e+03 1.810354999999999927e+04
1.922000000000000000e+03 1.813345000000000073e+04
1.898000000000000000e+03 1.827129999999999927e+04
1.826000000000000000e+03 1.829485000000000218e+04
1.850000000000000000e+03 1.834854999999999927e+04
1.978000000000000000e+03 1.838950000000000000e+04
1.690000000000000000e+03 1.841985000000000218e+04
1.778000000000000000e+03 1.845729999999999927e+04
1.802000000000000000e+03 1.846850000000000000e+04
1.618000000000000000e+03 1.853915000000000146e+04
1.962000000000000000e+03 1.854775000000000000e+04
1.722000000000000000e+03 1.866660000000000218e+04
1.802000000000000000e+03 1.866854999999999927e+04
1.658000000000000000e+03 1.873860000000000218e+04
1.962000000000000000e+03 1.879370000000000073e+04
1.938000000000000000e+03 1.884135000000000218e+04
1.986000000000000000e+03 1.891315000000000146e+04
1.922000000000000000e+03 1.891965000000000146e+04
1.722000000000000000e+03 1.892745000000000073e+04
1.610000000000000000e+03 1.892985000000000218e+04
1.866000000000000000e+03 1.893510000000000218e+04
1.826000000000000000e+03 1.895075000000000000e+04
1.642000000000000000e+03 1.904100000000000000e+04
1.754000000000000000e+03 1.904354999999999927e+04
1.914000000000000000e+03 1.911465000000000146e+04
1.794000000000000000e+03 1.911670000000000073e+04
1.994000000000000000e+03 1.912825000000000000e+04
1.642000000000000000e+03 1.912935000000000218e+04
1.986000000000000000e+03 1.913465000000000146e+04
1.746000000000000000e+03 1.913535000000000218e+04
1.722000000000000000e+03 1.913910000000000218e+04
1.778000000000000000e+03 1.918220000000000073e+04
1.898000000000000000e+03 1.919429999999999927e+04
1.970000000000000000e+03 1.922079999999999927e+04
1.858000000000000000e+03 1.922225000000000000e+04
1.658000000000000000e+03 1.924185000000000218e+04
1.794000000000000000e+03 1.926904999999999927e+04
1.874000000000000000e+03 1.927025000000000000e+04
1.602000000000000000e+03 1.928095000000000073e+04
1.858000000000000000e+03 1.931425000000000000e+04
1.962000000000000000e+03 1.935390000000000146e+04
1.874000000000000000e+03 1.936635000000000218e+04
1.690000000000000000e+03 1.936900000000000000e+04
1.866000000000000000e+03 1.948810000000000218e+04
1.938000000000000000e+03 1.952450000000000000e+04
1.698000000000000000e+03 1.952979999999999927e+04
1.770000000000000000e+03 1.958795000000000073e+04
1.610000000000000000e+03 1.961395000000000073e+04
1.914000000000000000e+03 1.962720000000000073e+04
1.986000000000000000e+03 1.969350000000000000e+04
1.794000000000000000e+03 1.973850000000000000e+04
1.698000000000000000e+03 1.973954999999999927e+04
1.858000000000000000e+03 1.977145000000000073e+04
1.962000000000000000e+03 1.977629999999999927e+04
1.738000000000000000e+03 1.982115000000000146e+04
1.850000000000000000e+03 1.983790000000000146e+04
1.714000000000000000e+03 1.989090000000000146e+04
1.690000000000000000e+03 1.999075000000000000e+04
1.906000000000000000e+03 2.000025000000000000e+04
1.914000000000000000e+03 2.004235000000000218e+04
1.770000000000000000e+03 2.031000000000000000e+04
1.802000000000000000e+03 2.032315000000000146e+04
1.618000000000000000e+03 2.040790000000000146e+04
1.794000000000000000e+03 2.046365000000000146e+04
1.730000000000000000e+03 2.047040000000000146e+04
1.930000000000000000e+03 2.053470000000000073e+04
1.642000000000000000e+03 2.058045000000000073e+04
1.826000000000000000e+03 2.063279999999999927e+04
1.994000000000000000e+03 2.071535000000000218e+04
1.626000000000000000e+03 2.072040000000000146e+04
1.786000000000000000e+03 2.075750000000000000e+04
1.922000000000000000e+03 2.077720000000000073e+04
1.762000000000000000e+03 2.081104999999999927e+04
1.802000000000000000e+03 2.084435000000000218e+04
1.946000000000000000e+03 2.091625000000000000e+04
1.754000000000000000e+03 2.094635000000000218e+04
1.610000000000000000e+03 2.100210000000000218e+04
1.794000000000000000e+03 2.105425000000000000e+04
1.818000000000000000e+03 2.109300000000000000e+04
1.850000000000000000e+03 2.111750000000000000e+04
1.730000000000000000e+03 2.113879999999999927e+04
1.978000000000000000e+03 2.118220000000000073e+04
1.946000000000000000e+03 2.119370000000000073e+04
1.834000000000000000e+03 2.119785000000000218e+04
1.786000000000000000e+03 2.120865000000000146e+04
1.738000000000000000e+03 2.123104999999999927e+04
1.986000000000000000e+03 2.123810000000000218e+04
1.826000000000000000e+03 2.134150000000000000e+04
1.946000000000000000e+03 2.134700000000000000e+04
1.938000000000000000e+03 2.134990000000000146e+04
1.642000000000000000e+03 2.135004999999999927e+04
1.674000000000000000e+03 2.138425000000000000e+04
1.698000000000000000e+03 2.138935000000000218e+04
1.794000000000000000e+03 2.139179999999999927e+04
1.930000000000000000e+03 2.140420000000000073e+04
1.610000000000000000e+03 2.150985000000000218e+04
1.850000000000000000e+03 2.163740000000000146e+04
1.986000000000000000e+03 2.164045000000000073e+04
1.962000000000000000e+03 2.164385000000000218e+04
1.946000000000000000e+03 2.166304999999999927e+04
1.650000000000000000e+03 2.166725000000000000e+04
1.746000000000000000e+03 2.172015000000000146e+04
1.978000000000000000e+03 2.190160000000000218e+04
1.794000000000000000e+03 2.200504999999999927e+04
1.866000000000000000e+03 2.202420000000000073e+04
1.850000000000000000e+03 2.202690000000000146e+04
1.986000000000000000e+03 2.210385000000000218e+04
1.834000000000000000e+03 2.210410000000000218e+04
1.922000000000000000e+03 2.211020000000000073e+04
1.730000000000000000e+03 2.213104999999999927e+04
1.682000000000000000e+03 2.215875000000000000e+04
1.626000000000000000e+03 2.215890000000000146e+04
1.906000000000000000e+03 2.217129999999999927e+04
1.906000000000000000e+03 2.226045000000000073e+04
1.674000000000000000e+03 2.228000000000000000e+04
1.666000000000000000e+03 2.228760000000000218e+04
1.962000000000000000e+03 2.229400000000000000e+04
1.818000000000000000e+03 2.236685000000000218e+04
1.658000000000000000e+03 2.237975000000000000e+04
1.746000000000000000e+03 2.242335000000000218e+04
1.930000000000000000e+03 2.248340000000000146e+04
1.762000000000000000e+03 2.248975000000000000e+04
1.874000000000000000e+03 2.252350000000000000e+04
1.706000000000000000e+03 2.254040000000000146e+04
1.770000000000000000e+03 2.259315000000000146e+04
1.834000000000000000e+03 2.260365000000000146e+04
1.970000000000000000e+03 2.260795000000000073e+04
1.794000000000000000e+03 2.265435000000000218e+04
1.650000000000000000e+03 2.276325000000000000e+04
1.922000000000000000e+03 2.284160000000000218e+04
1.722000000000000000e+03 2.284804999999999927e+04
1.682000000000000000e+03 2.288335000000000218e+04
1.906000000000000000e+03 2.288550000000000000e+04
1.930000000000000000e+03 2.309579999999999927e+04
1.890000000000000000e+03 2.318620000000000073e+04
1.994000000000000000e+03 2.320385000000000218e+04
1.658000000000000000e+03 2.321375000000000000e+04
1.738000000000000000e+03 2.323529999999999927e+04
1.658000000000000000e+03 2.328520000000000073e+04
1.754000000000000000e+03 2.333790000000000146e+04
1.610000000000000000e+03 2.334960000000000218e+04
1.690000000000000000e+03 2.338590000000000146e+04
1.866000000000000000e+03 2.343195000000000073e+04
1.994000000000000000e+03 2.352120000000000073e+04
1.818000000000000000e+03 2.355125000000000000e+04
1.970000000000000000e+03 2.355910000000000218e+04
1.698000000000000000e+03 2.362995000000000073e+04
1.954000000000000000e+03 2.368010000000000218e+04
1.602000000000000000e+03 2.368385000000000218e+04
1.762000000000000000e+03 2.374450000000000000e+04
1.978000000000000000e+03 2.374525000000000000e+04
1.834000000000000000e+03 2.378035000000000218e+04
1.914000000000000000e+03 2.379835000000000218e+04
1.866000000000000000e+03 2.380615000000000146e+04
1.722000000000000000e+03 2.388010000000000218e+04
1.666000000000000000e+03 2.391015000000000146e+04
1.634000000000000000e+03 2.392195000000000073e+04
1.674000000000000000e+03 2.393029999999999927e+04
1.962000000000000000e+03 2.395775000000000000e+04
1.706000000000000000e+03 2.395985000000000218e+04
1.882000000000000000e+03 2.400054999999999927e+04
1.890000000000000000e+03 2.406675000000000000e+04
1.914000000000000000e+03 2.411400000000000000e+04
1.842000000000000000e+03 2.411450000000000000e+04
1.746000000000000000e+03 2.412270000000000073e+04
1.626000000000000000e+03 2.412740000000000146e+04
1.618000000000000000e+03 2.419760000000000218e+04
1.714000000000000000e+03 2.420204999999999927e+04
1.634000000000000000e+03 2.424635000000000218e+04
1.826000000000000000e+03 2.426700000000000000e+04
1.946000000000000000e+03 2.429720000000000073e+04
1.906000000000000000e+03 2.430565000000000146e+04
1.986000000000000000e+03 2.432345000000000073e+04
1.794000000000000000e+03 2.433940000000000146e+04
1.698000000000000000e+03 2.436425000000000000e+04
1.978000000000000000e+03 2.438954999999999927e+04
1.826000000000000000e+03 2.443970000000000073e+04
1.610000000000000000e+03 2.444770000000000073e+04
1.810000000000000000e+03 2.447325000000000000e+04
1.786000000000000000e+03 2.447500000000000000e+04
1.666000000000000000e+03 2.448360000000000218e+04
1.954000000000000000e+03 2.450154999999999927e+04
1.818000000000000000e+03 2.451525000000000000e+04
1.898000000000000000e+03 2.452615000000000146e+04
1.746000000000000000e+03 2.453020000000000073e+04
1.690000000000000000e+03 2.460090000000000146e+04
1.618000000000000000e+03 2.466045000000000073e+04
1.826000000000000000e+03 2.467845000000000073e+04
1.762000000000000000e+03 2.476910000000000218e+04
1.778000000000000000e+03 2.485954999999999927e+04
1.794000000000000000e+03 2.486110000000000218e+04
1.618000000000000000e+03 2.488110000000000218e+04
1.906000000000000000e+03 2.488270000000000073e+04
1.634000000000000000e+03 2.495595000000000073e+04
1.970000000000000000e+03 2.496245000000000073e+04
1.890000000000000000e+03 2.496665000000000146e+04
1.714000000000000000e+03 2.512145000000000073e+04
1.802000000000000000e+03 2.513245000000000073e+04
1.714000000000000000e+03 2.521654999999999927e+04
1.642000000000000000e+03 2.522060000000000218e+04
1.834000000000000000e+03 2.522990000000000146e+04
1.666000000000000000e+03 2.523604999999999927e+04
1.754000000000000000e+03 2.525550000000000000e+04
1.610000000000000000e+03 2.526245000000000073e+04
1.930000000000000000e+03 2.529165000000000146e+04
1.890000000000000000e+03 2.534940000000000146e+04
1.634000000000000000e+03 2.540390000000000146e+04
1.818000000000000000e+03 2.542979999999999927e+04
1.746000000000000000e+03 2.543995000000000073e+04
1.834000000000000000e+03 2.546865000000000146e+04
1.986000000000000000e+03 2.547325000000000000e+04
1.714000000000000000e+03 2.548795000000000073e+04
1.946000000000000000e+03 2.550640000000000146e+04
1.682000000000000000e+03 2.552820000000000073e+04
1.882000000000000000e+03 2.556565000000000146e+04
1.818000000000000000e+03 2.557160000000000218e+04
1.842000000000000000e+03 2.557220000000000073e+04
1.890000000000000000e+03 2.558710000000000218e+04
1.754000000000000000e+03 2.561379999999999927e+04
1.650000000000000000e+03 2.568585000000000218e+04
1.666000000000000000e+03 2.568775000000000000e+04
1.634000000000000000e+03 2.569415000000000146e+04
1.602000000000000000e+03 2.570370000000000073e+04
1.994000000000000000e+03 2.571620000000000073e+04
1.834000000000000000e+03 2.574790000000000146e+04
1.922000000000000000e+03 2.580200000000000000e+04
1.642000000000000000e+03 2.581110000000000218e+04
1.994000000000000000e+03 2.581490000000000146e+04
1.666000000000000000e+03 2.581620000000000073e+04
1.754000000000000000e+03 2.585025000000000000e+04
1.914000000000000000e+03 2.585629999999999927e+04
1.602000000000000000e+03 2.586579999999999927e+04
1.746000000000000000e+03 2.594190000000000146e+04
1.642000000000000000e+03 2.597029999999999927e+04
1.610000000000000000e+03 2.600525000000000000e+04
1.714000000000000000e+03 2.601515000000000146e+04
1.882000000000000000e+03 2.601845000000000073e+04
1.938000000000000000e+03 2.606004999999999927e+04
1.930000000000000000e+03 2.613020000000000073e+04
1.970000000000000000e+03 2.613760000000000218e+04
1.658000000000000000e+03 2.619965000000000146e+04
1.850000000000000000e+03 2.631145000000000073e+04
1.650000000000000000e+03 2.634029999999999927e+04
1.610000000000000000e+03 2.634354999999999927e+04
1.850000000000000000e+03 2.638215000000000146e+04
1.746000000000000000e+03 2.647370000000000073e+04
1.922000000000000000e+03 2.649220000000000073e+04
1.762000000000000000e+03 2.650185000000000218e+04
1.778000000000000000e+03 2.653740000000000146e+04
1.954000000000000000e+03 2.660735000000000218e+04
1.994000000000000000e+03 2.661015000000000146e+04
1.666000000000000000e+03 2.663190000000000146e+04
1.618000000000000000e+03 2.669925000000000000e+04
1.674000000000000000e+03 2.670035000000000218e+04
1.650000000000000000e+03 2.670060000000000218e+04
1.730000000000000000e+03 2.670225000000000000e+04
1.874000000000000000e+03 2.670970000000000073e+04
1.754000000000000000e+03 2.671220000000000073e+04
1.778000000000000000e+03 2.673485000000000218e+04
1.914000000000000000e+03 2.675015000000000146e+04
1.826000000000000000e+03 2.680295000000000073e+04
1.874000000000000000e+03 2.681900000000000000e+04
1.906000000000000000e+03 2.684254999999999927e+04
1.650000000000000000e+03 2.685575000000000000e+04
1.690000000000000000e+03 2.688335000000000218e+04
1.826000000000000000e+03 2.691925000000000000e+04
1.898000000000000000e+03 2.694850000000000000e+04
1.890000000000000000e+03 2.695350000000000000e+04
1.650000000000000000e+03 2.697310000000000218e+04
1.602000000000000000e+03 2.698440000000000146e+04
1.922000000000000000e+03 2.700529999999999927e+04
1.770000000000000000e+03 2.700545000000000073e+04
1.842000000000000000e+03 2.700704999999999927e+04
1.786000000000000000e+03 2.701979999999999927e+04
1.714000000000000000e+03 2.702625000000000000e+04
1.602000000000000000e+03 2.709315000000000146e+04
1.826000000000000000e+03 2.712075000000000000e+04
1.778000000000000000e+03 2.715215000000000146e+04
1.858000000000000000e+03 2.718765000000000146e+04
1.986000000000000000e+03 2.723954999999999927e+04
1.690000000000000000e+03 2.724475000000000000e+04
1.610000000000000000e+03 2.729270000000000073e+04
1.930000000000000000e+03 2.734385000000000218e+04
1.818000000000000000e+03 2.736160000000000218e+04
1.770000000000000000e+03 2.737290000000000146e+04
1.674000000000000000e+03 2.739690000000000146e+04
1.682000000000000000e+03 2.748240000000000146e+04
1.626000000000000000e+03 2.753870000000000073e+04
1.722000000000000000e+03 2.754750000000000000e+04
1.786000000000000000e+03 2.755595000000000073e+04
1.642000000000000000e+03 2.758475000000000000e+04
1.738000000000000000e+03 2.764029999999999927e+04
1.906000000000000000e+03 2.766685000000000218e+04
1.826000000000000000e+03 2.771820000000000073e+04
1.858000000000000000e+03 2.782675000000000000e+04
1.810000000000000000e+03 2.783375000000000000e+04
1.770000000000000000e+03 2.783404999999999927e+04
1.834000000000000000e+03 2.783835000000000218e+04
1.874000000000000000e+03 2.788085000000000218e+04
1.762000000000000000e+03 2.795115000000000146e+04
1.770000000000000000e+03 2.795510000000000218e+04
1.746000000000000000e+03 2.797310000000000218e+04
1.874000000000000000e+03 2.798129999999999927e+04
1.866000000000000000e+03 2.799704999999999927e+04
1.987000000000000000e+03 1.070499999999999972e+02
1.971000000000000000e+03 1.673000000000000114e+02
1.955000000000000000e+03 1.789500000000000171e+02
1.979000000000000000e+03 1.839000000000000057e+02
1.923000000000000000e+03 2.037000000000000171e+02
1.883000000000000000e+03 2.380000000000000000e+02
1.995000000000000000e+03 2.546500000000000057e+02
1.915000000000000000e+03 2.721499999999999773e+02
1.955000000000000000e+03 2.952500000000000000e+02
1.987000000000000000e+03 3.154499999999999886e+02
1.995000000000000000e+03 3.595000000000000000e+02
1.667000000000000000e+03 3.796500000000000341e+02
1.731000000000000000e+03 3.880000000000000000e+02
1.843000000000000000e+03 4.069000000000000341e+02
1.723000000000000000e+03 4.115000000000000000e+02
1.867000000000000000e+03 4.135500000000000114e+02
1.675000000000000000e+03 4.480000000000000000e+02
1.787000000000000000e+03 4.822500000000000000e+02
1.747000000000000000e+03 4.947500000000000000e+02
1.787000000000000000e+03 5.478000000000000682e+02
1.803000000000000000e+03 5.480000000000000000e+02
1.763000000000000000e+03 5.655500000000000682e+02
1.819000000000000000e+03 5.925500000000000682e+02
1.851000000000000000e+03 6.820500000000000682e+02
1.979000000000000000e+03 6.840500000000000682e+02
1.987000000000000000e+03 6.916000000000000227e+02
1.787000000000000000e+03 6.928500000000000227e+02
1.763000000000000000e+03 7.253500000000000227e+02
1.851000000000000000e+03 7.701000000000000227e+02
1.899000000000000000e+03 8.281000000000000227e+02
1.731000000000000000e+03 8.871000000000000227e+02
1.779000000000000000e+03 9.127500000000000000e+02
1.963000000000000000e+03 9.410500000000000682e+02
1.763000000000000000e+03 9.468000000000000682e+02
1.835000000000000000e+03 9.518500000000000227e+02
1.747000000000000000e+03 9.568000000000000682e+02
1.779000000000000000e+03 9.703500000000000227e+02
1.619000000000000000e+03 1.069799999999999955e+03
1.803000000000000000e+03 1.083150000000000091e+03
1.987000000000000000e+03 1.123549999999999955e+03
1.659000000000000000e+03 1.132000000000000000e+03
1.803000000000000000e+03 1.227000000000000000e+03
1.867000000000000000e+03 1.246700000000000045e+03
1.707000000000000000e+03 1.249299999999999955e+03
1.851000000000000000e+03 1.259250000000000000e+03
1.843000000000000000e+03 1.287500000000000000e+03
1.827000000000000000e+03 1.353000000000000000e+03
1.891000000000000000e+03 1.361049999999999955e+03
1.875000000000000000e+03 1.423000000000000000e+03
1.715000000000000000e+03 1.437750000000000000e+03
1.787000000000000000e+03 1.485650000000000091e+03
1.731000000000000000e+03 1.486900000000000091e+03
1.627000000000000000e+03 1.503200000000000045e+03
1.715000000000000000e+03 1.515950000000000045e+03
1.603000000000000000e+03 1.557500000000000000e+03
1.691000000000000000e+03 1.669549999999999955e+03
1.739000000000000000e+03 1.681549999999999955e+03
1.787000000000000000e+03 1.684200000000000045e+03
1.883000000000000000e+03 1.741650000000000091e+03
1.875000000000000000e+03 1.770799999999999955e+03
1.843000000000000000e+03 1.782250000000000000e+03
1.779000000000000000e+03 1.839850000000000136e+03
1.755000000000000000e+03 1.884900000000000091e+03
1.963000000000000000e+03 1.969500000000000000e+03
1.915000000000000000e+03 1.972100000000000136e+03
1.731000000000000000e+03 1.978950000000000045e+03
1.995000000000000000e+03 2.180449999999999818e+03
1.987000000000000000e+03 2.226000000000000000e+03
1.675000000000000000e+03 2.416750000000000000e+03
1.707000000000000000e+03 2.460700000000000273e+03
1.851000000000000000e+03 2.463150000000000091e+03
1.883000000000000000e+03 2.510349999999999909e+03
1.651000000000000000e+03 2.523300000000000182e+03
1.603000000000000000e+03 2.536550000000000182e+03
1.811000000000000000e+03 2.616000000000000000e+03
1.755000000000000000e+03 2.644349999999999909e+03
1.643000000000000000e+03 2.655950000000000273e+03
1.763000000000000000e+03 2.763599999999999909e+03
1.811000000000000000e+03 2.763700000000000273e+03
1.859000000000000000e+03 2.779349999999999909e+03
1.603000000000000000e+03 2.798400000000000091e+03
1.675000000000000000e+03 2.820450000000000273e+03
1.611000000000000000e+03 2.831550000000000182e+03
1.851000000000000000e+03 2.873000000000000000e+03
1.715000000000000000e+03 2.969800000000000182e+03
1.899000000000000000e+03 3.012750000000000000e+03
1.667000000000000000e+03 3.028950000000000273e+03
1.883000000000000000e+03 3.059000000000000000e+03
1.619000000000000000e+03 3.059750000000000000e+03
1.947000000000000000e+03 3.072550000000000182e+03
1.907000000000000000e+03 3.073099999999999909e+03
1.859000000000000000e+03 3.082500000000000000e+03
1.659000000000000000e+03 3.085599999999999909e+03
1.899000000000000000e+03 3.130550000000000182e+03
1.931000000000000000e+03 3.159400000000000091e+03
1.755000000000000000e+03 3.252599999999999909e+03
1.875000000000000000e+03 3.301000000000000000e+03
1.995000000000000000e+03 3.303450000000000273e+03
1.619000000000000000e+03 3.315250000000000000e+03
1.739000000000000000e+03 3.341750000000000000e+03
1.763000000000000000e+03 3.350950000000000273e+03
1.931000000000000000e+03 3.466500000000000000e+03
1.747000000000000000e+03 3.467450000000000273e+03
1.603000000000000000e+03 3.469099999999999909e+03
1.987000000000000000e+03 3.475800000000000182e+03
1.851000000000000000e+03 3.486000000000000000e+03
1.635000000000000000e+03 3.487050000000000182e+03
1.723000000000000000e+03 3.506300000000000182e+03
1.643000000000000000e+03 3.514550000000000182e+03
1.811000000000000000e+03 3.534099999999999909e+03
1.987000000000000000e+03 3.549450000000000273e+03
1.715000000000000000e+03 3.586900000000000091e+03
1.691000000000000000e+03 3.634400000000000091e+03
1.843000000000000000e+03 3.663550000000000182e+03
1.811000000000000000e+03 3.676000000000000000e+03
1.731000000000000000e+03 3.678950000000000273e+03
1.963000000000000000e+03 3.687849999999999909e+03
1.739000000000000000e+03 3.703550000000000182e+03
1.611000000000000000e+03 3.744000000000000000e+03
1.859000000000000000e+03 3.782950000000000273e+03
1.851000000000000000e+03 3.797300000000000182e+03
1.787000000000000000e+03 3.895450000000000273e+03
1.915000000000000000e+03 3.917050000000000182e+03
1.843000000000000000e+03 4.055500000000000000e+03
1.731000000000000000e+03 4.121100000000000364e+03
1.603000000000000000e+03 4.145050000000000182e+03
1.827000000000000000e+03 4.164500000000000000e+03
1.691000000000000000e+03 4.215050000000000182e+03
1.603000000000000000e+03 4.273800000000000182e+03
1.907000000000000000e+03 4.277350000000000364e+03
1.891000000000000000e+03 4.277850000000000364e+03
1.723000000000000000e+03 4.295800000000000182e+03
1.883000000000000000e+03 4.315800000000000182e+03
1.715000000000000000e+03 4.324500000000000000e+03
1.803000000000000000e+03 4.335500000000000000e+03
1.779000000000000000e+03 4.361899999999999636e+03
1.795000000000000000e+03 4.387949999999999818e+03
1.875000000000000000e+03 4.394699999999999818e+03
1.899000000000000000e+03 4.424000000000000000e+03
1.683000000000000000e+03 4.474000000000000000e+03
1.987000000000000000e+03 4.483750000000000000e+03
1.779000000000000000e+03 4.508750000000000000e+03
1.771000000000000000e+03 4.552900000000000546e+03
1.963000000000000000e+03 4.566850000000000364e+03
1.627000000000000000e+03 4.617900000000000546e+03
1.787000000000000000e+03 4.618199999999999818e+03
1.707000000000000000e+03 4.626150000000000546e+03
1.659000000000000000e+03 4.626900000000000546e+03
1.859000000000000000e+03 4.635850000000000364e+03
1.883000000000000000e+03 4.658699999999999818e+03
1.731000000000000000e+03 4.682550000000000182e+03
1.899000000000000000e+03 4.712949999999999818e+03
1.611000000000000000e+03 4.726199999999999818e+03
1.643000000000000000e+03 4.742150000000000546e+03
1.723000000000000000e+03 4.822900000000000546e+03
1.683000000000000000e+03 4.845350000000000364e+03
1.643000000000000000e+03 4.866150000000000546e+03
1.963000000000000000e+03 4.906150000000000546e+03
1.811000000000000000e+03 4.917699999999999818e+03
1.739000000000000000e+03 4.921550000000000182e+03
1.691000000000000000e+03 4.939199999999999818e+03
1.931000000000000000e+03 4.947150000000000546e+03
1.731000000000000000e+03 4.953250000000000000e+03
1.915000000000000000e+03 4.985750000000000000e+03
1.995000000000000000e+03 4.996150000000000546e+03
1.739000000000000000e+03 5.018150000000000546e+03
1.643000000000000000e+03 5.062350000000000364e+03
1.915000000000000000e+03 5.069750000000000000e+03
1.851000000000000000e+03 5.078600000000000364e+03
1.883000000000000000e+03 5.091199999999999818e+03
1.995000000000000000e+03 5.099300000000000182e+03
1.723000000000000000e+03 5.112050000000000182e+03
1.835000000000000000e+03 5.236900000000000546e+03
1.635000000000000000e+03 5.238300000000000182e+03
1.651000000000000000e+03 5.351100000000000364e+03
1.707000000000000000e+03 5.351949999999999818e+03
1.971000000000000000e+03 5.387500000000000000e+03
1.963000000000000000e+03 5.448600000000000364e+03
1.755000000000000000e+03 5.512400000000000546e+03
1.667000000000000000e+03 5.517100000000000364e+03
1.627000000000000000e+03 5.560199999999999818e+03
1.915000000000000000e+03 5.568500000000000000e+03
1.787000000000000000e+03 5.622850000000000364e+03
1.979000000000000000e+03 5.627699999999999818e+03
1.987000000000000000e+03 5.675750000000000000e+03
1.675000000000000000e+03 5.694750000000000000e+03
1.867000000000000000e+03 5.725949999999999818e+03
1.955000000000000000e+03 5.738250000000000000e+03
1.987000000000000000e+03 5.859500000000000000e+03
1.635000000000000000e+03 5.958250000000000000e+03
1.915000000000000000e+03 5.981550000000000182e+03
1.779000000000000000e+03 6.006150000000000546e+03
1.675000000000000000e+03 6.017250000000000000e+03
1.699000000000000000e+03 6.030150000000000546e+03
1.995000000000000000e+03 6.031350000000000364e+03
1.731000000000000000e+03 6.064699999999999818e+03
1.659000000000000000e+03 6.066300000000000182e+03
1.675000000000000000e+03 6.090350000000000364e+03
1.931000000000000000e+03 6.116949999999999818e+03
1.603000000000000000e+03 6.137500000000000000e+03
1.723000000000000000e+03 6.193350000000000364e+03
1.907000000000000000e+03 6.200250000000000000e+03
1.683000000000000000e+03 6.224100000000000364e+03
1.787000000000000000e+03 6.239300000000000182e+03
1.699000000000000000e+03 6.252150000000000546e+03
1.795000000000000000e+03 6.261250000000000000e+03
1.715000000000000000e+03 6.272850000000000364e+03
1.891000000000000000e+03 6.308550000000000182e+03
1.803000000000000000e+03 6.363850000000000364e+03
1.859000000000000000e+03 6.364150000000000546e+03
1.731000000000000000e+03 6.364350000000000364e+03
1.787000000000000000e+03 6.374350000000000364e+03
1.907000000000000000e+03 6.407699999999999818e+03
1.619000000000000000e+03 6.463850000000000364e+03
1.771000000000000000e+03 6.502900000000000546e+03
1.891000000000000000e+03 6.515199999999999818e+03
1.995000000000000000e+03 6.557550000000000182e+03
1.899000000000000000e+03 6.574949999999999818e+03
1.715000000000000000e+03 6.678449999999999818e+03
1.627000000000000000e+03 6.685199999999999818e+03
1.859000000000000000e+03 6.717050000000000182e+03
1.803000000000000000e+03 6.741650000000000546e+03
1.667000000000000000e+03 6.750250000000000000e+03
1.923000000000000000e+03 6.789699999999999818e+03
1.723000000000000000e+03 6.791699999999999818e+03
1.651000000000000000e+03 6.901699999999999818e+03
1.987000000000000000e+03 6.911800000000000182e+03
1.635000000000000000e+03 6.913550000000000182e+03
1.875000000000000000e+03 6.914300000000000182e+03
1.707000000000000000e+03 6.965100000000000364e+03
1.715000000000000000e+03 6.980800000000000182e+03
1.931000000000000000e+03 7.136850000000000364e+03
1.611000000000000000e+03 7.150699999999999818e+03
1.683000000000000000e+03 7.155699999999999818e+03
1.883000000000000000e+03 7.233350000000000364e+03
1.739000000000000000e+03 7.263250000000000000e+03
1.771000000000000000e+03 7.290000000000000000e+03
1.979000000000000000e+03 7.298900000000000546e+03
1.683000000000000000e+03 7.332600000000000364e+03
1.763000000000000000e+03 7.340600000000000364e+03
1.939000000000000000e+03 7.345350000000000364e+03
1.643000000000000000e+03 7.391300000000000182e+03
1.779000000000000000e+03 7.427050000000000182e+03
1.939000000000000000e+03 7.485449999999999818e+03
1.835000000000000000e+03 7.488000000000000000e+03
1.899000000000000000e+03 7.488449999999999818e+03
1.707000000000000000e+03 7.499350000000000364e+03
1.635000000000000000e+03 7.506000000000000000e+03
1.819000000000000000e+03 7.513000000000000000e+03
1.787000000000000000e+03 7.514699999999999818e+03
1.963000000000000000e+03 7.538449999999999818e+03
1.707000000000000000e+03 7.560050000000000182e+03
1.835000000000000000e+03 7.635550000000000182e+03
1.747000000000000000e+03 7.661100000000000364e+03
1.811000000000000000e+03 7.666199999999999818e+03
1.651000000000000000e+03 7.702100000000000364e+03
1.883000000000000000e+03 7.763800000000000182e+03
1.707000000000000000e+03 7.776850000000000364e+03
1.875000000000000000e+03 7.869100000000000364e+03
1.803000000000000000e+03 7.930699999999999818e+03
1.683000000000000000e+03 7.954949999999999818e+03
1.883000000000000000e+03 7.958750000000000000e+03
1.931000000000000000e+03 7.987550000000000182e+03
1.811000000000000000e+03 8.030900000000000546e+03
1.851000000000000000e+03 8.051000000000000000e+03
1.779000000000000000e+03 8.109400000000000546e+03
1.707000000000000000e+03 8.165699999999999818e+03
1.995000000000000000e+03 8.197149999999999636e+03
1.611000000000000000e+03 8.216700000000000728e+03
1.667000000000000000e+03 8.224149999999999636e+03
1.859000000000000000e+03 8.311049999999999272e+03
1.747000000000000000e+03 8.364799999999999272e+03
1.987000000000000000e+03 8.404100000000000364e+03
1.955000000000000000e+03 8.407549999999999272e+03
1.891000000000000000e+03 8.448200000000000728e+03
1.779000000000000000e+03 8.460000000000000000e+03
1.955000000000000000e+03 8.463100000000000364e+03
1.659000000000000000e+03 8.469600000000000364e+03
1.931000000000000000e+03 8.655500000000000000e+03
1.899000000000000000e+03 8.680850000000000364e+03
1.851000000000000000e+03 8.681250000000000000e+03
1.787000000000000000e+03 8.729899999999999636e+03
1.947000000000000000e+03 8.745649999999999636e+03
1.883000000000000000e+03 8.771550000000001091e+03
1.675000000000000000e+03 8.875250000000000000e+03
1.835000000000000000e+03 8.889700000000000728e+03
1.851000000000000000e+03 8.893950000000000728e+03
1.899000000000000000e+03 8.922899999999999636e+03
1.875000000000000000e+03 8.938450000000000728e+03
1.819000000000000000e+03 8.957100000000000364e+03
1.707000000000000000e+03 8.958149999999999636e+03
1.611000000000000000e+03 9.012649999999999636e+03
1.771000000000000000e+03 9.013149999999999636e+03
1.867000000000000000e+03 9.101050000000001091e+03
1.947000000000000000e+03 9.144350000000000364e+03
1.851000000000000000e+03 9.223399999999999636e+03
1.627000000000000000e+03 9.260550000000001091e+03
1.619000000000000000e+03 9.373399999999999636e+03
1.963000000000000000e+03 9.391250000000000000e+03
1.651000000000000000e+03 9.463850000000000364e+03
1.667000000000000000e+03 9.476850000000000364e+03
1.979000000000000000e+03 9.503899999999999636e+03
1.971000000000000000e+03 9.544050000000001091e+03
1.939000000000000000e+03 9.612350000000000364e+03
1.803000000000000000e+03 9.614450000000000728e+03
1.643000000000000000e+03 9.624800000000001091e+03
1.923000000000000000e+03 9.644300000000001091e+03
1.771000000000000000e+03 9.647350000000000364e+03
1.707000000000000000e+03 9.758050000000001091e+03
1.867000000000000000e+03 9.758750000000000000e+03
1.683000000000000000e+03 9.781200000000000728e+03
1.875000000000000000e+03 9.830250000000000000e+03
1.963000000000000000e+03 9.838100000000000364e+03
1.787000000000000000e+03 9.906399999999999636e+03
1.923000000000000000e+03 9.909149999999999636e+03
1.939000000000000000e+03 9.968600000000000364e+03
1.659000000000000000e+03 1.000535000000000036e+04
1.859000000000000000e+03 1.003110000000000036e+04
1.771000000000000000e+03 1.026195000000000073e+04
1.667000000000000000e+03 1.027305000000000109e+04
1.955000000000000000e+03 1.030980000000000109e+04
1.659000000000000000e+03 1.034080000000000109e+04
1.763000000000000000e+03 1.034670000000000073e+04
1.939000000000000000e+03 1.041905000000000109e+04
1.867000000000000000e+03 1.042605000000000109e+04
1.755000000000000000e+03 1.050514999999999964e+04
1.883000000000000000e+03 1.050945000000000073e+04
1.651000000000000000e+03 1.052145000000000073e+04
1.779000000000000000e+03 1.053160000000000036e+04
1.603000000000000000e+03 1.055530000000000109e+04
1.915000000000000000e+03 1.056595000000000073e+04
1.795000000000000000e+03 1.058730000000000109e+04
1.955000000000000000e+03 1.059685000000000036e+04
1.827000000000000000e+03 1.063170000000000073e+04
1.691000000000000000e+03 1.065130000000000109e+04
1.939000000000000000e+03 1.067655000000000109e+04
1.795000000000000000e+03 1.073589999999999964e+04
1.603000000000000000e+03 1.086450000000000000e+04
1.739000000000000000e+03 1.086655000000000109e+04
1.643000000000000000e+03 1.086880000000000109e+04
1.907000000000000000e+03 1.088939999999999964e+04
1.795000000000000000e+03 1.090289999999999964e+04
1.611000000000000000e+03 1.091639999999999964e+04
1.939000000000000000e+03 1.095560000000000036e+04
1.619000000000000000e+03 1.102664999999999964e+04
1.947000000000000000e+03 1.104330000000000109e+04
1.883000000000000000e+03 1.108960000000000036e+04
1.731000000000000000e+03 1.113360000000000036e+04
1.851000000000000000e+03 1.117180000000000109e+04
1.779000000000000000e+03 1.126210000000000036e+04
1.787000000000000000e+03 1.137964999999999964e+04
1.995000000000000000e+03 1.137980000000000109e+04
1.963000000000000000e+03 1.140000000000000000e+04
1.747000000000000000e+03 1.141250000000000000e+04
1.779000000000000000e+03 1.147285000000000036e+04
1.707000000000000000e+03 1.149470000000000073e+04
1.675000000000000000e+03 1.149535000000000036e+04
1.755000000000000000e+03 1.153945000000000073e+04
1.931000000000000000e+03 1.154189999999999964e+04
1.835000000000000000e+03 1.160025000000000000e+04
1.979000000000000000e+03 1.160225000000000000e+04
1.723000000000000000e+03 1.160305000000000109e+04
1.939000000000000000e+03 1.166270000000000073e+04
1.819000000000000000e+03 1.171900000000000000e+04
1.939000000000000000e+03 1.177610000000000036e+04
1.995000000000000000e+03 1.179135000000000036e+04
1.995000000000000000e+03 1.189380000000000109e+04
1.827000000000000000e+03 1.193195000000000073e+04
1.651000000000000000e+03 1.202050000000000000e+04
1.675000000000000000e+03 1.202195000000000073e+04
1.603000000000000000e+03 1.203239999999999964e+04
1.851000000000000000e+03 1.206445000000000073e+04
1.819000000000000000e+03 1.209455000000000109e+04
1.931000000000000000e+03 1.212660000000000036e+04
1.883000000000000000e+03 1.217539999999999964e+04
1.827000000000000000e+03 1.219439999999999964e+04
1.723000000000000000e+03 1.219555000000000109e+04
1.707000000000000000e+03 1.222745000000000073e+04
1.747000000000000000e+03 1.223830000000000109e+04
1.763000000000000000e+03 1.224525000000000000e+04
1.675000000000000000e+03 1.236830000000000109e+04
1.907000000000000000e+03 1.238289999999999964e+04
1.779000000000000000e+03 1.247135000000000036e+04
1.691000000000000000e+03 1.248900000000000000e+04
1.619000000000000000e+03 1.250530000000000109e+04
1.819000000000000000e+03 1.251145000000000073e+04
1.651000000000000000e+03 1.259530000000000109e+04
1.739000000000000000e+03 1.260645000000000073e+04
1.995000000000000000e+03 1.266100000000000000e+04
1.971000000000000000e+03 1.279035000000000036e+04
1.931000000000000000e+03 1.280345000000000073e+04
1.739000000000000000e+03 1.281870000000000073e+04
1.939000000000000000e+03 1.288100000000000000e+04
1.867000000000000000e+03 1.289295000000000073e+04
1.635000000000000000e+03 1.290714999999999964e+04
1.771000000000000000e+03 1.295750000000000000e+04
1.971000000000000000e+03 1.296305000000000109e+04
1.635000000000000000e+03 1.301600000000000000e+04
1.715000000000000000e+03 1.303370000000000073e+04
1.795000000000000000e+03 1.308889999999999964e+04
1.875000000000000000e+03 1.310420000000000073e+04
1.819000000000000000e+03 1.311289999999999964e+04
1.723000000000000000e+03 1.315485000000000036e+04
1.995000000000000000e+03 1.316525000000000000e+04
1.835000000000000000e+03 1.323495000000000073e+04
1.651000000000000000e+03 1.324795000000000073e+04
1.955000000000000000e+03 1.331085000000000036e+04
1.795000000000000000e+03 1.331600000000000000e+04
1.779000000000000000e+03 1.334164999999999964e+04
1.835000000000000000e+03 1.335339999999999964e+04
1.675000000000000000e+03 1.335360000000000036e+04
1.811000000000000000e+03 1.339985000000000036e+04
1.819000000000000000e+03 1.341870000000000073e+04
1.739000000000000000e+03 1.345864999999999964e+04
1.883000000000000000e+03 1.350614999999999964e+04
1.827000000000000000e+03 1.351670000000000073e+04
1.923000000000000000e+03 1.359105000000000109e+04
1.707000000000000000e+03 1.364300000000000000e+04
1.987000000000000000e+03 1.368880000000000109e+04
1.915000000000000000e+03 1.371225000000000000e+04
1.731000000000000000e+03 1.371320000000000073e+04
1.667000000000000000e+03 1.372830000000000109e+04
1.979000000000000000e+03 1.377160000000000036e+04
1.627000000000000000e+03 1.377895000000000073e+04
1.755000000000000000e+03 1.379520000000000073e+04
1.811000000000000000e+03 1.386125000000000000e+04
1.995000000000000000e+03 1.386330000000000109e+04
1.787000000000000000e+03 1.397285000000000036e+04
1.635000000000000000e+03 1.400485000000000036e+04
1.659000000000000000e+03 1.402239999999999964e+04
1.827000000000000000e+03 1.410875000000000000e+04
1.707000000000000000e+03 1.411195000000000073e+04
1.923000000000000000e+03 1.412714999999999964e+04
1.667000000000000000e+03 1.413720000000000073e+04
1.995000000000000000e+03 1.418285000000000036e+04
1.971000000000000000e+03 1.418980000000000109e+04
1.939000000000000000e+03 1.421520000000000073e+04
1.883000000000000000e+03 1.429175000000000000e+04
1.739000000000000000e+03 1.431595000000000073e+04
1.683000000000000000e+03 1.434814999999999964e+04
1.763000000000000000e+03 1.434875000000000000e+04
1.755000000000000000e+03 1.435110000000000036e+04
1.835000000000000000e+03 1.436820000000000073e+04
1.603000000000000000e+03 1.436939999999999964e+04
1.683000000000000000e+03 1.442610000000000036e+04
1.747000000000000000e+03 1.443245000000000073e+04
1.939000000000000000e+03 1.443589999999999964e+04
1.963000000000000000e+03 1.453480000000000109e+04
1.867000000000000000e+03 1.457870000000000073e+04
1.867000000000000000e+03 1.467360000000000036e+04
1.811000000000000000e+03 1.467425000000000000e+04
1.995000000000000000e+03 1.467650000000000000e+04
1.723000000000000000e+03 1.475595000000000073e+04
1.771000000000000000e+03 1.480360000000000036e+04
1.795000000000000000e+03 1.481035000000000036e+04
1.627000000000000000e+03 1.481260000000000036e+04
1.971000000000000000e+03 1.485570000000000073e+04
1.643000000000000000e+03 1.487239999999999964e+04
1.699000000000000000e+03 1.487505000000000109e+04
1.707000000000000000e+03 1.499250000000000000e+04
1.963000000000000000e+03 1.499700000000000000e+04
1.923000000000000000e+03 1.500814999999999964e+04
1.867000000000000000e+03 1.503860000000000036e+04
1.747000000000000000e+03 1.507425000000000000e+04
1.931000000000000000e+03 1.509045000000000073e+04
1.915000000000000000e+03 1.510095000000000073e+04
1.611000000000000000e+03 1.513350000000000000e+04
1.659000000000000000e+03 1.513675000000000000e+04
1.843000000000000000e+03 1.515814999999999964e+04
1.899000000000000000e+03 1.516325000000000000e+04
1.939000000000000000e+03 1.516435000000000036e+04
1.635000000000000000e+03 1.517920000000000073e+04
1.707000000000000000e+03 1.524225000000000000e+04
1.603000000000000000e+03 1.528220000000000073e+04
1.971000000000000000e+03 1.531439999999999964e+04
1.987000000000000000e+03 1.534345000000000073e+04
1.851000000000000000e+03 1.534550000000000000e+04
1.899000000000000000e+03 1.534950000000000000e+04
1.795000000000000000e+03 1.538005000000000109e+04
1.755000000000000000e+03 1.539414999999999964e+04
1.747000000000000000e+03 1.542539999999999964e+04
1.779000000000000000e+03 1.544280000000000109e+04
1.619000000000000000e+03 1.549789999999999964e+04
1.979000000000000000e+03 1.551275000000000000e+04
1.963000000000000000e+03 1.552180000000000109e+04
1.947000000000000000e+03 1.566895000000000073e+04
1.899000000000000000e+03 1.568825000000000000e+04
1.619000000000000000e+03 1.571110000000000036e+04
1.875000000000000000e+03 1.572050000000000000e+04
1.771000000000000000e+03 1.573100000000000000e+04
1.971000000000000000e+03 1.573710000000000036e+04
1.907000000000000000e+03 1.574845000000000073e+04
1.715000000000000000e+03 1.580964999999999964e+04
1.955000000000000000e+03 1.589005000000000109e+04
1.659000000000000000e+03 1.589150000000000000e+04
1.931000000000000000e+03 1.594195000000000073e+04
1.835000000000000000e+03 1.597860000000000036e+04
1.931000000000000000e+03 1.604620000000000073e+04
1.811000000000000000e+03 1.604770000000000073e+04
1.827000000000000000e+03 1.607930000000000109e+04
1.995000000000000000e+03 1.609110000000000036e+04
1.971000000000000000e+03 1.617150000000000000e+04
1.611000000000000000e+03 1.619420000000000073e+04
1.787000000000000000e+03 1.621430000000000109e+04
1.971000000000000000e+03 1.625514999999999964e+04
1.651000000000000000e+03 1.629939999999999964e+04
1.763000000000000000e+03 1.633655000000000109e+04
1.843000000000000000e+03 1.635105000000000109e+04
1.683000000000000000e+03 1.638890000000000146e+04
1.771000000000000000e+03 1.638945000000000073e+04
1.883000000000000000e+03 1.643000000000000000e+04
1.723000000000000000e+03 1.650700000000000000e+04
1.715000000000000000e+03 1.662950000000000000e+04
1.675000000000000000e+03 1.674670000000000073e+04
1.939000000000000000e+03 1.675445000000000073e+04
1.979000000000000000e+03 1.675895000000000073e+04
1.883000000000000000e+03 1.688854999999999927e+04
1.715000000000000000e+03 1.693729999999999927e+04
1.683000000000000000e+03 1.694545000000000073e+04
1.795000000000000000e+03 1.699209999999999854e+04
1.715000000000000000e+03 1.704754999999999927e+04
1.931000000000000000e+03 1.710654999999999927e+04
1.843000000000000000e+03 1.722629999999999927e+04
1.739000000000000000e+03 1.723079999999999927e+04
1.603000000000000000e+03 1.724340000000000146e+04
1.899000000000000000e+03 1.727529999999999927e+04
1.915000000000000000e+03 1.731029999999999927e+04
1.931000000000000000e+03 1.731709999999999854e+04
1.939000000000000000e+03 1.731840000000000146e+04
1.899000000000000000e+03 1.732245000000000073e+04
1.739000000000000000e+03 1.736209999999999854e+04
1.787000000000000000e+03 1.736309999999999854e+04
1.867000000000000000e+03 1.741715000000000146e+04
1.947000000000000000e+03 1.751710000000000218e+04
1.843000000000000000e+03 1.752795000000000073e+04
1.723000000000000000e+03 1.754065000000000146e+04
1.699000000000000000e+03 1.754435000000000218e+04
1.891000000000000000e+03 1.760810000000000218e+04
1.611000000000000000e+03 1.761010000000000218e+04
1.747000000000000000e+03 1.763079999999999927e+04
1.699000000000000000e+03 1.768270000000000073e+04
1.707000000000000000e+03 1.769635000000000218e+04
1.987000000000000000e+03 1.772215000000000146e+04
1.651000000000000000e+03 1.775160000000000218e+04
1.707000000000000000e+03 1.778090000000000146e+04
1.963000000000000000e+03 1.780390000000000146e+04
1.883000000000000000e+03 1.782240000000000146e+04
1.659000000000000000e+03 1.790179999999999927e+04
1.963000000000000000e+03 1.804035000000000218e+04
1.827000000000000000e+03 1.806054999999999927e+04
1.699000000000000000e+03 1.811179999999999927e+04
1.771000000000000000e+03 1.823215000000000146e+04
1.611000000000000000e+03 1.825454999999999927e+04
1.763000000000000000e+03 1.836695000000000073e+04
1.939000000000000000e+03 1.837579999999999927e+04
1.875000000000000000e+03 1.838670000000000073e+04
1.731000000000000000e+03 1.843600000000000000e+04
1.955000000000000000e+03 1.844265000000000146e+04
1.667000000000000000e+03 1.845015000000000146e+04
1.907000000000000000e+03 1.853340000000000146e+04
1.979000000000000000e+03 1.854625000000000000e+04
1.611000000000000000e+03 1.855100000000000000e+04
1.819000000000000000e+03 1.855395000000000073e+04
1.691000000000000000e+03 1.856379999999999927e+04
1.859000000000000000e+03 1.858470000000000073e+04
1.963000000000000000e+03 1.865100000000000000e+04
1.715000000000000000e+03 1.866695000000000073e+04
1.859000000000000000e+03 1.866985000000000218e+04
1.931000000000000000e+03 1.870465000000000146e+04
1.619000000000000000e+03 1.871054999999999927e+04
1.819000000000000000e+03 1.875345000000000073e+04
1.883000000000000000e+03 1.875810000000000218e+04
1.899000000000000000e+03 1.876350000000000000e+04
1.835000000000000000e+03 1.885325000000000000e+04
1.723000000000000000e+03 1.888675000000000000e+04
1.827000000000000000e+03 1.900600000000000000e+04
1.931000000000000000e+03 1.902320000000000073e+04
1.819000000000000000e+03 1.905204999999999927e+04
1.867000000000000000e+03 1.906760000000000218e+04
1.899000000000000000e+03 1.912504999999999927e+04
1.715000000000000000e+03 1.915675000000000000e+04
1.923000000000000000e+03 1.917300000000000000e+04
1.739000000000000000e+03 1.923315000000000146e+04
1.971000000000000000e+03 1.923640000000000146e+04
1.883000000000000000e+03 1.927935000000000218e+04
1.995000000000000000e+03 1.929279999999999927e+04
1.875000000000000000e+03 1.929895000000000073e+04
1.659000000000000000e+03 1.942515000000000146e+04
1.795000000000000000e+03 1.947675000000000000e+04
1.723000000000000000e+03 1.950400000000000000e+04
1.787000000000000000e+03 1.950535000000000218e+04
1.907000000000000000e+03 1.955075000000000000e+04
1.963000000000000000e+03 1.956035000000000218e+04
1.659000000000000000e+03 1.956075000000000000e+04
1.667000000000000000e+03 1.957490000000000146e+04
1.883000000000000000e+03 1.963895000000000073e+04
1.931000000000000000e+03 1.964285000000000218e+04
1.875000000000000000e+03 1.966204999999999927e+04
1.755000000000000000e+03 1.967585000000000218e+04
1.715000000000000000e+03 1.967975000000000000e+04
1.619000000000000000e+03 1.975790000000000146e+04
1.699000000000000000e+03 1.977370000000000073e+04
1.715000000000000000e+03 1.979420000000000073e+04
1.779000000000000000e+03 1.985104999999999927e+04
1.955000000000000000e+03 1.986904999999999927e+04
1.827000000000000000e+03 1.988325000000000000e+04
1.987000000000000000e+03 1.993120000000000073e+04
1.835000000000000000e+03 1.998690000000000146e+04
1.971000000000000000e+03 1.998850000000000000e+04
1.699000000000000000e+03 2.001860000000000218e+04
1.787000000000000000e+03 2.008295000000000073e+04
1.867000000000000000e+03 2.011704999999999927e+04
1.747000000000000000e+03 2.013379999999999927e+04
1.611000000000000000e+03 2.021075000000000000e+04
1.819000000000000000e+03 2.022350000000000000e+04
1.699000000000000000e+03 2.022740000000000146e+04
1.947000000000000000e+03 2.023110000000000218e+04
1.691000000000000000e+03 2.024195000000000073e+04
1.883000000000000000e+03 2.028165000000000146e+04
1.731000000000000000e+03 2.028390000000000146e+04
1.883000000000000000e+03 2.039740000000000146e+04
1.771000000000000000e+03 2.041775000000000000e+04
1.659000000000000000e+03 2.045095000000000073e+04
1.803000000000000000e+03 2.045625000000000000e+04
1.691000000000000000e+03 2.046560000000000218e+04
1.699000000000000000e+03 2.049685000000000218e+04
1.811000000000000000e+03 2.052129999999999927e+04
1.699000000000000000e+03 2.057620000000000073e+04
1.835000000000000000e+03 2.062010000000000218e+04
1.723000000000000000e+03 2.062190000000000146e+04
1.867000000000000000e+03 2.067640000000000146e+04
1.827000000000000000e+03 2.071520000000000073e+04
1.667000000000000000e+03 2.071925000000000000e+04
1.947000000000000000e+03 2.074875000000000000e+04
1.627000000000000000e+03 2.077020000000000073e+04
1.923000000000000000e+03 2.077220000000000073e+04
1.971000000000000000e+03 2.087050000000000000e+04
1.875000000000000000e+03 2.087300000000000000e+04
1.683000000000000000e+03 2.090854999999999927e+04
1.643000000000000000e+03 2.091475000000000000e+04
1.891000000000000000e+03 2.093125000000000000e+04
1.907000000000000000e+03 2.094804999999999927e+04
1.683000000000000000e+03 2.098000000000000000e+04
1.971000000000000000e+03 2.101204999999999927e+04
1.859000000000000000e+03 2.108029999999999927e+04
1.819000000000000000e+03 2.108079999999999927e+04
1.723000000000000000e+03 2.108735000000000218e+04
1.795000000000000000e+03 2.118345000000000073e+04
1.907000000000000000e+03 2.119279999999999927e+04
1.851000000000000000e+03 2.119690000000000146e+04
1.699000000000000000e+03 2.120320000000000073e+04
1.731000000000000000e+03 2.120800000000000000e+04
1.763000000000000000e+03 2.125835000000000218e+04
1.755000000000000000e+03 2.130040000000000146e+04
1.691000000000000000e+03 2.130120000000000073e+04
1.619000000000000000e+03 2.130790000000000146e+04
1.643000000000000000e+03 2.133515000000000146e+04
1.603000000000000000e+03 2.133745000000000073e+04
1.643000000000000000e+03 2.155710000000000218e+04
1.651000000000000000e+03 2.157945000000000073e+04
1.811000000000000000e+03 2.161225000000000000e+04
1.819000000000000000e+03 2.161925000000000000e+04
1.699000000000000000e+03 2.170125000000000000e+04
1.619000000000000000e+03 2.170320000000000073e+04
1.659000000000000000e+03 2.173520000000000073e+04
1.755000000000000000e+03 2.177515000000000146e+04
1.787000000000000000e+03 2.180175000000000000e+04
1.747000000000000000e+03 2.181275000000000000e+04
1.619000000000000000e+03 2.182060000000000218e+04
1.715000000000000000e+03 2.188995000000000073e+04
1.835000000000000000e+03 2.189104999999999927e+04
1.763000000000000000e+03 2.192695000000000073e+04
1.987000000000000000e+03 2.204654999999999927e+04
1.939000000000000000e+03 2.205975000000000000e+04
1.691000000000000000e+03 2.207510000000000218e+04
1.883000000000000000e+03 2.208615000000000146e+04
1.739000000000000000e+03 2.211229999999999927e+04
1.611000000000000000e+03 2.213260000000000218e+04
1.987000000000000000e+03 2.217950000000000000e+04
1.891000000000000000e+03 2.221445000000000073e+04
1.603000000000000000e+03 2.221715000000000146e+04
1.811000000000000000e+03 2.222729999999999927e+04
1.859000000000000000e+03 2.227560000000000218e+04
1.627000000000000000e+03 2.231020000000000073e+04
1.891000000000000000e+03 2.234300000000000000e+04
1.971000000000000000e+03 2.236520000000000073e+04
1.795000000000000000e+03 2.241104999999999927e+04
1.811000000000000000e+03 2.245165000000000146e+04
1.651000000000000000e+03 2.247245000000000073e+04
1.683000000000000000e+03 2.248360000000000218e+04
1.891000000000000000e+03 2.251975000000000000e+04
1.963000000000000000e+03 2.257090000000000146e+04
1.979000000000000000e+03 2.259635000000000218e+04
1.611000000000000000e+03 2.264175000000000000e+04
1.627000000000000000e+03 2.267185000000000218e+04
1.851000000000000000e+03 2.268295000000000073e+04
1.795000000000000000e+03 2.276204999999999927e+04
1.939000000000000000e+03 2.277935000000000218e+04
1.667000000000000000e+03 2.278704999999999927e+04
1.635000000000000000e+03 2.279929999999999927e+04
1.811000000000000000e+03 2.281300000000000000e+04
1.843000000000000000e+03 2.291590000000000146e+04
1.803000000000000000e+03 2.295395000000000073e+04
1.763000000000000000e+03 2.302150000000000000e+04
1.787000000000000000e+03 2.305379999999999927e+04
1.875000000000000000e+03 2.306145000000000073e+04
1.915000000000000000e+03 2.308545000000000073e+04
1.627000000000000000e+03 2.308595000000000073e+04
1.739000000000000000e+03 2.322754999999999927e+04
1.915000000000000000e+03 2.323315000000000146e+04
1.915000000000000000e+03 2.336020000000000073e+04
1.683000000000000000e+03 2.338475000000000000e+04
1.963000000000000000e+03 2.340445000000000073e+04
1.931000000000000000e+03 2.342490000000000146e+04
1.835000000000000000e+03 2.344500000000000000e+04
1.851000000000000000e+03 2.349110000000000218e+04
1.771000000000000000e+03 2.354904999999999927e+04
1.827000000000000000e+03 2.363070000000000073e+04
1.891000000000000000e+03 2.363220000000000073e+04
1.899000000000000000e+03 2.364945000000000073e+04
1.627000000000000000e+03 2.367395000000000073e+04
1.635000000000000000e+03 2.367729999999999927e+04
1.811000000000000000e+03 2.374650000000000000e+04
1.859000000000000000e+03 2.375260000000000218e+04
1.691000000000000000e+03 2.382010000000000218e+04
1.827000000000000000e+03 2.386115000000000146e+04
1.779000000000000000e+03 2.387195000000000073e+04
1.795000000000000000e+03 2.388190000000000146e+04
1.643000000000000000e+03 2.388979999999999927e+04
1.627000000000000000e+03 2.399870000000000073e+04
1.939000000000000000e+03 2.400315000000000146e+04
1.899000000000000000e+03 2.406565000000000146e+04
1.787000000000000000e+03 2.415854999999999927e+04
1.883000000000000000e+03 2.424470000000000073e+04
1.675000000000000000e+03 2.429954999999999927e+04
1.979000000000000000e+03 2.430395000000000073e+04
1.787000000000000000e+03 2.430715000000000146e+04
1.627000000000000000e+03 2.437035000000000218e+04
1.859000000000000000e+03 2.437420000000000073e+04
1.891000000000000000e+03 2.440795000000000073e+04
1.803000000000000000e+03 2.443285000000000218e+04
1.851000000000000000e+03 2.456235000000000218e+04
1.707000000000000000e+03 2.456879999999999927e+04
1.795000000000000000e+03 2.457845000000000073e+04
1.899000000000000000e+03 2.458910000000000218e+04
1.635000000000000000e+03 2.463979999999999927e+04
1.611000000000000000e+03 2.465115000000000146e+04
1.651000000000000000e+03 2.468445000000000073e+04
1.683000000000000000e+03 2.473165000000000146e+04
1.939000000000000000e+03 2.476515000000000146e+04
1.827000000000000000e+03 2.479660000000000218e+04
1.611000000000000000e+03 2.481270000000000073e+04
1.835000000000000000e+03 2.491404999999999927e+04
1.843000000000000000e+03 2.492535000000000218e+04
1.939000000000000000e+03 2.505625000000000000e+04
1.635000000000000000e+03 2.505654999999999927e+04
1.795000000000000000e+03 2.507670000000000073e+04
1.955000000000000000e+03 2.516850000000000000e+04
1.947000000000000000e+03 2.521179999999999927e+04
1.907000000000000000e+03 2.525045000000000073e+04
1.899000000000000000e+03 2.526054999999999927e+04
1.811000000000000000e+03 2.526985000000000218e+04
1.787000000000000000e+03 2.532465000000000146e+04
1.747000000000000000e+03 2.535900000000000000e+04
1.683000000000000000e+03 2.540940000000000146e+04
1.947000000000000000e+03 2.544185000000000218e+04
1.931000000000000000e+03 2.550415000000000146e+04
1.955000000000000000e+03 2.551565000000000146e+04
1.763000000000000000e+03 2.553004999999999927e+04
1.939000000000000000e+03 2.556490000000000146e+04
1.843000000000000000e+03 2.563170000000000073e+04
1.955000000000000000e+03 2.564535000000000218e+04
1.923000000000000000e+03 2.570715000000000146e+04
1.947000000000000000e+03 2.583985000000000218e+04
1.859000000000000000e+03 2.588995000000000073e+04
1.963000000000000000e+03 2.589050000000000000e+04
1.763000000000000000e+03 2.596515000000000146e+04
1.651000000000000000e+03 2.597720000000000073e+04
1.867000000000000000e+03 2.604345000000000073e+04
1.827000000000000000e+03 2.606535000000000218e+04
1.907000000000000000e+03 2.609115000000000146e+04
1.923000000000000000e+03 2.610620000000000073e+04
1.779000000000000000e+03 2.617085000000000218e+04
1.947000000000000000e+03 2.618425000000000000e+04
1.619000000000000000e+03 2.619225000000000000e+04
1.995000000000000000e+03 2.633140000000000146e+04
1.803000000000000000e+03 2.633250000000000000e+04
1.875000000000000000e+03 2.636740000000000146e+04
1.603000000000000000e+03 2.638454999999999927e+04
1.867000000000000000e+03 2.638510000000000218e+04
1.819000000000000000e+03 2.640840000000000146e+04
1.763000000000000000e+03 2.643550000000000000e+04
1.755000000000000000e+03 2.647175000000000000e+04
1.875000000000000000e+03 2.647325000000000000e+04
1.771000000000000000e+03 2.648260000000000218e+04
1.739000000000000000e+03 2.654535000000000218e+04
1.899000000000000000e+03 2.654785000000000218e+04
1.739000000000000000e+03 2.662765000000000146e+04
1.963000000000000000e+03 2.667475000000000000e+04
1.939000000000000000e+03 2.676320000000000073e+04
1.779000000000000000e+03 2.676920000000000073e+04
1.883000000000000000e+03 2.679145000000000073e+04
1.603000000000000000e+03 2.680920000000000073e+04
1.763000000000000000e+03 2.682245000000000073e+04
1.955000000000000000e+03 2.683950000000000000e+04
1.771000000000000000e+03 2.688700000000000000e+04
1.939000000000000000e+03 2.691260000000000218e+04
1.803000000000000000e+03 2.693479999999999927e+04
1.955000000000000000e+03 2.698325000000000000e+04
1.651000000000000000e+03 2.699295000000000073e+04
1.707000000000000000e+03 2.699600000000000000e+04
1.843000000000000000e+03 2.703625000000000000e+04
1.915000000000000000e+03 2.705604999999999927e+04
1.899000000000000000e+03 2.716335000000000218e+04
1.939000000000000000e+03 2.718525000000000000e+04
1.659000000000000000e+03 2.723120000000000073e+04
1.867000000000000000e+03 2.723335000000000218e+04
1.723000000000000000e+03 2.726154999999999927e+04
1.651000000000000000e+03 2.727215000000000146e+04
1.875000000000000000e+03 2.731070000000000073e+04
1.947000000000000000e+03 2.732975000000000000e+04
1.939000000000000000e+03 2.734700000000000000e+04
1.651000000000000000e+03 2.735365000000000146e+04
1.955000000000000000e+03 2.738045000000000073e+04
1.675000000000000000e+03 2.745129999999999927e+04
1.787000000000000000e+03 2.745525000000000000e+04
1.747000000000000000e+03 2.767160000000000218e+04
1.995000000000000000e+03 2.776175000000000000e+04
1.803000000000000000e+03 2.776975000000000000e+04
1.771000000000000000e+03 2.778070000000000073e+04
1.803000000000000000e+03 2.785720000000000073e+04
1.771000000000000000e+03 2.786685000000000218e+04
1.947000000000000000e+03 2.787920000000000073e+04
1.611000000000000000e+03 2.796154999999999927e+04
1.627000000000000000e+03 2.797165000000000146e+04
1.635000000000000000e+03 2.799320000000000073e+04
1.884000000000000000e+03 1.252999999999999972e+02
1.900000000000000000e+03 1.271500000000000057e+02
1.796000000000000000e+03 1.500999999999999943e+02
1.972000000000000000e+03 1.665500000000000114e+02
1.924000000000000000e+03 2.080000000000000000e+02
1.684000000000000000e+03 2.559500000000000171e+02
1.812000000000000000e+03 2.655000000000000000e+02
1.812000000000000000e+03 3.668500000000000227e+02
1.644000000000000000e+03 3.671500000000000341e+02
1.732000000000000000e+03 3.721500000000000341e+02
1.620000000000000000e+03 3.776999999999999886e+02
1.852000000000000000e+03 3.851999999999999886e+02
1.796000000000000000e+03 4.389000000000000341e+02
1.844000000000000000e+03 5.190000000000000000e+02
1.708000000000000000e+03 5.204500000000000455e+02
1.612000000000000000e+03 5.262500000000000000e+02
1.820000000000000000e+03 5.640000000000000000e+02
1.676000000000000000e+03 6.056000000000000227e+02
1.852000000000000000e+03 6.630000000000000000e+02
1.660000000000000000e+03 7.361499999999999773e+02
1.908000000000000000e+03 7.785500000000000682e+02
1.796000000000000000e+03 7.986499999999999773e+02
1.740000000000000000e+03 8.442000000000000455e+02
1.700000000000000000e+03 8.531000000000000227e+02
1.700000000000000000e+03 9.348999999999999773e+02
1.660000000000000000e+03 1.016149999999999977e+03
1.876000000000000000e+03 1.082650000000000091e+03
1.852000000000000000e+03 1.183400000000000091e+03
1.684000000000000000e+03 1.225900000000000091e+03
1.956000000000000000e+03 1.322799999999999955e+03
1.852000000000000000e+03 1.339850000000000136e+03
1.948000000000000000e+03 1.421049999999999955e+03
1.668000000000000000e+03 1.421600000000000136e+03
1.748000000000000000e+03 1.430500000000000000e+03
1.676000000000000000e+03 1.446799999999999955e+03
1.868000000000000000e+03 1.451049999999999955e+03
1.828000000000000000e+03 1.499700000000000045e+03
1.796000000000000000e+03 1.503400000000000091e+03
1.732000000000000000e+03 1.528000000000000000e+03
1.820000000000000000e+03 1.557299999999999955e+03
1.852000000000000000e+03 1.575950000000000045e+03
1.708000000000000000e+03 1.594350000000000136e+03
1.860000000000000000e+03 1.648150000000000091e+03
1.764000000000000000e+03 1.677150000000000091e+03
1.628000000000000000e+03 1.765299999999999955e+03
1.700000000000000000e+03 1.765900000000000091e+03
1.652000000000000000e+03 1.775400000000000091e+03
1.676000000000000000e+03 1.796600000000000136e+03
1.812000000000000000e+03 1.799450000000000045e+03
1.660000000000000000e+03 1.838299999999999955e+03
1.804000000000000000e+03 1.846700000000000045e+03
1.756000000000000000e+03 1.883650000000000091e+03
1.996000000000000000e+03 1.947750000000000000e+03
1.756000000000000000e+03 2.008750000000000000e+03
1.900000000000000000e+03 2.024000000000000000e+03
1.700000000000000000e+03 2.035250000000000000e+03
1.812000000000000000e+03 2.070400000000000091e+03
1.964000000000000000e+03 2.106599999999999909e+03
1.716000000000000000e+03 2.164699999999999818e+03
1.604000000000000000e+03 2.165150000000000091e+03
1.788000000000000000e+03 2.165699999999999818e+03
1.964000000000000000e+03 2.182699999999999818e+03
1.756000000000000000e+03 2.225300000000000182e+03
1.708000000000000000e+03 2.239599999999999909e+03
1.852000000000000000e+03 2.277599999999999909e+03
1.692000000000000000e+03 2.292250000000000000e+03
1.844000000000000000e+03 2.359849999999999909e+03
1.916000000000000000e+03 2.377450000000000273e+03
1.852000000000000000e+03 2.417550000000000182e+03
1.716000000000000000e+03 2.426000000000000000e+03
1.748000000000000000e+03 2.462250000000000000e+03
1.780000000000000000e+03 2.470099999999999909e+03
1.708000000000000000e+03 2.521849999999999909e+03
1.644000000000000000e+03 2.550950000000000273e+03
1.812000000000000000e+03 2.570000000000000000e+03
1.804000000000000000e+03 2.615500000000000000e+03
1.844000000000000000e+03 2.624750000000000000e+03
1.972000000000000000e+03 2.628250000000000000e+03
1.860000000000000000e+03 2.651050000000000182e+03
1.876000000000000000e+03 2.659099999999999909e+03
1.668000000000000000e+03 2.676800000000000182e+03
1.948000000000000000e+03 2.706150000000000091e+03
1.932000000000000000e+03 2.751950000000000273e+03
1.876000000000000000e+03 2.785750000000000000e+03
1.644000000000000000e+03 2.845450000000000273e+03
1.756000000000000000e+03 2.904300000000000182e+03
1.868000000000000000e+03 2.985950000000000273e+03
1.828000000000000000e+03 2.990099999999999909e+03
1.860000000000000000e+03 3.025250000000000000e+03
1.924000000000000000e+03 3.066150000000000091e+03
1.844000000000000000e+03 3.090500000000000000e+03
1.764000000000000000e+03 3.126750000000000000e+03
1.916000000000000000e+03 3.131099999999999909e+03
1.876000000000000000e+03 3.150349999999999909e+03
1.836000000000000000e+03 3.180849999999999909e+03
1.828000000000000000e+03 3.201200000000000273e+03
1.908000000000000000e+03 3.231900000000000091e+03
1.716000000000000000e+03 3.300349999999999909e+03
1.732000000000000000e+03 3.300650000000000091e+03
1.852000000000000000e+03 3.408900000000000091e+03
1.844000000000000000e+03 3.410650000000000091e+03
1.876000000000000000e+03 3.463050000000000182e+03
1.932000000000000000e+03 3.505400000000000091e+03
1.996000000000000000e+03 3.586550000000000182e+03
1.884000000000000000e+03 3.718849999999999909e+03
1.724000000000000000e+03 3.732500000000000000e+03
1.700000000000000000e+03 3.939950000000000273e+03
1.732000000000000000e+03 4.033200000000000273e+03
1.788000000000000000e+03 4.040750000000000000e+03
1.940000000000000000e+03 4.045650000000000091e+03
1.748000000000000000e+03 4.079450000000000273e+03
1.700000000000000000e+03 4.124399999999999636e+03
1.860000000000000000e+03 4.137300000000000182e+03
1.820000000000000000e+03 4.146850000000000364e+03
1.844000000000000000e+03 4.185600000000000364e+03
1.676000000000000000e+03 4.200699999999999818e+03
1.796000000000000000e+03 4.201600000000000364e+03
1.996000000000000000e+03 4.243649999999999636e+03
1.724000000000000000e+03 4.305500000000000000e+03
1.988000000000000000e+03 4.312100000000000364e+03
1.684000000000000000e+03 4.331399999999999636e+03
1.804000000000000000e+03 4.363300000000000182e+03
1.716000000000000000e+03 4.373400000000000546e+03
1.932000000000000000e+03 4.393800000000000182e+03
1.708000000000000000e+03 4.423300000000000182e+03
1.604000000000000000e+03 4.431400000000000546e+03
1.972000000000000000e+03 4.439350000000000364e+03
1.988000000000000000e+03 4.453250000000000000e+03
1.836000000000000000e+03 4.473300000000000182e+03
1.772000000000000000e+03 4.521949999999999818e+03
1.932000000000000000e+03 4.611250000000000000e+03
1.788000000000000000e+03 4.616500000000000000e+03
1.676000000000000000e+03 4.627199999999999818e+03
1.844000000000000000e+03 4.635850000000000364e+03
1.748000000000000000e+03 4.644600000000000364e+03
1.812000000000000000e+03 4.669050000000000182e+03
1.916000000000000000e+03 4.727000000000000000e+03
1.724000000000000000e+03 4.766800000000000182e+03
1.804000000000000000e+03 4.796850000000000364e+03
1.796000000000000000e+03 4.837350000000000364e+03
1.692000000000000000e+03 4.901900000000000546e+03
1.948000000000000000e+03 4.921949999999999818e+03
1.820000000000000000e+03 4.955600000000000364e+03
1.652000000000000000e+03 5.000400000000000546e+03
1.700000000000000000e+03 5.022449999999999818e+03
1.644000000000000000e+03 5.042449999999999818e+03
1.764000000000000000e+03 5.073100000000000364e+03
1.828000000000000000e+03 5.089400000000000546e+03
1.652000000000000000e+03 5.114800000000000182e+03
1.604000000000000000e+03 5.130550000000000182e+03
1.716000000000000000e+03 5.135150000000000546e+03
1.708000000000000000e+03 5.155199999999999818e+03
1.948000000000000000e+03 5.207150000000000546e+03
1.852000000000000000e+03 5.211000000000000000e+03
1.940000000000000000e+03 5.287050000000000182e+03
1.988000000000000000e+03 5.314949999999999818e+03
1.740000000000000000e+03 5.317800000000000182e+03
1.756000000000000000e+03 5.333150000000000546e+03
1.620000000000000000e+03 5.388850000000000364e+03
1.716000000000000000e+03 5.406100000000000364e+03
1.724000000000000000e+03 5.408350000000000364e+03
1.628000000000000000e+03 5.411300000000000182e+03
1.620000000000000000e+03 5.442400000000000546e+03
1.612000000000000000e+03 5.519150000000000546e+03
1.892000000000000000e+03 5.628750000000000000e+03
1.964000000000000000e+03 5.704850000000000364e+03
1.740000000000000000e+03 5.727600000000000364e+03
1.932000000000000000e+03 5.728300000000000182e+03
1.876000000000000000e+03 5.734699999999999818e+03
1.980000000000000000e+03 5.769750000000000000e+03
1.612000000000000000e+03 5.791300000000000182e+03
1.636000000000000000e+03 5.816199999999999818e+03
1.652000000000000000e+03 5.845850000000000364e+03
1.996000000000000000e+03 5.892050000000000182e+03
1.604000000000000000e+03 5.905350000000000364e+03
1.692000000000000000e+03 5.932199999999999818e+03
1.988000000000000000e+03 5.936699999999999818e+03
1.844000000000000000e+03 5.942650000000000546e+03
1.748000000000000000e+03 5.974000000000000000e+03
1.916000000000000000e+03 6.008449999999999818e+03
1.820000000000000000e+03 6.164800000000000182e+03
1.924000000000000000e+03 6.178850000000000364e+03
1.956000000000000000e+03 6.182650000000000546e+03
1.796000000000000000e+03 6.183949999999999818e+03
1.916000000000000000e+03 6.256699999999999818e+03
1.844000000000000000e+03 6.398150000000000546e+03
1.972000000000000000e+03 6.425850000000000364e+03
1.956000000000000000e+03 6.427250000000000000e+03
1.948000000000000000e+03 6.474449999999999818e+03
1.652000000000000000e+03 6.500850000000000364e+03
1.748000000000000000e+03 6.513750000000000000e+03
1.828000000000000000e+03 6.516250000000000000e+03
1.844000000000000000e+03 6.527250000000000000e+03
1.996000000000000000e+03 6.534199999999999818e+03
1.764000000000000000e+03 6.549150000000000546e+03
1.812000000000000000e+03 6.558350000000000364e+03
1.956000000000000000e+03 6.741750000000000000e+03
1.956000000000000000e+03 6.826000000000000000e+03
1.844000000000000000e+03 6.838750000000000000e+03
1.836000000000000000e+03 6.843650000000000546e+03
1.884000000000000000e+03 6.873199999999999818e+03
1.732000000000000000e+03 6.880150000000000546e+03
1.812000000000000000e+03 6.913650000000000546e+03
1.620000000000000000e+03 6.996400000000000546e+03
1.796000000000000000e+03 7.010100000000000364e+03
1.996000000000000000e+03 7.039550000000000182e+03
1.884000000000000000e+03 7.054000000000000000e+03
1.708000000000000000e+03 7.066650000000000546e+03
1.612000000000000000e+03 7.115300000000000182e+03
1.740000000000000000e+03 7.163650000000000546e+03
1.996000000000000000e+03 7.165050000000000182e+03
1.988000000000000000e+03 7.172000000000000000e+03
1.700000000000000000e+03 7.207650000000000546e+03
1.820000000000000000e+03 7.220600000000000364e+03
1.828000000000000000e+03 7.304750000000000000e+03
1.836000000000000000e+03 7.310199999999999818e+03
1.876000000000000000e+03 7.347300000000000182e+03
1.956000000000000000e+03 7.426300000000000182e+03
1.828000000000000000e+03 7.426600000000000364e+03
1.796000000000000000e+03 7.456600000000000364e+03
1.988000000000000000e+03 7.457850000000000364e+03
1.932000000000000000e+03 7.489750000000000000e+03
1.668000000000000000e+03 7.530000000000000000e+03
1.940000000000000000e+03 7.576800000000000182e+03
1.956000000000000000e+03 7.716350000000000364e+03
1.996000000000000000e+03 7.743449999999999818e+03
1.828000000000000000e+03 7.799199999999999818e+03
1.700000000000000000e+03 7.822250000000000000e+03
1.660000000000000000e+03 7.829750000000000000e+03
1.668000000000000000e+03 7.846400000000000546e+03
1.764000000000000000e+03 7.865100000000000364e+03
1.612000000000000000e+03 7.882500000000000000e+03
1.972000000000000000e+03 7.925000000000000000e+03
1.772000000000000000e+03 8.022400000000000546e+03
1.724000000000000000e+03 8.054250000000000000e+03
1.644000000000000000e+03 8.073199999999999818e+03
1.812000000000000000e+03 8.131350000000000364e+03
1.988000000000000000e+03 8.138500000000000000e+03
1.716000000000000000e+03 8.140100000000000364e+03
1.692000000000000000e+03 8.153250000000000000e+03
1.844000000000000000e+03 8.246250000000000000e+03
1.820000000000000000e+03 8.336100000000000364e+03
1.612000000000000000e+03 8.338200000000000728e+03
1.692000000000000000e+03 8.357799999999999272e+03
1.804000000000000000e+03 8.394899999999999636e+03
1.612000000000000000e+03 8.406700000000000728e+03
1.852000000000000000e+03 8.428600000000000364e+03
1.692000000000000000e+03 8.447000000000000000e+03
1.604000000000000000e+03 8.449200000000000728e+03
1.956000000000000000e+03 8.453299999999999272e+03
1.876000000000000000e+03 8.489600000000000364e+03
1.980000000000000000e+03 8.505700000000000728e+03
1.988000000000000000e+03 8.518450000000000728e+03
1.972000000000000000e+03 8.623399999999999636e+03
1.996000000000000000e+03 8.686549999999999272e+03
1.652000000000000000e+03 8.692200000000000728e+03
1.932000000000000000e+03 8.814550000000001091e+03
1.996000000000000000e+03 8.816399999999999636e+03
1.892000000000000000e+03 8.867649999999999636e+03
1.796000000000000000e+03 8.879050000000001091e+03
1.788000000000000000e+03 8.891149999999999636e+03
1.956000000000000000e+03 8.925850000000000364e+03
1.916000000000000000e+03 8.963250000000000000e+03
1.860000000000000000e+03 8.979450000000000728e+03
1.628000000000000000e+03 9.001200000000000728e+03
1.756000000000000000e+03 9.073250000000000000e+03
1.804000000000000000e+03 9.076600000000000364e+03
1.708000000000000000e+03 9.119899999999999636e+03
1.916000000000000000e+03 9.124450000000000728e+03
1.796000000000000000e+03 9.131850000000000364e+03
1.772000000000000000e+03 9.157700000000000728e+03
1.644000000000000000e+03 9.202450000000000728e+03
1.972000000000000000e+03 9.205850000000000364e+03
1.604000000000000000e+03 9.223250000000000000e+03
1.876000000000000000e+03 9.244750000000000000e+03
1.748000000000000000e+03 9.326149999999999636e+03
1.652000000000000000e+03 9.334600000000000364e+03
1.972000000000000000e+03 9.345600000000000364e+03
1.756000000000000000e+03 9.448500000000000000e+03
1.772000000000000000e+03 9.491250000000000000e+03
1.820000000000000000e+03 9.547899999999999636e+03
1.620000000000000000e+03 9.562050000000001091e+03
1.636000000000000000e+03 9.573750000000000000e+03
1.788000000000000000e+03 9.604649999999999636e+03
1.916000000000000000e+03 9.640600000000000364e+03
1.844000000000000000e+03 9.644450000000000728e+03
1.852000000000000000e+03 9.650399999999999636e+03
1.812000000000000000e+03 9.677750000000000000e+03
1.644000000000000000e+03 9.730750000000000000e+03
1.628000000000000000e+03 9.783899999999999636e+03
1.676000000000000000e+03 9.851850000000000364e+03
1.660000000000000000e+03 9.857700000000000728e+03
1.972000000000000000e+03 9.947250000000000000e+03
1.652000000000000000e+03 9.954850000000000364e+03
1.716000000000000000e+03 9.956000000000000000e+03
1.948000000000000000e+03 9.956500000000000000e+03
1.748000000000000000e+03 9.961250000000000000e+03
1.892000000000000000e+03 1.001330000000000109e+04
1.828000000000000000e+03 1.012335000000000036e+04
1.620000000000000000e+03 1.017920000000000073e+04
1.652000000000000000e+03 1.018445000000000073e+04
1.676000000000000000e+03 1.018560000000000036e+04
1.868000000000000000e+03 1.020539999999999964e+04
1.604000000000000000e+03 1.022305000000000109e+04
1.612000000000000000e+03 1.025900000000000000e+04
1.604000000000000000e+03 1.029700000000000000e+04
1.876000000000000000e+03 1.031505000000000109e+04
1.908000000000000000e+03 1.043435000000000036e+04
1.652000000000000000e+03 1.047035000000000036e+04
1.844000000000000000e+03 1.049150000000000000e+04
1.756000000000000000e+03 1.050995000000000073e+04
1.948000000000000000e+03 1.055460000000000036e+04
1.940000000000000000e+03 1.060125000000000000e+04
1.756000000000000000e+03 1.068355000000000109e+04
1.940000000000000000e+03 1.070055000000000109e+04
1.884000000000000000e+03 1.084180000000000109e+04
1.684000000000000000e+03 1.084270000000000073e+04
1.948000000000000000e+03 1.086395000000000073e+04
1.668000000000000000e+03 1.086605000000000109e+04
1.964000000000000000e+03 1.088395000000000073e+04
1.860000000000000000e+03 1.095180000000000109e+04
1.924000000000000000e+03 1.098230000000000109e+04
1.684000000000000000e+03 1.098739999999999964e+04
1.932000000000000000e+03 1.100230000000000109e+04
1.772000000000000000e+03 1.103155000000000109e+04
1.620000000000000000e+03 1.104155000000000109e+04
1.732000000000000000e+03 1.107570000000000073e+04
1.708000000000000000e+03 1.110205000000000109e+04
1.764000000000000000e+03 1.110685000000000036e+04
1.660000000000000000e+03 1.111310000000000036e+04
1.780000000000000000e+03 1.113455000000000109e+04
1.700000000000000000e+03 1.115360000000000036e+04
1.676000000000000000e+03 1.118885000000000036e+04
1.828000000000000000e+03 1.130410000000000036e+04
1.604000000000000000e+03 1.132695000000000073e+04
1.988000000000000000e+03 1.133695000000000073e+04
1.836000000000000000e+03 1.143764999999999964e+04
1.692000000000000000e+03 1.152925000000000000e+04
1.956000000000000000e+03 1.158630000000000109e+04
1.668000000000000000e+03 1.159850000000000000e+04
1.788000000000000000e+03 1.161300000000000000e+04
1.756000000000000000e+03 1.162850000000000000e+04
1.884000000000000000e+03 1.167489999999999964e+04
1.604000000000000000e+03 1.170214999999999964e+04
1.764000000000000000e+03 1.176070000000000073e+04
1.644000000000000000e+03 1.185120000000000073e+04
1.620000000000000000e+03 1.186305000000000109e+04
1.692000000000000000e+03 1.188205000000000109e+04
1.756000000000000000e+03 1.190789999999999964e+04
1.724000000000000000e+03 1.193935000000000036e+04
1.716000000000000000e+03 1.198905000000000109e+04
1.772000000000000000e+03 1.199539999999999964e+04
1.756000000000000000e+03 1.201095000000000073e+04
1.884000000000000000e+03 1.211114999999999964e+04
1.628000000000000000e+03 1.212820000000000073e+04
1.852000000000000000e+03 1.215085000000000036e+04
1.844000000000000000e+03 1.216470000000000073e+04
1.724000000000000000e+03 1.225355000000000109e+04
1.724000000000000000e+03 1.234200000000000000e+04
1.820000000000000000e+03 1.235189999999999964e+04
1.980000000000000000e+03 1.239185000000000036e+04
1.652000000000000000e+03 1.240189999999999964e+04
1.812000000000000000e+03 1.245345000000000073e+04
1.860000000000000000e+03 1.245520000000000073e+04
1.932000000000000000e+03 1.248635000000000036e+04
1.860000000000000000e+03 1.254780000000000109e+04
1.900000000000000000e+03 1.255030000000000109e+04
1.988000000000000000e+03 1.256639999999999964e+04
1.964000000000000000e+03 1.257630000000000109e+04
1.724000000000000000e+03 1.259470000000000073e+04
1.956000000000000000e+03 1.265705000000000109e+04
1.692000000000000000e+03 1.268480000000000109e+04
1.788000000000000000e+03 1.272110000000000036e+04
1.700000000000000000e+03 1.272460000000000036e+04
1.708000000000000000e+03 1.274664999999999964e+04
1.652000000000000000e+03 1.285689999999999964e+04
1.716000000000000000e+03 1.286460000000000036e+04
1.844000000000000000e+03 1.288735000000000036e+04
1.628000000000000000e+03 1.295564999999999964e+04
1.932000000000000000e+03 1.298070000000000073e+04
1.956000000000000000e+03 1.306435000000000036e+04
1.836000000000000000e+03 1.308420000000000073e+04
1.724000000000000000e+03 1.314175000000000000e+04
1.868000000000000000e+03 1.320114999999999964e+04
1.780000000000000000e+03 1.320795000000000073e+04
1.732000000000000000e+03 1.320839999999999964e+04
1.940000000000000000e+03 1.326695000000000073e+04
1.724000000000000000e+03 1.327864999999999964e+04
1.604000000000000000e+03 1.329414999999999964e+04
1.852000000000000000e+03 1.329414999999999964e+04
1.732000000000000000e+03 1.331510000000000036e+04
1.900000000000000000e+03 1.335089999999999964e+04
1.620000000000000000e+03 1.336830000000000109e+04
1.676000000000000000e+03 1.341020000000000073e+04
1.964000000000000000e+03 1.341600000000000000e+04
1.884000000000000000e+03 1.344975000000000000e+04
1.908000000000000000e+03 1.347510000000000036e+04
1.716000000000000000e+03 1.350570000000000073e+04
1.988000000000000000e+03 1.351905000000000109e+04
1.908000000000000000e+03 1.355045000000000073e+04
1.676000000000000000e+03 1.361439999999999964e+04
1.620000000000000000e+03 1.364495000000000073e+04
1.916000000000000000e+03 1.365510000000000036e+04
1.604000000000000000e+03 1.366339999999999964e+04
1.676000000000000000e+03 1.371020000000000073e+04
1.700000000000000000e+03 1.371470000000000073e+04
1.684000000000000000e+03 1.374760000000000036e+04
1.788000000000000000e+03 1.374839999999999964e+04
1.604000000000000000e+03 1.375605000000000109e+04
1.804000000000000000e+03 1.378370000000000073e+04
1.820000000000000000e+03 1.381285000000000036e+04
1.692000000000000000e+03 1.382080000000000109e+04
1.804000000000000000e+03 1.391839999999999964e+04
1.884000000000000000e+03 1.397850000000000000e+04
1.668000000000000000e+03 1.406035000000000036e+04
1.972000000000000000e+03 1.406280000000000109e+04
1.652000000000000000e+03 1.409835000000000036e+04
1.612000000000000000e+03 1.410495000000000073e+04
1.916000000000000000e+03 1.411289999999999964e+04
1.764000000000000000e+03 1.417845000000000073e+04
1.604000000000000000e+03 1.418600000000000000e+04
1.716000000000000000e+03 1.420335000000000036e+04
1.732000000000000000e+03 1.427255000000000109e+04
1.628000000000000000e+03 1.430539999999999964e+04
1.996000000000000000e+03 1.436739999999999964e+04
1.812000000000000000e+03 1.449839999999999964e+04
1.852000000000000000e+03 1.450535000000000036e+04
1.940000000000000000e+03 1.452560000000000036e+04
1.804000000000000000e+03 1.460300000000000000e+04
1.684000000000000000e+03 1.465180000000000109e+04
1.628000000000000000e+03 1.467470000000000073e+04
1.916000000000000000e+03 1.473960000000000036e+04
1.636000000000000000e+03 1.476260000000000036e+04
1.780000000000000000e+03 1.485385000000000036e+04
1.676000000000000000e+03 1.487305000000000109e+04
1.620000000000000000e+03 1.488575000000000000e+04
1.636000000000000000e+03 1.489285000000000036e+04
1.804000000000000000e+03 1.496714999999999964e+04
1.732000000000000000e+03 1.499180000000000109e+04
1.660000000000000000e+03 1.501160000000000036e+04
1.868000000000000000e+03 1.506564999999999964e+04
1.692000000000000000e+03 1.509139999999999964e+04
1.916000000000000000e+03 1.514030000000000109e+04
1.836000000000000000e+03 1.517225000000000000e+04
1.716000000000000000e+03 1.518225000000000000e+04
1.612000000000000000e+03 1.519564999999999964e+04
1.788000000000000000e+03 1.528355000000000109e+04
1.972000000000000000e+03 1.533405000000000109e+04
1.660000000000000000e+03 1.539270000000000073e+04
1.676000000000000000e+03 1.547530000000000109e+04
1.852000000000000000e+03 1.547675000000000000e+04
1.988000000000000000e+03 1.556600000000000000e+04
1.692000000000000000e+03 1.558630000000000109e+04
1.604000000000000000e+03 1.559760000000000036e+04
1.796000000000000000e+03 1.559870000000000073e+04
1.668000000000000000e+03 1.560520000000000073e+04
1.836000000000000000e+03 1.562385000000000036e+04
1.684000000000000000e+03 1.566289999999999964e+04
1.660000000000000000e+03 1.568695000000000073e+04
1.924000000000000000e+03 1.572405000000000109e+04
1.804000000000000000e+03 1.574410000000000036e+04
1.820000000000000000e+03 1.576425000000000000e+04
1.796000000000000000e+03 1.576789999999999964e+04
1.868000000000000000e+03 1.586270000000000073e+04
1.964000000000000000e+03 1.589914999999999964e+04
1.852000000000000000e+03 1.595525000000000000e+04
1.820000000000000000e+03 1.596630000000000109e+04
1.684000000000000000e+03 1.600375000000000000e+04
1.636000000000000000e+03 1.600680000000000109e+04
1.836000000000000000e+03 1.609110000000000036e+04
1.948000000000000000e+03 1.611885000000000036e+04
1.756000000000000000e+03 1.614850000000000000e+04
1.764000000000000000e+03 1.615430000000000109e+04
1.844000000000000000e+03 1.618914999999999964e+04
1.916000000000000000e+03 1.622455000000000109e+04
1.836000000000000000e+03 1.624475000000000000e+04
1.716000000000000000e+03 1.625350000000000000e+04
1.948000000000000000e+03 1.627339999999999964e+04
1.756000000000000000e+03 1.628610000000000036e+04
1.652000000000000000e+03 1.628614999999999964e+04
1.828000000000000000e+03 1.628905000000000109e+04
1.804000000000000000e+03 1.634945000000000073e+04
1.764000000000000000e+03 1.635150000000000000e+04
1.772000000000000000e+03 1.635145000000000073e+04
1.740000000000000000e+03 1.636455000000000109e+04
1.692000000000000000e+03 1.636795000000000073e+04
1.676000000000000000e+03 1.636850000000000000e+04
1.996000000000000000e+03 1.638990000000000146e+04
1.636000000000000000e+03 1.654709999999999854e+04
1.644000000000000000e+03 1.657679999999999927e+04
1.628000000000000000e+03 1.658429999999999927e+04
1.828000000000000000e+03 1.660040000000000146e+04
1.732000000000000000e+03 1.660370000000000073e+04
1.612000000000000000e+03 1.664229999999999927e+04
1.724000000000000000e+03 1.664925000000000000e+04
1.780000000000000000e+03 1.668679999999999927e+04
1.660000000000000000e+03 1.669470000000000073e+04
1.812000000000000000e+03 1.676120000000000073e+04
1.996000000000000000e+03 1.678165000000000146e+04
1.988000000000000000e+03 1.679390000000000146e+04
1.868000000000000000e+03 1.681240000000000146e+04
1.812000000000000000e+03 1.684665000000000146e+04
1.964000000000000000e+03 1.691754999999999927e+04
1.836000000000000000e+03 1.693725000000000000e+04
1.772000000000000000e+03 1.694634999999999854e+04
1.804000000000000000e+03 1.697229999999999927e+04
1.892000000000000000e+03 1.697320000000000073e+04
1.980000000000000000e+03 1.703679999999999927e+04
1.948000000000000000e+03 1.707154999999999927e+04
1.604000000000000000e+03 1.712920000000000073e+04
1.980000000000000000e+03 1.717845000000000073e+04
1.836000000000000000e+03 1.719379999999999927e+04
1.956000000000000000e+03 1.722075000000000000e+04
1.612000000000000000e+03 1.723734999999999854e+04
1.668000000000000000e+03 1.725454999999999927e+04
1.636000000000000000e+03 1.727384999999999854e+04
1.908000000000000000e+03 1.734229999999999927e+04
1.660000000000000000e+03 1.738550000000000000e+04
1.804000000000000000e+03 1.740470000000000073e+04
1.828000000000000000e+03 1.741265000000000146e+04
1.836000000000000000e+03 1.741265000000000146e+04
1.972000000000000000e+03 1.741850000000000000e+04
1.988000000000000000e+03 1.744409999999999854e+04
1.996000000000000000e+03 1.744565000000000146e+04
1.916000000000000000e+03 1.748085000000000218e+04
1.660000000000000000e+03 1.751804999999999927e+04
1.860000000000000000e+03 1.752410000000000218e+04
1.604000000000000000e+03 1.752670000000000073e+04
1.828000000000000000e+03 1.753890000000000146e+04
1.812000000000000000e+03 1.759440000000000146e+04
1.604000000000000000e+03 1.765190000000000146e+04
1.620000000000000000e+03 1.768379999999999927e+04
1.852000000000000000e+03 1.769800000000000000e+04
1.708000000000000000e+03 1.772490000000000146e+04
1.700000000000000000e+03 1.780390000000000146e+04
1.980000000000000000e+03 1.782070000000000073e+04
1.636000000000000000e+03 1.784715000000000146e+04
1.644000000000000000e+03 1.785379999999999927e+04
1.620000000000000000e+03 1.786745000000000073e+04
1.940000000000000000e+03 1.788425000000000000e+04
1.996000000000000000e+03 1.789325000000000000e+04
1.852000000000000000e+03 1.790100000000000000e+04
1.748000000000000000e+03 1.795065000000000146e+04
1.716000000000000000e+03 1.797945000000000073e+04
1.916000000000000000e+03 1.799840000000000146e+04
1.612000000000000000e+03 1.801165000000000146e+04
1.988000000000000000e+03 1.804475000000000000e+04
1.652000000000000000e+03 1.807320000000000073e+04
1.924000000000000000e+03 1.807990000000000146e+04
1.980000000000000000e+03 1.809179999999999927e+04
1.756000000000000000e+03 1.818150000000000000e+04
1.972000000000000000e+03 1.818345000000000073e+04
1.780000000000000000e+03 1.819025000000000000e+04
1.916000000000000000e+03 1.833410000000000218e+04
1.948000000000000000e+03 1.836170000000000073e+04
1.692000000000000000e+03 1.839035000000000218e+04
1.756000000000000000e+03 1.839495000000000073e+04
1.756000000000000000e+03 1.858204999999999927e+04
1.748000000000000000e+03 1.860060000000000218e+04
1.924000000000000000e+03 1.860810000000000218e+04
1.956000000000000000e+03 1.865095000000000073e+04
1.924000000000000000e+03 1.866035000000000218e+04
1.820000000000000000e+03 1.875085000000000218e+04
1.924000000000000000e+03 1.876840000000000146e+04
1.740000000000000000e+03 1.882245000000000073e+04
1.932000000000000000e+03 1.887270000000000073e+04
1.804000000000000000e+03 1.888265000000000146e+04
1.924000000000000000e+03 1.890000000000000000e+04
1.604000000000000000e+03 1.895079999999999927e+04
1.660000000000000000e+03 1.895850000000000000e+04
1.908000000000000000e+03 1.899625000000000000e+04
1.620000000000000000e+03 1.900054999999999927e+04
1.836000000000000000e+03 1.905720000000000073e+04
1.764000000000000000e+03 1.907620000000000073e+04
1.988000000000000000e+03 1.913904999999999927e+04
1.684000000000000000e+03 1.913950000000000000e+04
1.900000000000000000e+03 1.922225000000000000e+04
1.884000000000000000e+03 1.926215000000000146e+04
1.652000000000000000e+03 1.926954999999999927e+04
1.692000000000000000e+03 1.931475000000000000e+04
1.820000000000000000e+03 1.935210000000000218e+04
1.724000000000000000e+03 1.935840000000000146e+04
1.796000000000000000e+03 1.936700000000000000e+04
1.892000000000000000e+03 1.939629999999999927e+04
1.948000000000000000e+03 1.939825000000000000e+04
1.900000000000000000e+03 1.940025000000000000e+04
1.916000000000000000e+03 1.943354999999999927e+04
1.636000000000000000e+03 1.944695000000000073e+04
1.756000000000000000e+03 1.948920000000000073e+04
1.764000000000000000e+03 1.952654999999999927e+04
1.780000000000000000e+03 1.956610000000000218e+04
1.892000000000000000e+03 1.956929999999999927e+04
1.612000000000000000e+03 1.958420000000000073e+04
1.876000000000000000e+03 1.961275000000000000e+04
1.972000000000000000e+03 1.967285000000000218e+04
1.804000000000000000e+03 1.967395000000000073e+04
1.652000000000000000e+03 1.970100000000000000e+04
1.684000000000000000e+03 1.975500000000000000e+04
1.652000000000000000e+03 1.978379999999999927e+04
1.860000000000000000e+03 1.981445000000000073e+04
1.924000000000000000e+03 1.982000000000000000e+04
1.764000000000000000e+03 1.983735000000000218e+04
1.628000000000000000e+03 1.989065000000000146e+04
1.980000000000000000e+03 1.993929999999999927e+04
1.724000000000000000e+03 1.997979999999999927e+04
1.972000000000000000e+03 2.010760000000000218e+04
1.940000000000000000e+03 2.012225000000000000e+04
1.820000000000000000e+03 2.021170000000000073e+04
1.916000000000000000e+03 2.022540000000000146e+04
1.780000000000000000e+03 2.023445000000000073e+04
1.668000000000000000e+03 2.031829999999999927e+04
1.932000000000000000e+03 2.034200000000000000e+04
1.620000000000000000e+03 2.036440000000000146e+04
1.956000000000000000e+03 2.036479999999999927e+04
1.844000000000000000e+03 2.044635000000000218e+04
1.612000000000000000e+03 2.045785000000000218e+04
1.700000000000000000e+03 2.046754999999999927e+04
1.860000000000000000e+03 2.048115000000000146e+04
1.836000000000000000e+03 2.049960000000000218e+04
1.796000000000000000e+03 2.057890000000000146e+04
1.692000000000000000e+03 2.057990000000000146e+04
1.956000000000000000e+03 2.061310000000000218e+04
1.796000000000000000e+03 2.063375000000000000e+04
1.972000000000000000e+03 2.065775000000000000e+04
1.844000000000000000e+03 2.073029999999999927e+04
1.652000000000000000e+03 2.074560000000000218e+04
1.964000000000000000e+03 2.075829999999999927e+04
1.940000000000000000e+03 2.083425000000000000e+04
1.892000000000000000e+03 2.084650000000000000e+04
1.708000000000000000e+03 2.087010000000000218e+04
1.884000000000000000e+03 2.088790000000000146e+04
1.676000000000000000e+03 2.088835000000000218e+04
1.836000000000000000e+03 2.089904999999999927e+04
1.932000000000000000e+03 2.093320000000000073e+04
1.676000000000000000e+03 2.097879999999999927e+04
1.852000000000000000e+03 2.107175000000000000e+04
1.972000000000000000e+03 2.110735000000000218e+04
1.620000000000000000e+03 2.112725000000000000e+04
1.860000000000000000e+03 2.116120000000000073e+04
1.668000000000000000e+03 2.127960000000000218e+04
1.844000000000000000e+03 2.130735000000000218e+04
1.748000000000000000e+03 2.131145000000000073e+04
1.844000000000000000e+03 2.141479999999999927e+04
1.668000000000000000e+03 2.144150000000000000e+04
1.764000000000000000e+03 2.147110000000000218e+04
1.956000000000000000e+03 2.148800000000000000e+04
1.908000000000000000e+03 2.149495000000000073e+04
1.772000000000000000e+03 2.151429999999999927e+04
1.804000000000000000e+03 2.157860000000000218e+04
1.924000000000000000e+03 2.160220000000000073e+04
1.836000000000000000e+03 2.161954999999999927e+04
1.612000000000000000e+03 2.165229999999999927e+04
1.876000000000000000e+03 2.167900000000000000e+04
1.956000000000000000e+03 2.170854999999999927e+04
1.788000000000000000e+03 2.171790000000000146e+04
1.860000000000000000e+03 2.174079999999999927e+04
1.644000000000000000e+03 2.177454999999999927e+04
1.604000000000000000e+03 2.182579999999999927e+04
1.948000000000000000e+03 2.204135000000000218e+04
1.812000000000000000e+03 2.204820000000000073e+04
1.748000000000000000e+03 2.209975000000000000e+04
1.684000000000000000e+03 2.210375000000000000e+04
1.868000000000000000e+03 2.212215000000000146e+04
1.660000000000000000e+03 2.215010000000000218e+04
1.604000000000000000e+03 2.223379999999999927e+04
1.972000000000000000e+03 2.224885000000000218e+04
1.988000000000000000e+03 2.228729999999999927e+04
1.876000000000000000e+03 2.236295000000000073e+04
1.700000000000000000e+03 2.239320000000000073e+04
1.836000000000000000e+03 2.241779999999999927e+04
1.884000000000000000e+03 2.241840000000000146e+04
1.844000000000000000e+03 2.250070000000000073e+04
1.684000000000000000e+03 2.252329999999999927e+04
1.964000000000000000e+03 2.266379999999999927e+04
1.788000000000000000e+03 2.270075000000000000e+04
1.732000000000000000e+03 2.271200000000000000e+04
1.948000000000000000e+03 2.273110000000000218e+04
1.756000000000000000e+03 2.275935000000000218e+04
1.860000000000000000e+03 2.276440000000000146e+04
1.644000000000000000e+03 2.282520000000000073e+04
1.820000000000000000e+03 2.282575000000000000e+04
1.884000000000000000e+03 2.282970000000000073e+04
1.956000000000000000e+03 2.285375000000000000e+04
1.628000000000000000e+03 2.287935000000000218e+04
1.644000000000000000e+03 2.294115000000000146e+04
1.996000000000000000e+03 2.299304999999999927e+04
1.708000000000000000e+03 2.301415000000000146e+04
1.964000000000000000e+03 2.301804999999999927e+04
1.900000000000000000e+03 2.304440000000000146e+04
1.892000000000000000e+03 2.304575000000000000e+04
1.796000000000000000e+03 2.305095000000000073e+04
1.996000000000000000e+03 2.306120000000000073e+04
1.916000000000000000e+03 2.307870000000000073e+04
1.956000000000000000e+03 2.313035000000000218e+04
1.652000000000000000e+03 2.319529999999999927e+04
1.804000000000000000e+03 2.321560000000000218e+04
1.604000000000000000e+03 2.323335000000000218e+04
1.876000000000000000e+03 2.324435000000000218e+04
1.940000000000000000e+03 2.328435000000000218e+04
1.828000000000000000e+03 2.330935000000000218e+04
1.852000000000000000e+03 2.336175000000000000e+04
1.988000000000000000e+03 2.340620000000000073e+04
1.900000000000000000e+03 2.341275000000000000e+04
1.620000000000000000e+03 2.343190000000000146e+04
1.732000000000000000e+03 2.346150000000000000e+04
1.628000000000000000e+03 2.354929999999999927e+04
1.964000000000000000e+03 2.358715000000000146e+04
1.740000000000000000e+03 2.359010000000000218e+04
1.836000000000000000e+03 2.362260000000000218e+04
1.644000000000000000e+03 2.373115000000000146e+04
1.660000000000000000e+03 2.374329999999999927e+04
1.780000000000000000e+03 2.377645000000000073e+04
1.644000000000000000e+03 2.378235000000000218e+04
1.884000000000000000e+03 2.379720000000000073e+04
1.716000000000000000e+03 2.380935000000000218e+04
1.828000000000000000e+03 2.393154999999999927e+04
1.892000000000000000e+03 2.400310000000000218e+04
1.724000000000000000e+03 2.405735000000000218e+04
1.748000000000000000e+03 2.408229999999999927e+04
1.764000000000000000e+03 2.409545000000000073e+04
1.620000000000000000e+03 2.411465000000000146e+04
1.740000000000000000e+03 2.412670000000000073e+04
1.868000000000000000e+03 2.413445000000000073e+04
1.988000000000000000e+03 2.418270000000000073e+04
1.812000000000000000e+03 2.418935000000000218e+04
1.876000000000000000e+03 2.420204999999999927e+04
1.644000000000000000e+03 2.421854999999999927e+04
1.812000000000000000e+03 2.424260000000000218e+04
1.772000000000000000e+03 2.426890000000000146e+04
1.860000000000000000e+03 2.428615000000000146e+04
1.956000000000000000e+03 2.430910000000000218e+04
1.876000000000000000e+03 2.433085000000000218e+04
1.860000000000000000e+03 2.433760000000000218e+04
1.972000000000000000e+03 2.438235000000000218e+04
1.988000000000000000e+03 2.438275000000000000e+04
1.756000000000000000e+03 2.439315000000000146e+04
1.740000000000000000e+03 2.441704999999999927e+04
1.724000000000000000e+03 2.446415000000000146e+04
1.828000000000000000e+03 2.447429999999999927e+04
1.628000000000000000e+03 2.448335000000000218e+04
1.684000000000000000e+03 2.449310000000000218e+04
1.972000000000000000e+03 2.454825000000000000e+04
1.916000000000000000e+03 2.458840000000000146e+04
1.988000000000000000e+03 2.460235000000000218e+04
1.796000000000000000e+03 2.474760000000000218e+04
1.884000000000000000e+03 2.479125000000000000e+04
1.972000000000000000e+03 2.483140000000000146e+04
1.668000000000000000e+03 2.491715000000000146e+04
1.812000000000000000e+03 2.494250000000000000e+04
1.788000000000000000e+03 2.496200000000000000e+04
1.732000000000000000e+03 2.497210000000000218e+04
1.972000000000000000e+03 2.504975000000000000e+04
1.716000000000000000e+03 2.505829999999999927e+04
1.660000000000000000e+03 2.507645000000000073e+04
1.988000000000000000e+03 2.509275000000000000e+04
1.908000000000000000e+03 2.509495000000000073e+04
1.852000000000000000e+03 2.513810000000000218e+04
1.892000000000000000e+03 2.517525000000000000e+04
1.828000000000000000e+03 2.520200000000000000e+04
1.780000000000000000e+03 2.523610000000000218e+04
1.740000000000000000e+03 2.526300000000000000e+04
1.620000000000000000e+03 2.527970000000000073e+04
1.892000000000000000e+03 2.529304999999999927e+04
1.780000000000000000e+03 2.531815000000000146e+04
1.788000000000000000e+03 2.532410000000000218e+04
1.844000000000000000e+03 2.533070000000000073e+04
1.652000000000000000e+03 2.535235000000000218e+04
1.612000000000000000e+03 2.535785000000000218e+04
1.908000000000000000e+03 2.537925000000000000e+04
1.796000000000000000e+03 2.538445000000000073e+04
1.996000000000000000e+03 2.538940000000000146e+04
1.732000000000000000e+03 2.539035000000000218e+04
1.956000000000000000e+03 2.539050000000000000e+04
1.700000000000000000e+03 2.543515000000000146e+04
1.684000000000000000e+03 2.545200000000000000e+04
1.804000000000000000e+03 2.551985000000000218e+04
1.764000000000000000e+03 2.553035000000000218e+04
1.916000000000000000e+03 2.558970000000000073e+04
1.836000000000000000e+03 2.559129999999999927e+04
1.900000000000000000e+03 2.560535000000000218e+04
1.876000000000000000e+03 2.562265000000000146e+04
1.996000000000000000e+03 2.562704999999999927e+04
1.620000000000000000e+03 2.564895000000000073e+04
1.612000000000000000e+03 2.568110000000000218e+04
1.956000000000000000e+03 2.569910000000000218e+04
1.964000000000000000e+03 2.569929999999999927e+04
1.900000000000000000e+03 2.571454999999999927e+04
1.948000000000000000e+03 2.574245000000000073e+04
1.604000000000000000e+03 2.575160000000000218e+04
1.764000000000000000e+03 2.582465000000000146e+04
1.924000000000000000e+03 2.588115000000000146e+04
1.668000000000000000e+03 2.589015000000000146e+04
1.900000000000000000e+03 2.596210000000000218e+04
1.812000000000000000e+03 2.600725000000000000e+04
1.620000000000000000e+03 2.616960000000000218e+04
1.812000000000000000e+03 2.619235000000000218e+04
1.932000000000000000e+03 2.625785000000000218e+04
1.964000000000000000e+03 2.627604999999999927e+04
1.764000000000000000e+03 2.628760000000000218e+04
1.652000000000000000e+03 2.631960000000000218e+04
1.748000000000000000e+03 2.632510000000000218e+04
1.900000000000000000e+03 2.655495000000000073e+04
1.836000000000000000e+03 2.661150000000000000e+04
1.820000000000000000e+03 2.662710000000000218e+04
1.876000000000000000e+03 2.670054999999999927e+04
1.956000000000000000e+03 2.677640000000000146e+04
1.884000000000000000e+03 2.684085000000000218e+04
1.844000000000000000e+03 2.684204999999999927e+04
1.812000000000000000e+03 2.688154999999999927e+04
1.716000000000000000e+03 2.688970000000000073e+04
1.860000000000000000e+03 2.692525000000000000e+04
1.956000000000000000e+03 2.696595000000000073e+04
1.956000000000000000e+03 2.701170000000000073e+04
1.740000000000000000e+03 2.704460000000000218e+04
1.868000000000000000e+03 2.710990000000000146e+04
1.724000000000000000e+03 2.715415000000000146e+04
1.700000000000000000e+03 2.718840000000000146e+04
1.676000000000000000e+03 2.719529999999999927e+04
1.732000000000000000e+03 2.720710000000000218e+04
1.820000000000000000e+03 2.722010000000000218e+04
1.988000000000000000e+03 2.725700000000000000e+04
1.804000000000000000e+03 2.726260000000000218e+04
1.692000000000000000e+03 2.727390000000000146e+04
1.612000000000000000e+03 2.730050000000000000e+04
1.884000000000000000e+03 2.730470000000000073e+04
1.980000000000000000e+03 2.743420000000000073e+04
1.620000000000000000e+03 2.745954999999999927e+04
1.828000000000000000e+03 2.750360000000000218e+04
1.852000000000000000e+03 2.751260000000000218e+04
1.860000000000000000e+03 2.751465000000000146e+04
1.612000000000000000e+03 2.754675000000000000e+04
1.948000000000000000e+03 2.757335000000000218e+04
1.884000000000000000e+03 2.757554999999999927e+04
1.892000000000000000e+03 2.759650000000000000e+04
1.948000000000000000e+03 2.764225000000000000e+04
1.924000000000000000e+03 2.765215000000000146e+04
1.844000000000000000e+03 2.767660000000000218e+04
1.636000000000000000e+03 2.772315000000000146e+04
1.804000000000000000e+03 2.773265000000000146e+04
1.956000000000000000e+03 2.775060000000000218e+04
1.972000000000000000e+03 2.775875000000000000e+04
1.828000000000000000e+03 2.779329999999999927e+04
1.852000000000000000e+03 2.782685000000000218e+04
1.732000000000000000e+03 2.791060000000000218e+04
1.708000000000000000e+03 2.796110000000000218e+04
1.660000000000000000e+03 2.798990000000000146e+04
1.845000000000000000e+03 1.387000000000000171e+02
1.869000000000000000e+03 2.435999999999999943e+02
1.781000000000000000e+03 2.759000000000000341e+02
1.821000000000000000e+03 3.140500000000000114e+02
1.925000000000000000e+03 3.233500000000000227e+02
1.757000000000000000e+03 3.353000000000000114e+02
1.845000000000000000e+03 3.916500000000000341e+02
1.709000000000000000e+03 4.156000000000000227e+02
1.949000000000000000e+03 4.425000000000000000e+02
1.901000000000000000e+03 5.332500000000000000e+02
1.741000000000000000e+03 5.347000000000000455e+02
1.805000000000000000e+03 5.412500000000000000e+02
1.893000000000000000e+03 5.664500000000000455e+02
1.693000000000000000e+03 7.143000000000000682e+02
1.965000000000000000e+03 7.210500000000000682e+02
1.965000000000000000e+03 8.139500000000000455e+02
1.949000000000000000e+03 8.288000000000000682e+02
1.733000000000000000e+03 8.633500000000000227e+02
1.965000000000000000e+03 8.833500000000000227e+02
1.933000000000000000e+03 9.166499999999999773e+02
1.989000000000000000e+03 9.166499999999999773e+02
1.877000000000000000e+03 9.203500000000000227e+02
1.989000000000000000e+03 1.000550000000000068e+03
1.933000000000000000e+03 1.014300000000000068e+03
1.973000000000000000e+03 1.092900000000000091e+03
1.861000000000000000e+03 1.123799999999999955e+03
1.717000000000000000e+03 1.138450000000000045e+03
1.829000000000000000e+03 1.142549999999999955e+03
1.957000000000000000e+03 1.150100000000000136e+03
1.757000000000000000e+03 1.167799999999999955e+03
1.965000000000000000e+03 1.167950000000000045e+03
1.629000000000000000e+03 1.182600000000000136e+03
1.949000000000000000e+03 1.245100000000000136e+03
1.813000000000000000e+03 1.245549999999999955e+03
1.901000000000000000e+03 1.279200000000000045e+03
1.821000000000000000e+03 1.314600000000000136e+03
1.933000000000000000e+03 1.323500000000000000e+03
1.749000000000000000e+03 1.325500000000000000e+03
1.901000000000000000e+03 1.354049999999999955e+03
1.965000000000000000e+03 1.375100000000000136e+03
1.701000000000000000e+03 1.396500000000000000e+03
1.853000000000000000e+03 1.466049999999999955e+03
1.933000000000000000e+03 1.467299999999999955e+03
1.805000000000000000e+03 1.574299999999999955e+03
1.957000000000000000e+03 1.638700000000000045e+03
1.669000000000000000e+03 1.663900000000000091e+03
1.861000000000000000e+03 1.680350000000000136e+03
1.693000000000000000e+03 1.699150000000000091e+03
1.837000000000000000e+03 1.735650000000000091e+03
1.909000000000000000e+03 1.769750000000000000e+03
1.621000000000000000e+03 1.783600000000000136e+03
1.941000000000000000e+03 1.788049999999999955e+03
1.853000000000000000e+03 1.852049999999999955e+03
1.733000000000000000e+03 1.855450000000000045e+03
1.949000000000000000e+03 1.861900000000000091e+03
1.621000000000000000e+03 1.870500000000000000e+03
1.717000000000000000e+03 1.888450000000000045e+03
1.669000000000000000e+03 1.959950000000000045e+03
1.677000000000000000e+03 1.991200000000000045e+03
1.781000000000000000e+03 2.004100000000000136e+03
1.821000000000000000e+03 2.037950000000000045e+03
1.797000000000000000e+03 2.047850000000000136e+03
1.829000000000000000e+03 2.061400000000000091e+03
1.701000000000000000e+03 2.086250000000000000e+03
1.645000000000000000e+03 2.109900000000000091e+03
1.781000000000000000e+03 2.166099999999999909e+03
1.613000000000000000e+03 2.176949999999999818e+03
1.645000000000000000e+03 2.197050000000000182e+03
1.933000000000000000e+03 2.200950000000000273e+03
1.677000000000000000e+03 2.223099999999999909e+03
1.917000000000000000e+03 2.292300000000000182e+03
1.909000000000000000e+03 2.308750000000000000e+03
1.989000000000000000e+03 2.352200000000000273e+03
1.805000000000000000e+03 2.355250000000000000e+03
1.821000000000000000e+03 2.368500000000000000e+03
1.717000000000000000e+03 2.392349999999999909e+03
1.661000000000000000e+03 2.398400000000000091e+03
1.653000000000000000e+03 2.403900000000000091e+03
1.853000000000000000e+03 2.415700000000000273e+03
1.901000000000000000e+03 2.453300000000000182e+03
1.805000000000000000e+03 2.568849999999999909e+03
1.933000000000000000e+03 2.612000000000000000e+03
1.877000000000000000e+03 2.650550000000000182e+03
1.845000000000000000e+03 2.670400000000000091e+03
1.893000000000000000e+03 2.676599999999999909e+03
1.693000000000000000e+03 2.678900000000000091e+03
1.925000000000000000e+03 2.708000000000000000e+03
1.621000000000000000e+03 2.725250000000000000e+03
1.781000000000000000e+03 2.726000000000000000e+03
1.949000000000000000e+03 2.733500000000000000e+03
1.661000000000000000e+03 2.733800000000000182e+03
1.741000000000000000e+03 2.791450000000000273e+03
1.685000000000000000e+03 2.961500000000000000e+03
1.749000000000000000e+03 3.009000000000000000e+03
1.685000000000000000e+03 3.027849999999999909e+03
1.677000000000000000e+03 3.079800000000000182e+03
1.789000000000000000e+03 3.092500000000000000e+03
1.853000000000000000e+03 3.107349999999999909e+03
1.613000000000000000e+03 3.131050000000000182e+03
1.853000000000000000e+03 3.223349999999999909e+03
1.941000000000000000e+03 3.242750000000000000e+03
1.957000000000000000e+03 3.406099999999999909e+03
1.837000000000000000e+03 3.529450000000000273e+03
1.965000000000000000e+03 3.605450000000000273e+03
1.949000000000000000e+03 3.668300000000000182e+03
1.997000000000000000e+03 3.676950000000000273e+03
1.677000000000000000e+03 3.677700000000000273e+03
1.661000000000000000e+03 3.694650000000000091e+03
1.981000000000000000e+03 3.844550000000000182e+03
1.861000000000000000e+03 3.893250000000000000e+03
1.829000000000000000e+03 3.905250000000000000e+03
1.741000000000000000e+03 3.926950000000000273e+03
1.981000000000000000e+03 3.944550000000000182e+03
1.925000000000000000e+03 3.965550000000000182e+03
1.661000000000000000e+03 4.050700000000000273e+03
1.877000000000000000e+03 4.056950000000000273e+03
1.621000000000000000e+03 4.068400000000000091e+03
1.613000000000000000e+03 4.084500000000000000e+03
1.981000000000000000e+03 4.165350000000000364e+03
1.837000000000000000e+03 4.183399999999999636e+03
1.701000000000000000e+03 4.202699999999999818e+03
1.869000000000000000e+03 4.211850000000000364e+03
1.965000000000000000e+03 4.255550000000000182e+03
1.861000000000000000e+03 4.324750000000000000e+03
1.893000000000000000e+03 4.328149999999999636e+03
1.885000000000000000e+03 4.341149999999999636e+03
1.613000000000000000e+03 4.347300000000000182e+03
1.813000000000000000e+03 4.347399999999999636e+03
1.749000000000000000e+03 4.460199999999999818e+03
1.925000000000000000e+03 4.477350000000000364e+03
1.845000000000000000e+03 4.521500000000000000e+03
1.813000000000000000e+03 4.550250000000000000e+03
1.909000000000000000e+03 4.559150000000000546e+03
1.741000000000000000e+03 4.566150000000000546e+03
1.853000000000000000e+03 4.568600000000000364e+03
1.725000000000000000e+03 4.605100000000000364e+03
1.709000000000000000e+03 4.610550000000000182e+03
1.709000000000000000e+03 4.689550000000000182e+03
1.765000000000000000e+03 4.718850000000000364e+03
1.877000000000000000e+03 4.770250000000000000e+03
1.917000000000000000e+03 4.797750000000000000e+03
1.701000000000000000e+03 4.811650000000000546e+03
1.965000000000000000e+03 4.823400000000000546e+03
1.629000000000000000e+03 4.855100000000000364e+03
1.877000000000000000e+03 4.944250000000000000e+03
1.829000000000000000e+03 5.047199999999999818e+03
1.789000000000000000e+03 5.063750000000000000e+03
1.765000000000000000e+03 5.129800000000000182e+03
1.797000000000000000e+03 5.133699999999999818e+03
1.893000000000000000e+03 5.134449999999999818e+03
1.661000000000000000e+03 5.173050000000000182e+03
1.853000000000000000e+03 5.194300000000000182e+03
1.981000000000000000e+03 5.204199999999999818e+03
1.629000000000000000e+03 5.210500000000000000e+03
1.829000000000000000e+03 5.228150000000000546e+03
1.941000000000000000e+03 5.251900000000000546e+03
1.933000000000000000e+03 5.288350000000000364e+03
1.981000000000000000e+03 5.300199999999999818e+03
1.717000000000000000e+03 5.335100000000000364e+03
1.925000000000000000e+03 5.350199999999999818e+03
1.621000000000000000e+03 5.419400000000000546e+03
1.797000000000000000e+03 5.456850000000000364e+03
1.829000000000000000e+03 5.463300000000000182e+03
1.853000000000000000e+03 5.483150000000000546e+03
1.861000000000000000e+03 5.498150000000000546e+03
1.733000000000000000e+03 5.509900000000000546e+03
1.805000000000000000e+03 5.530250000000000000e+03
1.917000000000000000e+03 5.543250000000000000e+03
1.789000000000000000e+03 5.563449999999999818e+03
1.693000000000000000e+03 5.579699999999999818e+03
1.861000000000000000e+03 5.590050000000000182e+03
1.813000000000000000e+03 5.654900000000000546e+03
1.693000000000000000e+03 5.675000000000000000e+03
1.773000000000000000e+03 5.675550000000000182e+03
1.797000000000000000e+03 5.677699999999999818e+03
1.853000000000000000e+03 5.694650000000000546e+03
1.861000000000000000e+03 5.750350000000000364e+03
1.909000000000000000e+03 5.767000000000000000e+03
1.669000000000000000e+03 5.768750000000000000e+03
1.949000000000000000e+03 5.777100000000000364e+03
1.877000000000000000e+03 5.807900000000000546e+03
1.765000000000000000e+03 5.838300000000000182e+03
1.621000000000000000e+03 5.859350000000000364e+03
1.701000000000000000e+03 5.897550000000000182e+03
1.797000000000000000e+03 5.929400000000000546e+03
1.949000000000000000e+03 5.973600000000000364e+03
1.893000000000000000e+03 5.988250000000000000e+03
1.965000000000000000e+03 6.060050000000000182e+03
1.837000000000000000e+03 6.072699999999999818e+03
1.645000000000000000e+03 6.112600000000000364e+03
1.885000000000000000e+03 6.115550000000000182e+03
1.685000000000000000e+03 6.116400000000000546e+03
1.933000000000000000e+03 6.117949999999999818e+03
1.693000000000000000e+03 6.129199999999999818e+03
1.749000000000000000e+03 6.166699999999999818e+03
1.845000000000000000e+03 6.186699999999999818e+03
1.861000000000000000e+03 6.201900000000000546e+03
1.613000000000000000e+03 6.239500000000000000e+03
1.709000000000000000e+03 6.254900000000000546e+03
1.661000000000000000e+03 6.259800000000000182e+03
1.717000000000000000e+03 6.281400000000000546e+03
1.901000000000000000e+03 6.303400000000000546e+03
1.973000000000000000e+03 6.309900000000000546e+03
1.773000000000000000e+03 6.317000000000000000e+03
1.949000000000000000e+03 6.383250000000000000e+03
1.669000000000000000e+03 6.442500000000000000e+03
1.861000000000000000e+03 6.464699999999999818e+03
1.853000000000000000e+03 6.491699999999999818e+03
1.981000000000000000e+03 6.527750000000000000e+03
1.781000000000000000e+03 6.555949999999999818e+03
1.621000000000000000e+03 6.558500000000000000e+03
1.805000000000000000e+03 6.566150000000000546e+03
1.925000000000000000e+03 6.686400000000000546e+03
1.909000000000000000e+03 6.751050000000000182e+03
1.941000000000000000e+03 6.855250000000000000e+03
1.965000000000000000e+03 6.882400000000000546e+03
1.741000000000000000e+03 6.962150000000000546e+03
1.981000000000000000e+03 6.977650000000000546e+03
1.821000000000000000e+03 6.978500000000000000e+03
1.845000000000000000e+03 6.999150000000000546e+03
1.629000000000000000e+03 7.023250000000000000e+03
1.973000000000000000e+03 7.037449999999999818e+03
1.853000000000000000e+03 7.064900000000000546e+03
1.885000000000000000e+03 7.067750000000000000e+03
1.757000000000000000e+03 7.084199999999999818e+03
1.637000000000000000e+03 7.154350000000000364e+03
1.981000000000000000e+03 7.188600000000000364e+03
1.789000000000000000e+03 7.221100000000000364e+03
1.893000000000000000e+03 7.225199999999999818e+03
1.757000000000000000e+03 7.230500000000000000e+03
1.661000000000000000e+03 7.307400000000000546e+03
1.989000000000000000e+03 7.309699999999999818e+03
1.749000000000000000e+03 7.346400000000000546e+03
1.965000000000000000e+03 7.391000000000000000e+03
1.901000000000000000e+03 7.433800000000000182e+03
1.797000000000000000e+03 7.460500000000000000e+03
1.693000000000000000e+03 7.486750000000000000e+03
1.821000000000000000e+03 7.531449999999999818e+03
1.893000000000000000e+03 7.547650000000000546e+03
1.989000000000000000e+03 7.609300000000000182e+03
1.701000000000000000e+03 7.622449999999999818e+03
1.837000000000000000e+03 7.641300000000000182e+03
1.877000000000000000e+03 7.742550000000000182e+03
1.741000000000000000e+03 7.780050000000000182e+03
1.997000000000000000e+03 7.800250000000000000e+03
1.733000000000000000e+03 7.831199999999999818e+03
1.605000000000000000e+03 7.859449999999999818e+03
1.621000000000000000e+03 7.870449999999999818e+03
1.909000000000000000e+03 7.948250000000000000e+03
1.717000000000000000e+03 7.959500000000000000e+03
1.653000000000000000e+03 7.985650000000000546e+03
1.917000000000000000e+03 7.993100000000000364e+03
1.613000000000000000e+03 8.008199999999999818e+03
1.677000000000000000e+03 8.017500000000000000e+03
1.965000000000000000e+03 8.064100000000000364e+03
1.725000000000000000e+03 8.065250000000000000e+03
1.941000000000000000e+03 8.082449999999999818e+03
1.717000000000000000e+03 8.091350000000000364e+03
1.629000000000000000e+03 8.163199999999999818e+03
1.677000000000000000e+03 8.163699999999999818e+03
1.973000000000000000e+03 8.200750000000000000e+03
1.781000000000000000e+03 8.281799999999999272e+03
1.829000000000000000e+03 8.300049999999999272e+03
1.661000000000000000e+03 8.313500000000000000e+03
1.981000000000000000e+03 8.349899999999999636e+03
1.749000000000000000e+03 8.372899999999999636e+03
1.717000000000000000e+03 8.404750000000000000e+03
1.661000000000000000e+03 8.461899999999999636e+03
1.901000000000000000e+03 8.463149999999999636e+03
1.973000000000000000e+03 8.495799999999999272e+03
1.853000000000000000e+03 8.510899999999999636e+03
1.605000000000000000e+03 8.511850000000000364e+03
1.893000000000000000e+03 8.615750000000000000e+03
1.813000000000000000e+03 8.623100000000000364e+03
1.709000000000000000e+03 8.679600000000000364e+03
1.613000000000000000e+03 8.691049999999999272e+03
1.877000000000000000e+03 8.701950000000000728e+03
1.909000000000000000e+03 8.715850000000000364e+03
1.669000000000000000e+03 8.780950000000000728e+03
1.757000000000000000e+03 8.805950000000000728e+03
1.973000000000000000e+03 8.844300000000001091e+03
1.877000000000000000e+03 8.867000000000000000e+03
1.861000000000000000e+03 8.877550000000001091e+03
1.797000000000000000e+03 8.878399999999999636e+03
1.693000000000000000e+03 8.889600000000000364e+03
1.893000000000000000e+03 8.905250000000000000e+03
1.781000000000000000e+03 8.912500000000000000e+03
1.733000000000000000e+03 8.979050000000001091e+03
1.981000000000000000e+03 8.980149999999999636e+03
1.749000000000000000e+03 9.055399999999999636e+03
1.741000000000000000e+03 9.095700000000000728e+03
1.637000000000000000e+03 9.096800000000001091e+03
1.677000000000000000e+03 9.134050000000001091e+03
1.773000000000000000e+03 9.134300000000001091e+03
1.909000000000000000e+03 9.146550000000001091e+03
1.765000000000000000e+03 9.179350000000000364e+03
1.837000000000000000e+03 9.213000000000000000e+03
1.741000000000000000e+03 9.213149999999999636e+03
1.861000000000000000e+03 9.222000000000000000e+03
1.669000000000000000e+03 9.243850000000000364e+03
1.781000000000000000e+03 9.281500000000000000e+03
1.837000000000000000e+03 9.348300000000001091e+03
1.813000000000000000e+03 9.391700000000000728e+03
1.797000000000000000e+03 9.439649999999999636e+03
1.693000000000000000e+03 9.450300000000001091e+03
1.613000000000000000e+03 9.479300000000001091e+03
1.949000000000000000e+03 9.519000000000000000e+03
1.701000000000000000e+03 9.520399999999999636e+03
1.781000000000000000e+03 9.607100000000000364e+03
1.661000000000000000e+03 9.617950000000000728e+03
1.605000000000000000e+03 9.639200000000000728e+03
1.693000000000000000e+03 9.669050000000001091e+03
1.901000000000000000e+03 9.669899999999999636e+03
1.813000000000000000e+03 9.671800000000001091e+03
1.725000000000000000e+03 9.739850000000000364e+03
1.957000000000000000e+03 9.740149999999999636e+03
1.941000000000000000e+03 9.772450000000000728e+03
1.653000000000000000e+03 9.773750000000000000e+03
1.709000000000000000e+03 9.826149999999999636e+03
1.741000000000000000e+03 9.830750000000000000e+03
1.685000000000000000e+03 9.841750000000000000e+03
1.845000000000000000e+03 9.887750000000000000e+03
1.637000000000000000e+03 9.899899999999999636e+03
1.925000000000000000e+03 9.901649999999999636e+03
1.773000000000000000e+03 9.939200000000000728e+03
1.949000000000000000e+03 1.000600000000000000e+04
1.997000000000000000e+03 1.001200000000000000e+04
1.693000000000000000e+03 1.006639999999999964e+04
1.973000000000000000e+03 1.006635000000000036e+04
1.893000000000000000e+03 1.008505000000000109e+04
1.917000000000000000e+03 1.008785000000000036e+04
1.605000000000000000e+03 1.013630000000000109e+04
1.805000000000000000e+03 1.016150000000000000e+04
1.877000000000000000e+03 1.017930000000000109e+04
1.709000000000000000e+03 1.026189999999999964e+04
1.797000000000000000e+03 1.029055000000000109e+04
1.909000000000000000e+03 1.030270000000000073e+04
1.677000000000000000e+03 1.039170000000000073e+04
1.845000000000000000e+03 1.039339999999999964e+04
1.669000000000000000e+03 1.047150000000000000e+04
1.621000000000000000e+03 1.048260000000000036e+04
1.917000000000000000e+03 1.060995000000000073e+04
1.765000000000000000e+03 1.061414999999999964e+04
1.717000000000000000e+03 1.062014999999999964e+04
1.869000000000000000e+03 1.062905000000000109e+04
1.701000000000000000e+03 1.063735000000000036e+04
1.829000000000000000e+03 1.064760000000000036e+04
1.757000000000000000e+03 1.065564999999999964e+04
1.605000000000000000e+03 1.069005000000000109e+04
1.709000000000000000e+03 1.073580000000000109e+04
1.637000000000000000e+03 1.073614999999999964e+04
1.853000000000000000e+03 1.081705000000000109e+04
1.997000000000000000e+03 1.111320000000000073e+04
1.733000000000000000e+03 1.111405000000000109e+04
1.661000000000000000e+03 1.115280000000000109e+04
1.829000000000000000e+03 1.115555000000000109e+04
1.685000000000000000e+03 1.120260000000000036e+04
1.621000000000000000e+03 1.122020000000000073e+04
1.765000000000000000e+03 1.123385000000000036e+04
1.845000000000000000e+03 1.123710000000000036e+04
1.957000000000000000e+03 1.129670000000000073e+04
1.965000000000000000e+03 1.134914999999999964e+04
1.813000000000000000e+03 1.136630000000000109e+04
1.957000000000000000e+03 1.137650000000000000e+04
1.989000000000000000e+03 1.137910000000000036e+04
1.749000000000000000e+03 1.145800000000000000e+04
1.789000000000000000e+03 1.147410000000000036e+04
1.941000000000000000e+03 1.149100000000000000e+04
1.829000000000000000e+03 1.155485000000000036e+04
1.861000000000000000e+03 1.155620000000000073e+04
1.693000000000000000e+03 1.158680000000000109e+04
1.613000000000000000e+03 1.161289999999999964e+04
1.957000000000000000e+03 1.161445000000000073e+04
1.717000000000000000e+03 1.162120000000000073e+04
1.805000000000000000e+03 1.165064999999999964e+04
1.637000000000000000e+03 1.165195000000000073e+04
1.605000000000000000e+03 1.165425000000000000e+04
1.901000000000000000e+03 1.169120000000000073e+04
1.925000000000000000e+03 1.172635000000000036e+04
1.941000000000000000e+03 1.180330000000000109e+04
1.757000000000000000e+03 1.181639999999999964e+04
1.621000000000000000e+03 1.181820000000000073e+04
1.637000000000000000e+03 1.193855000000000109e+04
1.733000000000000000e+03 1.196730000000000109e+04
1.629000000000000000e+03 1.207055000000000109e+04
1.621000000000000000e+03 1.207245000000000073e+04
1.717000000000000000e+03 1.209375000000000000e+04
1.741000000000000000e+03 1.210320000000000073e+04
1.661000000000000000e+03 1.213789999999999964e+04
1.861000000000000000e+03 1.216275000000000000e+04
1.933000000000000000e+03 1.218535000000000036e+04
1.749000000000000000e+03 1.219180000000000109e+04
1.845000000000000000e+03 1.219230000000000109e+04
1.685000000000000000e+03 1.221889999999999964e+04
1.893000000000000000e+03 1.228950000000000000e+04
1.837000000000000000e+03 1.229035000000000036e+04
1.733000000000000000e+03 1.235670000000000073e+04
1.621000000000000000e+03 1.246020000000000073e+04
1.685000000000000000e+03 1.247425000000000000e+04
1.957000000000000000e+03 1.253230000000000109e+04
1.797000000000000000e+03 1.255645000000000073e+04
1.613000000000000000e+03 1.258670000000000073e+04
1.909000000000000000e+03 1.260025000000000000e+04
1.749000000000000000e+03 1.261270000000000073e+04
1.701000000000000000e+03 1.265780000000000109e+04
1.653000000000000000e+03 1.266714999999999964e+04
1.765000000000000000e+03 1.267060000000000036e+04
1.789000000000000000e+03 1.283435000000000036e+04
1.989000000000000000e+03 1.283755000000000109e+04
1.629000000000000000e+03 1.285414999999999964e+04
1.653000000000000000e+03 1.293075000000000000e+04
1.869000000000000000e+03 1.293655000000000109e+04
1.829000000000000000e+03 1.300100000000000000e+04
1.613000000000000000e+03 1.300220000000000073e+04
1.797000000000000000e+03 1.303325000000000000e+04
1.669000000000000000e+03 1.306460000000000036e+04
1.797000000000000000e+03 1.316460000000000036e+04
1.717000000000000000e+03 1.320030000000000109e+04
1.829000000000000000e+03 1.320570000000000073e+04
1.933000000000000000e+03 1.328985000000000036e+04
1.709000000000000000e+03 1.332880000000000109e+04
1.685000000000000000e+03 1.333870000000000073e+04
1.853000000000000000e+03 1.340660000000000036e+04
1.917000000000000000e+03 1.344875000000000000e+04
1.685000000000000000e+03 1.349360000000000036e+04
1.933000000000000000e+03 1.350164999999999964e+04
1.965000000000000000e+03 1.350550000000000000e+04
1.925000000000000000e+03 1.354075000000000000e+04
1.765000000000000000e+03 1.356939999999999964e+04
1.949000000000000000e+03 1.361414999999999964e+04
1.789000000000000000e+03 1.368875000000000000e+04
1.709000000000000000e+03 1.372275000000000000e+04
1.805000000000000000e+03 1.375414999999999964e+04
1.941000000000000000e+03 1.379280000000000109e+04
1.925000000000000000e+03 1.391914999999999964e+04
1.725000000000000000e+03 1.398339999999999964e+04
1.933000000000000000e+03 1.400239999999999964e+04
1.797000000000000000e+03 1.403595000000000073e+04
1.701000000000000000e+03 1.403639999999999964e+04
1.981000000000000000e+03 1.405500000000000000e+04
1.909000000000000000e+03 1.407545000000000073e+04
1.725000000000000000e+03 1.411620000000000073e+04
1.837000000000000000e+03 1.412645000000000073e+04
1.933000000000000000e+03 1.412685000000000036e+04
1.909000000000000000e+03 1.414110000000000036e+04
1.773000000000000000e+03 1.418920000000000073e+04
1.789000000000000000e+03 1.421480000000000109e+04
1.861000000000000000e+03 1.421850000000000000e+04
1.645000000000000000e+03 1.424189999999999964e+04
1.677000000000000000e+03 1.430375000000000000e+04
1.933000000000000000e+03 1.432310000000000036e+04
1.629000000000000000e+03 1.435825000000000000e+04
1.877000000000000000e+03 1.438489999999999964e+04
1.757000000000000000e+03 1.439639999999999964e+04
1.805000000000000000e+03 1.442239999999999964e+04
1.661000000000000000e+03 1.447205000000000109e+04
1.749000000000000000e+03 1.456035000000000036e+04
1.861000000000000000e+03 1.458239999999999964e+04
1.677000000000000000e+03 1.459620000000000073e+04
1.893000000000000000e+03 1.460225000000000000e+04
1.629000000000000000e+03 1.462060000000000036e+04
1.981000000000000000e+03 1.462985000000000036e+04
1.813000000000000000e+03 1.466255000000000109e+04
1.829000000000000000e+03 1.467805000000000109e+04
1.765000000000000000e+03 1.470330000000000109e+04
1.837000000000000000e+03 1.482255000000000109e+04
1.845000000000000000e+03 1.485589999999999964e+04
1.733000000000000000e+03 1.488820000000000073e+04
1.653000000000000000e+03 1.490930000000000109e+04
1.845000000000000000e+03 1.495100000000000000e+04
1.973000000000000000e+03 1.497200000000000000e+04
1.837000000000000000e+03 1.504655000000000109e+04
1.669000000000000000e+03 1.504705000000000109e+04
1.869000000000000000e+03 1.507964999999999964e+04
1.797000000000000000e+03 1.512755000000000109e+04
1.765000000000000000e+03 1.514835000000000036e+04
1.693000000000000000e+03 1.518080000000000109e+04
1.749000000000000000e+03 1.521505000000000109e+04
1.829000000000000000e+03 1.523120000000000073e+04
1.925000000000000000e+03 1.532310000000000036e+04
1.885000000000000000e+03 1.532714999999999964e+04
1.677000000000000000e+03 1.534345000000000073e+04
1.805000000000000000e+03 1.534360000000000036e+04
1.909000000000000000e+03 1.536445000000000073e+04
1.813000000000000000e+03 1.539785000000000036e+04
1.717000000000000000e+03 1.540289999999999964e+04
1.949000000000000000e+03 1.547685000000000036e+04
1.861000000000000000e+03 1.551164999999999964e+04
1.613000000000000000e+03 1.551575000000000000e+04
1.877000000000000000e+03 1.552695000000000073e+04
1.693000000000000000e+03 1.555870000000000073e+04
1.829000000000000000e+03 1.563220000000000073e+04
1.973000000000000000e+03 1.567880000000000109e+04
1.861000000000000000e+03 1.575914999999999964e+04
1.821000000000000000e+03 1.577964999999999964e+04
1.773000000000000000e+03 1.581145000000000073e+04
1.965000000000000000e+03 1.581710000000000036e+04
1.797000000000000000e+03 1.583245000000000073e+04
1.725000000000000000e+03 1.589280000000000109e+04
1.893000000000000000e+03 1.596210000000000036e+04
1.701000000000000000e+03 1.596605000000000109e+04
1.909000000000000000e+03 1.599160000000000036e+04
1.917000000000000000e+03 1.600475000000000000e+04
1.853000000000000000e+03 1.603145000000000073e+04
1.701000000000000000e+03 1.603995000000000073e+04
1.677000000000000000e+03 1.609970000000000073e+04
1.869000000000000000e+03 1.610210000000000036e+04
1.781000000000000000e+03 1.610625000000000000e+04
1.909000000000000000e+03 1.615555000000000109e+04
1.781000000000000000e+03 1.615720000000000073e+04
1.813000000000000000e+03 1.620285000000000036e+04
1.757000000000000000e+03 1.631280000000000109e+04
1.685000000000000000e+03 1.631330000000000109e+04
1.661000000000000000e+03 1.633750000000000000e+04
1.741000000000000000e+03 1.634650000000000000e+04
1.869000000000000000e+03 1.638520000000000073e+04
1.917000000000000000e+03 1.638875000000000000e+04
1.653000000000000000e+03 1.641175000000000000e+04
1.613000000000000000e+03 1.645034999999999854e+04
1.701000000000000000e+03 1.645270000000000073e+04
1.885000000000000000e+03 1.646320000000000073e+04
1.925000000000000000e+03 1.652195000000000073e+04
1.757000000000000000e+03 1.660115000000000146e+04
1.917000000000000000e+03 1.660934999999999854e+04
1.973000000000000000e+03 1.663720000000000073e+04
1.861000000000000000e+03 1.667459999999999854e+04
1.837000000000000000e+03 1.668254999999999927e+04
1.901000000000000000e+03 1.670615000000000146e+04
1.741000000000000000e+03 1.671120000000000073e+04
1.829000000000000000e+03 1.673534999999999854e+04
1.725000000000000000e+03 1.675259999999999854e+04
1.869000000000000000e+03 1.675604999999999927e+04
1.885000000000000000e+03 1.677225000000000000e+04
1.613000000000000000e+03 1.678500000000000000e+04
1.797000000000000000e+03 1.691740000000000146e+04
1.645000000000000000e+03 1.693415000000000146e+04
1.845000000000000000e+03 1.695840000000000146e+04
1.797000000000000000e+03 1.703495000000000073e+04
1.613000000000000000e+03 1.705625000000000000e+04
1.709000000000000000e+03 1.707929999999999927e+04
1.805000000000000000e+03 1.711590000000000146e+04
1.701000000000000000e+03 1.713190000000000146e+04
1.789000000000000000e+03 1.717215000000000146e+04
1.861000000000000000e+03 1.723250000000000000e+04
1.941000000000000000e+03 1.725259999999999854e+04
1.861000000000000000e+03 1.731034999999999854e+04
1.797000000000000000e+03 1.731659999999999854e+04
1.661000000000000000e+03 1.736250000000000000e+04
1.989000000000000000e+03 1.739495000000000073e+04
1.749000000000000000e+03 1.750604999999999927e+04
1.861000000000000000e+03 1.750985000000000218e+04
1.909000000000000000e+03 1.758765000000000146e+04
1.853000000000000000e+03 1.759585000000000218e+04
1.613000000000000000e+03 1.761595000000000073e+04
1.997000000000000000e+03 1.762970000000000073e+04
1.661000000000000000e+03 1.772710000000000218e+04
1.725000000000000000e+03 1.777354999999999927e+04
1.925000000000000000e+03 1.781325000000000000e+04
1.965000000000000000e+03 1.792015000000000146e+04
1.837000000000000000e+03 1.792100000000000000e+04
1.629000000000000000e+03 1.792770000000000073e+04
1.981000000000000000e+03 1.792990000000000146e+04
1.989000000000000000e+03 1.795210000000000218e+04
1.917000000000000000e+03 1.796640000000000146e+04
1.733000000000000000e+03 1.801075000000000000e+04
1.821000000000000000e+03 1.808465000000000146e+04
1.621000000000000000e+03 1.811725000000000000e+04
1.845000000000000000e+03 1.811875000000000000e+04
1.693000000000000000e+03 1.814865000000000146e+04
1.669000000000000000e+03 1.815065000000000146e+04
1.861000000000000000e+03 1.819279999999999927e+04
1.941000000000000000e+03 1.822220000000000073e+04
1.765000000000000000e+03 1.826590000000000146e+04
1.749000000000000000e+03 1.827100000000000000e+04
1.669000000000000000e+03 1.828115000000000146e+04
1.861000000000000000e+03 1.837854999999999927e+04
1.853000000000000000e+03 1.841275000000000000e+04
1.749000000000000000e+03 1.845290000000000146e+04
1.773000000000000000e+03 1.846654999999999927e+04
1.981000000000000000e+03 1.854925000000000000e+04
1.869000000000000000e+03 1.857690000000000146e+04
1.821000000000000000e+03 1.859554999999999927e+04
1.925000000000000000e+03 1.864585000000000218e+04
1.853000000000000000e+03 1.869445000000000073e+04
1.973000000000000000e+03 1.877504999999999927e+04
1.869000000000000000e+03 1.883345000000000073e+04
1.613000000000000000e+03 1.889829999999999927e+04
1.861000000000000000e+03 1.890354999999999927e+04
1.917000000000000000e+03 1.892295000000000073e+04
1.677000000000000000e+03 1.892615000000000146e+04
1.717000000000000000e+03 1.893625000000000000e+04
1.861000000000000000e+03 1.903775000000000000e+04
1.709000000000000000e+03 1.904915000000000146e+04
1.957000000000000000e+03 1.912170000000000073e+04
1.885000000000000000e+03 1.921035000000000218e+04
1.861000000000000000e+03 1.923835000000000218e+04
1.661000000000000000e+03 1.926265000000000146e+04
1.789000000000000000e+03 1.927545000000000073e+04
1.813000000000000000e+03 1.934604999999999927e+04
1.949000000000000000e+03 1.935010000000000218e+04
1.653000000000000000e+03 1.936970000000000073e+04
1.717000000000000000e+03 1.942229999999999927e+04
1.989000000000000000e+03 1.949135000000000218e+04
1.645000000000000000e+03 1.949604999999999927e+04
1.661000000000000000e+03 1.950154999999999927e+04
1.733000000000000000e+03 1.951870000000000073e+04
1.845000000000000000e+03 1.953820000000000073e+04
1.781000000000000000e+03 1.954015000000000146e+04
1.757000000000000000e+03 1.956145000000000073e+04
1.605000000000000000e+03 1.956479999999999927e+04
1.885000000000000000e+03 1.964895000000000073e+04
1.957000000000000000e+03 1.967229999999999927e+04
1.861000000000000000e+03 1.967740000000000146e+04
1.613000000000000000e+03 1.971645000000000073e+04
1.725000000000000000e+03 1.972460000000000218e+04
1.877000000000000000e+03 1.974735000000000218e+04
1.957000000000000000e+03 1.978910000000000218e+04
1.677000000000000000e+03 1.982960000000000218e+04
1.981000000000000000e+03 1.986065000000000146e+04
1.653000000000000000e+03 1.989020000000000073e+04
1.989000000000000000e+03 1.990354999999999927e+04
1.725000000000000000e+03 1.990520000000000073e+04
1.821000000000000000e+03 1.996470000000000073e+04
1.717000000000000000e+03 1.996590000000000146e+04
1.797000000000000000e+03 2.004415000000000146e+04
1.981000000000000000e+03 2.005345000000000073e+04
1.813000000000000000e+03 2.006085000000000218e+04
1.789000000000000000e+03 2.007475000000000000e+04
1.861000000000000000e+03 2.009775000000000000e+04
1.837000000000000000e+03 2.010010000000000218e+04
1.701000000000000000e+03 2.010290000000000146e+04
1.693000000000000000e+03 2.015645000000000073e+04
1.901000000000000000e+03 2.017504999999999927e+04
1.613000000000000000e+03 2.023310000000000218e+04
1.797000000000000000e+03 2.028179999999999927e+04
1.829000000000000000e+03 2.031225000000000000e+04
1.957000000000000000e+03 2.031400000000000000e+04
1.629000000000000000e+03 2.032365000000000146e+04
1.701000000000000000e+03 2.039640000000000146e+04
1.821000000000000000e+03 2.047979999999999927e+04
1.613000000000000000e+03 2.058125000000000000e+04
1.805000000000000000e+03 2.062490000000000146e+04
1.981000000000000000e+03 2.063335000000000218e+04
1.605000000000000000e+03 2.067525000000000000e+04
1.685000000000000000e+03 2.071115000000000146e+04
1.917000000000000000e+03 2.071550000000000000e+04
1.653000000000000000e+03 2.073270000000000073e+04
1.613000000000000000e+03 2.075915000000000146e+04
1.725000000000000000e+03 2.077810000000000218e+04
1.749000000000000000e+03 2.077860000000000218e+04
1.813000000000000000e+03 2.077950000000000000e+04
1.869000000000000000e+03 2.083525000000000000e+04
1.637000000000000000e+03 2.085885000000000218e+04
1.653000000000000000e+03 2.090340000000000146e+04
1.909000000000000000e+03 2.091279999999999927e+04
1.901000000000000000e+03 2.095450000000000000e+04
1.789000000000000000e+03 2.096800000000000000e+04
1.997000000000000000e+03 2.103595000000000073e+04
1.925000000000000000e+03 2.106835000000000218e+04
1.685000000000000000e+03 2.107304999999999927e+04
1.829000000000000000e+03 2.111615000000000146e+04
1.933000000000000000e+03 2.114665000000000146e+04
1.917000000000000000e+03 2.116104999999999927e+04
1.661000000000000000e+03 2.120840000000000146e+04
1.797000000000000000e+03 2.123310000000000218e+04
1.765000000000000000e+03 2.127575000000000000e+04
1.685000000000000000e+03 2.142790000000000146e+04
1.629000000000000000e+03 2.143604999999999927e+04
1.677000000000000000e+03 2.146370000000000073e+04
1.957000000000000000e+03 2.150170000000000073e+04
1.877000000000000000e+03 2.152575000000000000e+04
1.893000000000000000e+03 2.153075000000000000e+04
1.941000000000000000e+03 2.160679999999999927e+04
1.781000000000000000e+03 2.170410000000000218e+04
1.861000000000000000e+03 2.173765000000000146e+04
1.805000000000000000e+03 2.174679999999999927e+04
1.709000000000000000e+03 2.176800000000000000e+04
1.869000000000000000e+03 2.182435000000000218e+04
1.733000000000000000e+03 2.186695000000000073e+04
1.861000000000000000e+03 2.188795000000000073e+04
1.685000000000000000e+03 2.189395000000000073e+04
1.837000000000000000e+03 2.195245000000000073e+04
1.653000000000000000e+03 2.200235000000000218e+04
1.629000000000000000e+03 2.202775000000000000e+04
1.981000000000000000e+03 2.205490000000000146e+04
1.813000000000000000e+03 2.209025000000000000e+04
1.805000000000000000e+03 2.209210000000000218e+04
1.909000000000000000e+03 2.214515000000000146e+04
1.957000000000000000e+03 2.215840000000000146e+04
1.821000000000000000e+03 2.219129999999999927e+04
1.949000000000000000e+03 2.223150000000000000e+04
1.821000000000000000e+03 2.223870000000000073e+04
1.853000000000000000e+03 2.226595000000000073e+04
1.989000000000000000e+03 2.229375000000000000e+04
1.709000000000000000e+03 2.230550000000000000e+04
1.653000000000000000e+03 2.231870000000000073e+04
1.885000000000000000e+03 2.248310000000000218e+04
1.661000000000000000e+03 2.249490000000000146e+04
1.725000000000000000e+03 2.251275000000000000e+04
1.677000000000000000e+03 2.254385000000000218e+04
1.677000000000000000e+03 2.260029999999999927e+04
1.901000000000000000e+03 2.260940000000000146e+04
1.925000000000000000e+03 2.264045000000000073e+04
1.933000000000000000e+03 2.268210000000000218e+04
1.797000000000000000e+03 2.268404999999999927e+04
1.949000000000000000e+03 2.269960000000000218e+04
1.645000000000000000e+03 2.272004999999999927e+04
1.637000000000000000e+03 2.273600000000000000e+04
1.661000000000000000e+03 2.273775000000000000e+04
1.781000000000000000e+03 2.276435000000000218e+04
1.941000000000000000e+03 2.278629999999999927e+04
1.661000000000000000e+03 2.279254999999999927e+04
1.901000000000000000e+03 2.287510000000000218e+04
1.653000000000000000e+03 2.295475000000000000e+04
1.965000000000000000e+03 2.304520000000000073e+04
1.637000000000000000e+03 2.305635000000000218e+04
1.789000000000000000e+03 2.308475000000000000e+04
1.997000000000000000e+03 2.313315000000000146e+04
1.965000000000000000e+03 2.316220000000000073e+04
1.605000000000000000e+03 2.323479999999999927e+04
1.877000000000000000e+03 2.324225000000000000e+04
1.645000000000000000e+03 2.329220000000000073e+04
1.613000000000000000e+03 2.329725000000000000e+04
1.981000000000000000e+03 2.330875000000000000e+04
1.765000000000000000e+03 2.339420000000000073e+04
1.733000000000000000e+03 2.342335000000000218e+04
1.909000000000000000e+03 2.344435000000000218e+04
1.821000000000000000e+03 2.353229999999999927e+04
1.877000000000000000e+03 2.353270000000000073e+04
1.981000000000000000e+03 2.358115000000000146e+04
1.645000000000000000e+03 2.360375000000000000e+04
1.685000000000000000e+03 2.361460000000000218e+04
1.613000000000000000e+03 2.362479999999999927e+04
1.749000000000000000e+03 2.366435000000000218e+04
1.717000000000000000e+03 2.368210000000000218e+04
1.845000000000000000e+03 2.382240000000000146e+04
1.837000000000000000e+03 2.389585000000000218e+04
1.733000000000000000e+03 2.392060000000000218e+04
1.757000000000000000e+03 2.398285000000000218e+04
1.629000000000000000e+03 2.405535000000000218e+04
1.653000000000000000e+03 2.418320000000000073e+04
1.797000000000000000e+03 2.418820000000000073e+04
1.669000000000000000e+03 2.419604999999999927e+04
1.917000000000000000e+03 2.427670000000000073e+04
1.741000000000000000e+03 2.445235000000000218e+04
1.653000000000000000e+03 2.445500000000000000e+04
1.781000000000000000e+03 2.447504999999999927e+04
1.717000000000000000e+03 2.447595000000000073e+04
1.893000000000000000e+03 2.453170000000000073e+04
1.613000000000000000e+03 2.456395000000000073e+04
1.677000000000000000e+03 2.457279999999999927e+04
1.861000000000000000e+03 2.462290000000000146e+04
1.853000000000000000e+03 2.462879999999999927e+04
1.709000000000000000e+03 2.464150000000000000e+04
1.893000000000000000e+03 2.473210000000000218e+04
1.957000000000000000e+03 2.473220000000000073e+04
1.709000000000000000e+03 2.475265000000000146e+04
1.629000000000000000e+03 2.477900000000000000e+04
1.973000000000000000e+03 2.483995000000000073e+04
1.637000000000000000e+03 2.486190000000000146e+04
1.981000000000000000e+03 2.493179999999999927e+04
1.749000000000000000e+03 2.494400000000000000e+04
1.917000000000000000e+03 2.497650000000000000e+04
1.925000000000000000e+03 2.499395000000000073e+04
1.725000000000000000e+03 2.512300000000000000e+04
1.861000000000000000e+03 2.517470000000000073e+04
1.805000000000000000e+03 2.521110000000000218e+04
1.701000000000000000e+03 2.522190000000000146e+04
1.877000000000000000e+03 2.522735000000000218e+04
1.949000000000000000e+03 2.523025000000000000e+04
1.717000000000000000e+03 2.524390000000000146e+04
1.821000000000000000e+03 2.525670000000000073e+04
1.789000000000000000e+03 2.527495000000000073e+04
1.765000000000000000e+03 2.527625000000000000e+04
1.789000000000000000e+03 2.537329999999999927e+04
1.733000000000000000e+03 2.542429999999999927e+04
1.981000000000000000e+03 2.545475000000000000e+04
1.773000000000000000e+03 2.550440000000000146e+04
1.701000000000000000e+03 2.561454999999999927e+04
1.821000000000000000e+03 2.561540000000000146e+04
1.709000000000000000e+03 2.561910000000000218e+04
1.933000000000000000e+03 2.567810000000000218e+04
1.749000000000000000e+03 2.568685000000000218e+04
1.893000000000000000e+03 2.571125000000000000e+04
1.869000000000000000e+03 2.577525000000000000e+04
1.933000000000000000e+03 2.578115000000000146e+04
1.725000000000000000e+03 2.583820000000000073e+04
1.765000000000000000e+03 2.587065000000000146e+04
1.725000000000000000e+03 2.588715000000000146e+04
1.637000000000000000e+03 2.591235000000000218e+04
1.973000000000000000e+03 2.595000000000000000e+04
1.997000000000000000e+03 2.595395000000000073e+04
1.845000000000000000e+03 2.595490000000000146e+04
1.813000000000000000e+03 2.598779999999999927e+04
1.693000000000000000e+03 2.600195000000000073e+04
1.973000000000000000e+03 2.600965000000000146e+04
1.781000000000000000e+03 2.604170000000000073e+04
1.917000000000000000e+03 2.604365000000000146e+04
1.717000000000000000e+03 2.604410000000000218e+04
1.765000000000000000e+03 2.605675000000000000e+04
1.709000000000000000e+03 2.605804999999999927e+04
1.605000000000000000e+03 2.612640000000000146e+04
1.853000000000000000e+03 2.618810000000000218e+04
1.869000000000000000e+03 2.624785000000000218e+04
1.813000000000000000e+03 2.627240000000000146e+04
1.989000000000000000e+03 2.628454999999999927e+04
1.821000000000000000e+03 2.641154999999999927e+04
1.933000000000000000e+03 2.641479999999999927e+04
1.717000000000000000e+03 2.642545000000000073e+04
1.621000000000000000e+03 2.647404999999999927e+04
1.885000000000000000e+03 2.647404999999999927e+04
1.773000000000000000e+03 2.648420000000000073e+04
1.885000000000000000e+03 2.666640000000000146e+04
1.661000000000000000e+03 2.670200000000000000e+04
1.925000000000000000e+03 2.673220000000000073e+04
1.861000000000000000e+03 2.674295000000000073e+04
1.637000000000000000e+03 2.690960000000000218e+04
1.901000000000000000e+03 2.692045000000000073e+04
1.997000000000000000e+03 2.696045000000000073e+04
1.677000000000000000e+03 2.701425000000000000e+04
1.853000000000000000e+03 2.709165000000000146e+04
1.661000000000000000e+03 2.711115000000000146e+04
1.613000000000000000e+03 2.712770000000000073e+04
1.901000000000000000e+03 2.713395000000000073e+04
1.997000000000000000e+03 2.714860000000000218e+04
1.781000000000000000e+03 2.718295000000000073e+04
1.661000000000000000e+03 2.719235000000000218e+04
1.861000000000000000e+03 2.721075000000000000e+04
1.805000000000000000e+03 2.721835000000000218e+04
1.989000000000000000e+03 2.723660000000000218e+04
1.733000000000000000e+03 2.728370000000000073e+04
1.605000000000000000e+03 2.733285000000000218e+04
1.917000000000000000e+03 2.733354999999999927e+04
1.957000000000000000e+03 2.734645000000000073e+04
1.661000000000000000e+03 2.737395000000000073e+04
1.861000000000000000e+03 2.738995000000000073e+04
1.933000000000000000e+03 2.750870000000000073e+04
1.709000000000000000e+03 2.756335000000000218e+04
1.893000000000000000e+03 2.758075000000000000e+04
1.789000000000000000e+03 2.762185000000000218e+04
1.941000000000000000e+03 2.767590000000000146e+04
1.877000000000000000e+03 2.768775000000000000e+04
1.645000000000000000e+03 2.775179999999999927e+04
1.797000000000000000e+03 2.775945000000000073e+04
1.669000000000000000e+03 2.779375000000000000e+04
1.661000000000000000e+03 2.783385000000000218e+04
1.853000000000000000e+03 2.785075000000000000e+04
1.893000000000000000e+03 2.786354999999999927e+04
1.725000000000000000e+03 2.787935000000000218e+04
1.861000000000000000e+03 2.788085000000000218e+04
1.813000000000000000e+03 2.789590000000000146e+04
1.957000000000000000e+03 2.791720000000000073e+04
1.781000000000000000e+03 2.795060000000000218e+04
1.661000000000000000e+03 2.797635000000000218e+04
1.917000000000000000e+03 2.798345000000000073e+04
1.901000000000000000e+03 2.798625000000000000e+04
1.742000000000000000e+03 1.519500000000000171e+02
1.966000000000000000e+03 1.815500000000000114e+02
1.926000000000000000e+03 2.032000000000000171e+02
1.974000000000000000e+03 2.396500000000000057e+02
1.622000000000000000e+03 2.736000000000000227e+02
1.630000000000000000e+03 2.763500000000000227e+02
1.942000000000000000e+03 3.903000000000000114e+02
1.814000000000000000e+03 4.283000000000000114e+02
1.958000000000000000e+03 4.419499999999999886e+02
1.790000000000000000e+03 4.573500000000000227e+02
1.854000000000000000e+03 4.862500000000000000e+02
1.774000000000000000e+03 6.025500000000000682e+02
1.742000000000000000e+03 6.059500000000000455e+02
1.966000000000000000e+03 6.303999999999999773e+02
1.622000000000000000e+03 6.406000000000000227e+02
1.886000000000000000e+03 6.472000000000000455e+02
1.998000000000000000e+03 7.355000000000000000e+02
1.622000000000000000e+03 7.800000000000000000e+02
1.638000000000000000e+03 8.127000000000000455e+02
1.854000000000000000e+03 8.156499999999999773e+02
1.830000000000000000e+03 8.308999999999999773e+02
1.958000000000000000e+03 8.445500000000000682e+02
1.910000000000000000e+03 8.741000000000000227e+02
1.926000000000000000e+03 8.883999999999999773e+02
1.630000000000000000e+03 9.885500000000000682e+02
1.750000000000000000e+03 9.976499999999999773e+02
1.982000000000000000e+03 1.038500000000000000e+03
1.958000000000000000e+03 1.047500000000000000e+03
1.902000000000000000e+03 1.049200000000000045e+03
1.798000000000000000e+03 1.088500000000000000e+03
1.702000000000000000e+03 1.096850000000000136e+03
1.758000000000000000e+03 1.218950000000000045e+03
1.710000000000000000e+03 1.382000000000000000e+03
1.758000000000000000e+03 1.437549999999999955e+03
1.918000000000000000e+03 1.454400000000000091e+03
1.982000000000000000e+03 1.513600000000000136e+03
1.774000000000000000e+03 1.514000000000000000e+03
1.630000000000000000e+03 1.516100000000000136e+03
1.934000000000000000e+03 1.537100000000000136e+03
1.798000000000000000e+03 1.575650000000000091e+03
1.926000000000000000e+03 1.627700000000000045e+03
1.894000000000000000e+03 1.636850000000000136e+03
1.710000000000000000e+03 1.639549999999999955e+03
1.806000000000000000e+03 1.716200000000000045e+03
1.758000000000000000e+03 1.744100000000000136e+03
1.678000000000000000e+03 1.765299999999999955e+03
1.910000000000000000e+03 1.784200000000000045e+03
1.710000000000000000e+03 1.860500000000000000e+03
1.942000000000000000e+03 1.936850000000000136e+03
1.926000000000000000e+03 1.955900000000000091e+03
1.726000000000000000e+03 1.957000000000000000e+03
1.758000000000000000e+03 1.970549999999999955e+03
1.942000000000000000e+03 2.068000000000000000e+03
1.998000000000000000e+03 2.078099999999999909e+03
1.958000000000000000e+03 2.122699999999999818e+03
1.638000000000000000e+03 2.139050000000000182e+03
1.694000000000000000e+03 2.265349999999999909e+03
1.798000000000000000e+03 2.265349999999999909e+03
1.998000000000000000e+03 2.277950000000000273e+03
1.894000000000000000e+03 2.314200000000000273e+03
1.758000000000000000e+03 2.340800000000000182e+03
1.862000000000000000e+03 2.365000000000000000e+03
1.710000000000000000e+03 2.434050000000000182e+03
1.614000000000000000e+03 2.529000000000000000e+03
1.750000000000000000e+03 2.549150000000000091e+03
1.758000000000000000e+03 2.570450000000000273e+03
1.998000000000000000e+03 2.577300000000000182e+03
1.942000000000000000e+03 2.578849999999999909e+03
1.886000000000000000e+03 2.581450000000000273e+03
1.694000000000000000e+03 2.602450000000000273e+03
1.766000000000000000e+03 2.701400000000000091e+03
1.670000000000000000e+03 2.715450000000000273e+03
1.678000000000000000e+03 2.785000000000000000e+03
1.798000000000000000e+03 2.801800000000000182e+03
1.942000000000000000e+03 2.813099999999999909e+03
1.910000000000000000e+03 2.870200000000000273e+03
1.718000000000000000e+03 2.910050000000000182e+03
1.686000000000000000e+03 2.910400000000000091e+03
1.918000000000000000e+03 2.936800000000000182e+03
1.910000000000000000e+03 2.936900000000000091e+03
1.990000000000000000e+03 2.952650000000000091e+03
1.678000000000000000e+03 3.029400000000000091e+03
1.750000000000000000e+03 3.130349999999999909e+03
1.854000000000000000e+03 3.153150000000000091e+03
1.958000000000000000e+03 3.231849999999999909e+03
1.606000000000000000e+03 3.267849999999999909e+03
1.766000000000000000e+03 3.267849999999999909e+03
1.854000000000000000e+03 3.281849999999999909e+03
1.774000000000000000e+03 3.300099999999999909e+03
1.614000000000000000e+03 3.328450000000000273e+03
1.910000000000000000e+03 3.329099999999999909e+03
1.846000000000000000e+03 3.370400000000000091e+03
1.678000000000000000e+03 3.434200000000000273e+03
1.718000000000000000e+03 3.466349999999999909e+03
1.830000000000000000e+03 3.515550000000000182e+03
1.646000000000000000e+03 3.518900000000000091e+03
1.806000000000000000e+03 3.574700000000000273e+03
1.646000000000000000e+03 3.648450000000000273e+03
1.694000000000000000e+03 3.658900000000000091e+03
1.870000000000000000e+03 3.661150000000000091e+03
1.966000000000000000e+03 3.667050000000000182e+03
1.806000000000000000e+03 3.686150000000000091e+03
1.638000000000000000e+03 3.702150000000000091e+03
1.814000000000000000e+03 3.753900000000000091e+03
1.958000000000000000e+03 3.764250000000000000e+03
1.998000000000000000e+03 3.812450000000000273e+03
1.862000000000000000e+03 3.849150000000000091e+03
1.966000000000000000e+03 3.857450000000000273e+03
1.950000000000000000e+03 3.863550000000000182e+03
1.758000000000000000e+03 3.893550000000000182e+03
1.782000000000000000e+03 3.909800000000000182e+03
1.614000000000000000e+03 3.935099999999999909e+03
1.750000000000000000e+03 3.954050000000000182e+03
1.974000000000000000e+03 3.976099999999999909e+03
1.814000000000000000e+03 3.979450000000000273e+03
1.702000000000000000e+03 4.045200000000000273e+03
1.806000000000000000e+03 4.084849999999999909e+03
1.838000000000000000e+03 4.181449999999999818e+03
1.950000000000000000e+03 4.215550000000000182e+03
1.726000000000000000e+03 4.307649999999999636e+03
1.670000000000000000e+03 4.390900000000000546e+03
1.750000000000000000e+03 4.463550000000000182e+03
1.862000000000000000e+03 4.509900000000000546e+03
1.630000000000000000e+03 4.526800000000000182e+03
1.678000000000000000e+03 4.554100000000000364e+03
1.934000000000000000e+03 4.687100000000000364e+03
1.766000000000000000e+03 4.704800000000000182e+03
1.806000000000000000e+03 4.735300000000000182e+03
1.838000000000000000e+03 4.736250000000000000e+03
1.910000000000000000e+03 4.789000000000000000e+03
1.670000000000000000e+03 4.789250000000000000e+03
1.870000000000000000e+03 4.798750000000000000e+03
1.710000000000000000e+03 4.873800000000000182e+03
1.726000000000000000e+03 4.912850000000000364e+03
1.702000000000000000e+03 4.949250000000000000e+03
1.902000000000000000e+03 4.957100000000000364e+03
1.870000000000000000e+03 4.973750000000000000e+03
1.846000000000000000e+03 4.988800000000000182e+03
1.782000000000000000e+03 5.004350000000000364e+03
1.646000000000000000e+03 5.089350000000000364e+03
1.894000000000000000e+03 5.093400000000000546e+03
1.710000000000000000e+03 5.136300000000000182e+03
1.894000000000000000e+03 5.174550000000000182e+03
1.798000000000000000e+03 5.198000000000000000e+03
1.782000000000000000e+03 5.218250000000000000e+03
1.878000000000000000e+03 5.286150000000000546e+03
1.902000000000000000e+03 5.351699999999999818e+03
1.974000000000000000e+03 5.385650000000000546e+03
1.638000000000000000e+03 5.425800000000000182e+03
1.982000000000000000e+03 5.451500000000000000e+03
1.670000000000000000e+03 5.452650000000000546e+03
1.694000000000000000e+03 5.458500000000000000e+03
1.830000000000000000e+03 5.467800000000000182e+03
1.902000000000000000e+03 5.479900000000000546e+03
1.646000000000000000e+03 5.482350000000000364e+03
1.990000000000000000e+03 5.528699999999999818e+03
1.902000000000000000e+03 5.609199999999999818e+03
1.790000000000000000e+03 5.651400000000000546e+03
1.750000000000000000e+03 5.702750000000000000e+03
1.694000000000000000e+03 5.713050000000000182e+03
1.902000000000000000e+03 5.713100000000000364e+03
1.606000000000000000e+03 5.728350000000000364e+03
1.662000000000000000e+03 5.762449999999999818e+03
1.934000000000000000e+03 5.793550000000000182e+03
1.942000000000000000e+03 5.806800000000000182e+03
1.902000000000000000e+03 5.831800000000000182e+03
1.998000000000000000e+03 5.844500000000000000e+03
1.926000000000000000e+03 5.956900000000000546e+03
1.758000000000000000e+03 5.961199999999999818e+03
1.614000000000000000e+03 5.977000000000000000e+03
1.982000000000000000e+03 6.065900000000000546e+03
1.950000000000000000e+03 6.083449999999999818e+03
1.902000000000000000e+03 6.156000000000000000e+03
1.702000000000000000e+03 6.211600000000000364e+03
1.750000000000000000e+03 6.220850000000000364e+03
1.814000000000000000e+03 6.308550000000000182e+03
1.622000000000000000e+03 6.364449999999999818e+03
1.854000000000000000e+03 6.370449999999999818e+03
1.950000000000000000e+03 6.379500000000000000e+03
1.646000000000000000e+03 6.406550000000000182e+03
1.678000000000000000e+03 6.419650000000000546e+03
1.654000000000000000e+03 6.503850000000000364e+03
1.670000000000000000e+03 6.543949999999999818e+03
1.886000000000000000e+03 6.576800000000000182e+03
1.678000000000000000e+03 6.588900000000000546e+03
1.774000000000000000e+03 6.590150000000000546e+03
1.846000000000000000e+03 6.609750000000000000e+03
1.926000000000000000e+03 6.617900000000000546e+03
1.798000000000000000e+03 6.631250000000000000e+03
1.718000000000000000e+03 6.663100000000000364e+03
1.838000000000000000e+03 6.707350000000000364e+03
1.670000000000000000e+03 6.753000000000000000e+03
1.806000000000000000e+03 6.753100000000000364e+03
1.910000000000000000e+03 6.816650000000000546e+03
1.742000000000000000e+03 6.829350000000000364e+03
1.958000000000000000e+03 6.847699999999999818e+03
1.806000000000000000e+03 6.920000000000000000e+03
1.998000000000000000e+03 6.944699999999999818e+03
1.630000000000000000e+03 7.054500000000000000e+03
1.622000000000000000e+03 7.094000000000000000e+03
1.950000000000000000e+03 7.131400000000000546e+03
1.670000000000000000e+03 7.157100000000000364e+03
1.966000000000000000e+03 7.162150000000000546e+03
1.766000000000000000e+03 7.177050000000000182e+03
1.942000000000000000e+03 7.189100000000000364e+03
1.662000000000000000e+03 7.189850000000000364e+03
1.734000000000000000e+03 7.205949999999999818e+03
1.782000000000000000e+03 7.226449999999999818e+03
1.742000000000000000e+03 7.253100000000000364e+03
1.870000000000000000e+03 7.302400000000000546e+03
1.934000000000000000e+03 7.316449999999999818e+03
1.686000000000000000e+03 7.346199999999999818e+03
1.790000000000000000e+03 7.367199999999999818e+03
1.630000000000000000e+03 7.393900000000000546e+03
1.942000000000000000e+03 7.402900000000000546e+03
1.950000000000000000e+03 7.409350000000000364e+03
1.878000000000000000e+03 7.419600000000000364e+03
1.918000000000000000e+03 7.448000000000000000e+03
1.702000000000000000e+03 7.458050000000000182e+03
1.678000000000000000e+03 7.473750000000000000e+03
1.758000000000000000e+03 7.504199999999999818e+03
1.718000000000000000e+03 7.561050000000000182e+03
1.726000000000000000e+03 7.568600000000000364e+03
1.758000000000000000e+03 7.585250000000000000e+03
1.950000000000000000e+03 7.591949999999999818e+03
1.606000000000000000e+03 7.606500000000000000e+03
1.630000000000000000e+03 7.609150000000000546e+03
1.638000000000000000e+03 7.687850000000000364e+03
1.678000000000000000e+03 7.694500000000000000e+03
1.814000000000000000e+03 7.776050000000000182e+03
1.942000000000000000e+03 7.845550000000000182e+03
1.790000000000000000e+03 7.883350000000000364e+03
1.974000000000000000e+03 7.960500000000000000e+03
1.990000000000000000e+03 7.991750000000000000e+03
1.710000000000000000e+03 8.113250000000000000e+03
1.782000000000000000e+03 8.122100000000000364e+03
1.918000000000000000e+03 8.123800000000000182e+03
1.814000000000000000e+03 8.179400000000000546e+03
1.782000000000000000e+03 8.212750000000000000e+03
1.862000000000000000e+03 8.230750000000000000e+03
1.646000000000000000e+03 8.278049999999999272e+03
1.622000000000000000e+03 8.282850000000000364e+03
1.822000000000000000e+03 8.296049999999999272e+03
1.886000000000000000e+03 8.298899999999999636e+03
1.910000000000000000e+03 8.371399999999999636e+03
1.790000000000000000e+03 8.373100000000000364e+03
1.718000000000000000e+03 8.424700000000000728e+03
1.790000000000000000e+03 8.477600000000000364e+03
1.686000000000000000e+03 8.521899999999999636e+03
1.654000000000000000e+03 8.527850000000000364e+03
1.966000000000000000e+03 8.537549999999999272e+03
1.710000000000000000e+03 8.545850000000000364e+03
1.766000000000000000e+03 8.571600000000000364e+03
1.710000000000000000e+03 8.622000000000000000e+03
1.886000000000000000e+03 8.657850000000000364e+03
1.854000000000000000e+03 8.675500000000000000e+03
1.870000000000000000e+03 8.678600000000000364e+03
1.990000000000000000e+03 8.727549999999999272e+03
1.742000000000000000e+03 8.790950000000000728e+03
1.814000000000000000e+03 8.834350000000000364e+03
1.806000000000000000e+03 8.868399999999999636e+03
1.966000000000000000e+03 8.885149999999999636e+03
1.670000000000000000e+03 8.890149999999999636e+03
1.606000000000000000e+03 8.897350000000000364e+03
1.982000000000000000e+03 8.904250000000000000e+03
1.766000000000000000e+03 8.916899999999999636e+03
1.846000000000000000e+03 8.932750000000000000e+03
1.990000000000000000e+03 8.938050000000001091e+03
1.782000000000000000e+03 8.957350000000000364e+03
1.822000000000000000e+03 8.974700000000000728e+03
1.838000000000000000e+03 9.000350000000000364e+03
1.702000000000000000e+03 9.014250000000000000e+03
1.638000000000000000e+03 9.054950000000000728e+03
1.990000000000000000e+03 9.105200000000000728e+03
1.846000000000000000e+03 9.115350000000000364e+03
1.918000000000000000e+03 9.281350000000000364e+03
1.982000000000000000e+03 9.300700000000000728e+03
1.646000000000000000e+03 9.328899999999999636e+03
1.886000000000000000e+03 9.349950000000000728e+03
1.958000000000000000e+03 9.375149999999999636e+03
1.950000000000000000e+03 9.412899999999999636e+03
1.862000000000000000e+03 9.548350000000000364e+03
1.742000000000000000e+03 9.555050000000001091e+03
1.630000000000000000e+03 9.564050000000001091e+03
1.950000000000000000e+03 9.577950000000000728e+03
1.990000000000000000e+03 9.595899999999999636e+03
1.974000000000000000e+03 9.610600000000000364e+03
1.654000000000000000e+03 9.627950000000000728e+03
1.886000000000000000e+03 9.638850000000000364e+03
1.998000000000000000e+03 9.652649999999999636e+03
1.734000000000000000e+03 9.662850000000000364e+03
1.934000000000000000e+03 9.737450000000000728e+03
1.862000000000000000e+03 9.745450000000000728e+03
1.950000000000000000e+03 9.749300000000001091e+03
1.630000000000000000e+03 9.760050000000001091e+03
1.838000000000000000e+03 9.769100000000000364e+03
1.982000000000000000e+03 9.804950000000000728e+03
1.926000000000000000e+03 9.817899999999999636e+03
1.854000000000000000e+03 9.825350000000000364e+03
1.790000000000000000e+03 9.827300000000001091e+03
1.774000000000000000e+03 9.830750000000000000e+03
1.966000000000000000e+03 9.852149999999999636e+03
1.958000000000000000e+03 9.852800000000001091e+03
1.798000000000000000e+03 9.865950000000000728e+03
1.982000000000000000e+03 9.907899999999999636e+03
1.710000000000000000e+03 9.945149999999999636e+03
1.638000000000000000e+03 9.961050000000001091e+03
1.870000000000000000e+03 1.006605000000000109e+04
1.798000000000000000e+03 1.006910000000000036e+04
1.654000000000000000e+03 1.011410000000000036e+04
1.958000000000000000e+03 1.011505000000000109e+04
1.974000000000000000e+03 1.015275000000000000e+04
1.678000000000000000e+03 1.017610000000000036e+04
1.798000000000000000e+03 1.018360000000000036e+04
1.718000000000000000e+03 1.020560000000000036e+04
1.814000000000000000e+03 1.022814999999999964e+04
1.950000000000000000e+03 1.033920000000000073e+04
1.806000000000000000e+03 1.039780000000000109e+04
1.790000000000000000e+03 1.042050000000000000e+04
1.678000000000000000e+03 1.042714999999999964e+04
1.718000000000000000e+03 1.044995000000000073e+04
1.710000000000000000e+03 1.046805000000000109e+04
1.998000000000000000e+03 1.051885000000000036e+04
1.830000000000000000e+03 1.054910000000000036e+04
1.734000000000000000e+03 1.056330000000000109e+04
1.942000000000000000e+03 1.059375000000000000e+04
1.606000000000000000e+03 1.059895000000000073e+04
1.934000000000000000e+03 1.064755000000000109e+04
1.702000000000000000e+03 1.066039999999999964e+04
1.846000000000000000e+03 1.069860000000000036e+04
1.838000000000000000e+03 1.071250000000000000e+04
1.734000000000000000e+03 1.071964999999999964e+04
1.742000000000000000e+03 1.083439999999999964e+04
1.726000000000000000e+03 1.083770000000000073e+04
1.814000000000000000e+03 1.084250000000000000e+04
1.846000000000000000e+03 1.085664999999999964e+04
1.958000000000000000e+03 1.091895000000000073e+04
1.734000000000000000e+03 1.096700000000000000e+04
1.694000000000000000e+03 1.099210000000000036e+04
1.974000000000000000e+03 1.106210000000000036e+04
1.998000000000000000e+03 1.118185000000000036e+04
1.686000000000000000e+03 1.118739999999999964e+04
1.878000000000000000e+03 1.119135000000000036e+04
1.830000000000000000e+03 1.123114999999999964e+04
1.958000000000000000e+03 1.133020000000000073e+04
1.686000000000000000e+03 1.133639999999999964e+04
1.998000000000000000e+03 1.133820000000000073e+04
1.982000000000000000e+03 1.139125000000000000e+04
1.694000000000000000e+03 1.141820000000000073e+04
1.838000000000000000e+03 1.143445000000000073e+04
1.870000000000000000e+03 1.145639999999999964e+04
1.782000000000000000e+03 1.147039999999999964e+04
1.662000000000000000e+03 1.149410000000000036e+04
1.646000000000000000e+03 1.157220000000000073e+04
1.662000000000000000e+03 1.157980000000000109e+04
1.726000000000000000e+03 1.158405000000000109e+04
1.846000000000000000e+03 1.158570000000000073e+04
1.838000000000000000e+03 1.159825000000000000e+04
1.998000000000000000e+03 1.165325000000000000e+04
1.614000000000000000e+03 1.165400000000000000e+04
1.998000000000000000e+03 1.170370000000000073e+04
1.846000000000000000e+03 1.172375000000000000e+04
1.646000000000000000e+03 1.173095000000000073e+04
1.734000000000000000e+03 1.175145000000000073e+04
1.950000000000000000e+03 1.178610000000000036e+04
1.662000000000000000e+03 1.181910000000000036e+04
1.734000000000000000e+03 1.182239999999999964e+04
1.774000000000000000e+03 1.183625000000000000e+04
1.798000000000000000e+03 1.186614999999999964e+04
1.702000000000000000e+03 1.193214999999999964e+04
1.726000000000000000e+03 1.195530000000000109e+04
1.774000000000000000e+03 1.196639999999999964e+04
1.662000000000000000e+03 1.196730000000000109e+04
1.622000000000000000e+03 1.197495000000000073e+04
1.734000000000000000e+03 1.203185000000000036e+04
1.934000000000000000e+03 1.214335000000000036e+04
1.998000000000000000e+03 1.215450000000000000e+04
1.614000000000000000e+03 1.230985000000000036e+04
1.974000000000000000e+03 1.235880000000000109e+04
1.958000000000000000e+03 1.236270000000000073e+04
1.638000000000000000e+03 1.236725000000000000e+04
1.622000000000000000e+03 1.240245000000000073e+04
1.734000000000000000e+03 1.243685000000000036e+04
1.726000000000000000e+03 1.245160000000000036e+04
1.806000000000000000e+03 1.246910000000000036e+04
1.990000000000000000e+03 1.249110000000000036e+04
1.614000000000000000e+03 1.250964999999999964e+04
1.950000000000000000e+03 1.253564999999999964e+04
1.806000000000000000e+03 1.260489999999999964e+04
1.862000000000000000e+03 1.263055000000000109e+04
1.854000000000000000e+03 1.265000000000000000e+04
1.726000000000000000e+03 1.273000000000000000e+04
1.614000000000000000e+03 1.276855000000000109e+04
1.822000000000000000e+03 1.279535000000000036e+04
1.942000000000000000e+03 1.280705000000000109e+04
1.758000000000000000e+03 1.285539999999999964e+04
1.774000000000000000e+03 1.286420000000000073e+04
1.974000000000000000e+03 1.291205000000000109e+04
1.846000000000000000e+03 1.291850000000000000e+04
1.870000000000000000e+03 1.294050000000000000e+04
1.638000000000000000e+03 1.295970000000000073e+04
1.758000000000000000e+03 1.298489999999999964e+04
1.934000000000000000e+03 1.298550000000000000e+04
1.806000000000000000e+03 1.298680000000000109e+04
1.886000000000000000e+03 1.299964999999999964e+04
1.782000000000000000e+03 1.311114999999999964e+04
1.670000000000000000e+03 1.312600000000000000e+04
1.758000000000000000e+03 1.314995000000000073e+04
1.870000000000000000e+03 1.316160000000000036e+04
1.918000000000000000e+03 1.319470000000000073e+04
1.926000000000000000e+03 1.321960000000000036e+04
1.614000000000000000e+03 1.322830000000000109e+04
1.958000000000000000e+03 1.326560000000000036e+04
1.894000000000000000e+03 1.328089999999999964e+04
1.742000000000000000e+03 1.328780000000000109e+04
1.798000000000000000e+03 1.332114999999999964e+04
1.926000000000000000e+03 1.333155000000000109e+04
1.918000000000000000e+03 1.341180000000000109e+04
1.798000000000000000e+03 1.342064999999999964e+04
1.670000000000000000e+03 1.342625000000000000e+04
1.638000000000000000e+03 1.342889999999999964e+04
1.678000000000000000e+03 1.344114999999999964e+04
1.934000000000000000e+03 1.349080000000000109e+04
1.662000000000000000e+03 1.349339999999999964e+04
1.630000000000000000e+03 1.350260000000000036e+04
1.902000000000000000e+03 1.354205000000000109e+04
1.958000000000000000e+03 1.358610000000000036e+04
1.646000000000000000e+03 1.361320000000000073e+04
1.710000000000000000e+03 1.365845000000000073e+04
1.638000000000000000e+03 1.367945000000000073e+04
1.774000000000000000e+03 1.368639999999999964e+04
1.878000000000000000e+03 1.374055000000000109e+04
1.830000000000000000e+03 1.376060000000000036e+04
1.750000000000000000e+03 1.379785000000000036e+04
1.942000000000000000e+03 1.387735000000000036e+04
1.646000000000000000e+03 1.388275000000000000e+04
1.702000000000000000e+03 1.390425000000000000e+04
1.686000000000000000e+03 1.395414999999999964e+04
1.846000000000000000e+03 1.402370000000000073e+04
1.654000000000000000e+03 1.406735000000000036e+04
1.702000000000000000e+03 1.408435000000000036e+04
1.814000000000000000e+03 1.412214999999999964e+04
1.934000000000000000e+03 1.412564999999999964e+04
1.822000000000000000e+03 1.416389999999999964e+04
1.846000000000000000e+03 1.417139999999999964e+04
1.726000000000000000e+03 1.417920000000000073e+04
1.982000000000000000e+03 1.421380000000000109e+04
1.870000000000000000e+03 1.436760000000000036e+04
1.726000000000000000e+03 1.438430000000000109e+04
1.934000000000000000e+03 1.440414999999999964e+04
1.734000000000000000e+03 1.441735000000000036e+04
1.902000000000000000e+03 1.444200000000000000e+04
1.942000000000000000e+03 1.444410000000000036e+04
1.950000000000000000e+03 1.454770000000000073e+04
1.830000000000000000e+03 1.458010000000000036e+04
1.654000000000000000e+03 1.464070000000000073e+04
1.622000000000000000e+03 1.464125000000000000e+04
1.902000000000000000e+03 1.466750000000000000e+04
1.910000000000000000e+03 1.467380000000000109e+04
1.998000000000000000e+03 1.474050000000000000e+04
1.926000000000000000e+03 1.475820000000000073e+04
1.734000000000000000e+03 1.476770000000000073e+04
1.622000000000000000e+03 1.477789999999999964e+04
1.758000000000000000e+03 1.478820000000000073e+04
1.822000000000000000e+03 1.483870000000000073e+04
1.662000000000000000e+03 1.491500000000000000e+04
1.846000000000000000e+03 1.492614999999999964e+04
1.726000000000000000e+03 1.496020000000000073e+04
1.662000000000000000e+03 1.496380000000000109e+04
1.782000000000000000e+03 1.497210000000000036e+04
1.814000000000000000e+03 1.499210000000000036e+04
1.742000000000000000e+03 1.499389999999999964e+04
1.686000000000000000e+03 1.508089999999999964e+04
1.630000000000000000e+03 1.511110000000000036e+04
1.710000000000000000e+03 1.513214999999999964e+04
1.662000000000000000e+03 1.515600000000000000e+04
1.774000000000000000e+03 1.515895000000000073e+04
1.934000000000000000e+03 1.517210000000000036e+04
1.942000000000000000e+03 1.518110000000000036e+04
1.734000000000000000e+03 1.518775000000000000e+04
1.838000000000000000e+03 1.519510000000000036e+04
1.958000000000000000e+03 1.519655000000000109e+04
1.766000000000000000e+03 1.522885000000000036e+04
1.718000000000000000e+03 1.523464999999999964e+04
1.726000000000000000e+03 1.526839999999999964e+04
1.638000000000000000e+03 1.537830000000000109e+04
1.710000000000000000e+03 1.543114999999999964e+04
1.662000000000000000e+03 1.544420000000000073e+04
1.894000000000000000e+03 1.548675000000000000e+04
1.630000000000000000e+03 1.551305000000000109e+04
1.742000000000000000e+03 1.552280000000000109e+04
1.654000000000000000e+03 1.553330000000000109e+04
1.902000000000000000e+03 1.556605000000000109e+04
1.958000000000000000e+03 1.557680000000000109e+04
1.894000000000000000e+03 1.562100000000000000e+04
1.622000000000000000e+03 1.563535000000000036e+04
1.838000000000000000e+03 1.563820000000000073e+04
1.718000000000000000e+03 1.565695000000000073e+04
1.950000000000000000e+03 1.570139999999999964e+04
1.902000000000000000e+03 1.571420000000000073e+04
1.894000000000000000e+03 1.573300000000000000e+04
1.822000000000000000e+03 1.586945000000000073e+04
1.790000000000000000e+03 1.587889999999999964e+04
1.614000000000000000e+03 1.593014999999999964e+04
1.686000000000000000e+03 1.603475000000000000e+04
1.614000000000000000e+03 1.609720000000000073e+04
1.998000000000000000e+03 1.615685000000000036e+04
1.942000000000000000e+03 1.622280000000000109e+04
1.838000000000000000e+03 1.626180000000000109e+04
1.870000000000000000e+03 1.629720000000000073e+04
1.758000000000000000e+03 1.647175000000000000e+04
1.846000000000000000e+03 1.648040000000000146e+04
1.654000000000000000e+03 1.651095000000000073e+04
1.910000000000000000e+03 1.652159999999999854e+04
1.606000000000000000e+03 1.653734999999999854e+04
1.814000000000000000e+03 1.663879999999999927e+04
1.646000000000000000e+03 1.666315000000000146e+04
1.998000000000000000e+03 1.671879999999999927e+04
1.846000000000000000e+03 1.672465000000000146e+04
1.654000000000000000e+03 1.673215000000000146e+04
1.646000000000000000e+03 1.675659999999999854e+04
1.950000000000000000e+03 1.681934999999999854e+04
1.846000000000000000e+03 1.686104999999999927e+04
1.982000000000000000e+03 1.687579999999999927e+04
1.798000000000000000e+03 1.687600000000000000e+04
1.846000000000000000e+03 1.696804999999999927e+04
1.606000000000000000e+03 1.697220000000000073e+04
1.646000000000000000e+03 1.700054999999999927e+04
1.966000000000000000e+03 1.700184999999999854e+04
1.710000000000000000e+03 1.703550000000000000e+04
1.750000000000000000e+03 1.705845000000000073e+04
1.630000000000000000e+03 1.706695000000000073e+04
1.726000000000000000e+03 1.714484999999999854e+04
1.982000000000000000e+03 1.718690000000000146e+04
1.630000000000000000e+03 1.719345000000000073e+04
1.670000000000000000e+03 1.720515000000000146e+04
1.766000000000000000e+03 1.721104999999999927e+04
1.894000000000000000e+03 1.725009999999999854e+04
1.934000000000000000e+03 1.726454999999999927e+04
1.870000000000000000e+03 1.728484999999999854e+04
1.670000000000000000e+03 1.730850000000000000e+04
1.926000000000000000e+03 1.734375000000000000e+04
1.670000000000000000e+03 1.741504999999999927e+04
1.846000000000000000e+03 1.743829999999999927e+04
1.990000000000000000e+03 1.746479999999999927e+04
1.662000000000000000e+03 1.750195000000000073e+04
1.614000000000000000e+03 1.752560000000000218e+04
1.798000000000000000e+03 1.756425000000000000e+04
1.982000000000000000e+03 1.761275000000000000e+04
1.838000000000000000e+03 1.762585000000000218e+04
1.934000000000000000e+03 1.762620000000000073e+04
1.926000000000000000e+03 1.767595000000000073e+04
1.966000000000000000e+03 1.770990000000000146e+04
1.910000000000000000e+03 1.772460000000000218e+04
1.766000000000000000e+03 1.777970000000000073e+04
1.918000000000000000e+03 1.784815000000000146e+04
1.790000000000000000e+03 1.787185000000000218e+04
1.630000000000000000e+03 1.787979999999999927e+04
1.774000000000000000e+03 1.791835000000000218e+04
1.654000000000000000e+03 1.794960000000000218e+04
1.942000000000000000e+03 1.795265000000000146e+04
1.998000000000000000e+03 1.800110000000000218e+04
1.662000000000000000e+03 1.805170000000000073e+04
1.782000000000000000e+03 1.806429999999999927e+04
1.974000000000000000e+03 1.809070000000000073e+04
1.742000000000000000e+03 1.812375000000000000e+04
1.822000000000000000e+03 1.813779999999999927e+04
1.998000000000000000e+03 1.815150000000000000e+04
1.934000000000000000e+03 1.817870000000000073e+04
1.814000000000000000e+03 1.819035000000000218e+04
1.694000000000000000e+03 1.820770000000000073e+04
1.894000000000000000e+03 1.821650000000000000e+04
1.622000000000000000e+03 1.823385000000000218e+04
1.958000000000000000e+03 1.825990000000000146e+04
1.878000000000000000e+03 1.829850000000000000e+04
1.798000000000000000e+03 1.837654999999999927e+04
1.638000000000000000e+03 1.839365000000000146e+04
1.678000000000000000e+03 1.841004999999999927e+04
1.686000000000000000e+03 1.854679999999999927e+04
1.798000000000000000e+03 1.854795000000000073e+04
1.950000000000000000e+03 1.857665000000000146e+04
1.718000000000000000e+03 1.858075000000000000e+04
1.670000000000000000e+03 1.859615000000000146e+04
1.614000000000000000e+03 1.859970000000000073e+04
1.998000000000000000e+03 1.872035000000000218e+04
1.862000000000000000e+03 1.872175000000000000e+04
1.670000000000000000e+03 1.882150000000000000e+04
1.622000000000000000e+03 1.884635000000000218e+04
1.670000000000000000e+03 1.892015000000000146e+04
1.710000000000000000e+03 1.898545000000000073e+04
1.966000000000000000e+03 1.898810000000000218e+04
1.782000000000000000e+03 1.900925000000000000e+04
1.846000000000000000e+03 1.900985000000000218e+04
1.886000000000000000e+03 1.902400000000000000e+04
1.606000000000000000e+03 1.905590000000000146e+04
1.806000000000000000e+03 1.907115000000000146e+04
1.774000000000000000e+03 1.908090000000000146e+04
1.646000000000000000e+03 1.908375000000000000e+04
1.630000000000000000e+03 1.909904999999999927e+04
1.798000000000000000e+03 1.913804999999999927e+04
1.702000000000000000e+03 1.913829999999999927e+04
1.982000000000000000e+03 1.915160000000000218e+04
1.678000000000000000e+03 1.917350000000000000e+04
1.950000000000000000e+03 1.923945000000000073e+04
1.742000000000000000e+03 1.925575000000000000e+04
1.918000000000000000e+03 1.930570000000000073e+04
1.998000000000000000e+03 1.935865000000000146e+04
1.606000000000000000e+03 1.950920000000000073e+04
1.670000000000000000e+03 1.954995000000000073e+04
1.718000000000000000e+03 1.955115000000000146e+04
1.846000000000000000e+03 1.955400000000000000e+04
1.942000000000000000e+03 1.958670000000000073e+04
1.606000000000000000e+03 1.969150000000000000e+04
1.774000000000000000e+03 1.972970000000000073e+04
1.838000000000000000e+03 1.978710000000000218e+04
1.766000000000000000e+03 1.981485000000000218e+04
1.854000000000000000e+03 1.984620000000000073e+04
1.902000000000000000e+03 1.986804999999999927e+04
1.838000000000000000e+03 1.988040000000000146e+04
1.958000000000000000e+03 1.993029999999999927e+04
1.814000000000000000e+03 1.994300000000000000e+04
1.678000000000000000e+03 1.996620000000000073e+04
1.662000000000000000e+03 1.998875000000000000e+04
1.934000000000000000e+03 2.000620000000000073e+04
1.958000000000000000e+03 2.004395000000000073e+04
1.782000000000000000e+03 2.014560000000000218e+04
1.910000000000000000e+03 2.016604999999999927e+04
1.774000000000000000e+03 2.020420000000000073e+04
1.686000000000000000e+03 2.021975000000000000e+04
1.702000000000000000e+03 2.024320000000000073e+04
1.822000000000000000e+03 2.028265000000000146e+04
1.702000000000000000e+03 2.030770000000000073e+04
1.766000000000000000e+03 2.032950000000000000e+04
1.862000000000000000e+03 2.034610000000000218e+04
1.630000000000000000e+03 2.036320000000000073e+04
1.694000000000000000e+03 2.041000000000000000e+04
1.974000000000000000e+03 2.041600000000000000e+04
1.814000000000000000e+03 2.044650000000000000e+04
1.854000000000000000e+03 2.044840000000000146e+04
1.630000000000000000e+03 2.047635000000000218e+04
1.950000000000000000e+03 2.051195000000000073e+04
1.958000000000000000e+03 2.051729999999999927e+04
1.902000000000000000e+03 2.052970000000000073e+04
1.838000000000000000e+03 2.057945000000000073e+04
1.782000000000000000e+03 2.058629999999999927e+04
1.910000000000000000e+03 2.059015000000000146e+04
1.726000000000000000e+03 2.059590000000000146e+04
1.694000000000000000e+03 2.060025000000000000e+04
1.702000000000000000e+03 2.063515000000000146e+04
1.934000000000000000e+03 2.073070000000000073e+04
1.630000000000000000e+03 2.074385000000000218e+04
1.774000000000000000e+03 2.076065000000000146e+04
1.998000000000000000e+03 2.084479999999999927e+04
1.710000000000000000e+03 2.086079999999999927e+04
1.926000000000000000e+03 2.088540000000000146e+04
1.782000000000000000e+03 2.089090000000000146e+04
1.934000000000000000e+03 2.090200000000000000e+04
1.758000000000000000e+03 2.092720000000000073e+04
1.838000000000000000e+03 2.102265000000000146e+04
1.630000000000000000e+03 2.102479999999999927e+04
1.798000000000000000e+03 2.104175000000000000e+04
1.814000000000000000e+03 2.105335000000000218e+04
1.854000000000000000e+03 2.105560000000000218e+04
1.830000000000000000e+03 2.106865000000000146e+04
1.758000000000000000e+03 2.108760000000000218e+04
1.750000000000000000e+03 2.109804999999999927e+04
1.950000000000000000e+03 2.116479999999999927e+04
1.686000000000000000e+03 2.116845000000000073e+04
1.670000000000000000e+03 2.117095000000000073e+04
1.934000000000000000e+03 2.117140000000000146e+04
1.902000000000000000e+03 2.118304999999999927e+04
1.742000000000000000e+03 2.118329999999999927e+04
1.710000000000000000e+03 2.120745000000000073e+04
1.966000000000000000e+03 2.130870000000000073e+04
1.990000000000000000e+03 2.132475000000000000e+04
1.694000000000000000e+03 2.142404999999999927e+04
1.942000000000000000e+03 2.142675000000000000e+04
1.686000000000000000e+03 2.142704999999999927e+04
1.838000000000000000e+03 2.147340000000000146e+04
1.998000000000000000e+03 2.147360000000000218e+04
1.630000000000000000e+03 2.150485000000000218e+04
1.718000000000000000e+03 2.151015000000000146e+04
1.790000000000000000e+03 2.159015000000000146e+04
1.686000000000000000e+03 2.162435000000000218e+04
1.958000000000000000e+03 2.163035000000000218e+04
1.702000000000000000e+03 2.163504999999999927e+04
1.742000000000000000e+03 2.164629999999999927e+04
1.766000000000000000e+03 2.167850000000000000e+04
1.982000000000000000e+03 2.179950000000000000e+04
1.662000000000000000e+03 2.180125000000000000e+04
1.990000000000000000e+03 2.188600000000000000e+04
1.838000000000000000e+03 2.190985000000000218e+04
1.982000000000000000e+03 2.197420000000000073e+04
1.662000000000000000e+03 2.198154999999999927e+04
1.758000000000000000e+03 2.198750000000000000e+04
1.790000000000000000e+03 2.198835000000000218e+04
1.862000000000000000e+03 2.203029999999999927e+04
1.894000000000000000e+03 2.206470000000000073e+04
1.726000000000000000e+03 2.213760000000000218e+04
1.662000000000000000e+03 2.215090000000000146e+04
1.958000000000000000e+03 2.218135000000000218e+04
1.806000000000000000e+03 2.237400000000000000e+04
1.710000000000000000e+03 2.245395000000000073e+04
1.678000000000000000e+03 2.246740000000000146e+04
1.942000000000000000e+03 2.249015000000000146e+04
1.638000000000000000e+03 2.252135000000000218e+04
1.726000000000000000e+03 2.255585000000000218e+04
1.934000000000000000e+03 2.262415000000000146e+04
1.654000000000000000e+03 2.268695000000000073e+04
1.694000000000000000e+03 2.274575000000000000e+04
1.718000000000000000e+03 2.276075000000000000e+04
1.806000000000000000e+03 2.280570000000000073e+04
1.870000000000000000e+03 2.281360000000000218e+04
1.886000000000000000e+03 2.285379999999999927e+04
1.774000000000000000e+03 2.287204999999999927e+04
1.910000000000000000e+03 2.287279999999999927e+04
1.894000000000000000e+03 2.290304999999999927e+04
1.814000000000000000e+03 2.292435000000000218e+04
1.638000000000000000e+03 2.300929999999999927e+04
1.870000000000000000e+03 2.304250000000000000e+04
1.630000000000000000e+03 2.309929999999999927e+04
1.670000000000000000e+03 2.309935000000000218e+04
1.926000000000000000e+03 2.311695000000000073e+04
1.758000000000000000e+03 2.312990000000000146e+04
1.718000000000000000e+03 2.313500000000000000e+04
1.854000000000000000e+03 2.316750000000000000e+04
1.838000000000000000e+03 2.321110000000000218e+04
1.622000000000000000e+03 2.323479999999999927e+04
1.758000000000000000e+03 2.326660000000000218e+04
1.902000000000000000e+03 2.326829999999999927e+04
1.686000000000000000e+03 2.329665000000000146e+04
1.694000000000000000e+03 2.332670000000000073e+04
1.990000000000000000e+03 2.334395000000000073e+04
1.958000000000000000e+03 2.344895000000000073e+04
1.926000000000000000e+03 2.349354999999999927e+04
1.862000000000000000e+03 2.351115000000000146e+04
1.718000000000000000e+03 2.355965000000000146e+04
1.790000000000000000e+03 2.359045000000000073e+04
1.990000000000000000e+03 2.361385000000000218e+04
1.774000000000000000e+03 2.362740000000000146e+04
1.710000000000000000e+03 2.368250000000000000e+04
1.814000000000000000e+03 2.372940000000000146e+04
1.670000000000000000e+03 2.374095000000000073e+04
1.638000000000000000e+03 2.380260000000000218e+04
1.926000000000000000e+03 2.383804999999999927e+04
1.694000000000000000e+03 2.386190000000000146e+04
1.870000000000000000e+03 2.388935000000000218e+04
1.630000000000000000e+03 2.389915000000000146e+04
1.726000000000000000e+03 2.397585000000000218e+04
1.742000000000000000e+03 2.398204999999999927e+04
1.822000000000000000e+03 2.398545000000000073e+04
1.838000000000000000e+03 2.400379999999999927e+04
1.630000000000000000e+03 2.403745000000000073e+04
1.998000000000000000e+03 2.407760000000000218e+04
1.782000000000000000e+03 2.414700000000000000e+04
1.750000000000000000e+03 2.417679999999999927e+04
1.798000000000000000e+03 2.420790000000000146e+04
1.782000000000000000e+03 2.420865000000000146e+04
1.614000000000000000e+03 2.424790000000000146e+04
1.694000000000000000e+03 2.426170000000000073e+04
1.766000000000000000e+03 2.432235000000000218e+04
1.982000000000000000e+03 2.437304999999999927e+04
1.742000000000000000e+03 2.440715000000000146e+04
1.854000000000000000e+03 2.440850000000000000e+04
1.958000000000000000e+03 2.441825000000000000e+04
1.878000000000000000e+03 2.442985000000000218e+04
1.894000000000000000e+03 2.443720000000000073e+04
1.798000000000000000e+03 2.446375000000000000e+04
1.838000000000000000e+03 2.457390000000000146e+04
1.974000000000000000e+03 2.457440000000000146e+04
1.910000000000000000e+03 2.462035000000000218e+04
1.654000000000000000e+03 2.462929999999999927e+04
1.966000000000000000e+03 2.467285000000000218e+04
1.902000000000000000e+03 2.474579999999999927e+04
1.958000000000000000e+03 2.475095000000000073e+04
1.686000000000000000e+03 2.478285000000000218e+04
1.702000000000000000e+03 2.479590000000000146e+04
1.662000000000000000e+03 2.479985000000000218e+04
1.622000000000000000e+03 2.483140000000000146e+04
1.678000000000000000e+03 2.487520000000000073e+04
1.798000000000000000e+03 2.493235000000000218e+04
1.974000000000000000e+03 2.497975000000000000e+04
1.870000000000000000e+03 2.499454999999999927e+04
1.678000000000000000e+03 2.506695000000000073e+04
1.998000000000000000e+03 2.510935000000000218e+04
1.638000000000000000e+03 2.511485000000000218e+04
1.702000000000000000e+03 2.512065000000000146e+04
1.662000000000000000e+03 2.512160000000000218e+04
1.958000000000000000e+03 2.513490000000000146e+04
1.678000000000000000e+03 2.529429999999999927e+04
1.950000000000000000e+03 2.529429999999999927e+04
1.814000000000000000e+03 2.535960000000000218e+04
1.982000000000000000e+03 2.536200000000000000e+04
1.894000000000000000e+03 2.539620000000000073e+04
1.774000000000000000e+03 2.541895000000000073e+04
1.742000000000000000e+03 2.542029999999999927e+04
1.782000000000000000e+03 2.544585000000000218e+04
1.654000000000000000e+03 2.544645000000000073e+04
1.926000000000000000e+03 2.553400000000000000e+04
1.934000000000000000e+03 2.559365000000000146e+04
1.606000000000000000e+03 2.569760000000000218e+04
1.894000000000000000e+03 2.569940000000000146e+04
1.918000000000000000e+03 2.571485000000000218e+04
1.766000000000000000e+03 2.576215000000000146e+04
1.822000000000000000e+03 2.576404999999999927e+04
1.982000000000000000e+03 2.583425000000000000e+04
1.918000000000000000e+03 2.591660000000000218e+04
1.958000000000000000e+03 2.591670000000000073e+04
1.638000000000000000e+03 2.596325000000000000e+04
1.878000000000000000e+03 2.601740000000000146e+04
1.870000000000000000e+03 2.605545000000000073e+04
1.934000000000000000e+03 2.606175000000000000e+04
1.966000000000000000e+03 2.612195000000000073e+04
1.782000000000000000e+03 2.615650000000000000e+04
1.718000000000000000e+03 2.615829999999999927e+04
1.982000000000000000e+03 2.617479999999999927e+04
1.838000000000000000e+03 2.622710000000000218e+04
1.902000000000000000e+03 2.625854999999999927e+04
1.870000000000000000e+03 2.627754999999999927e+04
1.758000000000000000e+03 2.630710000000000218e+04
1.990000000000000000e+03 2.633640000000000146e+04
1.998000000000000000e+03 2.634985000000000218e+04
1.710000000000000000e+03 2.635295000000000073e+04
1.638000000000000000e+03 2.636604999999999927e+04
1.934000000000000000e+03 2.638965000000000146e+04
1.726000000000000000e+03 2.641140000000000146e+04
1.846000000000000000e+03 2.651454999999999927e+04
1.974000000000000000e+03 2.652490000000000146e+04
1.670000000000000000e+03 2.652875000000000000e+04
1.934000000000000000e+03 2.659600000000000000e+04
1.726000000000000000e+03 2.661635000000000218e+04
1.670000000000000000e+03 2.663785000000000218e+04
1.998000000000000000e+03 2.677220000000000073e+04
1.918000000000000000e+03 2.683829999999999927e+04
1.950000000000000000e+03 2.688304999999999927e+04
1.774000000000000000e+03 2.695375000000000000e+04
1.614000000000000000e+03 2.697645000000000073e+04
1.886000000000000000e+03 2.699279999999999927e+04
1.958000000000000000e+03 2.699540000000000146e+04
1.942000000000000000e+03 2.704765000000000146e+04
1.870000000000000000e+03 2.709245000000000073e+04
1.606000000000000000e+03 2.715600000000000000e+04
1.990000000000000000e+03 2.716370000000000073e+04
1.630000000000000000e+03 2.719610000000000218e+04
1.862000000000000000e+03 2.725485000000000218e+04
1.718000000000000000e+03 2.731815000000000146e+04
1.918000000000000000e+03 2.733970000000000073e+04
1.998000000000000000e+03 2.735120000000000073e+04
1.726000000000000000e+03 2.740365000000000146e+04
1.918000000000000000e+03 2.746050000000000000e+04
1.838000000000000000e+03 2.750220000000000073e+04
1.910000000000000000e+03 2.750410000000000218e+04
1.790000000000000000e+03 2.751475000000000000e+04
1.742000000000000000e+03 2.759815000000000146e+04
1.990000000000000000e+03 2.761450000000000000e+04
1.854000000000000000e+03 2.761915000000000146e+04
1.614000000000000000e+03 2.766254999999999927e+04
1.974000000000000000e+03 2.770665000000000146e+04
1.638000000000000000e+03 2.770985000000000218e+04
1.614000000000000000e+03 2.772020000000000073e+04
1.622000000000000000e+03 2.773035000000000218e+04
1.950000000000000000e+03 2.776710000000000218e+04
1.782000000000000000e+03 2.777870000000000073e+04
1.798000000000000000e+03 2.777979999999999927e+04
1.694000000000000000e+03 2.779675000000000000e+04
1.862000000000000000e+03 2.790340000000000146e+04
1.678000000000000000e+03 2.793540000000000146e+04
1.790000000000000000e+03 2.794300000000000000e+04
1.927000000000000000e+03 1.520000000000000000e+02
1.623000000000000000e+03 1.881500000000000057e+02
1.751000000000000000e+03 2.384000000000000057e+02
1.647000000000000000e+03 3.001999999999999886e+02
1.943000000000000000e+03 3.351000000000000227e+02
1.751000000000000000e+03 3.445500000000000114e+02
1.887000000000000000e+03 3.776000000000000227e+02
1.847000000000000000e+03 3.895500000000000114e+02
1.815000000000000000e+03 3.901500000000000341e+02
1.999000000000000000e+03 4.026000000000000227e+02
1.871000000000000000e+03 4.027500000000000000e+02
1.919000000000000000e+03 4.147500000000000000e+02
1.647000000000000000e+03 4.448500000000000227e+02
1.663000000000000000e+03 4.519000000000000341e+02
1.735000000000000000e+03 5.863000000000000682e+02
1.887000000000000000e+03 6.338999999999999773e+02
1.895000000000000000e+03 6.646499999999999773e+02
1.647000000000000000e+03 7.019500000000000455e+02
1.615000000000000000e+03 7.252000000000000455e+02
1.759000000000000000e+03 7.428500000000000227e+02
1.863000000000000000e+03 8.368000000000000682e+02
1.959000000000000000e+03 8.495500000000000682e+02
1.799000000000000000e+03 9.557000000000000455e+02
1.655000000000000000e+03 9.698999999999999773e+02
1.631000000000000000e+03 9.706000000000000227e+02
1.783000000000000000e+03 9.727500000000000000e+02
1.727000000000000000e+03 1.016149999999999977e+03
1.607000000000000000e+03 1.091900000000000091e+03
1.983000000000000000e+03 1.100049999999999955e+03
1.919000000000000000e+03 1.132350000000000136e+03
1.663000000000000000e+03 1.150900000000000091e+03
1.727000000000000000e+03 1.183549999999999955e+03
1.871000000000000000e+03 1.217799999999999955e+03
1.815000000000000000e+03 1.252450000000000045e+03
1.767000000000000000e+03 1.306400000000000091e+03
1.735000000000000000e+03 1.308400000000000091e+03
1.663000000000000000e+03 1.327850000000000136e+03
1.607000000000000000e+03 1.369150000000000091e+03
1.671000000000000000e+03 1.485600000000000136e+03
1.991000000000000000e+03 1.497049999999999955e+03
1.615000000000000000e+03 1.514350000000000136e+03
1.999000000000000000e+03 1.516400000000000091e+03
1.959000000000000000e+03 1.578600000000000136e+03
1.815000000000000000e+03 1.599150000000000091e+03
1.671000000000000000e+03 1.601549999999999955e+03
1.687000000000000000e+03 1.608100000000000136e+03
1.911000000000000000e+03 1.660400000000000091e+03
1.751000000000000000e+03 1.780750000000000000e+03
1.967000000000000000e+03 1.782950000000000045e+03
1.615000000000000000e+03 1.810650000000000091e+03
1.735000000000000000e+03 1.827049999999999955e+03
1.711000000000000000e+03 1.925549999999999955e+03
1.855000000000000000e+03 1.929400000000000091e+03
1.903000000000000000e+03 1.930799999999999955e+03
1.631000000000000000e+03 1.940850000000000136e+03
1.615000000000000000e+03 1.942049999999999955e+03
1.719000000000000000e+03 2.035299999999999955e+03
1.967000000000000000e+03 2.063199999999999818e+03
1.759000000000000000e+03 2.096400000000000091e+03
1.607000000000000000e+03 2.111449999999999818e+03
1.895000000000000000e+03 2.160949999999999818e+03
1.615000000000000000e+03 2.164000000000000000e+03
1.663000000000000000e+03 2.166849999999999909e+03
1.919000000000000000e+03 2.173750000000000000e+03
1.887000000000000000e+03 2.185050000000000182e+03
1.935000000000000000e+03 2.223200000000000273e+03
1.655000000000000000e+03 2.225300000000000182e+03
1.999000000000000000e+03 2.254200000000000273e+03
1.783000000000000000e+03 2.257849999999999909e+03
1.687000000000000000e+03 2.375550000000000182e+03
1.767000000000000000e+03 2.403700000000000273e+03
1.887000000000000000e+03 2.403849999999999909e+03
1.759000000000000000e+03 2.404099999999999909e+03
1.695000000000000000e+03 2.416450000000000273e+03
1.895000000000000000e+03 2.456050000000000182e+03
1.671000000000000000e+03 2.479650000000000091e+03
1.647000000000000000e+03 2.529300000000000182e+03
1.855000000000000000e+03 2.609550000000000182e+03
1.711000000000000000e+03 2.614849999999999909e+03
1.727000000000000000e+03 2.627550000000000182e+03
1.663000000000000000e+03 2.627700000000000273e+03
1.743000000000000000e+03 2.720700000000000273e+03
1.663000000000000000e+03 2.721450000000000273e+03
1.687000000000000000e+03 2.722400000000000091e+03
1.623000000000000000e+03 2.778650000000000091e+03
1.735000000000000000e+03 2.784300000000000182e+03
1.727000000000000000e+03 2.831800000000000182e+03
1.767000000000000000e+03 2.834000000000000000e+03
1.631000000000000000e+03 2.862349999999999909e+03
1.711000000000000000e+03 2.863000000000000000e+03
1.831000000000000000e+03 2.885450000000000273e+03
1.719000000000000000e+03 2.965550000000000182e+03
1.631000000000000000e+03 3.015700000000000273e+03
1.799000000000000000e+03 3.017250000000000000e+03
1.943000000000000000e+03 3.049450000000000273e+03
1.759000000000000000e+03 3.093150000000000091e+03
1.823000000000000000e+03 3.117300000000000182e+03
1.615000000000000000e+03 3.145500000000000000e+03
1.607000000000000000e+03 3.149500000000000000e+03
1.615000000000000000e+03 3.206000000000000000e+03
1.807000000000000000e+03 3.215099999999999909e+03
1.935000000000000000e+03 3.240700000000000273e+03
1.991000000000000000e+03 3.241349999999999909e+03
1.847000000000000000e+03 3.294500000000000000e+03
1.655000000000000000e+03 3.298950000000000273e+03
1.863000000000000000e+03 3.365950000000000273e+03
1.743000000000000000e+03 3.379400000000000091e+03
1.735000000000000000e+03 3.399099999999999909e+03
1.855000000000000000e+03 3.406500000000000000e+03
1.999000000000000000e+03 3.458750000000000000e+03
1.775000000000000000e+03 3.464200000000000273e+03
1.791000000000000000e+03 3.467250000000000000e+03
1.647000000000000000e+03 3.562849999999999909e+03
1.727000000000000000e+03 3.639950000000000273e+03
1.639000000000000000e+03 3.667550000000000182e+03
1.775000000000000000e+03 3.678650000000000091e+03
1.711000000000000000e+03 3.727150000000000091e+03
1.791000000000000000e+03 3.747500000000000000e+03
1.623000000000000000e+03 3.752300000000000182e+03
1.999000000000000000e+03 3.757099999999999909e+03
1.647000000000000000e+03 3.762750000000000000e+03
1.815000000000000000e+03 3.764250000000000000e+03
1.663000000000000000e+03 3.774000000000000000e+03
1.951000000000000000e+03 3.783250000000000000e+03
1.879000000000000000e+03 3.883550000000000182e+03
1.751000000000000000e+03 3.885950000000000273e+03
1.623000000000000000e+03 3.910599999999999909e+03
1.767000000000000000e+03 3.943550000000000182e+03
1.895000000000000000e+03 3.981849999999999909e+03
1.791000000000000000e+03 4.004900000000000091e+03
1.719000000000000000e+03 4.016849999999999909e+03
1.671000000000000000e+03 4.052550000000000182e+03
1.759000000000000000e+03 4.069250000000000000e+03
1.623000000000000000e+03 4.092000000000000000e+03
1.983000000000000000e+03 4.162149999999999636e+03
1.743000000000000000e+03 4.218899999999999636e+03
1.887000000000000000e+03 4.240850000000000364e+03
1.975000000000000000e+03 4.273300000000000182e+03
1.999000000000000000e+03 4.362949999999999818e+03
1.751000000000000000e+03 4.377250000000000000e+03
1.671000000000000000e+03 4.538449999999999818e+03
1.863000000000000000e+03 4.633500000000000000e+03
1.919000000000000000e+03 4.763350000000000364e+03
1.647000000000000000e+03 4.780050000000000182e+03
1.887000000000000000e+03 4.811199999999999818e+03
1.815000000000000000e+03 4.860199999999999818e+03
1.967000000000000000e+03 5.052800000000000182e+03
1.839000000000000000e+03 5.079699999999999818e+03
1.639000000000000000e+03 5.088400000000000546e+03
1.815000000000000000e+03 5.131650000000000546e+03
1.655000000000000000e+03 5.158100000000000364e+03
1.991000000000000000e+03 5.200199999999999818e+03
1.695000000000000000e+03 5.270449999999999818e+03
1.991000000000000000e+03 5.273600000000000364e+03
1.711000000000000000e+03 5.277000000000000000e+03
1.623000000000000000e+03 5.303449999999999818e+03
1.799000000000000000e+03 5.409050000000000182e+03
1.871000000000000000e+03 5.452400000000000546e+03
1.647000000000000000e+03 5.529850000000000364e+03
1.679000000000000000e+03 5.536150000000000546e+03
1.671000000000000000e+03 5.549199999999999818e+03
1.791000000000000000e+03 5.558949999999999818e+03
1.879000000000000000e+03 5.581449999999999818e+03
1.687000000000000000e+03 5.703650000000000546e+03
1.759000000000000000e+03 5.774900000000000546e+03
1.671000000000000000e+03 5.849350000000000364e+03
1.815000000000000000e+03 5.857900000000000546e+03
1.871000000000000000e+03 5.869650000000000546e+03
1.911000000000000000e+03 5.879650000000000546e+03
1.975000000000000000e+03 5.891949999999999818e+03
1.639000000000000000e+03 5.972250000000000000e+03
1.623000000000000000e+03 5.975150000000000546e+03
1.743000000000000000e+03 5.996400000000000546e+03
1.775000000000000000e+03 6.001000000000000000e+03
1.711000000000000000e+03 6.201250000000000000e+03
1.919000000000000000e+03 6.206699999999999818e+03
1.871000000000000000e+03 6.222699999999999818e+03
1.895000000000000000e+03 6.229500000000000000e+03
1.671000000000000000e+03 6.279550000000000182e+03
1.719000000000000000e+03 6.286150000000000546e+03
1.807000000000000000e+03 6.289400000000000546e+03
1.759000000000000000e+03 6.311500000000000000e+03
1.911000000000000000e+03 6.324600000000000364e+03
1.663000000000000000e+03 6.491650000000000546e+03
1.887000000000000000e+03 6.500400000000000546e+03
1.719000000000000000e+03 6.614500000000000000e+03
1.951000000000000000e+03 6.620100000000000364e+03
1.823000000000000000e+03 6.631900000000000546e+03
1.943000000000000000e+03 6.664850000000000364e+03
1.935000000000000000e+03 6.696550000000000182e+03
1.959000000000000000e+03 6.738750000000000000e+03
1.767000000000000000e+03 6.739300000000000182e+03
1.911000000000000000e+03 6.739600000000000364e+03
1.991000000000000000e+03 6.793850000000000364e+03
1.711000000000000000e+03 6.804400000000000546e+03
1.615000000000000000e+03 6.808250000000000000e+03
1.951000000000000000e+03 6.863650000000000546e+03
1.647000000000000000e+03 6.889000000000000000e+03
1.631000000000000000e+03 6.918400000000000546e+03
1.991000000000000000e+03 6.960199999999999818e+03
1.783000000000000000e+03 6.978650000000000546e+03
1.935000000000000000e+03 6.991350000000000364e+03
1.735000000000000000e+03 7.036550000000000182e+03
1.847000000000000000e+03 7.038449999999999818e+03
1.799000000000000000e+03 7.044050000000000182e+03
1.719000000000000000e+03 7.046350000000000364e+03
1.903000000000000000e+03 7.115000000000000000e+03
1.767000000000000000e+03 7.117650000000000546e+03
1.927000000000000000e+03 7.208949999999999818e+03
1.959000000000000000e+03 7.215400000000000546e+03
1.807000000000000000e+03 7.341400000000000546e+03
1.871000000000000000e+03 7.459199999999999818e+03
1.711000000000000000e+03 7.487250000000000000e+03
1.775000000000000000e+03 7.530650000000000546e+03
1.879000000000000000e+03 7.532199999999999818e+03
1.927000000000000000e+03 7.607949999999999818e+03
1.863000000000000000e+03 7.659600000000000364e+03
1.631000000000000000e+03 7.693949999999999818e+03
1.911000000000000000e+03 7.710300000000000182e+03
1.943000000000000000e+03 7.776199999999999818e+03
1.887000000000000000e+03 7.799350000000000364e+03
1.655000000000000000e+03 7.845050000000000182e+03
1.975000000000000000e+03 7.855600000000000364e+03
1.631000000000000000e+03 7.888750000000000000e+03
1.951000000000000000e+03 7.911050000000000182e+03
1.959000000000000000e+03 7.927150000000000546e+03
1.863000000000000000e+03 7.934400000000000546e+03
1.799000000000000000e+03 7.960550000000000182e+03
1.815000000000000000e+03 8.038850000000000364e+03
1.671000000000000000e+03 8.039449999999999818e+03
1.647000000000000000e+03 8.056800000000000182e+03
1.799000000000000000e+03 8.106699999999999818e+03
1.767000000000000000e+03 8.108300000000000182e+03
1.807000000000000000e+03 8.112150000000000546e+03
1.831000000000000000e+03 8.132050000000000182e+03
1.671000000000000000e+03 8.184550000000000182e+03
1.847000000000000000e+03 8.204649999999999636e+03
1.967000000000000000e+03 8.215350000000000364e+03
1.655000000000000000e+03 8.275799999999999272e+03
1.767000000000000000e+03 8.290899999999999636e+03
1.703000000000000000e+03 8.293600000000000364e+03
1.831000000000000000e+03 8.309299999999999272e+03
1.735000000000000000e+03 8.342399999999999636e+03
1.791000000000000000e+03 8.361450000000000728e+03
1.783000000000000000e+03 8.381399999999999636e+03
1.975000000000000000e+03 8.448950000000000728e+03
1.927000000000000000e+03 8.500250000000000000e+03
1.799000000000000000e+03 8.546350000000000364e+03
1.895000000000000000e+03 8.598350000000000364e+03
1.663000000000000000e+03 8.616399999999999636e+03
1.775000000000000000e+03 8.616750000000000000e+03
1.967000000000000000e+03 8.627549999999999272e+03
1.959000000000000000e+03 8.716899999999999636e+03
1.815000000000000000e+03 8.770250000000000000e+03
1.687000000000000000e+03 8.814700000000000728e+03
1.887000000000000000e+03 8.816450000000000728e+03
1.695000000000000000e+03 8.848149999999999636e+03
1.823000000000000000e+03 8.890300000000001091e+03
1.871000000000000000e+03 8.902750000000000000e+03
1.903000000000000000e+03 9.049450000000000728e+03
1.751000000000000000e+03 9.135450000000000728e+03
1.927000000000000000e+03 9.158050000000001091e+03
1.711000000000000000e+03 9.212149999999999636e+03
1.951000000000000000e+03 9.281100000000000364e+03
1.823000000000000000e+03 9.374300000000001091e+03
1.887000000000000000e+03 9.391899999999999636e+03
1.711000000000000000e+03 9.495000000000000000e+03
1.887000000000000000e+03 9.505250000000000000e+03
1.759000000000000000e+03 9.573399999999999636e+03
1.983000000000000000e+03 9.584200000000000728e+03
1.991000000000000000e+03 9.607950000000000728e+03
1.815000000000000000e+03 9.631000000000000000e+03
1.695000000000000000e+03 9.661399999999999636e+03
1.839000000000000000e+03 9.739649999999999636e+03
1.711000000000000000e+03 9.774649999999999636e+03
1.919000000000000000e+03 9.781750000000000000e+03
1.791000000000000000e+03 9.795350000000000364e+03
1.895000000000000000e+03 9.868800000000001091e+03
1.879000000000000000e+03 9.919850000000000364e+03
1.919000000000000000e+03 9.930649999999999636e+03
1.895000000000000000e+03 9.972899999999999636e+03
1.623000000000000000e+03 1.002285000000000036e+04
1.783000000000000000e+03 1.017655000000000109e+04
1.735000000000000000e+03 1.018280000000000109e+04
1.815000000000000000e+03 1.022089999999999964e+04
1.935000000000000000e+03 1.022425000000000000e+04
1.607000000000000000e+03 1.023710000000000036e+04
1.943000000000000000e+03 1.030975000000000000e+04
1.639000000000000000e+03 1.034720000000000073e+04
1.679000000000000000e+03 1.036189999999999964e+04
1.743000000000000000e+03 1.037320000000000073e+04
1.703000000000000000e+03 1.038239999999999964e+04
1.735000000000000000e+03 1.040589999999999964e+04
1.815000000000000000e+03 1.041725000000000000e+04
1.831000000000000000e+03 1.041870000000000073e+04
1.663000000000000000e+03 1.044230000000000109e+04
1.695000000000000000e+03 1.045430000000000109e+04
1.623000000000000000e+03 1.046800000000000000e+04
1.847000000000000000e+03 1.046855000000000109e+04
1.783000000000000000e+03 1.047360000000000036e+04
1.647000000000000000e+03 1.052155000000000109e+04
1.679000000000000000e+03 1.053339999999999964e+04
1.743000000000000000e+03 1.060139999999999964e+04
1.855000000000000000e+03 1.061014999999999964e+04
1.991000000000000000e+03 1.063539999999999964e+04
1.831000000000000000e+03 1.065600000000000000e+04
1.951000000000000000e+03 1.067525000000000000e+04
1.871000000000000000e+03 1.068830000000000109e+04
1.911000000000000000e+03 1.079305000000000109e+04
1.943000000000000000e+03 1.079750000000000000e+04
1.663000000000000000e+03 1.081760000000000036e+04
1.911000000000000000e+03 1.085714999999999964e+04
1.887000000000000000e+03 1.088585000000000036e+04
1.663000000000000000e+03 1.092275000000000000e+04
1.791000000000000000e+03 1.092589999999999964e+04
1.647000000000000000e+03 1.101285000000000036e+04
1.959000000000000000e+03 1.101580000000000109e+04
1.919000000000000000e+03 1.107745000000000073e+04
1.927000000000000000e+03 1.113355000000000109e+04
1.855000000000000000e+03 1.121610000000000036e+04
1.639000000000000000e+03 1.124705000000000109e+04
1.839000000000000000e+03 1.138180000000000109e+04
1.679000000000000000e+03 1.144495000000000073e+04
1.783000000000000000e+03 1.146770000000000073e+04
1.711000000000000000e+03 1.151480000000000109e+04
1.967000000000000000e+03 1.152925000000000000e+04
1.671000000000000000e+03 1.152985000000000036e+04
1.647000000000000000e+03 1.153145000000000073e+04
1.639000000000000000e+03 1.155660000000000036e+04
1.623000000000000000e+03 1.157225000000000000e+04
1.935000000000000000e+03 1.159214999999999964e+04
1.799000000000000000e+03 1.162770000000000073e+04
1.615000000000000000e+03 1.165339999999999964e+04
1.671000000000000000e+03 1.165860000000000036e+04
1.703000000000000000e+03 1.169425000000000000e+04
1.935000000000000000e+03 1.171705000000000109e+04
1.815000000000000000e+03 1.172610000000000036e+04
1.775000000000000000e+03 1.179250000000000000e+04
1.767000000000000000e+03 1.185785000000000036e+04
1.799000000000000000e+03 1.191889999999999964e+04
1.991000000000000000e+03 1.198825000000000000e+04
1.831000000000000000e+03 1.203785000000000036e+04
1.831000000000000000e+03 1.213075000000000000e+04
1.775000000000000000e+03 1.217430000000000109e+04
1.847000000000000000e+03 1.219914999999999964e+04
1.863000000000000000e+03 1.222355000000000109e+04
1.607000000000000000e+03 1.222835000000000036e+04
1.687000000000000000e+03 1.223875000000000000e+04
1.879000000000000000e+03 1.229660000000000036e+04
1.623000000000000000e+03 1.230239999999999964e+04
1.871000000000000000e+03 1.230964999999999964e+04
1.743000000000000000e+03 1.234680000000000109e+04
1.671000000000000000e+03 1.238645000000000073e+04
1.735000000000000000e+03 1.242695000000000073e+04
1.767000000000000000e+03 1.248364999999999964e+04
1.743000000000000000e+03 1.252075000000000000e+04
1.623000000000000000e+03 1.252100000000000000e+04
1.847000000000000000e+03 1.257000000000000000e+04
1.775000000000000000e+03 1.265125000000000000e+04
1.951000000000000000e+03 1.265910000000000036e+04
1.871000000000000000e+03 1.270595000000000073e+04
1.767000000000000000e+03 1.275960000000000036e+04
1.631000000000000000e+03 1.277045000000000073e+04
1.903000000000000000e+03 1.280625000000000000e+04
1.743000000000000000e+03 1.283550000000000000e+04
1.975000000000000000e+03 1.286039999999999964e+04
1.767000000000000000e+03 1.287685000000000036e+04
1.799000000000000000e+03 1.288005000000000109e+04
1.959000000000000000e+03 1.289510000000000036e+04
1.639000000000000000e+03 1.291385000000000036e+04
1.895000000000000000e+03 1.291495000000000073e+04
1.663000000000000000e+03 1.297980000000000109e+04
1.967000000000000000e+03 1.300139999999999964e+04
1.919000000000000000e+03 1.302435000000000036e+04
1.727000000000000000e+03 1.308520000000000073e+04
1.759000000000000000e+03 1.314255000000000109e+04
1.943000000000000000e+03 1.324560000000000036e+04
1.903000000000000000e+03 1.324614999999999964e+04
1.671000000000000000e+03 1.337680000000000109e+04
1.839000000000000000e+03 1.342364999999999964e+04
1.871000000000000000e+03 1.346095000000000073e+04
1.807000000000000000e+03 1.348720000000000073e+04
1.711000000000000000e+03 1.348770000000000073e+04
1.775000000000000000e+03 1.353675000000000000e+04
1.735000000000000000e+03 1.354625000000000000e+04
1.983000000000000000e+03 1.356835000000000036e+04
1.975000000000000000e+03 1.360555000000000109e+04
1.799000000000000000e+03 1.373414999999999964e+04
1.775000000000000000e+03 1.380250000000000000e+04
1.815000000000000000e+03 1.384655000000000109e+04
1.919000000000000000e+03 1.386680000000000109e+04
1.703000000000000000e+03 1.387860000000000036e+04
1.663000000000000000e+03 1.388060000000000036e+04
1.879000000000000000e+03 1.389589999999999964e+04
1.999000000000000000e+03 1.390220000000000073e+04
1.975000000000000000e+03 1.400620000000000073e+04
1.647000000000000000e+03 1.403520000000000073e+04
1.775000000000000000e+03 1.403639999999999964e+04
1.695000000000000000e+03 1.408255000000000109e+04
1.911000000000000000e+03 1.411214999999999964e+04
1.895000000000000000e+03 1.413989999999999964e+04
1.615000000000000000e+03 1.415570000000000073e+04
1.863000000000000000e+03 1.415845000000000073e+04
1.807000000000000000e+03 1.419820000000000073e+04
1.679000000000000000e+03 1.421850000000000000e+04
1.831000000000000000e+03 1.422350000000000000e+04
1.879000000000000000e+03 1.428220000000000073e+04
1.807000000000000000e+03 1.429550000000000000e+04
1.991000000000000000e+03 1.441414999999999964e+04
1.855000000000000000e+03 1.458164999999999964e+04
1.903000000000000000e+03 1.463655000000000109e+04
1.767000000000000000e+03 1.470395000000000073e+04
1.711000000000000000e+03 1.472555000000000109e+04
1.807000000000000000e+03 1.473745000000000073e+04
1.655000000000000000e+03 1.473925000000000000e+04
1.887000000000000000e+03 1.478610000000000036e+04
1.775000000000000000e+03 1.480005000000000109e+04
1.679000000000000000e+03 1.489270000000000073e+04
1.655000000000000000e+03 1.490964999999999964e+04
1.799000000000000000e+03 1.491414999999999964e+04
1.607000000000000000e+03 1.495200000000000000e+04
1.887000000000000000e+03 1.495314999999999964e+04
1.943000000000000000e+03 1.497114999999999964e+04
1.655000000000000000e+03 1.498725000000000000e+04
1.863000000000000000e+03 1.499385000000000036e+04
1.695000000000000000e+03 1.507970000000000073e+04
1.815000000000000000e+03 1.508860000000000036e+04
1.895000000000000000e+03 1.509139999999999964e+04
1.855000000000000000e+03 1.510064999999999964e+04
1.935000000000000000e+03 1.510900000000000000e+04
1.831000000000000000e+03 1.511225000000000000e+04
1.743000000000000000e+03 1.514585000000000036e+04
1.719000000000000000e+03 1.517300000000000000e+04
1.679000000000000000e+03 1.518330000000000109e+04
1.631000000000000000e+03 1.521180000000000109e+04
1.823000000000000000e+03 1.524800000000000000e+04
1.879000000000000000e+03 1.525995000000000073e+04
1.991000000000000000e+03 1.526385000000000036e+04
1.647000000000000000e+03 1.526405000000000109e+04
1.679000000000000000e+03 1.528935000000000036e+04
1.839000000000000000e+03 1.536600000000000000e+04
1.775000000000000000e+03 1.536750000000000000e+04
1.959000000000000000e+03 1.540675000000000000e+04
1.631000000000000000e+03 1.544405000000000109e+04
1.663000000000000000e+03 1.547605000000000109e+04
1.855000000000000000e+03 1.547620000000000073e+04
1.631000000000000000e+03 1.558595000000000073e+04
1.759000000000000000e+03 1.565655000000000109e+04
1.999000000000000000e+03 1.569295000000000073e+04
1.815000000000000000e+03 1.571600000000000000e+04
1.879000000000000000e+03 1.575250000000000000e+04
1.943000000000000000e+03 1.579135000000000036e+04
1.823000000000000000e+03 1.579970000000000073e+04
1.983000000000000000e+03 1.583030000000000109e+04
1.743000000000000000e+03 1.583214999999999964e+04
1.791000000000000000e+03 1.601875000000000000e+04
1.879000000000000000e+03 1.604014999999999964e+04
1.719000000000000000e+03 1.604810000000000036e+04
1.951000000000000000e+03 1.606514999999999964e+04
1.887000000000000000e+03 1.606660000000000036e+04
1.911000000000000000e+03 1.607410000000000036e+04
1.927000000000000000e+03 1.608805000000000109e+04
1.943000000000000000e+03 1.611975000000000000e+04
1.679000000000000000e+03 1.614625000000000000e+04
1.759000000000000000e+03 1.615595000000000073e+04
1.943000000000000000e+03 1.618800000000000000e+04
1.791000000000000000e+03 1.620695000000000073e+04
1.871000000000000000e+03 1.620780000000000109e+04
1.663000000000000000e+03 1.622025000000000000e+04
1.775000000000000000e+03 1.622350000000000000e+04
1.655000000000000000e+03 1.623485000000000036e+04
1.823000000000000000e+03 1.624195000000000073e+04
1.975000000000000000e+03 1.625670000000000073e+04
1.903000000000000000e+03 1.627639999999999964e+04
1.823000000000000000e+03 1.633680000000000109e+04
1.615000000000000000e+03 1.635050000000000000e+04
1.647000000000000000e+03 1.639920000000000073e+04
1.775000000000000000e+03 1.644915000000000146e+04
1.967000000000000000e+03 1.645790000000000146e+04
1.767000000000000000e+03 1.652340000000000146e+04
1.799000000000000000e+03 1.656675000000000000e+04
1.807000000000000000e+03 1.659140000000000146e+04
1.743000000000000000e+03 1.660095000000000073e+04
1.719000000000000000e+03 1.667800000000000000e+04
1.903000000000000000e+03 1.675429999999999927e+04
1.991000000000000000e+03 1.677075000000000000e+04
1.935000000000000000e+03 1.679329999999999927e+04
1.959000000000000000e+03 1.683875000000000000e+04
1.895000000000000000e+03 1.688490000000000146e+04
1.927000000000000000e+03 1.689465000000000146e+04
1.687000000000000000e+03 1.691195000000000073e+04
1.735000000000000000e+03 1.695245000000000073e+04
1.743000000000000000e+03 1.702520000000000073e+04
1.847000000000000000e+03 1.705050000000000000e+04
1.831000000000000000e+03 1.706495000000000073e+04
1.943000000000000000e+03 1.709654999999999927e+04
1.999000000000000000e+03 1.711770000000000073e+04
1.959000000000000000e+03 1.712954999999999927e+04
1.951000000000000000e+03 1.713054999999999927e+04
1.983000000000000000e+03 1.714084999999999854e+04
1.799000000000000000e+03 1.715209999999999854e+04
1.671000000000000000e+03 1.716920000000000073e+04
1.647000000000000000e+03 1.721245000000000073e+04
1.847000000000000000e+03 1.725140000000000146e+04
1.791000000000000000e+03 1.725265000000000146e+04
1.887000000000000000e+03 1.729070000000000073e+04
1.775000000000000000e+03 1.730170000000000073e+04
1.815000000000000000e+03 1.736345000000000073e+04
1.703000000000000000e+03 1.737600000000000000e+04
1.687000000000000000e+03 1.741784999999999854e+04
1.895000000000000000e+03 1.748954999999999927e+04
1.615000000000000000e+03 1.760135000000000218e+04
1.943000000000000000e+03 1.762550000000000000e+04
1.719000000000000000e+03 1.766610000000000218e+04
1.887000000000000000e+03 1.766610000000000218e+04
1.679000000000000000e+03 1.766620000000000073e+04
1.967000000000000000e+03 1.769175000000000000e+04
1.799000000000000000e+03 1.774795000000000073e+04
1.871000000000000000e+03 1.778229999999999927e+04
1.703000000000000000e+03 1.780254999999999927e+04
1.943000000000000000e+03 1.784450000000000000e+04
1.815000000000000000e+03 1.796815000000000146e+04
1.895000000000000000e+03 1.800150000000000000e+04
1.687000000000000000e+03 1.808990000000000146e+04
1.679000000000000000e+03 1.810160000000000218e+04
1.951000000000000000e+03 1.813829999999999927e+04
1.911000000000000000e+03 1.830625000000000000e+04
1.951000000000000000e+03 1.830945000000000073e+04
1.855000000000000000e+03 1.834479999999999927e+04
1.975000000000000000e+03 1.839454999999999927e+04
1.655000000000000000e+03 1.844179999999999927e+04
1.983000000000000000e+03 1.852954999999999927e+04
1.831000000000000000e+03 1.856220000000000073e+04
1.799000000000000000e+03 1.856770000000000073e+04
1.695000000000000000e+03 1.857479999999999927e+04
1.903000000000000000e+03 1.858279999999999927e+04
1.775000000000000000e+03 1.858429999999999927e+04
1.751000000000000000e+03 1.862435000000000218e+04
1.991000000000000000e+03 1.872045000000000073e+04
1.727000000000000000e+03 1.872390000000000146e+04
1.927000000000000000e+03 1.874265000000000146e+04
1.783000000000000000e+03 1.878490000000000146e+04
1.991000000000000000e+03 1.880200000000000000e+04
1.919000000000000000e+03 1.880465000000000146e+04
1.663000000000000000e+03 1.884995000000000073e+04
1.655000000000000000e+03 1.885945000000000073e+04
1.895000000000000000e+03 1.889585000000000218e+04
1.855000000000000000e+03 1.890325000000000000e+04
1.807000000000000000e+03 1.892960000000000218e+04
1.655000000000000000e+03 1.899560000000000218e+04
1.663000000000000000e+03 1.901040000000000146e+04
1.719000000000000000e+03 1.901379999999999927e+04
1.831000000000000000e+03 1.901675000000000000e+04
1.743000000000000000e+03 1.904110000000000218e+04
1.863000000000000000e+03 1.904885000000000218e+04
1.647000000000000000e+03 1.906520000000000073e+04
1.887000000000000000e+03 1.911075000000000000e+04
1.711000000000000000e+03 1.916904999999999927e+04
1.615000000000000000e+03 1.918420000000000073e+04
1.935000000000000000e+03 1.918500000000000000e+04
1.679000000000000000e+03 1.923875000000000000e+04
1.743000000000000000e+03 1.925270000000000073e+04
1.999000000000000000e+03 1.926150000000000000e+04
1.903000000000000000e+03 1.931320000000000073e+04
1.911000000000000000e+03 1.931375000000000000e+04
1.727000000000000000e+03 1.934695000000000073e+04
1.743000000000000000e+03 1.945479999999999927e+04
1.927000000000000000e+03 1.947920000000000073e+04
1.815000000000000000e+03 1.955135000000000218e+04
1.791000000000000000e+03 1.956404999999999927e+04
1.727000000000000000e+03 1.959904999999999927e+04
1.799000000000000000e+03 1.961440000000000146e+04
1.839000000000000000e+03 1.968085000000000218e+04
1.815000000000000000e+03 1.968629999999999927e+04
1.775000000000000000e+03 1.971765000000000146e+04
1.799000000000000000e+03 1.972985000000000218e+04
1.807000000000000000e+03 1.976265000000000146e+04
1.767000000000000000e+03 1.977085000000000218e+04
1.703000000000000000e+03 1.977195000000000073e+04
1.759000000000000000e+03 1.982804999999999927e+04
1.903000000000000000e+03 1.988940000000000146e+04
1.623000000000000000e+03 1.997879999999999927e+04
1.935000000000000000e+03 2.000354999999999927e+04
1.951000000000000000e+03 2.001229999999999927e+04
1.615000000000000000e+03 2.002390000000000146e+04
1.767000000000000000e+03 2.002729999999999927e+04
1.959000000000000000e+03 2.005285000000000218e+04
1.719000000000000000e+03 2.005515000000000146e+04
1.911000000000000000e+03 2.006035000000000218e+04
1.927000000000000000e+03 2.010010000000000218e+04
1.903000000000000000e+03 2.010760000000000218e+04
1.871000000000000000e+03 2.030985000000000218e+04
1.751000000000000000e+03 2.032260000000000218e+04
1.879000000000000000e+03 2.032329999999999927e+04
1.727000000000000000e+03 2.033865000000000146e+04
1.927000000000000000e+03 2.037185000000000218e+04
1.671000000000000000e+03 2.038754999999999927e+04
1.879000000000000000e+03 2.043050000000000000e+04
1.855000000000000000e+03 2.048060000000000218e+04
1.959000000000000000e+03 2.053200000000000000e+04
1.823000000000000000e+03 2.058379999999999927e+04
1.711000000000000000e+03 2.061345000000000073e+04
1.927000000000000000e+03 2.062754999999999927e+04
1.775000000000000000e+03 2.067715000000000146e+04
1.751000000000000000e+03 2.071910000000000218e+04
1.623000000000000000e+03 2.073370000000000073e+04
1.879000000000000000e+03 2.073954999999999927e+04
1.847000000000000000e+03 2.076185000000000218e+04
1.927000000000000000e+03 2.078420000000000073e+04
1.735000000000000000e+03 2.081204999999999927e+04
1.863000000000000000e+03 2.082610000000000218e+04
1.919000000000000000e+03 2.082710000000000218e+04
1.799000000000000000e+03 2.082765000000000146e+04
1.639000000000000000e+03 2.087054999999999927e+04
1.807000000000000000e+03 2.091020000000000073e+04
1.991000000000000000e+03 2.092785000000000218e+04
1.743000000000000000e+03 2.094450000000000000e+04
1.823000000000000000e+03 2.096229999999999927e+04
1.791000000000000000e+03 2.098595000000000073e+04
1.815000000000000000e+03 2.100275000000000000e+04
1.903000000000000000e+03 2.100290000000000146e+04
1.799000000000000000e+03 2.102845000000000073e+04
1.671000000000000000e+03 2.107129999999999927e+04
1.719000000000000000e+03 2.108825000000000000e+04
1.831000000000000000e+03 2.109760000000000218e+04
1.847000000000000000e+03 2.113879999999999927e+04
1.991000000000000000e+03 2.121920000000000073e+04
1.623000000000000000e+03 2.122515000000000146e+04
1.767000000000000000e+03 2.124779999999999927e+04
1.671000000000000000e+03 2.129275000000000000e+04
1.839000000000000000e+03 2.133504999999999927e+04
1.655000000000000000e+03 2.134679999999999927e+04
1.607000000000000000e+03 2.134790000000000146e+04
1.887000000000000000e+03 2.142604999999999927e+04
1.823000000000000000e+03 2.148645000000000073e+04
1.663000000000000000e+03 2.153600000000000000e+04
1.927000000000000000e+03 2.155810000000000218e+04
1.743000000000000000e+03 2.156190000000000146e+04
1.871000000000000000e+03 2.157785000000000218e+04
1.671000000000000000e+03 2.159150000000000000e+04
1.839000000000000000e+03 2.164175000000000000e+04
1.719000000000000000e+03 2.165920000000000073e+04
1.631000000000000000e+03 2.167725000000000000e+04
1.991000000000000000e+03 2.170935000000000218e+04
1.991000000000000000e+03 2.180070000000000073e+04
1.943000000000000000e+03 2.182575000000000000e+04
1.943000000000000000e+03 2.191415000000000146e+04
1.703000000000000000e+03 2.195135000000000218e+04
1.879000000000000000e+03 2.205765000000000146e+04
1.903000000000000000e+03 2.207710000000000218e+04
1.959000000000000000e+03 2.213929999999999927e+04
1.943000000000000000e+03 2.219025000000000000e+04
1.695000000000000000e+03 2.219090000000000146e+04
1.839000000000000000e+03 2.220510000000000218e+04
1.871000000000000000e+03 2.222404999999999927e+04
1.663000000000000000e+03 2.223875000000000000e+04
1.927000000000000000e+03 2.224660000000000218e+04
1.903000000000000000e+03 2.232835000000000218e+04
1.751000000000000000e+03 2.232885000000000218e+04
1.967000000000000000e+03 2.238265000000000146e+04
1.879000000000000000e+03 2.240320000000000073e+04
1.647000000000000000e+03 2.242965000000000146e+04
1.839000000000000000e+03 2.248110000000000218e+04
1.703000000000000000e+03 2.249020000000000073e+04
1.695000000000000000e+03 2.249800000000000000e+04
1.687000000000000000e+03 2.250010000000000218e+04
1.855000000000000000e+03 2.253545000000000073e+04
1.823000000000000000e+03 2.258165000000000146e+04
1.647000000000000000e+03 2.259260000000000218e+04
1.871000000000000000e+03 2.267825000000000000e+04
1.695000000000000000e+03 2.268675000000000000e+04
1.759000000000000000e+03 2.268879999999999927e+04
1.623000000000000000e+03 2.272395000000000073e+04
1.711000000000000000e+03 2.277910000000000218e+04
1.615000000000000000e+03 2.278740000000000146e+04
1.639000000000000000e+03 2.284360000000000218e+04
1.919000000000000000e+03 2.287779999999999927e+04
1.903000000000000000e+03 2.291220000000000073e+04
1.847000000000000000e+03 2.296785000000000218e+04
1.783000000000000000e+03 2.301400000000000000e+04
1.735000000000000000e+03 2.307025000000000000e+04
1.687000000000000000e+03 2.310350000000000000e+04
1.999000000000000000e+03 2.312935000000000218e+04
1.927000000000000000e+03 2.317729999999999927e+04
1.687000000000000000e+03 2.318554999999999927e+04
1.719000000000000000e+03 2.319140000000000146e+04
1.903000000000000000e+03 2.320379999999999927e+04
1.695000000000000000e+03 2.324045000000000073e+04
1.791000000000000000e+03 2.326970000000000073e+04
1.999000000000000000e+03 2.329045000000000073e+04
1.943000000000000000e+03 2.332600000000000000e+04
1.751000000000000000e+03 2.342679999999999927e+04
1.727000000000000000e+03 2.348510000000000218e+04
1.631000000000000000e+03 2.354895000000000073e+04
1.695000000000000000e+03 2.356229999999999927e+04
1.679000000000000000e+03 2.357550000000000000e+04
1.807000000000000000e+03 2.364500000000000000e+04
1.623000000000000000e+03 2.366210000000000218e+04
1.703000000000000000e+03 2.368545000000000073e+04
1.743000000000000000e+03 2.369454999999999927e+04
1.887000000000000000e+03 2.371975000000000000e+04
1.615000000000000000e+03 2.372104999999999927e+04
1.783000000000000000e+03 2.375354999999999927e+04
1.639000000000000000e+03 2.379510000000000218e+04
1.903000000000000000e+03 2.381200000000000000e+04
1.679000000000000000e+03 2.385275000000000000e+04
1.807000000000000000e+03 2.386165000000000146e+04
1.999000000000000000e+03 2.392140000000000146e+04
1.935000000000000000e+03 2.396090000000000146e+04
1.807000000000000000e+03 2.398470000000000073e+04
1.743000000000000000e+03 2.403510000000000218e+04
1.927000000000000000e+03 2.405325000000000000e+04
1.807000000000000000e+03 2.405660000000000218e+04
1.983000000000000000e+03 2.414570000000000073e+04
1.679000000000000000e+03 2.429460000000000218e+04
1.687000000000000000e+03 2.430070000000000073e+04
1.783000000000000000e+03 2.433375000000000000e+04
1.887000000000000000e+03 2.435340000000000146e+04
1.903000000000000000e+03 2.437240000000000146e+04
1.759000000000000000e+03 2.440500000000000000e+04
1.647000000000000000e+03 2.441004999999999927e+04
1.735000000000000000e+03 2.443545000000000073e+04
1.687000000000000000e+03 2.449979999999999927e+04
1.935000000000000000e+03 2.475529999999999927e+04
1.983000000000000000e+03 2.475604999999999927e+04
1.663000000000000000e+03 2.476850000000000000e+04
1.887000000000000000e+03 2.481379999999999927e+04
1.727000000000000000e+03 2.485029999999999927e+04
1.983000000000000000e+03 2.490075000000000000e+04
1.791000000000000000e+03 2.494345000000000073e+04
1.895000000000000000e+03 2.502790000000000146e+04
1.623000000000000000e+03 2.511990000000000146e+04
1.943000000000000000e+03 2.512115000000000146e+04
1.887000000000000000e+03 2.526300000000000000e+04
1.791000000000000000e+03 2.529110000000000218e+04
1.623000000000000000e+03 2.535910000000000218e+04
1.655000000000000000e+03 2.536529999999999927e+04
1.863000000000000000e+03 2.538979999999999927e+04
1.631000000000000000e+03 2.539035000000000218e+04
1.743000000000000000e+03 2.540710000000000218e+04
1.695000000000000000e+03 2.545715000000000146e+04
1.815000000000000000e+03 2.545785000000000218e+04
1.735000000000000000e+03 2.547970000000000073e+04
1.935000000000000000e+03 2.547965000000000146e+04
1.919000000000000000e+03 2.549935000000000218e+04
1.623000000000000000e+03 2.552254999999999927e+04
1.831000000000000000e+03 2.552320000000000073e+04
1.735000000000000000e+03 2.553915000000000146e+04
1.823000000000000000e+03 2.555304999999999927e+04
1.703000000000000000e+03 2.555325000000000000e+04
1.639000000000000000e+03 2.555475000000000000e+04
1.695000000000000000e+03 2.561704999999999927e+04
1.959000000000000000e+03 2.562879999999999927e+04
1.815000000000000000e+03 2.564840000000000146e+04
1.647000000000000000e+03 2.575065000000000146e+04
1.663000000000000000e+03 2.576340000000000146e+04
1.855000000000000000e+03 2.578850000000000000e+04
1.847000000000000000e+03 2.580104999999999927e+04
1.799000000000000000e+03 2.589054999999999927e+04
1.951000000000000000e+03 2.590600000000000000e+04
1.639000000000000000e+03 2.590990000000000146e+04
1.647000000000000000e+03 2.598650000000000000e+04
1.903000000000000000e+03 2.603590000000000146e+04
1.919000000000000000e+03 2.606310000000000218e+04
1.751000000000000000e+03 2.611665000000000146e+04
1.623000000000000000e+03 2.611804999999999927e+04
1.655000000000000000e+03 2.614975000000000000e+04
1.943000000000000000e+03 2.616460000000000218e+04
1.927000000000000000e+03 2.625010000000000218e+04
1.783000000000000000e+03 2.626250000000000000e+04
1.991000000000000000e+03 2.627010000000000218e+04
1.999000000000000000e+03 2.632875000000000000e+04
1.839000000000000000e+03 2.634900000000000000e+04
1.759000000000000000e+03 2.635095000000000073e+04
1.919000000000000000e+03 2.636550000000000000e+04
1.815000000000000000e+03 2.636940000000000146e+04
1.911000000000000000e+03 2.638465000000000146e+04
1.743000000000000000e+03 2.639120000000000073e+04
1.807000000000000000e+03 2.647340000000000146e+04
1.975000000000000000e+03 2.647529999999999927e+04
1.983000000000000000e+03 2.649379999999999927e+04
1.655000000000000000e+03 2.649829999999999927e+04
1.703000000000000000e+03 2.649885000000000218e+04
1.943000000000000000e+03 2.652154999999999927e+04
1.695000000000000000e+03 2.653045000000000073e+04
1.839000000000000000e+03 2.654565000000000146e+04
1.783000000000000000e+03 2.667740000000000146e+04
1.911000000000000000e+03 2.670220000000000073e+04
1.903000000000000000e+03 2.673715000000000146e+04
1.719000000000000000e+03 2.675210000000000218e+04
1.655000000000000000e+03 2.677795000000000073e+04
1.815000000000000000e+03 2.682204999999999927e+04
1.639000000000000000e+03 2.684335000000000218e+04
1.919000000000000000e+03 2.685079999999999927e+04
1.951000000000000000e+03 2.687585000000000218e+04
1.615000000000000000e+03 2.691645000000000073e+04
1.623000000000000000e+03 2.692979999999999927e+04
1.999000000000000000e+03 2.695254999999999927e+04
1.775000000000000000e+03 2.696385000000000218e+04
1.983000000000000000e+03 2.699125000000000000e+04
1.783000000000000000e+03 2.712275000000000000e+04
1.959000000000000000e+03 2.714765000000000146e+04
1.999000000000000000e+03 2.715695000000000073e+04
1.743000000000000000e+03 2.720065000000000146e+04
1.951000000000000000e+03 2.720654999999999927e+04
1.671000000000000000e+03 2.721750000000000000e+04
1.679000000000000000e+03 2.724090000000000146e+04
1.663000000000000000e+03 2.730900000000000000e+04
1.847000000000000000e+03 2.736265000000000146e+04
1.855000000000000000e+03 2.738770000000000073e+04
1.983000000000000000e+03 2.739145000000000073e+04
1.959000000000000000e+03 2.746754999999999927e+04
1.607000000000000000e+03 2.747000000000000000e+04
1.639000000000000000e+03 2.754804999999999927e+04
1.935000000000000000e+03 2.755315000000000146e+04
1.615000000000000000e+03 2.756270000000000073e+04
1.679000000000000000e+03 2.756279999999999927e+04
1.655000000000000000e+03 2.759410000000000218e+04
1.695000000000000000e+03 2.761150000000000000e+04
1.751000000000000000e+03 2.773129999999999927e+04
1.999000000000000000e+03 2.773460000000000218e+04
1.807000000000000000e+03 2.774575000000000000e+04
1.919000000000000000e+03 2.777360000000000218e+04
1.847000000000000000e+03 2.778129999999999927e+04
1.911000000000000000e+03 2.783335000000000218e+04
1.751000000000000000e+03 2.788604999999999927e+04
1.679000000000000000e+03 2.789665000000000146e+04
1.823000000000000000e+03 2.799870000000000073e+04
