8.000000000000000000e+00 4.298000000000000114e+02
4.000000000000000000e+01 4.890000000000000000e+02
1.600000000000000000e+01 6.227500000000000000e+02
4.000000000000000000e+01 1.268400000000000091e+03
2.400000000000000000e+01 1.492350000000000136e+03
4.800000000000000000e+01 1.722900000000000091e+03
4.000000000000000000e+01 1.909100000000000136e+03
4.800000000000000000e+01 1.954350000000000136e+03
6.400000000000000000e+01 2.141550000000000182e+03
8.000000000000000000e+00 2.407150000000000091e+03
4.000000000000000000e+01 2.638849999999999909e+03
5.600000000000000000e+01 2.892400000000000091e+03
4.000000000000000000e+01 3.007450000000000273e+03
7.200000000000000000e+01 3.014150000000000091e+03
6.400000000000000000e+01 3.022550000000000182e+03
8.000000000000000000e+00 3.026400000000000091e+03
3.200000000000000000e+01 3.028650000000000091e+03
4.800000000000000000e+01 3.033099999999999909e+03
2.400000000000000000e+01 3.058800000000000182e+03
7.200000000000000000e+01 3.062900000000000091e+03
4.800000000000000000e+01 3.063500000000000000e+03
4.000000000000000000e+01 3.067800000000000182e+03
5.600000000000000000e+01 3.074450000000000273e+03
6.400000000000000000e+01 3.084650000000000091e+03
8.000000000000000000e+01 3.090599999999999909e+03
4.800000000000000000e+01 3.098349999999999909e+03
1.600000000000000000e+01 3.099599999999999909e+03
8.000000000000000000e+00 3.103150000000000091e+03
4.000000000000000000e+01 3.123450000000000273e+03
2.400000000000000000e+01 3.129400000000000091e+03
4.800000000000000000e+01 3.132700000000000273e+03
6.400000000000000000e+01 3.136349999999999909e+03
5.600000000000000000e+01 3.154550000000000182e+03
7.200000000000000000e+01 3.154950000000000273e+03
8.000000000000000000e+00 3.166750000000000000e+03
8.000000000000000000e+01 3.168500000000000000e+03
4.000000000000000000e+01 3.194800000000000182e+03
6.400000000000000000e+01 3.198650000000000091e+03
3.200000000000000000e+01 3.201450000000000273e+03
2.400000000000000000e+01 3.206750000000000000e+03
1.600000000000000000e+01 3.207400000000000091e+03
5.600000000000000000e+01 3.208099999999999909e+03
8.000000000000000000e+00 3.217750000000000000e+03
4.800000000000000000e+01 3.218200000000000273e+03
7.200000000000000000e+01 3.219700000000000273e+03
4.000000000000000000e+01 3.235349999999999909e+03
1.600000000000000000e+01 3.243250000000000000e+03
3.200000000000000000e+01 3.245400000000000091e+03
8.000000000000000000e+01 3.248150000000000091e+03
8.000000000000000000e+00 3.261250000000000000e+03
7.200000000000000000e+01 3.271950000000000273e+03
6.400000000000000000e+01 3.272700000000000273e+03
2.400000000000000000e+01 3.279450000000000273e+03
4.000000000000000000e+01 3.282450000000000273e+03
5.600000000000000000e+01 3.296099999999999909e+03
3.200000000000000000e+01 3.297150000000000091e+03
8.000000000000000000e+01 3.307000000000000000e+03
7.200000000000000000e+01 3.308700000000000273e+03
4.800000000000000000e+01 3.313599999999999909e+03
6.400000000000000000e+01 3.314200000000000273e+03
8.000000000000000000e+00 3.322599999999999909e+03
3.200000000000000000e+01 3.334849999999999909e+03
5.600000000000000000e+01 3.337200000000000273e+03
1.600000000000000000e+01 3.339400000000000091e+03
2.400000000000000000e+01 3.340450000000000273e+03
8.000000000000000000e+01 3.350450000000000273e+03
7.200000000000000000e+01 3.353300000000000182e+03
4.800000000000000000e+01 3.364900000000000091e+03
8.000000000000000000e+00 3.368349999999999909e+03
6.400000000000000000e+01 3.371099999999999909e+03
2.400000000000000000e+01 3.373450000000000273e+03
1.600000000000000000e+01 3.387150000000000091e+03
3.200000000000000000e+01 3.389599999999999909e+03
5.600000000000000000e+01 3.393800000000000182e+03
4.000000000000000000e+01 3.397550000000000182e+03
7.200000000000000000e+01 3.410400000000000091e+03
8.000000000000000000e+00 3.421000000000000000e+03
1.600000000000000000e+01 3.427000000000000000e+03
4.000000000000000000e+01 3.436700000000000273e+03
8.000000000000000000e+01 3.438300000000000182e+03
2.400000000000000000e+01 3.442650000000000091e+03
6.400000000000000000e+01 3.450500000000000000e+03
7.200000000000000000e+01 3.456550000000000182e+03
8.000000000000000000e+00 3.460800000000000182e+03
1.600000000000000000e+01 3.466550000000000182e+03
5.600000000000000000e+01 3.471849999999999909e+03
8.000000000000000000e+00 3.496150000000000091e+03
3.200000000000000000e+01 3.496950000000000273e+03
7.200000000000000000e+01 3.498050000000000182e+03
4.000000000000000000e+01 3.503200000000000273e+03
5.600000000000000000e+01 3.504750000000000000e+03
4.800000000000000000e+01 3.513300000000000182e+03
8.000000000000000000e+01 3.514050000000000182e+03
1.600000000000000000e+01 3.537599999999999909e+03
7.200000000000000000e+01 3.538849999999999909e+03
2.400000000000000000e+01 3.540599999999999909e+03
8.000000000000000000e+00 3.551849999999999909e+03
5.600000000000000000e+01 3.562750000000000000e+03
4.000000000000000000e+01 3.578750000000000000e+03
8.000000000000000000e+01 3.580950000000000273e+03
4.800000000000000000e+01 3.583550000000000182e+03
1.600000000000000000e+01 3.604250000000000000e+03
3.200000000000000000e+01 3.607150000000000091e+03
5.600000000000000000e+01 3.609450000000000273e+03
6.400000000000000000e+01 3.614250000000000000e+03
8.000000000000000000e+00 3.617500000000000000e+03
4.800000000000000000e+01 3.621400000000000091e+03
4.000000000000000000e+01 3.640099999999999909e+03
8.000000000000000000e+01 3.648650000000000091e+03
3.200000000000000000e+01 3.654250000000000000e+03
7.200000000000000000e+01 3.657150000000000091e+03
2.400000000000000000e+01 3.660950000000000273e+03
6.400000000000000000e+01 3.663000000000000000e+03
4.800000000000000000e+01 3.676250000000000000e+03
5.600000000000000000e+01 3.679050000000000182e+03
8.000000000000000000e+00 3.687300000000000182e+03
3.200000000000000000e+01 3.689650000000000091e+03
4.000000000000000000e+01 3.693550000000000182e+03
2.400000000000000000e+01 3.695700000000000273e+03
7.200000000000000000e+01 3.698000000000000000e+03
8.000000000000000000e+01 3.710550000000000182e+03
5.600000000000000000e+01 3.719400000000000091e+03
4.800000000000000000e+01 3.719800000000000182e+03
2.400000000000000000e+01 3.734550000000000182e+03
3.200000000000000000e+01 3.735700000000000273e+03
7.200000000000000000e+01 3.735700000000000273e+03
6.400000000000000000e+01 3.736349999999999909e+03
8.000000000000000000e+00 3.743900000000000091e+03
1.600000000000000000e+01 3.744500000000000000e+03
3.200000000000000000e+01 3.768750000000000000e+03
4.000000000000000000e+01 3.775950000000000273e+03
8.000000000000000000e+01 3.776200000000000273e+03
1.600000000000000000e+01 3.778250000000000000e+03
7.200000000000000000e+01 3.781750000000000000e+03
5.600000000000000000e+01 3.787099999999999909e+03
4.800000000000000000e+01 3.793000000000000000e+03
6.400000000000000000e+01 3.801050000000000182e+03
2.400000000000000000e+01 3.801550000000000182e+03
8.000000000000000000e+00 3.802050000000000182e+03
7.200000000000000000e+01 3.810800000000000182e+03
3.200000000000000000e+01 3.818050000000000182e+03
8.000000000000000000e+01 3.836700000000000273e+03
4.800000000000000000e+01 3.840700000000000273e+03
1.600000000000000000e+01 3.841300000000000182e+03
8.000000000000000000e+00 3.841700000000000273e+03
4.000000000000000000e+01 3.848200000000000273e+03
7.200000000000000000e+01 3.867400000000000091e+03
2.400000000000000000e+01 3.870150000000000091e+03
5.600000000000000000e+01 3.874599999999999909e+03
6.400000000000000000e+01 3.877000000000000000e+03
3.200000000000000000e+01 3.882800000000000182e+03
4.000000000000000000e+01 3.884750000000000000e+03
4.800000000000000000e+01 3.902099999999999909e+03
8.000000000000000000e+00 3.902349999999999909e+03
1.600000000000000000e+01 3.907800000000000182e+03
2.400000000000000000e+01 3.910849999999999909e+03
6.400000000000000000e+01 3.914900000000000091e+03
5.600000000000000000e+01 3.915200000000000273e+03
4.000000000000000000e+01 3.916800000000000182e+03
3.200000000000000000e+01 3.938450000000000273e+03
7.200000000000000000e+01 3.940099999999999909e+03
2.400000000000000000e+01 3.943000000000000000e+03
8.000000000000000000e+01 3.947000000000000000e+03
8.000000000000000000e+00 3.952250000000000000e+03
4.800000000000000000e+01 3.953250000000000000e+03
5.600000000000000000e+01 3.961800000000000182e+03
6.400000000000000000e+01 3.976099999999999909e+03
4.000000000000000000e+01 3.977200000000000273e+03
3.200000000000000000e+01 3.987000000000000000e+03
7.200000000000000000e+01 3.994400000000000091e+03
1.600000000000000000e+01 3.995700000000000273e+03
8.000000000000000000e+00 4.009450000000000273e+03
5.600000000000000000e+01 4.009750000000000000e+03
8.000000000000000000e+01 4.010150000000000091e+03
2.400000000000000000e+01 4.011849999999999909e+03
4.800000000000000000e+01 4.019000000000000000e+03
1.600000000000000000e+01 4.036800000000000182e+03
8.000000000000000000e+00 4.037900000000000091e+03
6.400000000000000000e+01 4.038150000000000091e+03
4.000000000000000000e+01 4.047349999999999909e+03
3.200000000000000000e+01 4.047800000000000182e+03
8.000000000000000000e+01 4.049950000000000273e+03
7.200000000000000000e+01 4.055200000000000273e+03
2.400000000000000000e+01 4.056349999999999909e+03
5.600000000000000000e+01 4.061900000000000091e+03
1.600000000000000000e+01 4.073450000000000273e+03
4.800000000000000000e+01 4.080650000000000091e+03
8.000000000000000000e+00 4.081099999999999909e+03
6.400000000000000000e+01 4.084700000000000273e+03
8.000000000000000000e+01 4.087099999999999909e+03
2.400000000000000000e+01 4.092400000000000091e+03
5.600000000000000000e+01 4.096949999999999818e+03
7.200000000000000000e+01 4.103800000000000182e+03
1.600000000000000000e+01 4.106850000000000364e+03
3.200000000000000000e+01 4.114899999999999636e+03
4.000000000000000000e+01 4.123250000000000000e+03
6.400000000000000000e+01 4.126000000000000000e+03
8.000000000000000000e+00 4.131399999999999636e+03
2.400000000000000000e+01 4.131800000000000182e+03
8.000000000000000000e+01 4.141500000000000000e+03
3.200000000000000000e+01 4.152199999999999818e+03
7.200000000000000000e+01 4.156100000000000364e+03
5.600000000000000000e+01 4.158850000000000364e+03
1.600000000000000000e+01 4.164250000000000000e+03
4.800000000000000000e+01 4.173300000000000182e+03
2.400000000000000000e+01 4.174899999999999636e+03
6.400000000000000000e+01 4.179699999999999818e+03
8.000000000000000000e+01 4.180500000000000000e+03
4.000000000000000000e+01 4.180750000000000000e+03
8.000000000000000000e+00 4.194649999999999636e+03
3.200000000000000000e+01 4.198649999999999636e+03
7.200000000000000000e+01 4.203500000000000000e+03
2.400000000000000000e+01 4.213300000000000182e+03
8.000000000000000000e+01 4.216199999999999818e+03
4.800000000000000000e+01 4.224500000000000000e+03
7.200000000000000000e+01 4.235050000000000182e+03
1.600000000000000000e+01 4.235600000000000364e+03
6.400000000000000000e+01 4.237699999999999818e+03
4.000000000000000000e+01 4.251399999999999636e+03
2.400000000000000000e+01 4.252550000000000182e+03
3.200000000000000000e+01 4.252800000000000182e+03
5.600000000000000000e+01 4.254300000000000182e+03
8.000000000000000000e+00 4.260500000000000000e+03
8.000000000000000000e+01 4.265899999999999636e+03
4.800000000000000000e+01 4.270699999999999818e+03
1.600000000000000000e+01 4.276350000000000364e+03
7.200000000000000000e+01 4.281100000000000364e+03
4.000000000000000000e+01 4.283050000000000182e+03
8.000000000000000000e+00 4.292500000000000000e+03
6.400000000000000000e+01 4.298399999999999636e+03
5.600000000000000000e+01 4.305649999999999636e+03
4.800000000000000000e+01 4.307649999999999636e+03
8.000000000000000000e+01 4.310550000000000182e+03
3.200000000000000000e+01 4.315149999999999636e+03
7.200000000000000000e+01 4.317300000000000182e+03
2.400000000000000000e+01 4.327399999999999636e+03
8.000000000000000000e+00 4.328699999999999818e+03
4.000000000000000000e+01 4.331800000000000182e+03
4.800000000000000000e+01 4.338949999999999818e+03
1.600000000000000000e+01 4.346399999999999636e+03
6.400000000000000000e+01 4.346750000000000000e+03
3.200000000000000000e+01 4.353100000000000364e+03
5.600000000000000000e+01 4.355600000000000364e+03
8.000000000000000000e+00 4.360300000000000182e+03
8.000000000000000000e+01 4.365649999999999636e+03
4.800000000000000000e+01 4.387250000000000000e+03
2.400000000000000000e+01 4.396600000000000364e+03
4.000000000000000000e+01 4.397000000000000000e+03
6.400000000000000000e+01 4.403500000000000000e+03
8.000000000000000000e+00 4.409449999999999818e+03
7.200000000000000000e+01 4.411150000000000546e+03
8.000000000000000000e+01 4.415500000000000000e+03
3.200000000000000000e+01 4.425750000000000000e+03
5.600000000000000000e+01 4.427800000000000182e+03
1.600000000000000000e+01 4.434050000000000182e+03
2.400000000000000000e+01 4.438650000000000546e+03
8.000000000000000000e+00 4.440350000000000364e+03
7.200000000000000000e+01 4.444650000000000546e+03
4.800000000000000000e+01 4.452850000000000364e+03
6.400000000000000000e+01 4.456199999999999818e+03
4.000000000000000000e+01 4.459500000000000000e+03
8.000000000000000000e+01 4.473000000000000000e+03
5.600000000000000000e+01 4.474150000000000546e+03
1.600000000000000000e+01 4.477050000000000182e+03
8.000000000000000000e+00 4.477449999999999818e+03
2.400000000000000000e+01 4.482600000000000364e+03
3.200000000000000000e+01 4.487650000000000546e+03
4.000000000000000000e+01 4.489650000000000546e+03
7.200000000000000000e+01 4.491650000000000546e+03
5.600000000000000000e+01 4.504300000000000182e+03
4.800000000000000000e+01 4.513449999999999818e+03
1.600000000000000000e+01 4.516100000000000364e+03
3.200000000000000000e+01 4.517850000000000364e+03
6.400000000000000000e+01 4.518000000000000000e+03
2.400000000000000000e+01 4.518699999999999818e+03
8.000000000000000000e+00 4.518850000000000364e+03
7.200000000000000000e+01 4.529650000000000546e+03
8.000000000000000000e+01 4.533949999999999818e+03
4.000000000000000000e+01 4.535199999999999818e+03
6.400000000000000000e+01 4.547650000000000546e+03
4.800000000000000000e+01 4.550000000000000000e+03
8.000000000000000000e+00 4.552350000000000364e+03
2.400000000000000000e+01 4.568199999999999818e+03
7.200000000000000000e+01 4.569199999999999818e+03
5.600000000000000000e+01 4.569650000000000546e+03
3.200000000000000000e+01 4.575050000000000182e+03
8.000000000000000000e+00 4.581250000000000000e+03
8.000000000000000000e+01 4.581600000000000364e+03
4.800000000000000000e+01 4.583199999999999818e+03
6.400000000000000000e+01 4.589050000000000182e+03
4.000000000000000000e+01 4.590199999999999818e+03
5.600000000000000000e+01 4.606850000000000364e+03
1.600000000000000000e+01 4.607600000000000364e+03
7.200000000000000000e+01 4.613300000000000182e+03
8.000000000000000000e+01 4.613850000000000364e+03
6.400000000000000000e+01 4.616449999999999818e+03
8.000000000000000000e+00 4.628050000000000182e+03
3.200000000000000000e+01 4.634150000000000546e+03
5.600000000000000000e+01 4.636300000000000182e+03
2.400000000000000000e+01 4.637600000000000364e+03
1.600000000000000000e+01 4.644800000000000182e+03
4.800000000000000000e+01 4.645400000000000546e+03
6.400000000000000000e+01 4.649900000000000546e+03
4.000000000000000000e+01 4.659000000000000000e+03
8.000000000000000000e+00 4.669699999999999818e+03
7.200000000000000000e+01 4.674600000000000364e+03
4.800000000000000000e+01 4.679500000000000000e+03
8.000000000000000000e+01 4.689250000000000000e+03
6.400000000000000000e+01 4.692300000000000182e+03
5.600000000000000000e+01 4.701800000000000182e+03
1.600000000000000000e+01 4.702699999999999818e+03
7.200000000000000000e+01 4.709750000000000000e+03
4.000000000000000000e+01 4.709949999999999818e+03
8.000000000000000000e+00 4.712900000000000546e+03
2.400000000000000000e+01 4.714949999999999818e+03
3.200000000000000000e+01 4.718100000000000364e+03
8.000000000000000000e+01 4.718449999999999818e+03
5.600000000000000000e+01 4.738600000000000364e+03
4.800000000000000000e+01 4.739350000000000364e+03
2.400000000000000000e+01 4.740100000000000364e+03
3.200000000000000000e+01 4.742800000000000182e+03
7.200000000000000000e+01 4.744300000000000182e+03
4.000000000000000000e+01 4.744850000000000364e+03
8.000000000000000000e+00 4.755550000000000182e+03
8.000000000000000000e+01 4.756500000000000000e+03
5.600000000000000000e+01 4.764750000000000000e+03
2.400000000000000000e+01 4.773850000000000364e+03
3.200000000000000000e+01 4.775750000000000000e+03
4.000000000000000000e+01 4.778050000000000182e+03
6.400000000000000000e+01 4.780800000000000182e+03
1.600000000000000000e+01 4.789900000000000546e+03
7.200000000000000000e+01 4.799900000000000546e+03
4.800000000000000000e+01 4.800150000000000546e+03
8.000000000000000000e+01 4.802850000000000364e+03
8.000000000000000000e+00 4.803550000000000182e+03
4.000000000000000000e+01 4.825199999999999818e+03
3.200000000000000000e+01 4.825500000000000000e+03
5.600000000000000000e+01 4.831500000000000000e+03
7.200000000000000000e+01 4.834800000000000182e+03
4.800000000000000000e+01 4.836050000000000182e+03
8.000000000000000000e+00 4.836850000000000364e+03
1.600000000000000000e+01 4.839550000000000182e+03
8.000000000000000000e+01 4.840600000000000364e+03
2.400000000000000000e+01 4.841050000000000182e+03
8.000000000000000000e+00 4.865000000000000000e+03
4.000000000000000000e+01 4.868949999999999818e+03
1.600000000000000000e+01 4.870699999999999818e+03
6.400000000000000000e+01 4.874600000000000364e+03
4.800000000000000000e+01 4.875750000000000000e+03
8.000000000000000000e+01 4.877800000000000182e+03
5.600000000000000000e+01 4.883199999999999818e+03
7.200000000000000000e+01 4.889000000000000000e+03
3.200000000000000000e+01 4.893050000000000182e+03
2.400000000000000000e+01 4.905300000000000182e+03
4.000000000000000000e+01 4.907550000000000182e+03
5.600000000000000000e+01 4.918250000000000000e+03
7.200000000000000000e+01 4.919550000000000182e+03
4.800000000000000000e+01 4.921699999999999818e+03
1.600000000000000000e+01 4.924050000000000182e+03
6.400000000000000000e+01 4.925650000000000546e+03
8.000000000000000000e+01 4.928500000000000000e+03
8.000000000000000000e+00 4.930550000000000182e+03
4.000000000000000000e+01 4.944500000000000000e+03
5.600000000000000000e+01 4.952650000000000546e+03
2.400000000000000000e+01 4.955949999999999818e+03
7.200000000000000000e+01 4.959500000000000000e+03
3.200000000000000000e+01 4.963250000000000000e+03
1.600000000000000000e+01 4.966949999999999818e+03
6.400000000000000000e+01 4.968900000000000546e+03
8.000000000000000000e+01 4.971699999999999818e+03
4.800000000000000000e+01 4.990949999999999818e+03
3.200000000000000000e+01 4.991449999999999818e+03
4.000000000000000000e+01 4.996500000000000000e+03
2.400000000000000000e+01 5.002250000000000000e+03
8.000000000000000000e+00 5.005400000000000546e+03
7.200000000000000000e+01 5.006650000000000546e+03
5.600000000000000000e+01 5.026250000000000000e+03
6.400000000000000000e+01 5.029850000000000364e+03
4.800000000000000000e+01 5.036850000000000364e+03
8.000000000000000000e+00 5.037650000000000546e+03
8.000000000000000000e+01 5.037699999999999818e+03
2.400000000000000000e+01 5.038350000000000364e+03
1.600000000000000000e+01 5.040650000000000546e+03
7.200000000000000000e+01 5.044699999999999818e+03
3.200000000000000000e+01 5.048250000000000000e+03
4.000000000000000000e+01 5.054550000000000182e+03
8.000000000000000000e+01 5.062350000000000364e+03
8.000000000000000000e+00 5.068199999999999818e+03
7.200000000000000000e+01 5.072250000000000000e+03
5.600000000000000000e+01 5.073100000000000364e+03
4.800000000000000000e+01 5.082250000000000000e+03
3.200000000000000000e+01 5.082449999999999818e+03
2.400000000000000000e+01 5.083800000000000182e+03
6.400000000000000000e+01 5.087050000000000182e+03
8.000000000000000000e+01 5.087100000000000364e+03
1.600000000000000000e+01 5.093600000000000364e+03
4.000000000000000000e+01 5.096300000000000182e+03
8.000000000000000000e+00 5.101350000000000364e+03
5.600000000000000000e+01 5.113300000000000182e+03
3.200000000000000000e+01 5.119750000000000000e+03
6.400000000000000000e+01 5.121900000000000546e+03
4.800000000000000000e+01 5.122500000000000000e+03
7.200000000000000000e+01 5.123050000000000182e+03
8.000000000000000000e+01 5.125050000000000182e+03
2.400000000000000000e+01 5.128449999999999818e+03
1.600000000000000000e+01 5.145000000000000000e+03
8.000000000000000000e+00 5.146449999999999818e+03
7.200000000000000000e+01 5.149949999999999818e+03
3.200000000000000000e+01 5.151199999999999818e+03
8.000000000000000000e+01 5.153400000000000546e+03
4.000000000000000000e+01 5.157600000000000364e+03
5.600000000000000000e+01 5.160350000000000364e+03
6.400000000000000000e+01 5.164550000000000182e+03
2.400000000000000000e+01 5.172600000000000364e+03
4.800000000000000000e+01 5.178550000000000182e+03
7.200000000000000000e+01 5.183550000000000182e+03
3.200000000000000000e+01 5.185949999999999818e+03
8.000000000000000000e+00 5.190150000000000546e+03
4.000000000000000000e+01 5.192699999999999818e+03
1.600000000000000000e+01 5.194199999999999818e+03
8.000000000000000000e+01 5.200650000000000546e+03
2.400000000000000000e+01 5.201400000000000546e+03
6.400000000000000000e+01 5.212300000000000182e+03
4.800000000000000000e+01 5.216800000000000182e+03
7.200000000000000000e+01 5.217199999999999818e+03
8.000000000000000000e+00 5.223850000000000364e+03
1.600000000000000000e+01 5.226500000000000000e+03
3.200000000000000000e+01 5.226550000000000182e+03
5.600000000000000000e+01 5.229300000000000182e+03
4.000000000000000000e+01 5.231300000000000182e+03
8.000000000000000000e+01 5.237150000000000546e+03
4.800000000000000000e+01 5.254650000000000546e+03
7.200000000000000000e+01 5.257699999999999818e+03
6.400000000000000000e+01 5.259300000000000182e+03
2.400000000000000000e+01 5.260050000000000182e+03
1.600000000000000000e+01 5.260449999999999818e+03
3.200000000000000000e+01 5.260850000000000364e+03
8.000000000000000000e+00 5.262300000000000182e+03
4.000000000000000000e+01 5.263150000000000546e+03
5.600000000000000000e+01 5.274100000000000364e+03
8.000000000000000000e+01 5.282949999999999818e+03
4.800000000000000000e+01 5.285050000000000182e+03
7.200000000000000000e+01 5.296000000000000000e+03
2.400000000000000000e+01 5.298750000000000000e+03
8.000000000000000000e+00 5.301550000000000182e+03
4.000000000000000000e+01 5.302050000000000182e+03
1.600000000000000000e+01 5.303500000000000000e+03
5.600000000000000000e+01 5.304350000000000364e+03
6.400000000000000000e+01 5.306250000000000000e+03
8.000000000000000000e+01 5.324449999999999818e+03
4.800000000000000000e+01 5.327300000000000182e+03
5.600000000000000000e+01 5.330350000000000364e+03
8.000000000000000000e+00 5.335800000000000182e+03
7.200000000000000000e+01 5.339100000000000364e+03
4.000000000000000000e+01 5.339350000000000364e+03
3.200000000000000000e+01 5.340050000000000182e+03
1.600000000000000000e+01 5.344900000000000546e+03
2.400000000000000000e+01 5.346350000000000364e+03
8.000000000000000000e+01 5.348800000000000182e+03
4.800000000000000000e+01 5.364500000000000000e+03
7.200000000000000000e+01 5.370100000000000364e+03
4.000000000000000000e+01 5.372650000000000546e+03
8.000000000000000000e+00 5.379350000000000364e+03
5.600000000000000000e+01 5.382100000000000364e+03
3.200000000000000000e+01 5.382500000000000000e+03
8.000000000000000000e+01 5.385300000000000182e+03
4.800000000000000000e+01 5.397650000000000546e+03
4.000000000000000000e+01 5.403400000000000546e+03
6.400000000000000000e+01 5.404100000000000364e+03
1.600000000000000000e+01 5.410550000000000182e+03
7.200000000000000000e+01 5.413050000000000182e+03
2.400000000000000000e+01 5.415949999999999818e+03
8.000000000000000000e+01 5.417000000000000000e+03
3.200000000000000000e+01 5.418100000000000364e+03
5.600000000000000000e+01 5.420150000000000546e+03
8.000000000000000000e+00 5.421600000000000364e+03
1.600000000000000000e+01 5.436000000000000000e+03
4.000000000000000000e+01 5.438199999999999818e+03
8.000000000000000000e+01 5.450449999999999818e+03
4.800000000000000000e+01 5.450600000000000364e+03
6.400000000000000000e+01 5.451300000000000182e+03
7.200000000000000000e+01 5.455750000000000000e+03
8.000000000000000000e+00 5.456600000000000364e+03
2.400000000000000000e+01 5.473250000000000000e+03
1.600000000000000000e+01 5.474150000000000546e+03
4.000000000000000000e+01 5.476850000000000364e+03
4.800000000000000000e+01 5.477000000000000000e+03
5.600000000000000000e+01 5.477250000000000000e+03
8.000000000000000000e+01 5.478600000000000364e+03
3.200000000000000000e+01 5.495900000000000546e+03
6.400000000000000000e+01 5.499900000000000546e+03
8.000000000000000000e+00 5.501000000000000000e+03
7.200000000000000000e+01 5.501550000000000182e+03
2.400000000000000000e+01 5.517699999999999818e+03
8.000000000000000000e+01 5.523900000000000546e+03
4.000000000000000000e+01 5.525500000000000000e+03
5.600000000000000000e+01 5.528699999999999818e+03
1.600000000000000000e+01 5.529199999999999818e+03
4.800000000000000000e+01 5.531600000000000364e+03
6.400000000000000000e+01 5.535900000000000546e+03
3.200000000000000000e+01 5.539050000000000182e+03
8.000000000000000000e+00 5.541750000000000000e+03
7.200000000000000000e+01 5.544550000000000182e+03
1.600000000000000000e+01 5.554550000000000182e+03
5.600000000000000000e+01 5.561250000000000000e+03
2.400000000000000000e+01 5.563150000000000546e+03
6.400000000000000000e+01 5.564900000000000546e+03
4.800000000000000000e+01 5.567250000000000000e+03
3.200000000000000000e+01 5.567800000000000182e+03
8.000000000000000000e+01 5.568100000000000364e+03
4.000000000000000000e+01 5.568400000000000546e+03
8.000000000000000000e+00 5.571800000000000182e+03
7.200000000000000000e+01 5.584550000000000182e+03
2.400000000000000000e+01 5.594400000000000546e+03
8.000000000000000000e+01 5.597500000000000000e+03
1.600000000000000000e+01 5.599000000000000000e+03
5.600000000000000000e+01 5.599949999999999818e+03
4.000000000000000000e+01 5.600100000000000364e+03
3.200000000000000000e+01 5.601150000000000546e+03
6.400000000000000000e+01 5.605500000000000000e+03
8.000000000000000000e+00 5.607050000000000182e+03
4.800000000000000000e+01 5.616250000000000000e+03
7.200000000000000000e+01 5.622150000000000546e+03
4.000000000000000000e+01 5.635199999999999818e+03
2.400000000000000000e+01 5.641100000000000364e+03
8.000000000000000000e+01 5.644199999999999818e+03
6.400000000000000000e+01 5.644650000000000546e+03
1.600000000000000000e+01 5.649199999999999818e+03
8.000000000000000000e+00 5.650800000000000182e+03
5.600000000000000000e+01 5.655300000000000182e+03
3.200000000000000000e+01 5.659550000000000182e+03
7.200000000000000000e+01 5.662800000000000182e+03
4.000000000000000000e+01 5.665650000000000546e+03
2.400000000000000000e+01 5.672900000000000546e+03
4.800000000000000000e+01 5.677350000000000364e+03
8.000000000000000000e+01 5.678350000000000364e+03
1.600000000000000000e+01 5.682750000000000000e+03
5.600000000000000000e+01 5.692750000000000000e+03
6.400000000000000000e+01 5.695199999999999818e+03
8.000000000000000000e+00 5.696150000000000546e+03
4.800000000000000000e+01 5.705699999999999818e+03
8.000000000000000000e+01 5.706350000000000364e+03
7.200000000000000000e+01 5.707000000000000000e+03
3.200000000000000000e+01 5.707199999999999818e+03
4.000000000000000000e+01 5.708000000000000000e+03
1.600000000000000000e+01 5.711850000000000364e+03
2.400000000000000000e+01 5.713050000000000182e+03
5.600000000000000000e+01 5.729300000000000182e+03
6.400000000000000000e+01 5.732949999999999818e+03
8.000000000000000000e+00 5.735650000000000546e+03
3.200000000000000000e+01 5.739150000000000546e+03
7.200000000000000000e+01 5.743550000000000182e+03
4.800000000000000000e+01 5.755050000000000182e+03
1.600000000000000000e+01 5.756500000000000000e+03
8.000000000000000000e+00 5.758650000000000546e+03
5.600000000000000000e+01 5.760800000000000182e+03
6.400000000000000000e+01 5.761550000000000182e+03
2.400000000000000000e+01 5.761900000000000546e+03
4.000000000000000000e+01 5.763199999999999818e+03
3.200000000000000000e+01 5.771400000000000546e+03
8.000000000000000000e+01 5.780199999999999818e+03
6.400000000000000000e+01 5.785650000000000546e+03
7.200000000000000000e+01 5.786550000000000182e+03
1.600000000000000000e+01 5.788900000000000546e+03
4.000000000000000000e+01 5.789699999999999818e+03
8.000000000000000000e+00 5.791699999999999818e+03
4.800000000000000000e+01 5.792850000000000364e+03
5.600000000000000000e+01 5.793150000000000546e+03
2.400000000000000000e+01 5.801300000000000182e+03
7.200000000000000000e+01 5.817300000000000182e+03
4.000000000000000000e+01 5.823600000000000364e+03
3.200000000000000000e+01 5.825600000000000364e+03
5.600000000000000000e+01 5.825900000000000546e+03
8.000000000000000000e+01 5.827350000000000364e+03
4.800000000000000000e+01 5.831100000000000364e+03
8.000000000000000000e+00 5.835650000000000546e+03
1.600000000000000000e+01 5.842300000000000182e+03
6.400000000000000000e+01 5.846050000000000182e+03
2.400000000000000000e+01 5.847100000000000364e+03
7.200000000000000000e+01 5.859000000000000000e+03
3.200000000000000000e+01 5.861750000000000000e+03
5.600000000000000000e+01 5.862850000000000364e+03
4.000000000000000000e+01 5.866050000000000182e+03
4.800000000000000000e+01 5.866800000000000182e+03
1.600000000000000000e+01 5.867800000000000182e+03
8.000000000000000000e+01 5.868100000000000364e+03
8.000000000000000000e+00 5.874800000000000182e+03
2.400000000000000000e+01 5.875250000000000000e+03
6.400000000000000000e+01 5.883000000000000000e+03
5.600000000000000000e+01 5.889100000000000364e+03
7.200000000000000000e+01 5.895250000000000000e+03
4.800000000000000000e+01 5.899500000000000000e+03
8.000000000000000000e+01 5.899800000000000182e+03
4.000000000000000000e+01 5.905150000000000546e+03
2.400000000000000000e+01 5.912600000000000364e+03
1.600000000000000000e+01 5.913250000000000000e+03
8.000000000000000000e+00 5.914050000000000182e+03
3.200000000000000000e+01 5.917100000000000364e+03
5.600000000000000000e+01 5.917949999999999818e+03
6.400000000000000000e+01 5.921699999999999818e+03
7.200000000000000000e+01 5.923000000000000000e+03
8.000000000000000000e+00 5.944250000000000000e+03
4.000000000000000000e+01 5.947500000000000000e+03
1.600000000000000000e+01 5.950850000000000364e+03
7.200000000000000000e+01 5.951650000000000546e+03
2.400000000000000000e+01 5.953100000000000364e+03
3.200000000000000000e+01 5.955050000000000182e+03
4.800000000000000000e+01 5.957650000000000546e+03
8.000000000000000000e+01 5.958350000000000364e+03
6.400000000000000000e+01 5.958750000000000000e+03
5.600000000000000000e+01 5.960350000000000364e+03
4.800000000000000000e+01 5.987050000000000182e+03
6.400000000000000000e+01 5.990250000000000000e+03
4.000000000000000000e+01 5.992750000000000000e+03
3.200000000000000000e+01 5.993800000000000182e+03
8.000000000000000000e+00 5.997250000000000000e+03
7.200000000000000000e+01 6.078699999999999818e+03
7.200000000000000000e+01 6.397400000000000546e+03
8.000000000000000000e+01 6.454350000000000364e+03
7.200000000000000000e+01 6.488800000000000182e+03
6.400000000000000000e+01 6.643250000000000000e+03
1.600000000000000000e+01 6.667850000000000364e+03
4.800000000000000000e+01 6.738050000000000182e+03
1.600000000000000000e+01 7.168949999999999818e+03
4.800000000000000000e+01 7.241050000000000182e+03
4.800000000000000000e+01 8.227500000000000000e+03
8.000000000000000000e+00 8.373500000000000000e+03
3.200000000000000000e+01 8.413049999999999272e+03
4.000000000000000000e+01 8.520549999999999272e+03
8.000000000000000000e+01 8.621799999999999272e+03
3.200000000000000000e+01 8.780800000000001091e+03
3.300000000000000000e+01 3.307500000000000000e+02
2.500000000000000000e+01 7.021000000000000227e+02
4.100000000000000000e+01 1.168850000000000136e+03
9.000000000000000000e+00 1.431650000000000091e+03
3.300000000000000000e+01 1.490850000000000136e+03
9.000000000000000000e+00 1.494100000000000136e+03
4.900000000000000000e+01 1.643000000000000000e+03
1.700000000000000000e+01 1.947250000000000000e+03
9.000000000000000000e+00 2.122150000000000091e+03
3.300000000000000000e+01 2.598849999999999909e+03
9.000000000000000000e+00 2.905900000000000091e+03
4.100000000000000000e+01 3.007099999999999909e+03
7.300000000000000000e+01 3.008950000000000273e+03
6.500000000000000000e+01 3.017500000000000000e+03
5.700000000000000000e+01 3.020550000000000182e+03
1.700000000000000000e+01 3.023300000000000182e+03
4.900000000000000000e+01 3.023550000000000182e+03
8.100000000000000000e+01 3.024250000000000000e+03
9.000000000000000000e+00 3.036500000000000000e+03
2.500000000000000000e+01 3.037750000000000000e+03
3.300000000000000000e+01 3.042300000000000182e+03
5.700000000000000000e+01 3.054349999999999909e+03
4.900000000000000000e+01 3.064050000000000182e+03
7.300000000000000000e+01 3.065099999999999909e+03
6.500000000000000000e+01 3.069550000000000182e+03
1.700000000000000000e+01 3.072200000000000273e+03
4.100000000000000000e+01 3.084550000000000182e+03
8.100000000000000000e+01 3.097349999999999909e+03
6.500000000000000000e+01 3.098099999999999909e+03
1.700000000000000000e+01 3.114050000000000182e+03
7.300000000000000000e+01 3.119900000000000091e+03
5.700000000000000000e+01 3.126650000000000091e+03
9.000000000000000000e+00 3.127000000000000000e+03
4.100000000000000000e+01 3.134900000000000091e+03
3.300000000000000000e+01 3.135700000000000273e+03
2.500000000000000000e+01 3.140250000000000000e+03
8.100000000000000000e+01 3.144500000000000000e+03
4.900000000000000000e+01 3.149300000000000182e+03
5.700000000000000000e+01 3.166099999999999909e+03
7.300000000000000000e+01 3.173500000000000000e+03
3.300000000000000000e+01 3.177400000000000091e+03
6.500000000000000000e+01 3.179450000000000273e+03
1.700000000000000000e+01 3.181400000000000091e+03
2.500000000000000000e+01 3.189099999999999909e+03
9.000000000000000000e+00 3.199900000000000091e+03
5.700000000000000000e+01 3.207000000000000000e+03
7.300000000000000000e+01 3.215000000000000000e+03
4.100000000000000000e+01 3.215200000000000273e+03
6.500000000000000000e+01 3.215849999999999909e+03
3.300000000000000000e+01 3.223849999999999909e+03
1.700000000000000000e+01 3.228650000000000091e+03
4.900000000000000000e+01 3.230200000000000273e+03
2.500000000000000000e+01 3.235800000000000182e+03
8.100000000000000000e+01 3.237150000000000091e+03
9.000000000000000000e+00 3.256349999999999909e+03
3.300000000000000000e+01 3.268849999999999909e+03
6.500000000000000000e+01 3.269750000000000000e+03
4.900000000000000000e+01 3.270500000000000000e+03
7.300000000000000000e+01 3.272700000000000273e+03
4.100000000000000000e+01 3.273650000000000091e+03
1.700000000000000000e+01 3.287650000000000091e+03
5.700000000000000000e+01 3.300800000000000182e+03
8.100000000000000000e+01 3.302500000000000000e+03
2.500000000000000000e+01 3.307300000000000182e+03
6.500000000000000000e+01 3.309849999999999909e+03
9.000000000000000000e+00 3.311599999999999909e+03
4.100000000000000000e+01 3.315750000000000000e+03
3.300000000000000000e+01 3.332650000000000091e+03
7.300000000000000000e+01 3.333250000000000000e+03
4.900000000000000000e+01 3.336599999999999909e+03
1.700000000000000000e+01 3.351550000000000182e+03
4.100000000000000000e+01 3.356599999999999909e+03
5.700000000000000000e+01 3.363150000000000091e+03
7.300000000000000000e+01 3.367800000000000182e+03
8.100000000000000000e+01 3.368550000000000182e+03
4.900000000000000000e+01 3.386099999999999909e+03
6.500000000000000000e+01 3.388250000000000000e+03
2.500000000000000000e+01 3.389050000000000182e+03
9.000000000000000000e+00 3.391050000000000182e+03
5.700000000000000000e+01 3.405849999999999909e+03
3.300000000000000000e+01 3.413000000000000000e+03
8.100000000000000000e+01 3.415599999999999909e+03
6.500000000000000000e+01 3.438050000000000182e+03
2.500000000000000000e+01 3.450950000000000273e+03
5.700000000000000000e+01 3.455050000000000182e+03
1.700000000000000000e+01 3.460650000000000091e+03
9.000000000000000000e+00 3.462700000000000273e+03
4.100000000000000000e+01 3.470400000000000091e+03
4.900000000000000000e+01 3.473050000000000182e+03
3.300000000000000000e+01 3.475200000000000273e+03
8.100000000000000000e+01 3.478000000000000000e+03
7.300000000000000000e+01 3.480700000000000273e+03
6.500000000000000000e+01 3.480849999999999909e+03
1.700000000000000000e+01 3.500000000000000000e+03
9.000000000000000000e+00 3.504150000000000091e+03
3.300000000000000000e+01 3.506450000000000273e+03
2.500000000000000000e+01 3.514500000000000000e+03
8.100000000000000000e+01 3.524950000000000273e+03
5.700000000000000000e+01 3.536000000000000000e+03
7.300000000000000000e+01 3.538050000000000182e+03
3.300000000000000000e+01 3.539700000000000273e+03
6.500000000000000000e+01 3.544250000000000000e+03
9.000000000000000000e+00 3.547150000000000091e+03
4.100000000000000000e+01 3.550250000000000000e+03
8.100000000000000000e+01 3.551750000000000000e+03
1.700000000000000000e+01 3.562550000000000182e+03
2.500000000000000000e+01 3.573750000000000000e+03
5.700000000000000000e+01 3.582550000000000182e+03
9.000000000000000000e+00 3.583450000000000273e+03
4.100000000000000000e+01 3.589599999999999909e+03
4.900000000000000000e+01 3.592599999999999909e+03
6.500000000000000000e+01 3.604500000000000000e+03
7.300000000000000000e+01 3.604849999999999909e+03
9.000000000000000000e+00 3.609250000000000000e+03
8.100000000000000000e+01 3.613650000000000091e+03
3.300000000000000000e+01 3.620099999999999909e+03
4.100000000000000000e+01 3.625750000000000000e+03
2.500000000000000000e+01 3.632349999999999909e+03
5.700000000000000000e+01 3.632599999999999909e+03
3.300000000000000000e+01 3.658200000000000273e+03
6.500000000000000000e+01 3.658200000000000273e+03
9.000000000000000000e+00 3.658450000000000273e+03
4.900000000000000000e+01 3.666150000000000091e+03
7.300000000000000000e+01 3.680150000000000091e+03
5.700000000000000000e+01 3.683599999999999909e+03
1.700000000000000000e+01 3.685200000000000273e+03
4.100000000000000000e+01 3.685400000000000091e+03
2.500000000000000000e+01 3.695150000000000091e+03
6.500000000000000000e+01 3.696599999999999909e+03
3.300000000000000000e+01 3.697800000000000182e+03
4.900000000000000000e+01 3.716750000000000000e+03
5.700000000000000000e+01 3.720200000000000273e+03
8.100000000000000000e+01 3.723050000000000182e+03
2.500000000000000000e+01 3.724950000000000273e+03
3.300000000000000000e+01 3.732050000000000182e+03
7.300000000000000000e+01 3.732099999999999909e+03
9.000000000000000000e+00 3.735349999999999909e+03
1.700000000000000000e+01 3.740599999999999909e+03
6.500000000000000000e+01 3.747650000000000091e+03
4.100000000000000000e+01 3.760750000000000000e+03
5.700000000000000000e+01 3.763300000000000182e+03
7.300000000000000000e+01 3.764849999999999909e+03
8.100000000000000000e+01 3.767000000000000000e+03
1.700000000000000000e+01 3.768000000000000000e+03
4.900000000000000000e+01 3.770950000000000273e+03
2.500000000000000000e+01 3.796650000000000091e+03
6.500000000000000000e+01 3.816200000000000273e+03
9.000000000000000000e+00 3.816599999999999909e+03
4.900000000000000000e+01 3.828400000000000091e+03
7.300000000000000000e+01 3.832050000000000182e+03
5.700000000000000000e+01 3.835250000000000000e+03
3.300000000000000000e+01 3.836800000000000182e+03
8.100000000000000000e+01 3.838500000000000000e+03
4.100000000000000000e+01 3.839450000000000273e+03
2.500000000000000000e+01 3.842349999999999909e+03
9.000000000000000000e+00 3.855000000000000000e+03
1.700000000000000000e+01 3.867900000000000091e+03
7.300000000000000000e+01 3.882200000000000273e+03
4.100000000000000000e+01 3.891650000000000091e+03
6.500000000000000000e+01 3.897950000000000273e+03
5.700000000000000000e+01 3.899000000000000000e+03
9.000000000000000000e+00 3.904349999999999909e+03
8.100000000000000000e+01 3.909349999999999909e+03
4.900000000000000000e+01 3.913900000000000091e+03
7.300000000000000000e+01 3.915500000000000000e+03
3.300000000000000000e+01 3.923349999999999909e+03
4.100000000000000000e+01 3.936650000000000091e+03
2.500000000000000000e+01 3.938000000000000000e+03
8.100000000000000000e+01 3.947250000000000000e+03
6.500000000000000000e+01 3.954550000000000182e+03
2.500000000000000000e+01 3.967849999999999909e+03
1.700000000000000000e+01 3.970849999999999909e+03
4.900000000000000000e+01 3.976750000000000000e+03
8.100000000000000000e+01 3.983200000000000273e+03
5.700000000000000000e+01 3.986050000000000182e+03
6.500000000000000000e+01 3.989349999999999909e+03
7.300000000000000000e+01 3.992000000000000000e+03
3.300000000000000000e+01 4.006650000000000091e+03
2.500000000000000000e+01 4.007000000000000000e+03
9.000000000000000000e+00 4.013349999999999909e+03
1.700000000000000000e+01 4.026750000000000000e+03
4.900000000000000000e+01 4.028050000000000182e+03
7.300000000000000000e+01 4.041550000000000182e+03
5.700000000000000000e+01 4.043849999999999909e+03
9.000000000000000000e+00 4.057200000000000273e+03
2.500000000000000000e+01 4.058900000000000091e+03
3.300000000000000000e+01 4.062200000000000273e+03
1.700000000000000000e+01 4.064400000000000091e+03
8.100000000000000000e+01 4.068599999999999909e+03
6.500000000000000000e+01 4.075050000000000182e+03
4.100000000000000000e+01 4.078000000000000000e+03
7.300000000000000000e+01 4.083900000000000091e+03
9.000000000000000000e+00 4.103250000000000000e+03
5.700000000000000000e+01 4.107050000000000182e+03
2.500000000000000000e+01 4.107399999999999636e+03
3.300000000000000000e+01 4.108449999999999818e+03
8.100000000000000000e+01 4.114500000000000000e+03
4.900000000000000000e+01 4.128399999999999636e+03
7.300000000000000000e+01 4.137500000000000000e+03
1.700000000000000000e+01 4.141050000000000182e+03
9.000000000000000000e+00 4.146300000000000182e+03
6.500000000000000000e+01 4.150449999999999818e+03
3.300000000000000000e+01 4.154949999999999818e+03
5.700000000000000000e+01 4.156550000000000182e+03
4.100000000000000000e+01 4.159000000000000000e+03
4.900000000000000000e+01 4.175899999999999636e+03
9.000000000000000000e+00 4.182050000000000182e+03
8.100000000000000000e+01 4.184750000000000000e+03
2.500000000000000000e+01 4.192250000000000000e+03
3.300000000000000000e+01 4.192350000000000364e+03
1.700000000000000000e+01 4.194649999999999636e+03
4.100000000000000000e+01 4.204449999999999818e+03
7.300000000000000000e+01 4.210050000000000182e+03
4.900000000000000000e+01 4.215300000000000182e+03
9.000000000000000000e+00 4.231899999999999636e+03
2.500000000000000000e+01 4.234800000000000182e+03
8.100000000000000000e+01 4.242899999999999636e+03
6.500000000000000000e+01 4.254000000000000000e+03
4.900000000000000000e+01 4.255850000000000364e+03
1.700000000000000000e+01 4.265000000000000000e+03
3.300000000000000000e+01 4.266449999999999818e+03
5.700000000000000000e+01 4.276449999999999818e+03
9.000000000000000000e+00 4.276649999999999636e+03
4.100000000000000000e+01 4.292850000000000364e+03
8.100000000000000000e+01 4.293800000000000182e+03
7.300000000000000000e+01 4.294050000000000182e+03
4.900000000000000000e+01 4.295399999999999636e+03
6.500000000000000000e+01 4.295899999999999636e+03
2.500000000000000000e+01 4.298949999999999818e+03
9.000000000000000000e+00 4.311149999999999636e+03
5.700000000000000000e+01 4.328699999999999818e+03
6.500000000000000000e+01 4.331399999999999636e+03
7.300000000000000000e+01 4.335050000000000182e+03
3.300000000000000000e+01 4.347750000000000000e+03
8.100000000000000000e+01 4.349250000000000000e+03
1.700000000000000000e+01 4.351350000000000364e+03
9.000000000000000000e+00 4.352850000000000364e+03
2.500000000000000000e+01 4.354199999999999818e+03
4.100000000000000000e+01 4.356550000000000182e+03
5.700000000000000000e+01 4.357199999999999818e+03
4.900000000000000000e+01 4.359699999999999818e+03
7.300000000000000000e+01 4.366899999999999636e+03
6.500000000000000000e+01 4.377300000000000182e+03
8.100000000000000000e+01 4.385250000000000000e+03
1.700000000000000000e+01 4.387000000000000000e+03
3.300000000000000000e+01 4.388400000000000546e+03
7.300000000000000000e+01 4.393650000000000546e+03
9.000000000000000000e+00 4.398800000000000182e+03
6.500000000000000000e+01 4.413449999999999818e+03
5.700000000000000000e+01 4.421699999999999818e+03
4.900000000000000000e+01 4.423900000000000546e+03
7.300000000000000000e+01 4.426350000000000364e+03
2.500000000000000000e+01 4.429850000000000364e+03
8.100000000000000000e+01 4.432300000000000182e+03
1.700000000000000000e+01 4.436100000000000364e+03
3.300000000000000000e+01 4.449900000000000546e+03
5.700000000000000000e+01 4.454449999999999818e+03
9.000000000000000000e+00 4.458850000000000364e+03
4.100000000000000000e+01 4.463350000000000364e+03
8.100000000000000000e+01 4.469850000000000364e+03
6.500000000000000000e+01 4.470949999999999818e+03
1.700000000000000000e+01 4.474550000000000182e+03
2.500000000000000000e+01 4.478000000000000000e+03
7.300000000000000000e+01 4.479050000000000182e+03
9.000000000000000000e+00 4.484900000000000546e+03
8.100000000000000000e+01 4.509949999999999818e+03
9.000000000000000000e+00 4.510550000000000182e+03
5.700000000000000000e+01 4.513900000000000546e+03
2.500000000000000000e+01 4.515949999999999818e+03
4.900000000000000000e+01 4.516550000000000182e+03
6.500000000000000000e+01 4.518750000000000000e+03
3.300000000000000000e+01 4.521050000000000182e+03
7.300000000000000000e+01 4.529449999999999818e+03
4.100000000000000000e+01 4.529650000000000546e+03
1.700000000000000000e+01 4.530000000000000000e+03
2.500000000000000000e+01 4.557699999999999818e+03
5.700000000000000000e+01 4.559750000000000000e+03
7.300000000000000000e+01 4.567050000000000182e+03
4.100000000000000000e+01 4.568949999999999818e+03
8.100000000000000000e+01 4.571699999999999818e+03
3.300000000000000000e+01 4.573350000000000364e+03
1.700000000000000000e+01 4.577650000000000546e+03
9.000000000000000000e+00 4.580350000000000364e+03
2.500000000000000000e+01 4.586850000000000364e+03
4.900000000000000000e+01 4.588199999999999818e+03
6.500000000000000000e+01 4.602800000000000182e+03
3.300000000000000000e+01 4.609050000000000182e+03
8.100000000000000000e+01 4.612650000000000546e+03
5.700000000000000000e+01 4.615350000000000364e+03
4.100000000000000000e+01 4.617600000000000364e+03
7.300000000000000000e+01 4.618699999999999818e+03
2.500000000000000000e+01 4.621900000000000546e+03
1.700000000000000000e+01 4.629250000000000000e+03
9.000000000000000000e+00 4.636050000000000182e+03
4.900000000000000000e+01 4.636699999999999818e+03
7.300000000000000000e+01 4.653800000000000182e+03
2.500000000000000000e+01 4.662100000000000364e+03
5.700000000000000000e+01 4.665000000000000000e+03
8.100000000000000000e+01 4.668350000000000364e+03
1.700000000000000000e+01 4.669050000000000182e+03
3.300000000000000000e+01 4.672900000000000546e+03
6.500000000000000000e+01 4.678949999999999818e+03
9.000000000000000000e+00 4.685650000000000546e+03
7.300000000000000000e+01 4.691100000000000364e+03
4.100000000000000000e+01 4.694250000000000000e+03
8.100000000000000000e+01 4.702250000000000000e+03
2.500000000000000000e+01 4.703300000000000182e+03
3.300000000000000000e+01 4.707500000000000000e+03
4.900000000000000000e+01 4.708550000000000182e+03
5.700000000000000000e+01 4.711150000000000546e+03
9.000000000000000000e+00 4.713300000000000182e+03
1.700000000000000000e+01 4.716100000000000364e+03
7.300000000000000000e+01 4.736400000000000546e+03
5.700000000000000000e+01 4.736750000000000000e+03
8.100000000000000000e+01 4.743449999999999818e+03
4.100000000000000000e+01 4.746600000000000364e+03
4.900000000000000000e+01 4.746949999999999818e+03
6.500000000000000000e+01 4.747449999999999818e+03
2.500000000000000000e+01 4.755100000000000364e+03
5.700000000000000000e+01 4.767949999999999818e+03
1.700000000000000000e+01 4.774199999999999818e+03
7.300000000000000000e+01 4.777500000000000000e+03
8.100000000000000000e+01 4.778100000000000364e+03
9.000000000000000000e+00 4.779000000000000000e+03
4.900000000000000000e+01 4.783850000000000364e+03
3.300000000000000000e+01 4.784949999999999818e+03
4.100000000000000000e+01 4.792750000000000000e+03
6.500000000000000000e+01 4.802199999999999818e+03
5.700000000000000000e+01 4.810900000000000546e+03
2.500000000000000000e+01 4.816000000000000000e+03
7.300000000000000000e+01 4.822750000000000000e+03
1.700000000000000000e+01 4.824150000000000546e+03
8.100000000000000000e+01 4.826000000000000000e+03
4.900000000000000000e+01 4.833250000000000000e+03
4.100000000000000000e+01 4.834150000000000546e+03
6.500000000000000000e+01 4.842400000000000546e+03
9.000000000000000000e+00 4.855750000000000000e+03
3.300000000000000000e+01 4.857250000000000000e+03
2.500000000000000000e+01 4.860449999999999818e+03
4.100000000000000000e+01 4.861699999999999818e+03
8.100000000000000000e+01 4.871750000000000000e+03
6.500000000000000000e+01 4.878750000000000000e+03
7.300000000000000000e+01 4.880650000000000546e+03
1.700000000000000000e+01 4.885300000000000182e+03
4.900000000000000000e+01 4.885600000000000364e+03
3.300000000000000000e+01 4.894300000000000182e+03
2.500000000000000000e+01 4.897750000000000000e+03
4.100000000000000000e+01 4.901900000000000546e+03
8.100000000000000000e+01 4.901900000000000546e+03
5.700000000000000000e+01 4.905600000000000364e+03
9.000000000000000000e+00 4.908900000000000546e+03
4.900000000000000000e+01 4.921199999999999818e+03
3.300000000000000000e+01 4.921850000000000364e+03
1.700000000000000000e+01 4.924600000000000364e+03
2.500000000000000000e+01 4.927400000000000546e+03
4.100000000000000000e+01 4.932600000000000364e+03
7.300000000000000000e+01 4.944699999999999818e+03
9.000000000000000000e+00 4.945150000000000546e+03
6.500000000000000000e+01 4.955300000000000182e+03
8.100000000000000000e+01 4.959949999999999818e+03
2.500000000000000000e+01 4.964699999999999818e+03
3.300000000000000000e+01 4.966699999999999818e+03
1.700000000000000000e+01 4.967100000000000364e+03
9.000000000000000000e+00 4.973199999999999818e+03
4.100000000000000000e+01 4.976699999999999818e+03
4.900000000000000000e+01 4.979050000000000182e+03
5.700000000000000000e+01 4.979800000000000182e+03
7.300000000000000000e+01 4.980100000000000364e+03
8.100000000000000000e+01 5.001199999999999818e+03
1.700000000000000000e+01 5.009550000000000182e+03
5.700000000000000000e+01 5.014600000000000364e+03
2.500000000000000000e+01 5.014949999999999818e+03
3.300000000000000000e+01 5.015800000000000182e+03
9.000000000000000000e+00 5.020449999999999818e+03
1.700000000000000000e+01 5.040800000000000182e+03
7.300000000000000000e+01 5.041050000000000182e+03
4.900000000000000000e+01 5.044400000000000546e+03
9.000000000000000000e+00 5.046800000000000182e+03
6.500000000000000000e+01 5.050449999999999818e+03
4.100000000000000000e+01 5.053100000000000364e+03
8.100000000000000000e+01 5.054050000000000182e+03
2.500000000000000000e+01 5.061300000000000182e+03
3.300000000000000000e+01 5.072650000000000546e+03
5.700000000000000000e+01 5.079949999999999818e+03
9.000000000000000000e+00 5.080300000000000182e+03
7.300000000000000000e+01 5.084300000000000182e+03
1.700000000000000000e+01 5.089449999999999818e+03
2.500000000000000000e+01 5.089650000000000546e+03
6.500000000000000000e+01 5.091750000000000000e+03
8.100000000000000000e+01 5.096150000000000546e+03
4.900000000000000000e+01 5.104500000000000000e+03
3.300000000000000000e+01 5.104550000000000182e+03
4.100000000000000000e+01 5.112500000000000000e+03
5.700000000000000000e+01 5.118300000000000182e+03
8.100000000000000000e+01 5.121100000000000364e+03
2.500000000000000000e+01 5.121650000000000546e+03
7.300000000000000000e+01 5.121699999999999818e+03
1.700000000000000000e+01 5.122550000000000182e+03
6.500000000000000000e+01 5.123400000000000546e+03
9.000000000000000000e+00 5.127150000000000546e+03
4.100000000000000000e+01 5.137449999999999818e+03
3.300000000000000000e+01 5.145500000000000000e+03
4.900000000000000000e+01 5.148400000000000546e+03
1.700000000000000000e+01 5.153850000000000364e+03
2.500000000000000000e+01 5.161400000000000546e+03
8.100000000000000000e+01 5.161699999999999818e+03
5.700000000000000000e+01 5.165650000000000546e+03
6.500000000000000000e+01 5.167650000000000546e+03
9.000000000000000000e+00 5.176449999999999818e+03
3.300000000000000000e+01 5.179050000000000182e+03
1.700000000000000000e+01 5.183050000000000182e+03
7.300000000000000000e+01 5.187050000000000182e+03
4.100000000000000000e+01 5.193850000000000364e+03
5.700000000000000000e+01 5.205800000000000182e+03
4.900000000000000000e+01 5.205949999999999818e+03
6.500000000000000000e+01 5.206199999999999818e+03
2.500000000000000000e+01 5.207199999999999818e+03
9.000000000000000000e+00 5.212449999999999818e+03
1.700000000000000000e+01 5.216350000000000364e+03
7.300000000000000000e+01 5.220050000000000182e+03
4.100000000000000000e+01 5.242150000000000546e+03
9.000000000000000000e+00 5.250250000000000000e+03
5.700000000000000000e+01 5.253150000000000546e+03
7.300000000000000000e+01 5.254199999999999818e+03
8.100000000000000000e+01 5.257199999999999818e+03
2.500000000000000000e+01 5.259050000000000182e+03
3.300000000000000000e+01 5.259300000000000182e+03
6.500000000000000000e+01 5.259600000000000364e+03
1.700000000000000000e+01 5.261150000000000546e+03
4.900000000000000000e+01 5.271350000000000364e+03
4.100000000000000000e+01 5.276000000000000000e+03
7.300000000000000000e+01 5.278449999999999818e+03
2.500000000000000000e+01 5.291050000000000182e+03
3.300000000000000000e+01 5.293300000000000182e+03
9.000000000000000000e+00 5.300250000000000000e+03
1.700000000000000000e+01 5.300250000000000000e+03
6.500000000000000000e+01 5.303300000000000182e+03
8.100000000000000000e+01 5.303949999999999818e+03
5.700000000000000000e+01 5.305000000000000000e+03
7.300000000000000000e+01 5.309150000000000546e+03
4.900000000000000000e+01 5.309550000000000182e+03
4.100000000000000000e+01 5.317699999999999818e+03
3.300000000000000000e+01 5.319000000000000000e+03
2.500000000000000000e+01 5.331550000000000182e+03
1.700000000000000000e+01 5.333600000000000364e+03
4.100000000000000000e+01 5.345300000000000182e+03
6.500000000000000000e+01 5.345750000000000000e+03
7.300000000000000000e+01 5.345949999999999818e+03
8.100000000000000000e+01 5.349300000000000182e+03
9.000000000000000000e+00 5.349500000000000000e+03
5.700000000000000000e+01 5.350800000000000182e+03
1.700000000000000000e+01 5.359150000000000546e+03
3.300000000000000000e+01 5.363449999999999818e+03
2.500000000000000000e+01 5.366550000000000182e+03
4.900000000000000000e+01 5.369150000000000546e+03
4.100000000000000000e+01 5.376400000000000546e+03
7.300000000000000000e+01 5.385050000000000182e+03
6.500000000000000000e+01 5.388150000000000546e+03
8.100000000000000000e+01 5.388350000000000364e+03
9.000000000000000000e+00 5.391699999999999818e+03
5.700000000000000000e+01 5.395050000000000182e+03
1.700000000000000000e+01 5.397750000000000000e+03
4.900000000000000000e+01 5.407449999999999818e+03
2.500000000000000000e+01 5.407650000000000546e+03
4.100000000000000000e+01 5.416800000000000182e+03
8.100000000000000000e+01 5.423300000000000182e+03
3.300000000000000000e+01 5.432400000000000546e+03
7.300000000000000000e+01 5.434449999999999818e+03
5.700000000000000000e+01 5.435050000000000182e+03
1.700000000000000000e+01 5.437050000000000182e+03
2.500000000000000000e+01 5.440000000000000000e+03
9.000000000000000000e+00 5.440250000000000000e+03
6.500000000000000000e+01 5.451350000000000364e+03
4.100000000000000000e+01 5.456250000000000000e+03
3.300000000000000000e+01 5.460800000000000182e+03
9.000000000000000000e+00 5.463750000000000000e+03
4.900000000000000000e+01 5.463750000000000000e+03
7.300000000000000000e+01 5.469650000000000546e+03
8.100000000000000000e+01 5.471449999999999818e+03
1.700000000000000000e+01 5.476449999999999818e+03
2.500000000000000000e+01 5.478199999999999818e+03
5.700000000000000000e+01 5.479750000000000000e+03
4.900000000000000000e+01 5.494800000000000182e+03
6.500000000000000000e+01 5.499199999999999818e+03
9.000000000000000000e+00 5.507800000000000182e+03
4.100000000000000000e+01 5.508150000000000546e+03
7.300000000000000000e+01 5.511650000000000546e+03
8.100000000000000000e+01 5.511949999999999818e+03
5.700000000000000000e+01 5.519850000000000364e+03
1.700000000000000000e+01 5.520300000000000182e+03
6.500000000000000000e+01 5.526850000000000364e+03
2.500000000000000000e+01 5.528650000000000546e+03
4.900000000000000000e+01 5.529000000000000000e+03
3.300000000000000000e+01 5.532850000000000364e+03
8.100000000000000000e+01 5.541600000000000364e+03
9.000000000000000000e+00 5.545000000000000000e+03
7.300000000000000000e+01 5.554500000000000000e+03
1.700000000000000000e+01 5.557949999999999818e+03
2.500000000000000000e+01 5.565650000000000546e+03
5.700000000000000000e+01 5.566949999999999818e+03
6.500000000000000000e+01 5.571900000000000546e+03
9.000000000000000000e+00 5.574250000000000000e+03
4.900000000000000000e+01 5.574250000000000000e+03
4.100000000000000000e+01 5.578150000000000546e+03
8.100000000000000000e+01 5.581500000000000000e+03
7.300000000000000000e+01 5.585949999999999818e+03
2.500000000000000000e+01 5.589400000000000546e+03
3.300000000000000000e+01 5.589449999999999818e+03
1.700000000000000000e+01 5.600949999999999818e+03
4.900000000000000000e+01 5.602400000000000546e+03
5.700000000000000000e+01 5.603699999999999818e+03
6.500000000000000000e+01 5.609250000000000000e+03
4.100000000000000000e+01 5.615350000000000364e+03
7.300000000000000000e+01 5.619150000000000546e+03
3.300000000000000000e+01 5.620900000000000546e+03
2.500000000000000000e+01 5.621350000000000364e+03
5.700000000000000000e+01 5.631850000000000364e+03
4.900000000000000000e+01 5.636550000000000182e+03
9.000000000000000000e+00 5.641550000000000182e+03
7.300000000000000000e+01 5.652050000000000182e+03
6.500000000000000000e+01 5.653199999999999818e+03
1.700000000000000000e+01 5.654100000000000364e+03
2.500000000000000000e+01 5.654300000000000182e+03
8.100000000000000000e+01 5.656400000000000546e+03
4.100000000000000000e+01 5.663800000000000182e+03
4.900000000000000000e+01 5.666350000000000364e+03
5.700000000000000000e+01 5.669650000000000546e+03
3.300000000000000000e+01 5.670900000000000546e+03
9.000000000000000000e+00 5.675449999999999818e+03
8.100000000000000000e+01 5.681400000000000546e+03
1.700000000000000000e+01 5.684449999999999818e+03
7.300000000000000000e+01 5.689949999999999818e+03
2.500000000000000000e+01 5.695400000000000546e+03
6.500000000000000000e+01 5.696300000000000182e+03
4.900000000000000000e+01 5.701650000000000546e+03
9.000000000000000000e+00 5.702449999999999818e+03
5.700000000000000000e+01 5.710600000000000364e+03
1.700000000000000000e+01 5.712949999999999818e+03
3.300000000000000000e+01 5.715650000000000546e+03
8.100000000000000000e+01 5.721750000000000000e+03
4.900000000000000000e+01 5.723550000000000182e+03
4.100000000000000000e+01 5.725500000000000000e+03
9.000000000000000000e+00 5.730699999999999818e+03
2.500000000000000000e+01 5.732850000000000364e+03
5.700000000000000000e+01 5.733300000000000182e+03
7.300000000000000000e+01 5.733699999999999818e+03
6.500000000000000000e+01 5.734250000000000000e+03
1.700000000000000000e+01 5.749150000000000546e+03
8.100000000000000000e+01 5.751550000000000182e+03
4.100000000000000000e+01 5.752150000000000546e+03
3.300000000000000000e+01 5.759900000000000546e+03
4.900000000000000000e+01 5.761600000000000364e+03
9.000000000000000000e+00 5.772000000000000000e+03
7.300000000000000000e+01 5.773550000000000182e+03
2.500000000000000000e+01 5.780150000000000546e+03
8.100000000000000000e+01 5.780250000000000000e+03
6.500000000000000000e+01 5.780350000000000364e+03
4.900000000000000000e+01 5.787100000000000364e+03
5.700000000000000000e+01 5.787600000000000364e+03
4.100000000000000000e+01 5.795650000000000546e+03
1.700000000000000000e+01 5.798050000000000182e+03
6.500000000000000000e+01 5.803850000000000364e+03
9.000000000000000000e+00 5.804100000000000364e+03
7.300000000000000000e+01 5.804500000000000000e+03
3.300000000000000000e+01 5.806600000000000364e+03
2.500000000000000000e+01 5.817949999999999818e+03
8.100000000000000000e+01 5.821699999999999818e+03
4.900000000000000000e+01 5.824300000000000182e+03
1.700000000000000000e+01 5.828250000000000000e+03
6.500000000000000000e+01 5.830050000000000182e+03
4.100000000000000000e+01 5.834600000000000364e+03
9.000000000000000000e+00 5.836100000000000364e+03
5.700000000000000000e+01 5.844300000000000182e+03
3.300000000000000000e+01 5.853800000000000182e+03
8.100000000000000000e+01 5.857550000000000182e+03
1.700000000000000000e+01 5.861650000000000546e+03
4.900000000000000000e+01 5.863600000000000364e+03
7.300000000000000000e+01 5.866000000000000000e+03
2.500000000000000000e+01 5.868100000000000364e+03
6.500000000000000000e+01 5.868300000000000182e+03
9.000000000000000000e+00 5.868800000000000182e+03
4.100000000000000000e+01 5.891750000000000000e+03
7.300000000000000000e+01 5.896100000000000364e+03
4.900000000000000000e+01 5.897000000000000000e+03
3.300000000000000000e+01 5.899000000000000000e+03
1.700000000000000000e+01 5.899750000000000000e+03
5.700000000000000000e+01 5.901000000000000000e+03
9.000000000000000000e+00 5.902800000000000182e+03
8.100000000000000000e+01 5.909800000000000182e+03
6.500000000000000000e+01 5.914600000000000364e+03
2.500000000000000000e+01 5.915100000000000364e+03
4.100000000000000000e+01 5.929400000000000546e+03
7.300000000000000000e+01 5.929850000000000364e+03
9.000000000000000000e+00 5.934199999999999818e+03
1.700000000000000000e+01 5.936550000000000182e+03
4.900000000000000000e+01 5.937400000000000546e+03
5.700000000000000000e+01 5.940550000000000182e+03
3.300000000000000000e+01 5.953300000000000182e+03
9.000000000000000000e+00 5.959550000000000182e+03
2.500000000000000000e+01 5.960699999999999818e+03
8.100000000000000000e+01 5.961300000000000182e+03
7.300000000000000000e+01 5.962800000000000182e+03
5.700000000000000000e+01 5.964150000000000546e+03
6.500000000000000000e+01 5.971900000000000546e+03
4.900000000000000000e+01 5.974949999999999818e+03
1.700000000000000000e+01 5.989500000000000000e+03
3.300000000000000000e+01 5.996949999999999818e+03
4.100000000000000000e+01 6.000500000000000000e+03
7.300000000000000000e+01 6.227550000000000182e+03
5.700000000000000000e+01 6.584199999999999818e+03
5.700000000000000000e+01 6.663500000000000000e+03
3.300000000000000000e+01 6.677300000000000182e+03
3.300000000000000000e+01 7.198699999999999818e+03
8.100000000000000000e+01 7.411500000000000000e+03
7.300000000000000000e+01 7.476350000000000364e+03
3.300000000000000000e+01 7.535000000000000000e+03
3.300000000000000000e+01 7.622650000000000546e+03
6.500000000000000000e+01 7.674449999999999818e+03
7.300000000000000000e+01 7.792900000000000546e+03
7.300000000000000000e+01 8.121100000000000364e+03
1.700000000000000000e+01 8.163800000000000182e+03
7.300000000000000000e+01 8.284799999999999272e+03
8.100000000000000000e+01 8.339950000000000728e+03
2.500000000000000000e+01 8.342100000000000364e+03
2.500000000000000000e+01 8.441450000000000728e+03
4.900000000000000000e+01 8.982600000000000364e+03
1.000000000000000000e+01 2.618500000000000227e+02
3.400000000000000000e+01 4.381999999999999886e+02
7.400000000000000000e+01 5.658000000000000682e+02
4.200000000000000000e+01 5.782500000000000000e+02
3.400000000000000000e+01 6.394500000000000455e+02
1.800000000000000000e+01 7.928000000000000682e+02
6.600000000000000000e+01 8.838000000000000682e+02
6.600000000000000000e+01 1.226299999999999955e+03
1.800000000000000000e+01 1.769850000000000136e+03
7.400000000000000000e+01 1.858700000000000045e+03
5.800000000000000000e+01 2.038600000000000136e+03
3.400000000000000000e+01 2.092300000000000182e+03
3.400000000000000000e+01 2.263250000000000000e+03
1.800000000000000000e+01 2.273000000000000000e+03
2.600000000000000000e+01 3.017000000000000000e+03
6.600000000000000000e+01 3.019099999999999909e+03
2.000000000000000000e+00 3.020300000000000182e+03
3.400000000000000000e+01 3.031400000000000091e+03
1.800000000000000000e+01 3.031950000000000273e+03
5.000000000000000000e+01 3.033300000000000182e+03
4.200000000000000000e+01 3.043000000000000000e+03
2.000000000000000000e+00 3.067099999999999909e+03
6.600000000000000000e+01 3.067450000000000273e+03
7.400000000000000000e+01 3.071950000000000273e+03
5.000000000000000000e+01 3.073500000000000000e+03
2.600000000000000000e+01 3.085950000000000273e+03
5.800000000000000000e+01 3.086650000000000091e+03
1.800000000000000000e+01 3.087300000000000182e+03
3.400000000000000000e+01 3.088050000000000182e+03
2.000000000000000000e+00 3.108400000000000091e+03
6.600000000000000000e+01 3.120400000000000091e+03
2.600000000000000000e+01 3.130050000000000182e+03
1.800000000000000000e+01 3.136050000000000182e+03
3.400000000000000000e+01 3.147150000000000091e+03
2.000000000000000000e+00 3.153599999999999909e+03
4.200000000000000000e+01 3.169599999999999909e+03
5.000000000000000000e+01 3.170349999999999909e+03
1.800000000000000000e+01 3.181150000000000091e+03
3.400000000000000000e+01 3.187000000000000000e+03
1.000000000000000000e+01 3.193349999999999909e+03
7.400000000000000000e+01 3.193750000000000000e+03
5.800000000000000000e+01 3.195500000000000000e+03
2.600000000000000000e+01 3.205650000000000091e+03
2.000000000000000000e+00 3.208000000000000000e+03
5.000000000000000000e+01 3.225950000000000273e+03
3.400000000000000000e+01 3.232150000000000091e+03
6.600000000000000000e+01 3.233700000000000273e+03
1.800000000000000000e+01 3.234400000000000091e+03
4.200000000000000000e+01 3.234700000000000273e+03
2.000000000000000000e+00 3.235900000000000091e+03
5.800000000000000000e+01 3.237950000000000273e+03
7.400000000000000000e+01 3.257150000000000091e+03
5.800000000000000000e+01 3.267550000000000182e+03
3.400000000000000000e+01 3.271300000000000182e+03
6.600000000000000000e+01 3.273950000000000273e+03
1.000000000000000000e+01 3.277700000000000273e+03
2.600000000000000000e+01 3.288900000000000091e+03
5.000000000000000000e+01 3.300750000000000000e+03
5.800000000000000000e+01 3.312400000000000091e+03
1.000000000000000000e+01 3.320400000000000091e+03
1.800000000000000000e+01 3.331450000000000273e+03
3.400000000000000000e+01 3.333000000000000000e+03
4.200000000000000000e+01 3.334950000000000273e+03
6.600000000000000000e+01 3.364849999999999909e+03
2.000000000000000000e+00 3.368250000000000000e+03
7.400000000000000000e+01 3.370500000000000000e+03
1.800000000000000000e+01 3.370599999999999909e+03
3.400000000000000000e+01 3.381599999999999909e+03
5.800000000000000000e+01 3.388599999999999909e+03
2.600000000000000000e+01 3.391550000000000182e+03
1.800000000000000000e+01 3.404450000000000273e+03
7.400000000000000000e+01 3.413250000000000000e+03
2.600000000000000000e+01 3.422750000000000000e+03
2.000000000000000000e+00 3.423300000000000182e+03
5.000000000000000000e+01 3.425200000000000273e+03
1.000000000000000000e+01 3.425400000000000091e+03
3.400000000000000000e+01 3.427900000000000091e+03
5.800000000000000000e+01 3.457349999999999909e+03
1.800000000000000000e+01 3.457599999999999909e+03
6.600000000000000000e+01 3.466250000000000000e+03
7.400000000000000000e+01 3.467750000000000000e+03
3.400000000000000000e+01 3.476200000000000273e+03
5.000000000000000000e+01 3.485700000000000273e+03
4.200000000000000000e+01 3.487650000000000091e+03
1.000000000000000000e+01 3.495099999999999909e+03
5.800000000000000000e+01 3.495900000000000091e+03
1.800000000000000000e+01 3.498450000000000273e+03
2.600000000000000000e+01 3.500050000000000182e+03
7.400000000000000000e+01 3.504900000000000091e+03
2.000000000000000000e+00 3.516250000000000000e+03
6.600000000000000000e+01 3.524000000000000000e+03
2.600000000000000000e+01 3.533099999999999909e+03
5.000000000000000000e+01 3.538750000000000000e+03
5.800000000000000000e+01 3.539099999999999909e+03
3.400000000000000000e+01 3.540000000000000000e+03
7.400000000000000000e+01 3.542099999999999909e+03
1.800000000000000000e+01 3.545700000000000273e+03
2.000000000000000000e+00 3.546450000000000273e+03
4.200000000000000000e+01 3.564599999999999909e+03
2.000000000000000000e+00 3.579200000000000273e+03
2.600000000000000000e+01 3.579349999999999909e+03
1.000000000000000000e+01 3.583900000000000091e+03
6.600000000000000000e+01 3.593800000000000182e+03
3.400000000000000000e+01 3.594500000000000000e+03
4.200000000000000000e+01 3.596599999999999909e+03
7.400000000000000000e+01 3.602400000000000091e+03
5.000000000000000000e+01 3.610200000000000273e+03
2.600000000000000000e+01 3.620900000000000091e+03
3.400000000000000000e+01 3.621550000000000182e+03
5.800000000000000000e+01 3.625750000000000000e+03
1.800000000000000000e+01 3.627500000000000000e+03
2.000000000000000000e+00 3.631400000000000091e+03
5.000000000000000000e+01 3.658800000000000182e+03
4.200000000000000000e+01 3.659400000000000091e+03
1.800000000000000000e+01 3.664150000000000091e+03
6.600000000000000000e+01 3.671099999999999909e+03
7.400000000000000000e+01 3.676050000000000182e+03
3.400000000000000000e+01 3.679150000000000091e+03
1.000000000000000000e+01 3.680200000000000273e+03
5.800000000000000000e+01 3.680849999999999909e+03
2.600000000000000000e+01 3.688250000000000000e+03
2.000000000000000000e+00 3.692450000000000273e+03
6.600000000000000000e+01 3.709700000000000273e+03
1.000000000000000000e+01 3.711250000000000000e+03
4.200000000000000000e+01 3.716550000000000182e+03
3.400000000000000000e+01 3.724250000000000000e+03
5.800000000000000000e+01 3.728750000000000000e+03
1.800000000000000000e+01 3.734500000000000000e+03
7.400000000000000000e+01 3.735099999999999909e+03
5.000000000000000000e+01 3.739099999999999909e+03
2.000000000000000000e+00 3.750250000000000000e+03
6.600000000000000000e+01 3.752900000000000091e+03
2.600000000000000000e+01 3.760200000000000273e+03
4.200000000000000000e+01 3.766599999999999909e+03
5.000000000000000000e+01 3.772099999999999909e+03
3.400000000000000000e+01 3.775950000000000273e+03
1.000000000000000000e+01 3.779349999999999909e+03
7.400000000000000000e+01 3.786950000000000273e+03
2.000000000000000000e+00 3.792849999999999909e+03
6.600000000000000000e+01 3.793849999999999909e+03
5.800000000000000000e+01 3.798400000000000091e+03
2.600000000000000000e+01 3.801400000000000091e+03
3.400000000000000000e+01 3.809450000000000273e+03
5.000000000000000000e+01 3.811250000000000000e+03
1.800000000000000000e+01 3.814950000000000273e+03
4.200000000000000000e+01 3.817250000000000000e+03
2.000000000000000000e+00 3.827200000000000273e+03
7.400000000000000000e+01 3.828250000000000000e+03
1.000000000000000000e+01 3.828900000000000091e+03
3.400000000000000000e+01 3.841099999999999909e+03
5.800000000000000000e+01 3.849200000000000273e+03
5.000000000000000000e+01 3.855050000000000182e+03
1.800000000000000000e+01 3.858500000000000000e+03
7.400000000000000000e+01 3.859349999999999909e+03
6.600000000000000000e+01 3.865300000000000182e+03
2.600000000000000000e+01 3.873450000000000273e+03
1.000000000000000000e+01 3.877700000000000273e+03
4.200000000000000000e+01 3.883300000000000182e+03
1.800000000000000000e+01 3.884200000000000273e+03
3.400000000000000000e+01 3.887950000000000273e+03
2.000000000000000000e+00 3.894400000000000091e+03
5.000000000000000000e+01 3.895700000000000273e+03
1.800000000000000000e+01 3.904500000000000000e+03
6.600000000000000000e+01 3.907599999999999909e+03
7.400000000000000000e+01 3.912099999999999909e+03
4.200000000000000000e+01 3.914900000000000091e+03
5.800000000000000000e+01 3.924950000000000273e+03
1.000000000000000000e+01 3.928750000000000000e+03
2.600000000000000000e+01 3.929400000000000091e+03
2.000000000000000000e+00 3.937000000000000000e+03
3.400000000000000000e+01 3.938450000000000273e+03
4.200000000000000000e+01 3.945849999999999909e+03
1.800000000000000000e+01 3.950400000000000091e+03
5.800000000000000000e+01 3.955250000000000000e+03
3.400000000000000000e+01 3.972550000000000182e+03
5.000000000000000000e+01 3.979150000000000091e+03
1.800000000000000000e+01 3.988599999999999909e+03
6.600000000000000000e+01 3.994900000000000091e+03
1.000000000000000000e+01 3.996150000000000091e+03
2.000000000000000000e+00 3.998099999999999909e+03
2.600000000000000000e+01 3.999450000000000273e+03
4.200000000000000000e+01 4.005250000000000000e+03
7.400000000000000000e+01 4.023000000000000000e+03
1.800000000000000000e+01 4.025750000000000000e+03
6.600000000000000000e+01 4.027650000000000091e+03
2.600000000000000000e+01 4.044450000000000273e+03
5.800000000000000000e+01 4.045750000000000000e+03
4.200000000000000000e+01 4.048200000000000273e+03
1.000000000000000000e+01 4.057200000000000273e+03
1.800000000000000000e+01 4.060050000000000182e+03
7.400000000000000000e+01 4.060050000000000182e+03
5.000000000000000000e+01 4.062450000000000273e+03
3.400000000000000000e+01 4.071650000000000091e+03
4.200000000000000000e+01 4.082700000000000273e+03
5.800000000000000000e+01 4.086750000000000000e+03
2.000000000000000000e+00 4.089750000000000000e+03
1.800000000000000000e+01 4.099449999999999818e+03
2.600000000000000000e+01 4.105800000000000182e+03
3.400000000000000000e+01 4.113500000000000000e+03
6.600000000000000000e+01 4.113800000000000182e+03
5.000000000000000000e+01 4.115949999999999818e+03
1.000000000000000000e+01 4.117399999999999636e+03
2.000000000000000000e+00 4.119350000000000364e+03
7.400000000000000000e+01 4.123149999999999636e+03
1.800000000000000000e+01 4.135800000000000182e+03
6.600000000000000000e+01 4.141100000000000364e+03
5.800000000000000000e+01 4.141199999999999818e+03
4.200000000000000000e+01 4.146500000000000000e+03
2.000000000000000000e+00 4.147949999999999818e+03
2.600000000000000000e+01 4.152750000000000000e+03
3.400000000000000000e+01 4.154699999999999818e+03
1.000000000000000000e+01 4.155649999999999636e+03
5.000000000000000000e+01 4.176449999999999818e+03
1.800000000000000000e+01 4.176550000000000182e+03
4.200000000000000000e+01 4.178750000000000000e+03
7.400000000000000000e+01 4.186050000000000182e+03
6.600000000000000000e+01 4.191449999999999818e+03
2.600000000000000000e+01 4.197449999999999818e+03
3.400000000000000000e+01 4.202949999999999818e+03
2.000000000000000000e+00 4.205500000000000000e+03
5.000000000000000000e+01 4.208250000000000000e+03
5.800000000000000000e+01 4.211399999999999636e+03
1.000000000000000000e+01 4.217800000000000182e+03
7.400000000000000000e+01 4.220600000000000364e+03
1.800000000000000000e+01 4.231899999999999636e+03
2.600000000000000000e+01 4.237100000000000364e+03
4.200000000000000000e+01 4.237649999999999636e+03
5.000000000000000000e+01 4.248300000000000182e+03
6.600000000000000000e+01 4.253649999999999636e+03
1.000000000000000000e+01 4.254600000000000364e+03
5.800000000000000000e+01 4.254550000000000182e+03
2.000000000000000000e+00 4.261800000000000182e+03
7.400000000000000000e+01 4.270100000000000364e+03
4.200000000000000000e+01 4.283000000000000000e+03
6.600000000000000000e+01 4.289550000000000182e+03
1.800000000000000000e+01 4.295850000000000364e+03
5.000000000000000000e+01 4.296949999999999818e+03
5.800000000000000000e+01 4.301250000000000000e+03
2.600000000000000000e+01 4.304500000000000000e+03
2.000000000000000000e+00 4.309600000000000364e+03
1.000000000000000000e+01 4.310000000000000000e+03
3.400000000000000000e+01 4.315350000000000364e+03
7.400000000000000000e+01 4.328000000000000000e+03
4.200000000000000000e+01 4.332350000000000364e+03
2.000000000000000000e+00 4.344000000000000000e+03
1.800000000000000000e+01 4.345600000000000364e+03
2.600000000000000000e+01 4.352699999999999818e+03
5.000000000000000000e+01 4.356600000000000364e+03
1.000000000000000000e+01 4.358300000000000182e+03
6.600000000000000000e+01 4.359050000000000182e+03
5.800000000000000000e+01 4.375850000000000364e+03
7.400000000000000000e+01 4.376850000000000364e+03
5.000000000000000000e+01 4.399050000000000182e+03
1.000000000000000000e+01 4.400050000000000182e+03
4.200000000000000000e+01 4.400500000000000000e+03
6.600000000000000000e+01 4.402600000000000364e+03
1.800000000000000000e+01 4.404400000000000546e+03
2.600000000000000000e+01 4.407900000000000546e+03
2.000000000000000000e+00 4.413750000000000000e+03
3.400000000000000000e+01 4.423949999999999818e+03
5.800000000000000000e+01 4.432050000000000182e+03
1.000000000000000000e+01 4.433449999999999818e+03
2.600000000000000000e+01 4.435750000000000000e+03
5.000000000000000000e+01 4.447650000000000546e+03
2.000000000000000000e+00 4.452699999999999818e+03
6.600000000000000000e+01 4.453600000000000364e+03
1.800000000000000000e+01 4.457350000000000364e+03
7.400000000000000000e+01 4.457949999999999818e+03
4.200000000000000000e+01 4.467949999999999818e+03
1.000000000000000000e+01 4.468100000000000364e+03
3.400000000000000000e+01 4.468500000000000000e+03
5.800000000000000000e+01 4.474350000000000364e+03
2.600000000000000000e+01 4.482400000000000546e+03
1.800000000000000000e+01 4.483400000000000546e+03
2.000000000000000000e+00 4.488699999999999818e+03
1.000000000000000000e+01 4.498350000000000364e+03
5.000000000000000000e+01 4.504100000000000364e+03
7.400000000000000000e+01 4.506949999999999818e+03
4.200000000000000000e+01 4.509699999999999818e+03
3.400000000000000000e+01 4.515250000000000000e+03
6.600000000000000000e+01 4.520949999999999818e+03
2.000000000000000000e+00 4.525800000000000182e+03
5.800000000000000000e+01 4.536050000000000182e+03
2.600000000000000000e+01 4.538100000000000364e+03
1.800000000000000000e+01 4.541500000000000000e+03
1.000000000000000000e+01 4.544199999999999818e+03
7.400000000000000000e+01 4.551900000000000546e+03
3.400000000000000000e+01 4.562300000000000182e+03
2.000000000000000000e+00 4.569300000000000182e+03
4.200000000000000000e+01 4.577350000000000364e+03
5.000000000000000000e+01 4.581699999999999818e+03
1.800000000000000000e+01 4.587400000000000546e+03
5.800000000000000000e+01 4.587650000000000546e+03
2.600000000000000000e+01 4.596750000000000000e+03
1.000000000000000000e+01 4.600900000000000546e+03
2.000000000000000000e+00 4.607900000000000546e+03
3.400000000000000000e+01 4.613900000000000546e+03
7.400000000000000000e+01 4.617199999999999818e+03
4.200000000000000000e+01 4.618850000000000364e+03
5.800000000000000000e+01 4.619550000000000182e+03
6.600000000000000000e+01 4.624600000000000364e+03
1.000000000000000000e+01 4.626350000000000364e+03
2.600000000000000000e+01 4.631600000000000364e+03
1.800000000000000000e+01 4.633350000000000364e+03
4.200000000000000000e+01 4.649949999999999818e+03
5.800000000000000000e+01 4.654350000000000364e+03
1.000000000000000000e+01 4.659900000000000546e+03
2.600000000000000000e+01 4.662900000000000546e+03
2.000000000000000000e+00 4.664050000000000182e+03
3.400000000000000000e+01 4.673300000000000182e+03
7.400000000000000000e+01 4.673900000000000546e+03
5.000000000000000000e+01 4.685050000000000182e+03
5.800000000000000000e+01 4.685100000000000364e+03
4.200000000000000000e+01 4.691600000000000364e+03
2.000000000000000000e+00 4.701350000000000364e+03
1.800000000000000000e+01 4.703500000000000000e+03
6.600000000000000000e+01 4.711650000000000546e+03
2.600000000000000000e+01 4.712350000000000364e+03
1.000000000000000000e+01 4.714199999999999818e+03
7.400000000000000000e+01 4.717699999999999818e+03
3.400000000000000000e+01 4.721650000000000546e+03
4.200000000000000000e+01 4.726199999999999818e+03
5.800000000000000000e+01 4.739250000000000000e+03
5.000000000000000000e+01 4.743250000000000000e+03
6.600000000000000000e+01 4.747800000000000182e+03
3.400000000000000000e+01 4.759699999999999818e+03
2.000000000000000000e+00 4.760850000000000364e+03
7.400000000000000000e+01 4.765850000000000364e+03
4.200000000000000000e+01 4.766150000000000546e+03
2.600000000000000000e+01 4.767050000000000182e+03
1.000000000000000000e+01 4.771199999999999818e+03
5.800000000000000000e+01 4.774350000000000364e+03
1.800000000000000000e+01 4.776500000000000000e+03
6.600000000000000000e+01 4.783699999999999818e+03
3.400000000000000000e+01 4.790800000000000182e+03
7.400000000000000000e+01 4.794550000000000182e+03
5.000000000000000000e+01 4.797250000000000000e+03
2.600000000000000000e+01 4.800449999999999818e+03
2.000000000000000000e+00 4.803100000000000364e+03
1.000000000000000000e+01 4.813050000000000182e+03
6.600000000000000000e+01 4.814550000000000182e+03
4.200000000000000000e+01 4.817350000000000364e+03
1.800000000000000000e+01 4.829699999999999818e+03
3.400000000000000000e+01 4.833500000000000000e+03
2.600000000000000000e+01 4.833900000000000546e+03
7.400000000000000000e+01 4.835500000000000000e+03
2.000000000000000000e+00 4.837900000000000546e+03
5.800000000000000000e+01 4.850500000000000000e+03
4.200000000000000000e+01 4.856250000000000000e+03
5.000000000000000000e+01 4.857300000000000182e+03
1.000000000000000000e+01 4.860050000000000182e+03
2.600000000000000000e+01 4.860150000000000546e+03
6.600000000000000000e+01 4.861150000000000546e+03
3.400000000000000000e+01 4.866800000000000182e+03
5.800000000000000000e+01 4.881949999999999818e+03
7.400000000000000000e+01 4.882550000000000182e+03
1.800000000000000000e+01 4.885949999999999818e+03
2.000000000000000000e+00 4.886500000000000000e+03
4.200000000000000000e+01 4.901199999999999818e+03
2.600000000000000000e+01 4.908050000000000182e+03
1.000000000000000000e+01 4.908449999999999818e+03
3.400000000000000000e+01 4.912650000000000546e+03
1.800000000000000000e+01 4.914150000000000546e+03
6.600000000000000000e+01 4.921250000000000000e+03
5.000000000000000000e+01 4.922000000000000000e+03
7.400000000000000000e+01 4.924300000000000182e+03
5.800000000000000000e+01 4.929199999999999818e+03
2.600000000000000000e+01 4.932400000000000546e+03
2.000000000000000000e+00 4.940600000000000364e+03
4.200000000000000000e+01 4.956449999999999818e+03
1.000000000000000000e+01 4.957900000000000546e+03
6.600000000000000000e+01 4.965400000000000546e+03
1.800000000000000000e+01 4.965750000000000000e+03
5.800000000000000000e+01 4.966050000000000182e+03
5.000000000000000000e+01 4.980400000000000546e+03
7.400000000000000000e+01 4.981100000000000364e+03
2.000000000000000000e+00 4.981350000000000364e+03
4.200000000000000000e+01 4.986449999999999818e+03
1.800000000000000000e+01 4.993699999999999818e+03
2.600000000000000000e+01 4.995800000000000182e+03
3.400000000000000000e+01 4.997449999999999818e+03
1.000000000000000000e+01 5.005050000000000182e+03
2.000000000000000000e+00 5.013400000000000546e+03
6.600000000000000000e+01 5.027650000000000546e+03
2.600000000000000000e+01 5.030850000000000364e+03
4.200000000000000000e+01 5.033699999999999818e+03
1.000000000000000000e+01 5.035199999999999818e+03
5.000000000000000000e+01 5.038250000000000000e+03
2.000000000000000000e+00 5.039949999999999818e+03
1.800000000000000000e+01 5.040000000000000000e+03
3.400000000000000000e+01 5.041449999999999818e+03
7.400000000000000000e+01 5.046449999999999818e+03
5.800000000000000000e+01 5.052850000000000364e+03
6.600000000000000000e+01 5.055350000000000364e+03
1.000000000000000000e+01 5.068900000000000546e+03
3.400000000000000000e+01 5.073199999999999818e+03
5.000000000000000000e+01 5.076199999999999818e+03
1.800000000000000000e+01 5.084350000000000364e+03
2.600000000000000000e+01 5.085650000000000546e+03
6.600000000000000000e+01 5.086600000000000364e+03
5.800000000000000000e+01 5.094300000000000182e+03
2.000000000000000000e+00 5.098000000000000000e+03
4.200000000000000000e+01 5.098850000000000364e+03
5.000000000000000000e+01 5.114250000000000000e+03
1.000000000000000000e+01 5.114800000000000182e+03
6.600000000000000000e+01 5.123050000000000182e+03
1.800000000000000000e+01 5.125350000000000364e+03
2.600000000000000000e+01 5.137750000000000000e+03
7.400000000000000000e+01 5.139400000000000546e+03
5.800000000000000000e+01 5.142600000000000364e+03
2.000000000000000000e+00 5.144500000000000000e+03
3.400000000000000000e+01 5.145900000000000546e+03
6.600000000000000000e+01 5.159199999999999818e+03
1.000000000000000000e+01 5.162900000000000546e+03
2.600000000000000000e+01 5.163250000000000000e+03
1.800000000000000000e+01 5.165500000000000000e+03
5.000000000000000000e+01 5.168400000000000546e+03
7.400000000000000000e+01 5.173100000000000364e+03
3.400000000000000000e+01 5.173199999999999818e+03
5.800000000000000000e+01 5.181199999999999818e+03
4.200000000000000000e+01 5.185000000000000000e+03
6.600000000000000000e+01 5.194199999999999818e+03
7.400000000000000000e+01 5.201050000000000182e+03
5.000000000000000000e+01 5.202199999999999818e+03
1.800000000000000000e+01 5.207150000000000546e+03
3.400000000000000000e+01 5.215400000000000546e+03
5.800000000000000000e+01 5.217199999999999818e+03
2.000000000000000000e+00 5.218750000000000000e+03
2.600000000000000000e+01 5.220750000000000000e+03
6.600000000000000000e+01 5.222300000000000182e+03
1.000000000000000000e+01 5.240300000000000182e+03
5.800000000000000000e+01 5.244850000000000364e+03
4.200000000000000000e+01 5.246699999999999818e+03
1.800000000000000000e+01 5.256550000000000182e+03
6.600000000000000000e+01 5.258900000000000546e+03
2.000000000000000000e+00 5.260900000000000546e+03
5.000000000000000000e+01 5.261199999999999818e+03
3.400000000000000000e+01 5.264050000000000182e+03
2.600000000000000000e+01 5.264400000000000546e+03
4.200000000000000000e+01 5.283400000000000546e+03
1.000000000000000000e+01 5.286300000000000182e+03
1.800000000000000000e+01 5.290900000000000546e+03
7.400000000000000000e+01 5.293850000000000364e+03
5.800000000000000000e+01 5.298449999999999818e+03
5.000000000000000000e+01 5.299300000000000182e+03
6.600000000000000000e+01 5.301550000000000182e+03
2.000000000000000000e+00 5.302550000000000182e+03
2.600000000000000000e+01 5.303600000000000364e+03
3.400000000000000000e+01 5.307800000000000182e+03
1.000000000000000000e+01 5.319000000000000000e+03
4.200000000000000000e+01 5.328050000000000182e+03
5.000000000000000000e+01 5.336449999999999818e+03
1.800000000000000000e+01 5.340699999999999818e+03
3.400000000000000000e+01 5.341000000000000000e+03
6.600000000000000000e+01 5.342949999999999818e+03
7.400000000000000000e+01 5.344900000000000546e+03
2.600000000000000000e+01 5.347250000000000000e+03
2.000000000000000000e+00 5.347449999999999818e+03
5.800000000000000000e+01 5.349949999999999818e+03
1.000000000000000000e+01 5.355699999999999818e+03
1.800000000000000000e+01 5.364100000000000364e+03
4.200000000000000000e+01 5.370699999999999818e+03
5.000000000000000000e+01 5.370699999999999818e+03
5.800000000000000000e+01 5.380750000000000000e+03
2.000000000000000000e+00 5.385699999999999818e+03
1.000000000000000000e+01 5.387800000000000182e+03
7.400000000000000000e+01 5.394699999999999818e+03
2.600000000000000000e+01 5.396300000000000182e+03
1.800000000000000000e+01 5.401550000000000182e+03
3.400000000000000000e+01 5.401650000000000546e+03
6.600000000000000000e+01 5.403300000000000182e+03
4.200000000000000000e+01 5.404449999999999818e+03
7.400000000000000000e+01 5.418699999999999818e+03
5.800000000000000000e+01 5.420050000000000182e+03
2.600000000000000000e+01 5.422600000000000364e+03
5.000000000000000000e+01 5.431250000000000000e+03
2.000000000000000000e+00 5.433750000000000000e+03
1.000000000000000000e+01 5.435500000000000000e+03
3.400000000000000000e+01 5.437500000000000000e+03
6.600000000000000000e+01 5.438750000000000000e+03
4.200000000000000000e+01 5.445850000000000364e+03
1.800000000000000000e+01 5.454150000000000546e+03
7.400000000000000000e+01 5.457250000000000000e+03
5.800000000000000000e+01 5.463250000000000000e+03
5.000000000000000000e+01 5.465050000000000182e+03
2.600000000000000000e+01 5.467050000000000182e+03
1.000000000000000000e+01 5.469050000000000182e+03
4.200000000000000000e+01 5.473500000000000000e+03
2.000000000000000000e+00 5.475650000000000546e+03
3.400000000000000000e+01 5.477500000000000000e+03
6.600000000000000000e+01 5.491100000000000364e+03
1.800000000000000000e+01 5.499500000000000000e+03
5.800000000000000000e+01 5.505400000000000546e+03
2.600000000000000000e+01 5.506199999999999818e+03
7.400000000000000000e+01 5.507800000000000182e+03
1.000000000000000000e+01 5.508949999999999818e+03
3.400000000000000000e+01 5.509900000000000546e+03
4.200000000000000000e+01 5.516050000000000182e+03
2.000000000000000000e+00 5.523250000000000000e+03
5.000000000000000000e+01 5.528050000000000182e+03
1.800000000000000000e+01 5.528550000000000182e+03
7.400000000000000000e+01 5.529449999999999818e+03
6.600000000000000000e+01 5.536400000000000546e+03
5.800000000000000000e+01 5.540550000000000182e+03
3.400000000000000000e+01 5.543300000000000182e+03
2.600000000000000000e+01 5.546150000000000546e+03
1.000000000000000000e+01 5.549350000000000364e+03
1.800000000000000000e+01 5.564750000000000000e+03
4.200000000000000000e+01 5.565050000000000182e+03
7.400000000000000000e+01 5.565750000000000000e+03
2.000000000000000000e+00 5.566199999999999818e+03
3.400000000000000000e+01 5.568350000000000364e+03
5.800000000000000000e+01 5.569199999999999818e+03
6.600000000000000000e+01 5.584300000000000182e+03
2.600000000000000000e+01 5.586150000000000546e+03
1.000000000000000000e+01 5.588250000000000000e+03
1.800000000000000000e+01 5.597800000000000182e+03
4.200000000000000000e+01 5.598550000000000182e+03
7.400000000000000000e+01 5.601199999999999818e+03
5.800000000000000000e+01 5.601650000000000546e+03
5.000000000000000000e+01 5.604250000000000000e+03
3.400000000000000000e+01 5.604650000000000546e+03
2.000000000000000000e+00 5.612150000000000546e+03
2.600000000000000000e+01 5.622949999999999818e+03
7.400000000000000000e+01 5.634000000000000000e+03
4.200000000000000000e+01 5.636050000000000182e+03
5.800000000000000000e+01 5.640949999999999818e+03
1.800000000000000000e+01 5.642400000000000546e+03
6.600000000000000000e+01 5.648449999999999818e+03
3.400000000000000000e+01 5.651400000000000546e+03
5.000000000000000000e+01 5.652650000000000546e+03
2.000000000000000000e+00 5.653750000000000000e+03
1.000000000000000000e+01 5.657800000000000182e+03
2.600000000000000000e+01 5.661949999999999818e+03
7.400000000000000000e+01 5.663900000000000546e+03
6.600000000000000000e+01 5.681900000000000546e+03
1.800000000000000000e+01 5.687100000000000364e+03
3.400000000000000000e+01 5.689150000000000546e+03
2.600000000000000000e+01 5.694449999999999818e+03
7.400000000000000000e+01 5.696550000000000182e+03
2.000000000000000000e+00 5.699050000000000182e+03
4.200000000000000000e+01 5.699600000000000364e+03
5.800000000000000000e+01 5.700000000000000000e+03
1.000000000000000000e+01 5.708250000000000000e+03
6.600000000000000000e+01 5.709250000000000000e+03
1.800000000000000000e+01 5.713949999999999818e+03
2.600000000000000000e+01 5.717150000000000546e+03
5.000000000000000000e+01 5.722449999999999818e+03
4.200000000000000000e+01 5.728800000000000182e+03
2.000000000000000000e+00 5.733100000000000364e+03
5.800000000000000000e+01 5.733150000000000546e+03
7.400000000000000000e+01 5.740550000000000182e+03
3.400000000000000000e+01 5.741100000000000364e+03
6.600000000000000000e+01 5.743850000000000364e+03
5.000000000000000000e+01 5.755949999999999818e+03
2.600000000000000000e+01 5.756100000000000364e+03
4.200000000000000000e+01 5.757750000000000000e+03
5.800000000000000000e+01 5.770400000000000546e+03
1.800000000000000000e+01 5.770699999999999818e+03
7.400000000000000000e+01 5.773300000000000182e+03
4.200000000000000000e+01 5.781900000000000546e+03
6.600000000000000000e+01 5.783600000000000364e+03
1.000000000000000000e+01 5.785949999999999818e+03
2.600000000000000000e+01 5.787300000000000182e+03
3.400000000000000000e+01 5.788199999999999818e+03
5.000000000000000000e+01 5.792650000000000546e+03
2.000000000000000000e+00 5.793400000000000546e+03
1.800000000000000000e+01 5.793550000000000182e+03
4.200000000000000000e+01 5.808699999999999818e+03
2.600000000000000000e+01 5.817199999999999818e+03
7.400000000000000000e+01 5.817250000000000000e+03
5.800000000000000000e+01 5.818100000000000364e+03
3.400000000000000000e+01 5.819750000000000000e+03
6.600000000000000000e+01 5.819800000000000182e+03
5.000000000000000000e+01 5.826449999999999818e+03
1.000000000000000000e+01 5.827900000000000546e+03
1.800000000000000000e+01 5.833400000000000546e+03
7.400000000000000000e+01 5.843199999999999818e+03
2.000000000000000000e+00 5.845150000000000546e+03
5.000000000000000000e+01 5.855850000000000364e+03
4.200000000000000000e+01 5.860900000000000546e+03
1.800000000000000000e+01 5.862550000000000182e+03
5.800000000000000000e+01 5.863100000000000364e+03
3.400000000000000000e+01 5.863650000000000546e+03
6.600000000000000000e+01 5.865150000000000546e+03
2.600000000000000000e+01 5.865550000000000182e+03
1.000000000000000000e+01 5.868800000000000182e+03
7.400000000000000000e+01 5.875150000000000546e+03
2.000000000000000000e+00 5.878850000000000364e+03
1.800000000000000000e+01 5.886650000000000546e+03
5.000000000000000000e+01 5.894100000000000364e+03
1.000000000000000000e+01 5.894800000000000182e+03
5.800000000000000000e+01 5.899500000000000000e+03
1.800000000000000000e+01 5.910500000000000000e+03
7.400000000000000000e+01 5.912300000000000182e+03
3.400000000000000000e+01 5.912500000000000000e+03
2.600000000000000000e+01 5.913650000000000546e+03
4.200000000000000000e+01 5.914100000000000364e+03
6.600000000000000000e+01 5.915300000000000182e+03
2.000000000000000000e+00 5.915600000000000364e+03
1.000000000000000000e+01 5.920550000000000182e+03
5.000000000000000000e+01 5.931050000000000182e+03
5.800000000000000000e+01 5.947300000000000182e+03
1.800000000000000000e+01 5.953500000000000000e+03
7.400000000000000000e+01 5.955150000000000546e+03
4.200000000000000000e+01 5.957050000000000182e+03
6.600000000000000000e+01 5.957050000000000182e+03
3.400000000000000000e+01 5.957750000000000000e+03
2.000000000000000000e+00 5.959800000000000182e+03
2.600000000000000000e+01 5.959850000000000364e+03
1.000000000000000000e+01 5.967800000000000182e+03
5.000000000000000000e+01 5.971150000000000546e+03
5.800000000000000000e+01 5.974650000000000546e+03
7.400000000000000000e+01 5.990150000000000546e+03
1.000000000000000000e+01 5.995949999999999818e+03
1.800000000000000000e+01 5.997100000000000364e+03
2.600000000000000000e+01 5.998150000000000546e+03
2.000000000000000000e+00 5.999699999999999818e+03
4.200000000000000000e+01 6.005250000000000000e+03
5.000000000000000000e+01 6.138400000000000546e+03
1.000000000000000000e+01 6.262000000000000000e+03
5.800000000000000000e+01 6.323800000000000182e+03
2.000000000000000000e+00 6.329949999999999818e+03
3.400000000000000000e+01 6.425400000000000546e+03
5.800000000000000000e+01 6.621300000000000182e+03
1.800000000000000000e+01 6.723750000000000000e+03
2.000000000000000000e+00 6.905300000000000182e+03
5.800000000000000000e+01 7.053400000000000546e+03
1.000000000000000000e+01 7.213199999999999818e+03
6.600000000000000000e+01 7.227550000000000182e+03
2.000000000000000000e+00 7.340900000000000546e+03
3.400000000000000000e+01 7.444800000000000182e+03
2.600000000000000000e+01 7.547350000000000364e+03
2.600000000000000000e+01 7.805100000000000364e+03
3.400000000000000000e+01 7.805449999999999818e+03
1.000000000000000000e+01 8.217049999999999272e+03
2.000000000000000000e+00 8.302049999999999272e+03
7.400000000000000000e+01 8.548700000000000728e+03
2.600000000000000000e+01 8.587549999999999272e+03
7.400000000000000000e+01 8.845850000000000364e+03
5.800000000000000000e+01 8.861050000000001091e+03
2.000000000000000000e+00 8.909750000000000000e+03
1.000000000000000000e+01 8.984899999999999636e+03
3.000000000000000000e+00 2.440500000000000114e+02
3.500000000000000000e+01 2.890500000000000114e+02
5.100000000000000000e+01 4.108000000000000114e+02
1.100000000000000000e+01 7.114500000000000455e+02
3.000000000000000000e+00 8.312000000000000455e+02
1.100000000000000000e+01 9.293500000000000227e+02
5.900000000000000000e+01 1.352450000000000045e+03
5.100000000000000000e+01 1.568200000000000045e+03
3.500000000000000000e+01 2.721300000000000182e+03
5.100000000000000000e+01 2.838300000000000182e+03
1.900000000000000000e+01 3.010599999999999909e+03
5.900000000000000000e+01 3.015700000000000273e+03
5.100000000000000000e+01 3.024450000000000273e+03
3.000000000000000000e+00 3.029849999999999909e+03
6.700000000000000000e+01 3.035550000000000182e+03
3.500000000000000000e+01 3.043800000000000182e+03
4.300000000000000000e+01 3.052450000000000273e+03
1.900000000000000000e+01 3.052700000000000273e+03
2.700000000000000000e+01 3.056650000000000091e+03
7.500000000000000000e+01 3.057900000000000091e+03
5.100000000000000000e+01 3.060599999999999909e+03
1.100000000000000000e+01 3.078099999999999909e+03
1.900000000000000000e+01 3.097349999999999909e+03
3.000000000000000000e+00 3.098650000000000091e+03
3.500000000000000000e+01 3.107099999999999909e+03
5.100000000000000000e+01 3.109750000000000000e+03
4.300000000000000000e+01 3.114650000000000091e+03
2.700000000000000000e+01 3.115000000000000000e+03
7.500000000000000000e+01 3.125450000000000273e+03
6.700000000000000000e+01 3.126450000000000273e+03
1.100000000000000000e+01 3.136349999999999909e+03
2.700000000000000000e+01 3.151300000000000182e+03
5.100000000000000000e+01 3.164800000000000182e+03
4.300000000000000000e+01 3.171250000000000000e+03
7.500000000000000000e+01 3.172650000000000091e+03
3.500000000000000000e+01 3.178800000000000182e+03
3.000000000000000000e+00 3.203300000000000182e+03
1.100000000000000000e+01 3.205849999999999909e+03
7.500000000000000000e+01 3.207500000000000000e+03
5.100000000000000000e+01 3.210900000000000091e+03
1.900000000000000000e+01 3.213800000000000182e+03
2.700000000000000000e+01 3.222150000000000091e+03
4.300000000000000000e+01 3.222650000000000091e+03
7.500000000000000000e+01 3.246900000000000091e+03
1.900000000000000000e+01 3.251450000000000273e+03
5.900000000000000000e+01 3.253050000000000182e+03
3.000000000000000000e+00 3.257349999999999909e+03
5.100000000000000000e+01 3.257400000000000091e+03
2.700000000000000000e+01 3.259000000000000000e+03
4.300000000000000000e+01 3.265800000000000182e+03
3.500000000000000000e+01 3.267800000000000182e+03
1.900000000000000000e+01 3.280200000000000273e+03
5.900000000000000000e+01 3.281550000000000182e+03
7.500000000000000000e+01 3.291800000000000182e+03
3.000000000000000000e+00 3.302200000000000273e+03
5.100000000000000000e+01 3.306099999999999909e+03
2.700000000000000000e+01 3.309300000000000182e+03
1.100000000000000000e+01 3.309700000000000273e+03
6.700000000000000000e+01 3.311300000000000182e+03
3.500000000000000000e+01 3.319349999999999909e+03
7.500000000000000000e+01 3.335500000000000000e+03
1.900000000000000000e+01 3.339650000000000091e+03
5.100000000000000000e+01 3.340200000000000273e+03
4.300000000000000000e+01 3.344800000000000182e+03
6.700000000000000000e+01 3.349400000000000091e+03
5.900000000000000000e+01 3.361450000000000273e+03
3.000000000000000000e+00 3.370950000000000273e+03
4.300000000000000000e+01 3.380050000000000182e+03
3.000000000000000000e+00 3.400099999999999909e+03
5.100000000000000000e+01 3.401300000000000182e+03
7.500000000000000000e+01 3.401300000000000182e+03
6.700000000000000000e+01 3.402250000000000000e+03
2.700000000000000000e+01 3.406750000000000000e+03
1.100000000000000000e+01 3.406900000000000091e+03
4.300000000000000000e+01 3.423200000000000273e+03
1.900000000000000000e+01 3.424700000000000273e+03
3.000000000000000000e+00 3.426349999999999909e+03
5.100000000000000000e+01 3.434500000000000000e+03
3.500000000000000000e+01 3.443400000000000091e+03
5.900000000000000000e+01 3.454300000000000182e+03
1.900000000000000000e+01 3.456550000000000182e+03
1.100000000000000000e+01 3.459800000000000182e+03
3.000000000000000000e+00 3.471150000000000091e+03
6.700000000000000000e+01 3.475950000000000273e+03
2.700000000000000000e+01 3.476950000000000273e+03
4.300000000000000000e+01 3.479849999999999909e+03
1.900000000000000000e+01 3.489349999999999909e+03
1.100000000000000000e+01 3.491200000000000273e+03
3.500000000000000000e+01 3.500050000000000182e+03
3.000000000000000000e+00 3.502700000000000273e+03
7.500000000000000000e+01 3.503700000000000273e+03
5.100000000000000000e+01 3.512050000000000182e+03
5.900000000000000000e+01 3.513750000000000000e+03
4.300000000000000000e+01 3.521349999999999909e+03
6.700000000000000000e+01 3.525000000000000000e+03
3.500000000000000000e+01 3.533450000000000273e+03
1.900000000000000000e+01 3.539099999999999909e+03
1.100000000000000000e+01 3.541099999999999909e+03
3.000000000000000000e+00 3.542950000000000273e+03
7.500000000000000000e+01 3.548599999999999909e+03
5.100000000000000000e+01 3.549700000000000273e+03
4.300000000000000000e+01 3.557700000000000273e+03
6.700000000000000000e+01 3.565150000000000091e+03
3.500000000000000000e+01 3.566250000000000000e+03
5.900000000000000000e+01 3.576900000000000091e+03
5.100000000000000000e+01 3.580500000000000000e+03
1.900000000000000000e+01 3.589000000000000000e+03
3.000000000000000000e+00 3.596450000000000273e+03
2.700000000000000000e+01 3.605099999999999909e+03
4.300000000000000000e+01 3.605900000000000091e+03
5.900000000000000000e+01 3.615700000000000273e+03
5.100000000000000000e+01 3.627450000000000273e+03
3.500000000000000000e+01 3.631550000000000182e+03
6.700000000000000000e+01 3.632849999999999909e+03
3.000000000000000000e+00 3.632950000000000273e+03
1.100000000000000000e+01 3.633650000000000091e+03
7.500000000000000000e+01 3.635950000000000273e+03
1.900000000000000000e+01 3.643550000000000182e+03
4.300000000000000000e+01 3.644950000000000273e+03
2.700000000000000000e+01 3.660700000000000273e+03
3.500000000000000000e+01 3.661650000000000091e+03
1.100000000000000000e+01 3.665599999999999909e+03
6.700000000000000000e+01 3.679300000000000182e+03
7.500000000000000000e+01 3.679400000000000091e+03
3.000000000000000000e+00 3.681050000000000182e+03
1.900000000000000000e+01 3.693250000000000000e+03
3.500000000000000000e+01 3.695750000000000000e+03
5.100000000000000000e+01 3.698250000000000000e+03
1.100000000000000000e+01 3.701599999999999909e+03
4.300000000000000000e+01 3.714200000000000273e+03
7.500000000000000000e+01 3.715400000000000091e+03
6.700000000000000000e+01 3.721750000000000000e+03
2.700000000000000000e+01 3.739950000000000273e+03
1.900000000000000000e+01 3.743300000000000182e+03
4.300000000000000000e+01 3.750700000000000273e+03
3.000000000000000000e+00 3.757849999999999909e+03
6.700000000000000000e+01 3.758650000000000091e+03
5.100000000000000000e+01 3.773450000000000273e+03
3.500000000000000000e+01 3.773599999999999909e+03
7.500000000000000000e+01 3.777250000000000000e+03
5.900000000000000000e+01 3.784849999999999909e+03
1.900000000000000000e+01 3.793250000000000000e+03
4.300000000000000000e+01 3.797050000000000182e+03
3.000000000000000000e+00 3.798650000000000091e+03
6.700000000000000000e+01 3.800300000000000182e+03
1.100000000000000000e+01 3.802000000000000000e+03
3.500000000000000000e+01 3.803700000000000273e+03
2.700000000000000000e+01 3.818300000000000182e+03
7.500000000000000000e+01 3.838400000000000091e+03
1.900000000000000000e+01 3.838650000000000091e+03
5.100000000000000000e+01 3.843250000000000000e+03
3.000000000000000000e+00 3.845150000000000091e+03
5.900000000000000000e+01 3.846450000000000273e+03
4.300000000000000000e+01 3.851750000000000000e+03
3.500000000000000000e+01 3.858650000000000091e+03
1.100000000000000000e+01 3.870950000000000273e+03
5.100000000000000000e+01 3.874000000000000000e+03
4.300000000000000000e+01 3.883750000000000000e+03
2.700000000000000000e+01 3.892450000000000273e+03
1.900000000000000000e+01 3.893900000000000091e+03
6.700000000000000000e+01 3.901550000000000182e+03
5.100000000000000000e+01 3.908849999999999909e+03
5.900000000000000000e+01 3.916800000000000182e+03
3.000000000000000000e+00 3.929800000000000182e+03
1.100000000000000000e+01 3.929900000000000091e+03
4.300000000000000000e+01 3.931000000000000000e+03
3.500000000000000000e+01 3.934800000000000182e+03
6.700000000000000000e+01 3.935750000000000000e+03
5.900000000000000000e+01 3.957800000000000182e+03
5.100000000000000000e+01 3.959700000000000273e+03
7.500000000000000000e+01 3.960400000000000091e+03
1.900000000000000000e+01 3.966800000000000182e+03
2.700000000000000000e+01 3.969450000000000273e+03
3.000000000000000000e+00 3.989650000000000091e+03
3.500000000000000000e+01 3.994200000000000273e+03
4.300000000000000000e+01 3.996400000000000091e+03
7.500000000000000000e+01 3.998599999999999909e+03
2.700000000000000000e+01 4.004650000000000091e+03
6.700000000000000000e+01 4.005250000000000000e+03
1.100000000000000000e+01 4.005599999999999909e+03
5.100000000000000000e+01 4.014750000000000000e+03
5.900000000000000000e+01 4.028000000000000000e+03
4.300000000000000000e+01 4.032400000000000091e+03
3.000000000000000000e+00 4.036250000000000000e+03
1.100000000000000000e+01 4.044450000000000273e+03
7.500000000000000000e+01 4.045750000000000000e+03
3.500000000000000000e+01 4.060099999999999909e+03
5.900000000000000000e+01 4.066349999999999909e+03
6.700000000000000000e+01 4.066650000000000091e+03
1.900000000000000000e+01 4.069200000000000273e+03
2.700000000000000000e+01 4.071500000000000000e+03
5.100000000000000000e+01 4.075150000000000091e+03
4.300000000000000000e+01 4.077300000000000182e+03
7.500000000000000000e+01 4.078099999999999909e+03
3.000000000000000000e+00 4.095250000000000000e+03
1.100000000000000000e+01 4.096649999999999636e+03
6.700000000000000000e+01 4.101449999999999818e+03
3.500000000000000000e+01 4.112149999999999636e+03
2.700000000000000000e+01 4.124649999999999636e+03
5.100000000000000000e+01 4.126000000000000000e+03
3.000000000000000000e+00 4.134000000000000000e+03
1.900000000000000000e+01 4.136550000000000182e+03
5.900000000000000000e+01 4.136949999999999818e+03
7.500000000000000000e+01 4.140449999999999818e+03
6.700000000000000000e+01 4.153500000000000000e+03
3.500000000000000000e+01 4.156600000000000364e+03
4.300000000000000000e+01 4.164550000000000182e+03
1.100000000000000000e+01 4.165550000000000182e+03
5.900000000000000000e+01 4.175300000000000182e+03
3.000000000000000000e+00 4.176449999999999818e+03
2.700000000000000000e+01 4.188149999999999636e+03
6.700000000000000000e+01 4.192000000000000000e+03
1.900000000000000000e+01 4.197600000000000364e+03
4.300000000000000000e+01 4.202500000000000000e+03
5.900000000000000000e+01 4.215800000000000182e+03
5.100000000000000000e+01 4.217199999999999818e+03
3.000000000000000000e+00 4.223350000000000364e+03
7.500000000000000000e+01 4.226050000000000182e+03
3.500000000000000000e+01 4.233199999999999818e+03
1.100000000000000000e+01 4.236750000000000000e+03
2.700000000000000000e+01 4.242350000000000364e+03
5.100000000000000000e+01 4.251300000000000182e+03
4.300000000000000000e+01 4.258500000000000000e+03
6.700000000000000000e+01 4.259350000000000364e+03
5.900000000000000000e+01 4.265399999999999636e+03
3.000000000000000000e+00 4.268350000000000364e+03
5.100000000000000000e+01 4.294199999999999818e+03
1.100000000000000000e+01 4.294250000000000000e+03
3.000000000000000000e+00 4.295350000000000364e+03
6.700000000000000000e+01 4.295899999999999636e+03
1.900000000000000000e+01 4.297100000000000364e+03
3.500000000000000000e+01 4.297100000000000364e+03
2.700000000000000000e+01 4.297949999999999818e+03
4.300000000000000000e+01 4.304750000000000000e+03
7.500000000000000000e+01 4.314399999999999636e+03
5.900000000000000000e+01 4.318649999999999636e+03
2.700000000000000000e+01 4.329100000000000364e+03
6.700000000000000000e+01 4.330199999999999818e+03
3.500000000000000000e+01 4.342500000000000000e+03
5.100000000000000000e+01 4.347100000000000364e+03
4.300000000000000000e+01 4.347250000000000000e+03
1.100000000000000000e+01 4.348350000000000364e+03
5.900000000000000000e+01 4.352350000000000364e+03
2.700000000000000000e+01 4.354699999999999818e+03
6.700000000000000000e+01 4.360600000000000364e+03
7.500000000000000000e+01 4.373949999999999818e+03
3.000000000000000000e+00 4.375300000000000182e+03
1.900000000000000000e+01 4.379650000000000546e+03
1.100000000000000000e+01 4.383900000000000546e+03
3.500000000000000000e+01 4.385850000000000364e+03
5.900000000000000000e+01 4.388800000000000182e+03
4.300000000000000000e+01 4.390449999999999818e+03
5.100000000000000000e+01 4.392350000000000364e+03
2.700000000000000000e+01 4.405449999999999818e+03
6.700000000000000000e+01 4.414600000000000364e+03
7.500000000000000000e+01 4.416199999999999818e+03
1.100000000000000000e+01 4.416750000000000000e+03
2.700000000000000000e+01 4.430750000000000000e+03
3.500000000000000000e+01 4.431800000000000182e+03
1.900000000000000000e+01 4.433900000000000546e+03
5.900000000000000000e+01 4.438150000000000546e+03
5.100000000000000000e+01 4.439150000000000546e+03
3.000000000000000000e+00 4.440150000000000546e+03
4.300000000000000000e+01 4.451800000000000182e+03
7.500000000000000000e+01 4.460050000000000182e+03
2.700000000000000000e+01 4.465949999999999818e+03
1.100000000000000000e+01 4.469800000000000182e+03
3.500000000000000000e+01 4.470350000000000364e+03
5.100000000000000000e+01 4.473100000000000364e+03
1.900000000000000000e+01 4.479900000000000546e+03
3.000000000000000000e+00 4.483100000000000364e+03
5.900000000000000000e+01 4.483800000000000182e+03
4.300000000000000000e+01 4.485699999999999818e+03
7.500000000000000000e+01 4.500000000000000000e+03
6.700000000000000000e+01 4.511199999999999818e+03
2.700000000000000000e+01 4.514350000000000364e+03
5.100000000000000000e+01 4.518050000000000182e+03
1.100000000000000000e+01 4.523800000000000182e+03
4.300000000000000000e+01 4.525600000000000364e+03
3.000000000000000000e+00 4.528199999999999818e+03
3.500000000000000000e+01 4.534400000000000546e+03
1.900000000000000000e+01 4.544150000000000546e+03
2.700000000000000000e+01 4.551000000000000000e+03
7.500000000000000000e+01 4.555750000000000000e+03
4.300000000000000000e+01 4.561900000000000546e+03
3.000000000000000000e+00 4.565449999999999818e+03
1.100000000000000000e+01 4.565449999999999818e+03
5.100000000000000000e+01 4.569449999999999818e+03
6.700000000000000000e+01 4.570350000000000364e+03
5.900000000000000000e+01 4.574400000000000546e+03
1.900000000000000000e+01 4.579199999999999818e+03
4.300000000000000000e+01 4.580800000000000182e+03
2.700000000000000000e+01 4.583750000000000000e+03
3.500000000000000000e+01 4.585750000000000000e+03
6.700000000000000000e+01 4.600050000000000182e+03
1.100000000000000000e+01 4.600150000000000546e+03
5.100000000000000000e+01 4.612500000000000000e+03
1.900000000000000000e+01 4.617150000000000546e+03
5.900000000000000000e+01 4.622800000000000182e+03
3.000000000000000000e+00 4.628400000000000546e+03
7.500000000000000000e+01 4.632100000000000364e+03
3.500000000000000000e+01 4.637300000000000182e+03
2.700000000000000000e+01 4.638250000000000000e+03
4.300000000000000000e+01 4.641300000000000182e+03
6.700000000000000000e+01 4.651550000000000182e+03
3.000000000000000000e+00 4.656550000000000182e+03
5.900000000000000000e+01 4.658350000000000364e+03
1.100000000000000000e+01 4.659800000000000182e+03
5.100000000000000000e+01 4.659949999999999818e+03
1.900000000000000000e+01 4.660550000000000182e+03
7.500000000000000000e+01 4.666199999999999818e+03
3.500000000000000000e+01 4.680050000000000182e+03
2.700000000000000000e+01 4.683300000000000182e+03
6.700000000000000000e+01 4.686850000000000364e+03
5.900000000000000000e+01 4.693800000000000182e+03
4.300000000000000000e+01 4.697350000000000364e+03
5.100000000000000000e+01 4.698750000000000000e+03
3.000000000000000000e+00 4.699900000000000546e+03
1.100000000000000000e+01 4.712100000000000364e+03
2.700000000000000000e+01 4.712550000000000182e+03
1.900000000000000000e+01 4.714550000000000182e+03
6.700000000000000000e+01 4.716850000000000364e+03
7.500000000000000000e+01 4.731300000000000182e+03
3.000000000000000000e+00 4.737050000000000182e+03
5.100000000000000000e+01 4.746500000000000000e+03
2.700000000000000000e+01 4.747500000000000000e+03
3.500000000000000000e+01 4.748100000000000364e+03
1.100000000000000000e+01 4.757050000000000182e+03
3.000000000000000000e+00 4.770250000000000000e+03
5.900000000000000000e+01 4.772600000000000364e+03
4.300000000000000000e+01 4.773100000000000364e+03
7.500000000000000000e+01 4.785699999999999818e+03
5.100000000000000000e+01 4.790800000000000182e+03
1.100000000000000000e+01 4.795949999999999818e+03
6.700000000000000000e+01 4.798199999999999818e+03
2.700000000000000000e+01 4.799150000000000546e+03
1.900000000000000000e+01 4.806550000000000182e+03
3.000000000000000000e+00 4.808800000000000182e+03
4.300000000000000000e+01 4.817000000000000000e+03
1.100000000000000000e+01 4.827449999999999818e+03
6.700000000000000000e+01 4.830900000000000546e+03
5.100000000000000000e+01 4.838150000000000546e+03
3.500000000000000000e+01 4.841050000000000182e+03
4.300000000000000000e+01 4.844650000000000546e+03
3.000000000000000000e+00 4.849350000000000364e+03
7.500000000000000000e+01 4.850949999999999818e+03
1.900000000000000000e+01 4.853750000000000000e+03
5.100000000000000000e+01 4.858199999999999818e+03
5.900000000000000000e+01 4.863000000000000000e+03
3.500000000000000000e+01 4.872600000000000364e+03
4.300000000000000000e+01 4.875850000000000364e+03
1.900000000000000000e+01 4.883050000000000182e+03
7.500000000000000000e+01 4.883600000000000364e+03
2.700000000000000000e+01 4.884850000000000364e+03
1.100000000000000000e+01 4.893500000000000000e+03
3.000000000000000000e+00 4.894449999999999818e+03
5.900000000000000000e+01 4.903350000000000364e+03
6.700000000000000000e+01 4.903600000000000364e+03
5.100000000000000000e+01 4.904350000000000364e+03
1.900000000000000000e+01 4.910500000000000000e+03
4.300000000000000000e+01 4.915750000000000000e+03
2.700000000000000000e+01 4.926250000000000000e+03
7.500000000000000000e+01 4.929650000000000546e+03
5.100000000000000000e+01 4.933199999999999818e+03
3.500000000000000000e+01 4.942650000000000546e+03
5.900000000000000000e+01 4.943800000000000182e+03
1.100000000000000000e+01 4.950550000000000182e+03
4.300000000000000000e+01 4.958500000000000000e+03
1.900000000000000000e+01 4.962199999999999818e+03
5.100000000000000000e+01 4.969150000000000546e+03
7.500000000000000000e+01 4.981150000000000546e+03
3.500000000000000000e+01 4.987100000000000364e+03
2.700000000000000000e+01 4.991949999999999818e+03
4.300000000000000000e+01 4.994550000000000182e+03
6.700000000000000000e+01 4.995250000000000000e+03
1.100000000000000000e+01 5.002800000000000182e+03
5.900000000000000000e+01 5.003699999999999818e+03
3.000000000000000000e+00 5.004500000000000000e+03
1.900000000000000000e+01 5.012900000000000546e+03
3.500000000000000000e+01 5.022850000000000364e+03
7.500000000000000000e+01 5.022850000000000364e+03
5.100000000000000000e+01 5.024300000000000182e+03
3.000000000000000000e+00 5.036750000000000000e+03
6.700000000000000000e+01 5.038050000000000182e+03
1.900000000000000000e+01 5.045300000000000182e+03
1.100000000000000000e+01 5.046650000000000546e+03
4.300000000000000000e+01 5.052300000000000182e+03
5.900000000000000000e+01 5.052650000000000546e+03
5.100000000000000000e+01 5.054699999999999818e+03
3.500000000000000000e+01 5.069250000000000000e+03
6.700000000000000000e+01 5.069449999999999818e+03
3.000000000000000000e+00 5.072800000000000182e+03
7.500000000000000000e+01 5.074449999999999818e+03
2.700000000000000000e+01 5.078500000000000000e+03
4.300000000000000000e+01 5.079250000000000000e+03
1.900000000000000000e+01 5.080650000000000546e+03
5.900000000000000000e+01 5.085050000000000182e+03
5.100000000000000000e+01 5.094699999999999818e+03
6.700000000000000000e+01 5.105150000000000546e+03
3.500000000000000000e+01 5.105250000000000000e+03
3.000000000000000000e+00 5.108350000000000364e+03
2.700000000000000000e+01 5.110250000000000000e+03
1.100000000000000000e+01 5.110900000000000546e+03
1.900000000000000000e+01 5.111250000000000000e+03
7.500000000000000000e+01 5.116750000000000000e+03
4.300000000000000000e+01 5.117199999999999818e+03
5.100000000000000000e+01 5.128500000000000000e+03
5.900000000000000000e+01 5.140199999999999818e+03
1.100000000000000000e+01 5.141199999999999818e+03
6.700000000000000000e+01 5.145350000000000364e+03
7.500000000000000000e+01 5.146949999999999818e+03
3.000000000000000000e+00 5.156850000000000364e+03
4.300000000000000000e+01 5.161199999999999818e+03
2.700000000000000000e+01 5.162949999999999818e+03
1.900000000000000000e+01 5.163550000000000182e+03
6.700000000000000000e+01 5.168600000000000364e+03
3.500000000000000000e+01 5.170199999999999818e+03
7.500000000000000000e+01 5.181800000000000182e+03
5.900000000000000000e+01 5.185900000000000546e+03
5.100000000000000000e+01 5.187750000000000000e+03
3.000000000000000000e+00 5.193500000000000000e+03
1.100000000000000000e+01 5.202800000000000182e+03
3.500000000000000000e+01 5.210600000000000364e+03
6.700000000000000000e+01 5.211150000000000546e+03
2.700000000000000000e+01 5.213650000000000546e+03
4.300000000000000000e+01 5.216250000000000000e+03
3.000000000000000000e+00 5.224300000000000182e+03
5.900000000000000000e+01 5.224900000000000546e+03
5.100000000000000000e+01 5.225850000000000364e+03
7.500000000000000000e+01 5.233850000000000364e+03
1.100000000000000000e+01 5.239550000000000182e+03
6.700000000000000000e+01 5.241699999999999818e+03
3.500000000000000000e+01 5.252350000000000364e+03
1.900000000000000000e+01 5.255600000000000364e+03
2.700000000000000000e+01 5.257150000000000546e+03
5.900000000000000000e+01 5.260699999999999818e+03
1.100000000000000000e+01 5.261150000000000546e+03
5.100000000000000000e+01 5.265300000000000182e+03
4.300000000000000000e+01 5.268300000000000182e+03
3.000000000000000000e+00 5.273850000000000364e+03
7.500000000000000000e+01 5.273900000000000546e+03
1.100000000000000000e+01 5.295449999999999818e+03
3.500000000000000000e+01 5.304300000000000182e+03
6.700000000000000000e+01 5.304300000000000182e+03
5.100000000000000000e+01 5.305850000000000364e+03
4.300000000000000000e+01 5.306000000000000000e+03
3.000000000000000000e+00 5.306949999999999818e+03
2.700000000000000000e+01 5.307400000000000546e+03
7.500000000000000000e+01 5.307800000000000182e+03
1.900000000000000000e+01 5.308300000000000182e+03
5.900000000000000000e+01 5.311900000000000546e+03
1.100000000000000000e+01 5.331250000000000000e+03
3.000000000000000000e+00 5.342500000000000000e+03
5.100000000000000000e+01 5.345000000000000000e+03
4.300000000000000000e+01 5.345500000000000000e+03
7.500000000000000000e+01 5.345949999999999818e+03
5.900000000000000000e+01 5.349850000000000364e+03
2.700000000000000000e+01 5.357050000000000182e+03
1.900000000000000000e+01 5.357750000000000000e+03
1.100000000000000000e+01 5.359550000000000182e+03
3.000000000000000000e+00 5.364400000000000546e+03
6.700000000000000000e+01 5.370250000000000000e+03
3.500000000000000000e+01 5.375100000000000364e+03
7.500000000000000000e+01 5.378350000000000364e+03
2.700000000000000000e+01 5.386100000000000364e+03
5.900000000000000000e+01 5.388449999999999818e+03
5.100000000000000000e+01 5.389800000000000182e+03
1.900000000000000000e+01 5.390600000000000364e+03
1.100000000000000000e+01 5.391300000000000182e+03
3.000000000000000000e+00 5.393500000000000000e+03
4.300000000000000000e+01 5.402250000000000000e+03
6.700000000000000000e+01 5.407350000000000364e+03
7.500000000000000000e+01 5.409699999999999818e+03
3.500000000000000000e+01 5.414050000000000182e+03
2.700000000000000000e+01 5.419100000000000364e+03
3.000000000000000000e+00 5.423850000000000364e+03
7.500000000000000000e+01 5.431800000000000182e+03
1.100000000000000000e+01 5.433699999999999818e+03
1.900000000000000000e+01 5.442050000000000182e+03
5.900000000000000000e+01 5.446650000000000546e+03
6.700000000000000000e+01 5.446850000000000364e+03
5.100000000000000000e+01 5.449350000000000364e+03
4.300000000000000000e+01 5.458600000000000364e+03
3.500000000000000000e+01 5.459199999999999818e+03
3.000000000000000000e+00 5.462600000000000364e+03
7.500000000000000000e+01 5.475300000000000182e+03
5.100000000000000000e+01 5.479300000000000182e+03
1.100000000000000000e+01 5.481800000000000182e+03
1.900000000000000000e+01 5.487699999999999818e+03
2.700000000000000000e+01 5.492500000000000000e+03
5.900000000000000000e+01 5.501150000000000546e+03
3.500000000000000000e+01 5.503350000000000364e+03
6.700000000000000000e+01 5.503800000000000182e+03
3.000000000000000000e+00 5.504150000000000546e+03
4.300000000000000000e+01 5.507750000000000000e+03
5.100000000000000000e+01 5.518300000000000182e+03
7.500000000000000000e+01 5.527100000000000364e+03
1.900000000000000000e+01 5.529199999999999818e+03
1.100000000000000000e+01 5.530650000000000546e+03
2.700000000000000000e+01 5.530900000000000546e+03
5.900000000000000000e+01 5.532449999999999818e+03
4.300000000000000000e+01 5.538550000000000182e+03
6.700000000000000000e+01 5.539600000000000364e+03
3.000000000000000000e+00 5.542900000000000546e+03
5.100000000000000000e+01 5.560500000000000000e+03
2.700000000000000000e+01 5.562600000000000364e+03
3.500000000000000000e+01 5.564699999999999818e+03
5.900000000000000000e+01 5.566050000000000182e+03
7.500000000000000000e+01 5.566199999999999818e+03
6.700000000000000000e+01 5.576800000000000182e+03
4.300000000000000000e+01 5.581699999999999818e+03
1.900000000000000000e+01 5.585199999999999818e+03
1.100000000000000000e+01 5.588650000000000546e+03
3.000000000000000000e+00 5.589850000000000364e+03
5.100000000000000000e+01 5.591750000000000000e+03
7.500000000000000000e+01 5.593750000000000000e+03
3.500000000000000000e+01 5.604400000000000546e+03
5.900000000000000000e+01 5.605100000000000364e+03
6.700000000000000000e+01 5.606250000000000000e+03
2.700000000000000000e+01 5.607449999999999818e+03
1.900000000000000000e+01 5.607600000000000364e+03
3.000000000000000000e+00 5.614400000000000546e+03
4.300000000000000000e+01 5.616949999999999818e+03
5.100000000000000000e+01 5.617750000000000000e+03
7.500000000000000000e+01 5.623600000000000364e+03
1.100000000000000000e+01 5.631300000000000182e+03
1.900000000000000000e+01 5.632199999999999818e+03
6.700000000000000000e+01 5.637150000000000546e+03
2.700000000000000000e+01 5.646100000000000364e+03
5.100000000000000000e+01 5.650100000000000364e+03
3.500000000000000000e+01 5.653000000000000000e+03
4.300000000000000000e+01 5.657750000000000000e+03
1.900000000000000000e+01 5.661300000000000182e+03
7.500000000000000000e+01 5.664150000000000546e+03
3.000000000000000000e+00 5.665600000000000364e+03
5.900000000000000000e+01 5.675800000000000182e+03
1.100000000000000000e+01 5.679650000000000546e+03
5.100000000000000000e+01 5.683650000000000546e+03
6.700000000000000000e+01 5.687650000000000546e+03
3.000000000000000000e+00 5.694400000000000546e+03
3.500000000000000000e+01 5.697250000000000000e+03
4.300000000000000000e+01 5.698800000000000182e+03
1.900000000000000000e+01 5.700000000000000000e+03
7.500000000000000000e+01 5.702449999999999818e+03
2.700000000000000000e+01 5.702949999999999818e+03
1.100000000000000000e+01 5.708449999999999818e+03
5.900000000000000000e+01 5.709199999999999818e+03
5.100000000000000000e+01 5.710800000000000182e+03
6.700000000000000000e+01 5.714050000000000182e+03
2.700000000000000000e+01 5.725449999999999818e+03
3.500000000000000000e+01 5.727949999999999818e+03
1.900000000000000000e+01 5.734800000000000182e+03
3.000000000000000000e+00 5.736800000000000182e+03
7.500000000000000000e+01 5.739449999999999818e+03
6.700000000000000000e+01 5.739699999999999818e+03
4.300000000000000000e+01 5.741949999999999818e+03
1.100000000000000000e+01 5.751250000000000000e+03
5.100000000000000000e+01 5.752500000000000000e+03
2.700000000000000000e+01 5.752550000000000182e+03
3.500000000000000000e+01 5.759500000000000000e+03
3.000000000000000000e+00 5.764400000000000546e+03
5.900000000000000000e+01 5.766600000000000364e+03
5.100000000000000000e+01 5.776650000000000546e+03
1.900000000000000000e+01 5.778600000000000364e+03
6.700000000000000000e+01 5.781699999999999818e+03
7.500000000000000000e+01 5.782400000000000546e+03
4.300000000000000000e+01 5.791850000000000364e+03
3.500000000000000000e+01 5.794100000000000364e+03
1.100000000000000000e+01 5.803500000000000000e+03
5.100000000000000000e+01 5.806750000000000000e+03
3.000000000000000000e+00 5.813150000000000546e+03
5.900000000000000000e+01 5.814750000000000000e+03
7.500000000000000000e+01 5.814800000000000182e+03
1.900000000000000000e+01 5.820550000000000182e+03
2.700000000000000000e+01 5.826300000000000182e+03
4.300000000000000000e+01 5.830250000000000000e+03
6.700000000000000000e+01 5.837250000000000000e+03
3.500000000000000000e+01 5.841550000000000182e+03
1.900000000000000000e+01 5.849000000000000000e+03
3.000000000000000000e+00 5.850600000000000364e+03
1.100000000000000000e+01 5.853100000000000364e+03
6.700000000000000000e+01 5.854500000000000000e+03
5.900000000000000000e+01 5.856650000000000546e+03
5.100000000000000000e+01 5.859449999999999818e+03
7.500000000000000000e+01 5.859500000000000000e+03
2.700000000000000000e+01 5.863050000000000182e+03
4.300000000000000000e+01 5.864199999999999818e+03
3.000000000000000000e+00 5.877150000000000546e+03
1.100000000000000000e+01 5.884250000000000000e+03
3.500000000000000000e+01 5.886250000000000000e+03
6.700000000000000000e+01 5.887400000000000546e+03
7.500000000000000000e+01 5.896449999999999818e+03
1.900000000000000000e+01 5.898350000000000364e+03
5.900000000000000000e+01 5.908350000000000364e+03
2.700000000000000000e+01 5.908949999999999818e+03
4.300000000000000000e+01 5.908949999999999818e+03
5.100000000000000000e+01 5.913350000000000364e+03
1.100000000000000000e+01 5.920550000000000182e+03
3.000000000000000000e+00 5.922199999999999818e+03
6.700000000000000000e+01 5.923650000000000546e+03
7.500000000000000000e+01 5.938500000000000000e+03
3.500000000000000000e+01 5.948150000000000546e+03
1.900000000000000000e+01 5.950650000000000546e+03
1.100000000000000000e+01 5.953600000000000364e+03
3.000000000000000000e+00 5.953750000000000000e+03
6.700000000000000000e+01 5.955000000000000000e+03
2.700000000000000000e+01 5.956400000000000546e+03
5.100000000000000000e+01 5.959300000000000182e+03
5.900000000000000000e+01 5.962449999999999818e+03
4.300000000000000000e+01 5.970100000000000364e+03
7.500000000000000000e+01 5.971850000000000364e+03
6.700000000000000000e+01 5.994550000000000182e+03
3.000000000000000000e+00 5.995350000000000364e+03
2.700000000000000000e+01 6.001100000000000364e+03
5.100000000000000000e+01 6.003400000000000546e+03
4.300000000000000000e+01 6.010650000000000546e+03
3.500000000000000000e+01 6.018199999999999818e+03
6.700000000000000000e+01 6.780350000000000364e+03
7.500000000000000000e+01 7.141850000000000364e+03
7.500000000000000000e+01 7.241900000000000546e+03
5.100000000000000000e+01 7.247400000000000546e+03
6.700000000000000000e+01 7.287000000000000000e+03
4.300000000000000000e+01 7.589699999999999818e+03
3.000000000000000000e+00 7.679300000000000182e+03
3.000000000000000000e+00 8.266100000000000364e+03
6.700000000000000000e+01 8.490750000000000000e+03
1.900000000000000000e+01 8.547899999999999636e+03
3.000000000000000000e+00 8.560700000000000728e+03
5.200000000000000000e+01 2.944499999999999886e+02
2.800000000000000000e+01 3.815500000000000114e+02
6.800000000000000000e+01 7.032000000000000455e+02
3.600000000000000000e+01 7.653000000000000682e+02
6.800000000000000000e+01 1.071150000000000091e+03
2.800000000000000000e+01 1.260299999999999955e+03
5.200000000000000000e+01 1.298150000000000091e+03
4.400000000000000000e+01 1.654650000000000091e+03
6.800000000000000000e+01 1.719000000000000000e+03
1.200000000000000000e+01 1.922549999999999955e+03
4.400000000000000000e+01 1.959299999999999955e+03
3.600000000000000000e+01 2.051500000000000000e+03
5.200000000000000000e+01 2.340300000000000182e+03
4.000000000000000000e+00 2.470250000000000000e+03
2.800000000000000000e+01 3.013500000000000000e+03
5.200000000000000000e+01 3.020849999999999909e+03
2.000000000000000000e+01 3.025150000000000091e+03
7.600000000000000000e+01 3.029200000000000273e+03
4.000000000000000000e+00 3.030599999999999909e+03
4.400000000000000000e+01 3.034700000000000273e+03
6.000000000000000000e+01 3.046849999999999909e+03
3.600000000000000000e+01 3.047349999999999909e+03
1.200000000000000000e+01 3.052250000000000000e+03
2.000000000000000000e+01 3.062050000000000182e+03
4.000000000000000000e+00 3.070750000000000000e+03
6.800000000000000000e+01 3.082099999999999909e+03
1.200000000000000000e+01 3.092349999999999909e+03
2.800000000000000000e+01 3.095099999999999909e+03
4.400000000000000000e+01 3.102599999999999909e+03
7.600000000000000000e+01 3.104500000000000000e+03
4.000000000000000000e+00 3.112150000000000091e+03
2.000000000000000000e+01 3.124349999999999909e+03
5.200000000000000000e+01 3.134599999999999909e+03
6.000000000000000000e+01 3.135800000000000182e+03
3.600000000000000000e+01 3.136050000000000182e+03
1.200000000000000000e+01 3.136849999999999909e+03
7.600000000000000000e+01 3.169200000000000273e+03
4.000000000000000000e+00 3.169650000000000091e+03
4.400000000000000000e+01 3.169900000000000091e+03
1.200000000000000000e+01 3.185450000000000273e+03
3.600000000000000000e+01 3.186400000000000091e+03
2.000000000000000000e+01 3.189700000000000273e+03
2.800000000000000000e+01 3.191800000000000182e+03
5.200000000000000000e+01 3.196900000000000091e+03
7.600000000000000000e+01 3.197700000000000273e+03
6.000000000000000000e+01 3.211400000000000091e+03
4.000000000000000000e+00 3.220050000000000182e+03
4.400000000000000000e+01 3.227250000000000000e+03
1.200000000000000000e+01 3.229800000000000182e+03
6.800000000000000000e+01 3.230099999999999909e+03
3.600000000000000000e+01 3.235050000000000182e+03
5.200000000000000000e+01 3.236750000000000000e+03
2.800000000000000000e+01 3.246200000000000273e+03
1.200000000000000000e+01 3.264900000000000091e+03
3.600000000000000000e+01 3.267550000000000182e+03
2.000000000000000000e+01 3.271950000000000273e+03
5.200000000000000000e+01 3.275050000000000182e+03
4.400000000000000000e+01 3.287050000000000182e+03
7.600000000000000000e+01 3.288000000000000000e+03
2.800000000000000000e+01 3.293000000000000000e+03
6.000000000000000000e+01 3.296849999999999909e+03
4.000000000000000000e+00 3.312650000000000091e+03
7.600000000000000000e+01 3.322349999999999909e+03
2.800000000000000000e+01 3.328000000000000000e+03
6.800000000000000000e+01 3.329400000000000091e+03
1.200000000000000000e+01 3.334750000000000000e+03
4.400000000000000000e+01 3.337250000000000000e+03
5.200000000000000000e+01 3.350099999999999909e+03
6.000000000000000000e+01 3.357900000000000091e+03
3.600000000000000000e+01 3.358349999999999909e+03
2.000000000000000000e+01 3.369550000000000182e+03
1.200000000000000000e+01 3.374099999999999909e+03
4.000000000000000000e+00 3.376250000000000000e+03
4.400000000000000000e+01 3.379750000000000000e+03
6.800000000000000000e+01 3.383150000000000091e+03
7.600000000000000000e+01 3.395750000000000000e+03
2.800000000000000000e+01 3.399849999999999909e+03
2.000000000000000000e+01 3.405349999999999909e+03
3.600000000000000000e+01 3.405450000000000273e+03
6.000000000000000000e+01 3.410750000000000000e+03
4.000000000000000000e+00 3.413849999999999909e+03
5.200000000000000000e+01 3.427250000000000000e+03
4.400000000000000000e+01 3.429099999999999909e+03
3.600000000000000000e+01 3.441750000000000000e+03
2.000000000000000000e+01 3.445950000000000273e+03
2.800000000000000000e+01 3.456099999999999909e+03
7.600000000000000000e+01 3.462000000000000000e+03
1.200000000000000000e+01 3.463650000000000091e+03
6.000000000000000000e+01 3.472050000000000182e+03
4.000000000000000000e+00 3.475500000000000000e+03
3.600000000000000000e+01 3.484050000000000182e+03
6.800000000000000000e+01 3.492750000000000000e+03
2.000000000000000000e+01 3.493950000000000273e+03
5.200000000000000000e+01 3.494650000000000091e+03
4.400000000000000000e+01 3.494950000000000273e+03
1.200000000000000000e+01 3.498349999999999909e+03
2.800000000000000000e+01 3.498800000000000182e+03
6.000000000000000000e+01 3.503200000000000273e+03
1.200000000000000000e+01 3.526900000000000091e+03
3.600000000000000000e+01 3.534050000000000182e+03
4.000000000000000000e+00 3.550400000000000091e+03
6.000000000000000000e+01 3.551800000000000182e+03
6.800000000000000000e+01 3.554300000000000182e+03
7.600000000000000000e+01 3.564800000000000182e+03
3.600000000000000000e+01 3.570450000000000273e+03
5.200000000000000000e+01 3.573700000000000273e+03
4.400000000000000000e+01 3.576050000000000182e+03
2.800000000000000000e+01 3.581000000000000000e+03
4.000000000000000000e+00 3.584150000000000091e+03
2.000000000000000000e+01 3.591050000000000182e+03
1.200000000000000000e+01 3.595900000000000091e+03
5.200000000000000000e+01 3.603349999999999909e+03
7.600000000000000000e+01 3.604849999999999909e+03
4.000000000000000000e+00 3.612150000000000091e+03
6.800000000000000000e+01 3.618349999999999909e+03
3.600000000000000000e+01 3.623450000000000273e+03
4.400000000000000000e+01 3.628500000000000000e+03
2.800000000000000000e+01 3.633349999999999909e+03
6.000000000000000000e+01 3.634150000000000091e+03
2.000000000000000000e+01 3.636550000000000182e+03
4.400000000000000000e+01 3.668099999999999909e+03
2.000000000000000000e+01 3.669000000000000000e+03
6.800000000000000000e+01 3.669200000000000273e+03
1.200000000000000000e+01 3.669300000000000182e+03
7.600000000000000000e+01 3.670050000000000182e+03
4.000000000000000000e+00 3.674900000000000091e+03
6.000000000000000000e+01 3.682450000000000273e+03
2.800000000000000000e+01 3.700950000000000273e+03
2.000000000000000000e+01 3.705050000000000182e+03
3.600000000000000000e+01 3.706150000000000091e+03
7.600000000000000000e+01 3.706150000000000091e+03
1.200000000000000000e+01 3.709300000000000182e+03
6.000000000000000000e+01 3.720700000000000273e+03
2.800000000000000000e+01 3.724200000000000273e+03
4.000000000000000000e+00 3.728750000000000000e+03
6.800000000000000000e+01 3.737950000000000273e+03
2.000000000000000000e+01 3.749400000000000091e+03
7.600000000000000000e+01 3.750800000000000182e+03
5.200000000000000000e+01 3.757900000000000091e+03
3.600000000000000000e+01 3.764900000000000091e+03
4.400000000000000000e+01 3.766500000000000000e+03
6.000000000000000000e+01 3.767349999999999909e+03
4.000000000000000000e+00 3.769450000000000273e+03
6.800000000000000000e+01 3.772900000000000091e+03
1.200000000000000000e+01 3.778849999999999909e+03
2.800000000000000000e+01 3.797650000000000091e+03
7.600000000000000000e+01 3.802849999999999909e+03
5.200000000000000000e+01 3.808650000000000091e+03
3.600000000000000000e+01 3.810300000000000182e+03
6.000000000000000000e+01 3.813349999999999909e+03
1.200000000000000000e+01 3.815550000000000182e+03
6.800000000000000000e+01 3.827500000000000000e+03
4.000000000000000000e+00 3.836349999999999909e+03
2.000000000000000000e+01 3.836400000000000091e+03
4.400000000000000000e+01 3.836700000000000273e+03
2.800000000000000000e+01 3.836800000000000182e+03
3.600000000000000000e+01 3.843750000000000000e+03
1.200000000000000000e+01 3.862150000000000091e+03
7.600000000000000000e+01 3.864050000000000182e+03
4.400000000000000000e+01 3.871700000000000273e+03
6.000000000000000000e+01 3.875099999999999909e+03
5.200000000000000000e+01 3.877300000000000182e+03
2.800000000000000000e+01 3.883849999999999909e+03
6.800000000000000000e+01 3.890250000000000000e+03
2.000000000000000000e+01 3.898300000000000182e+03
4.000000000000000000e+00 3.904800000000000182e+03
4.400000000000000000e+01 3.914150000000000091e+03
1.200000000000000000e+01 3.918500000000000000e+03
2.800000000000000000e+01 3.927099999999999909e+03
3.600000000000000000e+01 3.928849999999999909e+03
5.200000000000000000e+01 3.929050000000000182e+03
6.800000000000000000e+01 3.929950000000000273e+03
4.000000000000000000e+00 3.944200000000000273e+03
7.600000000000000000e+01 3.946650000000000091e+03
6.000000000000000000e+01 3.949150000000000091e+03
2.000000000000000000e+01 3.958800000000000182e+03
5.200000000000000000e+01 3.967900000000000091e+03
7.600000000000000000e+01 3.984050000000000182e+03
3.600000000000000000e+01 3.985650000000000091e+03
4.000000000000000000e+00 3.991000000000000000e+03
2.000000000000000000e+01 3.996900000000000091e+03
1.200000000000000000e+01 3.999750000000000000e+03
6.800000000000000000e+01 4.000400000000000091e+03
4.400000000000000000e+01 4.006750000000000000e+03
6.000000000000000000e+01 4.010800000000000182e+03
2.800000000000000000e+01 4.014849999999999909e+03
5.200000000000000000e+01 4.022050000000000182e+03
2.000000000000000000e+01 4.037950000000000273e+03
6.800000000000000000e+01 4.041450000000000273e+03
1.200000000000000000e+01 4.052750000000000000e+03
4.400000000000000000e+01 4.061050000000000182e+03
7.600000000000000000e+01 4.061099999999999909e+03
6.000000000000000000e+01 4.062050000000000182e+03
2.800000000000000000e+01 4.062750000000000000e+03
3.600000000000000000e+01 4.066150000000000091e+03
5.200000000000000000e+01 4.074349999999999909e+03
4.000000000000000000e+00 4.075200000000000273e+03
2.000000000000000000e+01 4.087000000000000000e+03
6.800000000000000000e+01 4.088849999999999909e+03
4.400000000000000000e+01 4.096750000000000000e+03
1.200000000000000000e+01 4.102500000000000000e+03
3.600000000000000000e+01 4.106050000000000182e+03
6.000000000000000000e+01 4.113199999999999818e+03
2.800000000000000000e+01 4.118550000000000182e+03
5.200000000000000000e+01 4.132100000000000364e+03
4.000000000000000000e+00 4.132350000000000364e+03
2.000000000000000000e+01 4.137199999999999818e+03
6.800000000000000000e+01 4.141000000000000000e+03
3.600000000000000000e+01 4.144899999999999636e+03
1.200000000000000000e+01 4.150149999999999636e+03
4.400000000000000000e+01 4.157949999999999818e+03
6.800000000000000000e+01 4.163750000000000000e+03
2.000000000000000000e+01 4.164750000000000000e+03
7.600000000000000000e+01 4.165850000000000364e+03
6.000000000000000000e+01 4.171649999999999636e+03
2.800000000000000000e+01 4.176250000000000000e+03
1.200000000000000000e+01 4.177899999999999636e+03
5.200000000000000000e+01 4.181300000000000182e+03
3.600000000000000000e+01 4.185750000000000000e+03
6.800000000000000000e+01 4.198649999999999636e+03
7.600000000000000000e+01 4.209449999999999818e+03
1.200000000000000000e+01 4.215050000000000182e+03
2.000000000000000000e+01 4.215949999999999818e+03
4.000000000000000000e+00 4.218199999999999818e+03
5.200000000000000000e+01 4.223100000000000364e+03
3.600000000000000000e+01 4.239750000000000000e+03
6.800000000000000000e+01 4.243350000000000364e+03
4.000000000000000000e+00 4.252699999999999818e+03
6.000000000000000000e+01 4.255550000000000182e+03
2.000000000000000000e+01 4.257149999999999636e+03
2.800000000000000000e+01 4.265550000000000182e+03
6.000000000000000000e+01 4.279250000000000000e+03
1.200000000000000000e+01 4.280149999999999636e+03
5.200000000000000000e+01 4.283100000000000364e+03
4.400000000000000000e+01 4.289449999999999818e+03
2.000000000000000000e+01 4.304699999999999818e+03
4.000000000000000000e+00 4.308750000000000000e+03
6.800000000000000000e+01 4.310850000000000364e+03
2.800000000000000000e+01 4.312199999999999818e+03
7.600000000000000000e+01 4.315550000000000182e+03
3.600000000000000000e+01 4.325000000000000000e+03
1.200000000000000000e+01 4.339750000000000000e+03
5.200000000000000000e+01 4.343100000000000364e+03
4.000000000000000000e+00 4.346899999999999636e+03
4.400000000000000000e+01 4.348250000000000000e+03
7.600000000000000000e+01 4.349100000000000364e+03
2.000000000000000000e+01 4.352250000000000000e+03
6.800000000000000000e+01 4.353100000000000364e+03
2.800000000000000000e+01 4.354500000000000000e+03
6.000000000000000000e+01 4.357350000000000364e+03
3.600000000000000000e+01 4.357500000000000000e+03
5.200000000000000000e+01 4.371150000000000546e+03
1.200000000000000000e+01 4.374600000000000364e+03
2.000000000000000000e+01 4.387199999999999818e+03
2.800000000000000000e+01 4.398500000000000000e+03
6.800000000000000000e+01 4.398650000000000546e+03
4.400000000000000000e+01 4.400850000000000364e+03
4.000000000000000000e+00 4.401350000000000364e+03
6.000000000000000000e+01 4.401600000000000364e+03
7.600000000000000000e+01 4.416750000000000000e+03
3.600000000000000000e+01 4.417000000000000000e+03
1.200000000000000000e+01 4.421100000000000364e+03
2.800000000000000000e+01 4.429100000000000364e+03
2.000000000000000000e+01 4.429800000000000182e+03
4.000000000000000000e+00 4.437449999999999818e+03
5.200000000000000000e+01 4.438400000000000546e+03
7.600000000000000000e+01 4.439500000000000000e+03
6.800000000000000000e+01 4.441600000000000364e+03
6.000000000000000000e+01 4.442100000000000364e+03
4.400000000000000000e+01 4.450350000000000364e+03
3.600000000000000000e+01 4.468900000000000546e+03
7.600000000000000000e+01 4.471750000000000000e+03
4.000000000000000000e+00 4.478900000000000546e+03
1.200000000000000000e+01 4.478900000000000546e+03
2.000000000000000000e+01 4.480199999999999818e+03
5.200000000000000000e+01 4.482750000000000000e+03
6.800000000000000000e+01 4.485949999999999818e+03
4.400000000000000000e+01 4.494750000000000000e+03
2.800000000000000000e+01 4.496400000000000546e+03
6.000000000000000000e+01 4.499750000000000000e+03
3.600000000000000000e+01 4.514949999999999818e+03
6.800000000000000000e+01 4.517400000000000546e+03
1.200000000000000000e+01 4.521300000000000182e+03
2.800000000000000000e+01 4.529699999999999818e+03
4.000000000000000000e+00 4.531949999999999818e+03
7.600000000000000000e+01 4.533750000000000000e+03
5.200000000000000000e+01 4.535150000000000546e+03
3.600000000000000000e+01 4.544150000000000546e+03
4.400000000000000000e+01 4.545699999999999818e+03
6.000000000000000000e+01 4.553449999999999818e+03
4.000000000000000000e+00 4.566550000000000182e+03
6.800000000000000000e+01 4.567400000000000546e+03
1.200000000000000000e+01 4.571050000000000182e+03
3.600000000000000000e+01 4.571050000000000182e+03
2.800000000000000000e+01 4.571350000000000364e+03
2.000000000000000000e+01 4.574199999999999818e+03
7.600000000000000000e+01 4.585650000000000546e+03
5.200000000000000000e+01 4.587250000000000000e+03
4.400000000000000000e+01 4.600750000000000000e+03
6.800000000000000000e+01 4.604050000000000182e+03
1.200000000000000000e+01 4.605250000000000000e+03
3.600000000000000000e+01 4.611100000000000364e+03
2.000000000000000000e+01 4.612949999999999818e+03
2.800000000000000000e+01 4.612949999999999818e+03
4.000000000000000000e+00 4.613850000000000364e+03
6.000000000000000000e+01 4.628800000000000182e+03
6.800000000000000000e+01 4.630250000000000000e+03
4.400000000000000000e+01 4.658000000000000000e+03
5.200000000000000000e+01 4.661449999999999818e+03
2.800000000000000000e+01 4.662800000000000182e+03
3.600000000000000000e+01 4.664050000000000182e+03
4.000000000000000000e+00 4.664949999999999818e+03
1.200000000000000000e+01 4.666449999999999818e+03
6.000000000000000000e+01 4.684449999999999818e+03
2.000000000000000000e+01 4.688949999999999818e+03
6.800000000000000000e+01 4.690100000000000364e+03
7.600000000000000000e+01 4.690850000000000364e+03
4.400000000000000000e+01 4.697050000000000182e+03
5.200000000000000000e+01 4.697250000000000000e+03
4.000000000000000000e+00 4.701150000000000546e+03
2.800000000000000000e+01 4.701300000000000182e+03
1.200000000000000000e+01 4.703350000000000364e+03
7.600000000000000000e+01 4.723900000000000546e+03
6.800000000000000000e+01 4.733000000000000000e+03
2.000000000000000000e+01 4.735150000000000546e+03
6.000000000000000000e+01 4.737949999999999818e+03
1.200000000000000000e+01 4.747500000000000000e+03
3.600000000000000000e+01 4.748000000000000000e+03
2.800000000000000000e+01 4.754000000000000000e+03
5.200000000000000000e+01 4.755300000000000182e+03
4.400000000000000000e+01 4.762150000000000546e+03
4.000000000000000000e+00 4.769100000000000364e+03
6.800000000000000000e+01 4.775900000000000546e+03
2.000000000000000000e+01 4.777000000000000000e+03
7.600000000000000000e+01 4.783300000000000182e+03
1.200000000000000000e+01 4.786900000000000546e+03
5.200000000000000000e+01 4.787350000000000364e+03
3.600000000000000000e+01 4.791699999999999818e+03
4.400000000000000000e+01 4.804199999999999818e+03
2.800000000000000000e+01 4.805100000000000364e+03
4.000000000000000000e+00 4.807550000000000182e+03
1.200000000000000000e+01 4.823449999999999818e+03
6.800000000000000000e+01 4.827850000000000364e+03
2.000000000000000000e+01 4.834600000000000364e+03
3.600000000000000000e+01 4.835150000000000546e+03
5.200000000000000000e+01 4.836800000000000182e+03
2.800000000000000000e+01 4.838900000000000546e+03
6.000000000000000000e+01 4.841400000000000546e+03
7.600000000000000000e+01 4.854400000000000546e+03
6.800000000000000000e+01 4.859400000000000546e+03
4.000000000000000000e+00 4.864000000000000000e+03
4.400000000000000000e+01 4.865050000000000182e+03
2.000000000000000000e+01 4.867600000000000364e+03
3.600000000000000000e+01 4.870350000000000364e+03
2.800000000000000000e+01 4.870600000000000364e+03
6.000000000000000000e+01 4.874650000000000546e+03
1.200000000000000000e+01 4.877250000000000000e+03
7.600000000000000000e+01 4.893300000000000182e+03
5.200000000000000000e+01 4.893500000000000000e+03
4.400000000000000000e+01 4.896650000000000546e+03
2.800000000000000000e+01 4.900000000000000000e+03
6.800000000000000000e+01 4.905000000000000000e+03
3.600000000000000000e+01 4.905199999999999818e+03
6.000000000000000000e+01 4.910650000000000546e+03
2.000000000000000000e+01 4.916199999999999818e+03
1.200000000000000000e+01 4.918300000000000182e+03
4.000000000000000000e+00 4.921300000000000182e+03
5.200000000000000000e+01 4.924100000000000364e+03
4.400000000000000000e+01 4.930949999999999818e+03
2.800000000000000000e+01 4.938550000000000182e+03
6.000000000000000000e+01 4.946550000000000182e+03
4.000000000000000000e+00 4.950000000000000000e+03
3.600000000000000000e+01 4.953800000000000182e+03
1.200000000000000000e+01 4.955000000000000000e+03
2.000000000000000000e+01 4.956250000000000000e+03
6.800000000000000000e+01 4.956449999999999818e+03
7.600000000000000000e+01 4.957350000000000364e+03
4.400000000000000000e+01 4.963050000000000182e+03
2.800000000000000000e+01 4.965150000000000546e+03
5.200000000000000000e+01 4.965300000000000182e+03
6.000000000000000000e+01 4.971300000000000182e+03
2.000000000000000000e+01 4.991050000000000182e+03
1.200000000000000000e+01 4.994750000000000000e+03
2.800000000000000000e+01 4.995449999999999818e+03
4.000000000000000000e+00 5.003900000000000546e+03
6.800000000000000000e+01 5.010250000000000000e+03
6.000000000000000000e+01 5.016150000000000546e+03
5.200000000000000000e+01 5.016300000000000182e+03
3.600000000000000000e+01 5.016850000000000364e+03
4.400000000000000000e+01 5.031600000000000364e+03
2.800000000000000000e+01 5.033449999999999818e+03
2.000000000000000000e+01 5.037600000000000364e+03
7.600000000000000000e+01 5.039100000000000364e+03
4.000000000000000000e+00 5.041949999999999818e+03
1.200000000000000000e+01 5.043350000000000364e+03
5.200000000000000000e+01 5.045949999999999818e+03
6.800000000000000000e+01 5.048949999999999818e+03
6.000000000000000000e+01 5.055600000000000364e+03
5.200000000000000000e+01 5.073650000000000546e+03
4.000000000000000000e+00 5.073850000000000364e+03
2.000000000000000000e+01 5.076699999999999818e+03
3.600000000000000000e+01 5.077100000000000364e+03
7.600000000000000000e+01 5.082350000000000364e+03
1.200000000000000000e+01 5.088300000000000182e+03
2.800000000000000000e+01 5.094699999999999818e+03
6.000000000000000000e+01 5.101050000000000182e+03
2.000000000000000000e+01 5.103850000000000364e+03
6.800000000000000000e+01 5.104600000000000364e+03
3.600000000000000000e+01 5.109300000000000182e+03
5.200000000000000000e+01 5.111500000000000000e+03
7.600000000000000000e+01 5.116650000000000546e+03
4.400000000000000000e+01 5.117199999999999818e+03
4.000000000000000000e+00 5.117650000000000546e+03
2.800000000000000000e+01 5.131350000000000364e+03
3.600000000000000000e+01 5.140300000000000182e+03
1.200000000000000000e+01 5.142250000000000000e+03
5.200000000000000000e+01 5.142900000000000546e+03
4.400000000000000000e+01 5.153400000000000546e+03
2.000000000000000000e+01 5.161800000000000182e+03
4.000000000000000000e+00 5.162500000000000000e+03
7.600000000000000000e+01 5.164850000000000364e+03
6.800000000000000000e+01 5.166100000000000364e+03
5.200000000000000000e+01 5.166500000000000000e+03
6.000000000000000000e+01 5.168650000000000546e+03
2.800000000000000000e+01 5.171199999999999818e+03
1.200000000000000000e+01 5.176850000000000364e+03
3.600000000000000000e+01 5.191000000000000000e+03
2.000000000000000000e+01 5.195800000000000182e+03
4.400000000000000000e+01 5.198949999999999818e+03
7.600000000000000000e+01 5.208150000000000546e+03
4.000000000000000000e+00 5.209949999999999818e+03
5.200000000000000000e+01 5.210800000000000182e+03
1.200000000000000000e+01 5.212199999999999818e+03
2.800000000000000000e+01 5.217449999999999818e+03
6.800000000000000000e+01 5.217550000000000182e+03
6.000000000000000000e+01 5.226350000000000364e+03
4.400000000000000000e+01 5.232949999999999818e+03
3.600000000000000000e+01 5.235150000000000546e+03
5.200000000000000000e+01 5.247100000000000364e+03
4.000000000000000000e+00 5.254500000000000000e+03
1.200000000000000000e+01 5.255900000000000546e+03
7.600000000000000000e+01 5.260150000000000546e+03
6.800000000000000000e+01 5.261750000000000000e+03
6.000000000000000000e+01 5.264699999999999818e+03
2.000000000000000000e+01 5.268199999999999818e+03
2.800000000000000000e+01 5.271550000000000182e+03
4.400000000000000000e+01 5.277150000000000546e+03
5.200000000000000000e+01 5.286500000000000000e+03
3.600000000000000000e+01 5.289949999999999818e+03
2.000000000000000000e+01 5.302250000000000000e+03
6.800000000000000000e+01 5.302300000000000182e+03
1.200000000000000000e+01 5.303900000000000546e+03
2.800000000000000000e+01 5.308300000000000182e+03
6.000000000000000000e+01 5.315100000000000364e+03
5.200000000000000000e+01 5.315850000000000364e+03
3.600000000000000000e+01 5.323050000000000182e+03
4.000000000000000000e+00 5.328550000000000182e+03
2.000000000000000000e+01 5.333100000000000364e+03
4.400000000000000000e+01 5.335750000000000000e+03
6.000000000000000000e+01 5.345900000000000546e+03
6.800000000000000000e+01 5.346800000000000182e+03
2.800000000000000000e+01 5.348850000000000364e+03
5.200000000000000000e+01 5.354949999999999818e+03
3.600000000000000000e+01 5.356250000000000000e+03
2.000000000000000000e+01 5.359250000000000000e+03
1.200000000000000000e+01 5.361100000000000364e+03
4.000000000000000000e+00 5.363400000000000546e+03
7.600000000000000000e+01 5.374500000000000000e+03
4.400000000000000000e+01 5.380350000000000364e+03
2.800000000000000000e+01 5.386600000000000364e+03
6.800000000000000000e+01 5.391750000000000000e+03
4.000000000000000000e+00 5.392050000000000182e+03
6.000000000000000000e+01 5.395949999999999818e+03
1.200000000000000000e+01 5.402050000000000182e+03
5.200000000000000000e+01 5.404400000000000546e+03
2.000000000000000000e+01 5.404750000000000000e+03
7.600000000000000000e+01 5.406600000000000364e+03
3.600000000000000000e+01 5.413750000000000000e+03
4.400000000000000000e+01 5.418800000000000182e+03
6.800000000000000000e+01 5.432949999999999818e+03
2.800000000000000000e+01 5.434100000000000364e+03
7.600000000000000000e+01 5.437150000000000546e+03
2.000000000000000000e+01 5.438250000000000000e+03
5.200000000000000000e+01 5.439150000000000546e+03
3.600000000000000000e+01 5.440550000000000182e+03
6.000000000000000000e+01 5.441800000000000182e+03
4.400000000000000000e+01 5.445550000000000182e+03
1.200000000000000000e+01 5.447250000000000000e+03
4.000000000000000000e+00 5.452000000000000000e+03
6.800000000000000000e+01 5.465750000000000000e+03
2.000000000000000000e+01 5.468050000000000182e+03
4.400000000000000000e+01 5.474150000000000546e+03
2.800000000000000000e+01 5.475300000000000182e+03
5.200000000000000000e+01 5.477250000000000000e+03
6.000000000000000000e+01 5.479300000000000182e+03
7.600000000000000000e+01 5.481650000000000546e+03
3.600000000000000000e+01 5.482900000000000546e+03
4.000000000000000000e+00 5.493650000000000546e+03
1.200000000000000000e+01 5.499150000000000546e+03
6.800000000000000000e+01 5.507650000000000546e+03
2.800000000000000000e+01 5.514750000000000000e+03
3.600000000000000000e+01 5.520000000000000000e+03
7.600000000000000000e+01 5.520699999999999818e+03
6.000000000000000000e+01 5.521900000000000546e+03
5.200000000000000000e+01 5.523600000000000364e+03
4.400000000000000000e+01 5.529949999999999818e+03
1.200000000000000000e+01 5.531199999999999818e+03
4.000000000000000000e+00 5.537400000000000546e+03
2.000000000000000000e+01 5.538199999999999818e+03
7.600000000000000000e+01 5.554850000000000364e+03
2.800000000000000000e+01 5.556150000000000546e+03
5.200000000000000000e+01 5.558400000000000546e+03
4.400000000000000000e+01 5.559000000000000000e+03
6.800000000000000000e+01 5.563600000000000364e+03
6.000000000000000000e+01 5.566949999999999818e+03
3.600000000000000000e+01 5.567800000000000182e+03
1.200000000000000000e+01 5.570800000000000182e+03
4.000000000000000000e+00 5.582600000000000364e+03
2.000000000000000000e+01 5.583350000000000364e+03
5.200000000000000000e+01 5.587199999999999818e+03
7.600000000000000000e+01 5.591650000000000546e+03
6.800000000000000000e+01 5.593250000000000000e+03
4.400000000000000000e+01 5.595350000000000364e+03
2.800000000000000000e+01 5.596050000000000182e+03
6.000000000000000000e+01 5.599500000000000000e+03
3.600000000000000000e+01 5.606600000000000364e+03
4.000000000000000000e+00 5.620250000000000000e+03
1.200000000000000000e+01 5.620800000000000182e+03
7.600000000000000000e+01 5.621500000000000000e+03
2.000000000000000000e+01 5.622300000000000182e+03
2.800000000000000000e+01 5.628350000000000364e+03
6.800000000000000000e+01 5.632900000000000546e+03
6.000000000000000000e+01 5.636199999999999818e+03
5.200000000000000000e+01 5.645199999999999818e+03
4.400000000000000000e+01 5.653150000000000546e+03
3.600000000000000000e+01 5.653400000000000546e+03
2.000000000000000000e+01 5.654600000000000364e+03
2.800000000000000000e+01 5.655150000000000546e+03
4.000000000000000000e+00 5.657000000000000000e+03
1.200000000000000000e+01 5.657800000000000182e+03
6.800000000000000000e+01 5.660949999999999818e+03
7.600000000000000000e+01 5.663400000000000546e+03
5.200000000000000000e+01 5.669100000000000364e+03
6.000000000000000000e+01 5.685250000000000000e+03
4.400000000000000000e+01 5.692050000000000182e+03
2.000000000000000000e+01 5.697050000000000182e+03
2.800000000000000000e+01 5.697199999999999818e+03
1.200000000000000000e+01 5.698100000000000364e+03
4.000000000000000000e+00 5.699449999999999818e+03
7.600000000000000000e+01 5.700949999999999818e+03
5.200000000000000000e+01 5.704350000000000364e+03
3.600000000000000000e+01 5.708100000000000364e+03
6.800000000000000000e+01 5.708050000000000182e+03
6.000000000000000000e+01 5.713300000000000182e+03
2.000000000000000000e+01 5.733750000000000000e+03
2.800000000000000000e+01 5.734199999999999818e+03
4.400000000000000000e+01 5.736550000000000182e+03
7.600000000000000000e+01 5.737400000000000546e+03
4.000000000000000000e+00 5.737500000000000000e+03
6.800000000000000000e+01 5.737600000000000364e+03
3.600000000000000000e+01 5.743449999999999818e+03
5.200000000000000000e+01 5.743949999999999818e+03
1.200000000000000000e+01 5.753800000000000182e+03
6.000000000000000000e+01 5.757449999999999818e+03
6.800000000000000000e+01 5.764400000000000546e+03
5.200000000000000000e+01 5.771300000000000182e+03
2.000000000000000000e+01 5.773199999999999818e+03
4.400000000000000000e+01 5.774900000000000546e+03
3.600000000000000000e+01 5.775900000000000546e+03
2.800000000000000000e+01 5.776449999999999818e+03
7.600000000000000000e+01 5.780650000000000546e+03
4.000000000000000000e+00 5.793600000000000364e+03
6.800000000000000000e+01 5.795050000000000182e+03
5.200000000000000000e+01 5.796350000000000364e+03
1.200000000000000000e+01 5.805550000000000182e+03
4.400000000000000000e+01 5.805800000000000182e+03
6.000000000000000000e+01 5.806600000000000364e+03
2.000000000000000000e+01 5.806900000000000546e+03
2.800000000000000000e+01 5.807850000000000364e+03
7.600000000000000000e+01 5.815300000000000182e+03
3.600000000000000000e+01 5.817750000000000000e+03
4.000000000000000000e+00 5.819050000000000182e+03
6.800000000000000000e+01 5.834949999999999818e+03
6.000000000000000000e+01 5.838350000000000364e+03
1.200000000000000000e+01 5.840100000000000364e+03
4.400000000000000000e+01 5.840800000000000182e+03
2.800000000000000000e+01 5.842100000000000364e+03
5.200000000000000000e+01 5.844900000000000546e+03
7.600000000000000000e+01 5.846699999999999818e+03
2.000000000000000000e+01 5.847300000000000182e+03
3.600000000000000000e+01 5.860250000000000000e+03
1.200000000000000000e+01 5.868949999999999818e+03
4.000000000000000000e+00 5.869800000000000182e+03
6.000000000000000000e+01 5.869949999999999818e+03
6.800000000000000000e+01 5.870500000000000000e+03
2.000000000000000000e+01 5.872250000000000000e+03
5.200000000000000000e+01 5.874850000000000364e+03
4.400000000000000000e+01 5.876900000000000546e+03
2.800000000000000000e+01 5.877500000000000000e+03
3.600000000000000000e+01 5.891449999999999818e+03
7.600000000000000000e+01 5.892400000000000546e+03
5.200000000000000000e+01 5.900750000000000000e+03
6.000000000000000000e+01 5.902449999999999818e+03
4.000000000000000000e+00 5.909350000000000364e+03
6.800000000000000000e+01 5.909800000000000182e+03
4.400000000000000000e+01 5.912550000000000182e+03
2.800000000000000000e+01 5.913900000000000546e+03
1.200000000000000000e+01 5.914150000000000546e+03
2.000000000000000000e+01 5.917500000000000000e+03
6.000000000000000000e+01 5.926350000000000364e+03
5.200000000000000000e+01 5.928500000000000000e+03
7.600000000000000000e+01 5.929400000000000546e+03
3.600000000000000000e+01 5.941850000000000364e+03
6.800000000000000000e+01 5.942800000000000182e+03
4.400000000000000000e+01 5.951500000000000000e+03
5.200000000000000000e+01 5.953100000000000364e+03
2.000000000000000000e+01 5.955000000000000000e+03
6.000000000000000000e+01 5.956850000000000364e+03
7.600000000000000000e+01 5.957050000000000182e+03
2.800000000000000000e+01 5.958500000000000000e+03
4.000000000000000000e+00 5.960000000000000000e+03
1.200000000000000000e+01 5.962000000000000000e+03
5.200000000000000000e+01 5.977699999999999818e+03
3.600000000000000000e+01 5.991300000000000182e+03
6.800000000000000000e+01 5.992650000000000546e+03
4.400000000000000000e+01 5.993699999999999818e+03
1.200000000000000000e+01 5.995400000000000546e+03
6.000000000000000000e+01 5.997250000000000000e+03
7.600000000000000000e+01 5.999650000000000546e+03
2.800000000000000000e+01 6.001050000000000182e+03
4.000000000000000000e+00 6.069199999999999818e+03
7.600000000000000000e+01 6.122000000000000000e+03
4.000000000000000000e+00 6.572699999999999818e+03
2.000000000000000000e+01 6.622550000000000182e+03
6.000000000000000000e+01 6.741150000000000546e+03
6.800000000000000000e+01 7.073500000000000000e+03
6.800000000000000000e+01 7.212050000000000182e+03
2.000000000000000000e+01 7.214300000000000182e+03
6.000000000000000000e+01 7.259850000000000364e+03
4.400000000000000000e+01 7.469699999999999818e+03
4.000000000000000000e+00 7.560699999999999818e+03
1.200000000000000000e+01 7.867750000000000000e+03
2.800000000000000000e+01 8.043800000000000182e+03
4.400000000000000000e+01 8.070250000000000000e+03
4.400000000000000000e+01 8.159250000000000000e+03
3.600000000000000000e+01 8.240149999999999636e+03
4.000000000000000000e+00 8.381350000000000364e+03
7.600000000000000000e+01 8.409500000000000000e+03
6.000000000000000000e+01 8.412600000000000364e+03
5.200000000000000000e+01 8.561250000000000000e+03
6.000000000000000000e+01 8.566399999999999636e+03
7.600000000000000000e+01 8.864700000000000728e+03
6.000000000000000000e+01 8.925700000000000728e+03
4.400000000000000000e+01 8.947000000000000000e+03
2.800000000000000000e+01 8.949250000000000000e+03
4.000000000000000000e+00 8.982700000000000728e+03
6.800000000000000000e+01 8.990800000000001091e+03
4.500000000000000000e+01 1.110499999999999972e+02
3.700000000000000000e+01 3.056000000000000227e+02
2.100000000000000000e+01 4.783500000000000227e+02
1.300000000000000000e+01 6.123999999999999773e+02
6.100000000000000000e+01 1.073900000000000091e+03
5.000000000000000000e+00 1.162549999999999955e+03
1.300000000000000000e+01 1.367049999999999955e+03
2.900000000000000000e+01 1.556049999999999955e+03
6.900000000000000000e+01 1.913900000000000091e+03
6.900000000000000000e+01 2.003799999999999955e+03
2.900000000000000000e+01 2.445900000000000091e+03
7.700000000000000000e+01 2.580750000000000000e+03
7.700000000000000000e+01 2.765150000000000091e+03
7.700000000000000000e+01 2.834150000000000091e+03
3.700000000000000000e+01 2.962349999999999909e+03
5.300000000000000000e+01 2.977550000000000182e+03
4.500000000000000000e+01 3.008900000000000091e+03
3.700000000000000000e+01 3.014650000000000091e+03
2.100000000000000000e+01 3.014950000000000273e+03
6.900000000000000000e+01 3.020099999999999909e+03
1.300000000000000000e+01 3.023349999999999909e+03
6.100000000000000000e+01 3.024000000000000000e+03
7.700000000000000000e+01 3.029000000000000000e+03
2.900000000000000000e+01 3.041900000000000091e+03
5.000000000000000000e+00 3.051849999999999909e+03
5.300000000000000000e+01 3.060300000000000182e+03
4.500000000000000000e+01 3.072650000000000091e+03
3.700000000000000000e+01 3.074700000000000273e+03
7.700000000000000000e+01 3.077950000000000273e+03
6.100000000000000000e+01 3.079150000000000091e+03
1.300000000000000000e+01 3.089400000000000091e+03
6.900000000000000000e+01 3.089450000000000273e+03
7.700000000000000000e+01 3.109650000000000091e+03
2.100000000000000000e+01 3.111000000000000000e+03
5.000000000000000000e+00 3.125700000000000273e+03
1.300000000000000000e+01 3.131250000000000000e+03
6.900000000000000000e+01 3.135700000000000273e+03
6.100000000000000000e+01 3.136750000000000000e+03
4.500000000000000000e+01 3.142500000000000000e+03
2.900000000000000000e+01 3.146450000000000273e+03
7.700000000000000000e+01 3.152550000000000182e+03
2.100000000000000000e+01 3.154849999999999909e+03
1.300000000000000000e+01 3.176150000000000091e+03
3.700000000000000000e+01 3.181400000000000091e+03
6.900000000000000000e+01 3.181400000000000091e+03
2.900000000000000000e+01 3.184700000000000273e+03
6.100000000000000000e+01 3.185849999999999909e+03
5.300000000000000000e+01 3.188650000000000091e+03
3.700000000000000000e+01 3.214000000000000000e+03
2.100000000000000000e+01 3.236250000000000000e+03
5.300000000000000000e+01 3.237450000000000273e+03
2.900000000000000000e+01 3.237950000000000273e+03
1.300000000000000000e+01 3.243250000000000000e+03
6.900000000000000000e+01 3.248700000000000273e+03
5.000000000000000000e+00 3.252500000000000000e+03
4.500000000000000000e+01 3.267900000000000091e+03
3.700000000000000000e+01 3.275500000000000000e+03
6.100000000000000000e+01 3.278200000000000273e+03
7.700000000000000000e+01 3.289050000000000182e+03
2.100000000000000000e+01 3.289849999999999909e+03
5.000000000000000000e+00 3.299750000000000000e+03
5.300000000000000000e+01 3.304599999999999909e+03
4.500000000000000000e+01 3.307950000000000273e+03
6.900000000000000000e+01 3.308250000000000000e+03
6.100000000000000000e+01 3.312200000000000273e+03
2.900000000000000000e+01 3.312300000000000182e+03
2.100000000000000000e+01 3.340150000000000091e+03
7.700000000000000000e+01 3.345849999999999909e+03
5.000000000000000000e+00 3.347550000000000182e+03
1.300000000000000000e+01 3.347849999999999909e+03
2.900000000000000000e+01 3.351450000000000273e+03
4.500000000000000000e+01 3.353599999999999909e+03
6.100000000000000000e+01 3.355550000000000182e+03
6.900000000000000000e+01 3.360400000000000091e+03
2.100000000000000000e+01 3.366099999999999909e+03
5.300000000000000000e+01 3.375300000000000182e+03
7.700000000000000000e+01 3.389900000000000091e+03
4.500000000000000000e+01 3.390550000000000182e+03
5.000000000000000000e+00 3.399150000000000091e+03
6.100000000000000000e+01 3.403450000000000273e+03
6.900000000000000000e+01 3.403700000000000273e+03
2.100000000000000000e+01 3.409650000000000091e+03
3.700000000000000000e+01 3.413050000000000182e+03
5.300000000000000000e+01 3.413450000000000273e+03
6.100000000000000000e+01 3.435599999999999909e+03
5.000000000000000000e+00 3.437550000000000182e+03
7.700000000000000000e+01 3.439099999999999909e+03
6.900000000000000000e+01 3.443300000000000182e+03
4.500000000000000000e+01 3.448099999999999909e+03
1.300000000000000000e+01 3.452349999999999909e+03
2.900000000000000000e+01 3.463349999999999909e+03
3.700000000000000000e+01 3.476349999999999909e+03
6.900000000000000000e+01 3.481650000000000091e+03
4.500000000000000000e+01 3.491500000000000000e+03
5.300000000000000000e+01 3.496450000000000273e+03
1.300000000000000000e+01 3.499050000000000182e+03
5.000000000000000000e+00 3.503900000000000091e+03
2.900000000000000000e+01 3.504849999999999909e+03
7.700000000000000000e+01 3.510849999999999909e+03
6.100000000000000000e+01 3.527599999999999909e+03
5.300000000000000000e+01 3.530849999999999909e+03
2.100000000000000000e+01 3.541150000000000091e+03
6.900000000000000000e+01 3.549300000000000182e+03
5.000000000000000000e+00 3.560500000000000000e+03
4.500000000000000000e+01 3.567099999999999909e+03
2.900000000000000000e+01 3.573800000000000182e+03
3.700000000000000000e+01 3.576950000000000273e+03
1.300000000000000000e+01 3.579150000000000091e+03
7.700000000000000000e+01 3.580349999999999909e+03
2.100000000000000000e+01 3.581900000000000091e+03
6.100000000000000000e+01 3.600150000000000091e+03
5.300000000000000000e+01 3.605150000000000091e+03
6.900000000000000000e+01 3.606599999999999909e+03
3.700000000000000000e+01 3.610849999999999909e+03
5.000000000000000000e+00 3.619450000000000273e+03
2.900000000000000000e+01 3.623050000000000182e+03
5.300000000000000000e+01 3.643700000000000273e+03
6.900000000000000000e+01 3.647550000000000182e+03
5.000000000000000000e+00 3.655750000000000000e+03
3.700000000000000000e+01 3.658500000000000000e+03
1.300000000000000000e+01 3.662099999999999909e+03
7.700000000000000000e+01 3.663599999999999909e+03
2.100000000000000000e+01 3.667300000000000182e+03
2.900000000000000000e+01 3.670650000000000091e+03
5.300000000000000000e+01 3.677500000000000000e+03
6.100000000000000000e+01 3.691150000000000091e+03
3.700000000000000000e+01 3.698400000000000091e+03
4.500000000000000000e+01 3.704950000000000273e+03
2.900000000000000000e+01 3.707349999999999909e+03
5.000000000000000000e+00 3.708000000000000000e+03
7.700000000000000000e+01 3.708349999999999909e+03
6.900000000000000000e+01 3.726300000000000182e+03
3.700000000000000000e+01 3.726900000000000091e+03
5.000000000000000000e+00 3.742550000000000182e+03
2.100000000000000000e+01 3.756400000000000091e+03
1.300000000000000000e+01 3.758450000000000273e+03
5.300000000000000000e+01 3.762750000000000000e+03
6.900000000000000000e+01 3.769500000000000000e+03
2.900000000000000000e+01 3.769849999999999909e+03
6.100000000000000000e+01 3.771650000000000091e+03
5.000000000000000000e+00 3.773000000000000000e+03
3.700000000000000000e+01 3.777599999999999909e+03
7.700000000000000000e+01 3.780000000000000000e+03
2.100000000000000000e+01 3.788349999999999909e+03
1.300000000000000000e+01 3.796650000000000091e+03
6.100000000000000000e+01 3.800000000000000000e+03
3.700000000000000000e+01 3.810150000000000091e+03
2.100000000000000000e+01 3.812400000000000091e+03
5.300000000000000000e+01 3.815599999999999909e+03
4.500000000000000000e+01 3.818099999999999909e+03
7.700000000000000000e+01 3.819000000000000000e+03
6.900000000000000000e+01 3.829900000000000091e+03
2.900000000000000000e+01 3.839250000000000000e+03
7.700000000000000000e+01 3.854349999999999909e+03
6.100000000000000000e+01 3.861750000000000000e+03
5.000000000000000000e+00 3.864099999999999909e+03
2.100000000000000000e+01 3.869349999999999909e+03
1.300000000000000000e+01 3.871900000000000091e+03
4.500000000000000000e+01 3.873800000000000182e+03
3.700000000000000000e+01 3.884500000000000000e+03
6.900000000000000000e+01 3.884700000000000273e+03
5.300000000000000000e+01 3.886599999999999909e+03
6.100000000000000000e+01 3.903750000000000000e+03
5.000000000000000000e+00 3.919050000000000182e+03
2.100000000000000000e+01 3.921800000000000182e+03
7.700000000000000000e+01 3.924849999999999909e+03
4.500000000000000000e+01 3.928800000000000182e+03
5.300000000000000000e+01 3.937700000000000273e+03
1.300000000000000000e+01 3.945300000000000182e+03
6.100000000000000000e+01 3.949800000000000182e+03
2.900000000000000000e+01 3.952050000000000182e+03
6.900000000000000000e+01 3.953200000000000273e+03
3.700000000000000000e+01 3.958650000000000091e+03
4.500000000000000000e+01 3.970700000000000273e+03
5.300000000000000000e+01 3.977300000000000182e+03
2.100000000000000000e+01 3.978250000000000000e+03
1.300000000000000000e+01 3.991700000000000273e+03
3.700000000000000000e+01 3.994400000000000091e+03
6.100000000000000000e+01 3.995050000000000182e+03
4.500000000000000000e+01 4.001000000000000000e+03
5.300000000000000000e+01 4.002550000000000182e+03
2.900000000000000000e+01 4.009000000000000000e+03
2.100000000000000000e+01 4.021300000000000182e+03
7.700000000000000000e+01 4.021400000000000091e+03
5.000000000000000000e+00 4.024599999999999909e+03
1.300000000000000000e+01 4.038500000000000000e+03
3.700000000000000000e+01 4.039099999999999909e+03
4.500000000000000000e+01 4.039599999999999909e+03
6.900000000000000000e+01 4.042750000000000000e+03
5.300000000000000000e+01 4.043200000000000273e+03
6.100000000000000000e+01 4.044349999999999909e+03
7.700000000000000000e+01 4.057200000000000273e+03
1.300000000000000000e+01 4.070050000000000182e+03
5.000000000000000000e+00 4.070750000000000000e+03
2.100000000000000000e+01 4.080900000000000091e+03
2.900000000000000000e+01 4.081450000000000273e+03
6.100000000000000000e+01 4.083450000000000273e+03
6.900000000000000000e+01 4.087200000000000273e+03
5.300000000000000000e+01 4.100949999999999818e+03
7.700000000000000000e+01 4.107000000000000000e+03
5.000000000000000000e+00 4.108699999999999818e+03
3.700000000000000000e+01 4.112399999999999636e+03
1.300000000000000000e+01 4.115550000000000182e+03
2.100000000000000000e+01 4.139800000000000182e+03
6.100000000000000000e+01 4.148600000000000364e+03
3.700000000000000000e+01 4.152949999999999818e+03
7.700000000000000000e+01 4.154600000000000364e+03
5.000000000000000000e+00 4.155699999999999818e+03
6.900000000000000000e+01 4.171600000000000364e+03
4.500000000000000000e+01 4.173699999999999818e+03
1.300000000000000000e+01 4.183500000000000000e+03
2.900000000000000000e+01 4.191750000000000000e+03
5.000000000000000000e+00 4.193449999999999818e+03
6.100000000000000000e+01 4.201800000000000182e+03
2.100000000000000000e+01 4.206449999999999818e+03
1.300000000000000000e+01 4.208350000000000364e+03
6.900000000000000000e+01 4.210449999999999818e+03
7.700000000000000000e+01 4.222000000000000000e+03
4.500000000000000000e+01 4.240800000000000182e+03
2.900000000000000000e+01 4.241750000000000000e+03
3.700000000000000000e+01 4.245350000000000364e+03
6.100000000000000000e+01 4.250899999999999636e+03
2.100000000000000000e+01 4.252199999999999818e+03
5.000000000000000000e+00 4.252649999999999636e+03
5.300000000000000000e+01 4.255399999999999636e+03
7.700000000000000000e+01 4.278500000000000000e+03
4.500000000000000000e+01 4.278600000000000364e+03
5.000000000000000000e+00 4.291500000000000000e+03
6.900000000000000000e+01 4.292500000000000000e+03
5.300000000000000000e+01 4.297449999999999818e+03
2.900000000000000000e+01 4.297899999999999636e+03
1.300000000000000000e+01 4.300649999999999636e+03
6.100000000000000000e+01 4.312850000000000364e+03
7.700000000000000000e+01 4.319850000000000364e+03
2.100000000000000000e+01 4.323949999999999818e+03
2.900000000000000000e+01 4.338399999999999636e+03
6.900000000000000000e+01 4.340399999999999636e+03
1.300000000000000000e+01 4.356399999999999636e+03
5.000000000000000000e+00 4.356500000000000000e+03
4.500000000000000000e+01 4.367600000000000364e+03
3.700000000000000000e+01 4.368600000000000364e+03
5.300000000000000000e+01 4.370449999999999818e+03
2.100000000000000000e+01 4.370900000000000546e+03
7.700000000000000000e+01 4.376550000000000182e+03
6.900000000000000000e+01 4.376949999999999818e+03
6.100000000000000000e+01 4.399699999999999818e+03
1.300000000000000000e+01 4.402449999999999818e+03
3.700000000000000000e+01 4.409400000000000546e+03
7.700000000000000000e+01 4.414250000000000000e+03
5.300000000000000000e+01 4.415100000000000364e+03
4.500000000000000000e+01 4.415850000000000364e+03
6.900000000000000000e+01 4.415850000000000364e+03
2.900000000000000000e+01 4.422750000000000000e+03
1.300000000000000000e+01 4.432750000000000000e+03
5.000000000000000000e+00 4.440650000000000546e+03
6.100000000000000000e+01 4.444750000000000000e+03
2.100000000000000000e+01 4.452250000000000000e+03
6.900000000000000000e+01 4.459650000000000546e+03
3.700000000000000000e+01 4.465850000000000364e+03
7.700000000000000000e+01 4.469449999999999818e+03
5.300000000000000000e+01 4.471900000000000546e+03
1.300000000000000000e+01 4.477750000000000000e+03
4.500000000000000000e+01 4.480300000000000182e+03
2.900000000000000000e+01 4.484500000000000000e+03
5.000000000000000000e+00 4.490850000000000364e+03
6.100000000000000000e+01 4.500050000000000182e+03
6.900000000000000000e+01 4.504550000000000182e+03
7.700000000000000000e+01 4.517050000000000182e+03
1.300000000000000000e+01 4.528699999999999818e+03
2.900000000000000000e+01 4.536600000000000364e+03
2.100000000000000000e+01 4.537000000000000000e+03
3.700000000000000000e+01 4.542699999999999818e+03
5.000000000000000000e+00 4.550050000000000182e+03
6.100000000000000000e+01 4.552250000000000000e+03
7.700000000000000000e+01 4.557449999999999818e+03
4.500000000000000000e+01 4.558199999999999818e+03
6.900000000000000000e+01 4.560150000000000546e+03
1.300000000000000000e+01 4.565650000000000546e+03
5.300000000000000000e+01 4.573050000000000182e+03
2.900000000000000000e+01 4.584800000000000182e+03
3.700000000000000000e+01 4.588600000000000364e+03
6.100000000000000000e+01 4.593800000000000182e+03
4.500000000000000000e+01 4.598199999999999818e+03
7.700000000000000000e+01 4.598449999999999818e+03
1.300000000000000000e+01 4.599449999999999818e+03
5.000000000000000000e+00 4.600150000000000546e+03
2.100000000000000000e+01 4.602600000000000364e+03
5.300000000000000000e+01 4.612900000000000546e+03
2.900000000000000000e+01 4.626900000000000546e+03
1.300000000000000000e+01 4.631500000000000000e+03
6.900000000000000000e+01 4.632050000000000182e+03
6.100000000000000000e+01 4.635250000000000000e+03
5.000000000000000000e+00 4.636300000000000182e+03
4.500000000000000000e+01 4.636250000000000000e+03
5.300000000000000000e+01 4.639750000000000000e+03
2.100000000000000000e+01 4.644300000000000182e+03
2.900000000000000000e+01 4.664000000000000000e+03
3.700000000000000000e+01 4.664050000000000182e+03
6.900000000000000000e+01 4.667000000000000000e+03
4.500000000000000000e+01 4.672699999999999818e+03
6.100000000000000000e+01 4.673150000000000546e+03
5.000000000000000000e+00 4.675850000000000364e+03
7.700000000000000000e+01 4.684449999999999818e+03
5.300000000000000000e+01 4.685000000000000000e+03
1.300000000000000000e+01 4.685650000000000546e+03
6.900000000000000000e+01 4.701949999999999818e+03
2.900000000000000000e+01 4.710800000000000182e+03
2.100000000000000000e+01 4.714100000000000364e+03
1.300000000000000000e+01 4.715000000000000000e+03
5.000000000000000000e+00 4.716300000000000182e+03
7.700000000000000000e+01 4.718050000000000182e+03
6.100000000000000000e+01 4.718949999999999818e+03
3.700000000000000000e+01 4.719850000000000364e+03
4.500000000000000000e+01 4.722850000000000364e+03
6.900000000000000000e+01 4.740100000000000364e+03
6.100000000000000000e+01 4.747949999999999818e+03
5.300000000000000000e+01 4.753500000000000000e+03
5.000000000000000000e+00 4.753949999999999818e+03
3.700000000000000000e+01 4.767850000000000364e+03
1.300000000000000000e+01 4.774199999999999818e+03
4.500000000000000000e+01 4.784699999999999818e+03
2.100000000000000000e+01 4.785100000000000364e+03
2.900000000000000000e+01 4.786900000000000546e+03
5.000000000000000000e+00 4.790449999999999818e+03
7.700000000000000000e+01 4.791550000000000182e+03
6.900000000000000000e+01 4.794100000000000364e+03
5.300000000000000000e+01 4.800900000000000546e+03
1.300000000000000000e+01 4.801199999999999818e+03
4.500000000000000000e+01 4.820949999999999818e+03
6.100000000000000000e+01 4.822050000000000182e+03
2.900000000000000000e+01 4.824650000000000546e+03
2.100000000000000000e+01 4.830900000000000546e+03
5.000000000000000000e+00 4.831850000000000364e+03
6.900000000000000000e+01 4.834600000000000364e+03
3.700000000000000000e+01 4.834949999999999818e+03
5.300000000000000000e+01 4.838550000000000182e+03
7.700000000000000000e+01 4.840650000000000546e+03
1.300000000000000000e+01 4.848400000000000546e+03
6.100000000000000000e+01 4.861500000000000000e+03
5.000000000000000000e+00 4.862699999999999818e+03
3.700000000000000000e+01 4.864100000000000364e+03
7.700000000000000000e+01 4.870800000000000182e+03
2.100000000000000000e+01 4.876050000000000182e+03
4.500000000000000000e+01 4.876100000000000364e+03
5.300000000000000000e+01 4.882550000000000182e+03
6.100000000000000000e+01 4.889949999999999818e+03
1.300000000000000000e+01 4.890500000000000000e+03
6.900000000000000000e+01 4.896650000000000546e+03
2.900000000000000000e+01 4.898699999999999818e+03
7.700000000000000000e+01 4.898949999999999818e+03
5.000000000000000000e+00 4.906949999999999818e+03
2.100000000000000000e+01 4.912400000000000546e+03
6.100000000000000000e+01 4.919250000000000000e+03
4.500000000000000000e+01 4.919600000000000364e+03
3.700000000000000000e+01 4.921199999999999818e+03
5.300000000000000000e+01 4.921350000000000364e+03
1.300000000000000000e+01 4.927449999999999818e+03
2.900000000000000000e+01 4.936500000000000000e+03
5.000000000000000000e+00 4.945500000000000000e+03
6.100000000000000000e+01 4.952550000000000182e+03
7.700000000000000000e+01 4.956000000000000000e+03
2.100000000000000000e+01 4.957150000000000546e+03
4.500000000000000000e+01 4.958250000000000000e+03
6.900000000000000000e+01 4.959800000000000182e+03
2.900000000000000000e+01 4.967400000000000546e+03
5.300000000000000000e+01 4.969699999999999818e+03
6.100000000000000000e+01 4.985500000000000000e+03
7.700000000000000000e+01 4.988750000000000000e+03
5.000000000000000000e+00 4.997750000000000000e+03
2.900000000000000000e+01 5.001449999999999818e+03
1.300000000000000000e+01 5.004900000000000546e+03
6.900000000000000000e+01 5.006350000000000364e+03
3.700000000000000000e+01 5.015050000000000182e+03
4.500000000000000000e+01 5.019949999999999818e+03
6.100000000000000000e+01 5.020600000000000364e+03
5.300000000000000000e+01 5.023699999999999818e+03
7.700000000000000000e+01 5.025750000000000000e+03
2.100000000000000000e+01 5.039400000000000546e+03
2.900000000000000000e+01 5.043800000000000182e+03
5.000000000000000000e+00 5.044550000000000182e+03
6.900000000000000000e+01 5.044850000000000364e+03
1.300000000000000000e+01 5.048500000000000000e+03
3.700000000000000000e+01 5.049600000000000364e+03
4.500000000000000000e+01 5.052400000000000546e+03
5.300000000000000000e+01 5.070550000000000182e+03
2.900000000000000000e+01 5.071050000000000182e+03
5.000000000000000000e+00 5.071150000000000546e+03
6.100000000000000000e+01 5.079850000000000364e+03
2.100000000000000000e+01 5.085250000000000000e+03
7.700000000000000000e+01 5.087100000000000364e+03
1.300000000000000000e+01 5.090150000000000546e+03
3.700000000000000000e+01 5.092300000000000182e+03
6.900000000000000000e+01 5.098850000000000364e+03
2.900000000000000000e+01 5.103600000000000364e+03
5.300000000000000000e+01 5.106000000000000000e+03
4.500000000000000000e+01 5.106150000000000546e+03
6.100000000000000000e+01 5.113850000000000364e+03
5.000000000000000000e+00 5.115850000000000364e+03
2.100000000000000000e+01 5.118750000000000000e+03
3.700000000000000000e+01 5.119750000000000000e+03
7.700000000000000000e+01 5.120449999999999818e+03
1.300000000000000000e+01 5.121800000000000182e+03
5.300000000000000000e+01 5.127550000000000182e+03
6.900000000000000000e+01 5.138250000000000000e+03
1.300000000000000000e+01 5.147400000000000546e+03
2.900000000000000000e+01 5.150800000000000182e+03
4.500000000000000000e+01 5.161400000000000546e+03
5.300000000000000000e+01 5.163650000000000546e+03
7.700000000000000000e+01 5.171650000000000546e+03
2.100000000000000000e+01 5.173199999999999818e+03
3.700000000000000000e+01 5.173650000000000546e+03
6.100000000000000000e+01 5.181500000000000000e+03
2.900000000000000000e+01 5.182650000000000546e+03
1.300000000000000000e+01 5.185949999999999818e+03
6.900000000000000000e+01 5.187000000000000000e+03
5.000000000000000000e+00 5.194100000000000364e+03
5.300000000000000000e+01 5.201699999999999818e+03
4.500000000000000000e+01 5.204800000000000182e+03
7.700000000000000000e+01 5.207900000000000546e+03
2.900000000000000000e+01 5.208699999999999818e+03
2.100000000000000000e+01 5.210900000000000546e+03
6.900000000000000000e+01 5.218750000000000000e+03
6.100000000000000000e+01 5.225550000000000182e+03
3.700000000000000000e+01 5.232449999999999818e+03
2.900000000000000000e+01 5.240050000000000182e+03
5.300000000000000000e+01 5.240100000000000364e+03
4.500000000000000000e+01 5.243050000000000182e+03
1.300000000000000000e+01 5.245900000000000546e+03
5.000000000000000000e+00 5.249250000000000000e+03
6.100000000000000000e+01 5.250250000000000000e+03
7.700000000000000000e+01 5.256699999999999818e+03
6.900000000000000000e+01 5.258600000000000364e+03
2.100000000000000000e+01 5.263949999999999818e+03
1.300000000000000000e+01 5.273449999999999818e+03
2.900000000000000000e+01 5.274600000000000364e+03
5.300000000000000000e+01 5.279850000000000364e+03
5.000000000000000000e+00 5.285100000000000364e+03
3.700000000000000000e+01 5.285350000000000364e+03
6.900000000000000000e+01 5.293750000000000000e+03
7.700000000000000000e+01 5.295199999999999818e+03
4.500000000000000000e+01 5.301650000000000546e+03
2.100000000000000000e+01 5.306250000000000000e+03
1.300000000000000000e+01 5.307550000000000182e+03
6.100000000000000000e+01 5.311850000000000364e+03
6.900000000000000000e+01 5.317199999999999818e+03
5.000000000000000000e+00 5.318949999999999818e+03
7.700000000000000000e+01 5.326350000000000364e+03
2.900000000000000000e+01 5.327400000000000546e+03
5.300000000000000000e+01 5.328600000000000364e+03
1.300000000000000000e+01 5.343949999999999818e+03
6.900000000000000000e+01 5.347850000000000364e+03
3.700000000000000000e+01 5.352699999999999818e+03
6.100000000000000000e+01 5.353400000000000546e+03
2.100000000000000000e+01 5.357000000000000000e+03
7.700000000000000000e+01 5.361949999999999818e+03
2.900000000000000000e+01 5.362199999999999818e+03
5.000000000000000000e+00 5.362750000000000000e+03
5.300000000000000000e+01 5.365800000000000182e+03
4.500000000000000000e+01 5.384199999999999818e+03
6.900000000000000000e+01 5.391300000000000182e+03
3.700000000000000000e+01 5.394350000000000364e+03
5.000000000000000000e+00 5.399500000000000000e+03
7.700000000000000000e+01 5.401100000000000364e+03
1.300000000000000000e+01 5.402650000000000546e+03
6.100000000000000000e+01 5.402949999999999818e+03
2.900000000000000000e+01 5.404300000000000182e+03
2.100000000000000000e+01 5.404949999999999818e+03
5.300000000000000000e+01 5.405050000000000182e+03
6.900000000000000000e+01 5.415650000000000546e+03
4.500000000000000000e+01 5.419600000000000364e+03
3.700000000000000000e+01 5.420900000000000546e+03
1.300000000000000000e+01 5.432750000000000000e+03
5.300000000000000000e+01 5.433300000000000182e+03
6.100000000000000000e+01 5.436500000000000000e+03
2.900000000000000000e+01 5.442650000000000546e+03
7.700000000000000000e+01 5.444100000000000364e+03
5.000000000000000000e+00 5.447400000000000546e+03
2.100000000000000000e+01 5.452050000000000182e+03
3.700000000000000000e+01 5.454000000000000000e+03
6.900000000000000000e+01 5.461600000000000364e+03
1.300000000000000000e+01 5.465350000000000364e+03
5.300000000000000000e+01 5.470400000000000546e+03
6.100000000000000000e+01 5.475600000000000364e+03
2.900000000000000000e+01 5.477699999999999818e+03
5.000000000000000000e+00 5.480900000000000546e+03
2.100000000000000000e+01 5.481750000000000000e+03
3.700000000000000000e+01 5.483300000000000182e+03
4.500000000000000000e+01 5.489449999999999818e+03
7.700000000000000000e+01 5.496650000000000546e+03
2.900000000000000000e+01 5.509250000000000000e+03
5.300000000000000000e+01 5.510449999999999818e+03
1.300000000000000000e+01 5.525500000000000000e+03
3.700000000000000000e+01 5.528199999999999818e+03
6.900000000000000000e+01 5.529050000000000182e+03
7.700000000000000000e+01 5.532150000000000546e+03
2.100000000000000000e+01 5.533000000000000000e+03
5.000000000000000000e+00 5.534199999999999818e+03
2.900000000000000000e+01 5.544699999999999818e+03
5.300000000000000000e+01 5.550500000000000000e+03
4.500000000000000000e+01 5.555650000000000546e+03
6.900000000000000000e+01 5.556699999999999818e+03
6.100000000000000000e+01 5.565449999999999818e+03
1.300000000000000000e+01 5.566150000000000546e+03
2.100000000000000000e+01 5.567300000000000182e+03
2.900000000000000000e+01 5.578250000000000000e+03
7.700000000000000000e+01 5.581850000000000364e+03
5.000000000000000000e+00 5.583600000000000364e+03
4.500000000000000000e+01 5.584600000000000364e+03
5.300000000000000000e+01 5.588699999999999818e+03
3.700000000000000000e+01 5.596750000000000000e+03
6.900000000000000000e+01 5.597350000000000364e+03
6.100000000000000000e+01 5.601650000000000546e+03
1.300000000000000000e+01 5.605449999999999818e+03
7.700000000000000000e+01 5.609199999999999818e+03
2.100000000000000000e+01 5.612300000000000182e+03
2.900000000000000000e+01 5.622800000000000182e+03
5.300000000000000000e+01 5.622949999999999818e+03
4.500000000000000000e+01 5.633150000000000546e+03
5.000000000000000000e+00 5.634350000000000364e+03
2.100000000000000000e+01 5.646550000000000182e+03
2.900000000000000000e+01 5.649500000000000000e+03
1.300000000000000000e+01 5.649949999999999818e+03
3.700000000000000000e+01 5.651300000000000182e+03
7.700000000000000000e+01 5.655550000000000182e+03
6.100000000000000000e+01 5.655800000000000182e+03
5.300000000000000000e+01 5.662449999999999818e+03
5.000000000000000000e+00 5.664350000000000364e+03
2.900000000000000000e+01 5.675600000000000364e+03
6.900000000000000000e+01 5.676750000000000000e+03
1.300000000000000000e+01 5.688600000000000364e+03
2.100000000000000000e+01 5.689300000000000182e+03
2.900000000000000000e+01 5.701400000000000546e+03
7.700000000000000000e+01 5.703650000000000546e+03
5.000000000000000000e+00 5.706350000000000364e+03
6.100000000000000000e+01 5.706600000000000364e+03
3.700000000000000000e+01 5.709000000000000000e+03
6.900000000000000000e+01 5.708949999999999818e+03
4.500000000000000000e+01 5.709949999999999818e+03
5.300000000000000000e+01 5.710600000000000364e+03
2.900000000000000000e+01 5.733550000000000182e+03
2.100000000000000000e+01 5.736150000000000546e+03
1.300000000000000000e+01 5.738000000000000000e+03
6.900000000000000000e+01 5.740550000000000182e+03
6.100000000000000000e+01 5.742150000000000546e+03
5.300000000000000000e+01 5.743699999999999818e+03
3.700000000000000000e+01 5.752100000000000364e+03
7.700000000000000000e+01 5.752550000000000182e+03
5.000000000000000000e+00 5.756150000000000546e+03
4.500000000000000000e+01 5.761300000000000182e+03
6.900000000000000000e+01 5.768600000000000364e+03
6.100000000000000000e+01 5.780699999999999818e+03
3.700000000000000000e+01 5.785100000000000364e+03
1.300000000000000000e+01 5.785150000000000546e+03
2.900000000000000000e+01 5.786800000000000182e+03
5.300000000000000000e+01 5.788250000000000000e+03
2.100000000000000000e+01 5.788850000000000364e+03
5.000000000000000000e+00 5.791650000000000546e+03
7.700000000000000000e+01 5.802350000000000364e+03
4.500000000000000000e+01 5.808100000000000364e+03
6.100000000000000000e+01 5.812199999999999818e+03
5.300000000000000000e+01 5.814050000000000182e+03
1.300000000000000000e+01 5.816199999999999818e+03
3.700000000000000000e+01 5.817400000000000546e+03
2.900000000000000000e+01 5.819150000000000546e+03
6.900000000000000000e+01 5.822850000000000364e+03
2.100000000000000000e+01 5.836199999999999818e+03
7.700000000000000000e+01 5.838199999999999818e+03
5.000000000000000000e+00 5.843850000000000364e+03
4.500000000000000000e+01 5.846800000000000182e+03
5.300000000000000000e+01 5.847199999999999818e+03
3.700000000000000000e+01 5.858900000000000546e+03
6.100000000000000000e+01 5.860000000000000000e+03
6.900000000000000000e+01 5.860650000000000546e+03
1.300000000000000000e+01 5.864400000000000546e+03
2.900000000000000000e+01 5.864750000000000000e+03
5.300000000000000000e+01 5.871650000000000546e+03
5.000000000000000000e+00 5.872500000000000000e+03
2.100000000000000000e+01 5.872699999999999818e+03
7.700000000000000000e+01 5.887100000000000364e+03
1.300000000000000000e+01 5.888550000000000182e+03
2.900000000000000000e+01 5.890150000000000546e+03
3.700000000000000000e+01 5.890900000000000546e+03
6.100000000000000000e+01 5.891150000000000546e+03
6.900000000000000000e+01 5.891449999999999818e+03
4.500000000000000000e+01 5.891600000000000364e+03
2.100000000000000000e+01 5.898699999999999818e+03
5.000000000000000000e+00 5.908300000000000182e+03
7.700000000000000000e+01 5.915100000000000364e+03
2.900000000000000000e+01 5.921050000000000182e+03
4.500000000000000000e+01 5.923000000000000000e+03
1.300000000000000000e+01 5.924949999999999818e+03
3.700000000000000000e+01 5.928250000000000000e+03
2.100000000000000000e+01 5.929550000000000182e+03
5.300000000000000000e+01 5.935050000000000182e+03
6.100000000000000000e+01 5.945900000000000546e+03
1.300000000000000000e+01 5.947350000000000364e+03
5.000000000000000000e+00 5.951949999999999818e+03
6.900000000000000000e+01 5.953600000000000364e+03
7.700000000000000000e+01 5.956500000000000000e+03
2.900000000000000000e+01 5.957350000000000364e+03
3.700000000000000000e+01 5.959300000000000182e+03
2.100000000000000000e+01 5.959650000000000546e+03
4.500000000000000000e+01 5.960300000000000182e+03
5.300000000000000000e+01 5.969650000000000546e+03
1.300000000000000000e+01 5.975150000000000546e+03
2.900000000000000000e+01 5.978100000000000364e+03
6.100000000000000000e+01 5.983300000000000182e+03
6.900000000000000000e+01 5.983850000000000364e+03
5.000000000000000000e+00 5.987150000000000546e+03
7.700000000000000000e+01 5.989900000000000546e+03
3.700000000000000000e+01 5.991600000000000364e+03
6.900000000000000000e+01 6.095050000000000182e+03
3.700000000000000000e+01 6.471000000000000000e+03
6.100000000000000000e+01 6.504750000000000000e+03
2.900000000000000000e+01 6.572100000000000364e+03
6.900000000000000000e+01 6.606000000000000000e+03
7.700000000000000000e+01 6.652300000000000182e+03
6.100000000000000000e+01 7.214500000000000000e+03
1.300000000000000000e+01 7.248300000000000182e+03
2.900000000000000000e+01 7.692100000000000364e+03
5.300000000000000000e+01 7.816600000000000364e+03
5.000000000000000000e+00 7.943100000000000364e+03
7.700000000000000000e+01 8.560450000000000728e+03
5.300000000000000000e+01 8.566350000000000364e+03
5.000000000000000000e+00 8.641700000000000728e+03
3.700000000000000000e+01 8.724399999999999636e+03
7.700000000000000000e+01 8.840500000000000000e+03
3.000000000000000000e+01 5.411499999999999773e+02
6.000000000000000000e+00 7.054500000000000455e+02
3.000000000000000000e+01 8.582000000000000455e+02
7.800000000000000000e+01 1.450850000000000136e+03
6.000000000000000000e+00 1.477650000000000091e+03
2.200000000000000000e+01 1.739650000000000091e+03
6.000000000000000000e+00 1.773900000000000091e+03
6.200000000000000000e+01 1.913250000000000000e+03
3.800000000000000000e+01 1.969100000000000136e+03
2.200000000000000000e+01 2.418650000000000091e+03
6.000000000000000000e+00 2.603800000000000182e+03
3.800000000000000000e+01 3.015650000000000091e+03
4.600000000000000000e+01 3.017700000000000273e+03
5.400000000000000000e+01 3.018300000000000182e+03
6.000000000000000000e+00 3.021599999999999909e+03
2.200000000000000000e+01 3.023400000000000091e+03
1.400000000000000000e+01 3.023900000000000091e+03
6.200000000000000000e+01 3.027950000000000273e+03
7.000000000000000000e+01 3.041400000000000091e+03
5.400000000000000000e+01 3.052800000000000182e+03
1.400000000000000000e+01 3.059849999999999909e+03
7.800000000000000000e+01 3.060400000000000091e+03
3.000000000000000000e+01 3.060650000000000091e+03
6.200000000000000000e+01 3.078500000000000000e+03
6.000000000000000000e+00 3.079599999999999909e+03
3.800000000000000000e+01 3.099550000000000182e+03
1.400000000000000000e+01 3.103849999999999909e+03
2.200000000000000000e+01 3.108950000000000273e+03
7.000000000000000000e+01 3.113900000000000091e+03
5.400000000000000000e+01 3.116700000000000273e+03
7.800000000000000000e+01 3.128599999999999909e+03
6.200000000000000000e+01 3.133800000000000182e+03
6.000000000000000000e+00 3.136300000000000182e+03
2.200000000000000000e+01 3.138349999999999909e+03
7.000000000000000000e+01 3.142849999999999909e+03
3.000000000000000000e+01 3.150300000000000182e+03
5.400000000000000000e+01 3.158250000000000000e+03
4.600000000000000000e+01 3.176750000000000000e+03
7.800000000000000000e+01 3.182150000000000091e+03
3.800000000000000000e+01 3.182750000000000000e+03
1.400000000000000000e+01 3.184450000000000273e+03
3.000000000000000000e+01 3.185550000000000182e+03
1.400000000000000000e+01 3.226450000000000273e+03
3.800000000000000000e+01 3.228599999999999909e+03
6.000000000000000000e+00 3.230599999999999909e+03
6.200000000000000000e+01 3.230550000000000182e+03
5.400000000000000000e+01 3.233900000000000091e+03
7.800000000000000000e+01 3.247750000000000000e+03
2.200000000000000000e+01 3.255000000000000000e+03
7.000000000000000000e+01 3.257150000000000091e+03
3.000000000000000000e+01 3.269050000000000182e+03
1.400000000000000000e+01 3.269900000000000091e+03
4.600000000000000000e+01 3.272950000000000273e+03
6.200000000000000000e+01 3.273000000000000000e+03
3.800000000000000000e+01 3.273250000000000000e+03
5.400000000000000000e+01 3.281500000000000000e+03
7.800000000000000000e+01 3.282250000000000000e+03
6.000000000000000000e+00 3.289300000000000182e+03
7.000000000000000000e+01 3.303900000000000091e+03
4.600000000000000000e+01 3.303950000000000273e+03
7.800000000000000000e+01 3.315250000000000000e+03
3.000000000000000000e+01 3.321000000000000000e+03
2.200000000000000000e+01 3.321349999999999909e+03
1.400000000000000000e+01 3.332500000000000000e+03
6.200000000000000000e+01 3.334050000000000182e+03
5.400000000000000000e+01 3.334650000000000091e+03
6.000000000000000000e+00 3.346250000000000000e+03
3.800000000000000000e+01 3.346650000000000091e+03
7.000000000000000000e+01 3.352000000000000000e+03
1.400000000000000000e+01 3.358000000000000000e+03
4.600000000000000000e+01 3.359700000000000273e+03
6.200000000000000000e+01 3.363650000000000091e+03
7.800000000000000000e+01 3.366150000000000091e+03
2.200000000000000000e+01 3.378200000000000273e+03
3.000000000000000000e+01 3.383700000000000273e+03
6.000000000000000000e+00 3.388400000000000091e+03
3.800000000000000000e+01 3.398550000000000182e+03
5.400000000000000000e+01 3.401750000000000000e+03
7.800000000000000000e+01 3.408550000000000182e+03
2.200000000000000000e+01 3.412250000000000000e+03
4.600000000000000000e+01 3.427900000000000091e+03
3.000000000000000000e+01 3.429000000000000000e+03
6.000000000000000000e+00 3.435599999999999909e+03
1.400000000000000000e+01 3.439849999999999909e+03
7.000000000000000000e+01 3.445250000000000000e+03
3.800000000000000000e+01 3.451050000000000182e+03
6.200000000000000000e+01 3.452099999999999909e+03
2.200000000000000000e+01 3.455099999999999909e+03
4.600000000000000000e+01 3.467950000000000273e+03
7.000000000000000000e+01 3.484450000000000273e+03
6.200000000000000000e+01 3.502599999999999909e+03
6.000000000000000000e+00 3.509750000000000000e+03
2.200000000000000000e+01 3.514000000000000000e+03
7.800000000000000000e+01 3.518750000000000000e+03
3.800000000000000000e+01 3.522000000000000000e+03
3.000000000000000000e+01 3.522099999999999909e+03
1.400000000000000000e+01 3.529500000000000000e+03
4.600000000000000000e+01 3.543400000000000091e+03
5.400000000000000000e+01 3.544000000000000000e+03
6.000000000000000000e+00 3.550250000000000000e+03
6.200000000000000000e+01 3.558500000000000000e+03
3.000000000000000000e+01 3.559050000000000182e+03
4.600000000000000000e+01 3.586150000000000091e+03
3.800000000000000000e+01 3.593500000000000000e+03
7.800000000000000000e+01 3.600900000000000091e+03
3.000000000000000000e+01 3.610000000000000000e+03
5.400000000000000000e+01 3.610400000000000091e+03
1.400000000000000000e+01 3.615800000000000182e+03
6.200000000000000000e+01 3.624500000000000000e+03
3.800000000000000000e+01 3.634599999999999909e+03
6.000000000000000000e+00 3.639900000000000091e+03
7.000000000000000000e+01 3.642950000000000273e+03
3.000000000000000000e+01 3.643750000000000000e+03
7.800000000000000000e+01 3.651500000000000000e+03
4.600000000000000000e+01 3.657250000000000000e+03
1.400000000000000000e+01 3.661900000000000091e+03
3.800000000000000000e+01 3.666599999999999909e+03
6.200000000000000000e+01 3.675050000000000182e+03
7.800000000000000000e+01 3.679900000000000091e+03
3.000000000000000000e+01 3.682700000000000273e+03
7.000000000000000000e+01 3.684150000000000091e+03
6.000000000000000000e+00 3.692599999999999909e+03
4.600000000000000000e+01 3.697750000000000000e+03
3.000000000000000000e+01 3.703349999999999909e+03
2.200000000000000000e+01 3.720150000000000091e+03
1.400000000000000000e+01 3.731050000000000182e+03
6.000000000000000000e+00 3.733599999999999909e+03
7.000000000000000000e+01 3.736250000000000000e+03
3.800000000000000000e+01 3.738400000000000091e+03
6.200000000000000000e+01 3.739250000000000000e+03
7.800000000000000000e+01 3.743050000000000182e+03
4.600000000000000000e+01 3.744550000000000182e+03
3.000000000000000000e+01 3.746450000000000273e+03
4.600000000000000000e+01 3.774599999999999909e+03
5.400000000000000000e+01 3.775400000000000091e+03
7.800000000000000000e+01 3.777950000000000273e+03
7.000000000000000000e+01 3.780500000000000000e+03
6.000000000000000000e+00 3.782550000000000182e+03
1.400000000000000000e+01 3.785300000000000182e+03
3.000000000000000000e+01 3.785950000000000273e+03
3.800000000000000000e+01 3.786950000000000273e+03
2.200000000000000000e+01 3.794849999999999909e+03
6.200000000000000000e+01 3.802650000000000091e+03
6.000000000000000000e+00 3.808750000000000000e+03
4.600000000000000000e+01 3.814150000000000091e+03
7.000000000000000000e+01 3.832700000000000273e+03
1.400000000000000000e+01 3.835500000000000000e+03
2.200000000000000000e+01 3.836500000000000000e+03
5.400000000000000000e+01 3.844849999999999909e+03
7.800000000000000000e+01 3.849349999999999909e+03
6.000000000000000000e+00 3.855050000000000182e+03
3.800000000000000000e+01 3.855750000000000000e+03
4.600000000000000000e+01 3.864700000000000273e+03
6.200000000000000000e+01 3.864700000000000273e+03
2.200000000000000000e+01 3.869400000000000091e+03
7.000000000000000000e+01 3.872450000000000273e+03
3.000000000000000000e+01 3.874000000000000000e+03
7.800000000000000000e+01 3.892400000000000091e+03
2.200000000000000000e+01 3.901400000000000091e+03
7.000000000000000000e+01 3.908250000000000000e+03
4.600000000000000000e+01 3.909450000000000273e+03
1.400000000000000000e+01 3.911849999999999909e+03
6.000000000000000000e+00 3.916450000000000273e+03
6.200000000000000000e+01 3.919950000000000273e+03
3.000000000000000000e+01 3.920750000000000000e+03
5.400000000000000000e+01 3.924450000000000273e+03
7.800000000000000000e+01 3.937950000000000273e+03
3.800000000000000000e+01 3.942349999999999909e+03
2.200000000000000000e+01 3.946599999999999909e+03
7.000000000000000000e+01 3.952900000000000091e+03
4.600000000000000000e+01 3.953250000000000000e+03
1.400000000000000000e+01 3.954800000000000182e+03
6.000000000000000000e+00 3.955550000000000182e+03
3.000000000000000000e+01 3.970650000000000091e+03
7.800000000000000000e+01 3.980650000000000091e+03
7.000000000000000000e+01 3.984050000000000182e+03
3.800000000000000000e+01 3.985849999999999909e+03
2.200000000000000000e+01 4.001200000000000273e+03
6.200000000000000000e+01 4.002349999999999909e+03
1.400000000000000000e+01 4.007349999999999909e+03
5.400000000000000000e+01 4.007800000000000182e+03
6.000000000000000000e+00 4.017950000000000273e+03
7.800000000000000000e+01 4.021900000000000091e+03
7.000000000000000000e+01 4.026250000000000000e+03
1.400000000000000000e+01 4.037250000000000000e+03
3.800000000000000000e+01 4.038800000000000182e+03
3.000000000000000000e+01 4.039300000000000182e+03
4.600000000000000000e+01 4.041450000000000273e+03
6.200000000000000000e+01 4.045849999999999909e+03
5.400000000000000000e+01 4.056800000000000182e+03
6.000000000000000000e+00 4.061000000000000000e+03
7.000000000000000000e+01 4.061099999999999909e+03
2.200000000000000000e+01 4.064800000000000182e+03
7.800000000000000000e+01 4.067550000000000182e+03
3.800000000000000000e+01 4.075900000000000091e+03
1.400000000000000000e+01 4.077550000000000182e+03
3.000000000000000000e+01 4.098649999999999636e+03
4.600000000000000000e+01 4.099350000000000364e+03
1.400000000000000000e+01 4.101949999999999818e+03
2.200000000000000000e+01 4.103750000000000000e+03
7.800000000000000000e+01 4.106250000000000000e+03
6.000000000000000000e+00 4.107649999999999636e+03
3.000000000000000000e+01 4.138250000000000000e+03
2.200000000000000000e+01 4.140550000000000182e+03
6.200000000000000000e+01 4.140649999999999636e+03
7.800000000000000000e+01 4.148050000000000182e+03
1.400000000000000000e+01 4.152399999999999636e+03
7.000000000000000000e+01 4.153050000000000182e+03
4.600000000000000000e+01 4.162500000000000000e+03
6.000000000000000000e+00 4.170149999999999636e+03
5.400000000000000000e+01 4.174800000000000182e+03
3.800000000000000000e+01 4.178300000000000182e+03
2.200000000000000000e+01 4.178899999999999636e+03
6.200000000000000000e+01 4.186050000000000182e+03
7.800000000000000000e+01 4.186949999999999818e+03
1.400000000000000000e+01 4.188449999999999818e+03
7.000000000000000000e+01 4.197699999999999818e+03
3.000000000000000000e+01 4.220199999999999818e+03
4.600000000000000000e+01 4.232050000000000182e+03
2.200000000000000000e+01 4.236800000000000182e+03
6.000000000000000000e+00 4.241050000000000182e+03
7.800000000000000000e+01 4.242000000000000000e+03
6.200000000000000000e+01 4.244500000000000000e+03
7.000000000000000000e+01 4.250949999999999818e+03
1.400000000000000000e+01 4.251850000000000364e+03
3.800000000000000000e+01 4.253750000000000000e+03
5.400000000000000000e+01 4.256149999999999636e+03
3.000000000000000000e+01 4.268699999999999818e+03
3.800000000000000000e+01 4.283649999999999636e+03
1.400000000000000000e+01 4.293600000000000364e+03
4.600000000000000000e+01 4.293750000000000000e+03
5.400000000000000000e+01 4.303550000000000182e+03
6.000000000000000000e+00 4.305800000000000182e+03
6.200000000000000000e+01 4.306550000000000182e+03
2.200000000000000000e+01 4.314250000000000000e+03
3.000000000000000000e+01 4.314699999999999818e+03
7.800000000000000000e+01 4.318850000000000364e+03
7.000000000000000000e+01 4.319100000000000364e+03
5.400000000000000000e+01 4.338699999999999818e+03
4.600000000000000000e+01 4.340850000000000364e+03
2.200000000000000000e+01 4.344949999999999818e+03
1.400000000000000000e+01 4.351600000000000364e+03
7.000000000000000000e+01 4.352850000000000364e+03
3.800000000000000000e+01 4.354000000000000000e+03
6.200000000000000000e+01 4.356600000000000364e+03
7.800000000000000000e+01 4.359750000000000000e+03
3.000000000000000000e+01 4.369100000000000364e+03
2.200000000000000000e+01 4.381400000000000546e+03
5.400000000000000000e+01 4.383150000000000546e+03
3.800000000000000000e+01 4.386699999999999818e+03
6.000000000000000000e+00 4.394500000000000000e+03
1.400000000000000000e+01 4.397699999999999818e+03
4.600000000000000000e+01 4.400449999999999818e+03
7.000000000000000000e+01 4.404150000000000546e+03
6.200000000000000000e+01 4.407250000000000000e+03
3.000000000000000000e+01 4.408400000000000546e+03
2.200000000000000000e+01 4.413350000000000364e+03
7.800000000000000000e+01 4.422100000000000364e+03
1.400000000000000000e+01 4.424900000000000546e+03
3.000000000000000000e+01 4.438650000000000546e+03
3.800000000000000000e+01 4.442800000000000182e+03
6.200000000000000000e+01 4.448850000000000364e+03
7.000000000000000000e+01 4.452150000000000546e+03
2.200000000000000000e+01 4.453750000000000000e+03
6.000000000000000000e+00 4.455300000000000182e+03
1.400000000000000000e+01 4.456850000000000364e+03
3.000000000000000000e+01 4.467800000000000182e+03
4.600000000000000000e+01 4.470750000000000000e+03
7.800000000000000000e+01 4.481050000000000182e+03
6.200000000000000000e+01 4.482300000000000182e+03
3.800000000000000000e+01 4.483100000000000364e+03
5.400000000000000000e+01 4.488199999999999818e+03
6.000000000000000000e+00 4.492150000000000546e+03
1.400000000000000000e+01 4.502300000000000182e+03
7.000000000000000000e+01 4.505199999999999818e+03
4.600000000000000000e+01 4.515300000000000182e+03
6.200000000000000000e+01 4.521400000000000546e+03
5.400000000000000000e+01 4.532449999999999818e+03
7.000000000000000000e+01 4.533650000000000546e+03
1.400000000000000000e+01 4.535000000000000000e+03
6.000000000000000000e+00 4.535350000000000364e+03
7.800000000000000000e+01 4.539850000000000364e+03
3.800000000000000000e+01 4.542949999999999818e+03
3.000000000000000000e+01 4.557600000000000364e+03
6.200000000000000000e+01 4.564050000000000182e+03
2.200000000000000000e+01 4.569449999999999818e+03
7.800000000000000000e+01 4.572400000000000546e+03
5.400000000000000000e+01 4.572699999999999818e+03
1.400000000000000000e+01 4.579100000000000364e+03
3.000000000000000000e+01 4.585449999999999818e+03
7.000000000000000000e+01 4.587199999999999818e+03
3.800000000000000000e+01 4.588050000000000182e+03
2.200000000000000000e+01 4.597300000000000182e+03
5.400000000000000000e+01 4.608600000000000364e+03
6.000000000000000000e+00 4.610100000000000364e+03
7.800000000000000000e+01 4.615199999999999818e+03
4.600000000000000000e+01 4.622100000000000364e+03
1.400000000000000000e+01 4.630150000000000546e+03
7.000000000000000000e+01 4.630699999999999818e+03
6.200000000000000000e+01 4.638100000000000364e+03
3.800000000000000000e+01 4.641050000000000182e+03
3.000000000000000000e+01 4.645250000000000000e+03
2.200000000000000000e+01 4.653449999999999818e+03
6.000000000000000000e+00 4.663699999999999818e+03
7.800000000000000000e+01 4.670000000000000000e+03
4.600000000000000000e+01 4.678550000000000182e+03
3.800000000000000000e+01 4.679449999999999818e+03
5.400000000000000000e+01 4.681550000000000182e+03
6.200000000000000000e+01 4.685250000000000000e+03
6.000000000000000000e+00 4.691050000000000182e+03
2.200000000000000000e+01 4.694650000000000546e+03
7.000000000000000000e+01 4.701000000000000000e+03
3.000000000000000000e+01 4.706100000000000364e+03
1.400000000000000000e+01 4.710150000000000546e+03
3.800000000000000000e+01 4.711550000000000182e+03
7.800000000000000000e+01 4.713900000000000546e+03
4.600000000000000000e+01 4.714699999999999818e+03
5.400000000000000000e+01 4.726300000000000182e+03
2.200000000000000000e+01 4.735300000000000182e+03
6.200000000000000000e+01 4.739100000000000364e+03
1.400000000000000000e+01 4.742500000000000000e+03
6.000000000000000000e+00 4.745600000000000364e+03
7.000000000000000000e+01 4.746449999999999818e+03
4.600000000000000000e+01 4.749750000000000000e+03
7.800000000000000000e+01 4.750300000000000182e+03
3.800000000000000000e+01 4.755500000000000000e+03
3.000000000000000000e+01 4.767699999999999818e+03
5.400000000000000000e+01 4.776350000000000364e+03
6.200000000000000000e+01 4.778699999999999818e+03
1.400000000000000000e+01 4.780550000000000182e+03
7.800000000000000000e+01 4.788449999999999818e+03
7.000000000000000000e+01 4.790650000000000546e+03
6.000000000000000000e+00 4.791900000000000546e+03
4.600000000000000000e+01 4.793300000000000182e+03
3.800000000000000000e+01 4.800850000000000364e+03
3.000000000000000000e+01 4.803750000000000000e+03
2.200000000000000000e+01 4.804650000000000546e+03
5.400000000000000000e+01 4.822800000000000182e+03
1.400000000000000000e+01 4.824250000000000000e+03
2.200000000000000000e+01 4.828550000000000182e+03
3.000000000000000000e+01 4.829699999999999818e+03
4.600000000000000000e+01 4.834300000000000182e+03
7.000000000000000000e+01 4.834300000000000182e+03
6.200000000000000000e+01 4.836150000000000546e+03
7.800000000000000000e+01 4.836150000000000546e+03
3.800000000000000000e+01 4.853550000000000182e+03
3.000000000000000000e+01 4.856199999999999818e+03
5.400000000000000000e+01 4.861100000000000364e+03
6.000000000000000000e+00 4.863949999999999818e+03
2.200000000000000000e+01 4.864300000000000182e+03
1.400000000000000000e+01 4.866500000000000000e+03
6.200000000000000000e+01 4.875400000000000546e+03
7.800000000000000000e+01 4.877100000000000364e+03
4.600000000000000000e+01 4.878500000000000000e+03
5.400000000000000000e+01 4.886850000000000364e+03
2.200000000000000000e+01 4.892000000000000000e+03
7.000000000000000000e+01 4.894449999999999818e+03
3.000000000000000000e+01 4.902150000000000546e+03
3.800000000000000000e+01 4.903150000000000546e+03
1.400000000000000000e+01 4.905500000000000000e+03
7.800000000000000000e+01 4.916650000000000546e+03
6.200000000000000000e+01 4.918850000000000364e+03
5.400000000000000000e+01 4.927150000000000546e+03
3.800000000000000000e+01 4.930100000000000364e+03
4.600000000000000000e+01 4.934400000000000546e+03
6.200000000000000000e+01 4.942550000000000182e+03
3.000000000000000000e+01 4.943199999999999818e+03
6.000000000000000000e+00 4.943750000000000000e+03
7.800000000000000000e+01 4.953250000000000000e+03
2.200000000000000000e+01 4.959350000000000364e+03
5.400000000000000000e+01 4.968150000000000546e+03
7.000000000000000000e+01 4.989750000000000000e+03
7.800000000000000000e+01 4.992150000000000546e+03
4.600000000000000000e+01 4.993150000000000546e+03
2.200000000000000000e+01 4.993949999999999818e+03
6.000000000000000000e+00 4.998550000000000182e+03
1.400000000000000000e+01 5.002250000000000000e+03
6.200000000000000000e+01 5.003900000000000546e+03
3.000000000000000000e+01 5.004500000000000000e+03
3.800000000000000000e+01 5.007000000000000000e+03
5.400000000000000000e+01 5.026750000000000000e+03
7.800000000000000000e+01 5.027699999999999818e+03
2.200000000000000000e+01 5.032199999999999818e+03
4.600000000000000000e+01 5.038699999999999818e+03
3.800000000000000000e+01 5.039449999999999818e+03
6.000000000000000000e+00 5.040250000000000000e+03
7.000000000000000000e+01 5.043050000000000182e+03
6.200000000000000000e+01 5.044050000000000182e+03
3.000000000000000000e+01 5.044600000000000364e+03
7.800000000000000000e+01 5.063250000000000000e+03
1.400000000000000000e+01 5.063350000000000364e+03
6.000000000000000000e+00 5.071650000000000546e+03
3.000000000000000000e+01 5.074449999999999818e+03
5.400000000000000000e+01 5.075250000000000000e+03
2.200000000000000000e+01 5.080150000000000546e+03
6.200000000000000000e+01 5.085850000000000364e+03
1.400000000000000000e+01 5.089449999999999818e+03
7.800000000000000000e+01 5.091199999999999818e+03
4.600000000000000000e+01 5.092250000000000000e+03
3.800000000000000000e+01 5.093650000000000546e+03
3.000000000000000000e+01 5.099949999999999818e+03
6.000000000000000000e+00 5.104300000000000182e+03
7.000000000000000000e+01 5.110350000000000364e+03
5.400000000000000000e+01 5.115500000000000000e+03
2.200000000000000000e+01 5.117449999999999818e+03
7.800000000000000000e+01 5.127100000000000364e+03
3.000000000000000000e+01 5.128300000000000182e+03
6.200000000000000000e+01 5.128400000000000546e+03
1.400000000000000000e+01 5.128750000000000000e+03
3.800000000000000000e+01 5.144949999999999818e+03
2.200000000000000000e+01 5.151600000000000364e+03
1.400000000000000000e+01 5.156449999999999818e+03
4.600000000000000000e+01 5.160600000000000364e+03
6.200000000000000000e+01 5.162550000000000182e+03
6.000000000000000000e+00 5.163850000000000364e+03
5.400000000000000000e+01 5.164800000000000182e+03
7.800000000000000000e+01 5.165850000000000364e+03
7.000000000000000000e+01 5.168100000000000364e+03
3.000000000000000000e+01 5.175000000000000000e+03
3.800000000000000000e+01 5.187699999999999818e+03
2.200000000000000000e+01 5.190949999999999818e+03
5.400000000000000000e+01 5.196750000000000000e+03
6.200000000000000000e+01 5.197550000000000182e+03
7.800000000000000000e+01 5.199500000000000000e+03
6.000000000000000000e+00 5.202350000000000364e+03
4.600000000000000000e+01 5.206199999999999818e+03
7.000000000000000000e+01 5.207750000000000000e+03
1.400000000000000000e+01 5.216300000000000182e+03
2.200000000000000000e+01 5.223300000000000182e+03
6.200000000000000000e+01 5.223250000000000000e+03
3.800000000000000000e+01 5.230699999999999818e+03
5.400000000000000000e+01 5.234000000000000000e+03
7.800000000000000000e+01 5.239850000000000364e+03
1.400000000000000000e+01 5.241449999999999818e+03
7.000000000000000000e+01 5.246449999999999818e+03
3.000000000000000000e+01 5.257100000000000364e+03
4.600000000000000000e+01 5.258400000000000546e+03
2.200000000000000000e+01 5.258850000000000364e+03
6.000000000000000000e+00 5.259250000000000000e+03
5.400000000000000000e+01 5.259699999999999818e+03
3.800000000000000000e+01 5.261250000000000000e+03
6.200000000000000000e+01 5.262550000000000182e+03
7.800000000000000000e+01 5.268350000000000364e+03
1.400000000000000000e+01 5.271500000000000000e+03
7.000000000000000000e+01 5.283050000000000182e+03
3.000000000000000000e+01 5.289850000000000364e+03
4.600000000000000000e+01 5.295000000000000000e+03
2.200000000000000000e+01 5.300500000000000000e+03
3.800000000000000000e+01 5.301750000000000000e+03
1.400000000000000000e+01 5.302050000000000182e+03
6.200000000000000000e+01 5.302250000000000000e+03
6.000000000000000000e+00 5.304100000000000364e+03
7.800000000000000000e+01 5.307650000000000546e+03
7.000000000000000000e+01 5.316850000000000364e+03
3.000000000000000000e+01 5.321150000000000546e+03
5.400000000000000000e+01 5.321949999999999818e+03
1.400000000000000000e+01 5.333550000000000182e+03
2.200000000000000000e+01 5.335050000000000182e+03
6.000000000000000000e+00 5.346600000000000364e+03
7.800000000000000000e+01 5.349400000000000546e+03
3.800000000000000000e+01 5.352300000000000182e+03
6.200000000000000000e+01 5.354350000000000364e+03
5.400000000000000000e+01 5.358850000000000364e+03
4.600000000000000000e+01 5.363800000000000182e+03
3.000000000000000000e+01 5.366250000000000000e+03
1.400000000000000000e+01 5.371199999999999818e+03
7.000000000000000000e+01 5.371550000000000182e+03
2.200000000000000000e+01 5.380100000000000364e+03
5.400000000000000000e+01 5.390449999999999818e+03
6.000000000000000000e+00 5.390750000000000000e+03
6.200000000000000000e+01 5.397800000000000182e+03
4.600000000000000000e+01 5.399800000000000182e+03
3.800000000000000000e+01 5.402600000000000364e+03
1.400000000000000000e+01 5.403250000000000000e+03
7.800000000000000000e+01 5.403949999999999818e+03
3.000000000000000000e+01 5.419400000000000546e+03
2.200000000000000000e+01 5.421000000000000000e+03
7.000000000000000000e+01 5.423100000000000364e+03
1.400000000000000000e+01 5.430100000000000364e+03
6.000000000000000000e+00 5.436350000000000364e+03
5.400000000000000000e+01 5.437600000000000364e+03
6.200000000000000000e+01 5.439750000000000000e+03
7.800000000000000000e+01 5.443400000000000546e+03
3.800000000000000000e+01 5.448800000000000182e+03
4.600000000000000000e+01 5.448850000000000364e+03
3.000000000000000000e+01 5.454400000000000546e+03
2.200000000000000000e+01 5.458300000000000182e+03
6.000000000000000000e+00 5.465350000000000364e+03
1.400000000000000000e+01 5.475850000000000364e+03
7.800000000000000000e+01 5.477199999999999818e+03
3.000000000000000000e+01 5.478750000000000000e+03
4.600000000000000000e+01 5.479949999999999818e+03
6.200000000000000000e+01 5.482800000000000182e+03
7.000000000000000000e+01 5.494600000000000364e+03
3.800000000000000000e+01 5.501750000000000000e+03
5.400000000000000000e+01 5.502500000000000000e+03
6.000000000000000000e+00 5.507949999999999818e+03
7.800000000000000000e+01 5.522050000000000182e+03
2.200000000000000000e+01 5.528449999999999818e+03
4.600000000000000000e+01 5.532350000000000364e+03
5.400000000000000000e+01 5.533900000000000546e+03
6.200000000000000000e+01 5.534449999999999818e+03
7.000000000000000000e+01 5.539400000000000546e+03
3.000000000000000000e+01 5.540000000000000000e+03
1.400000000000000000e+01 5.543000000000000000e+03
6.000000000000000000e+00 5.543350000000000364e+03
3.800000000000000000e+01 5.545800000000000182e+03
7.800000000000000000e+01 5.554050000000000182e+03
4.600000000000000000e+01 5.564449999999999818e+03
2.200000000000000000e+01 5.566600000000000364e+03
5.400000000000000000e+01 5.570400000000000546e+03
1.400000000000000000e+01 5.584300000000000182e+03
3.800000000000000000e+01 5.585400000000000546e+03
7.000000000000000000e+01 5.586449999999999818e+03
3.000000000000000000e+01 5.586550000000000182e+03
6.000000000000000000e+00 5.586800000000000182e+03
6.200000000000000000e+01 5.593550000000000182e+03
7.800000000000000000e+01 5.594449999999999818e+03
3.800000000000000000e+01 5.607850000000000364e+03
4.600000000000000000e+01 5.608050000000000182e+03
5.400000000000000000e+01 5.608300000000000182e+03
2.200000000000000000e+01 5.609350000000000364e+03
7.000000000000000000e+01 5.613850000000000364e+03
1.400000000000000000e+01 5.614850000000000364e+03
3.000000000000000000e+01 5.618900000000000546e+03
7.800000000000000000e+01 5.625000000000000000e+03
4.600000000000000000e+01 5.637199999999999818e+03
6.200000000000000000e+01 5.639500000000000000e+03
6.000000000000000000e+00 5.640000000000000000e+03
1.400000000000000000e+01 5.641600000000000364e+03
3.800000000000000000e+01 5.643949999999999818e+03
7.800000000000000000e+01 5.655900000000000546e+03
7.000000000000000000e+01 5.656800000000000182e+03
2.200000000000000000e+01 5.657750000000000000e+03
5.400000000000000000e+01 5.661500000000000000e+03
6.000000000000000000e+00 5.669550000000000182e+03
3.800000000000000000e+01 5.678699999999999818e+03
4.600000000000000000e+01 5.684750000000000000e+03
7.800000000000000000e+01 5.685850000000000364e+03
6.200000000000000000e+01 5.686400000000000546e+03
5.400000000000000000e+01 5.688000000000000000e+03
7.000000000000000000e+01 5.696100000000000364e+03
3.000000000000000000e+01 5.698050000000000182e+03
2.200000000000000000e+01 5.705100000000000364e+03
6.200000000000000000e+01 5.711750000000000000e+03
7.800000000000000000e+01 5.712949999999999818e+03
4.600000000000000000e+01 5.713699999999999818e+03
6.000000000000000000e+00 5.714250000000000000e+03
1.400000000000000000e+01 5.715300000000000182e+03
5.400000000000000000e+01 5.728199999999999818e+03
3.800000000000000000e+01 5.733850000000000364e+03
2.200000000000000000e+01 5.736699999999999818e+03
7.800000000000000000e+01 5.745949999999999818e+03
3.000000000000000000e+01 5.752550000000000182e+03
4.600000000000000000e+01 5.753750000000000000e+03
7.000000000000000000e+01 5.755449999999999818e+03
1.400000000000000000e+01 5.756250000000000000e+03
6.200000000000000000e+01 5.762850000000000364e+03
5.400000000000000000e+01 5.767600000000000364e+03
7.800000000000000000e+01 5.774050000000000182e+03
2.200000000000000000e+01 5.778550000000000182e+03
3.800000000000000000e+01 5.782900000000000546e+03
3.000000000000000000e+01 5.786400000000000546e+03
1.400000000000000000e+01 5.787000000000000000e+03
7.000000000000000000e+01 5.788000000000000000e+03
4.600000000000000000e+01 5.792050000000000182e+03
6.000000000000000000e+00 5.803199999999999818e+03
2.200000000000000000e+01 5.804350000000000364e+03
6.200000000000000000e+01 5.809150000000000546e+03
3.000000000000000000e+01 5.816250000000000000e+03
3.800000000000000000e+01 5.819150000000000546e+03
7.800000000000000000e+01 5.819199999999999818e+03
5.400000000000000000e+01 5.819250000000000000e+03
1.400000000000000000e+01 5.830850000000000364e+03
4.600000000000000000e+01 5.835199999999999818e+03
6.200000000000000000e+01 5.839449999999999818e+03
7.000000000000000000e+01 5.841100000000000364e+03
2.200000000000000000e+01 5.844449999999999818e+03
3.800000000000000000e+01 5.847699999999999818e+03
7.800000000000000000e+01 5.850300000000000182e+03
3.000000000000000000e+01 5.853600000000000364e+03
6.000000000000000000e+00 5.856750000000000000e+03
4.600000000000000000e+01 5.861449999999999818e+03
1.400000000000000000e+01 5.868650000000000546e+03
3.800000000000000000e+01 5.870500000000000000e+03
5.400000000000000000e+01 5.871250000000000000e+03
7.000000000000000000e+01 5.873449999999999818e+03
2.200000000000000000e+01 5.873850000000000364e+03
3.000000000000000000e+01 5.881050000000000182e+03
7.800000000000000000e+01 5.884750000000000000e+03
6.200000000000000000e+01 5.888350000000000364e+03
5.400000000000000000e+01 5.902350000000000364e+03
2.200000000000000000e+01 5.903350000000000364e+03
6.000000000000000000e+00 5.910350000000000364e+03
4.600000000000000000e+01 5.910400000000000546e+03
3.800000000000000000e+01 5.911400000000000546e+03
3.000000000000000000e+01 5.913800000000000182e+03
7.800000000000000000e+01 5.916250000000000000e+03
7.000000000000000000e+01 5.924650000000000546e+03
1.400000000000000000e+01 5.925000000000000000e+03
6.200000000000000000e+01 5.927050000000000182e+03
5.400000000000000000e+01 5.931550000000000182e+03
6.000000000000000000e+00 5.933400000000000546e+03
3.000000000000000000e+01 5.951350000000000364e+03
2.200000000000000000e+01 5.952600000000000364e+03
4.600000000000000000e+01 5.953199999999999818e+03
7.800000000000000000e+01 5.954449999999999818e+03
3.800000000000000000e+01 5.957400000000000546e+03
6.000000000000000000e+00 5.959449999999999818e+03
6.200000000000000000e+01 5.959949999999999818e+03
1.400000000000000000e+01 5.960800000000000182e+03
5.400000000000000000e+01 5.971400000000000546e+03
7.000000000000000000e+01 5.973050000000000182e+03
4.600000000000000000e+01 5.992550000000000182e+03
6.200000000000000000e+01 5.992600000000000364e+03
6.000000000000000000e+00 5.992750000000000000e+03
2.200000000000000000e+01 5.993050000000000182e+03
7.800000000000000000e+01 5.993449999999999818e+03
1.400000000000000000e+01 5.999300000000000182e+03
7.000000000000000000e+01 6.000050000000000182e+03
5.400000000000000000e+01 6.004400000000000546e+03
7.000000000000000000e+01 6.102850000000000364e+03
5.400000000000000000e+01 6.294600000000000364e+03
2.200000000000000000e+01 6.490400000000000546e+03
6.200000000000000000e+01 6.521400000000000546e+03
4.600000000000000000e+01 6.612199999999999818e+03
3.800000000000000000e+01 6.748400000000000546e+03
3.800000000000000000e+01 6.794500000000000000e+03
4.600000000000000000e+01 6.937150000000000546e+03
3.800000000000000000e+01 7.301900000000000546e+03
4.600000000000000000e+01 7.413500000000000000e+03
7.800000000000000000e+01 7.446150000000000546e+03
4.600000000000000000e+01 7.690000000000000000e+03
1.400000000000000000e+01 7.821300000000000182e+03
6.200000000000000000e+01 7.825300000000000182e+03
5.400000000000000000e+01 7.928350000000000364e+03
3.800000000000000000e+01 8.107949999999999818e+03
6.200000000000000000e+01 8.248799999999999272e+03
2.200000000000000000e+01 8.411750000000000000e+03
7.000000000000000000e+01 8.527950000000000728e+03
3.000000000000000000e+01 8.587850000000000364e+03
7.800000000000000000e+01 8.610899999999999636e+03
1.400000000000000000e+01 8.663100000000000364e+03
2.200000000000000000e+01 8.819850000000000364e+03
5.400000000000000000e+01 8.894700000000000728e+03
3.000000000000000000e+01 8.992500000000000000e+03
7.000000000000000000e+00 2.928500000000000227e+02
7.100000000000000000e+01 6.845000000000000000e+02
7.900000000000000000e+01 7.421499999999999773e+02
6.300000000000000000e+01 8.345500000000000682e+02
6.300000000000000000e+01 9.640000000000000000e+02
3.900000000000000000e+01 1.173750000000000000e+03
1.500000000000000000e+01 1.357299999999999955e+03
6.300000000000000000e+01 1.357250000000000000e+03
7.900000000000000000e+01 1.930950000000000045e+03
6.300000000000000000e+01 2.143750000000000000e+03
5.500000000000000000e+01 2.229099999999999909e+03
3.100000000000000000e+01 2.248349999999999909e+03
5.500000000000000000e+01 2.355849999999999909e+03
3.100000000000000000e+01 2.682150000000000091e+03
7.100000000000000000e+01 2.790000000000000000e+03
5.500000000000000000e+01 2.860800000000000182e+03
4.700000000000000000e+01 2.957900000000000091e+03
7.000000000000000000e+00 3.009650000000000091e+03
2.300000000000000000e+01 3.009950000000000273e+03
6.300000000000000000e+01 3.018500000000000000e+03
7.100000000000000000e+01 3.018950000000000273e+03
3.900000000000000000e+01 3.031450000000000273e+03
3.100000000000000000e+01 3.035849999999999909e+03
7.900000000000000000e+01 3.048800000000000182e+03
6.300000000000000000e+01 3.053150000000000091e+03
2.300000000000000000e+01 3.061500000000000000e+03
7.000000000000000000e+00 3.062500000000000000e+03
5.500000000000000000e+01 3.071700000000000273e+03
7.100000000000000000e+01 3.076200000000000273e+03
4.700000000000000000e+01 3.088300000000000182e+03
3.100000000000000000e+01 3.089300000000000182e+03
6.300000000000000000e+01 3.095599999999999909e+03
7.000000000000000000e+00 3.100000000000000000e+03
7.900000000000000000e+01 3.111800000000000182e+03
5.500000000000000000e+01 3.116650000000000091e+03
3.900000000000000000e+01 3.130450000000000273e+03
1.500000000000000000e+01 3.139700000000000273e+03
7.100000000000000000e+01 3.143150000000000091e+03
3.100000000000000000e+01 3.148700000000000273e+03
6.300000000000000000e+01 3.149750000000000000e+03
7.000000000000000000e+00 3.157500000000000000e+03
3.900000000000000000e+01 3.163700000000000273e+03
4.700000000000000000e+01 3.164900000000000091e+03
2.300000000000000000e+01 3.179200000000000273e+03
7.900000000000000000e+01 3.187650000000000091e+03
1.500000000000000000e+01 3.188400000000000091e+03
7.100000000000000000e+01 3.207000000000000000e+03
6.300000000000000000e+01 3.208450000000000273e+03
3.100000000000000000e+01 3.214650000000000091e+03
4.700000000000000000e+01 3.215300000000000182e+03
5.500000000000000000e+01 3.224400000000000091e+03
3.900000000000000000e+01 3.234349999999999909e+03
7.900000000000000000e+01 3.236349999999999909e+03
1.500000000000000000e+01 3.240950000000000273e+03
7.000000000000000000e+00 3.251099999999999909e+03
6.300000000000000000e+01 3.252800000000000182e+03
7.100000000000000000e+01 3.274650000000000091e+03
3.900000000000000000e+01 3.279050000000000182e+03
5.500000000000000000e+01 3.289200000000000273e+03
4.700000000000000000e+01 3.289650000000000091e+03
6.300000000000000000e+01 3.297400000000000091e+03
1.500000000000000000e+01 3.309800000000000182e+03
7.000000000000000000e+00 3.310400000000000091e+03
7.100000000000000000e+01 3.326400000000000091e+03
5.500000000000000000e+01 3.330550000000000182e+03
7.900000000000000000e+01 3.332400000000000091e+03
3.100000000000000000e+01 3.338650000000000091e+03
2.300000000000000000e+01 3.340450000000000273e+03
3.900000000000000000e+01 3.341250000000000000e+03
4.700000000000000000e+01 3.344599999999999909e+03
6.300000000000000000e+01 3.353400000000000091e+03
7.000000000000000000e+00 3.356250000000000000e+03
7.100000000000000000e+01 3.360250000000000000e+03
7.900000000000000000e+01 3.379000000000000000e+03
3.900000000000000000e+01 3.383900000000000091e+03
3.100000000000000000e+01 3.394150000000000091e+03
4.700000000000000000e+01 3.394800000000000182e+03
5.500000000000000000e+01 3.398650000000000091e+03
7.000000000000000000e+00 3.402050000000000182e+03
2.300000000000000000e+01 3.404400000000000091e+03
6.300000000000000000e+01 3.406900000000000091e+03
7.100000000000000000e+01 3.408599999999999909e+03
7.900000000000000000e+01 3.428450000000000273e+03
4.700000000000000000e+01 3.430950000000000273e+03
5.500000000000000000e+01 3.436650000000000091e+03
3.100000000000000000e+01 3.439500000000000000e+03
1.500000000000000000e+01 3.451700000000000273e+03
7.100000000000000000e+01 3.457800000000000182e+03
3.900000000000000000e+01 3.459450000000000273e+03
2.300000000000000000e+01 3.464200000000000273e+03
7.900000000000000000e+01 3.464550000000000182e+03
7.000000000000000000e+00 3.465200000000000273e+03
6.300000000000000000e+01 3.466650000000000091e+03
5.500000000000000000e+01 3.477849999999999909e+03
1.500000000000000000e+01 3.488800000000000182e+03
2.300000000000000000e+01 3.503900000000000091e+03
7.900000000000000000e+01 3.509300000000000182e+03
3.900000000000000000e+01 3.510500000000000000e+03
7.100000000000000000e+01 3.511150000000000091e+03
4.700000000000000000e+01 3.512349999999999909e+03
7.000000000000000000e+00 3.535099999999999909e+03
6.300000000000000000e+01 3.536849999999999909e+03
5.500000000000000000e+01 3.545950000000000273e+03
3.100000000000000000e+01 3.548500000000000000e+03
1.500000000000000000e+01 3.562300000000000182e+03
4.700000000000000000e+01 3.564099999999999909e+03
7.100000000000000000e+01 3.564550000000000182e+03
7.900000000000000000e+01 3.567750000000000000e+03
2.300000000000000000e+01 3.570750000000000000e+03
7.000000000000000000e+00 3.600700000000000273e+03
3.900000000000000000e+01 3.600849999999999909e+03
5.500000000000000000e+01 3.603750000000000000e+03
1.500000000000000000e+01 3.605599999999999909e+03
6.300000000000000000e+01 3.606250000000000000e+03
4.700000000000000000e+01 3.615050000000000182e+03
7.900000000000000000e+01 3.626800000000000182e+03
7.100000000000000000e+01 3.626950000000000273e+03
2.300000000000000000e+01 3.630550000000000182e+03
7.000000000000000000e+00 3.637800000000000182e+03
3.900000000000000000e+01 3.641599999999999909e+03
3.100000000000000000e+01 3.643450000000000273e+03
4.700000000000000000e+01 3.651450000000000273e+03
5.500000000000000000e+01 3.669150000000000091e+03
1.500000000000000000e+01 3.677500000000000000e+03
7.000000000000000000e+00 3.680900000000000091e+03
7.100000000000000000e+01 3.682900000000000091e+03
4.700000000000000000e+01 3.688200000000000273e+03
6.300000000000000000e+01 3.693450000000000273e+03
3.100000000000000000e+01 3.694849999999999909e+03
2.300000000000000000e+01 3.720599999999999909e+03
7.900000000000000000e+01 3.721599999999999909e+03
1.500000000000000000e+01 3.722800000000000182e+03
3.900000000000000000e+01 3.722849999999999909e+03
4.700000000000000000e+01 3.737400000000000091e+03
7.100000000000000000e+01 3.747250000000000000e+03
6.300000000000000000e+01 3.752300000000000182e+03
7.000000000000000000e+00 3.757450000000000273e+03
7.900000000000000000e+01 3.767800000000000182e+03
4.700000000000000000e+01 3.771950000000000273e+03
2.300000000000000000e+01 3.775750000000000000e+03
3.100000000000000000e+01 3.781550000000000182e+03
3.900000000000000000e+01 3.785000000000000000e+03
5.500000000000000000e+01 3.794349999999999909e+03
6.300000000000000000e+01 3.809550000000000182e+03
7.100000000000000000e+01 3.816650000000000091e+03
7.900000000000000000e+01 3.817200000000000273e+03
7.000000000000000000e+00 3.828849999999999909e+03
5.500000000000000000e+01 3.832300000000000182e+03
3.100000000000000000e+01 3.837150000000000091e+03
1.500000000000000000e+01 3.847900000000000091e+03
4.700000000000000000e+01 3.851300000000000182e+03
6.300000000000000000e+01 3.862500000000000000e+03
3.900000000000000000e+01 3.867500000000000000e+03
5.500000000000000000e+01 3.868349999999999909e+03
2.300000000000000000e+01 3.870450000000000273e+03
7.900000000000000000e+01 3.878000000000000000e+03
7.000000000000000000e+00 3.884400000000000091e+03
7.100000000000000000e+01 3.894550000000000182e+03
3.100000000000000000e+01 3.900450000000000273e+03
4.700000000000000000e+01 3.905400000000000091e+03
3.900000000000000000e+01 3.911800000000000182e+03
5.500000000000000000e+01 3.913099999999999909e+03
6.300000000000000000e+01 3.921700000000000273e+03
7.900000000000000000e+01 3.928349999999999909e+03
2.300000000000000000e+01 3.930550000000000182e+03
7.000000000000000000e+00 3.930900000000000091e+03
3.900000000000000000e+01 3.934950000000000273e+03
4.700000000000000000e+01 3.947550000000000182e+03
5.500000000000000000e+01 3.947700000000000273e+03
1.500000000000000000e+01 3.955250000000000000e+03
6.300000000000000000e+01 3.970099999999999909e+03
7.100000000000000000e+01 3.971700000000000273e+03
3.900000000000000000e+01 3.975099999999999909e+03
5.500000000000000000e+01 3.989050000000000182e+03
1.500000000000000000e+01 3.989800000000000182e+03
7.900000000000000000e+01 3.991400000000000091e+03
3.100000000000000000e+01 3.994550000000000182e+03
7.000000000000000000e+00 3.997349999999999909e+03
4.700000000000000000e+01 3.998450000000000273e+03
3.900000000000000000e+01 4.010500000000000000e+03
2.300000000000000000e+01 4.015650000000000091e+03
1.500000000000000000e+01 4.028750000000000000e+03
4.700000000000000000e+01 4.035550000000000182e+03
5.500000000000000000e+01 4.039500000000000000e+03
3.100000000000000000e+01 4.039750000000000000e+03
7.000000000000000000e+00 4.040050000000000182e+03
6.300000000000000000e+01 4.047900000000000091e+03
2.300000000000000000e+01 4.057700000000000273e+03
7.900000000000000000e+01 4.062849999999999909e+03
1.500000000000000000e+01 4.064599999999999909e+03
5.500000000000000000e+01 4.069150000000000091e+03
7.100000000000000000e+01 4.072349999999999909e+03
7.000000000000000000e+00 4.073250000000000000e+03
4.700000000000000000e+01 4.078300000000000182e+03
3.100000000000000000e+01 4.079650000000000091e+03
2.300000000000000000e+01 4.105100000000000364e+03
6.300000000000000000e+01 4.109750000000000000e+03
7.000000000000000000e+00 4.115100000000000364e+03
3.900000000000000000e+01 4.125899999999999636e+03
7.900000000000000000e+01 4.139600000000000364e+03
4.700000000000000000e+01 4.140300000000000182e+03
2.300000000000000000e+01 4.140699999999999818e+03
1.500000000000000000e+01 4.142100000000000364e+03
3.100000000000000000e+01 4.145800000000000182e+03
3.900000000000000000e+01 4.154100000000000364e+03
6.300000000000000000e+01 4.155600000000000364e+03
7.000000000000000000e+00 4.171649999999999636e+03
7.100000000000000000e+01 4.173600000000000364e+03
5.500000000000000000e+01 4.179050000000000182e+03
7.900000000000000000e+01 4.195300000000000182e+03
4.700000000000000000e+01 4.210100000000000364e+03
7.100000000000000000e+01 4.213449999999999818e+03
3.100000000000000000e+01 4.216100000000000364e+03
7.000000000000000000e+00 4.220300000000000182e+03
6.300000000000000000e+01 4.226300000000000182e+03
1.500000000000000000e+01 4.226699999999999818e+03
2.300000000000000000e+01 4.234800000000000182e+03
3.900000000000000000e+01 4.237850000000000364e+03
3.100000000000000000e+01 4.242649999999999636e+03
7.900000000000000000e+01 4.249649999999999636e+03
5.500000000000000000e+01 4.257199999999999818e+03
4.700000000000000000e+01 4.261050000000000182e+03
3.900000000000000000e+01 4.276399999999999636e+03
7.100000000000000000e+01 4.277449999999999818e+03
6.300000000000000000e+01 4.279199999999999818e+03
2.300000000000000000e+01 4.281449999999999818e+03
7.000000000000000000e+00 4.291300000000000182e+03
3.100000000000000000e+01 4.294649999999999636e+03
1.500000000000000000e+01 4.299600000000000364e+03
4.700000000000000000e+01 4.305850000000000364e+03
2.300000000000000000e+01 4.325899999999999636e+03
7.100000000000000000e+01 4.326949999999999818e+03
3.900000000000000000e+01 4.327600000000000364e+03
5.500000000000000000e+01 4.329699999999999818e+03
6.300000000000000000e+01 4.331149999999999636e+03
7.000000000000000000e+00 4.338399999999999636e+03
4.700000000000000000e+01 4.343250000000000000e+03
3.100000000000000000e+01 4.350149999999999636e+03
7.900000000000000000e+01 4.350300000000000182e+03
1.500000000000000000e+01 4.357199999999999818e+03
7.100000000000000000e+01 4.359000000000000000e+03
3.900000000000000000e+01 4.359899999999999636e+03
2.300000000000000000e+01 4.370800000000000182e+03
6.300000000000000000e+01 4.388800000000000182e+03
5.500000000000000000e+01 4.391250000000000000e+03
3.100000000000000000e+01 4.393949999999999818e+03
7.000000000000000000e+00 4.399850000000000364e+03
4.700000000000000000e+01 4.403449999999999818e+03
7.100000000000000000e+01 4.419150000000000546e+03
1.500000000000000000e+01 4.423300000000000182e+03
3.900000000000000000e+01 4.424050000000000182e+03
2.300000000000000000e+01 4.428750000000000000e+03
7.900000000000000000e+01 4.433000000000000000e+03
6.300000000000000000e+01 4.441300000000000182e+03
4.700000000000000000e+01 4.443600000000000364e+03
5.500000000000000000e+01 4.444050000000000182e+03
3.100000000000000000e+01 4.457400000000000546e+03
7.100000000000000000e+01 4.458199999999999818e+03
3.900000000000000000e+01 4.469699999999999818e+03
7.000000000000000000e+00 4.471449999999999818e+03
1.500000000000000000e+01 4.474750000000000000e+03
7.900000000000000000e+01 4.480000000000000000e+03
6.300000000000000000e+01 4.482600000000000364e+03
4.700000000000000000e+01 4.488800000000000182e+03
3.100000000000000000e+01 4.493100000000000364e+03
7.100000000000000000e+01 4.497650000000000546e+03
2.300000000000000000e+01 4.507350000000000364e+03
7.000000000000000000e+00 4.510150000000000546e+03
1.500000000000000000e+01 4.512400000000000546e+03
5.500000000000000000e+01 4.516400000000000546e+03
3.900000000000000000e+01 4.519750000000000000e+03
4.700000000000000000e+01 4.521900000000000546e+03
6.300000000000000000e+01 4.524550000000000182e+03
7.900000000000000000e+01 4.535449999999999818e+03
3.100000000000000000e+01 4.548300000000000182e+03
1.500000000000000000e+01 4.554949999999999818e+03
3.900000000000000000e+01 4.558900000000000546e+03
5.500000000000000000e+01 4.559949999999999818e+03
6.300000000000000000e+01 4.563550000000000182e+03
2.300000000000000000e+01 4.569250000000000000e+03
4.700000000000000000e+01 4.569449999999999818e+03
7.900000000000000000e+01 4.577150000000000546e+03
3.900000000000000000e+01 4.583400000000000546e+03
7.000000000000000000e+00 4.584400000000000546e+03
6.300000000000000000e+01 4.591400000000000546e+03
3.100000000000000000e+01 4.594500000000000000e+03
1.500000000000000000e+01 4.596500000000000000e+03
4.700000000000000000e+01 4.610650000000000546e+03
3.100000000000000000e+01 4.617400000000000546e+03
5.500000000000000000e+01 4.618449999999999818e+03
7.100000000000000000e+01 4.618449999999999818e+03
1.500000000000000000e+01 4.625300000000000182e+03
7.900000000000000000e+01 4.628250000000000000e+03
2.300000000000000000e+01 4.631750000000000000e+03
7.000000000000000000e+00 4.638000000000000000e+03
6.300000000000000000e+01 4.639199999999999818e+03
3.900000000000000000e+01 4.639699999999999818e+03
4.700000000000000000e+01 4.640150000000000546e+03
3.100000000000000000e+01 4.652050000000000182e+03
5.500000000000000000e+01 4.655300000000000182e+03
7.100000000000000000e+01 4.666650000000000546e+03
1.500000000000000000e+01 4.668250000000000000e+03
7.900000000000000000e+01 4.669449999999999818e+03
3.900000000000000000e+01 4.671750000000000000e+03
2.300000000000000000e+01 4.679949999999999818e+03
5.500000000000000000e+01 4.680400000000000546e+03
6.300000000000000000e+01 4.692850000000000364e+03
3.100000000000000000e+01 4.693900000000000546e+03
3.900000000000000000e+01 4.705250000000000000e+03
4.700000000000000000e+01 4.705800000000000182e+03
7.100000000000000000e+01 4.706600000000000364e+03
5.500000000000000000e+01 4.707050000000000182e+03
7.000000000000000000e+00 4.711050000000000182e+03
1.500000000000000000e+01 4.712150000000000546e+03
7.900000000000000000e+01 4.726650000000000546e+03
5.500000000000000000e+01 4.733699999999999818e+03
4.700000000000000000e+01 4.743449999999999818e+03
3.100000000000000000e+01 4.744699999999999818e+03
7.000000000000000000e+00 4.750550000000000182e+03
1.500000000000000000e+01 4.755400000000000546e+03
6.300000000000000000e+01 4.759300000000000182e+03
7.900000000000000000e+01 4.763900000000000546e+03
4.700000000000000000e+01 4.770100000000000364e+03
5.500000000000000000e+01 4.775000000000000000e+03
3.900000000000000000e+01 4.783000000000000000e+03
3.100000000000000000e+01 4.793949999999999818e+03
7.000000000000000000e+00 4.795600000000000364e+03
6.300000000000000000e+01 4.795650000000000546e+03
5.500000000000000000e+01 4.801500000000000000e+03
4.700000000000000000e+01 4.810750000000000000e+03
2.300000000000000000e+01 4.811050000000000182e+03
1.500000000000000000e+01 4.816650000000000546e+03
3.900000000000000000e+01 4.822949999999999818e+03
7.900000000000000000e+01 4.832500000000000000e+03
3.100000000000000000e+01 4.835050000000000182e+03
5.500000000000000000e+01 4.836600000000000364e+03
7.100000000000000000e+01 4.839600000000000364e+03
4.700000000000000000e+01 4.841350000000000364e+03
1.500000000000000000e+01 4.842550000000000182e+03
2.300000000000000000e+01 4.855199999999999818e+03
3.100000000000000000e+01 4.869800000000000182e+03
7.000000000000000000e+00 4.874050000000000182e+03
7.100000000000000000e+01 4.874449999999999818e+03
5.500000000000000000e+01 4.875000000000000000e+03
7.900000000000000000e+01 4.885000000000000000e+03
6.300000000000000000e+01 4.886199999999999818e+03
1.500000000000000000e+01 4.888449999999999818e+03
4.700000000000000000e+01 4.892600000000000364e+03
3.100000000000000000e+01 4.898100000000000364e+03
3.900000000000000000e+01 4.902550000000000182e+03
2.300000000000000000e+01 4.903300000000000182e+03
7.100000000000000000e+01 4.914250000000000000e+03
7.000000000000000000e+00 4.915250000000000000e+03
7.900000000000000000e+01 4.921500000000000000e+03
5.500000000000000000e+01 4.926050000000000182e+03
6.300000000000000000e+01 4.926250000000000000e+03
4.700000000000000000e+01 4.928900000000000546e+03
3.900000000000000000e+01 4.933800000000000182e+03
1.500000000000000000e+01 4.935250000000000000e+03
2.300000000000000000e+01 4.943949999999999818e+03
7.100000000000000000e+01 4.954600000000000364e+03
3.100000000000000000e+01 4.957750000000000000e+03
7.000000000000000000e+00 4.964300000000000182e+03
7.900000000000000000e+01 4.964900000000000546e+03
4.700000000000000000e+01 4.969400000000000546e+03
1.500000000000000000e+01 4.972699999999999818e+03
6.300000000000000000e+01 4.980100000000000364e+03
2.300000000000000000e+01 4.980400000000000546e+03
5.500000000000000000e+01 4.981050000000000182e+03
7.100000000000000000e+01 4.987199999999999818e+03
3.900000000000000000e+01 4.996949999999999818e+03
3.100000000000000000e+01 4.999650000000000546e+03
4.700000000000000000e+01 5.002199999999999818e+03
7.000000000000000000e+00 5.006800000000000182e+03
2.300000000000000000e+01 5.013350000000000364e+03
1.500000000000000000e+01 5.017500000000000000e+03
7.100000000000000000e+01 5.024500000000000000e+03
3.900000000000000000e+01 5.025199999999999818e+03
7.900000000000000000e+01 5.028500000000000000e+03
5.500000000000000000e+01 5.036900000000000546e+03
3.100000000000000000e+01 5.039500000000000000e+03
4.700000000000000000e+01 5.042750000000000000e+03
7.000000000000000000e+00 5.044500000000000000e+03
2.300000000000000000e+01 5.049699999999999818e+03
7.100000000000000000e+01 5.053500000000000000e+03
7.900000000000000000e+01 5.060000000000000000e+03
6.300000000000000000e+01 5.063050000000000182e+03
3.900000000000000000e+01 5.066199999999999818e+03
3.100000000000000000e+01 5.070250000000000000e+03
7.000000000000000000e+00 5.076750000000000000e+03
5.500000000000000000e+01 5.083650000000000546e+03
4.700000000000000000e+01 5.084650000000000546e+03
1.500000000000000000e+01 5.088250000000000000e+03
6.300000000000000000e+01 5.089300000000000182e+03
3.100000000000000000e+01 5.102199999999999818e+03
3.900000000000000000e+01 5.104600000000000364e+03
7.000000000000000000e+00 5.108100000000000364e+03
2.300000000000000000e+01 5.108350000000000364e+03
7.900000000000000000e+01 5.114550000000000182e+03
5.500000000000000000e+01 5.123600000000000364e+03
7.100000000000000000e+01 5.124050000000000182e+03
1.500000000000000000e+01 5.133449999999999818e+03
6.300000000000000000e+01 5.135250000000000000e+03
3.900000000000000000e+01 5.148750000000000000e+03
7.000000000000000000e+00 5.150150000000000546e+03
4.700000000000000000e+01 5.150800000000000182e+03
3.100000000000000000e+01 5.151250000000000000e+03
5.500000000000000000e+01 5.156750000000000000e+03
7.900000000000000000e+01 5.157199999999999818e+03
2.300000000000000000e+01 5.159699999999999818e+03
7.100000000000000000e+01 5.166949999999999818e+03
1.500000000000000000e+01 5.173500000000000000e+03
6.300000000000000000e+01 5.174150000000000546e+03
4.700000000000000000e+01 5.176800000000000182e+03
3.900000000000000000e+01 5.179600000000000364e+03
7.000000000000000000e+00 5.187550000000000182e+03
5.500000000000000000e+01 5.201699999999999818e+03
3.100000000000000000e+01 5.202500000000000000e+03
2.300000000000000000e+01 5.203250000000000000e+03
1.500000000000000000e+01 5.204550000000000182e+03
7.900000000000000000e+01 5.204900000000000546e+03
3.900000000000000000e+01 5.206150000000000546e+03
4.700000000000000000e+01 5.207050000000000182e+03
7.100000000000000000e+01 5.209699999999999818e+03
6.300000000000000000e+01 5.212250000000000000e+03
7.000000000000000000e+00 5.224350000000000364e+03
2.300000000000000000e+01 5.229150000000000546e+03
7.900000000000000000e+01 5.236449999999999818e+03
3.900000000000000000e+01 5.237100000000000364e+03
7.100000000000000000e+01 5.240650000000000546e+03
5.500000000000000000e+01 5.255550000000000182e+03
4.700000000000000000e+01 5.256900000000000546e+03
1.500000000000000000e+01 5.260800000000000182e+03
7.000000000000000000e+00 5.263350000000000364e+03
2.300000000000000000e+01 5.265150000000000546e+03
3.900000000000000000e+01 5.266449999999999818e+03
3.100000000000000000e+01 5.267000000000000000e+03
7.900000000000000000e+01 5.278750000000000000e+03
6.300000000000000000e+01 5.283150000000000546e+03
7.100000000000000000e+01 5.283900000000000546e+03
4.700000000000000000e+01 5.287550000000000182e+03
5.500000000000000000e+01 5.288800000000000182e+03
1.500000000000000000e+01 5.291600000000000364e+03
3.100000000000000000e+01 5.305199999999999818e+03
7.900000000000000000e+01 5.305400000000000546e+03
3.900000000000000000e+01 5.306250000000000000e+03
7.000000000000000000e+00 5.309100000000000364e+03
2.300000000000000000e+01 5.311699999999999818e+03
7.100000000000000000e+01 5.317650000000000546e+03
4.700000000000000000e+01 5.327300000000000182e+03
1.500000000000000000e+01 5.328550000000000182e+03
5.500000000000000000e+01 5.330449999999999818e+03
3.100000000000000000e+01 5.337000000000000000e+03
3.900000000000000000e+01 5.337750000000000000e+03
2.300000000000000000e+01 5.343850000000000364e+03
7.000000000000000000e+00 5.346850000000000364e+03
7.900000000000000000e+01 5.346949999999999818e+03
6.300000000000000000e+01 5.348000000000000000e+03
4.700000000000000000e+01 5.360400000000000546e+03
5.500000000000000000e+01 5.362350000000000364e+03
2.300000000000000000e+01 5.370550000000000182e+03
3.900000000000000000e+01 5.374350000000000364e+03
1.500000000000000000e+01 5.375199999999999818e+03
6.300000000000000000e+01 5.377000000000000000e+03
7.000000000000000000e+00 5.378699999999999818e+03
7.100000000000000000e+01 5.378900000000000546e+03
3.100000000000000000e+01 5.382750000000000000e+03
7.900000000000000000e+01 5.382900000000000546e+03
4.700000000000000000e+01 5.394100000000000364e+03
5.500000000000000000e+01 5.399300000000000182e+03
7.000000000000000000e+00 5.405800000000000182e+03
3.900000000000000000e+01 5.405750000000000000e+03
2.300000000000000000e+01 5.406699999999999818e+03
1.500000000000000000e+01 5.409949999999999818e+03
7.900000000000000000e+01 5.411050000000000182e+03
6.300000000000000000e+01 5.412150000000000546e+03
7.100000000000000000e+01 5.425500000000000000e+03
3.100000000000000000e+01 5.433550000000000182e+03
4.700000000000000000e+01 5.438900000000000546e+03
7.900000000000000000e+01 5.439350000000000364e+03
6.300000000000000000e+01 5.441400000000000546e+03
1.500000000000000000e+01 5.441699999999999818e+03
5.500000000000000000e+01 5.442350000000000364e+03
3.900000000000000000e+01 5.456900000000000546e+03
2.300000000000000000e+01 5.457500000000000000e+03
7.000000000000000000e+00 5.458750000000000000e+03
4.700000000000000000e+01 5.472800000000000182e+03
3.100000000000000000e+01 5.477650000000000546e+03
5.500000000000000000e+01 5.477800000000000182e+03
1.500000000000000000e+01 5.478400000000000546e+03
6.300000000000000000e+01 5.479500000000000000e+03
7.900000000000000000e+01 5.479699999999999818e+03
3.900000000000000000e+01 5.483400000000000546e+03
7.100000000000000000e+01 5.485750000000000000e+03
2.300000000000000000e+01 5.504600000000000364e+03
3.900000000000000000e+01 5.508900000000000546e+03
7.100000000000000000e+01 5.510699999999999818e+03
1.500000000000000000e+01 5.521150000000000546e+03
6.300000000000000000e+01 5.521600000000000364e+03
4.700000000000000000e+01 5.522000000000000000e+03
3.100000000000000000e+01 5.524900000000000546e+03
7.900000000000000000e+01 5.526500000000000000e+03
7.000000000000000000e+00 5.529949999999999818e+03
5.500000000000000000e+01 5.531650000000000546e+03
2.300000000000000000e+01 5.533500000000000000e+03
7.100000000000000000e+01 5.545150000000000546e+03
7.000000000000000000e+00 5.555750000000000000e+03
7.900000000000000000e+01 5.558850000000000364e+03
3.100000000000000000e+01 5.560050000000000182e+03
1.500000000000000000e+01 5.560650000000000546e+03
6.300000000000000000e+01 5.560850000000000364e+03
4.700000000000000000e+01 5.565449999999999818e+03
2.300000000000000000e+01 5.571699999999999818e+03
7.100000000000000000e+01 5.581500000000000000e+03
5.500000000000000000e+01 5.582199999999999818e+03
3.900000000000000000e+01 5.589850000000000364e+03
6.300000000000000000e+01 5.600250000000000000e+03
7.900000000000000000e+01 5.601550000000000182e+03
4.700000000000000000e+01 5.604150000000000546e+03
7.000000000000000000e+00 5.606100000000000364e+03
5.500000000000000000e+01 5.608050000000000182e+03
3.100000000000000000e+01 5.608449999999999818e+03
2.300000000000000000e+01 5.613500000000000000e+03
1.500000000000000000e+01 5.615199999999999818e+03
7.100000000000000000e+01 5.622400000000000546e+03
3.900000000000000000e+01 5.634150000000000546e+03
5.500000000000000000e+01 5.637800000000000182e+03
3.100000000000000000e+01 5.643150000000000546e+03
4.700000000000000000e+01 5.644350000000000364e+03
2.300000000000000000e+01 5.649100000000000364e+03
1.500000000000000000e+01 5.651949999999999818e+03
7.000000000000000000e+00 5.654949999999999818e+03
7.900000000000000000e+01 5.659250000000000000e+03
7.100000000000000000e+01 5.664850000000000364e+03
3.900000000000000000e+01 5.666199999999999818e+03
5.500000000000000000e+01 5.667900000000000546e+03
6.300000000000000000e+01 5.673500000000000000e+03
4.700000000000000000e+01 5.675250000000000000e+03
2.300000000000000000e+01 5.677949999999999818e+03
3.100000000000000000e+01 5.679050000000000182e+03
1.500000000000000000e+01 5.682650000000000546e+03
7.900000000000000000e+01 5.698400000000000546e+03
4.700000000000000000e+01 5.699699999999999818e+03
5.500000000000000000e+01 5.705650000000000546e+03
2.300000000000000000e+01 5.708550000000000182e+03
7.000000000000000000e+00 5.708850000000000364e+03
7.100000000000000000e+01 5.709100000000000364e+03
3.900000000000000000e+01 5.709949999999999818e+03
6.300000000000000000e+01 5.712400000000000546e+03
7.900000000000000000e+01 5.725850000000000364e+03
4.700000000000000000e+01 5.731500000000000000e+03
3.100000000000000000e+01 5.731800000000000182e+03
7.100000000000000000e+01 5.736550000000000182e+03
5.500000000000000000e+01 5.740949999999999818e+03
1.500000000000000000e+01 5.743300000000000182e+03
6.300000000000000000e+01 5.745000000000000000e+03
2.300000000000000000e+01 5.751550000000000182e+03
7.000000000000000000e+00 5.757050000000000182e+03
3.100000000000000000e+01 5.757900000000000546e+03
3.900000000000000000e+01 5.758350000000000364e+03
7.100000000000000000e+01 5.761500000000000000e+03
4.700000000000000000e+01 5.768100000000000364e+03
6.300000000000000000e+01 5.774400000000000546e+03
7.900000000000000000e+01 5.775850000000000364e+03
1.500000000000000000e+01 5.777400000000000546e+03
5.500000000000000000e+01 5.779600000000000364e+03
2.300000000000000000e+01 5.786199999999999818e+03
3.900000000000000000e+01 5.790600000000000364e+03
3.100000000000000000e+01 5.790949999999999818e+03
7.000000000000000000e+00 5.792850000000000364e+03
7.100000000000000000e+01 5.793699999999999818e+03
4.700000000000000000e+01 5.802300000000000182e+03
7.900000000000000000e+01 5.806199999999999818e+03
1.500000000000000000e+01 5.806800000000000182e+03
5.500000000000000000e+01 5.813250000000000000e+03
6.300000000000000000e+01 5.817350000000000364e+03
3.900000000000000000e+01 5.819600000000000364e+03
2.300000000000000000e+01 5.832650000000000546e+03
3.100000000000000000e+01 5.834199999999999818e+03
7.100000000000000000e+01 5.844699999999999818e+03
7.900000000000000000e+01 5.845150000000000546e+03
1.500000000000000000e+01 5.845650000000000546e+03
7.000000000000000000e+00 5.847699999999999818e+03
4.700000000000000000e+01 5.852300000000000182e+03
3.900000000000000000e+01 5.860250000000000000e+03
6.300000000000000000e+01 5.860400000000000546e+03
5.500000000000000000e+01 5.863800000000000182e+03
1.500000000000000000e+01 5.869650000000000546e+03
2.300000000000000000e+01 5.871900000000000546e+03
7.900000000000000000e+01 5.874100000000000364e+03
3.100000000000000000e+01 5.881150000000000546e+03
7.000000000000000000e+00 5.882650000000000546e+03
4.700000000000000000e+01 5.885000000000000000e+03
7.100000000000000000e+01 5.889550000000000182e+03
3.900000000000000000e+01 5.895900000000000546e+03
6.300000000000000000e+01 5.902850000000000364e+03
7.900000000000000000e+01 5.903000000000000000e+03
5.500000000000000000e+01 5.903100000000000364e+03
2.300000000000000000e+01 5.912699999999999818e+03
7.000000000000000000e+00 5.915100000000000364e+03
4.700000000000000000e+01 5.916449999999999818e+03
1.500000000000000000e+01 5.916650000000000546e+03
7.100000000000000000e+01 5.920350000000000364e+03
3.100000000000000000e+01 5.924199999999999818e+03
7.900000000000000000e+01 5.928199999999999818e+03
6.300000000000000000e+01 5.934400000000000546e+03
3.900000000000000000e+01 5.935800000000000182e+03
4.700000000000000000e+01 5.951800000000000182e+03
2.300000000000000000e+01 5.955100000000000364e+03
1.500000000000000000e+01 5.956050000000000182e+03
7.000000000000000000e+00 5.956500000000000000e+03
3.100000000000000000e+01 5.957949999999999818e+03
5.500000000000000000e+01 5.960150000000000546e+03
7.100000000000000000e+01 5.961550000000000182e+03
7.900000000000000000e+01 5.962250000000000000e+03
3.900000000000000000e+01 5.963550000000000182e+03
6.300000000000000000e+01 5.965300000000000182e+03
5.500000000000000000e+01 5.990900000000000546e+03
1.500000000000000000e+01 5.994900000000000546e+03
4.700000000000000000e+01 5.996199999999999818e+03
7.000000000000000000e+00 5.996400000000000546e+03
2.300000000000000000e+01 5.998300000000000182e+03
7.100000000000000000e+01 6.002400000000000546e+03
3.100000000000000000e+01 6.420100000000000364e+03
5.500000000000000000e+01 6.610550000000000182e+03
6.300000000000000000e+01 6.617400000000000546e+03
7.100000000000000000e+01 6.661900000000000546e+03
7.000000000000000000e+00 6.866850000000000364e+03
3.900000000000000000e+01 7.080900000000000546e+03
1.500000000000000000e+01 7.236650000000000546e+03
2.300000000000000000e+01 7.239350000000000364e+03
4.700000000000000000e+01 7.293150000000000546e+03
3.100000000000000000e+01 7.373750000000000000e+03
7.000000000000000000e+00 7.390050000000000182e+03
3.100000000000000000e+01 7.533199999999999818e+03
7.100000000000000000e+01 7.563600000000000364e+03
7.100000000000000000e+01 7.776550000000000182e+03
4.700000000000000000e+01 7.851050000000000182e+03
2.300000000000000000e+01 7.975150000000000546e+03
4.700000000000000000e+01 8.728000000000000000e+03
7.100000000000000000e+01 8.828050000000001091e+03
5.500000000000000000e+01 8.981350000000000364e+03
