1.520000000000000000e+02 1.413000000000000114e+02
3.840000000000000000e+02 1.603499999999999943e+02
3.040000000000000000e+02 2.681000000000000227e+02
2.720000000000000000e+02 3.808000000000000114e+02
2.400000000000000000e+01 3.914000000000000341e+02
4.000000000000000000e+01 5.452999999999999545e+02
1.680000000000000000e+02 5.598999999999999773e+02
7.200000000000000000e+01 6.603999999999999773e+02
2.240000000000000000e+02 6.610500000000000682e+02
3.200000000000000000e+01 9.540000000000000000e+02
1.120000000000000000e+02 1.092099999999999909e+03
4.000000000000000000e+01 1.121950000000000045e+03
3.520000000000000000e+02 1.130350000000000136e+03
4.000000000000000000e+02 1.130700000000000045e+03
2.640000000000000000e+02 1.178400000000000091e+03
3.040000000000000000e+02 1.194200000000000045e+03
3.440000000000000000e+02 1.224250000000000000e+03
3.280000000000000000e+02 1.361799999999999955e+03
8.800000000000000000e+01 1.392200000000000045e+03
9.600000000000000000e+01 1.399700000000000045e+03
1.200000000000000000e+02 1.556400000000000091e+03
1.360000000000000000e+02 1.564299999999999955e+03
1.680000000000000000e+02 1.738650000000000091e+03
1.920000000000000000e+02 1.824250000000000000e+03
1.040000000000000000e+02 1.835000000000000000e+03
1.840000000000000000e+02 1.924200000000000045e+03
2.560000000000000000e+02 1.998750000000000000e+03
1.600000000000000000e+02 2.090349999999999909e+03
3.440000000000000000e+02 2.112300000000000182e+03
3.200000000000000000e+01 2.238950000000000273e+03
4.800000000000000000e+01 2.245400000000000091e+03
3.200000000000000000e+01 2.353150000000000091e+03
2.640000000000000000e+02 2.394550000000000182e+03
1.920000000000000000e+02 2.414400000000000091e+03
2.160000000000000000e+02 2.712349999999999909e+03
3.600000000000000000e+02 2.827500000000000000e+03
2.320000000000000000e+02 2.836300000000000182e+03
1.280000000000000000e+02 2.836400000000000091e+03
1.120000000000000000e+02 2.908099999999999909e+03
2.080000000000000000e+02 3.053849999999999909e+03
3.680000000000000000e+02 3.075550000000000182e+03
5.600000000000000000e+01 3.383099999999999909e+03
1.280000000000000000e+02 3.437250000000000000e+03
1.120000000000000000e+02 3.517750000000000000e+03
3.920000000000000000e+02 3.573650000000000091e+03
1.440000000000000000e+02 3.866750000000000000e+03
8.000000000000000000e+01 3.925700000000000273e+03
1.280000000000000000e+02 3.943349999999999909e+03
2.160000000000000000e+02 4.064599999999999909e+03
2.640000000000000000e+02 4.102500000000000000e+03
1.120000000000000000e+02 4.243699999999999818e+03
2.800000000000000000e+02 4.345000000000000000e+03
2.240000000000000000e+02 4.371300000000000182e+03
4.000000000000000000e+01 4.382650000000000546e+03
6.400000000000000000e+01 4.394050000000000182e+03
8.800000000000000000e+01 4.698150000000000546e+03
3.680000000000000000e+02 4.712250000000000000e+03
2.080000000000000000e+02 4.768050000000000182e+03
1.600000000000000000e+01 4.849600000000000364e+03
1.360000000000000000e+02 4.954500000000000000e+03
2.160000000000000000e+02 5.088150000000000546e+03
2.160000000000000000e+02 5.165650000000000546e+03
3.760000000000000000e+02 5.389900000000000546e+03
1.040000000000000000e+02 5.413650000000000546e+03
2.400000000000000000e+01 5.446449999999999818e+03
2.480000000000000000e+02 5.447050000000000182e+03
3.680000000000000000e+02 5.523750000000000000e+03
3.760000000000000000e+02 5.551800000000000182e+03
2.480000000000000000e+02 5.551900000000000546e+03
8.000000000000000000e+00 5.558650000000000546e+03
2.400000000000000000e+02 5.586400000000000546e+03
3.520000000000000000e+02 5.612250000000000000e+03
9.600000000000000000e+01 5.657100000000000364e+03
2.000000000000000000e+02 5.682300000000000182e+03
1.440000000000000000e+02 5.703050000000000182e+03
1.600000000000000000e+02 5.727500000000000000e+03
1.360000000000000000e+02 5.729000000000000000e+03
2.560000000000000000e+02 5.737900000000000546e+03
2.880000000000000000e+02 5.759650000000000546e+03
2.800000000000000000e+02 5.770600000000000364e+03
8.000000000000000000e+00 5.878699999999999818e+03
2.960000000000000000e+02 5.916300000000000182e+03
2.320000000000000000e+02 6.097900000000000546e+03
8.000000000000000000e+00 6.131850000000000364e+03
1.760000000000000000e+02 6.192949999999999818e+03
2.400000000000000000e+01 6.309600000000000364e+03
3.840000000000000000e+02 6.317350000000000364e+03
1.600000000000000000e+02 6.352600000000000364e+03
8.000000000000000000e+00 6.380949999999999818e+03
3.600000000000000000e+02 6.426350000000000364e+03
2.320000000000000000e+02 6.634250000000000000e+03
4.800000000000000000e+01 6.639050000000000182e+03
5.600000000000000000e+01 6.804850000000000364e+03
6.400000000000000000e+01 6.828750000000000000e+03
1.120000000000000000e+02 6.836900000000000546e+03
3.920000000000000000e+02 6.909250000000000000e+03
1.120000000000000000e+02 6.966449999999999818e+03
1.760000000000000000e+02 6.987550000000000182e+03
3.200000000000000000e+01 7.237100000000000364e+03
3.360000000000000000e+02 7.292199999999999818e+03
2.400000000000000000e+01 7.560550000000000182e+03
2.320000000000000000e+02 7.598449999999999818e+03
1.600000000000000000e+02 7.636350000000000364e+03
8.000000000000000000e+00 7.665500000000000000e+03
1.360000000000000000e+02 7.715800000000000182e+03
3.760000000000000000e+02 7.823600000000000364e+03
1.040000000000000000e+02 7.886449999999999818e+03
1.200000000000000000e+02 7.953000000000000000e+03
4.800000000000000000e+01 8.136600000000000364e+03
2.560000000000000000e+02 8.285750000000000000e+03
3.520000000000000000e+02 8.365899999999999636e+03
5.600000000000000000e+01 8.379700000000000728e+03
3.120000000000000000e+02 8.497600000000000364e+03
2.400000000000000000e+02 8.639000000000000000e+03
1.040000000000000000e+02 8.771350000000000364e+03
3.040000000000000000e+02 8.772950000000000728e+03
1.600000000000000000e+01 8.974000000000000000e+03
2.160000000000000000e+02 9.081850000000000364e+03
4.000000000000000000e+02 9.087899999999999636e+03
2.160000000000000000e+02 9.137149999999999636e+03
1.360000000000000000e+02 9.183050000000001091e+03
6.400000000000000000e+01 9.290450000000000728e+03
1.680000000000000000e+02 9.295800000000001091e+03
2.400000000000000000e+01 9.322850000000000364e+03
1.600000000000000000e+01 9.328550000000001091e+03
1.600000000000000000e+01 9.490550000000001091e+03
2.400000000000000000e+01 9.620500000000000000e+03
1.440000000000000000e+02 9.637800000000001091e+03
4.800000000000000000e+01 9.695750000000000000e+03
2.640000000000000000e+02 9.698000000000000000e+03
6.400000000000000000e+01 9.778750000000000000e+03
1.760000000000000000e+02 9.787350000000000364e+03
2.400000000000000000e+01 9.828600000000000364e+03
3.760000000000000000e+02 9.858399999999999636e+03
2.480000000000000000e+02 1.015600000000000000e+04
2.240000000000000000e+02 1.025650000000000000e+04
1.440000000000000000e+02 1.033270000000000073e+04
8.000000000000000000e+01 1.040105000000000109e+04
3.840000000000000000e+02 1.043385000000000036e+04
2.880000000000000000e+02 1.050455000000000109e+04
2.560000000000000000e+02 1.059060000000000036e+04
2.160000000000000000e+02 1.062314999999999964e+04
3.040000000000000000e+02 1.078189999999999964e+04
2.880000000000000000e+02 1.087210000000000036e+04
3.440000000000000000e+02 1.088839999999999964e+04
3.280000000000000000e+02 1.099925000000000000e+04
3.200000000000000000e+02 1.101925000000000000e+04
1.680000000000000000e+02 1.111700000000000000e+04
3.360000000000000000e+02 1.117480000000000109e+04
7.200000000000000000e+01 1.143020000000000073e+04
4.000000000000000000e+02 1.143655000000000109e+04
3.280000000000000000e+02 1.145739999999999964e+04
3.200000000000000000e+01 1.150910000000000036e+04
6.400000000000000000e+01 1.156955000000000109e+04
2.080000000000000000e+02 1.185139999999999964e+04
1.040000000000000000e+02 1.191755000000000109e+04
5.600000000000000000e+01 1.193355000000000109e+04
1.520000000000000000e+02 1.199545000000000073e+04
1.600000000000000000e+01 1.202720000000000073e+04
8.000000000000000000e+00 1.227760000000000036e+04
1.520000000000000000e+02 1.229975000000000000e+04
3.600000000000000000e+02 1.231560000000000036e+04
4.000000000000000000e+02 1.264750000000000000e+04
3.200000000000000000e+01 1.273175000000000000e+04
3.920000000000000000e+02 1.277405000000000109e+04
3.760000000000000000e+02 1.281550000000000000e+04
1.280000000000000000e+02 1.286010000000000036e+04
1.760000000000000000e+02 1.288120000000000073e+04
1.440000000000000000e+02 1.289875000000000000e+04
1.040000000000000000e+02 1.292314999999999964e+04
2.720000000000000000e+02 1.298130000000000109e+04
3.040000000000000000e+02 1.303314999999999964e+04
2.400000000000000000e+01 1.311425000000000000e+04
2.160000000000000000e+02 1.313789999999999964e+04
2.240000000000000000e+02 1.321380000000000109e+04
3.680000000000000000e+02 1.352270000000000073e+04
3.200000000000000000e+02 1.363175000000000000e+04
2.560000000000000000e+02 1.371700000000000000e+04
5.600000000000000000e+01 1.371725000000000000e+04
1.600000000000000000e+02 1.383155000000000109e+04
3.600000000000000000e+02 1.387575000000000000e+04
1.600000000000000000e+02 1.411150000000000000e+04
3.040000000000000000e+02 1.444755000000000109e+04
5.600000000000000000e+01 1.453655000000000109e+04
2.240000000000000000e+02 1.455995000000000073e+04
2.080000000000000000e+02 1.470880000000000109e+04
6.400000000000000000e+01 1.480830000000000109e+04
2.400000000000000000e+01 1.484905000000000109e+04
3.600000000000000000e+02 1.491680000000000109e+04
2.960000000000000000e+02 1.501239999999999964e+04
2.320000000000000000e+02 1.507380000000000109e+04
2.880000000000000000e+02 1.508814999999999964e+04
1.120000000000000000e+02 1.532339999999999964e+04
2.160000000000000000e+02 1.545589999999999964e+04
2.240000000000000000e+02 1.565064999999999964e+04
1.280000000000000000e+02 1.566310000000000036e+04
6.400000000000000000e+01 1.568600000000000000e+04
3.600000000000000000e+02 1.591720000000000073e+04
1.680000000000000000e+02 1.604270000000000073e+04
1.920000000000000000e+02 1.612185000000000036e+04
2.880000000000000000e+02 1.629625000000000000e+04
8.000000000000000000e+00 1.638135000000000036e+04
2.160000000000000000e+02 1.645845000000000073e+04
7.200000000000000000e+01 1.647554999999999927e+04
1.840000000000000000e+02 1.649190000000000146e+04
4.000000000000000000e+02 1.649904999999999927e+04
2.240000000000000000e+02 1.654525000000000000e+04
3.200000000000000000e+01 1.658295000000000073e+04
3.680000000000000000e+02 1.660245000000000073e+04
2.880000000000000000e+02 1.665540000000000146e+04
7.200000000000000000e+01 1.671425000000000000e+04
3.120000000000000000e+02 1.684025000000000000e+04
3.280000000000000000e+02 1.691850000000000000e+04
9.600000000000000000e+01 1.700825000000000000e+04
4.000000000000000000e+01 1.702490000000000146e+04
3.680000000000000000e+02 1.708804999999999927e+04
1.440000000000000000e+02 1.730784999999999854e+04
4.000000000000000000e+02 1.735220000000000073e+04
3.760000000000000000e+02 1.737334999999999854e+04
3.200000000000000000e+02 1.764695000000000073e+04
8.000000000000000000e+00 1.782554999999999927e+04
3.520000000000000000e+02 1.790045000000000073e+04
5.600000000000000000e+01 1.793845000000000073e+04
1.760000000000000000e+02 1.795404999999999927e+04
2.720000000000000000e+02 1.796395000000000073e+04
3.040000000000000000e+02 1.820285000000000218e+04
4.800000000000000000e+01 1.822365000000000146e+04
8.000000000000000000e+01 1.823895000000000073e+04
3.680000000000000000e+02 1.823900000000000000e+04
8.000000000000000000e+00 1.836960000000000218e+04
6.400000000000000000e+01 1.838110000000000218e+04
2.320000000000000000e+02 1.859965000000000146e+04
1.600000000000000000e+01 1.874260000000000218e+04
3.360000000000000000e+02 1.874965000000000146e+04
3.280000000000000000e+02 1.875615000000000146e+04
4.000000000000000000e+02 1.876679999999999927e+04
2.720000000000000000e+02 1.877150000000000000e+04
1.600000000000000000e+01 1.886045000000000073e+04
2.720000000000000000e+02 1.895665000000000146e+04
2.400000000000000000e+02 1.898015000000000146e+04
4.000000000000000000e+02 1.900690000000000146e+04
1.360000000000000000e+02 1.920685000000000218e+04
2.960000000000000000e+02 1.928190000000000146e+04
1.280000000000000000e+02 1.938654999999999927e+04
1.600000000000000000e+01 1.941954999999999927e+04
3.760000000000000000e+02 1.943920000000000073e+04
4.800000000000000000e+01 1.956315000000000146e+04
3.760000000000000000e+02 1.958560000000000218e+04
2.400000000000000000e+01 1.966295000000000073e+04
3.120000000000000000e+02 1.980535000000000218e+04
3.200000000000000000e+01 1.993379999999999927e+04
1.520000000000000000e+02 1.994529999999999927e+04
3.600000000000000000e+02 2.008010000000000218e+04
1.040000000000000000e+02 2.014500000000000000e+04
3.200000000000000000e+01 2.021250000000000000e+04
3.840000000000000000e+02 2.022829999999999927e+04
2.400000000000000000e+02 2.036010000000000218e+04
3.280000000000000000e+02 2.057660000000000218e+04
5.600000000000000000e+01 2.065895000000000073e+04
1.680000000000000000e+02 2.067550000000000000e+04
1.600000000000000000e+01 2.070395000000000073e+04
2.160000000000000000e+02 2.072675000000000000e+04
2.800000000000000000e+02 2.075390000000000146e+04
1.920000000000000000e+02 2.082190000000000146e+04
4.800000000000000000e+01 2.083285000000000218e+04
4.000000000000000000e+02 2.085440000000000146e+04
3.200000000000000000e+02 2.100915000000000146e+04
8.800000000000000000e+01 2.101940000000000146e+04
3.280000000000000000e+02 2.104429999999999927e+04
3.920000000000000000e+02 2.113115000000000146e+04
4.000000000000000000e+01 2.119854999999999927e+04
1.040000000000000000e+02 2.143590000000000146e+04
3.760000000000000000e+02 2.161350000000000000e+04
2.800000000000000000e+02 2.185600000000000000e+04
2.000000000000000000e+02 2.191120000000000073e+04
8.000000000000000000e+01 2.197845000000000073e+04
1.520000000000000000e+02 2.204445000000000073e+04
1.680000000000000000e+02 2.210645000000000073e+04
4.000000000000000000e+02 2.215890000000000146e+04
2.960000000000000000e+02 2.229470000000000073e+04
7.200000000000000000e+01 2.230025000000000000e+04
2.320000000000000000e+02 2.260375000000000000e+04
2.480000000000000000e+02 2.290715000000000146e+04
3.440000000000000000e+02 2.296200000000000000e+04
7.200000000000000000e+01 2.296600000000000000e+04
3.760000000000000000e+02 2.309090000000000146e+04
2.960000000000000000e+02 2.312460000000000218e+04
1.520000000000000000e+02 2.322470000000000073e+04
2.480000000000000000e+02 2.330245000000000073e+04
3.040000000000000000e+02 2.346320000000000073e+04
3.200000000000000000e+02 2.347104999999999927e+04
3.920000000000000000e+02 2.350595000000000073e+04
2.320000000000000000e+02 2.353275000000000000e+04
3.680000000000000000e+02 2.356775000000000000e+04
3.040000000000000000e+02 2.363540000000000146e+04
2.160000000000000000e+02 2.371379999999999927e+04
6.400000000000000000e+01 2.376345000000000073e+04
1.040000000000000000e+02 2.407770000000000073e+04
3.120000000000000000e+02 2.416320000000000073e+04
1.040000000000000000e+02 2.428454999999999927e+04
2.320000000000000000e+02 2.428665000000000146e+04
2.640000000000000000e+02 2.431695000000000073e+04
2.560000000000000000e+02 2.443415000000000146e+04
1.680000000000000000e+02 2.444925000000000000e+04
2.160000000000000000e+02 2.446645000000000073e+04
1.280000000000000000e+02 2.465654999999999927e+04
3.360000000000000000e+02 2.469529999999999927e+04
3.600000000000000000e+02 2.503020000000000073e+04
3.520000000000000000e+02 2.503260000000000218e+04
1.600000000000000000e+01 2.511225000000000000e+04
8.800000000000000000e+01 2.522415000000000146e+04
3.040000000000000000e+02 2.525990000000000146e+04
1.360000000000000000e+02 2.530654999999999927e+04
6.400000000000000000e+01 2.532365000000000146e+04
7.200000000000000000e+01 2.542800000000000000e+04
3.200000000000000000e+02 2.553870000000000073e+04
1.680000000000000000e+02 2.579454999999999927e+04
3.680000000000000000e+02 2.579465000000000146e+04
4.000000000000000000e+01 2.580995000000000073e+04
3.680000000000000000e+02 2.597604999999999927e+04
1.600000000000000000e+01 2.601410000000000218e+04
2.240000000000000000e+02 2.612654999999999927e+04
1.040000000000000000e+02 2.616195000000000073e+04
1.520000000000000000e+02 2.620875000000000000e+04
1.600000000000000000e+01 2.638515000000000146e+04
3.840000000000000000e+02 2.648190000000000146e+04
5.600000000000000000e+01 2.676779999999999927e+04
2.400000000000000000e+01 2.693615000000000146e+04
6.400000000000000000e+01 2.703100000000000000e+04
1.440000000000000000e+02 2.703854999999999927e+04
1.040000000000000000e+02 2.720160000000000218e+04
1.600000000000000000e+02 2.721875000000000000e+04
1.200000000000000000e+02 2.750100000000000000e+04
1.600000000000000000e+01 2.763165000000000146e+04
3.200000000000000000e+02 2.771770000000000073e+04
8.000000000000000000e+01 2.795360000000000218e+04
3.370000000000000000e+02 1.047500000000000000e+02
2.810000000000000000e+02 3.784000000000000341e+02
1.690000000000000000e+02 5.452999999999999545e+02
1.290000000000000000e+02 6.020500000000000682e+02
2.090000000000000000e+02 7.506000000000000227e+02
2.650000000000000000e+02 8.264500000000000455e+02
9.700000000000000000e+01 8.581499999999999773e+02
3.770000000000000000e+02 1.165100000000000136e+03
3.930000000000000000e+02 1.200500000000000000e+03
1.290000000000000000e+02 1.484299999999999955e+03
2.730000000000000000e+02 1.514900000000000091e+03
1.370000000000000000e+02 1.562750000000000000e+03
8.900000000000000000e+01 1.592950000000000045e+03
2.500000000000000000e+01 1.604650000000000091e+03
3.300000000000000000e+01 1.888250000000000000e+03
1.770000000000000000e+02 1.910700000000000045e+03
1.290000000000000000e+02 1.973549999999999955e+03
3.130000000000000000e+02 2.011600000000000136e+03
3.450000000000000000e+02 2.187000000000000000e+03
1.370000000000000000e+02 2.236950000000000273e+03
2.730000000000000000e+02 2.237900000000000091e+03
2.810000000000000000e+02 2.322700000000000273e+03
1.290000000000000000e+02 2.741349999999999909e+03
1.210000000000000000e+02 2.745000000000000000e+03
1.530000000000000000e+02 2.939250000000000000e+03
2.970000000000000000e+02 2.977400000000000091e+03
1.930000000000000000e+02 3.031900000000000091e+03
3.530000000000000000e+02 3.037849999999999909e+03
4.010000000000000000e+02 3.047000000000000000e+03
2.330000000000000000e+02 3.349349999999999909e+03
1.930000000000000000e+02 3.581900000000000091e+03
4.900000000000000000e+01 3.606900000000000091e+03
2.410000000000000000e+02 3.743349999999999909e+03
3.450000000000000000e+02 3.788599999999999909e+03
1.700000000000000000e+01 3.860099999999999909e+03
6.500000000000000000e+01 3.947550000000000182e+03
1.690000000000000000e+02 4.020200000000000273e+03
7.300000000000000000e+01 4.088650000000000091e+03
1.370000000000000000e+02 4.152350000000000364e+03
3.050000000000000000e+02 4.400800000000000182e+03
1.130000000000000000e+02 4.426199999999999818e+03
1.850000000000000000e+02 4.482650000000000546e+03
3.370000000000000000e+02 4.540949999999999818e+03
1.700000000000000000e+01 4.573199999999999818e+03
2.490000000000000000e+02 4.639300000000000182e+03
1.370000000000000000e+02 4.781400000000000546e+03
7.300000000000000000e+01 4.831150000000000546e+03
1.290000000000000000e+02 4.905650000000000546e+03
2.250000000000000000e+02 4.986949999999999818e+03
1.770000000000000000e+02 5.028900000000000546e+03
8.900000000000000000e+01 5.080699999999999818e+03
3.930000000000000000e+02 5.148100000000000364e+03
3.050000000000000000e+02 5.223600000000000364e+03
1.050000000000000000e+02 5.240900000000000546e+03
5.700000000000000000e+01 5.291500000000000000e+03
2.330000000000000000e+02 5.313500000000000000e+03
8.100000000000000000e+01 5.356350000000000364e+03
1.530000000000000000e+02 5.503250000000000000e+03
3.770000000000000000e+02 5.579800000000000182e+03
1.450000000000000000e+02 5.658300000000000182e+03
2.010000000000000000e+02 5.749449999999999818e+03
1.690000000000000000e+02 5.811550000000000182e+03
1.700000000000000000e+01 6.052550000000000182e+03
2.010000000000000000e+02 6.054800000000000182e+03
4.010000000000000000e+02 6.175199999999999818e+03
4.100000000000000000e+01 6.210650000000000546e+03
1.370000000000000000e+02 6.231000000000000000e+03
3.530000000000000000e+02 6.252600000000000364e+03
3.050000000000000000e+02 6.271150000000000546e+03
5.700000000000000000e+01 6.437949999999999818e+03
3.370000000000000000e+02 6.452449999999999818e+03
4.900000000000000000e+01 6.452650000000000546e+03
2.890000000000000000e+02 6.486850000000000364e+03
2.650000000000000000e+02 6.674199999999999818e+03
1.850000000000000000e+02 6.684400000000000546e+03
2.970000000000000000e+02 6.751050000000000182e+03
1.930000000000000000e+02 6.889650000000000546e+03
3.370000000000000000e+02 7.006949999999999818e+03
1.850000000000000000e+02 7.022050000000000182e+03
1.770000000000000000e+02 7.142750000000000000e+03
1.850000000000000000e+02 7.146400000000000546e+03
4.010000000000000000e+02 7.190500000000000000e+03
3.610000000000000000e+02 7.345600000000000364e+03
2.250000000000000000e+02 7.430550000000000182e+03
1.290000000000000000e+02 7.507650000000000546e+03
1.290000000000000000e+02 7.583900000000000546e+03
1.450000000000000000e+02 7.607000000000000000e+03
2.970000000000000000e+02 7.629199999999999818e+03
6.500000000000000000e+01 7.839699999999999818e+03
1.050000000000000000e+02 7.839900000000000546e+03
7.300000000000000000e+01 7.895300000000000182e+03
2.890000000000000000e+02 7.900550000000000182e+03
3.370000000000000000e+02 7.979300000000000182e+03
1.130000000000000000e+02 8.030600000000000364e+03
1.450000000000000000e+02 8.157550000000000182e+03
3.530000000000000000e+02 8.204850000000000364e+03
2.570000000000000000e+02 8.218350000000000364e+03
3.930000000000000000e+02 8.229750000000000000e+03
1.610000000000000000e+02 8.398899999999999636e+03
2.650000000000000000e+02 8.447600000000000364e+03
2.490000000000000000e+02 8.493399999999999636e+03
4.010000000000000000e+02 8.495750000000000000e+03
2.970000000000000000e+02 8.603850000000000364e+03
1.850000000000000000e+02 8.611450000000000728e+03
2.500000000000000000e+01 8.634100000000000364e+03
4.100000000000000000e+01 8.675100000000000364e+03
1.450000000000000000e+02 8.702799999999999272e+03
1.130000000000000000e+02 8.719500000000000000e+03
3.930000000000000000e+02 8.800850000000000364e+03
7.300000000000000000e+01 8.842050000000001091e+03
2.250000000000000000e+02 8.956000000000000000e+03
3.370000000000000000e+02 9.061100000000000364e+03
2.250000000000000000e+02 9.237600000000000364e+03
3.930000000000000000e+02 9.311899999999999636e+03
2.170000000000000000e+02 9.416300000000001091e+03
1.130000000000000000e+02 9.465700000000000728e+03
2.250000000000000000e+02 9.531399999999999636e+03
2.970000000000000000e+02 9.576000000000000000e+03
2.730000000000000000e+02 9.583750000000000000e+03
1.210000000000000000e+02 9.671300000000001091e+03
1.700000000000000000e+01 9.987200000000000728e+03
1.930000000000000000e+02 1.006195000000000073e+04
2.970000000000000000e+02 1.011370000000000073e+04
6.500000000000000000e+01 1.021389999999999964e+04
8.900000000000000000e+01 1.095564999999999964e+04
1.850000000000000000e+02 1.102670000000000073e+04
9.000000000000000000e+00 1.111789999999999964e+04
1.130000000000000000e+02 1.117720000000000073e+04
9.000000000000000000e+00 1.140645000000000073e+04
2.500000000000000000e+01 1.180145000000000073e+04
1.530000000000000000e+02 1.182460000000000036e+04
4.100000000000000000e+01 1.184939999999999964e+04
2.490000000000000000e+02 1.190570000000000073e+04
3.690000000000000000e+02 1.193614999999999964e+04
2.410000000000000000e+02 1.200680000000000109e+04
2.730000000000000000e+02 1.214725000000000000e+04
2.650000000000000000e+02 1.224689999999999964e+04
2.890000000000000000e+02 1.239660000000000036e+04
7.300000000000000000e+01 1.245455000000000109e+04
8.100000000000000000e+01 1.252089999999999964e+04
2.970000000000000000e+02 1.254214999999999964e+04
3.610000000000000000e+02 1.256860000000000036e+04
2.650000000000000000e+02 1.267325000000000000e+04
3.130000000000000000e+02 1.269580000000000109e+04
2.650000000000000000e+02 1.301014999999999964e+04
9.000000000000000000e+00 1.301450000000000000e+04
2.410000000000000000e+02 1.306425000000000000e+04
2.730000000000000000e+02 1.306664999999999964e+04
2.650000000000000000e+02 1.307339999999999964e+04
4.900000000000000000e+01 1.315835000000000036e+04
3.300000000000000000e+01 1.332875000000000000e+04
3.130000000000000000e+02 1.337905000000000109e+04
2.090000000000000000e+02 1.341114999999999964e+04
3.130000000000000000e+02 1.346485000000000036e+04
9.700000000000000000e+01 1.348575000000000000e+04
4.010000000000000000e+02 1.357489999999999964e+04
2.330000000000000000e+02 1.363164999999999964e+04
1.770000000000000000e+02 1.378235000000000036e+04
2.570000000000000000e+02 1.379610000000000036e+04
3.610000000000000000e+02 1.383475000000000000e+04
1.700000000000000000e+01 1.385680000000000109e+04
3.050000000000000000e+02 1.387920000000000073e+04
3.450000000000000000e+02 1.389080000000000109e+04
2.170000000000000000e+02 1.391960000000000036e+04
1.290000000000000000e+02 1.393130000000000109e+04
3.850000000000000000e+02 1.404305000000000109e+04
5.700000000000000000e+01 1.405989999999999964e+04
5.700000000000000000e+01 1.417025000000000000e+04
1.370000000000000000e+02 1.420305000000000109e+04
9.000000000000000000e+00 1.428335000000000036e+04
2.010000000000000000e+02 1.439860000000000036e+04
1.930000000000000000e+02 1.450080000000000109e+04
2.970000000000000000e+02 1.451164999999999964e+04
2.010000000000000000e+02 1.466639999999999964e+04
6.500000000000000000e+01 1.473375000000000000e+04
1.770000000000000000e+02 1.479355000000000109e+04
1.210000000000000000e+02 1.487455000000000109e+04
2.570000000000000000e+02 1.526070000000000073e+04
1.130000000000000000e+02 1.544220000000000073e+04
3.050000000000000000e+02 1.557760000000000036e+04
1.610000000000000000e+02 1.564925000000000000e+04
2.010000000000000000e+02 1.569720000000000073e+04
1.450000000000000000e+02 1.578750000000000000e+04
8.100000000000000000e+01 1.579800000000000000e+04
3.370000000000000000e+02 1.592235000000000036e+04
3.610000000000000000e+02 1.601245000000000073e+04
1.050000000000000000e+02 1.601364999999999964e+04
2.010000000000000000e+02 1.613045000000000073e+04
3.130000000000000000e+02 1.614314999999999964e+04
3.690000000000000000e+02 1.616460000000000036e+04
3.610000000000000000e+02 1.624135000000000036e+04
2.250000000000000000e+02 1.640170000000000073e+04
2.570000000000000000e+02 1.641125000000000000e+04
3.370000000000000000e+02 1.646654999999999927e+04
4.100000000000000000e+01 1.663070000000000073e+04
2.650000000000000000e+02 1.663665000000000146e+04
2.890000000000000000e+02 1.671270000000000073e+04
1.930000000000000000e+02 1.671384999999999854e+04
1.610000000000000000e+02 1.674770000000000073e+04
1.370000000000000000e+02 1.680004999999999927e+04
2.170000000000000000e+02 1.690625000000000000e+04
3.050000000000000000e+02 1.690654999999999927e+04
1.700000000000000000e+01 1.694740000000000146e+04
2.330000000000000000e+02 1.694929999999999927e+04
3.290000000000000000e+02 1.731445000000000073e+04
3.850000000000000000e+02 1.743925000000000000e+04
1.130000000000000000e+02 1.762970000000000073e+04
3.050000000000000000e+02 1.775235000000000218e+04
1.210000000000000000e+02 1.784345000000000073e+04
8.900000000000000000e+01 1.784935000000000218e+04
4.100000000000000000e+01 1.793910000000000218e+04
2.810000000000000000e+02 1.799229999999999927e+04
1.850000000000000000e+02 1.809825000000000000e+04
2.010000000000000000e+02 1.840929999999999927e+04
2.810000000000000000e+02 1.845365000000000146e+04
2.090000000000000000e+02 1.845904999999999927e+04
9.700000000000000000e+01 1.861904999999999927e+04
2.970000000000000000e+02 1.863135000000000218e+04
3.610000000000000000e+02 1.874690000000000146e+04
2.410000000000000000e+02 1.877770000000000073e+04
9.700000000000000000e+01 1.902025000000000000e+04
3.610000000000000000e+02 1.908595000000000073e+04
2.650000000000000000e+02 1.911579999999999927e+04
3.370000000000000000e+02 1.936400000000000000e+04
1.290000000000000000e+02 1.936520000000000073e+04
1.210000000000000000e+02 1.948745000000000073e+04
2.330000000000000000e+02 1.962454999999999927e+04
4.900000000000000000e+01 1.977125000000000000e+04
2.330000000000000000e+02 2.001145000000000073e+04
3.300000000000000000e+01 2.005515000000000146e+04
2.570000000000000000e+02 2.007390000000000146e+04
2.650000000000000000e+02 2.014560000000000218e+04
2.970000000000000000e+02 2.038995000000000073e+04
9.700000000000000000e+01 2.043665000000000146e+04
3.370000000000000000e+02 2.059100000000000000e+04
3.930000000000000000e+02 2.062245000000000073e+04
4.010000000000000000e+02 2.071075000000000000e+04
1.450000000000000000e+02 2.071210000000000218e+04
2.570000000000000000e+02 2.071385000000000218e+04
2.970000000000000000e+02 2.072660000000000218e+04
4.100000000000000000e+01 2.103904999999999927e+04
1.130000000000000000e+02 2.113535000000000218e+04
2.890000000000000000e+02 2.163629999999999927e+04
1.130000000000000000e+02 2.192529999999999927e+04
3.210000000000000000e+02 2.195729999999999927e+04
3.690000000000000000e+02 2.214185000000000218e+04
1.700000000000000000e+01 2.216910000000000218e+04
3.930000000000000000e+02 2.244210000000000218e+04
2.570000000000000000e+02 2.263929999999999927e+04
3.300000000000000000e+01 2.276640000000000146e+04
1.210000000000000000e+02 2.299579999999999927e+04
2.570000000000000000e+02 2.307775000000000000e+04
1.290000000000000000e+02 2.327845000000000073e+04
4.100000000000000000e+01 2.328910000000000218e+04
7.300000000000000000e+01 2.362710000000000218e+04
2.650000000000000000e+02 2.364535000000000218e+04
3.610000000000000000e+02 2.375435000000000218e+04
3.290000000000000000e+02 2.390500000000000000e+04
5.700000000000000000e+01 2.394860000000000218e+04
2.170000000000000000e+02 2.398565000000000146e+04
2.730000000000000000e+02 2.402445000000000073e+04
3.300000000000000000e+01 2.419385000000000218e+04
1.290000000000000000e+02 2.427470000000000073e+04
3.610000000000000000e+02 2.430290000000000146e+04
1.700000000000000000e+01 2.439300000000000000e+04
1.770000000000000000e+02 2.452340000000000146e+04
4.100000000000000000e+01 2.465054999999999927e+04
2.500000000000000000e+01 2.471135000000000218e+04
1.290000000000000000e+02 2.475365000000000146e+04
2.890000000000000000e+02 2.493350000000000000e+04
2.890000000000000000e+02 2.504304999999999927e+04
2.970000000000000000e+02 2.509625000000000000e+04
2.890000000000000000e+02 2.513525000000000000e+04
7.300000000000000000e+01 2.528125000000000000e+04
2.170000000000000000e+02 2.529490000000000146e+04
1.700000000000000000e+01 2.546370000000000073e+04
3.850000000000000000e+02 2.553820000000000073e+04
1.210000000000000000e+02 2.560260000000000218e+04
2.570000000000000000e+02 2.564179999999999927e+04
3.290000000000000000e+02 2.575820000000000073e+04
3.210000000000000000e+02 2.577050000000000000e+04
8.100000000000000000e+01 2.589050000000000000e+04
2.970000000000000000e+02 2.591479999999999927e+04
3.850000000000000000e+02 2.598940000000000146e+04
6.500000000000000000e+01 2.603410000000000218e+04
2.890000000000000000e+02 2.605450000000000000e+04
4.010000000000000000e+02 2.609079999999999927e+04
2.490000000000000000e+02 2.619979999999999927e+04
9.700000000000000000e+01 2.630235000000000218e+04
3.850000000000000000e+02 2.630745000000000073e+04
7.300000000000000000e+01 2.659400000000000000e+04
9.700000000000000000e+01 2.672675000000000000e+04
3.450000000000000000e+02 2.677165000000000146e+04
2.170000000000000000e+02 2.683100000000000000e+04
2.970000000000000000e+02 2.684854999999999927e+04
1.210000000000000000e+02 2.684929999999999927e+04
2.330000000000000000e+02 2.685010000000000218e+04
1.050000000000000000e+02 2.696200000000000000e+04
2.500000000000000000e+01 2.701410000000000218e+04
2.490000000000000000e+02 2.702860000000000218e+04
1.610000000000000000e+02 2.712279999999999927e+04
3.770000000000000000e+02 2.719010000000000218e+04
2.570000000000000000e+02 2.723365000000000146e+04
2.010000000000000000e+02 2.724450000000000000e+04
4.010000000000000000e+02 2.735450000000000000e+04
2.170000000000000000e+02 2.768104999999999927e+04
3.290000000000000000e+02 2.774254999999999927e+04
2.330000000000000000e+02 2.790854999999999927e+04
3.690000000000000000e+02 2.798025000000000000e+04
2.900000000000000000e+02 1.353000000000000114e+02
1.460000000000000000e+02 1.935999999999999943e+02
1.800000000000000000e+01 2.645000000000000000e+02
2.740000000000000000e+02 3.806000000000000227e+02
3.700000000000000000e+02 4.117500000000000000e+02
4.200000000000000000e+01 5.458500000000000227e+02
3.380000000000000000e+02 6.349500000000000455e+02
2.820000000000000000e+02 7.191499999999999773e+02
2.260000000000000000e+02 7.936000000000000227e+02
1.000000000000000000e+01 9.333500000000000227e+02
1.060000000000000000e+02 1.000750000000000000e+03
1.780000000000000000e+02 1.018149999999999977e+03
2.020000000000000000e+02 1.101750000000000000e+03
8.200000000000000000e+01 1.181850000000000136e+03
9.000000000000000000e+01 1.185150000000000091e+03
3.300000000000000000e+02 1.338299999999999955e+03
7.400000000000000000e+01 1.372799999999999955e+03
3.940000000000000000e+02 1.480799999999999955e+03
3.400000000000000000e+01 1.524900000000000091e+03
3.220000000000000000e+02 1.534100000000000136e+03
2.820000000000000000e+02 1.592299999999999955e+03
3.400000000000000000e+01 1.698600000000000136e+03
2.020000000000000000e+02 1.823650000000000091e+03
6.600000000000000000e+01 1.835100000000000136e+03
2.740000000000000000e+02 2.099050000000000182e+03
3.940000000000000000e+02 2.113300000000000182e+03
2.020000000000000000e+02 2.200050000000000182e+03
2.980000000000000000e+02 2.200500000000000000e+03
2.900000000000000000e+02 2.323349999999999909e+03
2.180000000000000000e+02 2.502950000000000273e+03
2.500000000000000000e+02 2.503000000000000000e+03
3.380000000000000000e+02 2.513800000000000182e+03
1.140000000000000000e+02 2.628800000000000182e+03
1.300000000000000000e+02 2.652599999999999909e+03
2.500000000000000000e+02 2.720900000000000091e+03
1.000000000000000000e+01 2.759300000000000182e+03
2.740000000000000000e+02 2.873150000000000091e+03
1.140000000000000000e+02 2.964750000000000000e+03
2.260000000000000000e+02 3.259250000000000000e+03
2.420000000000000000e+02 3.308150000000000091e+03
3.140000000000000000e+02 3.320650000000000091e+03
4.200000000000000000e+01 3.451950000000000273e+03
2.340000000000000000e+02 3.740700000000000273e+03
6.600000000000000000e+01 3.780550000000000182e+03
8.200000000000000000e+01 3.795500000000000000e+03
2.980000000000000000e+02 3.909900000000000091e+03
6.600000000000000000e+01 4.029349999999999909e+03
5.000000000000000000e+01 4.055750000000000000e+03
1.000000000000000000e+01 4.068950000000000273e+03
1.860000000000000000e+02 4.089000000000000000e+03
3.780000000000000000e+02 4.127600000000000364e+03
2.580000000000000000e+02 4.150500000000000000e+03
3.060000000000000000e+02 4.201000000000000000e+03
3.940000000000000000e+02 4.331699999999999818e+03
5.000000000000000000e+01 4.357449999999999818e+03
3.400000000000000000e+01 4.407850000000000364e+03
2.900000000000000000e+02 4.425949999999999818e+03
2.580000000000000000e+02 4.430300000000000182e+03
1.700000000000000000e+02 4.431500000000000000e+03
1.800000000000000000e+01 4.564800000000000182e+03
1.620000000000000000e+02 4.639350000000000364e+03
2.000000000000000000e+00 4.828400000000000546e+03
2.000000000000000000e+00 4.945699999999999818e+03
3.940000000000000000e+02 5.090150000000000546e+03
2.740000000000000000e+02 5.098350000000000364e+03
2.000000000000000000e+00 5.123600000000000364e+03
2.820000000000000000e+02 5.148800000000000182e+03
1.140000000000000000e+02 5.209199999999999818e+03
3.860000000000000000e+02 5.339000000000000000e+03
1.860000000000000000e+02 5.439699999999999818e+03
3.460000000000000000e+02 5.445699999999999818e+03
4.200000000000000000e+01 5.447000000000000000e+03
3.300000000000000000e+02 5.484800000000000182e+03
3.780000000000000000e+02 5.596150000000000546e+03
3.060000000000000000e+02 5.619800000000000182e+03
8.200000000000000000e+01 5.721850000000000364e+03
3.300000000000000000e+02 5.758750000000000000e+03
1.540000000000000000e+02 5.833350000000000364e+03
2.500000000000000000e+02 5.894250000000000000e+03
3.140000000000000000e+02 6.057500000000000000e+03
9.800000000000000000e+01 6.128949999999999818e+03
2.260000000000000000e+02 6.271850000000000364e+03
2.900000000000000000e+02 6.381850000000000364e+03
1.700000000000000000e+02 6.415949999999999818e+03
4.200000000000000000e+01 6.511850000000000364e+03
3.300000000000000000e+02 6.599800000000000182e+03
2.500000000000000000e+02 6.602100000000000364e+03
3.540000000000000000e+02 6.678000000000000000e+03
1.460000000000000000e+02 6.808100000000000364e+03
3.300000000000000000e+02 6.889900000000000546e+03
2.820000000000000000e+02 6.901300000000000182e+03
2.600000000000000000e+01 6.940600000000000364e+03
2.500000000000000000e+02 6.958900000000000546e+03
9.000000000000000000e+01 7.071949999999999818e+03
2.580000000000000000e+02 7.173949999999999818e+03
9.800000000000000000e+01 7.182250000000000000e+03
2.500000000000000000e+02 7.183600000000000364e+03
3.940000000000000000e+02 7.222050000000000182e+03
5.000000000000000000e+01 7.299250000000000000e+03
7.400000000000000000e+01 7.490800000000000182e+03
1.460000000000000000e+02 7.504850000000000364e+03
3.860000000000000000e+02 7.561900000000000546e+03
2.600000000000000000e+01 7.562300000000000182e+03
2.740000000000000000e+02 7.678550000000000182e+03
2.580000000000000000e+02 7.714550000000000182e+03
2.740000000000000000e+02 7.778949999999999818e+03
1.780000000000000000e+02 7.779449999999999818e+03
1.060000000000000000e+02 7.881150000000000546e+03
3.940000000000000000e+02 8.116199999999999818e+03
2.180000000000000000e+02 8.274100000000000364e+03
3.540000000000000000e+02 8.756899999999999636e+03
1.060000000000000000e+02 8.781250000000000000e+03
2.740000000000000000e+02 8.834850000000000364e+03
3.140000000000000000e+02 8.882800000000001091e+03
5.000000000000000000e+01 8.899850000000000364e+03
2.100000000000000000e+02 9.026200000000000728e+03
3.860000000000000000e+02 9.130800000000001091e+03
1.380000000000000000e+02 9.239000000000000000e+03
9.800000000000000000e+01 9.388100000000000364e+03
1.700000000000000000e+02 9.394899999999999636e+03
3.400000000000000000e+01 9.507850000000000364e+03
1.300000000000000000e+02 9.616350000000000364e+03
1.780000000000000000e+02 9.772200000000000728e+03
9.800000000000000000e+01 9.836550000000001091e+03
3.400000000000000000e+01 9.878399999999999636e+03
1.000000000000000000e+01 9.887850000000000364e+03
3.780000000000000000e+02 9.978950000000000728e+03
1.700000000000000000e+02 1.001495000000000073e+04
1.460000000000000000e+02 1.011480000000000109e+04
2.600000000000000000e+01 1.043070000000000073e+04
1.060000000000000000e+02 1.047014999999999964e+04
2.660000000000000000e+02 1.053480000000000109e+04
2.260000000000000000e+02 1.059695000000000073e+04
9.800000000000000000e+01 1.059764999999999964e+04
1.380000000000000000e+02 1.067255000000000109e+04
2.020000000000000000e+02 1.085670000000000073e+04
1.060000000000000000e+02 1.093695000000000073e+04
3.300000000000000000e+02 1.096070000000000073e+04
1.140000000000000000e+02 1.153875000000000000e+04
2.100000000000000000e+02 1.156930000000000109e+04
1.940000000000000000e+02 1.162775000000000000e+04
2.340000000000000000e+02 1.166520000000000073e+04
1.700000000000000000e+02 1.166770000000000073e+04
7.400000000000000000e+01 1.172589999999999964e+04
2.420000000000000000e+02 1.172705000000000109e+04
2.180000000000000000e+02 1.175695000000000073e+04
7.400000000000000000e+01 1.181145000000000073e+04
2.580000000000000000e+02 1.212180000000000109e+04
1.620000000000000000e+02 1.216275000000000000e+04
3.940000000000000000e+02 1.220039999999999964e+04
7.400000000000000000e+01 1.220480000000000109e+04
1.300000000000000000e+02 1.220805000000000109e+04
3.380000000000000000e+02 1.235935000000000036e+04
3.540000000000000000e+02 1.250950000000000000e+04
9.800000000000000000e+01 1.270845000000000073e+04
3.940000000000000000e+02 1.278835000000000036e+04
2.500000000000000000e+02 1.288939999999999964e+04
6.600000000000000000e+01 1.303380000000000109e+04
1.620000000000000000e+02 1.309550000000000000e+04
9.800000000000000000e+01 1.309970000000000073e+04
1.460000000000000000e+02 1.311310000000000036e+04
9.000000000000000000e+01 1.312670000000000073e+04
2.820000000000000000e+02 1.315485000000000036e+04
2.740000000000000000e+02 1.322895000000000073e+04
1.620000000000000000e+02 1.331335000000000036e+04
3.400000000000000000e+01 1.336925000000000000e+04
3.540000000000000000e+02 1.337864999999999964e+04
3.460000000000000000e+02 1.339539999999999964e+04
1.940000000000000000e+02 1.342005000000000109e+04
2.020000000000000000e+02 1.350014999999999964e+04
1.800000000000000000e+01 1.361064999999999964e+04
3.380000000000000000e+02 1.361175000000000000e+04
3.300000000000000000e+02 1.364080000000000109e+04
3.860000000000000000e+02 1.367385000000000036e+04
2.420000000000000000e+02 1.367480000000000109e+04
3.060000000000000000e+02 1.370825000000000000e+04
1.380000000000000000e+02 1.383305000000000109e+04
2.820000000000000000e+02 1.397635000000000036e+04
5.800000000000000000e+01 1.398589999999999964e+04
1.700000000000000000e+02 1.399310000000000036e+04
2.660000000000000000e+02 1.404160000000000036e+04
2.500000000000000000e+02 1.407660000000000036e+04
2.100000000000000000e+02 1.411395000000000073e+04
2.260000000000000000e+02 1.417220000000000073e+04
2.340000000000000000e+02 1.424275000000000000e+04
3.460000000000000000e+02 1.424975000000000000e+04
1.780000000000000000e+02 1.425570000000000073e+04
6.600000000000000000e+01 1.442210000000000036e+04
7.400000000000000000e+01 1.443535000000000036e+04
2.000000000000000000e+00 1.443735000000000036e+04
3.060000000000000000e+02 1.452595000000000073e+04
8.200000000000000000e+01 1.453764999999999964e+04
3.220000000000000000e+02 1.459564999999999964e+04
2.180000000000000000e+02 1.476645000000000073e+04
9.800000000000000000e+01 1.477714999999999964e+04
1.060000000000000000e+02 1.481845000000000073e+04
2.420000000000000000e+02 1.497164999999999964e+04
3.780000000000000000e+02 1.508550000000000000e+04
1.780000000000000000e+02 1.511075000000000000e+04
3.060000000000000000e+02 1.520110000000000036e+04
3.380000000000000000e+02 1.538495000000000073e+04
2.820000000000000000e+02 1.550550000000000000e+04
3.060000000000000000e+02 1.556745000000000073e+04
2.180000000000000000e+02 1.571710000000000036e+04
1.460000000000000000e+02 1.578785000000000036e+04
3.700000000000000000e+02 1.586175000000000000e+04
7.400000000000000000e+01 1.586300000000000000e+04
3.400000000000000000e+01 1.592089999999999964e+04
2.340000000000000000e+02 1.601725000000000000e+04
4.200000000000000000e+01 1.605875000000000000e+04
1.140000000000000000e+02 1.612380000000000109e+04
3.540000000000000000e+02 1.613105000000000109e+04
3.780000000000000000e+02 1.614475000000000000e+04
5.800000000000000000e+01 1.635639999999999964e+04
1.140000000000000000e+02 1.647679999999999927e+04
1.540000000000000000e+02 1.658409999999999854e+04
1.940000000000000000e+02 1.661204999999999927e+04
2.000000000000000000e+00 1.677520000000000073e+04
4.200000000000000000e+01 1.682390000000000146e+04
1.000000000000000000e+01 1.702209999999999854e+04
9.000000000000000000e+01 1.725645000000000073e+04
3.540000000000000000e+02 1.726525000000000000e+04
1.220000000000000000e+02 1.732359999999999854e+04
2.020000000000000000e+02 1.740100000000000000e+04
2.600000000000000000e+01 1.742725000000000000e+04
3.860000000000000000e+02 1.759825000000000000e+04
1.540000000000000000e+02 1.763590000000000146e+04
3.060000000000000000e+02 1.769479999999999927e+04
3.860000000000000000e+02 1.785990000000000146e+04
1.460000000000000000e+02 1.809750000000000000e+04
2.660000000000000000e+02 1.818125000000000000e+04
4.200000000000000000e+01 1.826660000000000218e+04
1.620000000000000000e+02 1.829740000000000146e+04
5.000000000000000000e+01 1.834910000000000218e+04
1.620000000000000000e+02 1.841925000000000000e+04
2.740000000000000000e+02 1.845754999999999927e+04
2.900000000000000000e+02 1.877615000000000146e+04
2.660000000000000000e+02 1.881729999999999927e+04
2.000000000000000000e+00 1.889654999999999927e+04
3.540000000000000000e+02 1.890075000000000000e+04
2.020000000000000000e+02 1.894029999999999927e+04
1.220000000000000000e+02 1.915535000000000218e+04
2.740000000000000000e+02 1.920010000000000218e+04
1.000000000000000000e+01 1.920540000000000146e+04
3.300000000000000000e+02 1.922529999999999927e+04
3.780000000000000000e+02 1.924195000000000073e+04
2.000000000000000000e+00 1.972470000000000073e+04
8.200000000000000000e+01 1.978020000000000073e+04
3.460000000000000000e+02 1.980340000000000146e+04
3.780000000000000000e+02 1.988795000000000073e+04
3.060000000000000000e+02 1.990060000000000218e+04
6.600000000000000000e+01 1.997785000000000218e+04
9.000000000000000000e+01 2.001815000000000146e+04
3.940000000000000000e+02 2.027670000000000073e+04
1.540000000000000000e+02 2.027879999999999927e+04
3.780000000000000000e+02 2.042865000000000146e+04
3.140000000000000000e+02 2.043315000000000146e+04
3.940000000000000000e+02 2.062245000000000073e+04
3.700000000000000000e+02 2.065525000000000000e+04
1.060000000000000000e+02 2.078970000000000073e+04
5.000000000000000000e+01 2.082365000000000146e+04
2.600000000000000000e+01 2.089604999999999927e+04
1.860000000000000000e+02 2.098529999999999927e+04
3.460000000000000000e+02 2.116229999999999927e+04
9.000000000000000000e+01 2.138454999999999927e+04
5.800000000000000000e+01 2.143660000000000218e+04
1.060000000000000000e+02 2.144200000000000000e+04
2.260000000000000000e+02 2.152275000000000000e+04
1.940000000000000000e+02 2.178790000000000146e+04
3.400000000000000000e+01 2.181545000000000073e+04
6.600000000000000000e+01 2.188640000000000146e+04
3.220000000000000000e+02 2.214020000000000073e+04
3.540000000000000000e+02 2.221370000000000073e+04
3.300000000000000000e+02 2.228615000000000146e+04
3.140000000000000000e+02 2.232360000000000218e+04
1.300000000000000000e+02 2.253935000000000218e+04
8.200000000000000000e+01 2.262910000000000218e+04
1.800000000000000000e+01 2.266779999999999927e+04
5.800000000000000000e+01 2.268860000000000218e+04
1.860000000000000000e+02 2.275479999999999927e+04
2.100000000000000000e+02 2.277754999999999927e+04
7.400000000000000000e+01 2.280995000000000073e+04
2.500000000000000000e+02 2.304160000000000218e+04
9.000000000000000000e+01 2.307345000000000073e+04
2.660000000000000000e+02 2.310165000000000146e+04
3.540000000000000000e+02 2.311390000000000146e+04
1.800000000000000000e+01 2.324110000000000218e+04
1.700000000000000000e+02 2.335720000000000073e+04
2.340000000000000000e+02 2.338595000000000073e+04
1.460000000000000000e+02 2.353375000000000000e+04
2.820000000000000000e+02 2.361445000000000073e+04
2.340000000000000000e+02 2.379515000000000146e+04
3.140000000000000000e+02 2.379735000000000218e+04
1.140000000000000000e+02 2.385479999999999927e+04
4.200000000000000000e+01 2.386665000000000146e+04
3.780000000000000000e+02 2.389115000000000146e+04
1.000000000000000000e+01 2.401545000000000073e+04
2.020000000000000000e+02 2.403510000000000218e+04
5.800000000000000000e+01 2.411015000000000146e+04
2.500000000000000000e+02 2.415054999999999927e+04
3.300000000000000000e+02 2.420245000000000073e+04
9.000000000000000000e+01 2.426279999999999927e+04
9.000000000000000000e+01 2.462690000000000146e+04
2.500000000000000000e+02 2.471135000000000218e+04
2.000000000000000000e+00 2.472440000000000146e+04
3.400000000000000000e+01 2.479575000000000000e+04
1.460000000000000000e+02 2.480745000000000073e+04
3.380000000000000000e+02 2.488804999999999927e+04
3.540000000000000000e+02 2.494479999999999927e+04
2.340000000000000000e+02 2.494754999999999927e+04
2.180000000000000000e+02 2.501065000000000146e+04
1.300000000000000000e+02 2.506910000000000218e+04
1.800000000000000000e+01 2.509725000000000000e+04
2.500000000000000000e+02 2.512075000000000000e+04
2.000000000000000000e+00 2.513829999999999927e+04
2.100000000000000000e+02 2.518029999999999927e+04
3.300000000000000000e+02 2.535290000000000146e+04
3.540000000000000000e+02 2.538510000000000218e+04
2.100000000000000000e+02 2.551860000000000218e+04
3.780000000000000000e+02 2.559395000000000073e+04
1.300000000000000000e+02 2.573450000000000000e+04
7.400000000000000000e+01 2.579495000000000073e+04
8.200000000000000000e+01 2.579520000000000073e+04
1.380000000000000000e+02 2.596245000000000073e+04
3.940000000000000000e+02 2.597850000000000000e+04
3.380000000000000000e+02 2.601529999999999927e+04
2.600000000000000000e+01 2.605660000000000218e+04
1.620000000000000000e+02 2.607710000000000218e+04
3.400000000000000000e+01 2.608075000000000000e+04
1.140000000000000000e+02 2.612885000000000218e+04
2.000000000000000000e+00 2.624075000000000000e+04
1.000000000000000000e+01 2.630879999999999927e+04
3.060000000000000000e+02 2.652435000000000218e+04
3.700000000000000000e+02 2.656165000000000146e+04
1.620000000000000000e+02 2.671140000000000146e+04
2.260000000000000000e+02 2.671845000000000073e+04
3.540000000000000000e+02 2.684800000000000000e+04
3.540000000000000000e+02 2.703100000000000000e+04
1.940000000000000000e+02 2.713745000000000073e+04
3.940000000000000000e+02 2.717640000000000146e+04
2.500000000000000000e+02 2.728850000000000000e+04
1.700000000000000000e+02 2.748215000000000146e+04
1.860000000000000000e+02 2.753235000000000218e+04
9.800000000000000000e+01 2.761129999999999927e+04
3.460000000000000000e+02 2.763025000000000000e+04
3.780000000000000000e+02 2.763745000000000073e+04
2.000000000000000000e+00 2.770700000000000000e+04
1.620000000000000000e+02 2.771479999999999927e+04
3.540000000000000000e+02 2.777100000000000000e+04
2.100000000000000000e+02 2.788890000000000146e+04
2.110000000000000000e+02 1.784000000000000057e+02
2.830000000000000000e+02 3.006999999999999886e+02
3.790000000000000000e+02 4.008000000000000114e+02
1.310000000000000000e+02 4.035000000000000000e+02
1.390000000000000000e+02 5.907500000000000000e+02
1.950000000000000000e+02 7.282500000000000000e+02
1.390000000000000000e+02 8.193999999999999773e+02
2.510000000000000000e+02 9.062000000000000455e+02
3.710000000000000000e+02 9.721000000000000227e+02
2.910000000000000000e+02 1.002899999999999977e+03
1.470000000000000000e+02 1.018050000000000068e+03
3.310000000000000000e+02 1.245450000000000045e+03
2.670000000000000000e+02 1.437750000000000000e+03
1.550000000000000000e+02 1.492549999999999955e+03
1.550000000000000000e+02 1.640250000000000000e+03
2.350000000000000000e+02 1.740549999999999955e+03
7.500000000000000000e+01 1.783750000000000000e+03
2.350000000000000000e+02 1.917850000000000136e+03
1.870000000000000000e+02 2.177349999999999909e+03
1.900000000000000000e+01 2.241950000000000273e+03
8.300000000000000000e+01 2.284750000000000000e+03
3.070000000000000000e+02 2.308450000000000273e+03
1.070000000000000000e+02 2.326250000000000000e+03
6.700000000000000000e+01 2.333200000000000273e+03
2.830000000000000000e+02 2.384950000000000273e+03
2.350000000000000000e+02 2.498349999999999909e+03
1.550000000000000000e+02 2.693800000000000182e+03
1.900000000000000000e+01 2.699800000000000182e+03
3.150000000000000000e+02 2.814650000000000091e+03
9.100000000000000000e+01 2.856750000000000000e+03
2.430000000000000000e+02 2.928800000000000182e+03
2.510000000000000000e+02 2.932300000000000182e+03
3.000000000000000000e+00 2.977750000000000000e+03
1.710000000000000000e+02 3.004700000000000273e+03
2.030000000000000000e+02 3.264650000000000091e+03
3.470000000000000000e+02 3.349599999999999909e+03
1.630000000000000000e+02 3.394400000000000091e+03
1.790000000000000000e+02 3.416250000000000000e+03
3.550000000000000000e+02 3.419500000000000000e+03
3.630000000000000000e+02 3.434700000000000273e+03
3.950000000000000000e+02 3.504700000000000273e+03
2.910000000000000000e+02 3.545550000000000182e+03
1.790000000000000000e+02 3.615550000000000182e+03
2.030000000000000000e+02 3.641900000000000091e+03
1.150000000000000000e+02 3.859650000000000091e+03
1.870000000000000000e+02 3.910099999999999909e+03
1.470000000000000000e+02 3.930800000000000182e+03
9.100000000000000000e+01 3.985450000000000273e+03
8.300000000000000000e+01 4.163149999999999636e+03
1.900000000000000000e+01 4.176350000000000364e+03
8.300000000000000000e+01 4.225949999999999818e+03
1.310000000000000000e+02 4.356949999999999818e+03
3.390000000000000000e+02 4.373250000000000000e+03
1.100000000000000000e+01 4.468400000000000546e+03
2.430000000000000000e+02 4.538750000000000000e+03
7.500000000000000000e+01 4.585350000000000364e+03
5.100000000000000000e+01 4.638150000000000546e+03
2.700000000000000000e+01 4.741050000000000182e+03
4.300000000000000000e+01 4.778400000000000546e+03
2.510000000000000000e+02 4.802850000000000364e+03
3.870000000000000000e+02 4.871100000000000364e+03
9.100000000000000000e+01 4.885449999999999818e+03
2.990000000000000000e+02 4.898900000000000546e+03
3.390000000000000000e+02 5.079550000000000182e+03
2.270000000000000000e+02 5.080300000000000182e+03
9.100000000000000000e+01 5.100550000000000182e+03
2.510000000000000000e+02 5.198050000000000182e+03
1.550000000000000000e+02 5.223350000000000364e+03
3.310000000000000000e+02 5.290650000000000546e+03
1.150000000000000000e+02 5.412699999999999818e+03
2.190000000000000000e+02 5.528100000000000364e+03
6.700000000000000000e+01 5.596600000000000364e+03
2.700000000000000000e+01 5.691550000000000182e+03
1.390000000000000000e+02 5.916500000000000000e+03
9.100000000000000000e+01 6.014400000000000546e+03
2.030000000000000000e+02 6.038400000000000546e+03
1.310000000000000000e+02 6.161550000000000182e+03
1.550000000000000000e+02 6.293300000000000182e+03
3.950000000000000000e+02 6.339150000000000546e+03
1.950000000000000000e+02 6.364550000000000182e+03
2.910000000000000000e+02 6.562850000000000364e+03
4.300000000000000000e+01 6.685250000000000000e+03
2.030000000000000000e+02 6.741050000000000182e+03
1.630000000000000000e+02 6.776500000000000000e+03
1.550000000000000000e+02 6.946100000000000364e+03
3.310000000000000000e+02 7.036699999999999818e+03
1.230000000000000000e+02 7.086400000000000546e+03
1.870000000000000000e+02 7.270000000000000000e+03
2.670000000000000000e+02 7.282250000000000000e+03
3.950000000000000000e+02 7.406900000000000546e+03
2.510000000000000000e+02 7.420550000000000182e+03
7.500000000000000000e+01 7.457750000000000000e+03
4.300000000000000000e+01 7.468850000000000364e+03
2.190000000000000000e+02 7.520650000000000546e+03
1.870000000000000000e+02 7.543050000000000182e+03
2.350000000000000000e+02 7.706199999999999818e+03
7.500000000000000000e+01 7.762650000000000546e+03
1.150000000000000000e+02 7.793900000000000546e+03
5.900000000000000000e+01 7.874900000000000546e+03
3.710000000000000000e+02 8.170500000000000000e+03
1.100000000000000000e+01 8.175650000000000546e+03
1.550000000000000000e+02 8.353250000000000000e+03
1.310000000000000000e+02 8.414950000000000728e+03
1.630000000000000000e+02 8.521049999999999272e+03
2.990000000000000000e+02 8.537799999999999272e+03
3.950000000000000000e+02 8.687649999999999636e+03
2.190000000000000000e+02 8.711350000000000364e+03
1.150000000000000000e+02 8.734750000000000000e+03
3.310000000000000000e+02 8.922950000000000728e+03
1.390000000000000000e+02 8.959550000000001091e+03
1.900000000000000000e+01 8.969500000000000000e+03
3.230000000000000000e+02 8.969950000000000728e+03
5.100000000000000000e+01 9.000649999999999636e+03
3.470000000000000000e+02 9.282050000000001091e+03
2.350000000000000000e+02 9.347100000000000364e+03
2.510000000000000000e+02 9.444350000000000364e+03
3.000000000000000000e+00 9.462300000000001091e+03
3.790000000000000000e+02 9.539550000000001091e+03
1.150000000000000000e+02 9.845899999999999636e+03
1.230000000000000000e+02 9.858750000000000000e+03
4.300000000000000000e+01 9.986550000000001091e+03
4.300000000000000000e+01 1.012875000000000000e+04
8.300000000000000000e+01 1.035389999999999964e+04
1.230000000000000000e+02 1.053235000000000036e+04
7.500000000000000000e+01 1.059789999999999964e+04
2.510000000000000000e+02 1.098310000000000036e+04
1.550000000000000000e+02 1.099055000000000109e+04
2.700000000000000000e+01 1.100405000000000109e+04
1.710000000000000000e+02 1.101330000000000109e+04
5.900000000000000000e+01 1.108739999999999964e+04
9.900000000000000000e+01 1.123914999999999964e+04
2.350000000000000000e+02 1.123970000000000073e+04
2.510000000000000000e+02 1.129120000000000073e+04
3.710000000000000000e+02 1.169635000000000036e+04
2.430000000000000000e+02 1.178895000000000073e+04
3.390000000000000000e+02 1.191864999999999964e+04
5.100000000000000000e+01 1.193635000000000036e+04
3.000000000000000000e+00 1.196735000000000036e+04
1.900000000000000000e+01 1.217205000000000109e+04
4.300000000000000000e+01 1.221089999999999964e+04
2.430000000000000000e+02 1.246980000000000109e+04
3.500000000000000000e+01 1.258864999999999964e+04
4.300000000000000000e+01 1.262685000000000036e+04
1.390000000000000000e+02 1.275555000000000109e+04
2.830000000000000000e+02 1.276785000000000036e+04
3.790000000000000000e+02 1.292289999999999964e+04
3.950000000000000000e+02 1.295725000000000000e+04
2.830000000000000000e+02 1.301935000000000036e+04
2.270000000000000000e+02 1.308535000000000036e+04
3.550000000000000000e+02 1.308660000000000036e+04
2.700000000000000000e+01 1.319505000000000109e+04
4.300000000000000000e+01 1.319820000000000073e+04
2.590000000000000000e+02 1.332489999999999964e+04
3.070000000000000000e+02 1.338880000000000109e+04
1.550000000000000000e+02 1.351105000000000109e+04
9.100000000000000000e+01 1.352505000000000109e+04
3.710000000000000000e+02 1.353020000000000073e+04
2.910000000000000000e+02 1.356720000000000073e+04
2.590000000000000000e+02 1.371600000000000000e+04
2.190000000000000000e+02 1.379670000000000073e+04
1.550000000000000000e+02 1.384139999999999964e+04
2.750000000000000000e+02 1.390055000000000109e+04
2.510000000000000000e+02 1.390189999999999964e+04
2.700000000000000000e+01 1.392200000000000000e+04
1.310000000000000000e+02 1.398520000000000073e+04
2.030000000000000000e+02 1.401939999999999964e+04
3.470000000000000000e+02 1.446645000000000073e+04
2.190000000000000000e+02 1.447530000000000109e+04
3.310000000000000000e+02 1.458630000000000109e+04
5.100000000000000000e+01 1.462060000000000036e+04
1.870000000000000000e+02 1.523180000000000109e+04
7.500000000000000000e+01 1.530820000000000073e+04
4.300000000000000000e+01 1.542205000000000109e+04
1.230000000000000000e+02 1.550955000000000109e+04
3.870000000000000000e+02 1.555089999999999964e+04
3.070000000000000000e+02 1.559030000000000109e+04
2.350000000000000000e+02 1.559260000000000036e+04
3.310000000000000000e+02 1.578660000000000036e+04
4.300000000000000000e+01 1.596564999999999964e+04
2.700000000000000000e+01 1.606500000000000000e+04
3.150000000000000000e+02 1.622930000000000109e+04
3.790000000000000000e+02 1.624295000000000073e+04
2.700000000000000000e+01 1.630475000000000000e+04
1.950000000000000000e+02 1.643459999999999854e+04
1.630000000000000000e+02 1.664145000000000073e+04
8.300000000000000000e+01 1.666170000000000073e+04
1.100000000000000000e+01 1.668629999999999927e+04
3.070000000000000000e+02 1.705770000000000073e+04
2.110000000000000000e+02 1.706715000000000146e+04
1.870000000000000000e+02 1.711640000000000146e+04
2.110000000000000000e+02 1.713579999999999927e+04
1.870000000000000000e+02 1.719315000000000146e+04
5.900000000000000000e+01 1.732395000000000073e+04
6.700000000000000000e+01 1.738584999999999854e+04
1.230000000000000000e+02 1.765790000000000146e+04
1.710000000000000000e+02 1.783270000000000073e+04
2.750000000000000000e+02 1.786190000000000146e+04
1.070000000000000000e+02 1.793054999999999927e+04
2.190000000000000000e+02 1.816510000000000218e+04
1.150000000000000000e+02 1.820435000000000218e+04
2.750000000000000000e+02 1.825710000000000218e+04
1.390000000000000000e+02 1.834904999999999927e+04
3.870000000000000000e+02 1.848704999999999927e+04
1.790000000000000000e+02 1.853275000000000000e+04
8.300000000000000000e+01 1.853675000000000000e+04
5.900000000000000000e+01 1.865065000000000146e+04
3.710000000000000000e+02 1.865475000000000000e+04
2.270000000000000000e+02 1.871590000000000146e+04
2.990000000000000000e+02 1.879335000000000218e+04
2.350000000000000000e+02 1.880235000000000218e+04
2.430000000000000000e+02 1.900865000000000146e+04
6.700000000000000000e+01 1.903079999999999927e+04
3.230000000000000000e+02 1.935404999999999927e+04
1.100000000000000000e+01 1.941470000000000073e+04
2.350000000000000000e+02 1.962285000000000218e+04
2.190000000000000000e+02 1.979179999999999927e+04
2.700000000000000000e+01 1.980629999999999927e+04
2.750000000000000000e+02 2.015135000000000218e+04
1.550000000000000000e+02 2.017885000000000218e+04
6.700000000000000000e+01 2.042800000000000000e+04
3.630000000000000000e+02 2.046885000000000218e+04
3.870000000000000000e+02 2.060675000000000000e+04
1.070000000000000000e+02 2.081079999999999927e+04
2.510000000000000000e+02 2.082125000000000000e+04
3.070000000000000000e+02 2.084620000000000073e+04
9.900000000000000000e+01 2.087850000000000000e+04
1.630000000000000000e+02 2.096220000000000073e+04
1.310000000000000000e+02 2.097795000000000073e+04
1.630000000000000000e+02 2.106104999999999927e+04
9.900000000000000000e+01 2.111760000000000218e+04
2.910000000000000000e+02 2.117595000000000073e+04
1.390000000000000000e+02 2.128760000000000218e+04
1.630000000000000000e+02 2.133745000000000073e+04
2.990000000000000000e+02 2.167840000000000146e+04
2.910000000000000000e+02 2.173210000000000218e+04
3.790000000000000000e+02 2.178804999999999927e+04
1.390000000000000000e+02 2.187475000000000000e+04
3.950000000000000000e+02 2.188125000000000000e+04
3.790000000000000000e+02 2.201560000000000218e+04
3.550000000000000000e+02 2.205465000000000146e+04
1.790000000000000000e+02 2.209379999999999927e+04
3.150000000000000000e+02 2.227504999999999927e+04
2.430000000000000000e+02 2.228245000000000073e+04
1.630000000000000000e+02 2.236425000000000000e+04
1.150000000000000000e+02 2.238545000000000073e+04
1.900000000000000000e+01 2.246425000000000000e+04
1.100000000000000000e+01 2.249990000000000146e+04
2.830000000000000000e+02 2.269125000000000000e+04
2.670000000000000000e+02 2.304079999999999927e+04
1.470000000000000000e+02 2.304115000000000146e+04
8.300000000000000000e+01 2.315240000000000146e+04
2.190000000000000000e+02 2.317360000000000218e+04
2.510000000000000000e+02 2.332860000000000218e+04
3.070000000000000000e+02 2.334425000000000000e+04
1.070000000000000000e+02 2.336504999999999927e+04
1.100000000000000000e+01 2.340320000000000073e+04
6.700000000000000000e+01 2.350590000000000146e+04
1.390000000000000000e+02 2.350665000000000146e+04
3.870000000000000000e+02 2.363600000000000000e+04
2.350000000000000000e+02 2.374850000000000000e+04
2.910000000000000000e+02 2.378960000000000218e+04
2.990000000000000000e+02 2.392145000000000073e+04
3.230000000000000000e+02 2.418675000000000000e+04
1.150000000000000000e+02 2.421515000000000146e+04
3.000000000000000000e+00 2.458110000000000218e+04
7.500000000000000000e+01 2.458800000000000000e+04
1.870000000000000000e+02 2.461725000000000000e+04
3.870000000000000000e+02 2.465395000000000073e+04
2.670000000000000000e+02 2.478245000000000073e+04
1.870000000000000000e+02 2.483275000000000000e+04
2.910000000000000000e+02 2.485120000000000073e+04
3.500000000000000000e+01 2.488795000000000073e+04
3.070000000000000000e+02 2.490054999999999927e+04
3.000000000000000000e+00 2.493260000000000218e+04
3.150000000000000000e+02 2.499925000000000000e+04
3.390000000000000000e+02 2.500590000000000146e+04
2.700000000000000000e+01 2.512265000000000146e+04
4.300000000000000000e+01 2.516735000000000218e+04
2.700000000000000000e+01 2.522520000000000073e+04
2.270000000000000000e+02 2.556260000000000218e+04
1.070000000000000000e+02 2.584520000000000073e+04
3.230000000000000000e+02 2.587065000000000146e+04
1.630000000000000000e+02 2.603354999999999927e+04
3.230000000000000000e+02 2.611265000000000146e+04
2.110000000000000000e+02 2.611490000000000146e+04
5.900000000000000000e+01 2.614435000000000218e+04
3.310000000000000000e+02 2.626140000000000146e+04
1.900000000000000000e+01 2.626245000000000073e+04
2.910000000000000000e+02 2.626815000000000146e+04
2.670000000000000000e+02 2.635500000000000000e+04
1.150000000000000000e+02 2.639915000000000146e+04
2.350000000000000000e+02 2.643620000000000073e+04
9.100000000000000000e+01 2.682945000000000073e+04
1.950000000000000000e+02 2.699529999999999927e+04
3.070000000000000000e+02 2.706154999999999927e+04
2.750000000000000000e+02 2.710529999999999927e+04
2.190000000000000000e+02 2.717285000000000218e+04
1.550000000000000000e+02 2.717835000000000218e+04
2.350000000000000000e+02 2.723300000000000000e+04
1.900000000000000000e+01 2.730695000000000073e+04
2.700000000000000000e+01 2.732235000000000218e+04
1.900000000000000000e+01 2.740985000000000218e+04
2.700000000000000000e+01 2.761325000000000000e+04
1.870000000000000000e+02 2.777154999999999927e+04
3.310000000000000000e+02 2.787125000000000000e+04
1.870000000000000000e+02 2.793585000000000218e+04
1.900000000000000000e+01 2.797565000000000146e+04
1.100000000000000000e+01 2.799415000000000146e+04
2.280000000000000000e+02 3.008500000000000227e+02
1.960000000000000000e+02 3.550000000000000000e+02
2.200000000000000000e+02 4.499000000000000341e+02
6.000000000000000000e+01 4.894000000000000341e+02
3.480000000000000000e+02 5.466499999999999773e+02
3.320000000000000000e+02 7.740000000000000000e+02
1.160000000000000000e+02 8.029500000000000455e+02
2.440000000000000000e+02 1.165700000000000045e+03
2.920000000000000000e+02 1.238500000000000000e+03
1.080000000000000000e+02 1.272500000000000000e+03
1.320000000000000000e+02 1.313650000000000091e+03
3.800000000000000000e+02 1.335850000000000136e+03
1.800000000000000000e+02 1.444049999999999955e+03
2.760000000000000000e+02 1.467049999999999955e+03
5.200000000000000000e+01 1.487900000000000091e+03
1.080000000000000000e+02 1.523400000000000091e+03
2.600000000000000000e+02 1.603650000000000091e+03
3.400000000000000000e+02 1.604799999999999955e+03
1.720000000000000000e+02 1.649350000000000136e+03
1.240000000000000000e+02 1.674150000000000091e+03
3.480000000000000000e+02 1.740500000000000000e+03
2.680000000000000000e+02 1.904900000000000091e+03
2.280000000000000000e+02 2.106400000000000091e+03
2.680000000000000000e+02 2.229550000000000182e+03
2.520000000000000000e+02 2.260400000000000091e+03
7.600000000000000000e+01 2.275800000000000182e+03
1.400000000000000000e+02 2.399349999999999909e+03
1.080000000000000000e+02 2.431650000000000091e+03
1.160000000000000000e+02 2.513300000000000182e+03
6.000000000000000000e+01 2.595200000000000273e+03
3.880000000000000000e+02 2.660200000000000273e+03
2.280000000000000000e+02 2.740300000000000182e+03
3.240000000000000000e+02 2.785900000000000091e+03
1.080000000000000000e+02 2.969500000000000000e+03
3.480000000000000000e+02 3.015050000000000182e+03
2.120000000000000000e+02 3.130099999999999909e+03
2.000000000000000000e+01 3.130150000000000091e+03
2.920000000000000000e+02 3.140700000000000273e+03
6.800000000000000000e+01 3.464300000000000182e+03
1.800000000000000000e+02 3.489800000000000182e+03
4.000000000000000000e+00 3.593150000000000091e+03
1.720000000000000000e+02 3.969300000000000182e+03
5.200000000000000000e+01 4.169699999999999818e+03
3.000000000000000000e+02 4.217600000000000364e+03
3.400000000000000000e+02 4.261350000000000364e+03
2.520000000000000000e+02 4.290699999999999818e+03
1.080000000000000000e+02 4.331500000000000000e+03
2.280000000000000000e+02 4.491699999999999818e+03
6.000000000000000000e+01 4.577000000000000000e+03
1.080000000000000000e+02 4.582300000000000182e+03
3.000000000000000000e+02 4.655400000000000546e+03
7.600000000000000000e+01 4.829449999999999818e+03
8.400000000000000000e+01 5.106400000000000546e+03
2.840000000000000000e+02 5.171250000000000000e+03
3.720000000000000000e+02 5.221400000000000546e+03
3.160000000000000000e+02 5.322500000000000000e+03
6.800000000000000000e+01 5.375750000000000000e+03
2.120000000000000000e+02 5.407300000000000182e+03
4.000000000000000000e+00 5.547000000000000000e+03
6.000000000000000000e+01 5.650150000000000546e+03
3.000000000000000000e+02 5.783699999999999818e+03
1.200000000000000000e+01 5.903500000000000000e+03
3.080000000000000000e+02 6.112350000000000364e+03
1.560000000000000000e+02 6.192400000000000546e+03
2.840000000000000000e+02 6.460650000000000546e+03
1.800000000000000000e+02 6.496600000000000364e+03
1.480000000000000000e+02 6.498150000000000546e+03
1.720000000000000000e+02 6.628699999999999818e+03
9.200000000000000000e+01 6.803500000000000000e+03
3.880000000000000000e+02 6.816449999999999818e+03
2.800000000000000000e+01 6.817400000000000546e+03
2.680000000000000000e+02 6.822850000000000364e+03
1.000000000000000000e+02 6.847199999999999818e+03
9.200000000000000000e+01 6.907750000000000000e+03
1.560000000000000000e+02 6.972650000000000546e+03
3.320000000000000000e+02 7.086350000000000364e+03
3.160000000000000000e+02 7.364750000000000000e+03
3.240000000000000000e+02 7.466500000000000000e+03
1.320000000000000000e+02 7.476949999999999818e+03
3.880000000000000000e+02 7.525100000000000364e+03
2.280000000000000000e+02 7.604800000000000182e+03
6.800000000000000000e+01 7.799250000000000000e+03
8.400000000000000000e+01 7.888199999999999818e+03
3.960000000000000000e+02 7.939650000000000546e+03
3.720000000000000000e+02 8.002250000000000000e+03
1.080000000000000000e+02 8.021400000000000546e+03
2.280000000000000000e+02 8.071750000000000000e+03
1.320000000000000000e+02 8.273250000000000000e+03
1.080000000000000000e+02 8.275149999999999636e+03
2.120000000000000000e+02 8.306049999999999272e+03
3.320000000000000000e+02 8.446899999999999636e+03
1.880000000000000000e+02 8.596500000000000000e+03
3.800000000000000000e+02 8.747200000000000728e+03
2.760000000000000000e+02 9.026399999999999636e+03
8.400000000000000000e+01 9.037649999999999636e+03
3.560000000000000000e+02 9.137950000000000728e+03
3.640000000000000000e+02 9.237950000000000728e+03
3.480000000000000000e+02 9.290750000000000000e+03
9.200000000000000000e+01 9.384399999999999636e+03
5.200000000000000000e+01 9.415550000000001091e+03
6.800000000000000000e+01 9.481850000000000364e+03
3.640000000000000000e+02 9.610100000000000364e+03
2.920000000000000000e+02 9.670100000000000364e+03
3.400000000000000000e+02 9.807950000000000728e+03
2.280000000000000000e+02 1.002020000000000073e+04
2.680000000000000000e+02 1.027980000000000109e+04
5.200000000000000000e+01 1.030470000000000073e+04
1.400000000000000000e+02 1.047030000000000109e+04
2.040000000000000000e+02 1.048160000000000036e+04
2.360000000000000000e+02 1.054745000000000073e+04
3.320000000000000000e+02 1.056664999999999964e+04
3.080000000000000000e+02 1.060810000000000036e+04
1.720000000000000000e+02 1.063095000000000073e+04
3.720000000000000000e+02 1.079289999999999964e+04
2.520000000000000000e+02 1.083230000000000109e+04
6.000000000000000000e+01 1.091530000000000109e+04
2.680000000000000000e+02 1.097360000000000036e+04
2.520000000000000000e+02 1.099850000000000000e+04
3.160000000000000000e+02 1.105600000000000000e+04
1.160000000000000000e+02 1.106605000000000109e+04
2.280000000000000000e+02 1.112555000000000109e+04
2.360000000000000000e+02 1.122864999999999964e+04
3.800000000000000000e+02 1.128030000000000109e+04
3.880000000000000000e+02 1.134714999999999964e+04
3.240000000000000000e+02 1.136835000000000036e+04
3.560000000000000000e+02 1.149425000000000000e+04
3.600000000000000000e+01 1.164350000000000000e+04
1.320000000000000000e+02 1.171395000000000073e+04
1.400000000000000000e+02 1.181289999999999964e+04
1.960000000000000000e+02 1.181775000000000000e+04
6.000000000000000000e+01 1.184489999999999964e+04
1.640000000000000000e+02 1.187350000000000000e+04
7.600000000000000000e+01 1.193350000000000000e+04
2.840000000000000000e+02 1.199685000000000036e+04
3.880000000000000000e+02 1.229255000000000109e+04
2.000000000000000000e+01 1.245445000000000073e+04
3.160000000000000000e+02 1.249770000000000073e+04
3.400000000000000000e+02 1.250930000000000109e+04
3.160000000000000000e+02 1.266514999999999964e+04
3.800000000000000000e+02 1.277825000000000000e+04
2.600000000000000000e+02 1.289960000000000036e+04
6.800000000000000000e+01 1.291435000000000036e+04
3.480000000000000000e+02 1.296089999999999964e+04
1.240000000000000000e+02 1.313050000000000000e+04
2.280000000000000000e+02 1.336655000000000109e+04
2.600000000000000000e+02 1.346420000000000073e+04
6.800000000000000000e+01 1.348610000000000036e+04
2.800000000000000000e+01 1.361610000000000036e+04
1.200000000000000000e+01 1.370189999999999964e+04
1.960000000000000000e+02 1.377085000000000036e+04
9.200000000000000000e+01 1.383905000000000109e+04
6.800000000000000000e+01 1.388010000000000036e+04
3.800000000000000000e+02 1.393920000000000073e+04
1.960000000000000000e+02 1.394110000000000036e+04
3.000000000000000000e+02 1.394630000000000109e+04
2.200000000000000000e+02 1.396389999999999964e+04
1.880000000000000000e+02 1.403110000000000036e+04
1.240000000000000000e+02 1.406125000000000000e+04
3.400000000000000000e+02 1.412125000000000000e+04
1.480000000000000000e+02 1.417120000000000073e+04
3.480000000000000000e+02 1.434510000000000036e+04
1.160000000000000000e+02 1.448735000000000036e+04
3.880000000000000000e+02 1.460489999999999964e+04
1.240000000000000000e+02 1.466705000000000109e+04
2.040000000000000000e+02 1.469620000000000073e+04
5.200000000000000000e+01 1.484050000000000000e+04
2.120000000000000000e+02 1.484195000000000073e+04
3.080000000000000000e+02 1.493845000000000073e+04
3.240000000000000000e+02 1.511405000000000109e+04
1.640000000000000000e+02 1.521405000000000109e+04
2.760000000000000000e+02 1.533350000000000000e+04
1.640000000000000000e+02 1.540180000000000109e+04
8.400000000000000000e+01 1.542025000000000000e+04
3.600000000000000000e+01 1.551960000000000036e+04
9.200000000000000000e+01 1.571635000000000036e+04
2.920000000000000000e+02 1.575605000000000109e+04
2.120000000000000000e+02 1.592345000000000073e+04
3.240000000000000000e+02 1.600064999999999964e+04
2.520000000000000000e+02 1.605885000000000036e+04
3.720000000000000000e+02 1.610310000000000036e+04
2.520000000000000000e+02 1.630139999999999964e+04
1.000000000000000000e+02 1.632385000000000036e+04
3.640000000000000000e+02 1.640495000000000073e+04
2.000000000000000000e+01 1.650670000000000073e+04
1.320000000000000000e+02 1.660979999999999927e+04
3.880000000000000000e+02 1.681509999999999854e+04
7.600000000000000000e+01 1.685395000000000073e+04
3.960000000000000000e+02 1.689775000000000000e+04
3.720000000000000000e+02 1.691915000000000146e+04
3.160000000000000000e+02 1.700234999999999854e+04
1.480000000000000000e+02 1.702720000000000073e+04
1.800000000000000000e+02 1.706315000000000146e+04
5.200000000000000000e+01 1.732365000000000146e+04
1.800000000000000000e+02 1.743950000000000000e+04
1.560000000000000000e+02 1.747895000000000073e+04
2.120000000000000000e+02 1.772150000000000000e+04
3.240000000000000000e+02 1.774070000000000073e+04
2.200000000000000000e+02 1.776645000000000073e+04
7.600000000000000000e+01 1.777435000000000218e+04
5.200000000000000000e+01 1.802820000000000073e+04
3.480000000000000000e+02 1.805850000000000000e+04
1.160000000000000000e+02 1.816050000000000000e+04
1.160000000000000000e+02 1.843245000000000073e+04
1.200000000000000000e+01 1.844275000000000000e+04
1.720000000000000000e+02 1.846329999999999927e+04
2.280000000000000000e+02 1.846525000000000000e+04
9.200000000000000000e+01 1.868579999999999927e+04
2.360000000000000000e+02 1.880000000000000000e+04
1.000000000000000000e+02 1.890120000000000073e+04
2.520000000000000000e+02 1.890915000000000146e+04
2.120000000000000000e+02 1.904870000000000073e+04
1.000000000000000000e+02 1.920085000000000218e+04
6.000000000000000000e+01 1.921710000000000218e+04
3.480000000000000000e+02 1.922415000000000146e+04
2.600000000000000000e+02 1.931329999999999927e+04
2.000000000000000000e+01 1.934345000000000073e+04
4.000000000000000000e+00 1.939220000000000073e+04
2.360000000000000000e+02 1.942715000000000146e+04
3.720000000000000000e+02 1.957960000000000218e+04
8.400000000000000000e+01 1.965150000000000000e+04
1.000000000000000000e+02 1.967720000000000073e+04
2.360000000000000000e+02 1.970810000000000218e+04
4.400000000000000000e+01 1.978279999999999927e+04
1.400000000000000000e+02 1.984370000000000073e+04
6.800000000000000000e+01 1.987635000000000218e+04
1.400000000000000000e+02 2.000185000000000218e+04
1.240000000000000000e+02 2.001860000000000218e+04
2.600000000000000000e+02 2.008750000000000000e+04
6.800000000000000000e+01 2.015535000000000218e+04
1.200000000000000000e+01 2.025754999999999927e+04
2.920000000000000000e+02 2.026610000000000218e+04
3.800000000000000000e+02 2.039495000000000073e+04
1.320000000000000000e+02 2.048004999999999927e+04
2.600000000000000000e+02 2.052060000000000218e+04
1.720000000000000000e+02 2.058425000000000000e+04
2.280000000000000000e+02 2.066885000000000218e+04
3.160000000000000000e+02 2.068460000000000218e+04
8.400000000000000000e+01 2.081160000000000218e+04
6.000000000000000000e+01 2.098590000000000146e+04
2.840000000000000000e+02 2.107929999999999927e+04
1.720000000000000000e+02 2.108345000000000073e+04
2.800000000000000000e+01 2.132140000000000146e+04
8.400000000000000000e+01 2.136454999999999927e+04
1.160000000000000000e+02 2.161375000000000000e+04
3.640000000000000000e+02 2.169010000000000218e+04
2.040000000000000000e+02 2.171370000000000073e+04
3.800000000000000000e+02 2.171900000000000000e+04
1.160000000000000000e+02 2.198179999999999927e+04
3.000000000000000000e+02 2.209315000000000146e+04
3.320000000000000000e+02 2.213465000000000146e+04
3.160000000000000000e+02 2.217695000000000073e+04
3.720000000000000000e+02 2.230660000000000218e+04
5.200000000000000000e+01 2.240245000000000073e+04
2.600000000000000000e+02 2.245390000000000146e+04
2.680000000000000000e+02 2.248585000000000218e+04
1.720000000000000000e+02 2.259975000000000000e+04
1.320000000000000000e+02 2.268265000000000146e+04
2.120000000000000000e+02 2.274729999999999927e+04
1.080000000000000000e+02 2.283104999999999927e+04
1.880000000000000000e+02 2.286115000000000146e+04
3.160000000000000000e+02 2.314165000000000146e+04
2.680000000000000000e+02 2.316210000000000218e+04
3.560000000000000000e+02 2.325085000000000218e+04
1.880000000000000000e+02 2.339300000000000000e+04
1.320000000000000000e+02 2.341575000000000000e+04
2.800000000000000000e+01 2.345300000000000000e+04
3.160000000000000000e+02 2.364629999999999927e+04
1.960000000000000000e+02 2.431360000000000218e+04
1.240000000000000000e+02 2.433775000000000000e+04
3.880000000000000000e+02 2.439170000000000073e+04
3.960000000000000000e+02 2.490935000000000218e+04
2.440000000000000000e+02 2.496515000000000146e+04
2.760000000000000000e+02 2.501315000000000146e+04
2.800000000000000000e+01 2.503329999999999927e+04
1.960000000000000000e+02 2.526675000000000000e+04
7.600000000000000000e+01 2.544740000000000146e+04
1.800000000000000000e+02 2.552735000000000218e+04
2.840000000000000000e+02 2.560835000000000218e+04
3.480000000000000000e+02 2.566500000000000000e+04
2.840000000000000000e+02 2.568629999999999927e+04
2.040000000000000000e+02 2.584304999999999927e+04
1.240000000000000000e+02 2.584510000000000218e+04
3.400000000000000000e+02 2.604310000000000218e+04
2.840000000000000000e+02 2.607170000000000073e+04
9.200000000000000000e+01 2.612790000000000146e+04
3.800000000000000000e+02 2.622910000000000218e+04
1.560000000000000000e+02 2.628095000000000073e+04
2.840000000000000000e+02 2.628335000000000218e+04
5.200000000000000000e+01 2.635590000000000146e+04
4.000000000000000000e+00 2.645760000000000218e+04
3.240000000000000000e+02 2.647229999999999927e+04
3.240000000000000000e+02 2.654204999999999927e+04
5.200000000000000000e+01 2.659279999999999927e+04
1.560000000000000000e+02 2.659404999999999927e+04
1.400000000000000000e+02 2.660890000000000146e+04
3.800000000000000000e+02 2.668290000000000146e+04
2.120000000000000000e+02 2.674410000000000218e+04
3.240000000000000000e+02 2.676185000000000218e+04
1.400000000000000000e+02 2.678765000000000146e+04
3.480000000000000000e+02 2.699375000000000000e+04
6.000000000000000000e+01 2.711404999999999927e+04
2.000000000000000000e+01 2.749440000000000146e+04
5.200000000000000000e+01 2.751610000000000218e+04
1.080000000000000000e+02 2.759220000000000073e+04
2.360000000000000000e+02 2.762990000000000146e+04
2.360000000000000000e+02 2.793400000000000000e+04
2.530000000000000000e+02 1.133500000000000085e+02
3.410000000000000000e+02 1.680000000000000000e+02
3.700000000000000000e+01 1.899000000000000057e+02
9.300000000000000000e+01 2.753500000000000227e+02
3.170000000000000000e+02 3.220500000000000114e+02
3.090000000000000000e+02 5.622000000000000455e+02
1.090000000000000000e+02 5.741000000000000227e+02
3.730000000000000000e+02 6.028500000000000227e+02
5.000000000000000000e+00 6.987500000000000000e+02
1.410000000000000000e+02 7.701499999999999773e+02
2.690000000000000000e+02 8.479500000000000455e+02
2.210000000000000000e+02 9.808999999999999773e+02
2.290000000000000000e+02 1.026549999999999955e+03
3.730000000000000000e+02 1.103500000000000000e+03
2.130000000000000000e+02 1.171750000000000000e+03
2.370000000000000000e+02 1.213500000000000000e+03
4.500000000000000000e+01 1.339000000000000000e+03
3.250000000000000000e+02 1.372600000000000136e+03
3.970000000000000000e+02 1.410750000000000000e+03
1.490000000000000000e+02 1.418950000000000045e+03
3.570000000000000000e+02 1.713299999999999955e+03
3.730000000000000000e+02 1.804350000000000136e+03
3.970000000000000000e+02 1.860100000000000136e+03
2.050000000000000000e+02 1.896799999999999955e+03
1.890000000000000000e+02 1.928600000000000136e+03
2.900000000000000000e+01 2.123750000000000000e+03
8.500000000000000000e+01 2.247950000000000273e+03
3.810000000000000000e+02 2.260050000000000182e+03
5.000000000000000000e+00 2.293550000000000182e+03
9.300000000000000000e+01 2.494500000000000000e+03
3.170000000000000000e+02 2.528750000000000000e+03
2.530000000000000000e+02 2.575150000000000091e+03
5.000000000000000000e+00 2.671950000000000273e+03
2.900000000000000000e+01 2.742700000000000273e+03
8.500000000000000000e+01 2.828349999999999909e+03
2.690000000000000000e+02 2.923849999999999909e+03
3.570000000000000000e+02 3.021349999999999909e+03
3.700000000000000000e+01 3.171300000000000182e+03
2.610000000000000000e+02 3.273450000000000273e+03
6.900000000000000000e+01 3.406849999999999909e+03
3.970000000000000000e+02 3.460900000000000091e+03
6.100000000000000000e+01 3.482349999999999909e+03
2.530000000000000000e+02 3.495099999999999909e+03
1.890000000000000000e+02 3.513150000000000091e+03
1.410000000000000000e+02 3.532700000000000273e+03
3.730000000000000000e+02 3.598400000000000091e+03
2.850000000000000000e+02 4.089050000000000182e+03
5.000000000000000000e+00 4.126699999999999818e+03
1.410000000000000000e+02 4.176149999999999636e+03
1.300000000000000000e+01 4.190250000000000000e+03
5.000000000000000000e+00 4.209250000000000000e+03
1.650000000000000000e+02 4.245550000000000182e+03
1.330000000000000000e+02 4.298699999999999818e+03
1.890000000000000000e+02 4.344600000000000364e+03
1.010000000000000000e+02 4.495900000000000546e+03
3.890000000000000000e+02 4.629199999999999818e+03
5.300000000000000000e+01 4.802949999999999818e+03
3.890000000000000000e+02 4.855850000000000364e+03
5.000000000000000000e+00 4.858050000000000182e+03
1.170000000000000000e+02 4.905250000000000000e+03
3.730000000000000000e+02 4.937199999999999818e+03
3.570000000000000000e+02 5.191050000000000182e+03
1.890000000000000000e+02 5.223150000000000546e+03
2.290000000000000000e+02 5.458350000000000364e+03
6.900000000000000000e+01 5.467350000000000364e+03
5.300000000000000000e+01 5.691949999999999818e+03
2.290000000000000000e+02 5.968050000000000182e+03
3.490000000000000000e+02 6.141949999999999818e+03
3.570000000000000000e+02 6.223199999999999818e+03
3.410000000000000000e+02 6.316300000000000182e+03
3.490000000000000000e+02 6.364050000000000182e+03
2.100000000000000000e+01 6.426199999999999818e+03
1.570000000000000000e+02 6.469600000000000364e+03
1.300000000000000000e+01 6.652100000000000364e+03
1.170000000000000000e+02 6.696949999999999818e+03
3.010000000000000000e+02 6.924250000000000000e+03
1.250000000000000000e+02 7.014750000000000000e+03
4.500000000000000000e+01 7.535750000000000000e+03
3.490000000000000000e+02 7.554350000000000364e+03
6.100000000000000000e+01 7.588850000000000364e+03
2.050000000000000000e+02 7.602350000000000364e+03
3.700000000000000000e+01 7.727150000000000546e+03
3.170000000000000000e+02 7.793600000000000364e+03
3.570000000000000000e+02 7.953550000000000182e+03
7.700000000000000000e+01 8.016350000000000364e+03
3.890000000000000000e+02 8.031150000000000546e+03
2.610000000000000000e+02 8.073750000000000000e+03
2.210000000000000000e+02 8.203100000000000364e+03
3.570000000000000000e+02 8.235899999999999636e+03
1.650000000000000000e+02 8.295649999999999636e+03
3.810000000000000000e+02 8.324200000000000728e+03
3.650000000000000000e+02 8.428100000000000364e+03
2.610000000000000000e+02 8.438500000000000000e+03
3.010000000000000000e+02 8.612950000000000728e+03
3.700000000000000000e+01 8.685799999999999272e+03
3.970000000000000000e+02 8.694399999999999636e+03
1.730000000000000000e+02 8.771600000000000364e+03
1.890000000000000000e+02 8.788649999999999636e+03
1.970000000000000000e+02 8.883200000000000728e+03
3.890000000000000000e+02 8.976149999999999636e+03
3.650000000000000000e+02 9.005950000000000728e+03
2.050000000000000000e+02 9.038649999999999636e+03
3.970000000000000000e+02 9.068300000000001091e+03
8.500000000000000000e+01 9.136899999999999636e+03
1.170000000000000000e+02 9.159550000000001091e+03
1.570000000000000000e+02 9.169149999999999636e+03
1.490000000000000000e+02 9.364100000000000364e+03
5.300000000000000000e+01 9.436200000000000728e+03
2.770000000000000000e+02 9.788700000000000728e+03
3.170000000000000000e+02 9.887899999999999636e+03
1.730000000000000000e+02 9.957250000000000000e+03
3.700000000000000000e+01 1.002480000000000109e+04
2.530000000000000000e+02 1.002725000000000000e+04
5.300000000000000000e+01 1.005495000000000073e+04
2.530000000000000000e+02 1.013345000000000073e+04
1.090000000000000000e+02 1.024060000000000036e+04
1.300000000000000000e+01 1.033714999999999964e+04
3.570000000000000000e+02 1.035264999999999964e+04
3.490000000000000000e+02 1.035380000000000109e+04
2.290000000000000000e+02 1.043495000000000073e+04
2.290000000000000000e+02 1.051200000000000000e+04
8.500000000000000000e+01 1.052520000000000073e+04
3.730000000000000000e+02 1.085500000000000000e+04
1.970000000000000000e+02 1.085755000000000109e+04
1.010000000000000000e+02 1.101195000000000073e+04
1.170000000000000000e+02 1.104650000000000000e+04
1.810000000000000000e+02 1.106795000000000073e+04
3.010000000000000000e+02 1.119639999999999964e+04
2.370000000000000000e+02 1.120700000000000000e+04
2.100000000000000000e+01 1.124564999999999964e+04
1.890000000000000000e+02 1.125325000000000000e+04
3.730000000000000000e+02 1.148735000000000036e+04
3.700000000000000000e+01 1.149580000000000109e+04
3.490000000000000000e+02 1.165314999999999964e+04
2.610000000000000000e+02 1.176639999999999964e+04
1.010000000000000000e+02 1.182455000000000109e+04
1.890000000000000000e+02 1.187164999999999964e+04
1.170000000000000000e+02 1.188364999999999964e+04
1.250000000000000000e+02 1.196714999999999964e+04
2.130000000000000000e+02 1.209130000000000109e+04
1.570000000000000000e+02 1.210675000000000000e+04
5.300000000000000000e+01 1.213964999999999964e+04
1.410000000000000000e+02 1.215585000000000036e+04
2.850000000000000000e+02 1.225980000000000109e+04
1.090000000000000000e+02 1.239720000000000073e+04
1.810000000000000000e+02 1.243675000000000000e+04
1.300000000000000000e+01 1.252814999999999964e+04
3.330000000000000000e+02 1.257389999999999964e+04
2.690000000000000000e+02 1.260705000000000109e+04
5.000000000000000000e+00 1.279625000000000000e+04
3.810000000000000000e+02 1.283730000000000109e+04
5.000000000000000000e+00 1.286085000000000036e+04
1.250000000000000000e+02 1.296400000000000000e+04
2.930000000000000000e+02 1.338910000000000036e+04
8.500000000000000000e+01 1.340895000000000073e+04
2.850000000000000000e+02 1.343755000000000109e+04
2.450000000000000000e+02 1.368525000000000000e+04
1.810000000000000000e+02 1.370070000000000073e+04
1.490000000000000000e+02 1.376775000000000000e+04
1.330000000000000000e+02 1.384225000000000000e+04
3.330000000000000000e+02 1.386085000000000036e+04
2.210000000000000000e+02 1.391589999999999964e+04
8.500000000000000000e+01 1.415764999999999964e+04
3.010000000000000000e+02 1.417005000000000109e+04
1.330000000000000000e+02 1.427275000000000000e+04
3.810000000000000000e+02 1.429364999999999964e+04
3.490000000000000000e+02 1.444925000000000000e+04
3.410000000000000000e+02 1.456410000000000036e+04
1.810000000000000000e+02 1.473330000000000109e+04
3.570000000000000000e+02 1.485345000000000073e+04
2.900000000000000000e+01 1.502789999999999964e+04
2.130000000000000000e+02 1.508735000000000036e+04
5.000000000000000000e+00 1.521210000000000036e+04
2.290000000000000000e+02 1.532900000000000000e+04
2.850000000000000000e+02 1.540585000000000036e+04
9.300000000000000000e+01 1.544014999999999964e+04
1.730000000000000000e+02 1.561130000000000109e+04
1.650000000000000000e+02 1.566964999999999964e+04
1.300000000000000000e+01 1.580014999999999964e+04
1.250000000000000000e+02 1.593820000000000073e+04
1.490000000000000000e+02 1.615200000000000000e+04
2.530000000000000000e+02 1.623060000000000036e+04
1.490000000000000000e+02 1.628775000000000000e+04
1.570000000000000000e+02 1.630395000000000073e+04
6.100000000000000000e+01 1.642040000000000146e+04
3.570000000000000000e+02 1.646534999999999854e+04
6.100000000000000000e+01 1.655795000000000073e+04
2.290000000000000000e+02 1.661134999999999854e+04
3.490000000000000000e+02 1.692000000000000000e+04
2.050000000000000000e+02 1.717029999999999927e+04
1.810000000000000000e+02 1.723929999999999927e+04
1.250000000000000000e+02 1.724670000000000073e+04
2.130000000000000000e+02 1.743975000000000000e+04
2.530000000000000000e+02 1.751979999999999927e+04
5.300000000000000000e+01 1.759090000000000146e+04
2.930000000000000000e+02 1.773015000000000146e+04
3.170000000000000000e+02 1.781615000000000146e+04
3.090000000000000000e+02 1.798254999999999927e+04
2.210000000000000000e+02 1.800795000000000073e+04
3.330000000000000000e+02 1.804700000000000000e+04
3.810000000000000000e+02 1.819615000000000146e+04
4.500000000000000000e+01 1.826504999999999927e+04
3.250000000000000000e+02 1.833085000000000218e+04
1.010000000000000000e+02 1.839660000000000218e+04
3.170000000000000000e+02 1.852020000000000073e+04
1.730000000000000000e+02 1.873279999999999927e+04
1.570000000000000000e+02 1.882940000000000146e+04
2.850000000000000000e+02 1.919554999999999927e+04
3.810000000000000000e+02 1.927165000000000146e+04
3.090000000000000000e+02 1.951465000000000146e+04
3.170000000000000000e+02 1.999410000000000218e+04
2.770000000000000000e+02 2.000840000000000146e+04
1.330000000000000000e+02 2.001104999999999927e+04
5.000000000000000000e+00 2.008790000000000146e+04
6.100000000000000000e+01 2.010765000000000146e+04
7.700000000000000000e+01 2.019875000000000000e+04
1.970000000000000000e+02 2.021835000000000218e+04
2.450000000000000000e+02 2.033345000000000073e+04
4.500000000000000000e+01 2.044325000000000000e+04
3.650000000000000000e+02 2.052225000000000000e+04
1.010000000000000000e+02 2.056604999999999927e+04
1.890000000000000000e+02 2.096975000000000000e+04
3.090000000000000000e+02 2.109790000000000146e+04
1.090000000000000000e+02 2.121125000000000000e+04
1.810000000000000000e+02 2.122204999999999927e+04
3.330000000000000000e+02 2.123804999999999927e+04
3.010000000000000000e+02 2.131590000000000146e+04
3.890000000000000000e+02 2.145104999999999927e+04
2.850000000000000000e+02 2.150520000000000073e+04
1.730000000000000000e+02 2.161360000000000218e+04
2.050000000000000000e+02 2.191145000000000073e+04
5.000000000000000000e+00 2.192115000000000146e+04
2.900000000000000000e+01 2.197985000000000218e+04
3.330000000000000000e+02 2.234404999999999927e+04
3.170000000000000000e+02 2.237265000000000146e+04
3.330000000000000000e+02 2.243235000000000218e+04
2.100000000000000000e+01 2.264835000000000218e+04
1.170000000000000000e+02 2.270910000000000218e+04
2.930000000000000000e+02 2.274854999999999927e+04
5.300000000000000000e+01 2.276070000000000073e+04
2.100000000000000000e+01 2.283200000000000000e+04
2.610000000000000000e+02 2.285629999999999927e+04
5.300000000000000000e+01 2.291679999999999927e+04
6.900000000000000000e+01 2.295329999999999927e+04
1.810000000000000000e+02 2.297040000000000146e+04
3.650000000000000000e+02 2.313915000000000146e+04
2.610000000000000000e+02 2.317290000000000146e+04
1.890000000000000000e+02 2.322425000000000000e+04
2.100000000000000000e+01 2.329290000000000146e+04
2.690000000000000000e+02 2.333790000000000146e+04
3.890000000000000000e+02 2.334495000000000073e+04
2.610000000000000000e+02 2.345075000000000000e+04
2.930000000000000000e+02 2.350420000000000073e+04
1.170000000000000000e+02 2.354765000000000146e+04
5.000000000000000000e+00 2.357004999999999927e+04
1.730000000000000000e+02 2.363370000000000073e+04
2.900000000000000000e+01 2.368879999999999927e+04
3.490000000000000000e+02 2.372454999999999927e+04
7.700000000000000000e+01 2.376085000000000218e+04
5.300000000000000000e+01 2.376290000000000146e+04
2.370000000000000000e+02 2.381315000000000146e+04
2.100000000000000000e+01 2.382535000000000218e+04
4.500000000000000000e+01 2.384810000000000218e+04
1.330000000000000000e+02 2.389025000000000000e+04
3.330000000000000000e+02 2.391525000000000000e+04
2.450000000000000000e+02 2.406779999999999927e+04
1.730000000000000000e+02 2.416375000000000000e+04
2.450000000000000000e+02 2.433804999999999927e+04
3.090000000000000000e+02 2.436145000000000073e+04
7.700000000000000000e+01 2.440695000000000073e+04
1.250000000000000000e+02 2.449795000000000073e+04
5.000000000000000000e+00 2.454529999999999927e+04
3.890000000000000000e+02 2.456570000000000073e+04
3.700000000000000000e+01 2.459479999999999927e+04
2.900000000000000000e+01 2.476910000000000218e+04
2.850000000000000000e+02 2.481815000000000146e+04
1.170000000000000000e+02 2.490085000000000218e+04
2.530000000000000000e+02 2.491545000000000073e+04
3.890000000000000000e+02 2.491585000000000218e+04
1.250000000000000000e+02 2.498054999999999927e+04
2.900000000000000000e+01 2.504535000000000218e+04
1.810000000000000000e+02 2.509920000000000073e+04
2.100000000000000000e+01 2.533715000000000146e+04
3.700000000000000000e+01 2.541335000000000218e+04
1.810000000000000000e+02 2.541940000000000146e+04
3.410000000000000000e+02 2.554940000000000146e+04
4.500000000000000000e+01 2.563920000000000073e+04
7.700000000000000000e+01 2.577010000000000218e+04
2.690000000000000000e+02 2.583420000000000073e+04
2.770000000000000000e+02 2.593090000000000146e+04
2.050000000000000000e+02 2.595790000000000146e+04
5.300000000000000000e+01 2.628940000000000146e+04
2.530000000000000000e+02 2.640065000000000146e+04
2.900000000000000000e+01 2.664745000000000073e+04
3.810000000000000000e+02 2.671090000000000146e+04
8.500000000000000000e+01 2.693340000000000146e+04
3.700000000000000000e+01 2.694995000000000073e+04
3.170000000000000000e+02 2.696140000000000146e+04
3.250000000000000000e+02 2.697815000000000146e+04
1.890000000000000000e+02 2.718875000000000000e+04
1.300000000000000000e+01 2.720070000000000073e+04
8.500000000000000000e+01 2.722460000000000218e+04
2.050000000000000000e+02 2.724395000000000073e+04
3.490000000000000000e+02 2.738575000000000000e+04
3.010000000000000000e+02 2.747185000000000218e+04
2.850000000000000000e+02 2.748085000000000218e+04
1.490000000000000000e+02 2.753225000000000000e+04
2.450000000000000000e+02 2.758125000000000000e+04
2.100000000000000000e+01 2.759329999999999927e+04
2.210000000000000000e+02 2.767460000000000218e+04
1.170000000000000000e+02 2.770625000000000000e+04
1.570000000000000000e+02 2.772940000000000146e+04
3.570000000000000000e+02 2.773975000000000000e+04
5.000000000000000000e+00 2.787320000000000073e+04
3.980000000000000000e+02 2.756999999999999886e+02
3.180000000000000000e+02 3.361999999999999886e+02
1.400000000000000000e+01 4.409499999999999886e+02
6.200000000000000000e+01 5.126000000000000227e+02
1.020000000000000000e+02 5.314500000000000455e+02
3.020000000000000000e+02 5.603000000000000682e+02
1.020000000000000000e+02 6.492500000000000000e+02
3.020000000000000000e+02 6.988500000000000227e+02
1.400000000000000000e+01 9.241000000000000227e+02
3.580000000000000000e+02 1.017750000000000000e+03
2.060000000000000000e+02 1.063599999999999909e+03
7.800000000000000000e+01 1.075450000000000045e+03
1.420000000000000000e+02 1.201750000000000000e+03
4.600000000000000000e+01 1.203250000000000000e+03
7.800000000000000000e+01 1.382350000000000136e+03
3.260000000000000000e+02 1.401100000000000136e+03
1.660000000000000000e+02 1.466700000000000045e+03
1.500000000000000000e+02 1.606000000000000000e+03
1.900000000000000000e+02 1.647250000000000000e+03
1.500000000000000000e+02 1.739900000000000091e+03
2.220000000000000000e+02 1.926549999999999955e+03
1.580000000000000000e+02 1.955250000000000000e+03
3.660000000000000000e+02 1.987700000000000045e+03
3.900000000000000000e+02 2.032450000000000045e+03
3.340000000000000000e+02 2.036100000000000136e+03
9.400000000000000000e+01 2.228300000000000182e+03
4.600000000000000000e+01 2.339050000000000182e+03
1.180000000000000000e+02 2.344599999999999909e+03
9.400000000000000000e+01 2.416950000000000273e+03
2.220000000000000000e+02 2.470099999999999909e+03
2.200000000000000000e+01 2.539450000000000273e+03
3.500000000000000000e+02 2.736450000000000273e+03
7.800000000000000000e+01 2.854500000000000000e+03
3.800000000000000000e+01 3.151000000000000000e+03
2.300000000000000000e+02 3.218099999999999909e+03
3.820000000000000000e+02 3.289450000000000273e+03
2.380000000000000000e+02 3.301849999999999909e+03
2.200000000000000000e+01 3.341599999999999909e+03
2.140000000000000000e+02 3.408099999999999909e+03
4.600000000000000000e+01 3.415300000000000182e+03
1.900000000000000000e+02 3.509550000000000182e+03
2.380000000000000000e+02 3.632349999999999909e+03
2.780000000000000000e+02 3.692849999999999909e+03
1.100000000000000000e+02 3.719750000000000000e+03
2.060000000000000000e+02 3.946900000000000091e+03
9.400000000000000000e+01 4.338050000000000182e+03
6.200000000000000000e+01 4.438600000000000364e+03
1.180000000000000000e+02 4.885600000000000364e+03
2.200000000000000000e+01 4.931949999999999818e+03
1.660000000000000000e+02 4.940150000000000546e+03
1.740000000000000000e+02 4.993000000000000000e+03
3.020000000000000000e+02 5.049400000000000546e+03
3.980000000000000000e+02 5.061900000000000546e+03
2.540000000000000000e+02 5.068350000000000364e+03
3.820000000000000000e+02 5.165199999999999818e+03
2.300000000000000000e+02 5.197449999999999818e+03
3.900000000000000000e+02 5.467650000000000546e+03
9.400000000000000000e+01 5.562350000000000364e+03
3.260000000000000000e+02 5.595199999999999818e+03
4.600000000000000000e+01 5.631699999999999818e+03
3.980000000000000000e+02 5.674300000000000182e+03
3.820000000000000000e+02 6.019100000000000364e+03
1.820000000000000000e+02 6.294100000000000364e+03
1.740000000000000000e+02 6.300150000000000546e+03
2.060000000000000000e+02 6.364500000000000000e+03
3.500000000000000000e+02 6.521500000000000000e+03
2.780000000000000000e+02 6.577850000000000364e+03
3.900000000000000000e+02 6.613350000000000364e+03
1.340000000000000000e+02 6.614600000000000364e+03
2.380000000000000000e+02 6.686300000000000182e+03
1.660000000000000000e+02 6.762600000000000364e+03
3.900000000000000000e+02 6.816050000000000182e+03
2.060000000000000000e+02 6.867300000000000182e+03
3.100000000000000000e+02 6.949900000000000546e+03
1.180000000000000000e+02 7.052500000000000000e+03
1.500000000000000000e+02 7.325199999999999818e+03
1.420000000000000000e+02 7.541550000000000182e+03
1.340000000000000000e+02 7.603500000000000000e+03
1.660000000000000000e+02 7.637600000000000364e+03
1.900000000000000000e+02 7.666699999999999818e+03
6.200000000000000000e+01 7.901050000000000182e+03
1.580000000000000000e+02 8.030650000000000546e+03
6.000000000000000000e+00 8.045699999999999818e+03
3.820000000000000000e+02 8.052650000000000546e+03
1.740000000000000000e+02 8.158699999999999818e+03
3.180000000000000000e+02 8.193600000000000364e+03
2.200000000000000000e+01 8.273200000000000728e+03
2.140000000000000000e+02 8.298799999999999272e+03
1.740000000000000000e+02 8.321250000000000000e+03
9.400000000000000000e+01 8.486250000000000000e+03
1.740000000000000000e+02 8.596399999999999636e+03
1.100000000000000000e+02 8.629750000000000000e+03
8.600000000000000000e+01 8.664149999999999636e+03
6.000000000000000000e+00 8.794200000000000728e+03
3.900000000000000000e+02 8.987450000000000728e+03
1.500000000000000000e+02 9.062649999999999636e+03
7.000000000000000000e+01 9.068550000000001091e+03
8.600000000000000000e+01 9.092000000000000000e+03
3.180000000000000000e+02 9.169300000000001091e+03
2.700000000000000000e+02 9.257800000000001091e+03
2.700000000000000000e+02 9.445950000000000728e+03
1.400000000000000000e+01 9.809899999999999636e+03
1.100000000000000000e+02 9.927950000000000728e+03
2.380000000000000000e+02 1.002680000000000109e+04
2.860000000000000000e+02 1.016445000000000073e+04
3.500000000000000000e+02 1.018920000000000073e+04
7.000000000000000000e+01 1.020535000000000036e+04
2.700000000000000000e+02 1.023950000000000000e+04
3.420000000000000000e+02 1.041195000000000073e+04
2.700000000000000000e+02 1.042035000000000036e+04
1.900000000000000000e+02 1.043305000000000109e+04
1.580000000000000000e+02 1.044235000000000036e+04
1.820000000000000000e+02 1.073935000000000036e+04
3.000000000000000000e+01 1.139475000000000000e+04
3.740000000000000000e+02 1.154100000000000000e+04
2.380000000000000000e+02 1.154230000000000109e+04
1.180000000000000000e+02 1.156739999999999964e+04
1.100000000000000000e+02 1.165310000000000036e+04
1.020000000000000000e+02 1.172600000000000000e+04
1.580000000000000000e+02 1.212780000000000109e+04
3.260000000000000000e+02 1.213214999999999964e+04
2.220000000000000000e+02 1.243055000000000109e+04
1.340000000000000000e+02 1.260495000000000073e+04
7.800000000000000000e+01 1.270735000000000036e+04
1.020000000000000000e+02 1.281660000000000036e+04
5.400000000000000000e+01 1.292935000000000036e+04
5.400000000000000000e+01 1.318010000000000036e+04
4.600000000000000000e+01 1.324230000000000109e+04
1.980000000000000000e+02 1.328075000000000000e+04
2.780000000000000000e+02 1.336120000000000073e+04
1.820000000000000000e+02 1.341035000000000036e+04
1.580000000000000000e+02 1.341055000000000109e+04
1.900000000000000000e+02 1.344889999999999964e+04
1.420000000000000000e+02 1.345250000000000000e+04
2.780000000000000000e+02 1.353414999999999964e+04
1.980000000000000000e+02 1.353895000000000073e+04
2.540000000000000000e+02 1.366760000000000036e+04
1.900000000000000000e+02 1.386945000000000073e+04
8.600000000000000000e+01 1.417050000000000000e+04
6.000000000000000000e+00 1.422070000000000073e+04
3.260000000000000000e+02 1.438785000000000036e+04
1.420000000000000000e+02 1.441614999999999964e+04
1.980000000000000000e+02 1.443564999999999964e+04
2.140000000000000000e+02 1.446855000000000109e+04
2.300000000000000000e+02 1.452750000000000000e+04
1.660000000000000000e+02 1.480820000000000073e+04
2.780000000000000000e+02 1.483620000000000073e+04
1.180000000000000000e+02 1.489085000000000036e+04
3.420000000000000000e+02 1.489120000000000073e+04
3.980000000000000000e+02 1.489714999999999964e+04
3.260000000000000000e+02 1.497189999999999964e+04
3.180000000000000000e+02 1.503595000000000073e+04
6.200000000000000000e+01 1.513970000000000073e+04
2.140000000000000000e+02 1.517135000000000036e+04
3.660000000000000000e+02 1.519955000000000109e+04
1.820000000000000000e+02 1.523145000000000073e+04
8.600000000000000000e+01 1.525395000000000073e+04
1.420000000000000000e+02 1.554139999999999964e+04
1.900000000000000000e+02 1.574655000000000109e+04
3.580000000000000000e+02 1.582164999999999964e+04
6.000000000000000000e+00 1.589300000000000000e+04
1.900000000000000000e+02 1.597910000000000036e+04
1.020000000000000000e+02 1.604960000000000036e+04
8.600000000000000000e+01 1.619300000000000000e+04
3.000000000000000000e+01 1.634464999999999964e+04
7.000000000000000000e+01 1.647590000000000146e+04
3.260000000000000000e+02 1.651779999999999927e+04
3.020000000000000000e+02 1.669390000000000146e+04
1.340000000000000000e+02 1.687895000000000073e+04
5.400000000000000000e+01 1.690509999999999854e+04
2.860000000000000000e+02 1.694550000000000000e+04
1.660000000000000000e+02 1.697279999999999927e+04
4.600000000000000000e+01 1.699709999999999854e+04
3.100000000000000000e+02 1.719125000000000000e+04
1.660000000000000000e+02 1.737259999999999854e+04
8.600000000000000000e+01 1.741129999999999927e+04
1.100000000000000000e+02 1.741629999999999927e+04
3.100000000000000000e+02 1.749650000000000000e+04
8.600000000000000000e+01 1.749700000000000000e+04
3.100000000000000000e+02 1.761700000000000000e+04
2.140000000000000000e+02 1.788035000000000218e+04
3.740000000000000000e+02 1.793125000000000000e+04
2.140000000000000000e+02 1.795135000000000218e+04
2.540000000000000000e+02 1.811160000000000218e+04
2.380000000000000000e+02 1.816704999999999927e+04
9.400000000000000000e+01 1.826665000000000146e+04
2.200000000000000000e+01 1.831385000000000218e+04
2.620000000000000000e+02 1.854660000000000218e+04
3.420000000000000000e+02 1.855829999999999927e+04
2.700000000000000000e+02 1.868325000000000000e+04
1.020000000000000000e+02 1.877554999999999927e+04
2.620000000000000000e+02 1.878095000000000073e+04
2.460000000000000000e+02 1.880665000000000146e+04
9.400000000000000000e+01 1.886329999999999927e+04
3.420000000000000000e+02 1.888950000000000000e+04
3.180000000000000000e+02 1.898279999999999927e+04
2.940000000000000000e+02 1.911565000000000146e+04
6.000000000000000000e+00 1.925200000000000000e+04
3.260000000000000000e+02 1.938540000000000146e+04
2.300000000000000000e+02 1.939310000000000218e+04
2.460000000000000000e+02 1.945085000000000218e+04
3.820000000000000000e+02 1.975320000000000073e+04
6.000000000000000000e+00 1.983245000000000073e+04
7.000000000000000000e+01 1.998754999999999927e+04
3.500000000000000000e+02 2.002495000000000073e+04
2.220000000000000000e+02 2.006629999999999927e+04
6.200000000000000000e+01 2.015279999999999927e+04
1.340000000000000000e+02 2.040600000000000000e+04
3.180000000000000000e+02 2.048995000000000073e+04
3.660000000000000000e+02 2.056425000000000000e+04
3.500000000000000000e+02 2.083500000000000000e+04
2.940000000000000000e+02 2.084660000000000218e+04
1.500000000000000000e+02 2.086540000000000146e+04
1.660000000000000000e+02 2.089270000000000073e+04
2.460000000000000000e+02 2.108120000000000073e+04
1.020000000000000000e+02 2.114845000000000073e+04
2.620000000000000000e+02 2.128490000000000146e+04
1.740000000000000000e+02 2.158860000000000218e+04
3.660000000000000000e+02 2.160029999999999927e+04
3.820000000000000000e+02 2.161250000000000000e+04
1.020000000000000000e+02 2.161310000000000218e+04
2.060000000000000000e+02 2.192550000000000000e+04
1.820000000000000000e+02 2.205720000000000073e+04
2.540000000000000000e+02 2.210625000000000000e+04
2.620000000000000000e+02 2.214300000000000000e+04
3.100000000000000000e+02 2.223345000000000073e+04
3.900000000000000000e+02 2.247379999999999927e+04
3.740000000000000000e+02 2.268204999999999927e+04
3.660000000000000000e+02 2.286654999999999927e+04
2.060000000000000000e+02 2.290404999999999927e+04
3.820000000000000000e+02 2.292029999999999927e+04
1.580000000000000000e+02 2.300454999999999927e+04
6.200000000000000000e+01 2.304890000000000146e+04
2.860000000000000000e+02 2.310140000000000146e+04
1.020000000000000000e+02 2.318940000000000146e+04
2.540000000000000000e+02 2.329765000000000146e+04
9.400000000000000000e+01 2.331479999999999927e+04
1.100000000000000000e+02 2.348200000000000000e+04
7.800000000000000000e+01 2.349329999999999927e+04
1.340000000000000000e+02 2.350910000000000218e+04
1.820000000000000000e+02 2.362710000000000218e+04
3.340000000000000000e+02 2.363885000000000218e+04
2.380000000000000000e+02 2.365525000000000000e+04
2.220000000000000000e+02 2.365790000000000146e+04
3.820000000000000000e+02 2.399795000000000073e+04
7.800000000000000000e+01 2.410045000000000073e+04
2.140000000000000000e+02 2.422770000000000073e+04
2.780000000000000000e+02 2.423175000000000000e+04
2.220000000000000000e+02 2.444735000000000218e+04
6.200000000000000000e+01 2.445870000000000073e+04
2.540000000000000000e+02 2.449629999999999927e+04
1.580000000000000000e+02 2.457460000000000218e+04
3.900000000000000000e+02 2.486375000000000000e+04
2.620000000000000000e+02 2.491460000000000218e+04
5.400000000000000000e+01 2.502735000000000218e+04
6.000000000000000000e+00 2.514879999999999927e+04
6.200000000000000000e+01 2.541835000000000218e+04
1.100000000000000000e+02 2.545640000000000146e+04
1.660000000000000000e+02 2.559965000000000146e+04
1.020000000000000000e+02 2.564275000000000000e+04
2.940000000000000000e+02 2.579925000000000000e+04
3.900000000000000000e+02 2.615445000000000073e+04
1.980000000000000000e+02 2.622779999999999927e+04
3.100000000000000000e+02 2.626329999999999927e+04
3.260000000000000000e+02 2.640895000000000073e+04
2.620000000000000000e+02 2.641479999999999927e+04
1.260000000000000000e+02 2.683950000000000000e+04
9.400000000000000000e+01 2.696085000000000218e+04
2.380000000000000000e+02 2.697740000000000146e+04
2.460000000000000000e+02 2.704850000000000000e+04
2.460000000000000000e+02 2.717754999999999927e+04
3.900000000000000000e+02 2.720285000000000218e+04
1.020000000000000000e+02 2.729354999999999927e+04
6.200000000000000000e+01 2.758270000000000073e+04
3.020000000000000000e+02 2.778910000000000218e+04
2.550000000000000000e+02 2.844499999999999886e+02
1.670000000000000000e+02 4.173000000000000114e+02
2.230000000000000000e+02 4.414000000000000341e+02
6.300000000000000000e+01 4.856999999999999886e+02
1.830000000000000000e+02 5.265499999999999545e+02
1.990000000000000000e+02 6.990500000000000682e+02
1.590000000000000000e+02 8.316499999999999773e+02
3.350000000000000000e+02 9.250000000000000000e+02
7.100000000000000000e+01 9.548999999999999773e+02
3.270000000000000000e+02 1.064250000000000000e+03
2.950000000000000000e+02 1.121549999999999955e+03
2.790000000000000000e+02 1.124150000000000091e+03
1.750000000000000000e+02 1.158850000000000136e+03
2.950000000000000000e+02 1.233200000000000045e+03
3.270000000000000000e+02 1.382850000000000136e+03
3.190000000000000000e+02 1.754049999999999955e+03
9.500000000000000000e+01 1.802650000000000091e+03
1.910000000000000000e+02 2.020350000000000136e+03
1.670000000000000000e+02 2.041700000000000045e+03
2.300000000000000000e+01 2.060250000000000000e+03
2.230000000000000000e+02 2.079500000000000000e+03
8.700000000000000000e+01 2.091849999999999909e+03
1.500000000000000000e+01 2.199750000000000000e+03
3.910000000000000000e+02 2.221099999999999909e+03
1.670000000000000000e+02 2.246349999999999909e+03
7.900000000000000000e+01 2.255849999999999909e+03
2.550000000000000000e+02 2.269800000000000182e+03
3.190000000000000000e+02 2.376400000000000091e+03
2.950000000000000000e+02 2.402150000000000091e+03
2.390000000000000000e+02 2.594849999999999909e+03
1.990000000000000000e+02 2.672900000000000091e+03
1.110000000000000000e+02 2.713750000000000000e+03
1.270000000000000000e+02 2.731099999999999909e+03
2.230000000000000000e+02 2.776650000000000091e+03
3.750000000000000000e+02 2.798500000000000000e+03
1.430000000000000000e+02 2.997300000000000182e+03
1.510000000000000000e+02 3.115200000000000273e+03
3.990000000000000000e+02 3.171250000000000000e+03
3.350000000000000000e+02 3.245700000000000273e+03
1.590000000000000000e+02 3.282450000000000273e+03
9.500000000000000000e+01 3.389650000000000091e+03
7.100000000000000000e+01 3.401099999999999909e+03
1.590000000000000000e+02 3.413700000000000273e+03
5.500000000000000000e+01 3.483700000000000273e+03
4.700000000000000000e+01 3.574700000000000273e+03
2.230000000000000000e+02 3.663500000000000000e+03
3.430000000000000000e+02 3.758250000000000000e+03
8.700000000000000000e+01 3.847950000000000273e+03
4.700000000000000000e+01 4.008400000000000091e+03
2.550000000000000000e+02 4.111000000000000000e+03
3.830000000000000000e+02 4.197600000000000364e+03
1.270000000000000000e+02 4.232750000000000000e+03
2.300000000000000000e+01 4.317699999999999818e+03
6.300000000000000000e+01 4.336300000000000182e+03
7.100000000000000000e+01 4.417350000000000364e+03
2.390000000000000000e+02 4.443000000000000000e+03
2.230000000000000000e+02 4.447050000000000182e+03
3.190000000000000000e+02 4.448350000000000364e+03
1.110000000000000000e+02 4.613400000000000546e+03
3.670000000000000000e+02 4.645000000000000000e+03
2.150000000000000000e+02 4.760800000000000182e+03
3.910000000000000000e+02 4.874100000000000364e+03
1.190000000000000000e+02 4.905750000000000000e+03
2.710000000000000000e+02 4.944699999999999818e+03
1.910000000000000000e+02 5.003850000000000364e+03
3.990000000000000000e+02 5.036650000000000546e+03
1.500000000000000000e+01 5.412350000000000364e+03
3.830000000000000000e+02 5.640100000000000364e+03
2.390000000000000000e+02 5.895500000000000000e+03
3.030000000000000000e+02 6.040600000000000364e+03
2.870000000000000000e+02 6.093900000000000546e+03
1.270000000000000000e+02 6.290500000000000000e+03
1.830000000000000000e+02 6.365650000000000546e+03
1.910000000000000000e+02 6.425199999999999818e+03
1.590000000000000000e+02 6.637850000000000364e+03
1.500000000000000000e+01 6.675900000000000546e+03
3.590000000000000000e+02 6.688199999999999818e+03
3.990000000000000000e+02 6.760699999999999818e+03
9.500000000000000000e+01 6.837150000000000546e+03
2.550000000000000000e+02 6.924750000000000000e+03
3.990000000000000000e+02 7.015300000000000182e+03
3.750000000000000000e+02 7.016300000000000182e+03
3.900000000000000000e+01 7.021400000000000546e+03
3.350000000000000000e+02 7.076350000000000364e+03
7.000000000000000000e+00 7.133199999999999818e+03
9.500000000000000000e+01 7.146600000000000364e+03
3.190000000000000000e+02 7.217500000000000000e+03
1.270000000000000000e+02 7.265800000000000182e+03
2.300000000000000000e+01 7.307800000000000182e+03
7.100000000000000000e+01 7.341050000000000182e+03
6.300000000000000000e+01 7.515750000000000000e+03
1.670000000000000000e+02 7.575250000000000000e+03
2.790000000000000000e+02 7.621900000000000546e+03
3.670000000000000000e+02 7.694800000000000182e+03
1.030000000000000000e+02 7.714500000000000000e+03
2.470000000000000000e+02 7.778750000000000000e+03
1.270000000000000000e+02 7.810449999999999818e+03
3.510000000000000000e+02 7.832300000000000182e+03
1.500000000000000000e+01 7.879550000000000182e+03
3.830000000000000000e+02 7.900650000000000546e+03
1.270000000000000000e+02 7.979650000000000546e+03
2.150000000000000000e+02 8.083850000000000364e+03
2.790000000000000000e+02 8.135650000000000546e+03
3.670000000000000000e+02 8.136850000000000364e+03
3.190000000000000000e+02 8.144650000000000546e+03
1.350000000000000000e+02 8.349600000000000364e+03
1.750000000000000000e+02 8.475899999999999636e+03
2.870000000000000000e+02 8.576850000000000364e+03
1.590000000000000000e+02 8.634250000000000000e+03
1.110000000000000000e+02 8.752300000000001091e+03
2.470000000000000000e+02 9.024700000000000728e+03
1.500000000000000000e+01 9.116600000000000364e+03
1.750000000000000000e+02 9.175700000000000728e+03
2.070000000000000000e+02 9.620399999999999636e+03
7.900000000000000000e+01 9.738850000000000364e+03
1.830000000000000000e+02 9.921149999999999636e+03
3.900000000000000000e+01 1.003570000000000073e+04
1.670000000000000000e+02 1.007314999999999964e+04
1.110000000000000000e+02 1.018139999999999964e+04
2.300000000000000000e+01 1.018930000000000109e+04
1.270000000000000000e+02 1.025380000000000109e+04
3.270000000000000000e+02 1.031420000000000073e+04
2.150000000000000000e+02 1.032310000000000036e+04
3.990000000000000000e+02 1.047750000000000000e+04
1.350000000000000000e+02 1.050089999999999964e+04
2.470000000000000000e+02 1.055889999999999964e+04
3.900000000000000000e+01 1.058935000000000036e+04
9.500000000000000000e+01 1.062095000000000073e+04
7.900000000000000000e+01 1.067305000000000109e+04
1.500000000000000000e+01 1.092730000000000109e+04
3.750000000000000000e+02 1.096320000000000073e+04
5.500000000000000000e+01 1.098280000000000109e+04
7.900000000000000000e+01 1.136930000000000109e+04
8.700000000000000000e+01 1.144620000000000073e+04
1.110000000000000000e+02 1.144805000000000109e+04
2.390000000000000000e+02 1.145605000000000109e+04
7.100000000000000000e+01 1.157085000000000036e+04
3.670000000000000000e+02 1.166280000000000109e+04
2.470000000000000000e+02 1.169995000000000073e+04
2.710000000000000000e+02 1.170605000000000109e+04
1.910000000000000000e+02 1.178950000000000000e+04
2.790000000000000000e+02 1.183389999999999964e+04
3.030000000000000000e+02 1.188120000000000073e+04
3.190000000000000000e+02 1.207455000000000109e+04
2.070000000000000000e+02 1.213995000000000073e+04
3.030000000000000000e+02 1.230675000000000000e+04
3.110000000000000000e+02 1.232855000000000109e+04
5.500000000000000000e+01 1.240325000000000000e+04
3.270000000000000000e+02 1.241360000000000036e+04
3.190000000000000000e+02 1.249910000000000036e+04
3.430000000000000000e+02 1.250014999999999964e+04
3.100000000000000000e+01 1.250795000000000073e+04
1.670000000000000000e+02 1.254520000000000073e+04
9.500000000000000000e+01 1.272425000000000000e+04
3.350000000000000000e+02 1.273180000000000109e+04
1.670000000000000000e+02 1.274770000000000073e+04
7.100000000000000000e+01 1.288260000000000036e+04
2.230000000000000000e+02 1.297014999999999964e+04
3.670000000000000000e+02 1.317945000000000073e+04
2.710000000000000000e+02 1.333664999999999964e+04
1.270000000000000000e+02 1.355445000000000073e+04
2.390000000000000000e+02 1.361220000000000073e+04
1.500000000000000000e+01 1.371675000000000000e+04
3.100000000000000000e+01 1.375350000000000000e+04
3.670000000000000000e+02 1.376064999999999964e+04
3.110000000000000000e+02 1.388100000000000000e+04
2.550000000000000000e+02 1.401080000000000109e+04
2.310000000000000000e+02 1.407630000000000109e+04
1.350000000000000000e+02 1.428535000000000036e+04
2.230000000000000000e+02 1.436580000000000109e+04
3.350000000000000000e+02 1.440785000000000036e+04
7.900000000000000000e+01 1.443405000000000109e+04
3.670000000000000000e+02 1.452514999999999964e+04
3.750000000000000000e+02 1.458439999999999964e+04
1.510000000000000000e+02 1.461939999999999964e+04
2.550000000000000000e+02 1.475339999999999964e+04
2.870000000000000000e+02 1.478520000000000073e+04
3.990000000000000000e+02 1.484300000000000000e+04
1.590000000000000000e+02 1.489805000000000109e+04
1.510000000000000000e+02 1.489825000000000000e+04
1.500000000000000000e+01 1.501970000000000073e+04
2.150000000000000000e+02 1.505970000000000073e+04
1.190000000000000000e+02 1.509805000000000109e+04
3.350000000000000000e+02 1.509970000000000073e+04
3.100000000000000000e+01 1.525439999999999964e+04
1.270000000000000000e+02 1.529064999999999964e+04
7.000000000000000000e+00 1.531070000000000073e+04
3.590000000000000000e+02 1.538605000000000109e+04
1.990000000000000000e+02 1.539814999999999964e+04
2.310000000000000000e+02 1.566185000000000036e+04
2.950000000000000000e+02 1.585714999999999964e+04
6.300000000000000000e+01 1.589170000000000073e+04
3.110000000000000000e+02 1.614570000000000073e+04
1.500000000000000000e+01 1.619280000000000109e+04
1.990000000000000000e+02 1.624980000000000109e+04
2.710000000000000000e+02 1.637530000000000109e+04
2.150000000000000000e+02 1.639025000000000000e+04
1.270000000000000000e+02 1.641154999999999927e+04
2.550000000000000000e+02 1.643165000000000146e+04
7.900000000000000000e+01 1.644045000000000073e+04
3.190000000000000000e+02 1.654459999999999854e+04
3.350000000000000000e+02 1.668345000000000073e+04
2.870000000000000000e+02 1.669529999999999927e+04
5.500000000000000000e+01 1.671115000000000146e+04
1.910000000000000000e+02 1.674540000000000146e+04
3.110000000000000000e+02 1.683065000000000146e+04
1.670000000000000000e+02 1.701334999999999854e+04
2.310000000000000000e+02 1.702315000000000146e+04
3.190000000000000000e+02 1.715725000000000000e+04
2.310000000000000000e+02 1.724875000000000000e+04
3.430000000000000000e+02 1.734875000000000000e+04
2.310000000000000000e+02 1.741215000000000146e+04
7.100000000000000000e+01 1.741765000000000146e+04
3.100000000000000000e+01 1.745350000000000000e+04
2.310000000000000000e+02 1.763890000000000146e+04
7.000000000000000000e+00 1.766835000000000218e+04
3.190000000000000000e+02 1.775704999999999927e+04
1.500000000000000000e+01 1.779475000000000000e+04
3.830000000000000000e+02 1.780635000000000218e+04
1.990000000000000000e+02 1.782595000000000073e+04
3.110000000000000000e+02 1.787404999999999927e+04
7.000000000000000000e+00 1.795129999999999927e+04
2.230000000000000000e+02 1.807365000000000146e+04
1.670000000000000000e+02 1.813465000000000146e+04
1.910000000000000000e+02 1.821404999999999927e+04
3.110000000000000000e+02 1.842085000000000218e+04
1.500000000000000000e+01 1.846879999999999927e+04
2.390000000000000000e+02 1.851029999999999927e+04
7.900000000000000000e+01 1.851695000000000073e+04
1.190000000000000000e+02 1.856345000000000073e+04
3.900000000000000000e+01 1.864429999999999927e+04
1.510000000000000000e+02 1.865335000000000218e+04
1.190000000000000000e+02 1.866129999999999927e+04
3.900000000000000000e+01 1.875250000000000000e+04
5.500000000000000000e+01 1.883210000000000218e+04
3.430000000000000000e+02 1.889965000000000146e+04
1.590000000000000000e+02 1.893225000000000000e+04
1.270000000000000000e+02 1.900265000000000146e+04
7.100000000000000000e+01 1.900790000000000146e+04
3.100000000000000000e+01 1.917795000000000073e+04
3.270000000000000000e+02 1.919625000000000000e+04
2.230000000000000000e+02 1.935485000000000218e+04
3.100000000000000000e+01 1.937500000000000000e+04
3.590000000000000000e+02 1.942365000000000146e+04
7.000000000000000000e+00 1.944665000000000146e+04
6.300000000000000000e+01 1.951315000000000146e+04
2.070000000000000000e+02 1.954954999999999927e+04
3.750000000000000000e+02 1.960045000000000073e+04
1.110000000000000000e+02 1.968465000000000146e+04
2.300000000000000000e+01 1.969770000000000073e+04
1.110000000000000000e+02 1.976520000000000073e+04
6.300000000000000000e+01 1.983254999999999927e+04
1.510000000000000000e+02 2.006860000000000218e+04
3.750000000000000000e+02 2.027779999999999927e+04
2.470000000000000000e+02 2.027885000000000218e+04
1.110000000000000000e+02 2.029815000000000146e+04
7.900000000000000000e+01 2.034879999999999927e+04
4.700000000000000000e+01 2.048090000000000146e+04
2.950000000000000000e+02 2.053325000000000000e+04
2.710000000000000000e+02 2.064535000000000218e+04
4.700000000000000000e+01 2.071810000000000218e+04
3.670000000000000000e+02 2.079065000000000146e+04
4.700000000000000000e+01 2.101679999999999927e+04
1.670000000000000000e+02 2.109935000000000218e+04
2.870000000000000000e+02 2.109935000000000218e+04
2.870000000000000000e+02 2.116320000000000073e+04
1.500000000000000000e+01 2.117095000000000073e+04
8.700000000000000000e+01 2.122604999999999927e+04
2.230000000000000000e+02 2.127575000000000000e+04
3.100000000000000000e+01 2.132654999999999927e+04
3.750000000000000000e+02 2.145929999999999927e+04
1.350000000000000000e+02 2.154304999999999927e+04
1.590000000000000000e+02 2.162650000000000000e+04
7.000000000000000000e+00 2.167950000000000000e+04
3.190000000000000000e+02 2.169065000000000146e+04
4.700000000000000000e+01 2.181645000000000073e+04
2.300000000000000000e+01 2.206465000000000146e+04
1.500000000000000000e+01 2.224620000000000073e+04
1.590000000000000000e+02 2.225070000000000073e+04
3.750000000000000000e+02 2.235425000000000000e+04
1.590000000000000000e+02 2.242395000000000073e+04
1.500000000000000000e+01 2.254695000000000073e+04
2.630000000000000000e+02 2.259735000000000218e+04
7.100000000000000000e+01 2.264150000000000000e+04
2.300000000000000000e+01 2.274825000000000000e+04
1.270000000000000000e+02 2.290870000000000073e+04
3.030000000000000000e+02 2.296579999999999927e+04
3.990000000000000000e+02 2.302350000000000000e+04
7.100000000000000000e+01 2.304035000000000218e+04
1.750000000000000000e+02 2.311270000000000073e+04
2.630000000000000000e+02 2.325254999999999927e+04
9.500000000000000000e+01 2.358465000000000146e+04
3.110000000000000000e+02 2.380570000000000073e+04
6.300000000000000000e+01 2.405675000000000000e+04
7.000000000000000000e+00 2.406445000000000073e+04
1.990000000000000000e+02 2.426225000000000000e+04
3.350000000000000000e+02 2.430190000000000146e+04
2.870000000000000000e+02 2.430345000000000073e+04
2.310000000000000000e+02 2.444990000000000146e+04
1.350000000000000000e+02 2.448600000000000000e+04
2.310000000000000000e+02 2.450629999999999927e+04
1.270000000000000000e+02 2.457504999999999927e+04
7.100000000000000000e+01 2.485954999999999927e+04
2.230000000000000000e+02 2.487490000000000146e+04
2.470000000000000000e+02 2.488954999999999927e+04
7.900000000000000000e+01 2.508890000000000146e+04
1.990000000000000000e+02 2.514550000000000000e+04
3.670000000000000000e+02 2.528210000000000218e+04
7.000000000000000000e+00 2.535450000000000000e+04
7.100000000000000000e+01 2.572504999999999927e+04
1.510000000000000000e+02 2.583475000000000000e+04
1.990000000000000000e+02 2.603410000000000218e+04
4.700000000000000000e+01 2.639660000000000218e+04
4.700000000000000000e+01 2.652240000000000146e+04
3.900000000000000000e+01 2.652425000000000000e+04
1.910000000000000000e+02 2.653585000000000218e+04
2.710000000000000000e+02 2.654329999999999927e+04
1.110000000000000000e+02 2.657320000000000073e+04
1.350000000000000000e+02 2.660350000000000000e+04
1.910000000000000000e+02 2.666640000000000146e+04
2.470000000000000000e+02 2.696154999999999927e+04
1.270000000000000000e+02 2.717525000000000000e+04
3.990000000000000000e+02 2.728670000000000073e+04
1.110000000000000000e+02 2.739620000000000073e+04
2.390000000000000000e+02 2.743710000000000218e+04
3.510000000000000000e+02 2.744950000000000000e+04
1.510000000000000000e+02 2.758250000000000000e+04
2.310000000000000000e+02 2.783210000000000218e+04
2.070000000000000000e+02 2.793240000000000146e+04
6.300000000000000000e+01 2.794585000000000218e+04
