1.072000000000000000e+03 1.145499999999999972e+02
1.144000000000000000e+03 1.997000000000000171e+02
1.008000000000000000e+03 2.864000000000000341e+02
1.008000000000000000e+03 3.345000000000000000e+02
1.032000000000000000e+03 3.526000000000000227e+02
9.600000000000000000e+02 3.871999999999999886e+02
1.112000000000000000e+03 3.994000000000000341e+02
1.056000000000000000e+03 4.521000000000000227e+02
8.240000000000000000e+02 4.793000000000000114e+02
1.088000000000000000e+03 5.067500000000000000e+02
8.080000000000000000e+02 5.516000000000000227e+02
8.400000000000000000e+02 5.905000000000000000e+02
9.120000000000000000e+02 6.095000000000000000e+02
9.360000000000000000e+02 6.317000000000000455e+02
1.120000000000000000e+03 6.320500000000000682e+02
8.160000000000000000e+02 7.181499999999999773e+02
1.040000000000000000e+03 7.184500000000000455e+02
9.680000000000000000e+02 8.087500000000000000e+02
1.024000000000000000e+03 8.212500000000000000e+02
1.096000000000000000e+03 8.680000000000000000e+02
1.160000000000000000e+03 1.009950000000000045e+03
9.680000000000000000e+02 1.033000000000000000e+03
1.200000000000000000e+03 1.050099999999999909e+03
1.144000000000000000e+03 1.123600000000000136e+03
8.880000000000000000e+02 1.147950000000000045e+03
1.024000000000000000e+03 1.259650000000000091e+03
1.064000000000000000e+03 1.346000000000000000e+03
1.136000000000000000e+03 1.365950000000000045e+03
1.040000000000000000e+03 1.374200000000000045e+03
1.088000000000000000e+03 1.395299999999999955e+03
1.056000000000000000e+03 1.407150000000000091e+03
9.200000000000000000e+02 1.428200000000000045e+03
1.112000000000000000e+03 1.428400000000000091e+03
1.176000000000000000e+03 1.457400000000000091e+03
8.800000000000000000e+02 1.469700000000000045e+03
1.168000000000000000e+03 1.541799999999999955e+03
1.016000000000000000e+03 1.550450000000000045e+03
8.160000000000000000e+02 1.554000000000000000e+03
1.112000000000000000e+03 1.596650000000000091e+03
1.136000000000000000e+03 1.674799999999999955e+03
9.840000000000000000e+02 1.713750000000000000e+03
1.032000000000000000e+03 1.730500000000000000e+03
9.040000000000000000e+02 1.789100000000000136e+03
8.800000000000000000e+02 1.807500000000000000e+03
1.112000000000000000e+03 1.834250000000000000e+03
1.056000000000000000e+03 1.835250000000000000e+03
9.040000000000000000e+02 1.877100000000000136e+03
1.048000000000000000e+03 1.904450000000000045e+03
1.184000000000000000e+03 1.943200000000000045e+03
1.120000000000000000e+03 1.976200000000000045e+03
9.120000000000000000e+02 1.987299999999999955e+03
8.080000000000000000e+02 2.027549999999999955e+03
1.064000000000000000e+03 2.045799999999999955e+03
8.960000000000000000e+02 2.153300000000000182e+03
1.000000000000000000e+03 2.181550000000000182e+03
1.008000000000000000e+03 2.190750000000000000e+03
1.136000000000000000e+03 2.190950000000000273e+03
9.360000000000000000e+02 2.244050000000000182e+03
8.240000000000000000e+02 2.261800000000000182e+03
8.240000000000000000e+02 2.451849999999999909e+03
9.200000000000000000e+02 2.459599999999999909e+03
8.960000000000000000e+02 2.531000000000000000e+03
8.800000000000000000e+02 2.595950000000000273e+03
9.920000000000000000e+02 2.715500000000000000e+03
1.040000000000000000e+03 2.736050000000000182e+03
1.080000000000000000e+03 2.744700000000000273e+03
1.176000000000000000e+03 2.819050000000000182e+03
8.720000000000000000e+02 2.855700000000000273e+03
9.200000000000000000e+02 3.154300000000000182e+03
9.360000000000000000e+02 3.164500000000000000e+03
1.000000000000000000e+03 3.216450000000000273e+03
1.072000000000000000e+03 3.261300000000000182e+03
1.152000000000000000e+03 3.271000000000000000e+03
9.440000000000000000e+02 3.323900000000000091e+03
1.016000000000000000e+03 3.369550000000000182e+03
1.112000000000000000e+03 3.418750000000000000e+03
8.400000000000000000e+02 3.459900000000000091e+03
8.160000000000000000e+02 3.472099999999999909e+03
1.064000000000000000e+03 3.484099999999999909e+03
8.560000000000000000e+02 3.486250000000000000e+03
9.040000000000000000e+02 3.674700000000000273e+03
1.184000000000000000e+03 3.687650000000000091e+03
8.160000000000000000e+02 3.722400000000000091e+03
1.176000000000000000e+03 3.745300000000000182e+03
8.880000000000000000e+02 3.807099999999999909e+03
1.152000000000000000e+03 3.924300000000000182e+03
1.040000000000000000e+03 4.034099999999999909e+03
1.176000000000000000e+03 4.035650000000000091e+03
1.000000000000000000e+03 4.062599999999999909e+03
8.640000000000000000e+02 4.170199999999999818e+03
9.280000000000000000e+02 4.310649999999999636e+03
9.760000000000000000e+02 4.313899999999999636e+03
1.160000000000000000e+03 4.360600000000000364e+03
1.128000000000000000e+03 4.367149999999999636e+03
1.032000000000000000e+03 4.439300000000000182e+03
8.560000000000000000e+02 4.517600000000000364e+03
1.088000000000000000e+03 4.565250000000000000e+03
9.360000000000000000e+02 4.600800000000000182e+03
1.016000000000000000e+03 4.662900000000000546e+03
1.048000000000000000e+03 4.664449999999999818e+03
9.920000000000000000e+02 4.675449999999999818e+03
8.080000000000000000e+02 4.703250000000000000e+03
9.040000000000000000e+02 4.725000000000000000e+03
1.168000000000000000e+03 4.779150000000000546e+03
1.120000000000000000e+03 4.813449999999999818e+03
8.080000000000000000e+02 4.820350000000000364e+03
8.320000000000000000e+02 4.869900000000000546e+03
1.000000000000000000e+03 4.899650000000000546e+03
9.040000000000000000e+02 4.903449999999999818e+03
1.168000000000000000e+03 4.929900000000000546e+03
1.112000000000000000e+03 4.951900000000000546e+03
9.680000000000000000e+02 5.020699999999999818e+03
8.640000000000000000e+02 5.058699999999999818e+03
8.080000000000000000e+02 5.115850000000000364e+03
1.072000000000000000e+03 5.172699999999999818e+03
1.184000000000000000e+03 5.173150000000000546e+03
9.600000000000000000e+02 5.194600000000000364e+03
1.040000000000000000e+03 5.225350000000000364e+03
8.240000000000000000e+02 5.233900000000000546e+03
8.880000000000000000e+02 5.276250000000000000e+03
8.560000000000000000e+02 5.278949999999999818e+03
1.152000000000000000e+03 5.313000000000000000e+03
8.400000000000000000e+02 5.351500000000000000e+03
1.040000000000000000e+03 5.354500000000000000e+03
9.920000000000000000e+02 5.392650000000000546e+03
8.960000000000000000e+02 5.487550000000000182e+03
1.008000000000000000e+03 5.535900000000000546e+03
9.200000000000000000e+02 5.546449999999999818e+03
9.440000000000000000e+02 5.550449999999999818e+03
1.104000000000000000e+03 5.557550000000000182e+03
1.144000000000000000e+03 5.605050000000000182e+03
1.016000000000000000e+03 5.672150000000000546e+03
9.680000000000000000e+02 5.672750000000000000e+03
1.136000000000000000e+03 5.688100000000000364e+03
8.800000000000000000e+02 5.703850000000000364e+03
9.920000000000000000e+02 5.737800000000000182e+03
9.840000000000000000e+02 5.786150000000000546e+03
1.176000000000000000e+03 5.792150000000000546e+03
8.080000000000000000e+02 5.815750000000000000e+03
8.880000000000000000e+02 5.823500000000000000e+03
1.032000000000000000e+03 5.835600000000000364e+03
1.080000000000000000e+03 5.869949999999999818e+03
8.400000000000000000e+02 5.907800000000000182e+03
8.960000000000000000e+02 5.926500000000000000e+03
1.144000000000000000e+03 5.935800000000000182e+03
1.072000000000000000e+03 5.958650000000000546e+03
1.088000000000000000e+03 9.041600000000000364e+03
8.160000000000000000e+02 9.058350000000000364e+03
9.920000000000000000e+02 9.087000000000000000e+03
1.040000000000000000e+03 9.138500000000000000e+03
1.144000000000000000e+03 9.169450000000000728e+03
8.880000000000000000e+02 9.226200000000000728e+03
9.440000000000000000e+02 9.233300000000001091e+03
9.360000000000000000e+02 9.263800000000001091e+03
1.152000000000000000e+03 9.388399999999999636e+03
1.136000000000000000e+03 9.477000000000000000e+03
1.048000000000000000e+03 9.540100000000000364e+03
9.120000000000000000e+02 9.543649999999999636e+03
8.240000000000000000e+02 9.588950000000000728e+03
9.520000000000000000e+02 9.657700000000000728e+03
9.920000000000000000e+02 9.686850000000000364e+03
1.000000000000000000e+03 9.813200000000000728e+03
9.440000000000000000e+02 9.860850000000000364e+03
1.024000000000000000e+03 9.911149999999999636e+03
8.720000000000000000e+02 9.936550000000001091e+03
1.120000000000000000e+03 9.971300000000001091e+03
9.120000000000000000e+02 9.992600000000000364e+03
9.360000000000000000e+02 1.006514999999999964e+04
1.144000000000000000e+03 1.010285000000000036e+04
1.112000000000000000e+03 1.010560000000000036e+04
1.056000000000000000e+03 1.015460000000000036e+04
9.280000000000000000e+02 1.017970000000000073e+04
8.240000000000000000e+02 1.021805000000000109e+04
9.040000000000000000e+02 1.022605000000000109e+04
9.760000000000000000e+02 1.022630000000000109e+04
1.192000000000000000e+03 1.023014999999999964e+04
9.360000000000000000e+02 1.048664999999999964e+04
8.880000000000000000e+02 1.055705000000000109e+04
1.024000000000000000e+03 1.066085000000000036e+04
8.480000000000000000e+02 1.074100000000000000e+04
1.080000000000000000e+03 1.076425000000000000e+04
1.192000000000000000e+03 1.076589999999999964e+04
8.320000000000000000e+02 1.082939999999999964e+04
8.880000000000000000e+02 1.095580000000000109e+04
1.096000000000000000e+03 1.099000000000000000e+04
8.880000000000000000e+02 1.102060000000000036e+04
9.440000000000000000e+02 1.109280000000000109e+04
8.080000000000000000e+02 1.124045000000000073e+04
1.112000000000000000e+03 1.129425000000000000e+04
9.840000000000000000e+02 1.131250000000000000e+04
1.200000000000000000e+03 1.140039999999999964e+04
1.160000000000000000e+03 1.143800000000000000e+04
1.112000000000000000e+03 1.144489999999999964e+04
8.400000000000000000e+02 1.156610000000000036e+04
8.240000000000000000e+02 1.160150000000000000e+04
1.200000000000000000e+03 1.162185000000000036e+04
8.960000000000000000e+02 1.165060000000000036e+04
1.080000000000000000e+03 1.168739999999999964e+04
1.112000000000000000e+03 1.171750000000000000e+04
1.120000000000000000e+03 1.173185000000000036e+04
1.048000000000000000e+03 1.183839999999999964e+04
1.144000000000000000e+03 1.197710000000000036e+04
1.000000000000000000e+03 1.201814999999999964e+04
9.520000000000000000e+02 1.204439999999999964e+04
9.600000000000000000e+02 1.214735000000000036e+04
1.160000000000000000e+03 1.215889999999999964e+04
9.280000000000000000e+02 1.215920000000000073e+04
1.072000000000000000e+03 1.218085000000000036e+04
1.064000000000000000e+03 1.218435000000000036e+04
9.280000000000000000e+02 1.230195000000000073e+04
8.160000000000000000e+02 1.230575000000000000e+04
1.072000000000000000e+03 1.241925000000000000e+04
1.200000000000000000e+03 1.245210000000000036e+04
9.360000000000000000e+02 1.246330000000000109e+04
1.176000000000000000e+03 1.251070000000000073e+04
9.120000000000000000e+02 1.257425000000000000e+04
9.600000000000000000e+02 1.263960000000000036e+04
8.400000000000000000e+02 1.266400000000000000e+04
9.760000000000000000e+02 1.268650000000000000e+04
1.056000000000000000e+03 1.279614999999999964e+04
8.480000000000000000e+02 1.279820000000000073e+04
1.072000000000000000e+03 1.279845000000000073e+04
1.192000000000000000e+03 1.282755000000000109e+04
8.240000000000000000e+02 1.286745000000000073e+04
8.320000000000000000e+02 1.292680000000000109e+04
1.088000000000000000e+03 1.297055000000000109e+04
9.840000000000000000e+02 1.305725000000000000e+04
1.112000000000000000e+03 1.317989999999999964e+04
1.072000000000000000e+03 1.329700000000000000e+04
1.136000000000000000e+03 1.336260000000000036e+04
1.112000000000000000e+03 1.339280000000000109e+04
9.600000000000000000e+02 1.346639999999999964e+04
1.184000000000000000e+03 1.347825000000000000e+04
1.144000000000000000e+03 1.355145000000000073e+04
1.024000000000000000e+03 1.355630000000000109e+04
8.240000000000000000e+02 1.366500000000000000e+04
9.600000000000000000e+02 1.367275000000000000e+04
1.088000000000000000e+03 1.367675000000000000e+04
1.088000000000000000e+03 1.376439999999999964e+04
1.152000000000000000e+03 1.379214999999999964e+04
9.040000000000000000e+02 1.400214999999999964e+04
1.048000000000000000e+03 1.403570000000000073e+04
8.160000000000000000e+02 1.405664999999999964e+04
1.104000000000000000e+03 1.406785000000000036e+04
9.600000000000000000e+02 1.407770000000000073e+04
1.128000000000000000e+03 1.411564999999999964e+04
8.400000000000000000e+02 1.412114999999999964e+04
8.240000000000000000e+02 1.416960000000000036e+04
1.000000000000000000e+03 1.418235000000000036e+04
1.192000000000000000e+03 1.423514999999999964e+04
1.152000000000000000e+03 1.423575000000000000e+04
1.128000000000000000e+03 1.426735000000000036e+04
8.800000000000000000e+02 1.430325000000000000e+04
8.320000000000000000e+02 1.439430000000000109e+04
1.096000000000000000e+03 1.440880000000000109e+04
8.800000000000000000e+02 1.444775000000000000e+04
1.080000000000000000e+03 1.446605000000000109e+04
1.000000000000000000e+03 1.448839999999999964e+04
8.880000000000000000e+02 1.452864999999999964e+04
9.520000000000000000e+02 1.454300000000000000e+04
1.120000000000000000e+03 1.455705000000000109e+04
1.160000000000000000e+03 1.456314999999999964e+04
1.080000000000000000e+03 1.458600000000000000e+04
8.240000000000000000e+02 1.458720000000000073e+04
9.440000000000000000e+02 1.466485000000000036e+04
1.168000000000000000e+03 1.466745000000000073e+04
1.152000000000000000e+03 1.467005000000000109e+04
9.760000000000000000e+02 1.470439999999999964e+04
8.400000000000000000e+02 1.471239999999999964e+04
1.120000000000000000e+03 1.473710000000000036e+04
1.168000000000000000e+03 1.476105000000000109e+04
1.152000000000000000e+03 1.479225000000000000e+04
1.112000000000000000e+03 1.483620000000000073e+04
8.240000000000000000e+02 1.484780000000000109e+04
8.720000000000000000e+02 1.488730000000000109e+04
9.280000000000000000e+02 1.493885000000000036e+04
9.210000000000000000e+02 1.100000000000000000e+02
1.057000000000000000e+03 1.316500000000000057e+02
1.097000000000000000e+03 1.420000000000000000e+02
9.050000000000000000e+02 1.446500000000000057e+02
1.161000000000000000e+03 1.919500000000000171e+02
9.210000000000000000e+02 2.168000000000000114e+02
1.105000000000000000e+03 2.270500000000000114e+02
8.890000000000000000e+02 2.552000000000000171e+02
1.009000000000000000e+03 3.076999999999999886e+02
1.097000000000000000e+03 3.110000000000000000e+02
8.730000000000000000e+02 3.406999999999999886e+02
9.130000000000000000e+02 3.416500000000000341e+02
1.177000000000000000e+03 3.674000000000000341e+02
1.065000000000000000e+03 4.218000000000000114e+02
9.930000000000000000e+02 4.500000000000000000e+02
8.330000000000000000e+02 4.796999999999999886e+02
1.081000000000000000e+03 4.922500000000000000e+02
9.370000000000000000e+02 5.144500000000000455e+02
1.121000000000000000e+03 5.912500000000000000e+02
1.161000000000000000e+03 6.497500000000000000e+02
8.890000000000000000e+02 7.302500000000000000e+02
9.610000000000000000e+02 7.349500000000000455e+02
9.530000000000000000e+02 8.080000000000000000e+02
1.017000000000000000e+03 8.521000000000000227e+02
8.490000000000000000e+02 8.633999999999999773e+02
1.193000000000000000e+03 9.220500000000000682e+02
8.890000000000000000e+02 9.241000000000000227e+02
9.210000000000000000e+02 9.622000000000000455e+02
1.113000000000000000e+03 1.009100000000000023e+03
1.057000000000000000e+03 1.033549999999999955e+03
1.169000000000000000e+03 1.036750000000000000e+03
1.161000000000000000e+03 1.040049999999999955e+03
9.770000000000000000e+02 1.115850000000000136e+03
8.250000000000000000e+02 1.143200000000000045e+03
8.970000000000000000e+02 1.144950000000000045e+03
8.570000000000000000e+02 1.169750000000000000e+03
9.370000000000000000e+02 1.201049999999999955e+03
8.090000000000000000e+02 1.271450000000000045e+03
1.097000000000000000e+03 1.290000000000000000e+03
9.610000000000000000e+02 1.290600000000000136e+03
8.170000000000000000e+02 1.327200000000000045e+03
9.770000000000000000e+02 1.353100000000000136e+03
1.033000000000000000e+03 1.354850000000000136e+03
8.970000000000000000e+02 1.399700000000000045e+03
9.530000000000000000e+02 1.429100000000000136e+03
1.201000000000000000e+03 1.567600000000000136e+03
1.001000000000000000e+03 1.608950000000000045e+03
8.250000000000000000e+02 1.613400000000000091e+03
1.169000000000000000e+03 1.627650000000000091e+03
1.049000000000000000e+03 1.636350000000000136e+03
9.290000000000000000e+02 1.751549999999999955e+03
8.650000000000000000e+02 1.926750000000000000e+03
9.930000000000000000e+02 1.945950000000000045e+03
8.970000000000000000e+02 2.147550000000000182e+03
1.049000000000000000e+03 2.174650000000000091e+03
8.410000000000000000e+02 2.180099999999999909e+03
1.129000000000000000e+03 2.239750000000000000e+03
1.121000000000000000e+03 2.309000000000000000e+03
1.089000000000000000e+03 2.448900000000000091e+03
1.025000000000000000e+03 2.457300000000000182e+03
8.090000000000000000e+02 2.481900000000000091e+03
1.201000000000000000e+03 2.527450000000000273e+03
1.153000000000000000e+03 2.553400000000000091e+03
1.065000000000000000e+03 2.575099999999999909e+03
1.001000000000000000e+03 2.697700000000000273e+03
8.170000000000000000e+02 2.786250000000000000e+03
9.050000000000000000e+02 2.851900000000000091e+03
8.330000000000000000e+02 2.881849999999999909e+03
1.049000000000000000e+03 2.905000000000000000e+03
1.097000000000000000e+03 2.941650000000000091e+03
1.145000000000000000e+03 3.012700000000000273e+03
1.161000000000000000e+03 3.090750000000000000e+03
1.065000000000000000e+03 3.132000000000000000e+03
1.073000000000000000e+03 3.147200000000000273e+03
1.025000000000000000e+03 3.207700000000000273e+03
1.057000000000000000e+03 3.316900000000000091e+03
1.089000000000000000e+03 3.338800000000000182e+03
9.690000000000000000e+02 3.355200000000000273e+03
1.081000000000000000e+03 3.356650000000000091e+03
9.370000000000000000e+02 3.429000000000000000e+03
1.025000000000000000e+03 3.466099999999999909e+03
9.370000000000000000e+02 3.485099999999999909e+03
1.161000000000000000e+03 3.492349999999999909e+03
9.930000000000000000e+02 3.683300000000000182e+03
8.810000000000000000e+02 3.744150000000000091e+03
9.290000000000000000e+02 3.796599999999999909e+03
9.690000000000000000e+02 3.918300000000000182e+03
8.890000000000000000e+02 4.178149999999999636e+03
1.129000000000000000e+03 4.180250000000000000e+03
8.890000000000000000e+02 4.225000000000000000e+03
9.610000000000000000e+02 4.237500000000000000e+03
8.250000000000000000e+02 4.298449999999999818e+03
1.177000000000000000e+03 4.331600000000000364e+03
1.193000000000000000e+03 4.337850000000000364e+03
8.650000000000000000e+02 4.356899999999999636e+03
1.097000000000000000e+03 4.414199999999999818e+03
1.097000000000000000e+03 4.517350000000000364e+03
8.570000000000000000e+02 4.554850000000000364e+03
9.450000000000000000e+02 4.577949999999999818e+03
9.210000000000000000e+02 4.638750000000000000e+03
1.081000000000000000e+03 4.724550000000000182e+03
9.770000000000000000e+02 4.730600000000000364e+03
8.250000000000000000e+02 4.742199999999999818e+03
1.129000000000000000e+03 4.803000000000000000e+03
1.153000000000000000e+03 4.845850000000000364e+03
1.081000000000000000e+03 4.859650000000000546e+03
9.530000000000000000e+02 4.866650000000000546e+03
1.049000000000000000e+03 4.891600000000000364e+03
1.137000000000000000e+03 4.918500000000000000e+03
9.610000000000000000e+02 4.929949999999999818e+03
8.330000000000000000e+02 4.990000000000000000e+03
9.450000000000000000e+02 5.027550000000000182e+03
8.250000000000000000e+02 5.247900000000000546e+03
8.730000000000000000e+02 5.284250000000000000e+03
9.450000000000000000e+02 5.289699999999999818e+03
9.530000000000000000e+02 5.294800000000000182e+03
8.570000000000000000e+02 5.325400000000000546e+03
9.930000000000000000e+02 5.328650000000000546e+03
1.073000000000000000e+03 5.429949999999999818e+03
8.890000000000000000e+02 5.436449999999999818e+03
1.137000000000000000e+03 5.452699999999999818e+03
1.017000000000000000e+03 5.458350000000000364e+03
9.930000000000000000e+02 5.470300000000000182e+03
8.650000000000000000e+02 5.560900000000000546e+03
1.097000000000000000e+03 5.562449999999999818e+03
1.201000000000000000e+03 5.562750000000000000e+03
1.193000000000000000e+03 5.631949999999999818e+03
8.090000000000000000e+02 5.639449999999999818e+03
1.169000000000000000e+03 5.712949999999999818e+03
1.137000000000000000e+03 5.753449999999999818e+03
9.610000000000000000e+02 5.870650000000000546e+03
1.041000000000000000e+03 5.945949999999999818e+03
1.169000000000000000e+03 5.995650000000000546e+03
1.073000000000000000e+03 9.071000000000000000e+03
1.081000000000000000e+03 9.117250000000000000e+03
1.201000000000000000e+03 9.161250000000000000e+03
9.050000000000000000e+02 9.172350000000000364e+03
1.113000000000000000e+03 9.205550000000001091e+03
1.065000000000000000e+03 9.224899999999999636e+03
9.130000000000000000e+02 9.242450000000000728e+03
8.090000000000000000e+02 9.268399999999999636e+03
9.290000000000000000e+02 9.274100000000000364e+03
1.057000000000000000e+03 9.327700000000000728e+03
9.930000000000000000e+02 9.431250000000000000e+03
1.009000000000000000e+03 9.446100000000000364e+03
1.089000000000000000e+03 9.454100000000000364e+03
8.890000000000000000e+02 9.463100000000000364e+03
9.290000000000000000e+02 9.478000000000000000e+03
8.970000000000000000e+02 9.511200000000000728e+03
1.033000000000000000e+03 9.544750000000000000e+03
1.025000000000000000e+03 9.696500000000000000e+03
8.490000000000000000e+02 9.733450000000000728e+03
8.250000000000000000e+02 9.791950000000000728e+03
1.201000000000000000e+03 9.841850000000000364e+03
9.450000000000000000e+02 9.968750000000000000e+03
9.530000000000000000e+02 1.010455000000000109e+04
9.210000000000000000e+02 1.018410000000000036e+04
1.185000000000000000e+03 1.028385000000000036e+04
8.570000000000000000e+02 1.032320000000000073e+04
1.129000000000000000e+03 1.037639999999999964e+04
9.610000000000000000e+02 1.039850000000000000e+04
8.410000000000000000e+02 1.040950000000000000e+04
8.890000000000000000e+02 1.049770000000000073e+04
9.210000000000000000e+02 1.051014999999999964e+04
9.050000000000000000e+02 1.055010000000000036e+04
1.041000000000000000e+03 1.060430000000000109e+04
1.017000000000000000e+03 1.061120000000000073e+04
1.177000000000000000e+03 1.072645000000000073e+04
1.153000000000000000e+03 1.074375000000000000e+04
1.145000000000000000e+03 1.083089999999999964e+04
9.530000000000000000e+02 1.090100000000000000e+04
1.089000000000000000e+03 1.091295000000000073e+04
1.193000000000000000e+03 1.093935000000000036e+04
1.009000000000000000e+03 1.098789999999999964e+04
1.049000000000000000e+03 1.099889999999999964e+04
9.450000000000000000e+02 1.101820000000000073e+04
1.001000000000000000e+03 1.107755000000000109e+04
9.530000000000000000e+02 1.111210000000000036e+04
1.081000000000000000e+03 1.118114999999999964e+04
1.153000000000000000e+03 1.121164999999999964e+04
8.410000000000000000e+02 1.129620000000000073e+04
8.810000000000000000e+02 1.136560000000000036e+04
1.121000000000000000e+03 1.139430000000000109e+04
8.090000000000000000e+02 1.147735000000000036e+04
1.041000000000000000e+03 1.149039999999999964e+04
9.770000000000000000e+02 1.157564999999999964e+04
8.810000000000000000e+02 1.162170000000000073e+04
9.610000000000000000e+02 1.168585000000000036e+04
9.130000000000000000e+02 1.169925000000000000e+04
1.081000000000000000e+03 1.171389999999999964e+04
9.610000000000000000e+02 1.182025000000000000e+04
1.065000000000000000e+03 1.182770000000000073e+04
9.370000000000000000e+02 1.183839999999999964e+04
1.105000000000000000e+03 1.188464999999999964e+04
1.201000000000000000e+03 1.189250000000000000e+04
1.017000000000000000e+03 1.190460000000000036e+04
9.210000000000000000e+02 1.193780000000000109e+04
1.105000000000000000e+03 1.197089999999999964e+04
9.370000000000000000e+02 1.208920000000000073e+04
1.097000000000000000e+03 1.211810000000000036e+04
8.250000000000000000e+02 1.222780000000000109e+04
9.290000000000000000e+02 1.227339999999999964e+04
1.201000000000000000e+03 1.227814999999999964e+04
9.050000000000000000e+02 1.228800000000000000e+04
1.113000000000000000e+03 1.231330000000000109e+04
8.810000000000000000e+02 1.238110000000000036e+04
9.610000000000000000e+02 1.242970000000000073e+04
1.073000000000000000e+03 1.246750000000000000e+04
8.410000000000000000e+02 1.251075000000000000e+04
9.370000000000000000e+02 1.252035000000000036e+04
9.050000000000000000e+02 1.254705000000000109e+04
9.850000000000000000e+02 1.260595000000000073e+04
9.770000000000000000e+02 1.260720000000000073e+04
1.001000000000000000e+03 1.261100000000000000e+04
9.530000000000000000e+02 1.262900000000000000e+04
1.105000000000000000e+03 1.265470000000000073e+04
9.050000000000000000e+02 1.271455000000000109e+04
1.009000000000000000e+03 1.276335000000000036e+04
8.650000000000000000e+02 1.280895000000000073e+04
8.810000000000000000e+02 1.289614999999999964e+04
9.370000000000000000e+02 1.295260000000000036e+04
8.330000000000000000e+02 1.296870000000000073e+04
1.065000000000000000e+03 1.303810000000000036e+04
9.210000000000000000e+02 1.310150000000000000e+04
8.570000000000000000e+02 1.315395000000000073e+04
9.370000000000000000e+02 1.325220000000000073e+04
1.177000000000000000e+03 1.326010000000000036e+04
1.137000000000000000e+03 1.327310000000000036e+04
9.930000000000000000e+02 1.328089999999999964e+04
1.081000000000000000e+03 1.332414999999999964e+04
1.137000000000000000e+03 1.333795000000000073e+04
9.450000000000000000e+02 1.333995000000000073e+04
1.185000000000000000e+03 1.334230000000000109e+04
1.057000000000000000e+03 1.341670000000000073e+04
1.089000000000000000e+03 1.344795000000000073e+04
9.050000000000000000e+02 1.349920000000000073e+04
9.290000000000000000e+02 1.350864999999999964e+04
1.025000000000000000e+03 1.352075000000000000e+04
1.129000000000000000e+03 1.361375000000000000e+04
8.250000000000000000e+02 1.363150000000000000e+04
9.290000000000000000e+02 1.370955000000000109e+04
9.770000000000000000e+02 1.374895000000000073e+04
9.930000000000000000e+02 1.377505000000000109e+04
1.193000000000000000e+03 1.378900000000000000e+04
1.097000000000000000e+03 1.389000000000000000e+04
1.033000000000000000e+03 1.391945000000000073e+04
1.089000000000000000e+03 1.399280000000000109e+04
1.025000000000000000e+03 1.412075000000000000e+04
9.370000000000000000e+02 1.413235000000000036e+04
8.410000000000000000e+02 1.420575000000000000e+04
1.169000000000000000e+03 1.423775000000000000e+04
8.490000000000000000e+02 1.424505000000000109e+04
1.009000000000000000e+03 1.428160000000000036e+04
1.065000000000000000e+03 1.429030000000000109e+04
9.850000000000000000e+02 1.431760000000000036e+04
8.730000000000000000e+02 1.448814999999999964e+04
1.089000000000000000e+03 1.450710000000000036e+04
1.185000000000000000e+03 1.453075000000000000e+04
9.130000000000000000e+02 1.453175000000000000e+04
9.930000000000000000e+02 1.458660000000000036e+04
8.090000000000000000e+02 1.458680000000000109e+04
1.025000000000000000e+03 1.469570000000000073e+04
9.050000000000000000e+02 1.478845000000000073e+04
1.193000000000000000e+03 1.480520000000000073e+04
9.770000000000000000e+02 1.480660000000000036e+04
1.177000000000000000e+03 1.482335000000000036e+04
1.041000000000000000e+03 1.493305000000000109e+04
9.050000000000000000e+02 1.493430000000000109e+04
1.042000000000000000e+03 2.184000000000000057e+02
1.002000000000000000e+03 2.258499999999999943e+02
9.700000000000000000e+02 2.828000000000000114e+02
1.042000000000000000e+03 3.060000000000000000e+02
9.700000000000000000e+02 3.625500000000000114e+02
8.580000000000000000e+02 4.177500000000000000e+02
1.106000000000000000e+03 5.327500000000000000e+02
9.060000000000000000e+02 5.585000000000000000e+02
8.020000000000000000e+02 6.606499999999999773e+02
1.066000000000000000e+03 6.831000000000000227e+02
8.740000000000000000e+02 7.244500000000000455e+02
1.074000000000000000e+03 7.367000000000000455e+02
8.260000000000000000e+02 7.405500000000000682e+02
8.340000000000000000e+02 7.802500000000000000e+02
8.180000000000000000e+02 8.451000000000000227e+02
8.420000000000000000e+02 8.630000000000000000e+02
1.114000000000000000e+03 9.066000000000000227e+02
1.010000000000000000e+03 9.657500000000000000e+02
1.154000000000000000e+03 9.848999999999999773e+02
9.940000000000000000e+02 1.033849999999999909e+03
8.420000000000000000e+02 1.056049999999999955e+03
1.146000000000000000e+03 1.140750000000000000e+03
1.162000000000000000e+03 1.180900000000000091e+03
1.194000000000000000e+03 1.190500000000000000e+03
1.026000000000000000e+03 1.243049999999999955e+03
9.460000000000000000e+02 1.327250000000000000e+03
1.034000000000000000e+03 1.335049999999999955e+03
1.114000000000000000e+03 1.366049999999999955e+03
1.066000000000000000e+03 1.386049999999999955e+03
1.130000000000000000e+03 1.394000000000000000e+03
9.540000000000000000e+02 1.419900000000000091e+03
1.106000000000000000e+03 1.431250000000000000e+03
1.002000000000000000e+03 1.463900000000000091e+03
8.740000000000000000e+02 1.503799999999999955e+03
1.178000000000000000e+03 1.636549999999999955e+03
1.026000000000000000e+03 1.675400000000000091e+03
1.106000000000000000e+03 1.693299999999999955e+03
1.002000000000000000e+03 1.765100000000000136e+03
1.138000000000000000e+03 1.836299999999999955e+03
1.034000000000000000e+03 1.851299999999999955e+03
1.058000000000000000e+03 1.904150000000000091e+03
9.940000000000000000e+02 1.926250000000000000e+03
9.700000000000000000e+02 1.937200000000000045e+03
1.170000000000000000e+03 2.006350000000000136e+03
1.042000000000000000e+03 2.023400000000000091e+03
8.660000000000000000e+02 2.057599999999999909e+03
1.130000000000000000e+03 2.157800000000000182e+03
8.260000000000000000e+02 2.191300000000000182e+03
9.060000000000000000e+02 2.204650000000000091e+03
8.020000000000000000e+02 2.225750000000000000e+03
8.580000000000000000e+02 2.226349999999999909e+03
8.660000000000000000e+02 2.294599999999999909e+03
1.114000000000000000e+03 2.357599999999999909e+03
8.900000000000000000e+02 2.358349999999999909e+03
8.660000000000000000e+02 2.361450000000000273e+03
9.060000000000000000e+02 2.408550000000000182e+03
1.002000000000000000e+03 2.450800000000000182e+03
9.780000000000000000e+02 2.482349999999999909e+03
9.300000000000000000e+02 2.530599999999999909e+03
1.170000000000000000e+03 2.543849999999999909e+03
9.860000000000000000e+02 2.544450000000000273e+03
9.140000000000000000e+02 2.556050000000000182e+03
9.220000000000000000e+02 2.570300000000000182e+03
9.380000000000000000e+02 2.614000000000000000e+03
1.066000000000000000e+03 2.659450000000000273e+03
9.460000000000000000e+02 2.675099999999999909e+03
1.106000000000000000e+03 2.677050000000000182e+03
1.170000000000000000e+03 2.758150000000000091e+03
9.860000000000000000e+02 2.796349999999999909e+03
1.162000000000000000e+03 2.816599999999999909e+03
1.010000000000000000e+03 2.911950000000000273e+03
8.900000000000000000e+02 2.922650000000000091e+03
8.020000000000000000e+02 2.962950000000000273e+03
1.186000000000000000e+03 3.022650000000000091e+03
1.002000000000000000e+03 3.064500000000000000e+03
1.082000000000000000e+03 3.129650000000000091e+03
9.540000000000000000e+02 3.145500000000000000e+03
8.020000000000000000e+02 3.235349999999999909e+03
9.940000000000000000e+02 3.258250000000000000e+03
1.058000000000000000e+03 3.294900000000000091e+03
9.060000000000000000e+02 3.322250000000000000e+03
1.178000000000000000e+03 3.338750000000000000e+03
1.146000000000000000e+03 3.380349999999999909e+03
1.122000000000000000e+03 3.381200000000000273e+03
1.186000000000000000e+03 3.460150000000000091e+03
9.140000000000000000e+02 3.496300000000000182e+03
8.980000000000000000e+02 3.646300000000000182e+03
8.420000000000000000e+02 3.654000000000000000e+03
8.420000000000000000e+02 3.753599999999999909e+03
1.098000000000000000e+03 3.767500000000000000e+03
9.460000000000000000e+02 3.780450000000000273e+03
9.220000000000000000e+02 3.803900000000000091e+03
9.620000000000000000e+02 3.878800000000000182e+03
8.820000000000000000e+02 3.949050000000000182e+03
8.420000000000000000e+02 3.985700000000000273e+03
1.026000000000000000e+03 4.053200000000000273e+03
1.146000000000000000e+03 4.076800000000000182e+03
9.220000000000000000e+02 4.078599999999999909e+03
9.540000000000000000e+02 4.141300000000000182e+03
9.700000000000000000e+02 4.189649999999999636e+03
1.122000000000000000e+03 4.329750000000000000e+03
1.114000000000000000e+03 4.347449999999999818e+03
1.002000000000000000e+03 4.352149999999999636e+03
1.026000000000000000e+03 4.364500000000000000e+03
9.220000000000000000e+02 4.379300000000000182e+03
1.042000000000000000e+03 4.380300000000000182e+03
1.186000000000000000e+03 4.388800000000000182e+03
8.740000000000000000e+02 4.395600000000000364e+03
9.140000000000000000e+02 4.524199999999999818e+03
9.700000000000000000e+02 4.616350000000000364e+03
1.154000000000000000e+03 4.738449999999999818e+03
1.002000000000000000e+03 4.758199999999999818e+03
9.700000000000000000e+02 4.811350000000000364e+03
1.026000000000000000e+03 4.853300000000000182e+03
1.130000000000000000e+03 4.969300000000000182e+03
8.260000000000000000e+02 4.995250000000000000e+03
9.140000000000000000e+02 5.007150000000000546e+03
1.178000000000000000e+03 5.007949999999999818e+03
1.146000000000000000e+03 5.019949999999999818e+03
1.050000000000000000e+03 5.030350000000000364e+03
1.058000000000000000e+03 5.140500000000000000e+03
1.098000000000000000e+03 5.141199999999999818e+03
8.500000000000000000e+02 5.156050000000000182e+03
1.026000000000000000e+03 5.180050000000000182e+03
8.740000000000000000e+02 5.183100000000000364e+03
1.074000000000000000e+03 5.210900000000000546e+03
9.540000000000000000e+02 5.373800000000000182e+03
1.002000000000000000e+03 5.410550000000000182e+03
1.066000000000000000e+03 5.411650000000000546e+03
8.340000000000000000e+02 5.448900000000000546e+03
8.100000000000000000e+02 5.522800000000000182e+03
1.106000000000000000e+03 5.565000000000000000e+03
9.220000000000000000e+02 5.602550000000000182e+03
1.058000000000000000e+03 5.605250000000000000e+03
1.002000000000000000e+03 5.675750000000000000e+03
1.082000000000000000e+03 5.898400000000000546e+03
9.540000000000000000e+02 5.906750000000000000e+03
9.300000000000000000e+02 5.977300000000000182e+03
9.700000000000000000e+02 9.039550000000001091e+03
1.122000000000000000e+03 9.052950000000000728e+03
8.820000000000000000e+02 9.079000000000000000e+03
1.194000000000000000e+03 9.099149999999999636e+03
1.186000000000000000e+03 9.136550000000001091e+03
1.034000000000000000e+03 9.139149999999999636e+03
8.660000000000000000e+02 9.151250000000000000e+03
1.074000000000000000e+03 9.168350000000000364e+03
1.122000000000000000e+03 9.205550000000001091e+03
8.580000000000000000e+02 9.341399999999999636e+03
1.066000000000000000e+03 9.357200000000000728e+03
9.860000000000000000e+02 9.378800000000001091e+03
9.140000000000000000e+02 9.396050000000001091e+03
8.740000000000000000e+02 9.481149999999999636e+03
1.130000000000000000e+03 9.522750000000000000e+03
1.170000000000000000e+03 9.601450000000000728e+03
1.170000000000000000e+03 9.855600000000000364e+03
1.010000000000000000e+03 9.877899999999999636e+03
1.154000000000000000e+03 9.890250000000000000e+03
1.058000000000000000e+03 9.904899999999999636e+03
1.178000000000000000e+03 1.002605000000000109e+04
8.660000000000000000e+02 1.004445000000000073e+04
9.780000000000000000e+02 1.004450000000000000e+04
1.058000000000000000e+03 1.005750000000000000e+04
8.740000000000000000e+02 1.006400000000000000e+04
8.260000000000000000e+02 1.024535000000000036e+04
1.082000000000000000e+03 1.028950000000000000e+04
9.700000000000000000e+02 1.033245000000000073e+04
1.114000000000000000e+03 1.033280000000000109e+04
8.980000000000000000e+02 1.036100000000000000e+04
8.420000000000000000e+02 1.036345000000000073e+04
1.194000000000000000e+03 1.039664999999999964e+04
1.122000000000000000e+03 1.040320000000000073e+04
8.740000000000000000e+02 1.043180000000000109e+04
8.180000000000000000e+02 1.044230000000000109e+04
1.010000000000000000e+03 1.045555000000000109e+04
1.138000000000000000e+03 1.048050000000000000e+04
1.010000000000000000e+03 1.053110000000000036e+04
1.050000000000000000e+03 1.055000000000000000e+04
1.090000000000000000e+03 1.058000000000000000e+04
9.780000000000000000e+02 1.069655000000000109e+04
9.060000000000000000e+02 1.071480000000000109e+04
8.500000000000000000e+02 1.074885000000000036e+04
1.130000000000000000e+03 1.078895000000000073e+04
1.170000000000000000e+03 1.103839999999999964e+04
1.106000000000000000e+03 1.110110000000000036e+04
9.700000000000000000e+02 1.121580000000000109e+04
1.138000000000000000e+03 1.133245000000000073e+04
1.010000000000000000e+03 1.134055000000000109e+04
9.060000000000000000e+02 1.137414999999999964e+04
1.170000000000000000e+03 1.138460000000000036e+04
1.146000000000000000e+03 1.139514999999999964e+04
1.162000000000000000e+03 1.142689999999999964e+04
8.100000000000000000e+02 1.153370000000000073e+04
1.050000000000000000e+03 1.171350000000000000e+04
8.340000000000000000e+02 1.173085000000000036e+04
1.170000000000000000e+03 1.178060000000000036e+04
1.146000000000000000e+03 1.182370000000000073e+04
1.162000000000000000e+03 1.192910000000000036e+04
9.220000000000000000e+02 1.194505000000000109e+04
1.114000000000000000e+03 1.194800000000000000e+04
8.500000000000000000e+02 1.200075000000000000e+04
8.420000000000000000e+02 1.202670000000000073e+04
9.300000000000000000e+02 1.205230000000000109e+04
1.018000000000000000e+03 1.216770000000000073e+04
8.980000000000000000e+02 1.218505000000000109e+04
1.058000000000000000e+03 1.220985000000000036e+04
8.740000000000000000e+02 1.226325000000000000e+04
1.034000000000000000e+03 1.235460000000000036e+04
9.780000000000000000e+02 1.238320000000000073e+04
9.060000000000000000e+02 1.245320000000000073e+04
1.186000000000000000e+03 1.248050000000000000e+04
1.050000000000000000e+03 1.249280000000000109e+04
1.074000000000000000e+03 1.249925000000000000e+04
9.540000000000000000e+02 1.252130000000000109e+04
1.098000000000000000e+03 1.253235000000000036e+04
8.580000000000000000e+02 1.254964999999999964e+04
8.020000000000000000e+02 1.260600000000000000e+04
8.740000000000000000e+02 1.261239999999999964e+04
1.130000000000000000e+03 1.261525000000000000e+04
1.042000000000000000e+03 1.265330000000000109e+04
9.060000000000000000e+02 1.265450000000000000e+04
1.154000000000000000e+03 1.268664999999999964e+04
1.010000000000000000e+03 1.271525000000000000e+04
9.220000000000000000e+02 1.273695000000000073e+04
8.100000000000000000e+02 1.286020000000000073e+04
9.300000000000000000e+02 1.286900000000000000e+04
8.340000000000000000e+02 1.305195000000000073e+04
8.740000000000000000e+02 1.306555000000000109e+04
9.380000000000000000e+02 1.308180000000000109e+04
1.082000000000000000e+03 1.310789999999999964e+04
9.220000000000000000e+02 1.311550000000000000e+04
1.074000000000000000e+03 1.315195000000000073e+04
1.042000000000000000e+03 1.318005000000000109e+04
1.130000000000000000e+03 1.323220000000000073e+04
9.460000000000000000e+02 1.328050000000000000e+04
8.420000000000000000e+02 1.334655000000000109e+04
1.034000000000000000e+03 1.344589999999999964e+04
1.194000000000000000e+03 1.345864999999999964e+04
8.340000000000000000e+02 1.361770000000000073e+04
8.180000000000000000e+02 1.363014999999999964e+04
9.620000000000000000e+02 1.366160000000000036e+04
1.106000000000000000e+03 1.376275000000000000e+04
8.260000000000000000e+02 1.381025000000000000e+04
1.002000000000000000e+03 1.388055000000000109e+04
1.178000000000000000e+03 1.389000000000000000e+04
1.178000000000000000e+03 1.399595000000000073e+04
1.082000000000000000e+03 1.400755000000000109e+04
8.180000000000000000e+02 1.405675000000000000e+04
1.018000000000000000e+03 1.411550000000000000e+04
8.980000000000000000e+02 1.414300000000000000e+04
9.220000000000000000e+02 1.414339999999999964e+04
1.082000000000000000e+03 1.418320000000000073e+04
8.340000000000000000e+02 1.424555000000000109e+04
9.940000000000000000e+02 1.428705000000000109e+04
1.170000000000000000e+03 1.432860000000000036e+04
1.154000000000000000e+03 1.434350000000000000e+04
1.042000000000000000e+03 1.437605000000000109e+04
1.050000000000000000e+03 1.443900000000000000e+04
9.540000000000000000e+02 1.447880000000000109e+04
1.034000000000000000e+03 1.458914999999999964e+04
8.100000000000000000e+02 1.477839999999999964e+04
1.010000000000000000e+03 1.488589999999999964e+04
1.026000000000000000e+03 1.492555000000000109e+04
9.700000000000000000e+02 1.495360000000000036e+04
8.660000000000000000e+02 1.495705000000000109e+04
1.034000000000000000e+03 1.499410000000000036e+04
1.139000000000000000e+03 1.298499999999999943e+02
8.350000000000000000e+02 1.792000000000000171e+02
9.150000000000000000e+02 3.986000000000000227e+02
8.110000000000000000e+02 4.490500000000000114e+02
1.075000000000000000e+03 4.892500000000000000e+02
1.027000000000000000e+03 5.512000000000000455e+02
1.123000000000000000e+03 5.889500000000000455e+02
1.067000000000000000e+03 6.234500000000000455e+02
1.011000000000000000e+03 7.108000000000000682e+02
8.750000000000000000e+02 7.293999999999999773e+02
8.110000000000000000e+02 8.033999999999999773e+02
1.099000000000000000e+03 8.663000000000000682e+02
9.150000000000000000e+02 8.728000000000000682e+02
1.059000000000000000e+03 8.831499999999999773e+02
9.950000000000000000e+02 9.313999999999999773e+02
9.230000000000000000e+02 1.045799999999999955e+03
1.131000000000000000e+03 1.123250000000000000e+03
1.099000000000000000e+03 1.171450000000000045e+03
1.155000000000000000e+03 1.392650000000000091e+03
1.179000000000000000e+03 1.499049999999999955e+03
1.043000000000000000e+03 1.612600000000000136e+03
1.179000000000000000e+03 1.651900000000000091e+03
1.059000000000000000e+03 1.857950000000000045e+03
8.670000000000000000e+02 1.910150000000000091e+03
9.710000000000000000e+02 1.922299999999999955e+03
9.950000000000000000e+02 1.927799999999999955e+03
9.390000000000000000e+02 1.969600000000000136e+03
1.003000000000000000e+03 2.010549999999999955e+03
8.990000000000000000e+02 2.083900000000000091e+03
1.091000000000000000e+03 2.085500000000000000e+03
1.179000000000000000e+03 2.085699999999999818e+03
9.870000000000000000e+02 2.188650000000000091e+03
1.171000000000000000e+03 2.275500000000000000e+03
1.131000000000000000e+03 2.310650000000000091e+03
1.163000000000000000e+03 2.368250000000000000e+03
8.910000000000000000e+02 2.409300000000000182e+03
1.019000000000000000e+03 2.428150000000000091e+03
1.179000000000000000e+03 2.445650000000000091e+03
1.043000000000000000e+03 2.453250000000000000e+03
1.147000000000000000e+03 2.483800000000000182e+03
1.115000000000000000e+03 2.518250000000000000e+03
1.115000000000000000e+03 2.559450000000000273e+03
1.075000000000000000e+03 2.594650000000000091e+03
9.390000000000000000e+02 2.608849999999999909e+03
1.019000000000000000e+03 2.632450000000000273e+03
1.163000000000000000e+03 2.675450000000000273e+03
1.155000000000000000e+03 2.697450000000000273e+03
8.430000000000000000e+02 2.718950000000000273e+03
1.107000000000000000e+03 2.764150000000000091e+03
1.195000000000000000e+03 2.784750000000000000e+03
9.550000000000000000e+02 2.793700000000000273e+03
9.390000000000000000e+02 2.800650000000000091e+03
1.171000000000000000e+03 2.814550000000000182e+03
1.115000000000000000e+03 2.908750000000000000e+03
1.051000000000000000e+03 2.921550000000000182e+03
9.870000000000000000e+02 2.930300000000000182e+03
1.195000000000000000e+03 3.001050000000000182e+03
1.043000000000000000e+03 3.163950000000000273e+03
1.003000000000000000e+03 3.174700000000000273e+03
8.270000000000000000e+02 3.347150000000000091e+03
8.590000000000000000e+02 3.367450000000000273e+03
9.070000000000000000e+02 3.409900000000000091e+03
1.027000000000000000e+03 3.454750000000000000e+03
9.870000000000000000e+02 3.493450000000000273e+03
9.390000000000000000e+02 3.509550000000000182e+03
1.179000000000000000e+03 3.533900000000000091e+03
1.043000000000000000e+03 3.536000000000000000e+03
1.075000000000000000e+03 3.547950000000000273e+03
1.195000000000000000e+03 3.558050000000000182e+03
9.710000000000000000e+02 3.627750000000000000e+03
8.510000000000000000e+02 3.697200000000000273e+03
1.163000000000000000e+03 3.700300000000000182e+03
8.750000000000000000e+02 3.737950000000000273e+03
1.123000000000000000e+03 3.777099999999999909e+03
8.670000000000000000e+02 3.790700000000000273e+03
9.390000000000000000e+02 3.852150000000000091e+03
8.430000000000000000e+02 3.905150000000000091e+03
1.131000000000000000e+03 3.943200000000000273e+03
1.195000000000000000e+03 4.027150000000000091e+03
8.430000000000000000e+02 4.188850000000000364e+03
1.147000000000000000e+03 4.353899999999999636e+03
8.270000000000000000e+02 4.359600000000000364e+03
1.067000000000000000e+03 4.383050000000000182e+03
1.059000000000000000e+03 4.406600000000000364e+03
8.270000000000000000e+02 4.527199999999999818e+03
1.035000000000000000e+03 4.528250000000000000e+03
1.195000000000000000e+03 4.652199999999999818e+03
1.171000000000000000e+03 4.737199999999999818e+03
1.139000000000000000e+03 4.790600000000000364e+03
1.019000000000000000e+03 4.821949999999999818e+03
9.390000000000000000e+02 4.836100000000000364e+03
1.059000000000000000e+03 4.892150000000000546e+03
8.110000000000000000e+02 4.900250000000000000e+03
9.870000000000000000e+02 4.976699999999999818e+03
9.710000000000000000e+02 4.981449999999999818e+03
1.075000000000000000e+03 4.989350000000000364e+03
1.179000000000000000e+03 5.022350000000000364e+03
1.083000000000000000e+03 5.082850000000000364e+03
9.630000000000000000e+02 5.084550000000000182e+03
8.750000000000000000e+02 5.123699999999999818e+03
1.195000000000000000e+03 5.202699999999999818e+03
1.075000000000000000e+03 5.210400000000000546e+03
9.790000000000000000e+02 5.367800000000000182e+03
1.091000000000000000e+03 5.381650000000000546e+03
8.910000000000000000e+02 5.476150000000000546e+03
9.790000000000000000e+02 5.579250000000000000e+03
8.830000000000000000e+02 5.607600000000000364e+03
1.075000000000000000e+03 5.612199999999999818e+03
8.510000000000000000e+02 5.640900000000000546e+03
1.131000000000000000e+03 5.642199999999999818e+03
8.670000000000000000e+02 5.651800000000000182e+03
1.003000000000000000e+03 5.877400000000000546e+03
1.179000000000000000e+03 5.921949999999999818e+03
1.123000000000000000e+03 5.962100000000000364e+03
8.750000000000000000e+02 5.965050000000000182e+03
1.163000000000000000e+03 5.993250000000000000e+03
1.091000000000000000e+03 9.097750000000000000e+03
8.510000000000000000e+02 9.104649999999999636e+03
8.750000000000000000e+02 9.122899999999999636e+03
9.150000000000000000e+02 9.124750000000000000e+03
1.179000000000000000e+03 9.190850000000000364e+03
9.950000000000000000e+02 9.213300000000001091e+03
1.107000000000000000e+03 9.232800000000001091e+03
8.910000000000000000e+02 9.325050000000001091e+03
1.027000000000000000e+03 9.421300000000001091e+03
1.187000000000000000e+03 9.479350000000000364e+03
1.027000000000000000e+03 9.543350000000000364e+03
1.115000000000000000e+03 9.643300000000001091e+03
9.070000000000000000e+02 9.644050000000001091e+03
9.630000000000000000e+02 9.657500000000000000e+03
1.043000000000000000e+03 9.694100000000000364e+03
8.270000000000000000e+02 9.707600000000000364e+03
8.430000000000000000e+02 9.710600000000000364e+03
1.003000000000000000e+03 9.729300000000001091e+03
9.150000000000000000e+02 9.766500000000000000e+03
8.430000000000000000e+02 9.778399999999999636e+03
1.035000000000000000e+03 9.814500000000000000e+03
9.310000000000000000e+02 9.827450000000000728e+03
9.390000000000000000e+02 9.837899999999999636e+03
1.107000000000000000e+03 9.898050000000001091e+03
9.470000000000000000e+02 9.929050000000001091e+03
8.590000000000000000e+02 9.939950000000000728e+03
8.990000000000000000e+02 1.001745000000000073e+04
9.390000000000000000e+02 1.002005000000000109e+04
9.550000000000000000e+02 1.003420000000000073e+04
9.630000000000000000e+02 1.004285000000000036e+04
8.830000000000000000e+02 1.008620000000000073e+04
8.670000000000000000e+02 1.012945000000000073e+04
8.030000000000000000e+02 1.013139999999999964e+04
9.950000000000000000e+02 1.016385000000000036e+04
8.830000000000000000e+02 1.018660000000000036e+04
9.790000000000000000e+02 1.019485000000000036e+04
1.051000000000000000e+03 1.022970000000000073e+04
1.043000000000000000e+03 1.029514999999999964e+04
1.003000000000000000e+03 1.036870000000000073e+04
8.750000000000000000e+02 1.036970000000000073e+04
1.163000000000000000e+03 1.049700000000000000e+04
8.510000000000000000e+02 1.051360000000000036e+04
8.030000000000000000e+02 1.054705000000000109e+04
1.123000000000000000e+03 1.061039999999999964e+04
8.350000000000000000e+02 1.062325000000000000e+04
1.123000000000000000e+03 1.070180000000000109e+04
9.070000000000000000e+02 1.076980000000000109e+04
9.710000000000000000e+02 1.078400000000000000e+04
1.027000000000000000e+03 1.080425000000000000e+04
8.830000000000000000e+02 1.083045000000000073e+04
1.115000000000000000e+03 1.083214999999999964e+04
8.590000000000000000e+02 1.083320000000000073e+04
1.179000000000000000e+03 1.084905000000000109e+04
1.019000000000000000e+03 1.089235000000000036e+04
9.310000000000000000e+02 1.094845000000000073e+04
9.470000000000000000e+02 1.102464999999999964e+04
1.083000000000000000e+03 1.104180000000000109e+04
8.910000000000000000e+02 1.105764999999999964e+04
1.027000000000000000e+03 1.109164999999999964e+04
1.155000000000000000e+03 1.114045000000000073e+04
1.139000000000000000e+03 1.119664999999999964e+04
1.171000000000000000e+03 1.119864999999999964e+04
1.043000000000000000e+03 1.125730000000000109e+04
9.310000000000000000e+02 1.126339999999999964e+04
8.510000000000000000e+02 1.130195000000000073e+04
1.043000000000000000e+03 1.134400000000000000e+04
1.067000000000000000e+03 1.135150000000000000e+04
9.950000000000000000e+02 1.140410000000000036e+04
9.790000000000000000e+02 1.147600000000000000e+04
8.590000000000000000e+02 1.147675000000000000e+04
1.003000000000000000e+03 1.148480000000000109e+04
9.310000000000000000e+02 1.153830000000000109e+04
8.510000000000000000e+02 1.157564999999999964e+04
9.710000000000000000e+02 1.167325000000000000e+04
1.155000000000000000e+03 1.169095000000000073e+04
9.230000000000000000e+02 1.190739999999999964e+04
8.110000000000000000e+02 1.194830000000000109e+04
1.059000000000000000e+03 1.200550000000000000e+04
1.115000000000000000e+03 1.200625000000000000e+04
1.171000000000000000e+03 1.203055000000000109e+04
9.630000000000000000e+02 1.206525000000000000e+04
1.155000000000000000e+03 1.211289999999999964e+04
9.950000000000000000e+02 1.211885000000000036e+04
9.390000000000000000e+02 1.215200000000000000e+04
8.830000000000000000e+02 1.223250000000000000e+04
8.750000000000000000e+02 1.226320000000000073e+04
9.470000000000000000e+02 1.227885000000000036e+04
1.171000000000000000e+03 1.231339999999999964e+04
1.155000000000000000e+03 1.237600000000000000e+04
8.190000000000000000e+02 1.241500000000000000e+04
8.750000000000000000e+02 1.244295000000000073e+04
1.075000000000000000e+03 1.244310000000000036e+04
1.163000000000000000e+03 1.244880000000000109e+04
1.035000000000000000e+03 1.246089999999999964e+04
1.099000000000000000e+03 1.246560000000000036e+04
9.310000000000000000e+02 1.248655000000000109e+04
9.310000000000000000e+02 1.263475000000000000e+04
1.179000000000000000e+03 1.265505000000000109e+04
9.230000000000000000e+02 1.268195000000000073e+04
8.030000000000000000e+02 1.268870000000000073e+04
1.075000000000000000e+03 1.294714999999999964e+04
1.131000000000000000e+03 1.294920000000000073e+04
1.187000000000000000e+03 1.300500000000000000e+04
9.230000000000000000e+02 1.312670000000000073e+04
1.091000000000000000e+03 1.318900000000000000e+04
9.390000000000000000e+02 1.323370000000000073e+04
8.110000000000000000e+02 1.325230000000000109e+04
1.115000000000000000e+03 1.329460000000000036e+04
8.110000000000000000e+02 1.330480000000000109e+04
1.131000000000000000e+03 1.334945000000000073e+04
9.070000000000000000e+02 1.335889999999999964e+04
1.115000000000000000e+03 1.336395000000000073e+04
1.139000000000000000e+03 1.341395000000000073e+04
9.550000000000000000e+02 1.343755000000000109e+04
1.035000000000000000e+03 1.345255000000000109e+04
1.059000000000000000e+03 1.349864999999999964e+04
9.550000000000000000e+02 1.357595000000000073e+04
9.630000000000000000e+02 1.357660000000000036e+04
8.430000000000000000e+02 1.374555000000000109e+04
8.990000000000000000e+02 1.375405000000000109e+04
9.870000000000000000e+02 1.382775000000000000e+04
9.790000000000000000e+02 1.391005000000000109e+04
1.011000000000000000e+03 1.393039999999999964e+04
1.075000000000000000e+03 1.395285000000000036e+04
8.030000000000000000e+02 1.397320000000000073e+04
8.030000000000000000e+02 1.404555000000000109e+04
1.115000000000000000e+03 1.405160000000000036e+04
1.051000000000000000e+03 1.408275000000000000e+04
9.870000000000000000e+02 1.408655000000000109e+04
1.019000000000000000e+03 1.410880000000000109e+04
9.470000000000000000e+02 1.411555000000000109e+04
8.670000000000000000e+02 1.413220000000000073e+04
8.750000000000000000e+02 1.414905000000000109e+04
9.630000000000000000e+02 1.415885000000000036e+04
1.195000000000000000e+03 1.419330000000000109e+04
1.131000000000000000e+03 1.421160000000000036e+04
1.059000000000000000e+03 1.421995000000000073e+04
8.670000000000000000e+02 1.422185000000000036e+04
1.147000000000000000e+03 1.422695000000000073e+04
8.750000000000000000e+02 1.426970000000000073e+04
1.179000000000000000e+03 1.434005000000000109e+04
1.155000000000000000e+03 1.439325000000000000e+04
1.027000000000000000e+03 1.455750000000000000e+04
1.099000000000000000e+03 1.455975000000000000e+04
8.430000000000000000e+02 1.457330000000000109e+04
8.510000000000000000e+02 1.462910000000000036e+04
9.310000000000000000e+02 1.464125000000000000e+04
8.110000000000000000e+02 1.465125000000000000e+04
1.123000000000000000e+03 1.470505000000000109e+04
8.030000000000000000e+02 1.481920000000000073e+04
9.710000000000000000e+02 1.482030000000000109e+04
1.011000000000000000e+03 1.483145000000000073e+04
1.003000000000000000e+03 1.496514999999999964e+04
8.110000000000000000e+02 1.497360000000000036e+04
1.092000000000000000e+03 1.072000000000000028e+02
1.076000000000000000e+03 2.245999999999999943e+02
1.148000000000000000e+03 2.509500000000000171e+02
1.172000000000000000e+03 2.881000000000000227e+02
8.600000000000000000e+02 2.989000000000000341e+02
8.600000000000000000e+02 4.611500000000000341e+02
1.188000000000000000e+03 5.126499999999999773e+02
1.164000000000000000e+03 5.431000000000000227e+02
1.012000000000000000e+03 5.782000000000000455e+02
1.148000000000000000e+03 6.203999999999999773e+02
8.120000000000000000e+02 6.573000000000000682e+02
1.132000000000000000e+03 6.811000000000000227e+02
8.840000000000000000e+02 6.845500000000000682e+02
9.000000000000000000e+02 6.925000000000000000e+02
9.480000000000000000e+02 6.928500000000000227e+02
9.320000000000000000e+02 7.350500000000000682e+02
8.840000000000000000e+02 8.798000000000000682e+02
1.116000000000000000e+03 9.586000000000000227e+02
9.240000000000000000e+02 1.054799999999999955e+03
1.028000000000000000e+03 1.095750000000000000e+03
1.172000000000000000e+03 1.098500000000000000e+03
9.880000000000000000e+02 1.221000000000000000e+03
9.400000000000000000e+02 1.221450000000000045e+03
1.092000000000000000e+03 1.245150000000000091e+03
1.076000000000000000e+03 1.272950000000000045e+03
1.068000000000000000e+03 1.298500000000000000e+03
9.640000000000000000e+02 1.430299999999999955e+03
8.440000000000000000e+02 1.623950000000000045e+03
1.108000000000000000e+03 1.715950000000000045e+03
9.080000000000000000e+02 1.755850000000000136e+03
1.164000000000000000e+03 1.821200000000000045e+03
1.100000000000000000e+03 1.834950000000000045e+03
1.180000000000000000e+03 1.878150000000000091e+03
1.124000000000000000e+03 1.914549999999999955e+03
9.000000000000000000e+02 1.945750000000000000e+03
9.960000000000000000e+02 1.975600000000000136e+03
1.132000000000000000e+03 1.992250000000000000e+03
1.124000000000000000e+03 2.026000000000000000e+03
8.760000000000000000e+02 2.026750000000000000e+03
1.004000000000000000e+03 2.030100000000000136e+03
8.840000000000000000e+02 2.138099999999999909e+03
1.068000000000000000e+03 2.231300000000000182e+03
8.120000000000000000e+02 2.294099999999999909e+03
8.200000000000000000e+02 2.304400000000000091e+03
9.720000000000000000e+02 2.381250000000000000e+03
1.172000000000000000e+03 2.421900000000000091e+03
1.052000000000000000e+03 2.445150000000000091e+03
8.680000000000000000e+02 2.470599999999999909e+03
1.052000000000000000e+03 2.530150000000000091e+03
1.188000000000000000e+03 2.535300000000000182e+03
1.116000000000000000e+03 2.599450000000000273e+03
1.156000000000000000e+03 2.632050000000000182e+03
1.108000000000000000e+03 2.691650000000000091e+03
1.092000000000000000e+03 2.737200000000000273e+03
8.840000000000000000e+02 2.784349999999999909e+03
1.076000000000000000e+03 2.820950000000000273e+03
9.320000000000000000e+02 2.872200000000000273e+03
9.640000000000000000e+02 2.908650000000000091e+03
1.164000000000000000e+03 2.912650000000000091e+03
8.520000000000000000e+02 2.921650000000000091e+03
1.084000000000000000e+03 2.965450000000000273e+03
1.092000000000000000e+03 2.989849999999999909e+03
9.320000000000000000e+02 3.053050000000000182e+03
1.148000000000000000e+03 3.076300000000000182e+03
8.280000000000000000e+02 3.230400000000000091e+03
1.156000000000000000e+03 3.245750000000000000e+03
9.640000000000000000e+02 3.252800000000000182e+03
1.100000000000000000e+03 3.259599999999999909e+03
8.600000000000000000e+02 3.349800000000000182e+03
1.092000000000000000e+03 3.427300000000000182e+03
8.440000000000000000e+02 3.693400000000000091e+03
9.720000000000000000e+02 3.798000000000000000e+03
9.800000000000000000e+02 3.831500000000000000e+03
1.116000000000000000e+03 3.891450000000000273e+03
9.560000000000000000e+02 3.921750000000000000e+03
1.148000000000000000e+03 3.941849999999999909e+03
9.240000000000000000e+02 4.094849999999999909e+03
1.084000000000000000e+03 4.253699999999999818e+03
1.124000000000000000e+03 4.274899999999999636e+03
9.000000000000000000e+02 4.335649999999999636e+03
8.680000000000000000e+02 4.401600000000000364e+03
1.060000000000000000e+03 4.405900000000000546e+03
8.760000000000000000e+02 4.480800000000000182e+03
1.092000000000000000e+03 4.547900000000000546e+03
1.164000000000000000e+03 4.570500000000000000e+03
1.020000000000000000e+03 4.571900000000000546e+03
1.108000000000000000e+03 4.573850000000000364e+03
9.480000000000000000e+02 4.617050000000000182e+03
1.068000000000000000e+03 4.629449999999999818e+03
9.720000000000000000e+02 4.632300000000000182e+03
9.240000000000000000e+02 4.653150000000000546e+03
9.320000000000000000e+02 4.725550000000000182e+03
1.164000000000000000e+03 4.725750000000000000e+03
9.240000000000000000e+02 4.742100000000000364e+03
9.720000000000000000e+02 4.754500000000000000e+03
1.068000000000000000e+03 4.840050000000000182e+03
1.004000000000000000e+03 4.900250000000000000e+03
9.560000000000000000e+02 5.014600000000000364e+03
1.060000000000000000e+03 5.158750000000000000e+03
8.600000000000000000e+02 5.166400000000000546e+03
1.132000000000000000e+03 5.171500000000000000e+03
9.480000000000000000e+02 5.227699999999999818e+03
1.172000000000000000e+03 5.253300000000000182e+03
8.040000000000000000e+02 5.286699999999999818e+03
8.440000000000000000e+02 5.396699999999999818e+03
8.360000000000000000e+02 5.400600000000000364e+03
1.132000000000000000e+03 5.411400000000000546e+03
1.140000000000000000e+03 5.411350000000000364e+03
9.400000000000000000e+02 5.411750000000000000e+03
1.196000000000000000e+03 5.423350000000000364e+03
9.080000000000000000e+02 5.434550000000000182e+03
8.600000000000000000e+02 5.484150000000000546e+03
9.400000000000000000e+02 5.542550000000000182e+03
1.180000000000000000e+03 5.881050000000000182e+03
8.680000000000000000e+02 5.953550000000000182e+03
8.920000000000000000e+02 5.969500000000000000e+03
8.440000000000000000e+02 5.984050000000000182e+03
1.156000000000000000e+03 9.048350000000000364e+03
1.084000000000000000e+03 9.096750000000000000e+03
1.020000000000000000e+03 9.168050000000001091e+03
1.124000000000000000e+03 9.194649999999999636e+03
9.400000000000000000e+02 9.233450000000000728e+03
9.480000000000000000e+02 9.237100000000000364e+03
1.044000000000000000e+03 9.324750000000000000e+03
8.280000000000000000e+02 9.397300000000001091e+03
9.320000000000000000e+02 9.470600000000000364e+03
1.036000000000000000e+03 9.539850000000000364e+03
1.060000000000000000e+03 9.658450000000000728e+03
1.004000000000000000e+03 9.727600000000000364e+03
9.800000000000000000e+02 9.876300000000001091e+03
9.240000000000000000e+02 9.897500000000000000e+03
9.160000000000000000e+02 9.910800000000001091e+03
9.640000000000000000e+02 9.988649999999999636e+03
1.036000000000000000e+03 1.019214999999999964e+04
1.148000000000000000e+03 1.027045000000000073e+04
9.400000000000000000e+02 1.029145000000000073e+04
8.360000000000000000e+02 1.030225000000000000e+04
9.160000000000000000e+02 1.041030000000000109e+04
1.092000000000000000e+03 1.049585000000000036e+04
8.440000000000000000e+02 1.051014999999999964e+04
9.400000000000000000e+02 1.051405000000000109e+04
9.240000000000000000e+02 1.057114999999999964e+04
1.068000000000000000e+03 1.061100000000000000e+04
1.044000000000000000e+03 1.063195000000000073e+04
1.196000000000000000e+03 1.064664999999999964e+04
8.440000000000000000e+02 1.066500000000000000e+04
8.600000000000000000e+02 1.067560000000000036e+04
9.560000000000000000e+02 1.068675000000000000e+04
9.480000000000000000e+02 1.072060000000000036e+04
9.880000000000000000e+02 1.075050000000000000e+04
9.960000000000000000e+02 1.082639999999999964e+04
8.360000000000000000e+02 1.092605000000000109e+04
8.120000000000000000e+02 1.093760000000000036e+04
9.960000000000000000e+02 1.095280000000000109e+04
9.320000000000000000e+02 1.100570000000000073e+04
1.124000000000000000e+03 1.103145000000000073e+04
8.600000000000000000e+02 1.103780000000000109e+04
8.360000000000000000e+02 1.106835000000000036e+04
1.164000000000000000e+03 1.108750000000000000e+04
8.040000000000000000e+02 1.129275000000000000e+04
8.440000000000000000e+02 1.129789999999999964e+04
1.148000000000000000e+03 1.135095000000000073e+04
1.100000000000000000e+03 1.136580000000000109e+04
8.840000000000000000e+02 1.148180000000000109e+04
8.680000000000000000e+02 1.160675000000000000e+04
1.052000000000000000e+03 1.170500000000000000e+04
1.156000000000000000e+03 1.172355000000000109e+04
1.196000000000000000e+03 1.176014999999999964e+04
1.020000000000000000e+03 1.178030000000000109e+04
1.036000000000000000e+03 1.184364999999999964e+04
1.140000000000000000e+03 1.188530000000000109e+04
1.004000000000000000e+03 1.190435000000000036e+04
9.000000000000000000e+02 1.192810000000000036e+04
8.520000000000000000e+02 1.193110000000000036e+04
1.092000000000000000e+03 1.197735000000000036e+04
1.188000000000000000e+03 1.201270000000000073e+04
1.124000000000000000e+03 1.201714999999999964e+04
8.760000000000000000e+02 1.202870000000000073e+04
9.080000000000000000e+02 1.217585000000000036e+04
9.400000000000000000e+02 1.218920000000000073e+04
1.004000000000000000e+03 1.220650000000000000e+04
1.180000000000000000e+03 1.221289999999999964e+04
1.060000000000000000e+03 1.230205000000000109e+04
1.012000000000000000e+03 1.230695000000000073e+04
8.280000000000000000e+02 1.234095000000000073e+04
1.004000000000000000e+03 1.234455000000000109e+04
1.100000000000000000e+03 1.234645000000000073e+04
1.108000000000000000e+03 1.235545000000000073e+04
9.480000000000000000e+02 1.251330000000000109e+04
1.108000000000000000e+03 1.259060000000000036e+04
9.480000000000000000e+02 1.271955000000000109e+04
8.760000000000000000e+02 1.275514999999999964e+04
8.360000000000000000e+02 1.283764999999999964e+04
9.720000000000000000e+02 1.292110000000000036e+04
9.000000000000000000e+02 1.294145000000000073e+04
1.084000000000000000e+03 1.298875000000000000e+04
1.196000000000000000e+03 1.302205000000000109e+04
1.028000000000000000e+03 1.320405000000000109e+04
9.880000000000000000e+02 1.321330000000000109e+04
1.076000000000000000e+03 1.323189999999999964e+04
1.108000000000000000e+03 1.326260000000000036e+04
9.640000000000000000e+02 1.328675000000000000e+04
9.080000000000000000e+02 1.329510000000000036e+04
1.140000000000000000e+03 1.329530000000000109e+04
8.600000000000000000e+02 1.330939999999999964e+04
9.400000000000000000e+02 1.331895000000000073e+04
9.640000000000000000e+02 1.340220000000000073e+04
1.100000000000000000e+03 1.340855000000000109e+04
9.560000000000000000e+02 1.343550000000000000e+04
1.060000000000000000e+03 1.349645000000000073e+04
8.520000000000000000e+02 1.349850000000000000e+04
1.188000000000000000e+03 1.373550000000000000e+04
1.076000000000000000e+03 1.377310000000000036e+04
1.084000000000000000e+03 1.380470000000000073e+04
1.020000000000000000e+03 1.384510000000000036e+04
1.012000000000000000e+03 1.386050000000000000e+04
9.800000000000000000e+02 1.397235000000000036e+04
8.200000000000000000e+02 1.399564999999999964e+04
8.920000000000000000e+02 1.401385000000000036e+04
8.360000000000000000e+02 1.404495000000000073e+04
9.400000000000000000e+02 1.406539999999999964e+04
9.640000000000000000e+02 1.409750000000000000e+04
9.320000000000000000e+02 1.414139999999999964e+04
1.108000000000000000e+03 1.416539999999999964e+04
9.720000000000000000e+02 1.417700000000000000e+04
8.840000000000000000e+02 1.425510000000000036e+04
8.680000000000000000e+02 1.428255000000000109e+04
1.116000000000000000e+03 1.432889999999999964e+04
1.172000000000000000e+03 1.435260000000000036e+04
8.040000000000000000e+02 1.437010000000000036e+04
9.320000000000000000e+02 1.438335000000000036e+04
1.116000000000000000e+03 1.439589999999999964e+04
9.240000000000000000e+02 1.442064999999999964e+04
1.116000000000000000e+03 1.445210000000000036e+04
8.520000000000000000e+02 1.446139999999999964e+04
8.280000000000000000e+02 1.446585000000000036e+04
9.560000000000000000e+02 1.453085000000000036e+04
8.600000000000000000e+02 1.453700000000000000e+04
9.400000000000000000e+02 1.455514999999999964e+04
1.108000000000000000e+03 1.458920000000000073e+04
1.028000000000000000e+03 1.459089999999999964e+04
8.680000000000000000e+02 1.464489999999999964e+04
1.124000000000000000e+03 1.471225000000000000e+04
8.120000000000000000e+02 1.474360000000000036e+04
8.200000000000000000e+02 1.483380000000000109e+04
1.156000000000000000e+03 1.488675000000000000e+04
9.000000000000000000e+02 1.490920000000000073e+04
1.172000000000000000e+03 1.492200000000000000e+04
9.880000000000000000e+02 1.493400000000000000e+04
9.720000000000000000e+02 1.493730000000000109e+04
9.410000000000000000e+02 2.686499999999999773e+02
9.810000000000000000e+02 2.748000000000000114e+02
9.890000000000000000e+02 3.064000000000000341e+02
9.410000000000000000e+02 4.080000000000000000e+02
1.133000000000000000e+03 4.104499999999999886e+02
1.165000000000000000e+03 4.440500000000000114e+02
9.250000000000000000e+02 4.608000000000000114e+02
1.197000000000000000e+03 4.911500000000000341e+02
9.250000000000000000e+02 5.477500000000000000e+02
8.370000000000000000e+02 5.515000000000000000e+02
1.101000000000000000e+03 6.398999999999999773e+02
8.370000000000000000e+02 6.766499999999999773e+02
9.490000000000000000e+02 7.553000000000000682e+02
8.130000000000000000e+02 8.251000000000000227e+02
1.149000000000000000e+03 9.139500000000000455e+02
9.330000000000000000e+02 9.411499999999999773e+02
8.370000000000000000e+02 9.666000000000000227e+02
9.090000000000000000e+02 9.786499999999999773e+02
1.165000000000000000e+03 1.031049999999999955e+03
1.133000000000000000e+03 1.037500000000000000e+03
9.410000000000000000e+02 1.086049999999999955e+03
9.490000000000000000e+02 1.124650000000000091e+03
9.810000000000000000e+02 1.125400000000000091e+03
8.770000000000000000e+02 1.149900000000000091e+03
1.157000000000000000e+03 1.192450000000000045e+03
1.053000000000000000e+03 1.292200000000000045e+03
1.005000000000000000e+03 1.346049999999999955e+03
8.210000000000000000e+02 1.400299999999999955e+03
1.013000000000000000e+03 1.405700000000000045e+03
1.029000000000000000e+03 1.406400000000000091e+03
8.610000000000000000e+02 1.425799999999999955e+03
1.045000000000000000e+03 1.449250000000000000e+03
9.010000000000000000e+02 1.493950000000000045e+03
8.850000000000000000e+02 1.520400000000000091e+03
1.109000000000000000e+03 1.523100000000000136e+03
9.570000000000000000e+02 1.524450000000000045e+03
1.093000000000000000e+03 1.533799999999999955e+03
9.410000000000000000e+02 1.622049999999999955e+03
1.005000000000000000e+03 1.706049999999999955e+03
1.109000000000000000e+03 1.716700000000000045e+03
1.173000000000000000e+03 1.763299999999999955e+03
1.093000000000000000e+03 1.854850000000000136e+03
8.530000000000000000e+02 1.880850000000000136e+03
9.410000000000000000e+02 1.927700000000000045e+03
1.149000000000000000e+03 1.960850000000000136e+03
1.053000000000000000e+03 2.084349999999999909e+03
9.650000000000000000e+02 2.144650000000000091e+03
8.210000000000000000e+02 2.173849999999999909e+03
1.077000000000000000e+03 2.223650000000000091e+03
8.370000000000000000e+02 2.247250000000000000e+03
9.890000000000000000e+02 2.378500000000000000e+03
1.141000000000000000e+03 2.385800000000000182e+03
8.690000000000000000e+02 2.418250000000000000e+03
1.157000000000000000e+03 2.520800000000000182e+03
1.165000000000000000e+03 2.556500000000000000e+03
8.130000000000000000e+02 2.599450000000000273e+03
1.021000000000000000e+03 2.599800000000000182e+03
1.021000000000000000e+03 2.657599999999999909e+03
8.370000000000000000e+02 2.851099999999999909e+03
1.109000000000000000e+03 2.865150000000000091e+03
8.930000000000000000e+02 2.889700000000000273e+03
9.570000000000000000e+02 2.915200000000000273e+03
8.690000000000000000e+02 2.918800000000000182e+03
8.130000000000000000e+02 3.063200000000000273e+03
8.850000000000000000e+02 3.082700000000000273e+03
8.290000000000000000e+02 3.193200000000000273e+03
1.085000000000000000e+03 3.214800000000000182e+03
1.149000000000000000e+03 3.251150000000000091e+03
1.077000000000000000e+03 3.336750000000000000e+03
1.149000000000000000e+03 3.361900000000000091e+03
1.085000000000000000e+03 3.371900000000000091e+03
9.010000000000000000e+02 3.445200000000000273e+03
9.090000000000000000e+02 3.516750000000000000e+03
1.189000000000000000e+03 3.535400000000000091e+03
1.021000000000000000e+03 3.550099999999999909e+03
8.850000000000000000e+02 3.557250000000000000e+03
8.210000000000000000e+02 3.558099999999999909e+03
8.930000000000000000e+02 3.569050000000000182e+03
1.061000000000000000e+03 3.612099999999999909e+03
9.330000000000000000e+02 3.647650000000000091e+03
1.037000000000000000e+03 3.707250000000000000e+03
9.730000000000000000e+02 3.728849999999999909e+03
9.970000000000000000e+02 3.769650000000000091e+03
8.930000000000000000e+02 3.785450000000000273e+03
8.450000000000000000e+02 3.786800000000000182e+03
8.770000000000000000e+02 3.857900000000000091e+03
1.149000000000000000e+03 3.875650000000000091e+03
9.890000000000000000e+02 4.003250000000000000e+03
8.130000000000000000e+02 4.012150000000000091e+03
9.490000000000000000e+02 4.014300000000000182e+03
1.141000000000000000e+03 4.112899999999999636e+03
1.077000000000000000e+03 4.163500000000000000e+03
8.450000000000000000e+02 4.167300000000000182e+03
1.109000000000000000e+03 4.212399999999999636e+03
1.157000000000000000e+03 4.273149999999999636e+03
9.570000000000000000e+02 4.279649999999999636e+03
9.170000000000000000e+02 4.288750000000000000e+03
8.210000000000000000e+02 4.347500000000000000e+03
9.090000000000000000e+02 4.372750000000000000e+03
9.970000000000000000e+02 4.461650000000000546e+03
9.730000000000000000e+02 4.477300000000000182e+03
8.930000000000000000e+02 4.477650000000000546e+03
9.890000000000000000e+02 4.530900000000000546e+03
1.141000000000000000e+03 4.560650000000000546e+03
1.149000000000000000e+03 4.674400000000000546e+03
1.093000000000000000e+03 4.691600000000000364e+03
8.450000000000000000e+02 4.701650000000000546e+03
8.530000000000000000e+02 4.860350000000000364e+03
1.061000000000000000e+03 4.886650000000000546e+03
1.133000000000000000e+03 4.900000000000000000e+03
1.141000000000000000e+03 4.913300000000000182e+03
1.117000000000000000e+03 4.915500000000000000e+03
8.850000000000000000e+02 5.057650000000000546e+03
1.005000000000000000e+03 5.086449999999999818e+03
1.085000000000000000e+03 5.260750000000000000e+03
1.005000000000000000e+03 5.342850000000000364e+03
1.133000000000000000e+03 5.343550000000000182e+03
8.770000000000000000e+02 5.355699999999999818e+03
1.157000000000000000e+03 5.400850000000000364e+03
9.810000000000000000e+02 5.419350000000000364e+03
1.181000000000000000e+03 5.427250000000000000e+03
1.005000000000000000e+03 5.578550000000000182e+03
9.970000000000000000e+02 5.635900000000000546e+03
8.370000000000000000e+02 5.681300000000000182e+03
1.101000000000000000e+03 5.683199999999999818e+03
8.450000000000000000e+02 5.703650000000000546e+03
9.170000000000000000e+02 5.737350000000000364e+03
1.005000000000000000e+03 5.748500000000000000e+03
1.165000000000000000e+03 5.790000000000000000e+03
9.810000000000000000e+02 5.798400000000000546e+03
8.770000000000000000e+02 5.822650000000000546e+03
8.050000000000000000e+02 5.925500000000000000e+03
8.370000000000000000e+02 5.938250000000000000e+03
1.165000000000000000e+03 9.178700000000000728e+03
1.005000000000000000e+03 9.223600000000000364e+03
1.189000000000000000e+03 9.233649999999999636e+03
9.090000000000000000e+02 9.352500000000000000e+03
8.450000000000000000e+02 9.382100000000000364e+03
9.970000000000000000e+02 9.392300000000001091e+03
9.170000000000000000e+02 9.393050000000001091e+03
1.037000000000000000e+03 9.469750000000000000e+03
8.370000000000000000e+02 9.470950000000000728e+03
9.810000000000000000e+02 9.591300000000001091e+03
1.133000000000000000e+03 9.629149999999999636e+03
1.053000000000000000e+03 9.661750000000000000e+03
1.005000000000000000e+03 9.709300000000001091e+03
1.101000000000000000e+03 9.748600000000000364e+03
8.370000000000000000e+02 9.749200000000000728e+03
1.037000000000000000e+03 9.827899999999999636e+03
8.450000000000000000e+02 9.832899999999999636e+03
8.370000000000000000e+02 9.844100000000000364e+03
1.181000000000000000e+03 9.942250000000000000e+03
8.610000000000000000e+02 9.952750000000000000e+03
1.125000000000000000e+03 1.004210000000000036e+04
1.149000000000000000e+03 1.005430000000000109e+04
9.330000000000000000e+02 1.006080000000000109e+04
1.061000000000000000e+03 1.006450000000000000e+04
8.850000000000000000e+02 1.008580000000000109e+04
9.410000000000000000e+02 1.014530000000000109e+04
9.650000000000000000e+02 1.021825000000000000e+04
1.133000000000000000e+03 1.023650000000000000e+04
8.530000000000000000e+02 1.027170000000000073e+04
1.085000000000000000e+03 1.028460000000000036e+04
9.250000000000000000e+02 1.038210000000000036e+04
1.045000000000000000e+03 1.044455000000000109e+04
8.530000000000000000e+02 1.045595000000000073e+04
8.210000000000000000e+02 1.052239999999999964e+04
1.061000000000000000e+03 1.052355000000000109e+04
8.370000000000000000e+02 1.053580000000000109e+04
1.157000000000000000e+03 1.055864999999999964e+04
8.450000000000000000e+02 1.056280000000000109e+04
1.093000000000000000e+03 1.062545000000000073e+04
1.037000000000000000e+03 1.064720000000000073e+04
9.890000000000000000e+02 1.072155000000000109e+04
9.090000000000000000e+02 1.078535000000000036e+04
1.053000000000000000e+03 1.079400000000000000e+04
1.085000000000000000e+03 1.079514999999999964e+04
1.149000000000000000e+03 1.088905000000000109e+04
1.133000000000000000e+03 1.089689999999999964e+04
8.850000000000000000e+02 1.094655000000000109e+04
1.061000000000000000e+03 1.099820000000000073e+04
1.149000000000000000e+03 1.108564999999999964e+04
1.029000000000000000e+03 1.110155000000000109e+04
9.650000000000000000e+02 1.112364999999999964e+04
1.077000000000000000e+03 1.113925000000000000e+04
9.090000000000000000e+02 1.119039999999999964e+04
8.210000000000000000e+02 1.121105000000000109e+04
1.037000000000000000e+03 1.124100000000000000e+04
1.085000000000000000e+03 1.126730000000000109e+04
1.133000000000000000e+03 1.127530000000000109e+04
1.197000000000000000e+03 1.130155000000000109e+04
1.085000000000000000e+03 1.138375000000000000e+04
1.125000000000000000e+03 1.146539999999999964e+04
8.610000000000000000e+02 1.150485000000000036e+04
1.165000000000000000e+03 1.150850000000000000e+04
9.330000000000000000e+02 1.159825000000000000e+04
9.490000000000000000e+02 1.161075000000000000e+04
1.141000000000000000e+03 1.165310000000000036e+04
8.530000000000000000e+02 1.167175000000000000e+04
8.930000000000000000e+02 1.174205000000000109e+04
1.061000000000000000e+03 1.180150000000000000e+04
9.730000000000000000e+02 1.184035000000000036e+04
1.053000000000000000e+03 1.186780000000000109e+04
8.770000000000000000e+02 1.189720000000000073e+04
1.117000000000000000e+03 1.194105000000000109e+04
1.013000000000000000e+03 1.209125000000000000e+04
9.970000000000000000e+02 1.210510000000000036e+04
1.061000000000000000e+03 1.210960000000000036e+04
9.010000000000000000e+02 1.211685000000000036e+04
1.021000000000000000e+03 1.213210000000000036e+04
9.810000000000000000e+02 1.215655000000000109e+04
8.850000000000000000e+02 1.217455000000000109e+04
1.197000000000000000e+03 1.222355000000000109e+04
1.181000000000000000e+03 1.225310000000000036e+04
9.650000000000000000e+02 1.229075000000000000e+04
1.053000000000000000e+03 1.232420000000000073e+04
9.650000000000000000e+02 1.257264999999999964e+04
8.770000000000000000e+02 1.262075000000000000e+04
8.130000000000000000e+02 1.263960000000000036e+04
9.810000000000000000e+02 1.270120000000000073e+04
8.290000000000000000e+02 1.270145000000000073e+04
1.189000000000000000e+03 1.281995000000000073e+04
8.530000000000000000e+02 1.288350000000000000e+04
1.029000000000000000e+03 1.290614999999999964e+04
1.157000000000000000e+03 1.292445000000000073e+04
1.069000000000000000e+03 1.296645000000000073e+04
8.050000000000000000e+02 1.298970000000000073e+04
8.530000000000000000e+02 1.304239999999999964e+04
1.069000000000000000e+03 1.307560000000000036e+04
9.970000000000000000e+02 1.310235000000000036e+04
1.141000000000000000e+03 1.314895000000000073e+04
1.181000000000000000e+03 1.318630000000000109e+04
9.250000000000000000e+02 1.321255000000000109e+04
8.130000000000000000e+02 1.321895000000000073e+04
1.173000000000000000e+03 1.325710000000000036e+04
8.450000000000000000e+02 1.336464999999999964e+04
1.165000000000000000e+03 1.346810000000000036e+04
8.450000000000000000e+02 1.347185000000000036e+04
8.610000000000000000e+02 1.362810000000000036e+04
1.061000000000000000e+03 1.370989999999999964e+04
1.101000000000000000e+03 1.371914999999999964e+04
1.149000000000000000e+03 1.378455000000000109e+04
9.330000000000000000e+02 1.380310000000000036e+04
9.410000000000000000e+02 1.380920000000000073e+04
9.650000000000000000e+02 1.383470000000000073e+04
9.170000000000000000e+02 1.386910000000000036e+04
1.125000000000000000e+03 1.396295000000000073e+04
1.069000000000000000e+03 1.398350000000000000e+04
8.930000000000000000e+02 1.405020000000000073e+04
1.037000000000000000e+03 1.409564999999999964e+04
1.061000000000000000e+03 1.413500000000000000e+04
1.085000000000000000e+03 1.432589999999999964e+04
9.330000000000000000e+02 1.441070000000000073e+04
9.570000000000000000e+02 1.444370000000000073e+04
1.165000000000000000e+03 1.448589999999999964e+04
1.061000000000000000e+03 1.449960000000000036e+04
9.090000000000000000e+02 1.464225000000000000e+04
8.050000000000000000e+02 1.465125000000000000e+04
8.370000000000000000e+02 1.466555000000000109e+04
1.141000000000000000e+03 1.468014999999999964e+04
1.093000000000000000e+03 1.468370000000000073e+04
1.125000000000000000e+03 1.470089999999999964e+04
1.173000000000000000e+03 1.470835000000000036e+04
8.450000000000000000e+02 1.480235000000000036e+04
1.061000000000000000e+03 1.484925000000000000e+04
1.085000000000000000e+03 1.487475000000000000e+04
1.005000000000000000e+03 1.492345000000000073e+04
9.500000000000000000e+02 1.623000000000000114e+02
8.220000000000000000e+02 2.152500000000000000e+02
9.820000000000000000e+02 2.258499999999999943e+02
1.046000000000000000e+03 3.256500000000000341e+02
8.140000000000000000e+02 3.628000000000000114e+02
1.158000000000000000e+03 3.758500000000000227e+02
1.198000000000000000e+03 4.014499999999999886e+02
9.100000000000000000e+02 4.568000000000000114e+02
9.260000000000000000e+02 5.728500000000000227e+02
1.150000000000000000e+03 5.913500000000000227e+02
8.940000000000000000e+02 6.471499999999999773e+02
9.100000000000000000e+02 6.631499999999999773e+02
1.134000000000000000e+03 7.105500000000000682e+02
9.980000000000000000e+02 7.261000000000000227e+02
1.198000000000000000e+03 8.328999999999999773e+02
1.022000000000000000e+03 9.213999999999999773e+02
1.006000000000000000e+03 9.556000000000000227e+02
9.260000000000000000e+02 9.816499999999999773e+02
1.102000000000000000e+03 9.851000000000000227e+02
9.180000000000000000e+02 1.037000000000000000e+03
1.006000000000000000e+03 1.072700000000000045e+03
8.140000000000000000e+02 1.080700000000000045e+03
1.102000000000000000e+03 1.131650000000000091e+03
1.126000000000000000e+03 1.175100000000000136e+03
1.030000000000000000e+03 1.182000000000000000e+03
8.780000000000000000e+02 1.201400000000000091e+03
9.980000000000000000e+02 1.311250000000000000e+03
1.094000000000000000e+03 1.392900000000000091e+03
1.030000000000000000e+03 1.407450000000000045e+03
1.158000000000000000e+03 1.413500000000000000e+03
1.142000000000000000e+03 1.446700000000000045e+03
8.460000000000000000e+02 1.486799999999999955e+03
9.740000000000000000e+02 1.567299999999999955e+03
1.134000000000000000e+03 1.635100000000000136e+03
8.860000000000000000e+02 1.662950000000000045e+03
9.900000000000000000e+02 1.730400000000000091e+03
8.700000000000000000e+02 1.813600000000000136e+03
1.094000000000000000e+03 1.825799999999999955e+03
8.460000000000000000e+02 1.833700000000000045e+03
1.070000000000000000e+03 1.916400000000000091e+03
9.260000000000000000e+02 1.925500000000000000e+03
1.086000000000000000e+03 1.928299999999999955e+03
8.460000000000000000e+02 1.960250000000000000e+03
1.030000000000000000e+03 1.980650000000000091e+03
8.940000000000000000e+02 2.015600000000000136e+03
8.220000000000000000e+02 2.127050000000000182e+03
9.580000000000000000e+02 2.183599999999999909e+03
9.260000000000000000e+02 2.196900000000000091e+03
8.060000000000000000e+02 2.218500000000000000e+03
1.014000000000000000e+03 2.233200000000000273e+03
8.940000000000000000e+02 2.275650000000000091e+03
1.054000000000000000e+03 2.291550000000000182e+03
1.006000000000000000e+03 2.294349999999999909e+03
1.110000000000000000e+03 2.324750000000000000e+03
9.420000000000000000e+02 2.326250000000000000e+03
1.038000000000000000e+03 2.329450000000000273e+03
8.140000000000000000e+02 2.366599999999999909e+03
9.260000000000000000e+02 2.402599999999999909e+03
1.054000000000000000e+03 2.518599999999999909e+03
1.158000000000000000e+03 2.556950000000000273e+03
1.142000000000000000e+03 2.689650000000000091e+03
1.030000000000000000e+03 2.713349999999999909e+03
1.062000000000000000e+03 2.922400000000000091e+03
9.020000000000000000e+02 2.928700000000000273e+03
1.134000000000000000e+03 2.940700000000000273e+03
8.380000000000000000e+02 3.077250000000000000e+03
9.420000000000000000e+02 3.113300000000000182e+03
1.094000000000000000e+03 3.156800000000000182e+03
9.340000000000000000e+02 3.200000000000000000e+03
1.102000000000000000e+03 3.205900000000000091e+03
1.182000000000000000e+03 3.208700000000000273e+03
1.030000000000000000e+03 3.230800000000000182e+03
1.006000000000000000e+03 3.386050000000000182e+03
1.110000000000000000e+03 3.407550000000000182e+03
8.460000000000000000e+02 3.407800000000000182e+03
1.190000000000000000e+03 3.439200000000000273e+03
1.142000000000000000e+03 3.465450000000000273e+03
9.980000000000000000e+02 3.466400000000000091e+03
9.820000000000000000e+02 3.492550000000000182e+03
9.980000000000000000e+02 3.671050000000000182e+03
1.198000000000000000e+03 3.683900000000000091e+03
1.094000000000000000e+03 3.695200000000000273e+03
1.126000000000000000e+03 3.697250000000000000e+03
1.062000000000000000e+03 3.753450000000000273e+03
1.142000000000000000e+03 3.768300000000000182e+03
9.180000000000000000e+02 3.817599999999999909e+03
8.060000000000000000e+02 3.925400000000000091e+03
8.860000000000000000e+02 4.013750000000000000e+03
8.780000000000000000e+02 4.064550000000000182e+03
9.180000000000000000e+02 4.193649999999999636e+03
9.980000000000000000e+02 4.199300000000000182e+03
8.860000000000000000e+02 4.229750000000000000e+03
1.054000000000000000e+03 4.254300000000000182e+03
8.620000000000000000e+02 4.296899999999999636e+03
1.046000000000000000e+03 4.297300000000000182e+03
8.540000000000000000e+02 4.449600000000000364e+03
1.062000000000000000e+03 4.466199999999999818e+03
9.580000000000000000e+02 4.535699999999999818e+03
1.094000000000000000e+03 4.606400000000000546e+03
8.780000000000000000e+02 4.681300000000000182e+03
9.740000000000000000e+02 4.684500000000000000e+03
1.086000000000000000e+03 4.754600000000000364e+03
1.062000000000000000e+03 4.759650000000000546e+03
1.150000000000000000e+03 4.778400000000000546e+03
1.118000000000000000e+03 4.851650000000000546e+03
9.740000000000000000e+02 4.921300000000000182e+03
1.118000000000000000e+03 4.992300000000000182e+03
8.700000000000000000e+02 4.998199999999999818e+03
9.180000000000000000e+02 5.036550000000000182e+03
8.620000000000000000e+02 5.312449999999999818e+03
1.006000000000000000e+03 5.319550000000000182e+03
1.118000000000000000e+03 5.344050000000000182e+03
1.030000000000000000e+03 5.345050000000000182e+03
9.900000000000000000e+02 5.411750000000000000e+03
8.940000000000000000e+02 5.502900000000000546e+03
9.340000000000000000e+02 5.522000000000000000e+03
9.740000000000000000e+02 5.531699999999999818e+03
1.166000000000000000e+03 5.593550000000000182e+03
1.038000000000000000e+03 5.623949999999999818e+03
9.980000000000000000e+02 5.646300000000000182e+03
9.500000000000000000e+02 5.725000000000000000e+03
1.038000000000000000e+03 5.737900000000000546e+03
1.174000000000000000e+03 5.769550000000000182e+03
1.118000000000000000e+03 5.919750000000000000e+03
8.220000000000000000e+02 5.934449999999999818e+03
1.094000000000000000e+03 5.943500000000000000e+03
9.900000000000000000e+02 5.944300000000000182e+03
1.174000000000000000e+03 9.113750000000000000e+03
9.900000000000000000e+02 9.139000000000000000e+03
8.540000000000000000e+02 9.221200000000000728e+03
8.060000000000000000e+02 9.233350000000000364e+03
1.062000000000000000e+03 9.247149999999999636e+03
8.540000000000000000e+02 9.314149999999999636e+03
1.102000000000000000e+03 9.314399999999999636e+03
1.086000000000000000e+03 9.323850000000000364e+03
8.220000000000000000e+02 9.334700000000000728e+03
8.300000000000000000e+02 9.335550000000001091e+03
1.006000000000000000e+03 9.345950000000000728e+03
1.134000000000000000e+03 9.410700000000000728e+03
1.118000000000000000e+03 9.466200000000000728e+03
1.022000000000000000e+03 9.563649999999999636e+03
1.070000000000000000e+03 9.782750000000000000e+03
9.020000000000000000e+02 9.832450000000000728e+03
9.900000000000000000e+02 9.953500000000000000e+03
1.110000000000000000e+03 9.974899999999999636e+03
9.580000000000000000e+02 9.984550000000001091e+03
1.150000000000000000e+03 1.000380000000000109e+04
1.166000000000000000e+03 1.006464999999999964e+04
1.094000000000000000e+03 1.016110000000000036e+04
1.078000000000000000e+03 1.016670000000000073e+04
1.166000000000000000e+03 1.018550000000000000e+04
1.086000000000000000e+03 1.043100000000000000e+04
1.126000000000000000e+03 1.043155000000000109e+04
1.038000000000000000e+03 1.049510000000000036e+04
1.030000000000000000e+03 1.051395000000000073e+04
8.380000000000000000e+02 1.055030000000000109e+04
8.780000000000000000e+02 1.055664999999999964e+04
1.062000000000000000e+03 1.057070000000000073e+04
1.174000000000000000e+03 1.065800000000000000e+04
1.150000000000000000e+03 1.071410000000000036e+04
8.540000000000000000e+02 1.077920000000000073e+04
1.102000000000000000e+03 1.081360000000000036e+04
1.014000000000000000e+03 1.082250000000000000e+04
8.060000000000000000e+02 1.092175000000000000e+04
1.166000000000000000e+03 1.093905000000000109e+04
9.020000000000000000e+02 1.094545000000000073e+04
9.580000000000000000e+02 1.095700000000000000e+04
1.198000000000000000e+03 1.096620000000000073e+04
1.102000000000000000e+03 1.099689999999999964e+04
9.740000000000000000e+02 1.101050000000000000e+04
1.198000000000000000e+03 1.106795000000000073e+04
1.054000000000000000e+03 1.131435000000000036e+04
1.126000000000000000e+03 1.131900000000000000e+04
8.460000000000000000e+02 1.133064999999999964e+04
1.190000000000000000e+03 1.150960000000000036e+04
9.500000000000000000e+02 1.152970000000000073e+04
9.980000000000000000e+02 1.153755000000000109e+04
1.054000000000000000e+03 1.154935000000000036e+04
9.420000000000000000e+02 1.155589999999999964e+04
9.020000000000000000e+02 1.158395000000000073e+04
1.142000000000000000e+03 1.168475000000000000e+04
9.260000000000000000e+02 1.181355000000000109e+04
9.340000000000000000e+02 1.189210000000000036e+04
1.054000000000000000e+03 1.196480000000000109e+04
9.420000000000000000e+02 1.198620000000000073e+04
8.380000000000000000e+02 1.208285000000000036e+04
1.070000000000000000e+03 1.215475000000000000e+04
1.038000000000000000e+03 1.223370000000000073e+04
1.110000000000000000e+03 1.224664999999999964e+04
1.022000000000000000e+03 1.225564999999999964e+04
8.140000000000000000e+02 1.229185000000000036e+04
8.540000000000000000e+02 1.231525000000000000e+04
9.900000000000000000e+02 1.241514999999999964e+04
9.740000000000000000e+02 1.242439999999999964e+04
1.070000000000000000e+03 1.254795000000000073e+04
1.102000000000000000e+03 1.255914999999999964e+04
9.420000000000000000e+02 1.256885000000000036e+04
1.198000000000000000e+03 1.259355000000000109e+04
1.046000000000000000e+03 1.276920000000000073e+04
9.820000000000000000e+02 1.281339999999999964e+04
1.038000000000000000e+03 1.281335000000000036e+04
1.062000000000000000e+03 1.283445000000000073e+04
9.980000000000000000e+02 1.302460000000000036e+04
8.220000000000000000e+02 1.303975000000000000e+04
1.118000000000000000e+03 1.303989999999999964e+04
9.580000000000000000e+02 1.306645000000000073e+04
1.054000000000000000e+03 1.314305000000000109e+04
9.900000000000000000e+02 1.314400000000000000e+04
1.014000000000000000e+03 1.318205000000000109e+04
1.166000000000000000e+03 1.324120000000000073e+04
1.062000000000000000e+03 1.324480000000000109e+04
9.820000000000000000e+02 1.327655000000000109e+04
1.182000000000000000e+03 1.328180000000000109e+04
1.142000000000000000e+03 1.337320000000000073e+04
1.070000000000000000e+03 1.339655000000000109e+04
9.980000000000000000e+02 1.341589999999999964e+04
8.780000000000000000e+02 1.343920000000000073e+04
9.100000000000000000e+02 1.351439999999999964e+04
1.070000000000000000e+03 1.352485000000000036e+04
1.174000000000000000e+03 1.360175000000000000e+04
8.460000000000000000e+02 1.360489999999999964e+04
1.046000000000000000e+03 1.367125000000000000e+04
8.460000000000000000e+02 1.388980000000000109e+04
8.220000000000000000e+02 1.398995000000000073e+04
1.150000000000000000e+03 1.404275000000000000e+04
1.118000000000000000e+03 1.410014999999999964e+04
9.980000000000000000e+02 1.417939999999999964e+04
8.300000000000000000e+02 1.422610000000000036e+04
8.140000000000000000e+02 1.430920000000000073e+04
1.038000000000000000e+03 1.439985000000000036e+04
1.134000000000000000e+03 1.440680000000000109e+04
1.014000000000000000e+03 1.445185000000000036e+04
9.900000000000000000e+02 1.454850000000000000e+04
8.140000000000000000e+02 1.455739999999999964e+04
8.300000000000000000e+02 1.465080000000000109e+04
9.020000000000000000e+02 1.472860000000000036e+04
9.420000000000000000e+02 1.474400000000000000e+04
8.060000000000000000e+02 1.474500000000000000e+04
1.166000000000000000e+03 1.481410000000000036e+04
8.630000000000000000e+02 1.296500000000000057e+02
1.015000000000000000e+03 1.916500000000000057e+02
1.167000000000000000e+03 2.338000000000000114e+02
9.190000000000000000e+02 2.538000000000000114e+02
1.087000000000000000e+03 2.770000000000000000e+02
8.870000000000000000e+02 3.216999999999999886e+02
8.470000000000000000e+02 3.356999999999999886e+02
1.127000000000000000e+03 4.444000000000000341e+02
9.430000000000000000e+02 5.533999999999999773e+02
1.111000000000000000e+03 5.555000000000000000e+02
1.095000000000000000e+03 5.601499999999999773e+02
8.150000000000000000e+02 6.013000000000000682e+02
8.070000000000000000e+02 6.140000000000000000e+02
8.950000000000000000e+02 6.550500000000000682e+02
1.159000000000000000e+03 6.566000000000000227e+02
8.390000000000000000e+02 6.705500000000000682e+02
1.191000000000000000e+03 7.823000000000000682e+02
8.150000000000000000e+02 8.361499999999999773e+02
1.079000000000000000e+03 8.445500000000000682e+02
8.390000000000000000e+02 9.668500000000000227e+02
1.127000000000000000e+03 1.077150000000000091e+03
1.087000000000000000e+03 1.078650000000000091e+03
8.390000000000000000e+02 1.122500000000000000e+03
9.430000000000000000e+02 1.179049999999999955e+03
1.079000000000000000e+03 1.188600000000000136e+03
1.039000000000000000e+03 1.227600000000000136e+03
1.023000000000000000e+03 1.232150000000000091e+03
1.063000000000000000e+03 1.264200000000000045e+03
8.470000000000000000e+02 1.378049999999999955e+03
8.070000000000000000e+02 1.464299999999999955e+03
1.191000000000000000e+03 1.501650000000000091e+03
8.230000000000000000e+02 1.579450000000000045e+03
8.470000000000000000e+02 1.588150000000000091e+03
1.087000000000000000e+03 1.629900000000000091e+03
1.063000000000000000e+03 1.852049999999999955e+03
8.470000000000000000e+02 1.865600000000000136e+03
8.550000000000000000e+02 1.907100000000000136e+03
1.151000000000000000e+03 1.957100000000000136e+03
1.055000000000000000e+03 2.021850000000000136e+03
1.031000000000000000e+03 2.039900000000000091e+03
8.070000000000000000e+02 2.043600000000000136e+03
1.127000000000000000e+03 2.090000000000000000e+03
1.087000000000000000e+03 2.105250000000000000e+03
8.870000000000000000e+02 2.147599999999999909e+03
1.151000000000000000e+03 2.169550000000000182e+03
8.390000000000000000e+02 2.179449999999999818e+03
1.135000000000000000e+03 2.210500000000000000e+03
1.079000000000000000e+03 2.218099999999999909e+03
1.047000000000000000e+03 2.283000000000000000e+03
9.350000000000000000e+02 2.309349999999999909e+03
1.175000000000000000e+03 2.314750000000000000e+03
9.030000000000000000e+02 2.321500000000000000e+03
1.151000000000000000e+03 2.377250000000000000e+03
1.087000000000000000e+03 2.400250000000000000e+03
9.110000000000000000e+02 2.411349999999999909e+03
1.007000000000000000e+03 2.429250000000000000e+03
1.047000000000000000e+03 2.520849999999999909e+03
1.199000000000000000e+03 2.523200000000000273e+03
1.055000000000000000e+03 2.530599999999999909e+03
8.870000000000000000e+02 2.615550000000000182e+03
1.055000000000000000e+03 2.642250000000000000e+03
8.630000000000000000e+02 2.659250000000000000e+03
1.055000000000000000e+03 2.725900000000000091e+03
8.230000000000000000e+02 2.917050000000000182e+03
8.310000000000000000e+02 2.940349999999999909e+03
1.071000000000000000e+03 2.958099999999999909e+03
1.079000000000000000e+03 2.975349999999999909e+03
8.150000000000000000e+02 3.011700000000000273e+03
1.031000000000000000e+03 3.050050000000000182e+03
1.199000000000000000e+03 3.073200000000000273e+03
9.990000000000000000e+02 3.123950000000000273e+03
1.015000000000000000e+03 3.229050000000000182e+03
1.119000000000000000e+03 3.356400000000000091e+03
1.095000000000000000e+03 3.358700000000000273e+03
9.750000000000000000e+02 3.370650000000000091e+03
8.790000000000000000e+02 3.415599999999999909e+03
1.111000000000000000e+03 3.438050000000000182e+03
8.870000000000000000e+02 3.441250000000000000e+03
1.055000000000000000e+03 3.489950000000000273e+03
9.110000000000000000e+02 3.531450000000000273e+03
9.670000000000000000e+02 3.616700000000000273e+03
1.007000000000000000e+03 3.701750000000000000e+03
8.870000000000000000e+02 3.751300000000000182e+03
1.143000000000000000e+03 3.807450000000000273e+03
1.047000000000000000e+03 3.859650000000000091e+03
1.015000000000000000e+03 3.906849999999999909e+03
1.071000000000000000e+03 3.924550000000000182e+03
9.670000000000000000e+02 3.929300000000000182e+03
1.063000000000000000e+03 4.000000000000000000e+03
1.167000000000000000e+03 4.042200000000000273e+03
8.710000000000000000e+02 4.081750000000000000e+03
1.095000000000000000e+03 4.211050000000000182e+03
8.710000000000000000e+02 4.317600000000000364e+03
1.095000000000000000e+03 4.319250000000000000e+03
9.590000000000000000e+02 4.329300000000000182e+03
8.150000000000000000e+02 4.367350000000000364e+03
9.670000000000000000e+02 4.406550000000000182e+03
1.007000000000000000e+03 4.411750000000000000e+03
8.070000000000000000e+02 4.432900000000000546e+03
1.039000000000000000e+03 4.489500000000000000e+03
1.167000000000000000e+03 4.587100000000000364e+03
1.119000000000000000e+03 4.671100000000000364e+03
1.143000000000000000e+03 4.716650000000000546e+03
9.830000000000000000e+02 4.803949999999999818e+03
9.750000000000000000e+02 4.872199999999999818e+03
9.910000000000000000e+02 5.000949999999999818e+03
8.950000000000000000e+02 5.035199999999999818e+03
1.119000000000000000e+03 5.043000000000000000e+03
1.135000000000000000e+03 5.108900000000000546e+03
8.470000000000000000e+02 5.138250000000000000e+03
1.007000000000000000e+03 5.148850000000000364e+03
1.159000000000000000e+03 5.149449999999999818e+03
9.590000000000000000e+02 5.184050000000000182e+03
9.030000000000000000e+02 5.216300000000000182e+03
1.079000000000000000e+03 5.249050000000000182e+03
1.135000000000000000e+03 5.304449999999999818e+03
9.830000000000000000e+02 5.310100000000000364e+03
1.015000000000000000e+03 5.335250000000000000e+03
8.550000000000000000e+02 5.355949999999999818e+03
8.950000000000000000e+02 5.381300000000000182e+03
1.031000000000000000e+03 5.411000000000000000e+03
1.079000000000000000e+03 5.416600000000000364e+03
1.167000000000000000e+03 5.504949999999999818e+03
1.143000000000000000e+03 5.507949999999999818e+03
8.310000000000000000e+02 5.532500000000000000e+03
1.151000000000000000e+03 5.551650000000000546e+03
9.910000000000000000e+02 5.568300000000000182e+03
8.710000000000000000e+02 5.570600000000000364e+03
1.199000000000000000e+03 5.623949999999999818e+03
9.190000000000000000e+02 5.695199999999999818e+03
9.030000000000000000e+02 5.704300000000000182e+03
8.550000000000000000e+02 5.773550000000000182e+03
8.230000000000000000e+02 5.773800000000000182e+03
1.127000000000000000e+03 5.775800000000000182e+03
1.015000000000000000e+03 5.802100000000000364e+03
8.150000000000000000e+02 5.804500000000000000e+03
1.095000000000000000e+03 5.829699999999999818e+03
8.390000000000000000e+02 5.830300000000000182e+03
1.007000000000000000e+03 5.865449999999999818e+03
1.151000000000000000e+03 5.906050000000000182e+03
9.030000000000000000e+02 5.917500000000000000e+03
1.095000000000000000e+03 5.956600000000000364e+03
8.230000000000000000e+02 5.983000000000000000e+03
1.127000000000000000e+03 5.993350000000000364e+03
8.950000000000000000e+02 9.086700000000000728e+03
8.070000000000000000e+02 9.193100000000000364e+03
1.159000000000000000e+03 9.198100000000000364e+03
8.230000000000000000e+02 9.384300000000001091e+03
1.095000000000000000e+03 9.392300000000001091e+03
8.150000000000000000e+02 9.494700000000000728e+03
8.150000000000000000e+02 9.555250000000000000e+03
9.110000000000000000e+02 9.745350000000000364e+03
1.127000000000000000e+03 9.850200000000000728e+03
1.023000000000000000e+03 9.852350000000000364e+03
8.630000000000000000e+02 9.917200000000000728e+03
9.510000000000000000e+02 1.000200000000000000e+04
1.119000000000000000e+03 1.004195000000000073e+04
8.870000000000000000e+02 1.004939999999999964e+04
1.055000000000000000e+03 1.016514999999999964e+04
1.119000000000000000e+03 1.019300000000000000e+04
1.151000000000000000e+03 1.026525000000000000e+04
9.910000000000000000e+02 1.026720000000000073e+04
1.079000000000000000e+03 1.027450000000000000e+04
8.390000000000000000e+02 1.029070000000000073e+04
1.167000000000000000e+03 1.034825000000000000e+04
1.039000000000000000e+03 1.041900000000000000e+04
8.470000000000000000e+02 1.045430000000000109e+04
9.750000000000000000e+02 1.047864999999999964e+04
8.150000000000000000e+02 1.052185000000000036e+04
1.063000000000000000e+03 1.056525000000000000e+04
1.039000000000000000e+03 1.057930000000000109e+04
1.007000000000000000e+03 1.063380000000000109e+04
1.023000000000000000e+03 1.064730000000000109e+04
8.150000000000000000e+02 1.068720000000000073e+04
1.079000000000000000e+03 1.073175000000000000e+04
1.095000000000000000e+03 1.076880000000000109e+04
8.870000000000000000e+02 1.079655000000000109e+04
8.230000000000000000e+02 1.100085000000000036e+04
1.183000000000000000e+03 1.103085000000000036e+04
1.103000000000000000e+03 1.103710000000000036e+04
8.470000000000000000e+02 1.106755000000000109e+04
1.063000000000000000e+03 1.107020000000000073e+04
1.191000000000000000e+03 1.112625000000000000e+04
8.790000000000000000e+02 1.117264999999999964e+04
1.087000000000000000e+03 1.120889999999999964e+04
8.310000000000000000e+02 1.124855000000000109e+04
8.070000000000000000e+02 1.126020000000000073e+04
1.151000000000000000e+03 1.131170000000000073e+04
8.390000000000000000e+02 1.135325000000000000e+04
1.023000000000000000e+03 1.140025000000000000e+04
9.750000000000000000e+02 1.144395000000000073e+04
1.023000000000000000e+03 1.144425000000000000e+04
1.143000000000000000e+03 1.145325000000000000e+04
8.630000000000000000e+02 1.151970000000000073e+04
9.030000000000000000e+02 1.161870000000000073e+04
1.191000000000000000e+03 1.162300000000000000e+04
8.550000000000000000e+02 1.162695000000000073e+04
8.710000000000000000e+02 1.178160000000000036e+04
1.167000000000000000e+03 1.181210000000000036e+04
1.111000000000000000e+03 1.194780000000000109e+04
9.190000000000000000e+02 1.207485000000000036e+04
1.167000000000000000e+03 1.209039999999999964e+04
8.550000000000000000e+02 1.217185000000000036e+04
1.183000000000000000e+03 1.219525000000000000e+04
9.590000000000000000e+02 1.219780000000000109e+04
8.630000000000000000e+02 1.221525000000000000e+04
8.310000000000000000e+02 1.231335000000000036e+04
1.199000000000000000e+03 1.233235000000000036e+04
9.030000000000000000e+02 1.237495000000000073e+04
1.063000000000000000e+03 1.239560000000000036e+04
1.167000000000000000e+03 1.240700000000000000e+04
1.183000000000000000e+03 1.244130000000000109e+04
1.175000000000000000e+03 1.244239999999999964e+04
1.015000000000000000e+03 1.248089999999999964e+04
1.135000000000000000e+03 1.253425000000000000e+04
1.031000000000000000e+03 1.261295000000000073e+04
1.119000000000000000e+03 1.266335000000000036e+04
1.127000000000000000e+03 1.266410000000000036e+04
8.710000000000000000e+02 1.268570000000000073e+04
1.199000000000000000e+03 1.272670000000000073e+04
1.167000000000000000e+03 1.281245000000000073e+04
8.630000000000000000e+02 1.282280000000000109e+04
1.071000000000000000e+03 1.301260000000000036e+04
8.870000000000000000e+02 1.303805000000000109e+04
8.790000000000000000e+02 1.306350000000000000e+04
9.030000000000000000e+02 1.308185000000000036e+04
9.990000000000000000e+02 1.308230000000000109e+04
1.023000000000000000e+03 1.311939999999999964e+04
9.910000000000000000e+02 1.313225000000000000e+04
8.550000000000000000e+02 1.317380000000000109e+04
8.390000000000000000e+02 1.319564999999999964e+04
1.143000000000000000e+03 1.319710000000000036e+04
9.190000000000000000e+02 1.322305000000000109e+04
9.270000000000000000e+02 1.326220000000000073e+04
8.470000000000000000e+02 1.329564999999999964e+04
9.110000000000000000e+02 1.333310000000000036e+04
1.183000000000000000e+03 1.334620000000000073e+04
1.119000000000000000e+03 1.335080000000000109e+04
1.167000000000000000e+03 1.341450000000000000e+04
1.087000000000000000e+03 1.347789999999999964e+04
1.047000000000000000e+03 1.351464999999999964e+04
1.079000000000000000e+03 1.352564999999999964e+04
9.110000000000000000e+02 1.359980000000000109e+04
1.127000000000000000e+03 1.377914999999999964e+04
9.110000000000000000e+02 1.381975000000000000e+04
1.095000000000000000e+03 1.386225000000000000e+04
1.087000000000000000e+03 1.387064999999999964e+04
1.023000000000000000e+03 1.387555000000000109e+04
8.710000000000000000e+02 1.387795000000000073e+04
1.103000000000000000e+03 1.397325000000000000e+04
8.390000000000000000e+02 1.397525000000000000e+04
9.910000000000000000e+02 1.406275000000000000e+04
1.015000000000000000e+03 1.417745000000000073e+04
8.550000000000000000e+02 1.421620000000000073e+04
1.015000000000000000e+03 1.429705000000000109e+04
1.055000000000000000e+03 1.430875000000000000e+04
1.143000000000000000e+03 1.430950000000000000e+04
9.110000000000000000e+02 1.437170000000000073e+04
1.143000000000000000e+03 1.450755000000000109e+04
1.167000000000000000e+03 1.456525000000000000e+04
1.023000000000000000e+03 1.457614999999999964e+04
1.015000000000000000e+03 1.461385000000000036e+04
1.031000000000000000e+03 1.461785000000000036e+04
1.055000000000000000e+03 1.474170000000000073e+04
9.750000000000000000e+02 1.475625000000000000e+04
8.630000000000000000e+02 1.478725000000000000e+04
1.023000000000000000e+03 1.480689999999999964e+04
1.095000000000000000e+03 1.490889999999999964e+04
1.007000000000000000e+03 1.496264999999999964e+04
8.630000000000000000e+02 1.496360000000000036e+04
