1.328000000000000000e+03 1.132000000000000028e+02
1.272000000000000000e+03 1.304499999999999886e+02
1.216000000000000000e+03 1.716500000000000057e+02
1.520000000000000000e+03 2.024000000000000057e+02
1.520000000000000000e+03 2.993500000000000227e+02
1.392000000000000000e+03 3.129499999999999886e+02
1.512000000000000000e+03 3.233000000000000114e+02
1.272000000000000000e+03 3.710500000000000114e+02
1.424000000000000000e+03 3.713000000000000114e+02
1.600000000000000000e+03 4.490000000000000000e+02
1.576000000000000000e+03 5.049000000000000341e+02
1.232000000000000000e+03 5.761499999999999773e+02
1.600000000000000000e+03 5.873000000000000682e+02
1.496000000000000000e+03 6.884500000000000455e+02
1.472000000000000000e+03 7.903000000000000682e+02
1.272000000000000000e+03 8.505000000000000000e+02
1.408000000000000000e+03 8.619500000000000455e+02
1.408000000000000000e+03 9.932000000000000455e+02
1.512000000000000000e+03 9.953500000000000227e+02
1.296000000000000000e+03 1.028650000000000091e+03
1.560000000000000000e+03 1.033700000000000045e+03
1.288000000000000000e+03 1.119150000000000091e+03
1.552000000000000000e+03 1.180750000000000000e+03
1.392000000000000000e+03 1.261650000000000091e+03
1.488000000000000000e+03 1.276700000000000045e+03
1.360000000000000000e+03 1.294600000000000136e+03
1.272000000000000000e+03 1.297350000000000136e+03
1.576000000000000000e+03 1.471400000000000091e+03
1.536000000000000000e+03 1.536700000000000045e+03
1.512000000000000000e+03 1.616049999999999955e+03
1.560000000000000000e+03 1.620900000000000091e+03
1.256000000000000000e+03 1.630750000000000000e+03
1.592000000000000000e+03 1.711799999999999955e+03
1.504000000000000000e+03 1.718200000000000045e+03
1.456000000000000000e+03 1.729000000000000000e+03
1.328000000000000000e+03 1.732100000000000136e+03
1.424000000000000000e+03 1.824700000000000045e+03
1.368000000000000000e+03 1.832850000000000136e+03
1.440000000000000000e+03 1.901549999999999955e+03
1.408000000000000000e+03 1.935000000000000000e+03
1.328000000000000000e+03 2.015250000000000000e+03
1.544000000000000000e+03 2.126800000000000182e+03
1.344000000000000000e+03 2.128449999999999818e+03
1.552000000000000000e+03 2.280800000000000182e+03
1.488000000000000000e+03 2.286050000000000182e+03
1.280000000000000000e+03 2.291000000000000000e+03
1.480000000000000000e+03 2.349300000000000182e+03
1.432000000000000000e+03 2.349450000000000273e+03
1.240000000000000000e+03 2.352900000000000091e+03
1.304000000000000000e+03 2.591300000000000182e+03
1.576000000000000000e+03 2.630349999999999909e+03
1.208000000000000000e+03 2.631700000000000273e+03
1.600000000000000000e+03 2.636450000000000273e+03
1.384000000000000000e+03 2.796950000000000273e+03
1.464000000000000000e+03 2.830800000000000182e+03
1.408000000000000000e+03 2.844950000000000273e+03
1.440000000000000000e+03 2.863300000000000182e+03
1.336000000000000000e+03 2.865300000000000182e+03
1.512000000000000000e+03 2.892950000000000273e+03
1.208000000000000000e+03 2.904650000000000091e+03
1.592000000000000000e+03 2.996750000000000000e+03
1.336000000000000000e+03 3.013500000000000000e+03
1.504000000000000000e+03 3.025000000000000000e+03
1.216000000000000000e+03 3.036300000000000182e+03
1.432000000000000000e+03 3.058750000000000000e+03
1.488000000000000000e+03 3.158849999999999909e+03
1.600000000000000000e+03 3.183099999999999909e+03
1.432000000000000000e+03 3.222349999999999909e+03
1.504000000000000000e+03 3.257200000000000273e+03
1.472000000000000000e+03 3.376349999999999909e+03
1.448000000000000000e+03 3.376500000000000000e+03
1.272000000000000000e+03 3.439200000000000273e+03
1.552000000000000000e+03 3.443650000000000091e+03
1.488000000000000000e+03 3.466599999999999909e+03
1.224000000000000000e+03 3.504050000000000182e+03
1.352000000000000000e+03 3.583050000000000182e+03
1.312000000000000000e+03 3.629700000000000273e+03
1.376000000000000000e+03 3.640550000000000182e+03
1.488000000000000000e+03 3.666150000000000091e+03
1.568000000000000000e+03 3.669099999999999909e+03
1.272000000000000000e+03 3.684900000000000091e+03
1.464000000000000000e+03 3.740500000000000000e+03
1.392000000000000000e+03 3.749700000000000273e+03
1.352000000000000000e+03 3.790750000000000000e+03
1.400000000000000000e+03 3.802800000000000182e+03
1.384000000000000000e+03 3.834700000000000273e+03
1.304000000000000000e+03 3.835400000000000091e+03
1.536000000000000000e+03 3.843750000000000000e+03
1.472000000000000000e+03 3.863550000000000182e+03
1.256000000000000000e+03 3.891700000000000273e+03
1.448000000000000000e+03 3.892599999999999909e+03
1.448000000000000000e+03 3.958700000000000273e+03
1.344000000000000000e+03 3.974250000000000000e+03
1.328000000000000000e+03 4.013550000000000182e+03
1.544000000000000000e+03 4.035900000000000091e+03
1.536000000000000000e+03 4.062450000000000273e+03
1.592000000000000000e+03 4.091849999999999909e+03
1.456000000000000000e+03 4.158600000000000364e+03
1.560000000000000000e+03 4.172350000000000364e+03
1.456000000000000000e+03 4.266500000000000000e+03
1.336000000000000000e+03 4.301550000000000182e+03
1.208000000000000000e+03 4.389550000000000182e+03
1.264000000000000000e+03 4.450199999999999818e+03
1.416000000000000000e+03 4.504350000000000364e+03
1.360000000000000000e+03 4.569150000000000546e+03
1.552000000000000000e+03 4.624000000000000000e+03
1.344000000000000000e+03 4.626400000000000546e+03
1.304000000000000000e+03 4.664699999999999818e+03
1.432000000000000000e+03 4.706750000000000000e+03
1.528000000000000000e+03 4.712400000000000546e+03
1.312000000000000000e+03 4.780000000000000000e+03
1.304000000000000000e+03 4.805550000000000182e+03
1.392000000000000000e+03 4.826150000000000546e+03
1.312000000000000000e+03 4.881750000000000000e+03
1.584000000000000000e+03 4.930400000000000546e+03
1.248000000000000000e+03 5.095000000000000000e+03
1.344000000000000000e+03 5.126150000000000546e+03
1.600000000000000000e+03 5.144949999999999818e+03
1.328000000000000000e+03 5.318550000000000182e+03
1.344000000000000000e+03 5.391100000000000364e+03
1.584000000000000000e+03 5.394000000000000000e+03
1.464000000000000000e+03 5.425050000000000182e+03
1.544000000000000000e+03 5.480199999999999818e+03
1.320000000000000000e+03 5.494550000000000182e+03
1.576000000000000000e+03 5.503550000000000182e+03
1.328000000000000000e+03 5.505949999999999818e+03
1.416000000000000000e+03 5.634949999999999818e+03
1.272000000000000000e+03 5.635750000000000000e+03
1.464000000000000000e+03 5.668050000000000182e+03
1.488000000000000000e+03 5.754199999999999818e+03
1.312000000000000000e+03 5.773400000000000546e+03
1.232000000000000000e+03 5.877949999999999818e+03
1.352000000000000000e+03 5.883550000000000182e+03
1.288000000000000000e+03 5.884050000000000182e+03
1.432000000000000000e+03 5.933699999999999818e+03
1.384000000000000000e+03 5.935350000000000364e+03
1.408000000000000000e+03 9.048200000000000728e+03
1.296000000000000000e+03 9.052149999999999636e+03
1.568000000000000000e+03 9.101399999999999636e+03
1.592000000000000000e+03 9.122649999999999636e+03
1.360000000000000000e+03 9.126050000000001091e+03
1.600000000000000000e+03 9.150050000000001091e+03
1.272000000000000000e+03 9.170050000000001091e+03
1.312000000000000000e+03 9.210800000000001091e+03
1.328000000000000000e+03 9.247750000000000000e+03
1.208000000000000000e+03 9.460399999999999636e+03
1.224000000000000000e+03 9.491250000000000000e+03
1.336000000000000000e+03 9.502000000000000000e+03
1.552000000000000000e+03 9.511300000000001091e+03
1.488000000000000000e+03 9.567550000000001091e+03
1.440000000000000000e+03 9.605750000000000000e+03
1.288000000000000000e+03 9.740000000000000000e+03
1.296000000000000000e+03 9.764649999999999636e+03
1.600000000000000000e+03 9.887800000000001091e+03
1.280000000000000000e+03 9.903800000000001091e+03
1.400000000000000000e+03 9.963899999999999636e+03
1.312000000000000000e+03 9.996899999999999636e+03
1.496000000000000000e+03 1.013860000000000036e+04
1.552000000000000000e+03 1.015100000000000000e+04
1.584000000000000000e+03 1.015520000000000073e+04
1.536000000000000000e+03 1.017010000000000036e+04
1.320000000000000000e+03 1.021085000000000036e+04
1.304000000000000000e+03 1.033550000000000000e+04
1.432000000000000000e+03 1.033880000000000109e+04
1.488000000000000000e+03 1.035845000000000073e+04
1.416000000000000000e+03 1.042650000000000000e+04
1.272000000000000000e+03 1.052564999999999964e+04
1.352000000000000000e+03 1.056039999999999964e+04
1.416000000000000000e+03 1.064614999999999964e+04
1.304000000000000000e+03 1.069305000000000109e+04
1.600000000000000000e+03 1.072780000000000109e+04
1.320000000000000000e+03 1.073614999999999964e+04
1.448000000000000000e+03 1.074170000000000073e+04
1.376000000000000000e+03 1.074789999999999964e+04
1.296000000000000000e+03 1.081025000000000000e+04
1.440000000000000000e+03 1.081064999999999964e+04
1.416000000000000000e+03 1.085795000000000073e+04
1.312000000000000000e+03 1.107425000000000000e+04
1.288000000000000000e+03 1.111250000000000000e+04
1.272000000000000000e+03 1.112314999999999964e+04
1.472000000000000000e+03 1.114564999999999964e+04
1.464000000000000000e+03 1.123739999999999964e+04
1.512000000000000000e+03 1.127389999999999964e+04
1.232000000000000000e+03 1.127850000000000000e+04
1.576000000000000000e+03 1.135175000000000000e+04
1.280000000000000000e+03 1.141005000000000109e+04
1.424000000000000000e+03 1.153485000000000036e+04
1.584000000000000000e+03 1.155439999999999964e+04
1.456000000000000000e+03 1.166635000000000036e+04
1.240000000000000000e+03 1.166939999999999964e+04
1.280000000000000000e+03 1.171839999999999964e+04
1.304000000000000000e+03 1.171835000000000036e+04
1.360000000000000000e+03 1.175089999999999964e+04
1.568000000000000000e+03 1.175135000000000036e+04
1.472000000000000000e+03 1.176964999999999964e+04
1.424000000000000000e+03 1.182895000000000073e+04
1.336000000000000000e+03 1.188189999999999964e+04
1.320000000000000000e+03 1.189380000000000109e+04
1.400000000000000000e+03 1.200645000000000073e+04
1.456000000000000000e+03 1.201745000000000073e+04
1.400000000000000000e+03 1.212045000000000073e+04
1.328000000000000000e+03 1.212139999999999964e+04
1.528000000000000000e+03 1.219600000000000000e+04
1.512000000000000000e+03 1.232055000000000109e+04
1.568000000000000000e+03 1.237820000000000073e+04
1.304000000000000000e+03 1.238070000000000073e+04
1.592000000000000000e+03 1.264300000000000000e+04
1.592000000000000000e+03 1.270960000000000036e+04
1.440000000000000000e+03 1.273885000000000036e+04
1.600000000000000000e+03 1.274939999999999964e+04
1.552000000000000000e+03 1.275689999999999964e+04
1.544000000000000000e+03 1.282345000000000073e+04
1.216000000000000000e+03 1.288770000000000073e+04
1.360000000000000000e+03 1.294725000000000000e+04
1.576000000000000000e+03 1.294760000000000036e+04
1.368000000000000000e+03 1.303535000000000036e+04
1.312000000000000000e+03 1.311889999999999964e+04
1.312000000000000000e+03 1.319160000000000036e+04
1.232000000000000000e+03 1.323820000000000073e+04
1.560000000000000000e+03 1.329520000000000073e+04
1.384000000000000000e+03 1.335200000000000000e+04
1.304000000000000000e+03 1.335210000000000036e+04
1.336000000000000000e+03 1.336289999999999964e+04
1.272000000000000000e+03 1.337614999999999964e+04
1.352000000000000000e+03 1.338164999999999964e+04
1.536000000000000000e+03 1.347825000000000000e+04
1.240000000000000000e+03 1.348514999999999964e+04
1.216000000000000000e+03 1.353310000000000036e+04
1.576000000000000000e+03 1.357845000000000073e+04
1.312000000000000000e+03 1.358575000000000000e+04
1.392000000000000000e+03 1.361135000000000036e+04
1.536000000000000000e+03 1.364005000000000109e+04
1.208000000000000000e+03 1.370670000000000073e+04
1.552000000000000000e+03 1.382814999999999964e+04
1.224000000000000000e+03 1.394505000000000109e+04
1.472000000000000000e+03 1.397500000000000000e+04
1.352000000000000000e+03 1.400525000000000000e+04
1.552000000000000000e+03 1.402555000000000109e+04
1.472000000000000000e+03 1.406375000000000000e+04
1.232000000000000000e+03 1.408585000000000036e+04
1.312000000000000000e+03 1.425105000000000109e+04
1.336000000000000000e+03 1.425885000000000036e+04
1.288000000000000000e+03 1.426425000000000000e+04
1.544000000000000000e+03 1.430205000000000109e+04
1.296000000000000000e+03 1.430660000000000036e+04
1.528000000000000000e+03 1.434610000000000036e+04
1.408000000000000000e+03 1.435295000000000073e+04
1.360000000000000000e+03 1.439560000000000036e+04
1.312000000000000000e+03 1.443430000000000109e+04
1.216000000000000000e+03 1.446480000000000109e+04
1.512000000000000000e+03 1.447614999999999964e+04
1.408000000000000000e+03 1.458805000000000109e+04
1.384000000000000000e+03 1.459625000000000000e+04
1.216000000000000000e+03 1.462764999999999964e+04
1.256000000000000000e+03 1.464610000000000036e+04
1.528000000000000000e+03 1.466705000000000109e+04
1.592000000000000000e+03 1.469745000000000073e+04
1.224000000000000000e+03 1.471900000000000000e+04
1.544000000000000000e+03 1.479720000000000073e+04
1.552000000000000000e+03 1.481185000000000036e+04
1.321000000000000000e+03 1.286999999999999886e+02
1.225000000000000000e+03 1.422000000000000171e+02
1.401000000000000000e+03 1.780999999999999943e+02
1.297000000000000000e+03 2.195000000000000000e+02
1.233000000000000000e+03 2.294000000000000057e+02
1.593000000000000000e+03 2.295000000000000000e+02
1.505000000000000000e+03 3.321000000000000227e+02
1.265000000000000000e+03 3.410500000000000114e+02
1.289000000000000000e+03 3.626999999999999886e+02
1.385000000000000000e+03 4.465000000000000000e+02
1.537000000000000000e+03 4.528500000000000227e+02
1.241000000000000000e+03 4.574000000000000341e+02
1.321000000000000000e+03 4.781500000000000341e+02
1.385000000000000000e+03 4.868500000000000227e+02
1.393000000000000000e+03 5.235499999999999545e+02
1.297000000000000000e+03 5.648500000000000227e+02
1.321000000000000000e+03 5.776499999999999773e+02
1.417000000000000000e+03 6.134500000000000455e+02
1.409000000000000000e+03 6.320500000000000682e+02
1.441000000000000000e+03 6.642500000000000000e+02
1.305000000000000000e+03 6.656000000000000227e+02
1.417000000000000000e+03 7.107500000000000000e+02
1.433000000000000000e+03 7.261499999999999773e+02
1.361000000000000000e+03 7.275500000000000682e+02
1.273000000000000000e+03 7.493999999999999773e+02
1.257000000000000000e+03 7.561499999999999773e+02
1.473000000000000000e+03 8.507000000000000455e+02
1.521000000000000000e+03 8.820000000000000000e+02
1.601000000000000000e+03 1.093250000000000000e+03
1.593000000000000000e+03 1.097549999999999955e+03
1.417000000000000000e+03 1.112350000000000136e+03
1.409000000000000000e+03 1.117650000000000091e+03
1.553000000000000000e+03 1.150799999999999955e+03
1.537000000000000000e+03 1.199549999999999955e+03
1.521000000000000000e+03 1.327799999999999955e+03
1.561000000000000000e+03 1.331900000000000091e+03
1.425000000000000000e+03 1.357700000000000045e+03
1.249000000000000000e+03 1.388650000000000091e+03
1.521000000000000000e+03 1.397850000000000136e+03
1.449000000000000000e+03 1.501100000000000136e+03
1.361000000000000000e+03 1.509600000000000136e+03
1.289000000000000000e+03 1.552750000000000000e+03
1.321000000000000000e+03 1.560000000000000000e+03
1.409000000000000000e+03 1.575100000000000136e+03
1.353000000000000000e+03 1.575900000000000091e+03
1.545000000000000000e+03 1.683500000000000000e+03
1.513000000000000000e+03 1.722350000000000136e+03
1.345000000000000000e+03 1.805950000000000045e+03
1.433000000000000000e+03 1.864750000000000000e+03
1.265000000000000000e+03 1.948450000000000045e+03
1.433000000000000000e+03 2.027850000000000136e+03
1.601000000000000000e+03 2.054099999999999909e+03
1.209000000000000000e+03 2.085699999999999818e+03
1.297000000000000000e+03 2.113300000000000182e+03
1.209000000000000000e+03 2.225650000000000091e+03
1.553000000000000000e+03 2.254750000000000000e+03
1.377000000000000000e+03 2.273349999999999909e+03
1.401000000000000000e+03 2.292700000000000273e+03
1.473000000000000000e+03 2.339750000000000000e+03
1.337000000000000000e+03 2.411550000000000182e+03
1.433000000000000000e+03 2.430400000000000091e+03
1.441000000000000000e+03 2.461000000000000000e+03
1.425000000000000000e+03 2.586300000000000182e+03
1.537000000000000000e+03 2.643599999999999909e+03
1.417000000000000000e+03 2.668349999999999909e+03
1.505000000000000000e+03 2.749650000000000091e+03
1.497000000000000000e+03 2.760150000000000091e+03
1.377000000000000000e+03 2.782900000000000091e+03
1.585000000000000000e+03 2.816550000000000182e+03
1.225000000000000000e+03 2.846950000000000273e+03
1.329000000000000000e+03 2.896300000000000182e+03
1.545000000000000000e+03 3.018800000000000182e+03
1.329000000000000000e+03 3.047099999999999909e+03
1.353000000000000000e+03 3.056500000000000000e+03
1.561000000000000000e+03 3.084849999999999909e+03
1.457000000000000000e+03 3.117250000000000000e+03
1.233000000000000000e+03 3.169800000000000182e+03
1.257000000000000000e+03 3.233500000000000000e+03
1.401000000000000000e+03 3.234599999999999909e+03
1.601000000000000000e+03 3.333700000000000273e+03
1.209000000000000000e+03 3.384500000000000000e+03
1.593000000000000000e+03 3.386099999999999909e+03
1.449000000000000000e+03 3.474750000000000000e+03
1.345000000000000000e+03 3.530500000000000000e+03
1.329000000000000000e+03 3.573950000000000273e+03
1.425000000000000000e+03 3.620099999999999909e+03
1.561000000000000000e+03 3.622000000000000000e+03
1.473000000000000000e+03 3.681099999999999909e+03
1.577000000000000000e+03 3.719450000000000273e+03
1.553000000000000000e+03 3.799099999999999909e+03
1.337000000000000000e+03 3.847700000000000273e+03
1.465000000000000000e+03 3.872900000000000091e+03
1.313000000000000000e+03 3.894349999999999909e+03
1.337000000000000000e+03 3.917500000000000000e+03
1.353000000000000000e+03 3.999599999999999909e+03
1.489000000000000000e+03 4.053500000000000000e+03
1.393000000000000000e+03 4.073800000000000182e+03
1.529000000000000000e+03 4.102300000000000182e+03
1.217000000000000000e+03 4.121649999999999636e+03
1.321000000000000000e+03 4.126149999999999636e+03
1.433000000000000000e+03 4.200399999999999636e+03
1.425000000000000000e+03 4.288399999999999636e+03
1.273000000000000000e+03 4.307449999999999818e+03
1.265000000000000000e+03 4.411600000000000364e+03
1.313000000000000000e+03 4.463500000000000000e+03
1.281000000000000000e+03 4.488650000000000546e+03
1.433000000000000000e+03 4.489000000000000000e+03
1.601000000000000000e+03 4.502600000000000364e+03
1.233000000000000000e+03 4.535800000000000182e+03
1.569000000000000000e+03 4.558150000000000546e+03
1.441000000000000000e+03 4.569199999999999818e+03
1.505000000000000000e+03 4.572750000000000000e+03
1.409000000000000000e+03 4.614199999999999818e+03
1.257000000000000000e+03 4.641199999999999818e+03
1.433000000000000000e+03 4.644650000000000546e+03
1.545000000000000000e+03 4.676500000000000000e+03
1.249000000000000000e+03 4.712100000000000364e+03
1.345000000000000000e+03 4.748400000000000546e+03
1.281000000000000000e+03 4.770500000000000000e+03
1.529000000000000000e+03 4.787400000000000546e+03
1.537000000000000000e+03 4.823650000000000546e+03
1.369000000000000000e+03 4.832050000000000182e+03
1.273000000000000000e+03 4.900750000000000000e+03
1.545000000000000000e+03 4.984750000000000000e+03
1.337000000000000000e+03 5.065750000000000000e+03
1.601000000000000000e+03 5.084750000000000000e+03
1.425000000000000000e+03 5.095100000000000364e+03
1.281000000000000000e+03 5.185949999999999818e+03
1.601000000000000000e+03 5.203900000000000546e+03
1.521000000000000000e+03 5.318199999999999818e+03
1.297000000000000000e+03 5.378900000000000546e+03
1.265000000000000000e+03 5.400750000000000000e+03
1.577000000000000000e+03 5.407550000000000182e+03
1.561000000000000000e+03 5.421699999999999818e+03
1.417000000000000000e+03 5.455100000000000364e+03
1.457000000000000000e+03 5.505850000000000364e+03
1.393000000000000000e+03 5.611550000000000182e+03
1.473000000000000000e+03 5.662050000000000182e+03
1.569000000000000000e+03 5.696300000000000182e+03
1.377000000000000000e+03 5.747150000000000546e+03
1.393000000000000000e+03 5.778550000000000182e+03
1.465000000000000000e+03 5.834900000000000546e+03
1.225000000000000000e+03 5.868550000000000182e+03
1.417000000000000000e+03 5.876949999999999818e+03
1.481000000000000000e+03 5.908650000000000546e+03
1.233000000000000000e+03 5.957800000000000182e+03
1.249000000000000000e+03 5.984650000000000546e+03
1.273000000000000000e+03 6.004400000000000546e+03
1.497000000000000000e+03 9.022850000000000364e+03
1.305000000000000000e+03 9.037000000000000000e+03
1.545000000000000000e+03 9.052350000000000364e+03
1.529000000000000000e+03 9.064200000000000728e+03
1.273000000000000000e+03 9.099300000000001091e+03
1.281000000000000000e+03 9.115000000000000000e+03
1.593000000000000000e+03 9.178899999999999636e+03
1.473000000000000000e+03 9.184800000000001091e+03
1.505000000000000000e+03 9.288850000000000364e+03
1.345000000000000000e+03 9.337100000000000364e+03
1.257000000000000000e+03 9.389700000000000728e+03
1.345000000000000000e+03 9.436600000000000364e+03
1.545000000000000000e+03 9.445800000000001091e+03
1.537000000000000000e+03 9.569450000000000728e+03
1.337000000000000000e+03 9.573600000000000364e+03
1.545000000000000000e+03 9.587500000000000000e+03
1.449000000000000000e+03 9.652750000000000000e+03
1.457000000000000000e+03 9.721050000000001091e+03
1.601000000000000000e+03 9.994250000000000000e+03
1.313000000000000000e+03 1.001705000000000109e+04
1.513000000000000000e+03 1.015339999999999964e+04
1.329000000000000000e+03 1.015605000000000109e+04
1.249000000000000000e+03 1.019900000000000000e+04
1.265000000000000000e+03 1.021945000000000073e+04
1.601000000000000000e+03 1.024635000000000036e+04
1.433000000000000000e+03 1.030164999999999964e+04
1.321000000000000000e+03 1.035000000000000000e+04
1.545000000000000000e+03 1.035530000000000109e+04
1.233000000000000000e+03 1.035725000000000000e+04
1.217000000000000000e+03 1.057045000000000073e+04
1.465000000000000000e+03 1.061275000000000000e+04
1.537000000000000000e+03 1.065595000000000073e+04
1.257000000000000000e+03 1.071320000000000073e+04
1.361000000000000000e+03 1.073605000000000109e+04
1.225000000000000000e+03 1.074960000000000036e+04
1.449000000000000000e+03 1.078439999999999964e+04
1.497000000000000000e+03 1.078470000000000073e+04
1.553000000000000000e+03 1.079425000000000000e+04
1.273000000000000000e+03 1.081875000000000000e+04
1.561000000000000000e+03 1.090145000000000073e+04
1.329000000000000000e+03 1.090535000000000036e+04
1.225000000000000000e+03 1.095264999999999964e+04
1.377000000000000000e+03 1.098139999999999964e+04
1.289000000000000000e+03 1.101189999999999964e+04
1.337000000000000000e+03 1.104230000000000109e+04
1.297000000000000000e+03 1.119580000000000109e+04
1.401000000000000000e+03 1.120935000000000036e+04
1.289000000000000000e+03 1.126980000000000109e+04
1.489000000000000000e+03 1.127089999999999964e+04
1.409000000000000000e+03 1.127330000000000109e+04
1.577000000000000000e+03 1.127930000000000109e+04
1.353000000000000000e+03 1.139239999999999964e+04
1.489000000000000000e+03 1.143000000000000000e+04
1.225000000000000000e+03 1.146945000000000073e+04
1.577000000000000000e+03 1.148150000000000000e+04
1.505000000000000000e+03 1.149030000000000109e+04
1.433000000000000000e+03 1.165885000000000036e+04
1.425000000000000000e+03 1.165910000000000036e+04
1.409000000000000000e+03 1.166900000000000000e+04
1.537000000000000000e+03 1.169025000000000000e+04
1.345000000000000000e+03 1.171100000000000000e+04
1.329000000000000000e+03 1.172120000000000073e+04
1.385000000000000000e+03 1.183789999999999964e+04
1.593000000000000000e+03 1.189835000000000036e+04
1.297000000000000000e+03 1.191355000000000109e+04
1.241000000000000000e+03 1.194585000000000036e+04
1.553000000000000000e+03 1.205570000000000073e+04
1.297000000000000000e+03 1.208364999999999964e+04
1.369000000000000000e+03 1.220155000000000109e+04
1.489000000000000000e+03 1.227805000000000109e+04
1.529000000000000000e+03 1.229435000000000036e+04
1.329000000000000000e+03 1.234989999999999964e+04
1.505000000000000000e+03 1.235930000000000109e+04
1.449000000000000000e+03 1.239339999999999964e+04
1.385000000000000000e+03 1.242680000000000109e+04
1.369000000000000000e+03 1.246020000000000073e+04
1.345000000000000000e+03 1.256600000000000000e+04
1.505000000000000000e+03 1.268220000000000073e+04
1.345000000000000000e+03 1.269639999999999964e+04
1.281000000000000000e+03 1.270205000000000109e+04
1.257000000000000000e+03 1.272180000000000109e+04
1.537000000000000000e+03 1.277710000000000036e+04
1.601000000000000000e+03 1.281030000000000109e+04
1.425000000000000000e+03 1.284205000000000109e+04
1.489000000000000000e+03 1.284695000000000073e+04
1.593000000000000000e+03 1.291335000000000036e+04
1.225000000000000000e+03 1.294695000000000073e+04
1.265000000000000000e+03 1.296145000000000073e+04
1.553000000000000000e+03 1.297935000000000036e+04
1.273000000000000000e+03 1.304175000000000000e+04
1.321000000000000000e+03 1.308900000000000000e+04
1.401000000000000000e+03 1.312795000000000073e+04
1.601000000000000000e+03 1.313810000000000036e+04
1.425000000000000000e+03 1.314885000000000036e+04
1.433000000000000000e+03 1.318580000000000109e+04
1.465000000000000000e+03 1.318650000000000000e+04
1.361000000000000000e+03 1.319750000000000000e+04
1.353000000000000000e+03 1.322205000000000109e+04
1.497000000000000000e+03 1.325470000000000073e+04
1.521000000000000000e+03 1.329955000000000109e+04
1.529000000000000000e+03 1.337155000000000109e+04
1.393000000000000000e+03 1.337550000000000000e+04
1.433000000000000000e+03 1.339755000000000109e+04
1.561000000000000000e+03 1.345975000000000000e+04
1.297000000000000000e+03 1.347770000000000073e+04
1.409000000000000000e+03 1.349750000000000000e+04
1.465000000000000000e+03 1.350205000000000109e+04
1.537000000000000000e+03 1.352100000000000000e+04
1.217000000000000000e+03 1.352395000000000073e+04
1.569000000000000000e+03 1.353475000000000000e+04
1.529000000000000000e+03 1.356010000000000036e+04
1.577000000000000000e+03 1.359760000000000036e+04
1.441000000000000000e+03 1.364030000000000109e+04
1.233000000000000000e+03 1.377489999999999964e+04
1.385000000000000000e+03 1.378200000000000000e+04
1.345000000000000000e+03 1.381670000000000073e+04
1.425000000000000000e+03 1.381745000000000073e+04
1.553000000000000000e+03 1.386520000000000073e+04
1.297000000000000000e+03 1.389089999999999964e+04
1.481000000000000000e+03 1.400580000000000109e+04
1.321000000000000000e+03 1.405700000000000000e+04
1.425000000000000000e+03 1.406585000000000036e+04
1.313000000000000000e+03 1.408860000000000036e+04
1.233000000000000000e+03 1.421450000000000000e+04
1.361000000000000000e+03 1.421710000000000036e+04
1.249000000000000000e+03 1.422595000000000073e+04
1.449000000000000000e+03 1.423664999999999964e+04
1.417000000000000000e+03 1.427470000000000073e+04
1.433000000000000000e+03 1.430964999999999964e+04
1.385000000000000000e+03 1.431714999999999964e+04
1.313000000000000000e+03 1.444095000000000073e+04
1.265000000000000000e+03 1.446014999999999964e+04
1.329000000000000000e+03 1.446800000000000000e+04
1.385000000000000000e+03 1.450885000000000036e+04
1.553000000000000000e+03 1.454675000000000000e+04
1.393000000000000000e+03 1.456160000000000036e+04
1.353000000000000000e+03 1.457495000000000073e+04
1.569000000000000000e+03 1.457870000000000073e+04
1.217000000000000000e+03 1.460860000000000036e+04
1.209000000000000000e+03 1.464620000000000073e+04
1.257000000000000000e+03 1.465589999999999964e+04
1.593000000000000000e+03 1.466220000000000073e+04
1.241000000000000000e+03 1.467430000000000109e+04
1.225000000000000000e+03 1.469170000000000073e+04
1.441000000000000000e+03 1.471414999999999964e+04
1.385000000000000000e+03 1.475250000000000000e+04
1.377000000000000000e+03 1.489145000000000073e+04
1.385000000000000000e+03 1.495010000000000036e+04
1.330000000000000000e+03 1.250499999999999972e+02
1.370000000000000000e+03 1.659000000000000057e+02
1.442000000000000000e+03 2.776999999999999886e+02
1.522000000000000000e+03 2.867500000000000000e+02
1.290000000000000000e+03 2.925500000000000114e+02
1.274000000000000000e+03 3.820000000000000000e+02
1.554000000000000000e+03 4.580000000000000000e+02
1.514000000000000000e+03 5.422500000000000000e+02
1.474000000000000000e+03 5.501499999999999773e+02
1.450000000000000000e+03 5.588500000000000227e+02
1.258000000000000000e+03 6.092500000000000000e+02
1.362000000000000000e+03 6.173999999999999773e+02
1.362000000000000000e+03 8.043000000000000682e+02
1.250000000000000000e+03 8.085500000000000682e+02
1.234000000000000000e+03 8.176499999999999773e+02
1.522000000000000000e+03 9.505000000000000000e+02
1.394000000000000000e+03 9.983999999999999773e+02
1.418000000000000000e+03 1.073150000000000091e+03
1.498000000000000000e+03 1.100400000000000091e+03
1.234000000000000000e+03 1.204150000000000091e+03
1.338000000000000000e+03 1.251500000000000000e+03
1.490000000000000000e+03 1.276950000000000045e+03
1.450000000000000000e+03 1.281200000000000045e+03
1.346000000000000000e+03 1.297049999999999955e+03
1.530000000000000000e+03 1.320700000000000045e+03
1.546000000000000000e+03 1.322549999999999955e+03
1.490000000000000000e+03 1.354250000000000000e+03
1.322000000000000000e+03 1.388950000000000045e+03
1.210000000000000000e+03 1.389250000000000000e+03
1.346000000000000000e+03 1.395400000000000091e+03
1.314000000000000000e+03 1.402400000000000091e+03
1.402000000000000000e+03 1.448850000000000136e+03
1.386000000000000000e+03 1.459250000000000000e+03
1.378000000000000000e+03 1.479200000000000045e+03
1.410000000000000000e+03 1.503950000000000045e+03
1.242000000000000000e+03 1.521400000000000091e+03
1.282000000000000000e+03 1.526750000000000000e+03
1.306000000000000000e+03 1.616250000000000000e+03
1.314000000000000000e+03 1.658950000000000045e+03
1.234000000000000000e+03 1.660549999999999955e+03
1.322000000000000000e+03 1.768400000000000091e+03
1.522000000000000000e+03 1.797150000000000091e+03
1.466000000000000000e+03 1.806350000000000136e+03
1.282000000000000000e+03 1.821799999999999955e+03
1.274000000000000000e+03 1.830400000000000091e+03
1.306000000000000000e+03 1.865700000000000045e+03
1.346000000000000000e+03 1.886250000000000000e+03
1.338000000000000000e+03 1.888850000000000136e+03
1.522000000000000000e+03 1.894000000000000000e+03
1.298000000000000000e+03 1.913200000000000045e+03
1.362000000000000000e+03 2.006150000000000091e+03
1.506000000000000000e+03 2.036600000000000136e+03
1.498000000000000000e+03 2.066000000000000000e+03
1.250000000000000000e+03 2.084099999999999909e+03
1.346000000000000000e+03 2.123050000000000182e+03
1.570000000000000000e+03 2.242250000000000000e+03
1.506000000000000000e+03 2.242900000000000091e+03
1.538000000000000000e+03 2.265650000000000091e+03
1.426000000000000000e+03 2.431250000000000000e+03
1.314000000000000000e+03 2.439050000000000182e+03
1.218000000000000000e+03 2.480450000000000273e+03
1.282000000000000000e+03 2.499050000000000182e+03
1.250000000000000000e+03 2.506050000000000182e+03
1.346000000000000000e+03 2.509150000000000091e+03
1.538000000000000000e+03 2.549750000000000000e+03
1.506000000000000000e+03 2.551300000000000182e+03
1.450000000000000000e+03 2.571700000000000273e+03
1.418000000000000000e+03 2.617200000000000273e+03
1.498000000000000000e+03 2.652900000000000091e+03
1.530000000000000000e+03 2.879150000000000091e+03
1.378000000000000000e+03 2.880349999999999909e+03
1.282000000000000000e+03 2.995550000000000182e+03
1.402000000000000000e+03 3.037750000000000000e+03
1.426000000000000000e+03 3.250050000000000182e+03
1.442000000000000000e+03 3.294599999999999909e+03
1.498000000000000000e+03 3.344750000000000000e+03
1.570000000000000000e+03 3.403900000000000091e+03
1.354000000000000000e+03 3.456900000000000091e+03
1.394000000000000000e+03 3.491750000000000000e+03
1.370000000000000000e+03 3.624800000000000182e+03
1.522000000000000000e+03 3.641050000000000182e+03
1.386000000000000000e+03 3.782150000000000091e+03
1.330000000000000000e+03 3.799250000000000000e+03
1.498000000000000000e+03 3.808599999999999909e+03
1.450000000000000000e+03 3.834800000000000182e+03
1.490000000000000000e+03 3.841550000000000182e+03
1.338000000000000000e+03 3.905150000000000091e+03
1.426000000000000000e+03 3.940400000000000091e+03
1.234000000000000000e+03 3.953900000000000091e+03
1.578000000000000000e+03 3.996000000000000000e+03
1.370000000000000000e+03 4.013750000000000000e+03
1.266000000000000000e+03 4.019500000000000000e+03
1.490000000000000000e+03 4.037550000000000182e+03
1.218000000000000000e+03 4.040950000000000273e+03
1.434000000000000000e+03 4.041599999999999909e+03
1.282000000000000000e+03 4.055050000000000182e+03
1.306000000000000000e+03 4.174800000000000182e+03
1.426000000000000000e+03 4.205899999999999636e+03
1.394000000000000000e+03 4.242850000000000364e+03
1.362000000000000000e+03 4.278850000000000364e+03
1.466000000000000000e+03 4.313199999999999818e+03
1.466000000000000000e+03 4.373949999999999818e+03
1.538000000000000000e+03 4.388350000000000364e+03
1.234000000000000000e+03 4.417800000000000182e+03
1.354000000000000000e+03 4.471750000000000000e+03
1.410000000000000000e+03 4.472300000000000182e+03
1.562000000000000000e+03 4.496250000000000000e+03
1.314000000000000000e+03 4.516199999999999818e+03
1.498000000000000000e+03 4.584850000000000364e+03
1.474000000000000000e+03 4.635550000000000182e+03
1.226000000000000000e+03 4.704699999999999818e+03
1.594000000000000000e+03 4.746900000000000546e+03
1.434000000000000000e+03 4.919050000000000182e+03
1.290000000000000000e+03 4.962000000000000000e+03
1.426000000000000000e+03 4.978650000000000546e+03
1.482000000000000000e+03 5.035699999999999818e+03
1.434000000000000000e+03 5.036199999999999818e+03
1.458000000000000000e+03 5.185750000000000000e+03
1.474000000000000000e+03 5.215150000000000546e+03
1.458000000000000000e+03 5.266500000000000000e+03
1.410000000000000000e+03 5.297050000000000182e+03
1.594000000000000000e+03 5.332250000000000000e+03
1.482000000000000000e+03 5.460449999999999818e+03
1.466000000000000000e+03 5.471150000000000546e+03
1.346000000000000000e+03 5.501350000000000364e+03
1.426000000000000000e+03 5.569100000000000364e+03
1.426000000000000000e+03 5.670150000000000546e+03
1.314000000000000000e+03 5.677550000000000182e+03
1.394000000000000000e+03 5.684050000000000182e+03
1.434000000000000000e+03 5.792300000000000182e+03
1.482000000000000000e+03 5.856100000000000364e+03
1.578000000000000000e+03 5.856600000000000364e+03
1.530000000000000000e+03 5.938100000000000364e+03
1.490000000000000000e+03 9.052399999999999636e+03
1.474000000000000000e+03 9.114600000000000364e+03
1.498000000000000000e+03 9.148100000000000364e+03
1.474000000000000000e+03 9.232399999999999636e+03
1.506000000000000000e+03 9.244600000000000364e+03
1.370000000000000000e+03 9.344899999999999636e+03
1.426000000000000000e+03 9.370399999999999636e+03
1.218000000000000000e+03 9.431350000000000364e+03
1.210000000000000000e+03 9.435350000000000364e+03
1.202000000000000000e+03 9.544000000000000000e+03
1.250000000000000000e+03 9.544050000000001091e+03
1.266000000000000000e+03 9.581850000000000364e+03
1.522000000000000000e+03 9.660700000000000728e+03
1.362000000000000000e+03 9.679500000000000000e+03
1.322000000000000000e+03 9.705450000000000728e+03
1.426000000000000000e+03 9.719250000000000000e+03
1.458000000000000000e+03 9.728700000000000728e+03
1.314000000000000000e+03 9.835899999999999636e+03
1.306000000000000000e+03 9.877550000000001091e+03
1.554000000000000000e+03 9.983399999999999636e+03
1.554000000000000000e+03 1.007135000000000036e+04
1.282000000000000000e+03 1.009280000000000109e+04
1.434000000000000000e+03 1.011145000000000073e+04
1.242000000000000000e+03 1.012400000000000000e+04
1.418000000000000000e+03 1.012595000000000073e+04
1.314000000000000000e+03 1.016955000000000109e+04
1.282000000000000000e+03 1.021800000000000000e+04
1.546000000000000000e+03 1.024545000000000073e+04
1.386000000000000000e+03 1.026950000000000000e+04
1.394000000000000000e+03 1.033295000000000073e+04
1.410000000000000000e+03 1.045470000000000073e+04
1.338000000000000000e+03 1.045785000000000036e+04
1.370000000000000000e+03 1.048364999999999964e+04
1.458000000000000000e+03 1.048820000000000073e+04
1.346000000000000000e+03 1.052595000000000073e+04
1.466000000000000000e+03 1.053205000000000109e+04
1.226000000000000000e+03 1.059564999999999964e+04
1.362000000000000000e+03 1.075045000000000073e+04
1.378000000000000000e+03 1.076155000000000109e+04
1.458000000000000000e+03 1.076685000000000036e+04
1.370000000000000000e+03 1.076770000000000073e+04
1.234000000000000000e+03 1.095145000000000073e+04
1.450000000000000000e+03 1.095905000000000109e+04
1.202000000000000000e+03 1.097439999999999964e+04
1.530000000000000000e+03 1.101995000000000073e+04
1.274000000000000000e+03 1.108320000000000073e+04
1.346000000000000000e+03 1.108355000000000109e+04
1.530000000000000000e+03 1.113414999999999964e+04
1.442000000000000000e+03 1.114489999999999964e+04
1.370000000000000000e+03 1.120360000000000036e+04
1.314000000000000000e+03 1.135610000000000036e+04
1.434000000000000000e+03 1.141785000000000036e+04
1.274000000000000000e+03 1.142964999999999964e+04
1.322000000000000000e+03 1.156550000000000000e+04
1.466000000000000000e+03 1.162164999999999964e+04
1.458000000000000000e+03 1.164985000000000036e+04
1.490000000000000000e+03 1.167064999999999964e+04
1.218000000000000000e+03 1.167450000000000000e+04
1.226000000000000000e+03 1.177975000000000000e+04
1.442000000000000000e+03 1.179370000000000073e+04
1.362000000000000000e+03 1.186725000000000000e+04
1.530000000000000000e+03 1.201914999999999964e+04
1.322000000000000000e+03 1.201975000000000000e+04
1.538000000000000000e+03 1.203770000000000073e+04
1.338000000000000000e+03 1.204395000000000073e+04
1.250000000000000000e+03 1.207470000000000073e+04
1.562000000000000000e+03 1.211000000000000000e+04
1.594000000000000000e+03 1.212814999999999964e+04
1.226000000000000000e+03 1.231500000000000000e+04
1.562000000000000000e+03 1.242514999999999964e+04
1.450000000000000000e+03 1.244635000000000036e+04
1.490000000000000000e+03 1.253525000000000000e+04
1.330000000000000000e+03 1.258000000000000000e+04
1.282000000000000000e+03 1.258755000000000109e+04
1.354000000000000000e+03 1.262345000000000073e+04
1.322000000000000000e+03 1.275745000000000073e+04
1.242000000000000000e+03 1.282345000000000073e+04
1.370000000000000000e+03 1.284105000000000109e+04
1.394000000000000000e+03 1.294130000000000109e+04
1.562000000000000000e+03 1.294945000000000073e+04
1.410000000000000000e+03 1.302235000000000036e+04
1.514000000000000000e+03 1.304214999999999964e+04
1.538000000000000000e+03 1.307825000000000000e+04
1.274000000000000000e+03 1.308170000000000073e+04
1.346000000000000000e+03 1.312935000000000036e+04
1.306000000000000000e+03 1.315920000000000073e+04
1.514000000000000000e+03 1.321020000000000073e+04
1.498000000000000000e+03 1.323605000000000109e+04
1.442000000000000000e+03 1.324395000000000073e+04
1.482000000000000000e+03 1.330950000000000000e+04
1.434000000000000000e+03 1.331125000000000000e+04
1.218000000000000000e+03 1.342039999999999964e+04
1.202000000000000000e+03 1.348410000000000036e+04
1.562000000000000000e+03 1.351700000000000000e+04
1.362000000000000000e+03 1.352155000000000109e+04
1.298000000000000000e+03 1.361530000000000109e+04
1.402000000000000000e+03 1.362980000000000109e+04
1.202000000000000000e+03 1.367410000000000036e+04
1.538000000000000000e+03 1.369025000000000000e+04
1.370000000000000000e+03 1.372835000000000036e+04
1.594000000000000000e+03 1.380505000000000109e+04
1.570000000000000000e+03 1.388910000000000036e+04
1.442000000000000000e+03 1.391405000000000109e+04
1.530000000000000000e+03 1.393325000000000000e+04
1.578000000000000000e+03 1.395205000000000109e+04
1.586000000000000000e+03 1.397120000000000073e+04
1.274000000000000000e+03 1.401900000000000000e+04
1.394000000000000000e+03 1.405470000000000073e+04
1.338000000000000000e+03 1.410689999999999964e+04
1.506000000000000000e+03 1.415170000000000073e+04
1.306000000000000000e+03 1.417125000000000000e+04
1.378000000000000000e+03 1.418635000000000036e+04
1.474000000000000000e+03 1.421614999999999964e+04
1.522000000000000000e+03 1.426555000000000109e+04
1.266000000000000000e+03 1.442060000000000036e+04
1.322000000000000000e+03 1.446220000000000073e+04
1.458000000000000000e+03 1.447285000000000036e+04
1.426000000000000000e+03 1.452310000000000036e+04
1.434000000000000000e+03 1.453189999999999964e+04
1.498000000000000000e+03 1.453270000000000073e+04
1.442000000000000000e+03 1.453385000000000036e+04
1.538000000000000000e+03 1.456750000000000000e+04
1.226000000000000000e+03 1.458775000000000000e+04
1.450000000000000000e+03 1.460485000000000036e+04
1.266000000000000000e+03 1.462964999999999964e+04
1.498000000000000000e+03 1.465760000000000036e+04
1.338000000000000000e+03 1.467000000000000000e+04
1.226000000000000000e+03 1.472770000000000073e+04
1.554000000000000000e+03 1.478145000000000073e+04
1.482000000000000000e+03 1.482885000000000036e+04
1.506000000000000000e+03 1.488985000000000036e+04
1.434000000000000000e+03 1.496930000000000109e+04
1.275000000000000000e+03 1.580999999999999943e+02
1.219000000000000000e+03 1.885500000000000114e+02
1.307000000000000000e+03 2.042500000000000000e+02
1.387000000000000000e+03 2.116500000000000057e+02
1.491000000000000000e+03 2.155999999999999943e+02
1.323000000000000000e+03 2.827500000000000000e+02
1.379000000000000000e+03 3.772500000000000000e+02
1.355000000000000000e+03 3.843500000000000227e+02
1.227000000000000000e+03 4.253500000000000227e+02
1.331000000000000000e+03 5.110500000000000114e+02
1.515000000000000000e+03 5.417000000000000455e+02
1.547000000000000000e+03 5.416499999999999773e+02
1.563000000000000000e+03 5.498500000000000227e+02
1.307000000000000000e+03 5.735000000000000000e+02
1.523000000000000000e+03 5.880000000000000000e+02
1.499000000000000000e+03 6.342500000000000000e+02
1.467000000000000000e+03 6.562500000000000000e+02
1.259000000000000000e+03 7.242500000000000000e+02
1.371000000000000000e+03 7.957000000000000455e+02
1.339000000000000000e+03 8.336000000000000227e+02
1.499000000000000000e+03 9.520500000000000682e+02
1.299000000000000000e+03 1.014800000000000068e+03
1.547000000000000000e+03 1.054049999999999955e+03
1.251000000000000000e+03 1.065799999999999955e+03
1.595000000000000000e+03 1.131950000000000045e+03
1.435000000000000000e+03 1.136850000000000136e+03
1.299000000000000000e+03 1.149850000000000136e+03
1.307000000000000000e+03 1.178100000000000136e+03
1.451000000000000000e+03 1.209299999999999955e+03
1.331000000000000000e+03 1.215000000000000000e+03
1.483000000000000000e+03 1.222549999999999955e+03
1.555000000000000000e+03 1.242200000000000045e+03
1.507000000000000000e+03 1.252850000000000136e+03
1.243000000000000000e+03 1.283250000000000000e+03
1.451000000000000000e+03 1.340650000000000091e+03
1.307000000000000000e+03 1.371500000000000000e+03
1.515000000000000000e+03 1.371750000000000000e+03
1.291000000000000000e+03 1.380250000000000000e+03
1.259000000000000000e+03 1.418200000000000045e+03
1.563000000000000000e+03 1.421650000000000091e+03
1.275000000000000000e+03 1.449049999999999955e+03
1.219000000000000000e+03 1.458100000000000136e+03
1.283000000000000000e+03 1.459900000000000091e+03
1.355000000000000000e+03 1.471049999999999955e+03
1.459000000000000000e+03 1.527750000000000000e+03
1.467000000000000000e+03 1.585500000000000000e+03
1.523000000000000000e+03 1.734350000000000136e+03
1.307000000000000000e+03 1.749700000000000045e+03
1.291000000000000000e+03 1.779250000000000000e+03
1.499000000000000000e+03 1.816100000000000136e+03
1.347000000000000000e+03 1.849299999999999955e+03
1.435000000000000000e+03 1.868900000000000091e+03
1.523000000000000000e+03 1.875049999999999955e+03
1.275000000000000000e+03 1.999150000000000091e+03
1.323000000000000000e+03 2.008150000000000091e+03
1.563000000000000000e+03 2.037600000000000136e+03
1.363000000000000000e+03 2.038549999999999955e+03
1.307000000000000000e+03 2.111300000000000182e+03
1.435000000000000000e+03 2.115650000000000091e+03
1.251000000000000000e+03 2.217849999999999909e+03
1.323000000000000000e+03 2.225650000000000091e+03
1.315000000000000000e+03 2.339099999999999909e+03
1.443000000000000000e+03 2.386800000000000182e+03
1.507000000000000000e+03 2.558450000000000273e+03
1.355000000000000000e+03 2.559650000000000091e+03
1.515000000000000000e+03 2.564700000000000273e+03
1.219000000000000000e+03 2.573349999999999909e+03
1.595000000000000000e+03 2.633950000000000273e+03
1.539000000000000000e+03 2.645150000000000091e+03
1.251000000000000000e+03 2.674250000000000000e+03
1.411000000000000000e+03 2.789349999999999909e+03
1.531000000000000000e+03 2.796250000000000000e+03
1.347000000000000000e+03 2.924450000000000273e+03
1.379000000000000000e+03 2.963950000000000273e+03
1.531000000000000000e+03 3.034950000000000273e+03
1.411000000000000000e+03 3.187400000000000091e+03
1.355000000000000000e+03 3.200450000000000273e+03
1.427000000000000000e+03 3.224400000000000091e+03
1.595000000000000000e+03 3.232700000000000273e+03
1.243000000000000000e+03 3.275750000000000000e+03
1.451000000000000000e+03 3.314400000000000091e+03
1.411000000000000000e+03 3.325500000000000000e+03
1.515000000000000000e+03 3.478050000000000182e+03
1.363000000000000000e+03 3.513099999999999909e+03
1.211000000000000000e+03 3.516150000000000091e+03
1.419000000000000000e+03 3.524849999999999909e+03
1.587000000000000000e+03 3.539150000000000091e+03
1.387000000000000000e+03 3.565150000000000091e+03
1.579000000000000000e+03 3.572400000000000091e+03
1.443000000000000000e+03 3.573200000000000273e+03
1.515000000000000000e+03 3.587250000000000000e+03
1.379000000000000000e+03 3.589250000000000000e+03
1.563000000000000000e+03 3.716500000000000000e+03
1.547000000000000000e+03 3.815150000000000091e+03
1.467000000000000000e+03 3.855000000000000000e+03
1.571000000000000000e+03 3.872150000000000091e+03
1.371000000000000000e+03 4.005599999999999909e+03
1.315000000000000000e+03 4.162100000000000364e+03
1.291000000000000000e+03 4.202800000000000182e+03
1.243000000000000000e+03 4.229100000000000364e+03
1.419000000000000000e+03 4.236949999999999818e+03
1.203000000000000000e+03 4.273149999999999636e+03
1.251000000000000000e+03 4.345699999999999818e+03
1.291000000000000000e+03 4.352000000000000000e+03
1.395000000000000000e+03 4.436100000000000364e+03
1.475000000000000000e+03 4.444449999999999818e+03
1.363000000000000000e+03 4.487100000000000364e+03
1.331000000000000000e+03 4.640699999999999818e+03
1.235000000000000000e+03 4.685400000000000546e+03
1.267000000000000000e+03 4.722800000000000182e+03
1.339000000000000000e+03 4.752250000000000000e+03
1.563000000000000000e+03 4.873350000000000364e+03
1.347000000000000000e+03 4.969150000000000546e+03
1.491000000000000000e+03 4.982300000000000182e+03
1.427000000000000000e+03 5.032050000000000182e+03
1.571000000000000000e+03 5.099300000000000182e+03
1.315000000000000000e+03 5.127350000000000364e+03
1.251000000000000000e+03 5.148199999999999818e+03
1.523000000000000000e+03 5.256949999999999818e+03
1.563000000000000000e+03 5.350550000000000182e+03
1.251000000000000000e+03 5.448400000000000546e+03
1.299000000000000000e+03 5.459100000000000364e+03
1.475000000000000000e+03 5.475750000000000000e+03
1.283000000000000000e+03 5.496650000000000546e+03
1.267000000000000000e+03 5.527300000000000182e+03
1.443000000000000000e+03 5.528199999999999818e+03
1.283000000000000000e+03 5.574150000000000546e+03
1.315000000000000000e+03 5.612550000000000182e+03
1.371000000000000000e+03 5.620750000000000000e+03
1.339000000000000000e+03 5.659650000000000546e+03
1.515000000000000000e+03 5.672650000000000546e+03
1.363000000000000000e+03 5.691250000000000000e+03
1.275000000000000000e+03 5.699199999999999818e+03
1.587000000000000000e+03 5.714400000000000546e+03
1.507000000000000000e+03 5.856199999999999818e+03
1.363000000000000000e+03 5.901350000000000364e+03
1.355000000000000000e+03 5.922199999999999818e+03
1.531000000000000000e+03 5.938400000000000546e+03
1.203000000000000000e+03 5.962300000000000182e+03
1.547000000000000000e+03 5.970750000000000000e+03
1.571000000000000000e+03 5.972750000000000000e+03
1.235000000000000000e+03 9.069950000000000728e+03
1.547000000000000000e+03 9.086500000000000000e+03
1.355000000000000000e+03 9.115200000000000728e+03
1.227000000000000000e+03 9.125300000000001091e+03
1.435000000000000000e+03 9.165399999999999636e+03
1.219000000000000000e+03 9.168000000000000000e+03
1.571000000000000000e+03 9.187899999999999636e+03
1.419000000000000000e+03 9.210899999999999636e+03
1.571000000000000000e+03 9.261800000000001091e+03
1.355000000000000000e+03 9.290850000000000364e+03
1.347000000000000000e+03 9.301000000000000000e+03
1.507000000000000000e+03 9.310600000000000364e+03
1.387000000000000000e+03 9.368899999999999636e+03
1.299000000000000000e+03 9.432200000000000728e+03
1.547000000000000000e+03 9.452500000000000000e+03
1.211000000000000000e+03 9.478950000000000728e+03
1.595000000000000000e+03 9.657649999999999636e+03
1.451000000000000000e+03 9.678850000000000364e+03
1.587000000000000000e+03 9.773600000000000364e+03
1.507000000000000000e+03 9.776750000000000000e+03
1.243000000000000000e+03 9.779350000000000364e+03
1.419000000000000000e+03 9.806800000000001091e+03
1.235000000000000000e+03 9.827649999999999636e+03
1.267000000000000000e+03 9.850000000000000000e+03
1.347000000000000000e+03 9.866399999999999636e+03
1.419000000000000000e+03 9.891300000000001091e+03
1.539000000000000000e+03 9.903550000000001091e+03
1.267000000000000000e+03 9.909149999999999636e+03
1.427000000000000000e+03 9.936300000000001091e+03
1.491000000000000000e+03 9.966600000000000364e+03
1.323000000000000000e+03 1.000114999999999964e+04
1.315000000000000000e+03 1.002920000000000073e+04
1.267000000000000000e+03 1.018614999999999964e+04
1.587000000000000000e+03 1.024700000000000000e+04
1.323000000000000000e+03 1.027060000000000036e+04
1.275000000000000000e+03 1.030060000000000036e+04
1.491000000000000000e+03 1.030060000000000036e+04
1.563000000000000000e+03 1.032905000000000109e+04
1.523000000000000000e+03 1.037320000000000073e+04
1.331000000000000000e+03 1.060450000000000000e+04
1.283000000000000000e+03 1.062585000000000036e+04
1.235000000000000000e+03 1.066500000000000000e+04
1.331000000000000000e+03 1.067905000000000109e+04
1.283000000000000000e+03 1.072345000000000073e+04
1.451000000000000000e+03 1.076185000000000036e+04
1.275000000000000000e+03 1.081214999999999964e+04
1.523000000000000000e+03 1.090420000000000073e+04
1.275000000000000000e+03 1.093495000000000073e+04
1.315000000000000000e+03 1.094180000000000109e+04
1.411000000000000000e+03 1.101595000000000073e+04
1.243000000000000000e+03 1.102905000000000109e+04
1.235000000000000000e+03 1.103645000000000073e+04
1.211000000000000000e+03 1.106060000000000036e+04
1.499000000000000000e+03 1.106145000000000073e+04
1.523000000000000000e+03 1.106905000000000109e+04
1.459000000000000000e+03 1.108125000000000000e+04
1.323000000000000000e+03 1.113945000000000073e+04
1.227000000000000000e+03 1.118014999999999964e+04
1.459000000000000000e+03 1.120895000000000073e+04
1.339000000000000000e+03 1.123280000000000109e+04
1.579000000000000000e+03 1.127455000000000109e+04
1.219000000000000000e+03 1.128114999999999964e+04
1.291000000000000000e+03 1.136564999999999964e+04
1.459000000000000000e+03 1.139375000000000000e+04
1.227000000000000000e+03 1.143955000000000109e+04
1.267000000000000000e+03 1.144970000000000073e+04
1.371000000000000000e+03 1.145010000000000036e+04
1.459000000000000000e+03 1.145845000000000073e+04
1.451000000000000000e+03 1.158875000000000000e+04
1.227000000000000000e+03 1.159875000000000000e+04
1.523000000000000000e+03 1.163264999999999964e+04
1.291000000000000000e+03 1.163300000000000000e+04
1.427000000000000000e+03 1.164514999999999964e+04
1.443000000000000000e+03 1.169389999999999964e+04
1.515000000000000000e+03 1.172460000000000036e+04
1.419000000000000000e+03 1.174585000000000036e+04
1.283000000000000000e+03 1.175025000000000000e+04
1.547000000000000000e+03 1.175955000000000109e+04
1.371000000000000000e+03 1.182205000000000109e+04
1.243000000000000000e+03 1.184895000000000073e+04
1.251000000000000000e+03 1.186660000000000036e+04
1.403000000000000000e+03 1.197485000000000036e+04
1.243000000000000000e+03 1.201360000000000036e+04
1.259000000000000000e+03 1.208785000000000036e+04
1.347000000000000000e+03 1.213550000000000000e+04
1.211000000000000000e+03 1.213564999999999964e+04
1.371000000000000000e+03 1.214155000000000109e+04
1.579000000000000000e+03 1.214385000000000036e+04
1.331000000000000000e+03 1.215214999999999964e+04
1.235000000000000000e+03 1.218230000000000109e+04
1.499000000000000000e+03 1.219910000000000036e+04
1.435000000000000000e+03 1.227789999999999964e+04
1.523000000000000000e+03 1.232530000000000109e+04
1.499000000000000000e+03 1.250555000000000109e+04
1.251000000000000000e+03 1.268110000000000036e+04
1.355000000000000000e+03 1.269510000000000036e+04
1.267000000000000000e+03 1.281805000000000109e+04
1.243000000000000000e+03 1.284025000000000000e+04
1.379000000000000000e+03 1.284970000000000073e+04
1.451000000000000000e+03 1.286560000000000036e+04
1.323000000000000000e+03 1.290464999999999964e+04
1.211000000000000000e+03 1.294980000000000109e+04
1.379000000000000000e+03 1.295655000000000109e+04
1.539000000000000000e+03 1.295685000000000036e+04
1.219000000000000000e+03 1.304830000000000109e+04
1.491000000000000000e+03 1.311235000000000036e+04
1.355000000000000000e+03 1.314814999999999964e+04
1.411000000000000000e+03 1.315289999999999964e+04
1.507000000000000000e+03 1.319689999999999964e+04
1.235000000000000000e+03 1.325614999999999964e+04
1.555000000000000000e+03 1.325789999999999964e+04
1.571000000000000000e+03 1.327675000000000000e+04
1.339000000000000000e+03 1.334000000000000000e+04
1.347000000000000000e+03 1.340214999999999964e+04
1.227000000000000000e+03 1.344710000000000036e+04
1.579000000000000000e+03 1.345375000000000000e+04
1.403000000000000000e+03 1.345814999999999964e+04
1.259000000000000000e+03 1.346755000000000109e+04
1.291000000000000000e+03 1.350350000000000000e+04
1.315000000000000000e+03 1.353570000000000073e+04
1.507000000000000000e+03 1.354214999999999964e+04
1.531000000000000000e+03 1.354414999999999964e+04
1.547000000000000000e+03 1.356880000000000109e+04
1.443000000000000000e+03 1.358739999999999964e+04
1.331000000000000000e+03 1.366280000000000109e+04
1.467000000000000000e+03 1.372525000000000000e+04
1.427000000000000000e+03 1.378225000000000000e+04
1.331000000000000000e+03 1.379889999999999964e+04
1.291000000000000000e+03 1.381195000000000073e+04
1.587000000000000000e+03 1.387310000000000036e+04
1.451000000000000000e+03 1.392275000000000000e+04
1.419000000000000000e+03 1.400025000000000000e+04
1.219000000000000000e+03 1.401530000000000109e+04
1.395000000000000000e+03 1.426970000000000073e+04
1.451000000000000000e+03 1.433380000000000109e+04
1.347000000000000000e+03 1.434914999999999964e+04
1.299000000000000000e+03 1.455720000000000073e+04
1.531000000000000000e+03 1.456795000000000073e+04
1.307000000000000000e+03 1.456925000000000000e+04
1.451000000000000000e+03 1.458885000000000036e+04
1.547000000000000000e+03 1.463530000000000109e+04
1.507000000000000000e+03 1.465810000000000036e+04
1.387000000000000000e+03 1.468300000000000000e+04
1.275000000000000000e+03 1.469389999999999964e+04
1.587000000000000000e+03 1.475460000000000036e+04
1.235000000000000000e+03 1.477739999999999964e+04
1.515000000000000000e+03 1.492970000000000073e+04
1.579000000000000000e+03 1.494525000000000000e+04
1.212000000000000000e+03 1.495000000000000000e+02
1.284000000000000000e+03 1.504500000000000171e+02
1.332000000000000000e+03 2.236500000000000057e+02
1.476000000000000000e+03 3.504499999999999886e+02
1.292000000000000000e+03 3.693500000000000227e+02
1.516000000000000000e+03 3.851000000000000227e+02
1.356000000000000000e+03 3.853000000000000114e+02
1.508000000000000000e+03 4.329000000000000341e+02
1.468000000000000000e+03 4.365500000000000114e+02
1.268000000000000000e+03 4.926000000000000227e+02
1.252000000000000000e+03 4.946000000000000227e+02
1.428000000000000000e+03 5.125499999999999545e+02
1.340000000000000000e+03 5.329500000000000455e+02
1.332000000000000000e+03 5.710500000000000682e+02
1.476000000000000000e+03 6.406499999999999773e+02
1.580000000000000000e+03 6.500500000000000682e+02
1.556000000000000000e+03 6.641000000000000227e+02
1.532000000000000000e+03 6.913500000000000227e+02
1.476000000000000000e+03 7.346499999999999773e+02
1.244000000000000000e+03 8.066499999999999773e+02
1.364000000000000000e+03 8.207500000000000000e+02
1.268000000000000000e+03 8.462500000000000000e+02
1.236000000000000000e+03 9.195000000000000000e+02
1.452000000000000000e+03 1.057400000000000091e+03
1.276000000000000000e+03 1.093150000000000091e+03
1.596000000000000000e+03 1.112799999999999955e+03
1.388000000000000000e+03 1.137200000000000045e+03
1.484000000000000000e+03 1.140400000000000091e+03
1.236000000000000000e+03 1.205049999999999955e+03
1.580000000000000000e+03 1.235100000000000136e+03
1.532000000000000000e+03 1.263299999999999955e+03
1.292000000000000000e+03 1.273799999999999955e+03
1.452000000000000000e+03 1.289549999999999955e+03
1.356000000000000000e+03 1.292250000000000000e+03
1.476000000000000000e+03 1.477450000000000045e+03
1.564000000000000000e+03 1.486650000000000091e+03
1.532000000000000000e+03 1.508750000000000000e+03
1.396000000000000000e+03 1.591799999999999955e+03
1.260000000000000000e+03 1.597450000000000045e+03
1.492000000000000000e+03 1.666150000000000091e+03
1.484000000000000000e+03 1.680900000000000091e+03
1.500000000000000000e+03 1.702000000000000000e+03
1.380000000000000000e+03 1.760400000000000091e+03
1.524000000000000000e+03 1.767700000000000045e+03
1.468000000000000000e+03 1.785650000000000091e+03
1.260000000000000000e+03 1.828049999999999955e+03
1.484000000000000000e+03 1.837549999999999955e+03
1.372000000000000000e+03 1.900600000000000136e+03
1.396000000000000000e+03 1.901700000000000045e+03
1.244000000000000000e+03 1.962350000000000136e+03
1.204000000000000000e+03 2.017650000000000091e+03
1.452000000000000000e+03 2.043299999999999955e+03
1.556000000000000000e+03 2.073250000000000000e+03
1.244000000000000000e+03 2.111599999999999909e+03
1.452000000000000000e+03 2.166400000000000091e+03
1.316000000000000000e+03 2.172050000000000182e+03
1.564000000000000000e+03 2.311150000000000091e+03
1.340000000000000000e+03 2.325050000000000182e+03
1.252000000000000000e+03 2.336150000000000091e+03
1.404000000000000000e+03 2.431150000000000091e+03
1.444000000000000000e+03 2.491000000000000000e+03
1.396000000000000000e+03 2.533450000000000273e+03
1.372000000000000000e+03 2.547349999999999909e+03
1.580000000000000000e+03 2.588400000000000091e+03
1.348000000000000000e+03 2.677800000000000182e+03
1.324000000000000000e+03 2.744000000000000000e+03
1.332000000000000000e+03 2.796950000000000273e+03
1.316000000000000000e+03 2.804900000000000091e+03
1.340000000000000000e+03 2.910700000000000273e+03
1.516000000000000000e+03 2.928500000000000000e+03
1.252000000000000000e+03 2.956550000000000182e+03
1.236000000000000000e+03 2.995300000000000182e+03
1.372000000000000000e+03 3.013050000000000182e+03
1.356000000000000000e+03 3.048000000000000000e+03
1.204000000000000000e+03 3.051349999999999909e+03
1.316000000000000000e+03 3.056099999999999909e+03
1.484000000000000000e+03 3.139950000000000273e+03
1.284000000000000000e+03 3.359650000000000091e+03
1.308000000000000000e+03 3.435550000000000182e+03
1.476000000000000000e+03 3.464200000000000273e+03
1.308000000000000000e+03 3.520650000000000091e+03
1.236000000000000000e+03 3.577349999999999909e+03
1.476000000000000000e+03 3.599700000000000273e+03
1.324000000000000000e+03 3.601849999999999909e+03
1.428000000000000000e+03 3.608550000000000182e+03
1.340000000000000000e+03 3.636950000000000273e+03
1.372000000000000000e+03 3.794599999999999909e+03
1.540000000000000000e+03 3.860550000000000182e+03
1.260000000000000000e+03 3.871150000000000091e+03
1.340000000000000000e+03 3.897200000000000273e+03
1.244000000000000000e+03 3.917450000000000273e+03
1.436000000000000000e+03 3.932200000000000273e+03
1.324000000000000000e+03 3.962849999999999909e+03
1.436000000000000000e+03 3.977099999999999909e+03
1.420000000000000000e+03 4.047950000000000273e+03
1.460000000000000000e+03 4.063900000000000091e+03
1.380000000000000000e+03 4.138600000000000364e+03
1.452000000000000000e+03 4.187100000000000364e+03
1.516000000000000000e+03 4.207000000000000000e+03
1.324000000000000000e+03 4.226800000000000182e+03
1.300000000000000000e+03 4.262399999999999636e+03
1.292000000000000000e+03 4.328949999999999818e+03
1.572000000000000000e+03 4.381800000000000182e+03
1.548000000000000000e+03 4.615199999999999818e+03
1.300000000000000000e+03 4.660500000000000000e+03
1.596000000000000000e+03 4.672750000000000000e+03
1.308000000000000000e+03 4.678550000000000182e+03
1.316000000000000000e+03 4.730400000000000546e+03
1.372000000000000000e+03 4.736500000000000000e+03
1.364000000000000000e+03 4.809350000000000364e+03
1.236000000000000000e+03 4.869500000000000000e+03
1.340000000000000000e+03 4.915800000000000182e+03
1.580000000000000000e+03 4.923150000000000546e+03
1.500000000000000000e+03 4.929949999999999818e+03
1.228000000000000000e+03 4.967100000000000364e+03
1.412000000000000000e+03 5.009400000000000546e+03
1.548000000000000000e+03 5.022350000000000364e+03
1.316000000000000000e+03 5.023100000000000364e+03
1.556000000000000000e+03 5.033300000000000182e+03
1.308000000000000000e+03 5.034650000000000546e+03
1.412000000000000000e+03 5.060000000000000000e+03
1.372000000000000000e+03 5.121500000000000000e+03
1.516000000000000000e+03 5.152449999999999818e+03
1.348000000000000000e+03 5.313000000000000000e+03
1.476000000000000000e+03 5.329449999999999818e+03
1.532000000000000000e+03 5.349400000000000546e+03
1.444000000000000000e+03 5.460350000000000364e+03
1.372000000000000000e+03 5.528699999999999818e+03
1.508000000000000000e+03 5.573949999999999818e+03
1.356000000000000000e+03 5.592800000000000182e+03
1.596000000000000000e+03 5.600350000000000364e+03
1.276000000000000000e+03 5.609800000000000182e+03
1.268000000000000000e+03 5.673000000000000000e+03
1.356000000000000000e+03 5.728050000000000182e+03
1.372000000000000000e+03 5.735300000000000182e+03
1.356000000000000000e+03 5.805550000000000182e+03
1.268000000000000000e+03 5.826000000000000000e+03
1.572000000000000000e+03 5.901199999999999818e+03
1.412000000000000000e+03 5.969000000000000000e+03
1.540000000000000000e+03 9.134850000000000364e+03
1.220000000000000000e+03 9.141600000000000364e+03
1.436000000000000000e+03 9.197450000000000728e+03
1.428000000000000000e+03 9.199649999999999636e+03
1.340000000000000000e+03 9.211550000000001091e+03
1.468000000000000000e+03 9.415149999999999636e+03
1.492000000000000000e+03 9.524399999999999636e+03
1.260000000000000000e+03 9.541600000000000364e+03
1.460000000000000000e+03 9.553100000000000364e+03
1.348000000000000000e+03 9.555950000000000728e+03
1.468000000000000000e+03 9.619800000000001091e+03
1.380000000000000000e+03 9.644000000000000000e+03
1.428000000000000000e+03 9.670050000000001091e+03
1.596000000000000000e+03 9.795149999999999636e+03
1.444000000000000000e+03 9.856850000000000364e+03
1.556000000000000000e+03 9.860100000000000364e+03
1.436000000000000000e+03 9.898700000000000728e+03
1.284000000000000000e+03 9.977149999999999636e+03
1.556000000000000000e+03 9.983450000000000728e+03
1.204000000000000000e+03 9.992649999999999636e+03
1.548000000000000000e+03 1.000175000000000000e+04
1.572000000000000000e+03 1.001125000000000000e+04
1.324000000000000000e+03 1.004800000000000000e+04
1.596000000000000000e+03 1.007825000000000000e+04
1.220000000000000000e+03 1.008795000000000073e+04
1.468000000000000000e+03 1.012580000000000109e+04
1.460000000000000000e+03 1.013289999999999964e+04
1.404000000000000000e+03 1.022435000000000036e+04
1.364000000000000000e+03 1.025650000000000000e+04
1.428000000000000000e+03 1.032860000000000036e+04
1.356000000000000000e+03 1.039085000000000036e+04
1.308000000000000000e+03 1.046735000000000036e+04
1.244000000000000000e+03 1.049755000000000109e+04
1.420000000000000000e+03 1.052580000000000109e+04
1.332000000000000000e+03 1.054705000000000109e+04
1.508000000000000000e+03 1.073750000000000000e+04
1.276000000000000000e+03 1.078770000000000073e+04
1.596000000000000000e+03 1.079280000000000109e+04
1.428000000000000000e+03 1.080614999999999964e+04
1.212000000000000000e+03 1.092725000000000000e+04
1.292000000000000000e+03 1.104839999999999964e+04
1.412000000000000000e+03 1.114064999999999964e+04
1.556000000000000000e+03 1.115839999999999964e+04
1.212000000000000000e+03 1.120750000000000000e+04
1.316000000000000000e+03 1.126855000000000109e+04
1.324000000000000000e+03 1.131385000000000036e+04
1.588000000000000000e+03 1.133260000000000036e+04
1.308000000000000000e+03 1.134605000000000109e+04
1.564000000000000000e+03 1.136485000000000036e+04
1.524000000000000000e+03 1.138005000000000109e+04
1.420000000000000000e+03 1.139310000000000036e+04
1.548000000000000000e+03 1.141785000000000036e+04
1.452000000000000000e+03 1.146100000000000000e+04
1.428000000000000000e+03 1.147325000000000000e+04
1.356000000000000000e+03 1.148085000000000036e+04
1.324000000000000000e+03 1.148225000000000000e+04
1.500000000000000000e+03 1.148985000000000036e+04
1.588000000000000000e+03 1.164755000000000109e+04
1.212000000000000000e+03 1.165089999999999964e+04
1.596000000000000000e+03 1.170445000000000073e+04
1.556000000000000000e+03 1.171189999999999964e+04
1.540000000000000000e+03 1.174125000000000000e+04
1.340000000000000000e+03 1.174605000000000109e+04
1.228000000000000000e+03 1.174785000000000036e+04
1.308000000000000000e+03 1.177595000000000073e+04
1.564000000000000000e+03 1.186705000000000109e+04
1.332000000000000000e+03 1.188439999999999964e+04
1.236000000000000000e+03 1.191175000000000000e+04
1.220000000000000000e+03 1.200139999999999964e+04
1.276000000000000000e+03 1.215289999999999964e+04
1.348000000000000000e+03 1.215920000000000073e+04
1.596000000000000000e+03 1.218305000000000109e+04
1.276000000000000000e+03 1.219525000000000000e+04
1.252000000000000000e+03 1.222539999999999964e+04
1.316000000000000000e+03 1.223514999999999964e+04
1.260000000000000000e+03 1.225764999999999964e+04
1.324000000000000000e+03 1.228975000000000000e+04
1.236000000000000000e+03 1.234064999999999964e+04
1.204000000000000000e+03 1.240420000000000073e+04
1.212000000000000000e+03 1.240505000000000109e+04
1.252000000000000000e+03 1.245105000000000109e+04
1.396000000000000000e+03 1.252464999999999964e+04
1.404000000000000000e+03 1.262189999999999964e+04
1.372000000000000000e+03 1.262850000000000000e+04
1.316000000000000000e+03 1.270035000000000036e+04
1.324000000000000000e+03 1.270520000000000073e+04
1.580000000000000000e+03 1.270950000000000000e+04
1.380000000000000000e+03 1.276805000000000109e+04
1.492000000000000000e+03 1.282500000000000000e+04
1.436000000000000000e+03 1.284539999999999964e+04
1.268000000000000000e+03 1.289889999999999964e+04
1.492000000000000000e+03 1.291364999999999964e+04
1.388000000000000000e+03 1.309939999999999964e+04
1.284000000000000000e+03 1.315960000000000036e+04
1.516000000000000000e+03 1.316339999999999964e+04
1.380000000000000000e+03 1.316480000000000109e+04
1.460000000000000000e+03 1.320380000000000109e+04
1.292000000000000000e+03 1.328989999999999964e+04
1.452000000000000000e+03 1.340435000000000036e+04
1.452000000000000000e+03 1.348325000000000000e+04
1.420000000000000000e+03 1.348475000000000000e+04
1.540000000000000000e+03 1.354885000000000036e+04
1.524000000000000000e+03 1.355714999999999964e+04
1.564000000000000000e+03 1.375800000000000000e+04
1.548000000000000000e+03 1.381739999999999964e+04
1.428000000000000000e+03 1.384420000000000073e+04
1.252000000000000000e+03 1.386750000000000000e+04
1.444000000000000000e+03 1.387789999999999964e+04
1.468000000000000000e+03 1.392450000000000000e+04
1.204000000000000000e+03 1.395030000000000109e+04
1.324000000000000000e+03 1.395360000000000036e+04
1.244000000000000000e+03 1.406589999999999964e+04
1.372000000000000000e+03 1.406655000000000109e+04
1.524000000000000000e+03 1.410000000000000000e+04
1.444000000000000000e+03 1.420555000000000109e+04
1.260000000000000000e+03 1.421139999999999964e+04
1.212000000000000000e+03 1.421785000000000036e+04
1.476000000000000000e+03 1.422605000000000109e+04
1.516000000000000000e+03 1.428789999999999964e+04
1.332000000000000000e+03 1.430725000000000000e+04
1.284000000000000000e+03 1.430964999999999964e+04
1.316000000000000000e+03 1.431070000000000073e+04
1.236000000000000000e+03 1.443285000000000036e+04
1.260000000000000000e+03 1.447735000000000036e+04
1.468000000000000000e+03 1.450164999999999964e+04
1.324000000000000000e+03 1.455625000000000000e+04
1.364000000000000000e+03 1.458755000000000109e+04
1.516000000000000000e+03 1.464580000000000109e+04
1.420000000000000000e+03 1.470330000000000109e+04
1.260000000000000000e+03 1.474235000000000036e+04
1.356000000000000000e+03 1.474745000000000073e+04
1.204000000000000000e+03 1.476070000000000073e+04
1.356000000000000000e+03 1.481170000000000073e+04
1.452000000000000000e+03 1.485464999999999964e+04
1.516000000000000000e+03 1.485550000000000000e+04
1.268000000000000000e+03 1.493395000000000073e+04
1.556000000000000000e+03 1.494585000000000036e+04
1.484000000000000000e+03 1.499410000000000036e+04
1.485000000000000000e+03 1.505500000000000114e+02
1.597000000000000000e+03 2.937500000000000000e+02
1.477000000000000000e+03 3.878500000000000227e+02
1.429000000000000000e+03 5.391499999999999773e+02
1.413000000000000000e+03 6.108500000000000227e+02
1.541000000000000000e+03 6.310500000000000682e+02
1.229000000000000000e+03 6.500500000000000682e+02
1.509000000000000000e+03 6.510500000000000682e+02
1.301000000000000000e+03 6.646000000000000227e+02
1.397000000000000000e+03 7.033500000000000227e+02
1.373000000000000000e+03 7.232500000000000000e+02
1.381000000000000000e+03 7.758500000000000227e+02
1.333000000000000000e+03 8.218500000000000227e+02
1.437000000000000000e+03 8.626499999999999773e+02
1.397000000000000000e+03 9.298999999999999773e+02
1.541000000000000000e+03 9.348000000000000682e+02
1.597000000000000000e+03 9.352000000000000455e+02
1.213000000000000000e+03 9.813000000000000682e+02
1.237000000000000000e+03 1.077700000000000045e+03
1.325000000000000000e+03 1.109250000000000000e+03
1.301000000000000000e+03 1.169700000000000045e+03
1.573000000000000000e+03 1.266600000000000136e+03
1.237000000000000000e+03 1.282750000000000000e+03
1.541000000000000000e+03 1.299799999999999955e+03
1.333000000000000000e+03 1.402950000000000045e+03
1.541000000000000000e+03 1.426650000000000091e+03
1.365000000000000000e+03 1.458650000000000091e+03
1.221000000000000000e+03 1.623650000000000091e+03
1.261000000000000000e+03 1.643150000000000091e+03
1.309000000000000000e+03 1.659049999999999955e+03
1.493000000000000000e+03 1.733750000000000000e+03
1.421000000000000000e+03 1.849600000000000136e+03
1.205000000000000000e+03 1.881850000000000136e+03
1.477000000000000000e+03 1.883200000000000045e+03
1.493000000000000000e+03 1.964500000000000000e+03
1.373000000000000000e+03 2.011700000000000045e+03
1.381000000000000000e+03 2.094150000000000091e+03
1.493000000000000000e+03 2.170750000000000000e+03
1.381000000000000000e+03 2.202500000000000000e+03
1.469000000000000000e+03 2.271250000000000000e+03
1.573000000000000000e+03 2.323849999999999909e+03
1.525000000000000000e+03 2.332349999999999909e+03
1.293000000000000000e+03 2.359000000000000000e+03
1.517000000000000000e+03 2.393400000000000091e+03
1.205000000000000000e+03 2.396550000000000182e+03
1.453000000000000000e+03 2.423700000000000273e+03
1.549000000000000000e+03 2.423950000000000273e+03
1.573000000000000000e+03 2.430750000000000000e+03
1.349000000000000000e+03 2.508250000000000000e+03
1.429000000000000000e+03 2.514800000000000182e+03
1.309000000000000000e+03 2.582349999999999909e+03
1.413000000000000000e+03 2.609800000000000182e+03
1.381000000000000000e+03 2.634599999999999909e+03
1.533000000000000000e+03 2.648200000000000273e+03
1.341000000000000000e+03 2.699500000000000000e+03
1.405000000000000000e+03 2.743750000000000000e+03
1.541000000000000000e+03 2.786099999999999909e+03
1.461000000000000000e+03 2.796349999999999909e+03
1.229000000000000000e+03 2.838150000000000091e+03
1.549000000000000000e+03 2.846000000000000000e+03
1.421000000000000000e+03 2.871050000000000182e+03
1.381000000000000000e+03 2.937000000000000000e+03
1.429000000000000000e+03 2.954700000000000273e+03
1.565000000000000000e+03 2.964800000000000182e+03
1.253000000000000000e+03 2.996700000000000273e+03
1.301000000000000000e+03 3.033150000000000091e+03
1.285000000000000000e+03 3.035450000000000273e+03
1.557000000000000000e+03 3.063300000000000182e+03
1.213000000000000000e+03 3.100450000000000273e+03
1.285000000000000000e+03 3.115150000000000091e+03
1.445000000000000000e+03 3.120349999999999909e+03
1.453000000000000000e+03 3.164550000000000182e+03
1.541000000000000000e+03 3.193849999999999909e+03
1.333000000000000000e+03 3.214450000000000273e+03
1.485000000000000000e+03 3.240750000000000000e+03
1.261000000000000000e+03 3.267800000000000182e+03
1.589000000000000000e+03 3.343150000000000091e+03
1.525000000000000000e+03 3.390400000000000091e+03
1.333000000000000000e+03 3.403349999999999909e+03
1.237000000000000000e+03 3.429700000000000273e+03
1.397000000000000000e+03 3.453599999999999909e+03
1.341000000000000000e+03 3.507849999999999909e+03
1.549000000000000000e+03 3.572849999999999909e+03
1.453000000000000000e+03 3.574500000000000000e+03
1.581000000000000000e+03 3.613400000000000091e+03
1.589000000000000000e+03 3.658700000000000273e+03
1.405000000000000000e+03 3.878550000000000182e+03
1.597000000000000000e+03 3.896349999999999909e+03
1.325000000000000000e+03 3.969000000000000000e+03
1.309000000000000000e+03 3.999849999999999909e+03
1.397000000000000000e+03 4.010450000000000273e+03
1.581000000000000000e+03 4.080099999999999909e+03
1.349000000000000000e+03 4.081950000000000273e+03
1.565000000000000000e+03 4.145100000000000364e+03
1.373000000000000000e+03 4.162500000000000000e+03
1.557000000000000000e+03 4.177050000000000182e+03
1.469000000000000000e+03 4.292199999999999818e+03
1.333000000000000000e+03 4.316050000000000182e+03
1.413000000000000000e+03 4.401500000000000000e+03
1.301000000000000000e+03 4.418949999999999818e+03
1.285000000000000000e+03 4.501650000000000546e+03
1.349000000000000000e+03 4.528400000000000546e+03
1.581000000000000000e+03 4.603900000000000546e+03
1.357000000000000000e+03 4.634150000000000546e+03
1.237000000000000000e+03 4.636100000000000364e+03
1.373000000000000000e+03 4.656199999999999818e+03
1.445000000000000000e+03 4.680949999999999818e+03
1.365000000000000000e+03 4.698000000000000000e+03
1.245000000000000000e+03 4.719199999999999818e+03
1.317000000000000000e+03 4.727000000000000000e+03
1.405000000000000000e+03 4.770100000000000364e+03
1.597000000000000000e+03 4.856500000000000000e+03
1.269000000000000000e+03 4.881400000000000546e+03
1.469000000000000000e+03 4.899100000000000364e+03
1.485000000000000000e+03 4.907350000000000364e+03
1.389000000000000000e+03 4.932449999999999818e+03
1.477000000000000000e+03 4.952949999999999818e+03
1.205000000000000000e+03 5.029250000000000000e+03
1.413000000000000000e+03 5.058350000000000364e+03
1.581000000000000000e+03 5.081500000000000000e+03
1.485000000000000000e+03 5.090750000000000000e+03
1.437000000000000000e+03 5.119400000000000546e+03
1.549000000000000000e+03 5.131750000000000000e+03
1.277000000000000000e+03 5.141100000000000364e+03
1.517000000000000000e+03 5.173550000000000182e+03
1.509000000000000000e+03 5.185449999999999818e+03
1.413000000000000000e+03 5.192800000000000182e+03
1.573000000000000000e+03 5.221800000000000182e+03
1.349000000000000000e+03 5.282100000000000364e+03
1.333000000000000000e+03 5.331650000000000546e+03
1.541000000000000000e+03 5.379350000000000364e+03
1.229000000000000000e+03 5.409400000000000546e+03
1.469000000000000000e+03 5.492300000000000182e+03
1.421000000000000000e+03 5.507550000000000182e+03
1.221000000000000000e+03 5.617750000000000000e+03
1.573000000000000000e+03 5.739949999999999818e+03
1.525000000000000000e+03 5.759250000000000000e+03
1.349000000000000000e+03 5.798100000000000364e+03
1.549000000000000000e+03 5.830800000000000182e+03
1.445000000000000000e+03 5.880250000000000000e+03
1.253000000000000000e+03 5.945600000000000364e+03
1.237000000000000000e+03 5.980750000000000000e+03
1.493000000000000000e+03 9.091250000000000000e+03
1.477000000000000000e+03 9.144899999999999636e+03
1.509000000000000000e+03 9.281600000000000364e+03
1.349000000000000000e+03 9.345600000000000364e+03
1.325000000000000000e+03 9.417600000000000364e+03
1.453000000000000000e+03 9.446649999999999636e+03
1.309000000000000000e+03 9.490600000000000364e+03
1.373000000000000000e+03 9.521700000000000728e+03
1.309000000000000000e+03 9.532700000000000728e+03
1.581000000000000000e+03 9.554800000000001091e+03
1.597000000000000000e+03 9.624950000000000728e+03
1.405000000000000000e+03 9.662300000000001091e+03
1.301000000000000000e+03 9.701300000000001091e+03
1.317000000000000000e+03 9.949550000000001091e+03
1.509000000000000000e+03 1.001920000000000073e+04
1.277000000000000000e+03 1.004335000000000036e+04
1.213000000000000000e+03 1.004650000000000000e+04
1.469000000000000000e+03 1.014000000000000000e+04
1.453000000000000000e+03 1.019510000000000036e+04
1.485000000000000000e+03 1.031814999999999964e+04
1.477000000000000000e+03 1.033825000000000000e+04
1.477000000000000000e+03 1.043910000000000036e+04
1.333000000000000000e+03 1.047895000000000073e+04
1.421000000000000000e+03 1.062675000000000000e+04
1.301000000000000000e+03 1.062730000000000109e+04
1.541000000000000000e+03 1.063560000000000036e+04
1.485000000000000000e+03 1.064410000000000036e+04
1.309000000000000000e+03 1.064839999999999964e+04
1.429000000000000000e+03 1.065210000000000036e+04
1.349000000000000000e+03 1.067810000000000036e+04
1.397000000000000000e+03 1.073439999999999964e+04
1.517000000000000000e+03 1.075289999999999964e+04
1.445000000000000000e+03 1.084355000000000109e+04
1.245000000000000000e+03 1.084905000000000109e+04
1.541000000000000000e+03 1.094780000000000109e+04
1.405000000000000000e+03 1.097405000000000109e+04
1.581000000000000000e+03 1.098285000000000036e+04
1.581000000000000000e+03 1.105510000000000036e+04
1.365000000000000000e+03 1.113080000000000109e+04
1.317000000000000000e+03 1.114320000000000073e+04
1.237000000000000000e+03 1.115735000000000036e+04
1.389000000000000000e+03 1.116760000000000036e+04
1.453000000000000000e+03 1.123805000000000109e+04
1.325000000000000000e+03 1.126335000000000036e+04
1.277000000000000000e+03 1.135850000000000000e+04
1.253000000000000000e+03 1.140635000000000036e+04
1.525000000000000000e+03 1.140825000000000000e+04
1.589000000000000000e+03 1.142810000000000036e+04
1.429000000000000000e+03 1.142880000000000109e+04
1.349000000000000000e+03 1.143360000000000036e+04
1.549000000000000000e+03 1.152770000000000073e+04
1.245000000000000000e+03 1.156560000000000036e+04
1.277000000000000000e+03 1.157275000000000000e+04
1.525000000000000000e+03 1.163305000000000109e+04
1.581000000000000000e+03 1.163364999999999964e+04
1.389000000000000000e+03 1.165030000000000109e+04
1.445000000000000000e+03 1.171095000000000073e+04
1.349000000000000000e+03 1.175014999999999964e+04
1.493000000000000000e+03 1.179230000000000109e+04
1.477000000000000000e+03 1.182685000000000036e+04
1.293000000000000000e+03 1.182964999999999964e+04
1.309000000000000000e+03 1.183475000000000000e+04
1.453000000000000000e+03 1.187895000000000073e+04
1.557000000000000000e+03 1.188295000000000073e+04
1.269000000000000000e+03 1.191170000000000073e+04
1.397000000000000000e+03 1.192675000000000000e+04
1.501000000000000000e+03 1.192889999999999964e+04
1.405000000000000000e+03 1.195689999999999964e+04
1.557000000000000000e+03 1.199035000000000036e+04
1.445000000000000000e+03 1.203260000000000036e+04
1.517000000000000000e+03 1.208955000000000109e+04
1.373000000000000000e+03 1.215160000000000036e+04
1.405000000000000000e+03 1.220020000000000073e+04
1.509000000000000000e+03 1.226000000000000000e+04
1.317000000000000000e+03 1.235600000000000000e+04
1.309000000000000000e+03 1.236164999999999964e+04
1.333000000000000000e+03 1.241539999999999964e+04
1.509000000000000000e+03 1.243375000000000000e+04
1.261000000000000000e+03 1.245105000000000109e+04
1.277000000000000000e+03 1.248635000000000036e+04
1.573000000000000000e+03 1.249864999999999964e+04
1.309000000000000000e+03 1.251264999999999964e+04
1.597000000000000000e+03 1.251730000000000109e+04
1.525000000000000000e+03 1.253250000000000000e+04
1.245000000000000000e+03 1.259455000000000109e+04
1.541000000000000000e+03 1.266675000000000000e+04
1.429000000000000000e+03 1.277860000000000036e+04
1.509000000000000000e+03 1.283489999999999964e+04
1.213000000000000000e+03 1.286289999999999964e+04
1.381000000000000000e+03 1.286855000000000109e+04
1.453000000000000000e+03 1.291245000000000073e+04
1.525000000000000000e+03 1.291755000000000109e+04
1.373000000000000000e+03 1.292195000000000073e+04
1.557000000000000000e+03 1.299464999999999964e+04
1.429000000000000000e+03 1.305064999999999964e+04
1.413000000000000000e+03 1.308489999999999964e+04
1.437000000000000000e+03 1.309850000000000000e+04
1.541000000000000000e+03 1.314539999999999964e+04
1.509000000000000000e+03 1.321055000000000109e+04
1.477000000000000000e+03 1.321064999999999964e+04
1.397000000000000000e+03 1.326570000000000073e+04
1.589000000000000000e+03 1.333750000000000000e+04
1.365000000000000000e+03 1.335300000000000000e+04
1.293000000000000000e+03 1.339780000000000109e+04
1.453000000000000000e+03 1.343520000000000073e+04
1.309000000000000000e+03 1.349610000000000036e+04
1.277000000000000000e+03 1.351630000000000109e+04
1.557000000000000000e+03 1.352885000000000036e+04
1.485000000000000000e+03 1.358030000000000109e+04
1.325000000000000000e+03 1.363855000000000109e+04
1.541000000000000000e+03 1.364660000000000036e+04
1.389000000000000000e+03 1.364725000000000000e+04
1.277000000000000000e+03 1.368355000000000109e+04
1.445000000000000000e+03 1.373820000000000073e+04
1.389000000000000000e+03 1.375395000000000073e+04
1.429000000000000000e+03 1.379439999999999964e+04
1.477000000000000000e+03 1.380995000000000073e+04
1.589000000000000000e+03 1.381600000000000000e+04
1.549000000000000000e+03 1.382270000000000073e+04
1.237000000000000000e+03 1.383700000000000000e+04
1.477000000000000000e+03 1.394645000000000073e+04
1.549000000000000000e+03 1.405610000000000036e+04
1.557000000000000000e+03 1.410395000000000073e+04
1.245000000000000000e+03 1.414330000000000109e+04
1.565000000000000000e+03 1.417939999999999964e+04
1.373000000000000000e+03 1.420300000000000000e+04
1.333000000000000000e+03 1.421355000000000109e+04
1.237000000000000000e+03 1.426555000000000109e+04
1.397000000000000000e+03 1.429100000000000000e+04
1.245000000000000000e+03 1.429935000000000036e+04
1.429000000000000000e+03 1.430930000000000109e+04
1.597000000000000000e+03 1.434714999999999964e+04
1.309000000000000000e+03 1.444720000000000073e+04
1.509000000000000000e+03 1.449775000000000000e+04
1.309000000000000000e+03 1.454670000000000073e+04
1.253000000000000000e+03 1.456670000000000073e+04
1.405000000000000000e+03 1.456775000000000000e+04
1.477000000000000000e+03 1.457564999999999964e+04
1.373000000000000000e+03 1.463575000000000000e+04
1.221000000000000000e+03 1.471130000000000109e+04
1.269000000000000000e+03 1.478985000000000036e+04
1.445000000000000000e+03 1.479814999999999964e+04
1.325000000000000000e+03 1.480110000000000036e+04
1.469000000000000000e+03 1.490030000000000109e+04
1.317000000000000000e+03 1.490064999999999964e+04
1.341000000000000000e+03 1.490610000000000036e+04
1.301000000000000000e+03 1.494889999999999964e+04
1.317000000000000000e+03 1.498510000000000036e+04
1.494000000000000000e+03 2.024500000000000171e+02
1.326000000000000000e+03 3.015000000000000000e+02
1.294000000000000000e+03 3.629000000000000341e+02
1.350000000000000000e+03 4.043500000000000227e+02
1.206000000000000000e+03 4.558500000000000227e+02
1.446000000000000000e+03 5.015000000000000000e+02
1.334000000000000000e+03 5.024000000000000341e+02
1.550000000000000000e+03 5.321000000000000227e+02
1.222000000000000000e+03 5.353999999999999773e+02
1.574000000000000000e+03 5.706000000000000227e+02
1.446000000000000000e+03 5.711499999999999773e+02
1.326000000000000000e+03 5.911499999999999773e+02
1.254000000000000000e+03 6.054500000000000455e+02
1.470000000000000000e+03 6.162000000000000455e+02
1.462000000000000000e+03 6.573000000000000682e+02
1.286000000000000000e+03 6.758000000000000682e+02
1.574000000000000000e+03 7.234500000000000455e+02
1.326000000000000000e+03 7.408500000000000227e+02
1.390000000000000000e+03 8.184500000000000455e+02
1.214000000000000000e+03 8.285500000000000682e+02
1.374000000000000000e+03 8.536499999999999773e+02
1.542000000000000000e+03 1.005399999999999977e+03
1.310000000000000000e+03 1.042400000000000091e+03
1.478000000000000000e+03 1.064349999999999909e+03
1.230000000000000000e+03 1.187900000000000091e+03
1.502000000000000000e+03 1.266299999999999955e+03
1.422000000000000000e+03 1.288299999999999955e+03
1.302000000000000000e+03 1.337500000000000000e+03
1.310000000000000000e+03 1.415400000000000091e+03
1.254000000000000000e+03 1.423950000000000045e+03
1.566000000000000000e+03 1.425000000000000000e+03
1.334000000000000000e+03 1.558100000000000136e+03
1.558000000000000000e+03 1.558600000000000136e+03
1.318000000000000000e+03 1.576450000000000045e+03
1.598000000000000000e+03 1.617850000000000136e+03
1.214000000000000000e+03 1.630850000000000136e+03
1.582000000000000000e+03 1.662799999999999955e+03
1.438000000000000000e+03 1.678000000000000000e+03
1.262000000000000000e+03 1.721450000000000045e+03
1.398000000000000000e+03 1.756600000000000136e+03
1.334000000000000000e+03 1.784650000000000091e+03
1.478000000000000000e+03 1.795799999999999955e+03
1.230000000000000000e+03 1.805799999999999955e+03
1.302000000000000000e+03 1.892850000000000136e+03
1.430000000000000000e+03 1.964250000000000000e+03
1.574000000000000000e+03 1.992799999999999955e+03
1.334000000000000000e+03 2.006950000000000045e+03
1.262000000000000000e+03 2.035650000000000091e+03
1.446000000000000000e+03 2.063949999999999818e+03
1.270000000000000000e+03 2.065500000000000000e+03
1.470000000000000000e+03 2.123949999999999818e+03
1.470000000000000000e+03 2.238400000000000091e+03
1.446000000000000000e+03 2.309150000000000091e+03
1.526000000000000000e+03 2.356750000000000000e+03
1.278000000000000000e+03 2.418200000000000273e+03
1.470000000000000000e+03 2.486550000000000182e+03
1.422000000000000000e+03 2.571750000000000000e+03
1.406000000000000000e+03 2.666000000000000000e+03
1.230000000000000000e+03 2.676300000000000182e+03
1.550000000000000000e+03 2.677450000000000273e+03
1.318000000000000000e+03 2.698550000000000182e+03
1.334000000000000000e+03 2.702700000000000273e+03
1.406000000000000000e+03 2.768400000000000091e+03
1.502000000000000000e+03 2.788150000000000091e+03
1.446000000000000000e+03 2.826550000000000182e+03
1.430000000000000000e+03 2.863750000000000000e+03
1.310000000000000000e+03 2.928000000000000000e+03
1.342000000000000000e+03 2.950099999999999909e+03
1.326000000000000000e+03 3.001000000000000000e+03
1.350000000000000000e+03 3.101349999999999909e+03
1.406000000000000000e+03 3.144400000000000091e+03
1.542000000000000000e+03 3.170700000000000273e+03
1.446000000000000000e+03 3.222099999999999909e+03
1.358000000000000000e+03 3.227500000000000000e+03
1.414000000000000000e+03 3.257500000000000000e+03
1.574000000000000000e+03 3.258250000000000000e+03
1.318000000000000000e+03 3.271099999999999909e+03
1.470000000000000000e+03 3.331950000000000273e+03
1.366000000000000000e+03 3.334349999999999909e+03
1.358000000000000000e+03 3.342450000000000273e+03
1.542000000000000000e+03 3.395150000000000091e+03
1.350000000000000000e+03 3.429400000000000091e+03
1.590000000000000000e+03 3.444700000000000273e+03
1.206000000000000000e+03 3.456700000000000273e+03
1.398000000000000000e+03 3.470250000000000000e+03
1.486000000000000000e+03 3.509900000000000091e+03
1.286000000000000000e+03 3.536000000000000000e+03
1.502000000000000000e+03 3.583250000000000000e+03
1.350000000000000000e+03 3.621750000000000000e+03
1.222000000000000000e+03 3.626849999999999909e+03
1.414000000000000000e+03 3.636800000000000182e+03
1.358000000000000000e+03 3.811250000000000000e+03
1.582000000000000000e+03 3.942900000000000091e+03
1.294000000000000000e+03 3.958900000000000091e+03
1.542000000000000000e+03 4.012300000000000182e+03
1.230000000000000000e+03 4.081050000000000182e+03
1.390000000000000000e+03 4.127449999999999818e+03
1.542000000000000000e+03 4.190300000000000182e+03
1.334000000000000000e+03 4.202500000000000000e+03
1.294000000000000000e+03 4.217850000000000364e+03
1.230000000000000000e+03 4.348199999999999818e+03
1.238000000000000000e+03 4.406699999999999818e+03
1.398000000000000000e+03 4.699550000000000182e+03
1.366000000000000000e+03 4.706050000000000182e+03
1.222000000000000000e+03 4.716400000000000546e+03
1.382000000000000000e+03 4.761150000000000546e+03
1.342000000000000000e+03 4.778600000000000364e+03
1.414000000000000000e+03 4.780000000000000000e+03
1.558000000000000000e+03 4.811199999999999818e+03
1.574000000000000000e+03 4.840750000000000000e+03
1.350000000000000000e+03 4.880350000000000364e+03
1.286000000000000000e+03 4.900250000000000000e+03
1.358000000000000000e+03 4.946300000000000182e+03
1.262000000000000000e+03 5.072750000000000000e+03
1.214000000000000000e+03 5.078800000000000182e+03
1.558000000000000000e+03 5.100449999999999818e+03
1.382000000000000000e+03 5.115699999999999818e+03
1.342000000000000000e+03 5.122100000000000364e+03
1.294000000000000000e+03 5.162150000000000546e+03
1.278000000000000000e+03 5.265300000000000182e+03
1.574000000000000000e+03 5.266449999999999818e+03
1.582000000000000000e+03 5.318949999999999818e+03
1.558000000000000000e+03 5.416949999999999818e+03
1.238000000000000000e+03 5.434300000000000182e+03
1.526000000000000000e+03 5.479199999999999818e+03
1.454000000000000000e+03 5.535000000000000000e+03
1.414000000000000000e+03 5.570600000000000364e+03
1.246000000000000000e+03 5.590650000000000546e+03
1.438000000000000000e+03 5.596699999999999818e+03
1.278000000000000000e+03 5.627050000000000182e+03
1.350000000000000000e+03 5.800600000000000364e+03
1.366000000000000000e+03 5.810000000000000000e+03
1.558000000000000000e+03 5.919100000000000364e+03
1.510000000000000000e+03 5.928500000000000000e+03
1.526000000000000000e+03 9.066000000000000000e+03
1.230000000000000000e+03 9.136250000000000000e+03
1.310000000000000000e+03 9.164350000000000364e+03
1.582000000000000000e+03 9.201550000000001091e+03
1.318000000000000000e+03 9.290600000000000364e+03
1.302000000000000000e+03 9.323600000000000364e+03
1.350000000000000000e+03 9.364550000000001091e+03
1.590000000000000000e+03 9.436350000000000364e+03
1.214000000000000000e+03 9.445050000000001091e+03
1.414000000000000000e+03 9.467500000000000000e+03
1.302000000000000000e+03 9.478600000000000364e+03
1.534000000000000000e+03 9.485100000000000364e+03
1.574000000000000000e+03 9.558300000000001091e+03
1.494000000000000000e+03 9.563100000000000364e+03
1.446000000000000000e+03 9.628000000000000000e+03
1.238000000000000000e+03 9.789950000000000728e+03
1.350000000000000000e+03 9.800350000000000364e+03
1.550000000000000000e+03 9.817700000000000728e+03
1.454000000000000000e+03 9.888300000000001091e+03
1.526000000000000000e+03 9.891250000000000000e+03
1.270000000000000000e+03 1.001070000000000073e+04
1.430000000000000000e+03 1.004264999999999964e+04
1.278000000000000000e+03 1.010405000000000109e+04
1.406000000000000000e+03 1.011339999999999964e+04
1.454000000000000000e+03 1.011439999999999964e+04
1.502000000000000000e+03 1.012335000000000036e+04
1.334000000000000000e+03 1.013950000000000000e+04
1.310000000000000000e+03 1.018575000000000000e+04
1.278000000000000000e+03 1.021745000000000073e+04
1.414000000000000000e+03 1.033520000000000073e+04
1.470000000000000000e+03 1.056264999999999964e+04
1.590000000000000000e+03 1.057600000000000000e+04
1.294000000000000000e+03 1.062839999999999964e+04
1.502000000000000000e+03 1.065364999999999964e+04
1.374000000000000000e+03 1.070730000000000109e+04
1.350000000000000000e+03 1.070750000000000000e+04
1.238000000000000000e+03 1.072950000000000000e+04
1.518000000000000000e+03 1.073375000000000000e+04
1.430000000000000000e+03 1.073455000000000109e+04
1.382000000000000000e+03 1.086245000000000073e+04
1.446000000000000000e+03 1.096025000000000000e+04
1.518000000000000000e+03 1.099155000000000109e+04
1.470000000000000000e+03 1.099500000000000000e+04
1.374000000000000000e+03 1.101700000000000000e+04
1.278000000000000000e+03 1.102280000000000109e+04
1.310000000000000000e+03 1.111770000000000073e+04
1.518000000000000000e+03 1.113889999999999964e+04
1.238000000000000000e+03 1.121410000000000036e+04
1.454000000000000000e+03 1.123080000000000109e+04
1.422000000000000000e+03 1.131860000000000036e+04
1.366000000000000000e+03 1.134550000000000000e+04
1.214000000000000000e+03 1.136875000000000000e+04
1.462000000000000000e+03 1.140095000000000073e+04
1.414000000000000000e+03 1.142885000000000036e+04
1.286000000000000000e+03 1.143585000000000036e+04
1.206000000000000000e+03 1.143755000000000109e+04
1.214000000000000000e+03 1.143875000000000000e+04
1.470000000000000000e+03 1.146850000000000000e+04
1.398000000000000000e+03 1.148164999999999964e+04
1.302000000000000000e+03 1.162155000000000109e+04
1.502000000000000000e+03 1.166105000000000109e+04
1.262000000000000000e+03 1.166380000000000109e+04
1.446000000000000000e+03 1.166525000000000000e+04
1.294000000000000000e+03 1.168235000000000036e+04
1.382000000000000000e+03 1.171625000000000000e+04
1.350000000000000000e+03 1.180705000000000109e+04
1.470000000000000000e+03 1.183975000000000000e+04
1.286000000000000000e+03 1.186805000000000109e+04
1.294000000000000000e+03 1.198160000000000036e+04
1.478000000000000000e+03 1.199525000000000000e+04
1.494000000000000000e+03 1.204075000000000000e+04
1.414000000000000000e+03 1.208939999999999964e+04
1.262000000000000000e+03 1.220125000000000000e+04
1.478000000000000000e+03 1.224625000000000000e+04
1.486000000000000000e+03 1.226750000000000000e+04
1.510000000000000000e+03 1.231139999999999964e+04
1.214000000000000000e+03 1.238839999999999964e+04
1.590000000000000000e+03 1.244795000000000073e+04
1.222000000000000000e+03 1.247464999999999964e+04
1.390000000000000000e+03 1.256630000000000109e+04
1.294000000000000000e+03 1.256945000000000073e+04
1.502000000000000000e+03 1.276785000000000036e+04
1.478000000000000000e+03 1.278045000000000073e+04
1.470000000000000000e+03 1.283625000000000000e+04
1.262000000000000000e+03 1.290550000000000000e+04
1.350000000000000000e+03 1.299139999999999964e+04
1.502000000000000000e+03 1.301300000000000000e+04
1.382000000000000000e+03 1.301835000000000036e+04
1.422000000000000000e+03 1.304664999999999964e+04
1.574000000000000000e+03 1.304905000000000109e+04
1.374000000000000000e+03 1.307480000000000109e+04
1.206000000000000000e+03 1.313810000000000036e+04
1.246000000000000000e+03 1.315564999999999964e+04
1.270000000000000000e+03 1.315700000000000000e+04
1.534000000000000000e+03 1.316200000000000000e+04
1.414000000000000000e+03 1.322250000000000000e+04
1.222000000000000000e+03 1.327850000000000000e+04
1.318000000000000000e+03 1.332064999999999964e+04
1.286000000000000000e+03 1.344660000000000036e+04
1.414000000000000000e+03 1.345285000000000036e+04
1.438000000000000000e+03 1.348375000000000000e+04
1.366000000000000000e+03 1.349485000000000036e+04
1.342000000000000000e+03 1.355395000000000073e+04
1.390000000000000000e+03 1.359195000000000073e+04
1.454000000000000000e+03 1.366220000000000073e+04
1.558000000000000000e+03 1.369825000000000000e+04
1.566000000000000000e+03 1.370914999999999964e+04
1.350000000000000000e+03 1.375685000000000036e+04
1.206000000000000000e+03 1.376830000000000109e+04
1.534000000000000000e+03 1.379770000000000073e+04
1.558000000000000000e+03 1.391450000000000000e+04
1.326000000000000000e+03 1.401080000000000109e+04
1.462000000000000000e+03 1.409939999999999964e+04
1.462000000000000000e+03 1.422814999999999964e+04
1.342000000000000000e+03 1.431489999999999964e+04
1.526000000000000000e+03 1.438180000000000109e+04
1.558000000000000000e+03 1.438225000000000000e+04
1.534000000000000000e+03 1.447664999999999964e+04
1.430000000000000000e+03 1.449975000000000000e+04
1.302000000000000000e+03 1.451670000000000073e+04
1.486000000000000000e+03 1.460170000000000073e+04
1.334000000000000000e+03 1.461420000000000073e+04
1.294000000000000000e+03 1.462820000000000073e+04
1.430000000000000000e+03 1.463689999999999964e+04
1.254000000000000000e+03 1.473585000000000036e+04
1.366000000000000000e+03 1.482400000000000000e+04
1.438000000000000000e+03 1.487164999999999964e+04
1.238000000000000000e+03 1.491105000000000109e+04
1.446000000000000000e+03 1.496189999999999964e+04
1.398000000000000000e+03 1.496350000000000000e+04
1.279000000000000000e+03 1.710500000000000114e+02
1.431000000000000000e+03 2.188499999999999943e+02
1.231000000000000000e+03 2.370500000000000114e+02
1.319000000000000000e+03 3.354000000000000341e+02
1.303000000000000000e+03 3.461000000000000227e+02
1.591000000000000000e+03 3.541000000000000227e+02
1.207000000000000000e+03 3.818500000000000227e+02
1.567000000000000000e+03 3.964499999999999886e+02
1.343000000000000000e+03 4.288500000000000227e+02
1.263000000000000000e+03 4.538000000000000114e+02
1.527000000000000000e+03 4.943500000000000227e+02
1.583000000000000000e+03 4.949000000000000341e+02
1.559000000000000000e+03 5.111999999999999886e+02
1.471000000000000000e+03 6.302000000000000455e+02
1.375000000000000000e+03 8.562500000000000000e+02
1.327000000000000000e+03 8.565000000000000000e+02
1.407000000000000000e+03 9.013999999999999773e+02
1.351000000000000000e+03 9.051499999999999773e+02
1.327000000000000000e+03 9.334500000000000455e+02
1.311000000000000000e+03 1.005700000000000045e+03
1.287000000000000000e+03 1.009550000000000068e+03
1.319000000000000000e+03 1.014649999999999977e+03
1.367000000000000000e+03 1.015100000000000023e+03
1.527000000000000000e+03 1.017399999999999977e+03
1.335000000000000000e+03 1.056400000000000091e+03
1.223000000000000000e+03 1.066750000000000000e+03
1.439000000000000000e+03 1.161000000000000000e+03
1.343000000000000000e+03 1.243500000000000000e+03
1.415000000000000000e+03 1.257549999999999955e+03
1.295000000000000000e+03 1.301200000000000045e+03
1.447000000000000000e+03 1.363549999999999955e+03
1.407000000000000000e+03 1.399450000000000045e+03
1.535000000000000000e+03 1.470450000000000045e+03
1.295000000000000000e+03 1.504400000000000091e+03
1.479000000000000000e+03 1.507200000000000045e+03
1.391000000000000000e+03 1.542799999999999955e+03
1.303000000000000000e+03 1.561100000000000136e+03
1.375000000000000000e+03 1.601400000000000091e+03
1.423000000000000000e+03 1.606450000000000045e+03
1.311000000000000000e+03 1.670400000000000091e+03
1.287000000000000000e+03 1.868299999999999955e+03
1.591000000000000000e+03 1.913400000000000091e+03
1.319000000000000000e+03 1.913600000000000136e+03
1.415000000000000000e+03 1.952350000000000136e+03
1.287000000000000000e+03 1.998000000000000000e+03
1.375000000000000000e+03 2.054400000000000091e+03
1.311000000000000000e+03 2.057050000000000182e+03
1.583000000000000000e+03 2.182650000000000091e+03
1.407000000000000000e+03 2.221500000000000000e+03
1.543000000000000000e+03 2.243099999999999909e+03
1.351000000000000000e+03 2.360550000000000182e+03
1.263000000000000000e+03 2.441750000000000000e+03
1.559000000000000000e+03 2.463200000000000273e+03
1.535000000000000000e+03 2.582550000000000182e+03
1.391000000000000000e+03 2.599200000000000273e+03
1.551000000000000000e+03 2.659300000000000182e+03
1.263000000000000000e+03 2.717400000000000091e+03
1.575000000000000000e+03 2.756800000000000182e+03
1.295000000000000000e+03 2.776450000000000273e+03
1.375000000000000000e+03 2.788050000000000182e+03
1.535000000000000000e+03 2.823750000000000000e+03
1.351000000000000000e+03 2.830150000000000091e+03
1.583000000000000000e+03 2.883750000000000000e+03
1.503000000000000000e+03 2.894150000000000091e+03
1.263000000000000000e+03 2.895250000000000000e+03
1.231000000000000000e+03 2.956500000000000000e+03
1.223000000000000000e+03 3.049400000000000091e+03
1.255000000000000000e+03 3.067050000000000182e+03
1.359000000000000000e+03 3.144250000000000000e+03
1.263000000000000000e+03 3.241900000000000091e+03
1.583000000000000000e+03 3.266349999999999909e+03
1.527000000000000000e+03 3.327349999999999909e+03
1.551000000000000000e+03 3.363700000000000273e+03
1.263000000000000000e+03 3.377550000000000182e+03
1.335000000000000000e+03 3.459050000000000182e+03
1.303000000000000000e+03 3.490550000000000182e+03
1.455000000000000000e+03 3.511500000000000000e+03
1.367000000000000000e+03 3.533250000000000000e+03
1.239000000000000000e+03 3.539750000000000000e+03
1.543000000000000000e+03 3.544450000000000273e+03
1.383000000000000000e+03 3.652000000000000000e+03
1.271000000000000000e+03 3.656150000000000091e+03
1.319000000000000000e+03 3.702750000000000000e+03
1.431000000000000000e+03 3.751200000000000273e+03
1.463000000000000000e+03 3.794550000000000182e+03
1.295000000000000000e+03 3.848150000000000091e+03
1.519000000000000000e+03 3.850250000000000000e+03
1.391000000000000000e+03 3.869150000000000091e+03
1.351000000000000000e+03 3.932599999999999909e+03
1.527000000000000000e+03 3.994950000000000273e+03
1.423000000000000000e+03 4.001800000000000182e+03
1.527000000000000000e+03 4.142149999999999636e+03
1.535000000000000000e+03 4.146250000000000000e+03
1.495000000000000000e+03 4.313699999999999818e+03
1.263000000000000000e+03 4.329649999999999636e+03
1.223000000000000000e+03 4.362649999999999636e+03
1.559000000000000000e+03 4.385900000000000546e+03
1.439000000000000000e+03 4.388300000000000182e+03
1.447000000000000000e+03 4.473050000000000182e+03
1.415000000000000000e+03 4.516250000000000000e+03
1.479000000000000000e+03 4.531100000000000364e+03
1.247000000000000000e+03 4.751900000000000546e+03
1.263000000000000000e+03 4.761300000000000182e+03
1.399000000000000000e+03 4.930350000000000364e+03
1.439000000000000000e+03 4.931250000000000000e+03
1.519000000000000000e+03 5.007750000000000000e+03
1.311000000000000000e+03 5.008400000000000546e+03
1.511000000000000000e+03 5.014900000000000546e+03
1.343000000000000000e+03 5.116600000000000364e+03
1.423000000000000000e+03 5.127199999999999818e+03
1.543000000000000000e+03 5.129600000000000364e+03
1.351000000000000000e+03 5.240449999999999818e+03
1.471000000000000000e+03 5.317550000000000182e+03
1.423000000000000000e+03 5.419650000000000546e+03
1.479000000000000000e+03 5.451800000000000182e+03
1.335000000000000000e+03 5.461850000000000364e+03
1.359000000000000000e+03 5.480500000000000000e+03
1.503000000000000000e+03 5.481900000000000546e+03
1.479000000000000000e+03 5.504850000000000364e+03
1.423000000000000000e+03 5.506750000000000000e+03
1.543000000000000000e+03 5.529000000000000000e+03
1.415000000000000000e+03 5.553699999999999818e+03
1.407000000000000000e+03 5.620600000000000364e+03
1.575000000000000000e+03 5.673300000000000182e+03
1.431000000000000000e+03 5.673800000000000182e+03
1.231000000000000000e+03 5.891650000000000546e+03
1.287000000000000000e+03 5.913699999999999818e+03
1.415000000000000000e+03 5.993150000000000546e+03
1.319000000000000000e+03 9.112950000000000728e+03
1.271000000000000000e+03 9.148300000000001091e+03
1.255000000000000000e+03 9.178450000000000728e+03
1.351000000000000000e+03 9.197950000000000728e+03
1.503000000000000000e+03 9.234350000000000364e+03
1.439000000000000000e+03 9.311300000000001091e+03
1.311000000000000000e+03 9.323600000000000364e+03
1.335000000000000000e+03 9.366050000000001091e+03
1.431000000000000000e+03 9.366800000000001091e+03
1.455000000000000000e+03 9.392250000000000000e+03
1.215000000000000000e+03 9.392950000000000728e+03
1.335000000000000000e+03 9.444750000000000000e+03
1.447000000000000000e+03 9.446100000000000364e+03
1.575000000000000000e+03 9.477350000000000364e+03
1.487000000000000000e+03 9.511950000000000728e+03
1.239000000000000000e+03 9.585899999999999636e+03
1.255000000000000000e+03 9.595850000000000364e+03
1.463000000000000000e+03 9.608100000000000364e+03
1.551000000000000000e+03 9.623200000000000728e+03
1.255000000000000000e+03 9.749000000000000000e+03
1.327000000000000000e+03 9.764450000000000728e+03
1.263000000000000000e+03 9.767850000000000364e+03
1.487000000000000000e+03 9.878050000000001091e+03
1.591000000000000000e+03 9.949350000000000364e+03
1.271000000000000000e+03 9.994899999999999636e+03
1.487000000000000000e+03 1.008500000000000000e+04
1.575000000000000000e+03 1.011505000000000109e+04
1.527000000000000000e+03 1.014110000000000036e+04
1.471000000000000000e+03 1.018025000000000000e+04
1.335000000000000000e+03 1.019625000000000000e+04
1.231000000000000000e+03 1.020039999999999964e+04
1.567000000000000000e+03 1.020110000000000036e+04
1.495000000000000000e+03 1.024720000000000073e+04
1.415000000000000000e+03 1.024795000000000073e+04
1.455000000000000000e+03 1.032050000000000000e+04
1.535000000000000000e+03 1.035480000000000109e+04
1.215000000000000000e+03 1.042589999999999964e+04
1.447000000000000000e+03 1.045775000000000000e+04
1.367000000000000000e+03 1.046725000000000000e+04
1.423000000000000000e+03 1.052675000000000000e+04
1.495000000000000000e+03 1.054435000000000036e+04
1.535000000000000000e+03 1.056595000000000073e+04
1.303000000000000000e+03 1.060355000000000109e+04
1.407000000000000000e+03 1.064739999999999964e+04
1.383000000000000000e+03 1.070195000000000073e+04
1.535000000000000000e+03 1.070675000000000000e+04
1.463000000000000000e+03 1.079075000000000000e+04
1.431000000000000000e+03 1.084110000000000036e+04
1.447000000000000000e+03 1.085160000000000036e+04
1.343000000000000000e+03 1.089160000000000036e+04
1.535000000000000000e+03 1.096045000000000073e+04
1.231000000000000000e+03 1.102264999999999964e+04
1.247000000000000000e+03 1.103980000000000109e+04
1.351000000000000000e+03 1.107600000000000000e+04
1.463000000000000000e+03 1.110485000000000036e+04
1.575000000000000000e+03 1.111939999999999964e+04
1.415000000000000000e+03 1.112855000000000109e+04
1.535000000000000000e+03 1.112880000000000109e+04
1.215000000000000000e+03 1.112975000000000000e+04
1.527000000000000000e+03 1.122185000000000036e+04
1.479000000000000000e+03 1.122460000000000036e+04
1.327000000000000000e+03 1.123360000000000036e+04
1.447000000000000000e+03 1.127889999999999964e+04
1.359000000000000000e+03 1.129250000000000000e+04
1.431000000000000000e+03 1.131235000000000036e+04
1.271000000000000000e+03 1.136389999999999964e+04
1.559000000000000000e+03 1.136925000000000000e+04
1.375000000000000000e+03 1.137310000000000036e+04
1.359000000000000000e+03 1.139295000000000073e+04
1.415000000000000000e+03 1.146650000000000000e+04
1.255000000000000000e+03 1.148005000000000109e+04
1.215000000000000000e+03 1.149750000000000000e+04
1.439000000000000000e+03 1.154225000000000000e+04
1.367000000000000000e+03 1.155139999999999964e+04
1.431000000000000000e+03 1.158920000000000073e+04
1.407000000000000000e+03 1.161939999999999964e+04
1.343000000000000000e+03 1.184705000000000109e+04
1.295000000000000000e+03 1.186785000000000036e+04
1.551000000000000000e+03 1.187414999999999964e+04
1.439000000000000000e+03 1.188325000000000000e+04
1.583000000000000000e+03 1.190445000000000073e+04
1.327000000000000000e+03 1.190589999999999964e+04
1.543000000000000000e+03 1.195675000000000000e+04
1.431000000000000000e+03 1.196630000000000109e+04
1.383000000000000000e+03 1.197510000000000036e+04
1.599000000000000000e+03 1.198060000000000036e+04
1.375000000000000000e+03 1.199089999999999964e+04
1.535000000000000000e+03 1.201345000000000073e+04
1.519000000000000000e+03 1.202539999999999964e+04
1.463000000000000000e+03 1.204425000000000000e+04
1.351000000000000000e+03 1.214364999999999964e+04
1.335000000000000000e+03 1.215830000000000109e+04
1.599000000000000000e+03 1.218535000000000036e+04
1.575000000000000000e+03 1.221655000000000109e+04
1.463000000000000000e+03 1.222439999999999964e+04
1.511000000000000000e+03 1.227839999999999964e+04
1.431000000000000000e+03 1.229189999999999964e+04
1.447000000000000000e+03 1.246675000000000000e+04
1.271000000000000000e+03 1.250455000000000109e+04
1.375000000000000000e+03 1.254860000000000036e+04
1.391000000000000000e+03 1.256080000000000109e+04
1.511000000000000000e+03 1.258180000000000109e+04
1.463000000000000000e+03 1.259500000000000000e+04
1.591000000000000000e+03 1.260500000000000000e+04
1.543000000000000000e+03 1.264395000000000073e+04
1.399000000000000000e+03 1.264414999999999964e+04
1.247000000000000000e+03 1.266635000000000036e+04
1.263000000000000000e+03 1.267060000000000036e+04
1.287000000000000000e+03 1.268250000000000000e+04
1.519000000000000000e+03 1.286589999999999964e+04
1.383000000000000000e+03 1.299495000000000073e+04
1.255000000000000000e+03 1.302730000000000109e+04
1.447000000000000000e+03 1.311314999999999964e+04
1.383000000000000000e+03 1.311335000000000036e+04
1.503000000000000000e+03 1.317539999999999964e+04
1.495000000000000000e+03 1.330195000000000073e+04
1.479000000000000000e+03 1.330695000000000073e+04
1.391000000000000000e+03 1.336295000000000073e+04
1.247000000000000000e+03 1.343580000000000109e+04
1.399000000000000000e+03 1.343635000000000036e+04
1.439000000000000000e+03 1.354535000000000036e+04
1.303000000000000000e+03 1.359920000000000073e+04
1.527000000000000000e+03 1.361764999999999964e+04
1.479000000000000000e+03 1.375620000000000073e+04
1.479000000000000000e+03 1.385275000000000000e+04
1.343000000000000000e+03 1.389910000000000036e+04
1.271000000000000000e+03 1.390435000000000036e+04
1.335000000000000000e+03 1.393520000000000073e+04
1.535000000000000000e+03 1.396220000000000073e+04
1.455000000000000000e+03 1.397495000000000073e+04
1.583000000000000000e+03 1.397770000000000073e+04
1.439000000000000000e+03 1.398645000000000073e+04
1.511000000000000000e+03 1.402230000000000109e+04
1.255000000000000000e+03 1.402745000000000073e+04
1.519000000000000000e+03 1.407730000000000109e+04
1.327000000000000000e+03 1.408875000000000000e+04
1.343000000000000000e+03 1.411450000000000000e+04
1.415000000000000000e+03 1.415145000000000073e+04
1.455000000000000000e+03 1.415230000000000109e+04
1.543000000000000000e+03 1.418789999999999964e+04
1.415000000000000000e+03 1.422939999999999964e+04
1.575000000000000000e+03 1.437245000000000073e+04
1.583000000000000000e+03 1.440105000000000109e+04
1.335000000000000000e+03 1.441914999999999964e+04
1.215000000000000000e+03 1.444950000000000000e+04
1.207000000000000000e+03 1.448475000000000000e+04
1.559000000000000000e+03 1.461225000000000000e+04
1.407000000000000000e+03 1.461310000000000036e+04
1.487000000000000000e+03 1.461405000000000109e+04
1.343000000000000000e+03 1.464570000000000073e+04
1.583000000000000000e+03 1.468230000000000109e+04
1.439000000000000000e+03 1.473014999999999964e+04
1.263000000000000000e+03 1.474085000000000036e+04
1.423000000000000000e+03 1.476270000000000073e+04
1.303000000000000000e+03 1.477555000000000109e+04
1.407000000000000000e+03 1.478870000000000073e+04
1.351000000000000000e+03 1.489585000000000036e+04
1.487000000000000000e+03 1.495475000000000000e+04
